3552.21 6.969350032e-16 1e-20
3552.91 7.536385122e-16 1e-20
3553.61 8.103420211e-16 1e-20
3554.31 8.755815045e-16 1e-20
3555.01 9.40820988e-16 1e-20
3555.71 8.703015247e-16 1e-20
3556.41 7.997820084e-16 1e-20
3557.11 8.402097263e-16 1e-20
3557.81 8.806374442e-16 1e-20
3558.51 8.174885969e-16 1e-20
3559.21 7.528385954e-16 1e-20
3559.91 8.839785127e-16 1e-20
3560.61 1.017956043e-15 1e-20
3561.31 9.595906028e-16 1e-20
3562.01 8.984375769e-16 1e-20
3562.71 8.795387366e-16 1e-20
3563.41 8.612522482e-16 1e-20
3564.11 8.831478381e-16 1e-20
3564.81 9.056258161e-16 1e-20
3565.51 9.224150679e-16 1e-20
3566.21 9.390371366e-16 1e-20
3566.91 8.707732161e-16 1e-20
3567.61 8.00012719e-16 1e-20
3568.31 7.403274953e-16 1e-20
3569.01 6.809680087e-16 1e-20
3569.71 7.925206596e-16 1e-20
3570.41 9.091001335e-16 1e-20
3571.11 9.190445121e-16 1e-20
3571.81 9.258524335e-16 1e-20
3572.51 8.672496649e-16 1e-20
3573.21 8.067230199e-16 1e-20
3573.91 8.945942708e-16 1e-20
3574.61 9.891103363e-16 1e-20
3575.31 9.558673636e-16 1e-20
3576.01 9.16903848e-16 1e-20
3576.71 8.528670455e-16 1e-20
3577.41 7.877075537e-16 1e-20
3578.11 8.333684529e-16 1e-20
3578.81 8.8399143e-16 1e-20
3579.51 9.024999469e-16 1e-20
3580.21 9.195705195e-16 1e-20
3580.91 8.999945293e-16 1e-20
3581.61 8.781975658e-16 1e-20
3582.31 8.670694587e-16 1e-20
3583.01 8.565879554e-16 1e-20
3583.71 8.231526003e-16 1e-20
3584.41 7.883260995e-16 1e-20
3585.11 8.203816379e-16 1e-20
3585.81 8.564906524e-16 1e-20
3586.51 9.363284311e-16 1e-20
3587.21 1.018816417e-15 1e-20
3587.91 9.719844948e-16 1e-20
3588.61 9.173149767e-16 1e-20
3589.31 8.538634739e-16 1e-20
3590.01 7.897365153e-16 1e-20
3590.71 8.202351012e-16 1e-20
3591.41 8.580126118e-16 1e-20
3592.11 9.352655106e-16 1e-20
3592.81 1.015555023e-15 1e-20
3593.51 9.831591887e-16 1e-20
3594.21 9.420951373e-16 1e-20
3594.91 9.732053869e-16 1e-20
3595.61 1.009867514e-15 1e-20
3596.31 9.998465848e-16 1e-20
3597.01 9.854490364e-16 1e-20
3597.71 9.370232099e-16 1e-20
3598.41 8.854072455e-16 1e-20
3599.11 9.484467197e-16 1e-20
3599.81 1.022235254e-15 1e-20
3600.51 9.778669268e-16 1e-20
3601.21 9.224214207e-16 1e-20
3601.91 8.541590354e-16 1e-20
3602.61 7.84695081e-16 1e-20
3603.31 7.924710553e-16 1e-20
3604.01 8.074882612e-16 1e-20
3604.71 8.141137e-16 1e-20
3605.41 8.198067143e-16 1e-20
3606.11 8.740470514e-16 1e-20
3606.81 9.33681559e-16 1e-20
3607.51 9.357650483e-16 1e-20
3608.21 9.314540741e-16 1e-20
3608.91 9.230679186e-16 1e-20
3609.61 9.14228918e-16 1e-20
3610.31 9.879820884e-16 1e-20
3611.01 1.070912226e-15 1e-20
3611.71 1.008457204e-15 1e-20
3612.41 9.272426263e-16 1e-20
3613.11 9.043696662e-16 1e-20
3613.81 8.890247115e-16 1e-20
3614.51 9.771528781e-16 1e-20
3615.21 1.078632296e-15 1e-20
3615.91 9.387866266e-16 1e-20
3616.61 7.678020677e-16 1e-20
3617.31 7.634044844e-16 1e-20
3618.01 7.805020033e-16 1e-20
3618.71 8.06998782e-16 1e-20
3619.41 8.347083532e-16 1e-20
3620.11 8.322864742e-16 1e-20
3620.81 8.254189428e-16 1e-20
3621.51 8.417990248e-16 1e-20
3622.21 8.616090078e-16 1e-20
3622.91 9.011799519e-16 1e-20
3623.61 9.436664893e-16 1e-20
3624.31 9.977551546e-16 1e-20
3625.01 1.053555673e-15 1e-20
3625.71 1.041698906e-15 1e-20
3626.41 1.019859856e-15 1e-20
3627.11 9.174815245e-16 1e-20
3627.81 8.016800504e-16 1e-20
3628.51 7.770339857e-16 1e-20
3629.21 7.675805156e-16 1e-20
3629.91 8.291271472e-16 1e-20
3630.61 9.025071467e-16 1e-20
3631.31 8.464564355e-16 1e-20
3632.01 7.688339127e-16 1e-20
3632.71 6.77133067e-16 1e-20
3633.41 5.830858342e-16 1e-20
3634.11 6.550555238e-16 1e-20
3634.81 7.579775443e-16 1e-20
3635.51 8.479085676e-16 1e-20
3636.21 9.35417553e-16 1e-20
3636.91 9.176478606e-16 1e-20
3637.61 8.802498207e-16 1e-20
3638.31 8.185636405e-16 1e-20
3639.01 7.523491163e-16 1e-20
3639.71 8.107814194e-16 1e-20
3640.41 8.924528656e-16 1e-20
3641.11 9.059146543e-16 1e-20
3641.81 9.066593022e-16 1e-20
3642.51 8.521568084e-16 1e-20
3643.21 7.862238167e-16 1e-20
3643.91 8.625117862e-16 1e-20
3644.61 9.682247273e-16 1e-20
3645.31 9.479249474e-16 1e-20
3646.01 9.015533876e-16 1e-20
3646.71 8.868486309e-16 1e-20
3647.41 8.786956741e-16 1e-20
3648.11 9.072745657e-16 1e-20
3648.81 9.434531429e-16 1e-20
3649.51 9.93772088e-16 1e-20
3650.21 1.047316111e-15 1e-20
3650.91 9.621237607e-16 1e-20
3651.61 8.452897534e-16 1e-20
3652.31 9.186468301e-16 1e-20
3653.01 1.035380782e-15 1e-20
3653.71 1.009561523e-15 1e-20
3654.41 9.512299641e-16 1e-20
3655.11 9.25885256e-16 1e-20
3655.81 9.080636828e-16 1e-20
3656.51 8.290462556e-16 1e-20
3657.21 7.360718959e-16 1e-20
3657.91 6.970362237e-16 1e-20
3658.61 6.714852101e-16 1e-20
3659.31 7.193993758e-16 1e-20
3660.01 7.856799157e-16 1e-20
3660.71 7.526784003e-16 1e-20
3661.41 6.948563844e-16 1e-20
3662.11 6.238476007e-16 1e-20
3662.81 5.495421119e-16 1e-20
3663.51 5.840857036e-16 1e-20
3664.21 6.458416053e-16 1e-20
3664.91 6.984730562e-16 1e-20
3665.61 7.486160832e-16 1e-20
3666.31 8.29623085e-16 1e-20
3667.01 9.190475826e-16 1e-20
3667.71 9.215194364e-16 1e-20
3668.41 9.002770148e-16 1e-20
3669.11 8.198151846e-16 1e-20
3669.81 7.232026596e-16 1e-20
3670.51 7.822016807e-16 1e-20
3671.21 8.83640176e-16 1e-20
3671.91 9.896763661e-16 1e-20
3672.61 1.096966535e-15 1e-20
3673.31 1.062921634e-15 1e-20
3674.01 9.869996361e-16 1e-20
3674.71 9.32446585e-16 1e-20
3675.41 8.842250522e-16 1e-20
3676.11 9.199766718e-16 1e-20
3676.81 9.806090901e-16 1e-20
3677.51 9.564727804e-16 1e-20
3678.21 9.072198262e-16 1e-20
3678.91 9.33825237e-16 1e-20
3679.61 9.829070905e-16 1e-20
3680.31 9.634475673e-16 1e-20
3681.01 9.220030923e-16 1e-20
3681.71 9.026050849e-16 1e-20
3682.41 8.90278532e-16 1e-20
3683.11 9.100329285e-16 1e-20
3683.81 9.400775048e-16 1e-20
3684.51 9.282425487e-16 1e-20
3685.21 9.029744971e-16 1e-20
3685.91 8.754241152e-16 1e-20
3686.61 8.471416322e-16 1e-20
3687.31 9.083900023e-16 1e-20
3688.01 9.983559127e-16 1e-20
3688.71 1.053228613e-15 1e-20
3689.41 1.09595359e-15 1e-20
3690.11 1.107452592e-15 1e-20
3690.81 1.108142606e-15 1e-20
3691.51 1.038094781e-15 1e-20
3692.21 9.43560716e-16 1e-20
3692.91 9.136627823e-16 1e-20
3693.61 9.061386946e-16 1e-20
3694.31 9.773417664e-16 1e-20
3695.01 1.075796535e-15 1e-20
3695.71 1.060137543e-15 1e-20
3696.41 1.001965544e-15 1e-20
3697.11 9.114158157e-16 1e-20
3697.81 8.088038092e-16 1e-20
3698.51 7.778060033e-16 1e-20
3699.21 7.734880411e-16 1e-20
3699.91 8.044693299e-16 1e-20
3700.61 8.486013346e-16 1e-20
3701.31 8.530782743e-16 1e-20
3702.01 8.427817418e-16 1e-20
3702.71 8.456020439e-16 1e-20
3703.41 8.533090379e-16 1e-20
3704.11 8.373420962e-16 1e-20
3704.81 8.11905591e-16 1e-20
3705.51 8.031412352e-16 1e-20
3706.21 8.010457286e-16 1e-20
3706.91 8.735302025e-16 1e-20
3707.61 9.758467533e-16 1e-20
3708.31 9.715114269e-16 1e-20
3709.01 9.24515392e-16 1e-20
3709.71 8.454330608e-16 1e-20
3710.41 7.53516063e-16 1e-20
3711.11 7.142674679e-16 1e-20
3711.81 6.975909244e-16 1e-20
3712.51 6.796341435e-16 1e-20
3713.21 6.611286442e-16 1e-20
3713.91 6.539316699e-16 1e-20
3714.61 6.515811535e-16 1e-20
3715.31 6.725385485e-16 1e-20
3716.01 7.034850561e-16 1e-20
3716.71 7.386266531e-16 1e-20
3717.41 7.755661305e-16 1e-20
3718.11 7.069844139e-16 1e-20
3718.81 5.931793435e-16 1e-20
3719.51 6.378531317e-16 1e-20
3720.21 7.551631185e-16 1e-20
3720.91 8.255027462e-16 1e-20
3721.61 8.743142374e-16 1e-20
3722.31 8.718548772e-16 1e-20
3723.01 8.458963879e-16 1e-20
3723.71 7.928645021e-16 1e-20
3724.41 7.274240071e-16 1e-20
3725.11 6.930438927e-16 1e-20
3725.81 6.728997551e-16 1e-20
3726.51 6.695690098e-16 1e-20
3727.21 6.74465972e-16 1e-20
3727.91 6.715659959e-16 1e-20
3728.61 6.648505069e-16 1e-20
3729.31 6.801115525e-16 1e-20
3730.01 7.061270577e-16 1e-20
3730.71 7.390488461e-16 1e-20
3731.41 7.753503489e-16 1e-20
3732.11 7.787783971e-16 1e-20
3732.81 7.661193838e-16 1e-20
3733.51 7.072236477e-16 1e-20
3734.21 6.257014911e-16 1e-20
3734.91 6.311388074e-16 1e-20
3735.61 6.819462788e-16 1e-20
3736.31 7.094525091e-16 1e-20
3737.01 7.248014872e-16 1e-20
3737.71 7.134668629e-16 1e-20
3738.41 6.882103521e-16 1e-20
3739.11 7.305594054e-16 1e-20
3739.81 8.081809224e-16 1e-20
3740.51 8.00373608e-16 1e-20
3741.21 7.479947316e-16 1e-20
3741.91 7.344935558e-16 1e-20
3742.61 7.42591032e-16 1e-20
3743.31 7.688547179e-16 1e-20
3744.01 8.052106955e-16 1e-20
3744.71 8.174261282e-16 1e-20
3745.41 8.162301177e-16 1e-20
3746.11 7.917765412e-16 1e-20
3746.81 7.544020594e-16 1e-20
3747.51 7.388955861e-16 1e-20
3748.21 7.355381063e-16 1e-20
3748.91 7.247868759e-16 1e-20
3749.61 7.099280122e-16 1e-20
3750.31 7.442129942e-16 1e-20
3751.01 8.07537495e-16 1e-20
3751.71 8.26093234e-16 1e-20
3752.41 8.181947047e-16 1e-20
3753.11 8.334493446e-16 1e-20
3753.81 8.623853665e-16 1e-20
3754.51 8.502624192e-16 1e-20
3755.21 8.138774307e-16 1e-20
3755.91 8.647143895e-16 1e-20
3756.61 9.67091609e-16 1e-20
3757.31 1.015155435e-15 1e-20
3758.01 1.029115385e-15 1e-20
3758.71 9.471126428e-16 1e-20
3759.41 8.048541476e-16 1e-20
3760.11 7.420498309e-16 1e-20
3760.81 7.291353313e-16 1e-20
3761.51 7.698700457e-16 1e-20
3762.21 8.442915781e-16 1e-20
3762.91 8.894895208e-16 1e-20
3763.61 9.163377124e-16 1e-20
3764.31 9.329413581e-16 1e-20
3765.01 9.427153772e-16 1e-20
3765.71 9.829624653e-16 1e-20
3766.41 1.043525003e-15 1e-20
3767.11 1.024169877e-15 1e-20
3767.81 9.515363783e-16 1e-20
3768.51 9.302338173e-16 1e-20
3769.21 9.431518109e-16 1e-20
3769.91 9.680652733e-16 1e-20
3770.61 1.000975786e-15 1e-20
3771.31 1.079070212e-15 1e-20
3772.01 1.187287247e-15 1e-20
3772.71 1.188138727e-15 1e-20
3773.41 1.113048727e-15 1e-20
3774.11 1.037368027e-15 1e-20
3774.81 9.61269528e-16 1e-20
3775.51 9.782685263e-16 1e-20
3776.21 1.061117031e-15 1e-20
3776.91 1.08019973e-15 1e-20
3777.61 1.054179725e-15 1e-20
3778.31 9.438796239e-16 1e-20
3779.01 7.739667735e-16 1e-20
3779.71 7.687909787e-16 1e-20
3780.41 8.871680153e-16 1e-20
3781.11 9.50074717e-16 1e-20
3781.81 9.713787603e-16 1e-20
3782.51 9.903606628e-16 1e-20
3783.21 1.007601171e-15 1e-20
3783.91 1.04122425e-15 1e-20
3784.61 1.087134283e-15 1e-20
3785.31 1.085335714e-15 1e-20
3786.01 1.047755721e-15 1e-20
3786.71 1.056912359e-15 1e-20
3787.41 1.101121656e-15 1e-20
3788.11 1.121814247e-15 1e-20
3788.81 1.123814304e-15 1e-20
3789.51 1.136408307e-15 1e-20
3790.21 1.157423406e-15 1e-20
3790.91 1.203958338e-15 1e-20
3791.61 1.270778332e-15 1e-20
3792.31 1.239699952e-15 1e-20
3793.01 1.130804972e-15 1e-20
3793.71 1.065721502e-15 1e-20
3794.41 1.035462626e-15 1e-20
3795.11 1.041772704e-15 1e-20
3795.81 1.078877723e-15 1e-20
3796.51 1.096955524e-15 1e-20
3797.21 1.099010532e-15 1e-20
3797.91 1.076826951e-15 1e-20
3798.61 1.034231993e-15 1e-20
3799.31 1.035185011e-15 1e-20
3800.01 1.072810003e-15 1e-20
3800.71 1.141144386e-15 1e-20
3801.41 1.235339426e-15 1e-20
3802.11 1.251527814e-15 1e-20
3802.81 1.202026361e-15 1e-20
3803.51 1.189190106e-15 1e-20
3804.21 1.209055041e-15 1e-20
3804.91 1.223666041e-15 1e-20
3805.61 1.233591044e-15 1e-20
3806.31 1.259420784e-15 1e-20
3807.01 1.299435785e-15 1e-20
3807.71 1.321571827e-15 1e-20
3808.41 1.327761838e-15 1e-20
3809.11 1.350998493e-15 1e-20
3809.81 1.389438965e-15 1e-20
3810.51 1.428300837e-15 1e-20
3811.21 1.467560814e-15 1e-20
3811.91 1.462671952e-15 1e-20
3812.61 1.416087045e-15 1e-20
3813.31 1.404152034e-15 1e-20
3814.01 1.424942034e-15 1e-20
3814.71 1.425939733e-15 1e-20
3815.41 1.408244685e-15 1e-20
3816.11 1.394165092e-15 1e-20
3816.81 1.3835001e-15 1e-20
3817.51 1.400075793e-15 1e-20
3818.21 1.44237863e-15 1e-20
3818.91 1.456635042e-15 1e-20
3819.61 1.442845028e-15 1e-20
3820.31 1.431102504e-15 1e-20
3821.01 1.421407471e-15 1e-20
3821.71 1.476994961e-15 1e-20
3822.41 1.597864975e-15 1e-20
3823.11 1.630825038e-15 1e-20
3823.81 1.575875046e-15 1e-20
3824.51 1.584487254e-15 1e-20
3825.21 1.656661661e-15 1e-20
3825.91 1.70461876e-15 1e-20
3826.61 1.726933737e-15 1e-20
3827.31 1.741858564e-15 1e-20
3828.01 1.748958606e-15 1e-20
3828.71 1.762108157e-15 1e-20
3829.41 1.781663077e-15 1e-20
3830.11 1.76573187e-15 1e-20
3830.81 1.71222681e-15 1e-20
3831.51 1.665198906e-15 1e-20
3832.21 1.625028898e-15 1e-20
3832.91 1.615713018e-15 1e-20
3833.61 1.639066139e-15 1e-20
3834.31 1.657779003e-15 1e-20
3835.01 1.671288967e-15 1e-20
3835.71 1.725784949e-15 1e-20
3836.41 1.82623501e-15 1e-20
3837.11 1.841170318e-15 1e-20
3837.81 1.760225203e-15 1e-20
3838.51 1.732629399e-15 1e-20
3839.21 1.764849473e-15 1e-20
3839.91 1.822282754e-15 1e-20
3840.61 1.907985548e-15 1e-20
3841.31 1.980546625e-15 1e-20
3842.01 2.037501544e-15 1e-20
3842.71 2.053693214e-15 1e-20
3843.41 2.021478222e-15 1e-20
3844.11 2.034147717e-15 1e-20
3844.81 2.100117819e-15 1e-20
3845.51 2.09992999e-15 1e-20
3846.21 2.021180066e-15 1e-20
3846.91 1.983881394e-15 1e-20
3847.61 1.995806347e-15 1e-20
3848.31 2.021253123e-15 1e-20
3849.01 2.062756678e-15 1e-20
3849.71 2.080441667e-15 1e-20
3850.41 2.068161807e-15 1e-20
3851.11 2.027711537e-15 1e-20
3851.81 1.95182162e-15 1e-20
3852.51 1.945314078e-15 1e-20
3853.21 2.026093916e-15 1e-20
3853.91 2.087868876e-15 1e-20
3854.61 2.12573379e-15 1e-20
3855.31 2.11747903e-15 1e-20
3856.01 2.051202302e-15 1e-20
3856.71 2.031989901e-15 1e-20
3857.41 2.075529935e-15 1e-20
3858.11 2.110800811e-15 1e-20
3858.81 2.135045646e-15 1e-20
3859.51 2.138352887e-15 1e-20
3860.21 2.113742768e-15 1e-20
3860.91 2.092389914e-15 1e-20
3861.61 2.07538001e-15 1e-20
3862.31 2.080503501e-15 1e-20
3863.01 2.115138466e-15 1e-20
3863.71 2.15092582e-15 1e-20
3864.41 2.188249056e-15 1e-20
3865.11 2.196556544e-15 1e-20
3865.81 2.16384159e-15 1e-20
3866.51 2.176807759e-15 1e-20
3867.21 2.25435786e-15 1e-20
3867.91 2.295651564e-15 1e-20
3868.61 2.285686644e-15 1e-20
3869.31 2.253706492e-15 1e-20
3870.01 2.190601479e-15 1e-20
3870.71 2.196543627e-15 1e-20
3871.41 2.30010378e-15 1e-20
3872.11 2.368050011e-15 1e-20
3872.81 2.382574932e-15 1e-20
3873.51 2.373922067e-15 1e-20
3874.21 2.330502099e-15 1e-20
3874.91 2.312704031e-15 1e-20
3875.61 2.333339024e-15 1e-20
3876.31 2.355651989e-15 1e-20
3877.01 2.380481913e-15 1e-20
3877.71 2.394574e-15 1e-20
3878.41 2.392558909e-15 1e-20
3879.11 2.401616656e-15 1e-20
3879.81 2.427283236e-15 1e-20
3880.51 2.44235767e-15 1e-20
3881.21 2.440562595e-15 1e-20
3881.91 2.406055108e-15 1e-20
3882.61 2.319450225e-15 1e-20
3883.31 2.28438052e-15 1e-20
3884.01 2.331385554e-15 1e-20
3884.71 2.375451385e-15 1e-20
3885.41 2.414836299e-15 1e-20
3886.11 2.449596414e-15 1e-20
3886.81 2.47699073e-15 1e-20
3887.51 2.538883639e-15 1e-20
3888.21 2.659158506e-15 1e-20
3888.91 2.739540238e-15 1e-20
3889.61 2.752410269e-15 1e-20
3890.31 2.746409887e-15 1e-20
3891.01 2.708474881e-15 1e-20
3891.71 2.681198091e-15 1e-20
3892.41 2.671958021e-15 1e-20
3893.11 2.659482919e-15 1e-20
3893.81 2.641532809e-15 1e-20
3894.51 2.618699342e-15 1e-20
3895.21 2.587601586e-15 1e-20
3895.91 2.552317158e-15 1e-20
3896.61 2.509497101e-15 1e-20
3897.31 2.485200385e-15 1e-20
3898.01 2.494245426e-15 1e-20
3898.71 2.525751028e-15 1e-20
3899.41 2.597686148e-15 1e-20
3900.11 2.657969271e-15 1e-20
3900.81 2.697279224e-15 1e-20
3901.51 2.683500327e-15 1e-20
3902.21 2.574161291e-15 1e-20
3902.91 2.494453373e-15 1e-20
3903.61 2.471538379e-15 1e-20
3904.31 2.489654931e-15 1e-20
3905.01 2.586414893e-15 1e-20
3905.71 2.656269065e-15 1e-20
3906.41 2.674554177e-15 1e-20
3907.11 2.654224962e-15 1e-20
3907.81 2.559884762e-15 1e-20
3908.51 2.501881428e-15 1e-20
3909.21 2.513523261e-15 1e-20
3909.91 2.557637372e-15 1e-20
3910.61 2.668107197e-15 1e-20
3911.31 2.736441368e-15 1e-20
3912.01 2.718671252e-15 1e-20
3912.71 2.678905173e-15 1e-20
3913.41 2.59419002e-15 1e-20
3914.11 2.550784664e-15 1e-20
3914.81 2.591794611e-15 1e-20
3915.51 2.606114761e-15 1e-20
3916.21 2.565894884e-15 1e-20
3916.91 2.541183545e-15 1e-20
3917.61 2.54816352e-15 1e-20
3918.31 2.579962831e-15 1e-20
3919.01 2.665912958e-15 1e-20
3919.71 2.682316175e-15 1e-20
3920.41 2.546981062e-15 1e-20
3921.11 2.457315001e-15 1e-20
3921.81 2.467290085e-15 1e-20
3922.51 2.494542946e-15 1e-20
3923.21 2.559492797e-15 1e-20
3923.91 2.605237659e-15 1e-20
3924.61 2.609080224e-15 1e-20
3925.31 2.642017523e-15 1e-20
3926.01 2.742842396e-15 1e-20
3926.71 2.765295546e-15 1e-20
3927.41 2.604880423e-15 1e-20
3928.11 2.486750455e-15 1e-20
3928.81 2.467285426e-15 1e-20
3929.51 2.490027414e-15 1e-20
3930.21 2.61125244e-15 1e-20
3930.91 2.654315595e-15 1e-20
3931.61 2.515000486e-15 1e-20
3932.31 2.421380687e-15 1e-20
3933.01 2.434382855e-15 1e-20
3933.71 2.454257212e-15 1e-20
3934.41 2.491312151e-15 1e-20
3935.11 2.521941498e-15 1e-20
3935.81 2.536506441e-15 1e-20
3936.51 2.546235673e-15 1e-20
3937.21 2.543875628e-15 1e-20
3937.91 2.527099928e-15 1e-20
3938.61 2.474285095e-15 1e-20
3939.31 2.468981186e-15 1e-20
3940.01 2.582455649e-15 1e-20
3940.71 2.658760824e-15 1e-20
3941.41 2.635295894e-15 1e-20
3942.11 2.611285262e-15 1e-20
3942.81 2.585810323e-15 1e-20
3943.51 2.566827891e-15 1e-20
3944.21 2.56527295e-15 1e-20
3944.91 2.561699954e-15 1e-20
3945.61 2.552709758e-15 1e-20
3946.31 2.551424385e-15 1e-20
3947.01 2.570819322e-15 1e-20
3947.71 2.596647898e-15 1e-20
3948.41 2.639744934e-15 1e-20
3949.11 2.656974219e-15 1e-20
3949.81 2.599474235e-15 1e-20
3950.51 2.553269223e-15 1e-20
3951.21 2.539694249e-15 1e-20
3951.91 2.54175741e-15 1e-20
3952.61 2.588997496e-15 1e-20
3953.31 2.623501171e-15 1e-20
3954.01 2.621211218e-15 1e-20
3954.71 2.605925661e-15 1e-20
3955.41 2.553098122e-15 1e-20
3956.11 2.534952347e-15 1e-20
3956.81 2.624932234e-15 1e-20
3957.51 2.670487571e-15 1e-20
3958.21 2.577542646e-15 1e-20
3958.91 2.5045265e-15 1e-20
3959.61 2.493641492e-15 1e-20
3960.31 2.46529744e-15 1e-20
3961.01 2.382522416e-15 1e-20
3961.71 2.30857898e-15 1e-20
3962.41 2.262168986e-15 1e-20
3963.11 2.238546508e-15 1e-20
3963.81 2.285967859e-15 1e-20
3964.51 2.311714485e-15 1e-20
3965.21 2.26430965e-15 1e-20
3965.91 2.197622323e-15 1e-20
3966.61 2.065857242e-15 1e-20
3967.31 1.965829428e-15 1e-20
3968.01 1.972914435e-15 1e-20
3968.71 2.003078337e-15 1e-20
3969.41 2.111133271e-15 1e-20
3970.11 2.19377277e-15 1e-20
3970.81 2.190635148e-15 1e-20
3971.51 2.194628485e-15 1e-20
3972.21 2.22476867e-15 1e-20
3972.91 2.251622579e-15 1e-20
3973.61 2.266427445e-15 1e-20
3974.31 2.286517796e-15 1e-20
3975.01 2.325987837e-15 1e-20
3975.71 2.357831405e-15 1e-20
3976.41 2.361711451e-15 1e-20
3977.11 2.361096717e-15 1e-20
3977.81 2.344001686e-15 1e-20
3978.51 2.34154762e-15 1e-20
3979.21 2.392776808e-15 1e-20
3979.91 2.426952047e-15 1e-20
3980.61 2.39291191e-15 1e-20
3981.31 2.355826902e-15 1e-20
3982.01 2.306561983e-15 1e-20
3982.71 2.267668983e-15 1e-20
3983.41 2.27026408e-15 1e-20
3984.11 2.275984094e-15 1e-20
3984.81 2.294203984e-15 1e-20
3985.51 2.3210166e-15 1e-20
3986.21 2.382199484e-15 1e-20
3986.91 2.414975212e-15 1e-20
3987.61 2.323195169e-15 1e-20
3988.31 2.240290337e-15 1e-20
3989.01 2.196300528e-15 1e-20
3989.71 2.165664193e-15 1e-20
3990.41 2.193579223e-15 1e-20
3991.11 2.229279332e-15 1e-20
3991.81 2.299114446e-15 1e-20
3992.51 2.356114681e-15 1e-20
3993.21 2.356839741e-15 1e-20
3993.91 2.342380465e-15 1e-20
3994.61 2.261344188e-15 1e-20
3995.31 2.199360011e-15 1e-20
3996.01 2.229459962e-15 1e-20
3996.71 2.239317732e-15 1e-20
3997.41 2.15133769e-15 1e-20
3998.11 2.073046011e-15 1e-20
3998.81 2.041581066e-15 1e-20
3999.51 2.018802233e-15 1e-20
4000.21 2.038007223e-15 1e-20
4000.91 2.053194947e-15 1e-20
4001.61 2.048965076e-15 1e-20
4002.31 2.038720636e-15 1e-20
4003.01 1.996215676e-15 1e-20
4003.71 1.96220815e-15 1e-20
4004.41 1.973778197e-15 1e-20
4005.11 1.989088105e-15 1e-20
4005.81 2.024458084e-15 1e-20
4006.51 2.049523483e-15 1e-20
4007.21 2.019318499e-15 1e-20
4007.91 1.987807603e-15 1e-20
4008.61 1.949292592e-15 1e-20
4009.31 1.925533953e-15 1e-20
4010.01 1.980923343e-15 1e-20
4010.71 2.033281414e-15 1e-20
4011.41 2.067451358e-15 1e-20
4012.11 2.091823673e-15 1e-20
4012.81 2.057408512e-15 1e-20
4013.51 2.032438616e-15 1e-20
4014.21 2.064138613e-15 1e-20
4014.91 2.097614202e-15 1e-20
4015.61 2.141744195e-15 1e-20
4016.31 2.178040192e-15 1e-20
4017.01 2.16733179e-15 1e-20
4017.71 2.155343097e-15 1e-20
4018.41 2.134678034e-15 1e-20
4019.11 2.116337653e-15 1e-20
4019.81 2.11375272e-15 1e-20
4020.51 2.117806408e-15 1e-20
4021.21 2.166856392e-15 1e-20
4021.91 2.213209e-15 1e-20
4022.61 2.241279036e-15 1e-20
4023.31 2.267937916e-15 1e-20
4024.01 2.285032947e-15 1e-20
4024.71 2.296806069e-15 1e-20
4025.41 2.272509776e-15 1e-20
4026.11 2.250999163e-15 1e-20
4026.81 2.251079208e-15 1e-20
4027.51 2.249009906e-15 1e-20
4028.21 2.230284972e-15 1e-20
4028.91 2.216452501e-15 1e-20
4029.61 2.240537671e-15 1e-20
4030.31 2.25907181e-15 1e-20
4031.01 2.234586629e-15 1e-20
4031.71 2.212377425e-15 1e-20
4032.41 2.207805141e-15 1e-20
4033.11 2.202769954e-15 1e-20
4033.81 2.193569906e-15 1e-20
4034.51 2.188216022e-15 1e-20
4035.21 2.217475928e-15 1e-20
4035.91 2.242576479e-15 1e-20
4036.61 2.230241562e-15 1e-20
4037.31 2.21760256e-15 1e-20
4038.01 2.202227429e-15 1e-20
4038.71 2.19498191e-15 1e-20
4039.41 2.260902037e-15 1e-20
4040.11 2.32292666e-15 1e-20
4040.81 2.349894071e-15 1e-20
4041.51 2.372207884e-15 1e-20
4042.21 2.344882812e-15 1e-20
4042.91 2.324736346e-15 1e-20
4043.61 2.381161445e-15 1e-20
4044.31 2.43032472e-15 1e-20
4045.01 2.402029796e-15 1e-20
4045.71 2.374440239e-15 1e-20
4046.41 2.354375087e-15 1e-20
4047.11 2.337242787e-15 1e-20
4047.81 2.351391625e-15 1e-20
4048.51 2.364983963e-15 1e-20
4049.21 2.371338828e-15 1e-20
4049.91 2.380971498e-15 1e-20
4050.61 2.433211408e-15 1e-20
4051.31 2.481796159e-15 1e-20
4052.01 2.482861091e-15 1e-20
4052.71 2.487770283e-15 1e-20
4053.41 2.542655265e-15 1e-20
4054.11 2.585409465e-15 1e-20
4054.81 2.470460529e-15 1e-20
4055.51 2.360777174e-15 1e-20
4056.21 2.337977165e-15 1e-20
4056.91 2.322571118e-15 1e-20
4057.61 2.429166191e-15 1e-20
4058.31 2.526036055e-15 1e-20
4059.01 2.462441033e-15 1e-20
4059.71 2.404859521e-15 1e-20
4060.41 2.446499449e-15 1e-20
4061.11 2.486041065e-15 1e-20
4061.81 2.490961056e-15 1e-20
4062.51 2.494094231e-15 1e-20
4063.21 2.4677424e-15 1e-20
4063.91 2.441395864e-15 1e-20
4064.61 2.415165795e-15 1e-20
4065.31 2.394022582e-15 1e-20
4066.01 2.486482581e-15 1e-20
4066.71 2.57668926e-15 1e-20
4067.41 2.616574348e-15 1e-20
4068.11 2.652550166e-15 1e-20
4068.81 2.601220182e-15 1e-20
4069.51 2.553126498e-15 1e-20
4070.21 2.577313735e-15 1e-20
4070.91 2.599563385e-15 1e-20
4071.61 2.555933353e-15 1e-20
4072.31 2.512930761e-15 1e-20
4073.01 2.491260905e-15 1e-20
4073.71 2.472595052e-15 1e-20
4074.41 2.556069937e-15 1e-20
4075.11 2.637698926e-15 1e-20
4075.81 2.656564044e-15 1e-20
4076.51 2.671635513e-15 1e-20
4077.21 2.557725463e-15 1e-20
4077.91 2.449813466e-15 1e-20
4078.61 2.545837568e-15 1e-20
4079.31 2.640094123e-15 1e-20
4080.01 2.612378994e-15 1e-20
4080.71 2.584963713e-15 1e-20
4081.41 2.578223661e-15 1e-20
4082.11 2.571249615e-15 1e-20
4082.81 2.548129639e-15 1e-20
4083.51 2.525549011e-15 1e-20
4084.21 2.540184046e-15 1e-20
4084.91 2.555123378e-15 1e-20
4085.61 2.591066798e-15 1e-20
4086.31 2.627010005e-15 1e-20
4087.01 2.614624901e-15 1e-20
4087.71 2.602240009e-15 1e-20
4088.41 2.602594916e-15 1e-20
4089.11 2.602950035e-15 1e-20
4089.81 2.577950069e-15 1e-20
4090.51 2.552950103e-15 1e-20
4091.21 2.551804915e-15 1e-20
4091.91 2.550659938e-15 1e-20
4092.61 2.564025059e-15 1e-20
4093.31 2.577389968e-15 1e-20
4094.01 2.62595312e-15 1e-20
4094.71 2.674516272e-15 1e-20
4095.41 2.673889044e-15 1e-20
4096.11 2.672549038e-15 1e-20
4096.81 2.590365878e-15 1e-20
4097.51 2.507010848e-15 1e-20
4098.21 2.517544973e-15 1e-20
4098.91 2.529440069e-15 1e-20
4099.61 2.563429807e-15 1e-20
4100.31 2.597739935e-15 1e-20
4101.01 2.556908288e-15 1e-20
4101.71 2.514987781e-15 1e-20
4102.41 2.584087458e-15 1e-20
4103.11 2.656452447e-15 1e-20
4103.81 2.616257981e-15 1e-20
4104.51 2.572753098e-15 1e-20
4105.21 2.56535596e-15 1e-20
4105.91 2.559021e-15 1e-20
4106.61 2.543642058e-15 1e-20
4107.31 2.527996936e-15 1e-20
4108.01 2.504779763e-15 1e-20
4108.71 2.481339609e-15 1e-20
4109.41 2.572320476e-15 1e-20
4110.11 2.666666606e-15 1e-20
4110.81 2.572899635e-15 1e-20
4111.51 2.470709557e-15 1e-20
4112.21 2.487540313e-15 1e-20
4112.91 2.509700389e-15 1e-20
4113.61 2.587422438e-15 1e-20
4114.31 2.667632435e-15 1e-20
4115.01 2.610032924e-15 1e-20
4115.71 2.54626299e-15 1e-20
4116.41 2.557861412e-15 1e-20
4117.11 2.572834413e-15 1e-20
4117.81 2.563474064e-15 1e-20
4118.51 2.552639242e-15 1e-20
4119.21 2.490460883e-15 1e-20
4119.91 2.425170948e-15 1e-20
4120.61 2.431915236e-15 1e-20
4121.31 2.443025132e-15 1e-20
4122.01 2.447568193e-15 1e-20
4122.71 2.451713149e-15 1e-20
4123.41 2.41876145e-15 1e-20
4124.11 2.383561513e-15 1e-20
4124.81 2.405342754e-15 1e-20
4125.51 2.430577559e-15 1e-20
4126.21 2.474416385e-15 1e-20
4126.91 2.519686484e-15 1e-20
4127.61 2.548915262e-15 1e-20
4128.31 2.576910336e-15 1e-20
4129.01 2.545272597e-15 1e-20
4129.71 2.509047539e-15 1e-20
4130.41 2.493631751e-15 1e-20
4131.11 2.479816855e-15 1e-20
4131.81 2.465682416e-15 1e-20
4132.51 2.451523625e-15 1e-20
4133.21 2.474497488e-15 1e-20
4133.91 2.500952445e-15 1e-20
4134.61 2.457587958e-15 1e-20
4135.31 2.407678024e-15 1e-20
4136.01 2.421201116e-15 1e-20
4136.71 2.440671227e-15 1e-20
4137.41 2.424781101e-15 1e-20
4138.11 2.405576111e-15 1e-20
4138.81 2.373077363e-15 1e-20
4139.51 2.339332417e-15 1e-20
4140.21 2.380300436e-15 1e-20
4140.91 2.428272783e-15 1e-20
4141.61 2.445651993e-15 1e-20
4142.31 2.45963206e-15 1e-20
4143.01 2.43001153e-15 1e-20
4143.71 2.395546394e-15 1e-20
4144.41 2.368110573e-15 1e-20
4145.11 2.341455505e-15 1e-20
4145.81 2.327630022e-15 1e-20
4146.51 2.315230095e-15 1e-20
4147.21 2.326960866e-15 1e-20
4147.91 2.34137292e-15 1e-20
4148.61 2.388186948e-15 1e-20
4149.31 2.439181932e-15 1e-20
4150.01 2.418190549e-15 1e-20
4150.71 2.387910604e-15 1e-20
4151.41 2.391176975e-15 1e-20
4152.11 2.398771896e-15 1e-20
4152.81 2.464394503e-15 1e-20
4153.51 2.537504669e-15 1e-20
4154.21 2.475516469e-15 1e-20
4154.91 2.396096542e-15 1e-20
4155.61 2.404520708e-15 1e-20
4156.31 2.424279658e-15 1e-20
4157.01 2.447573064e-15 1e-20
4157.71 2.47138803e-15 1e-20
4158.41 2.420033693e-15 1e-20
4159.11 2.35758873e-15 1e-20
4159.81 2.377193096e-15 1e-20
4160.51 2.408903045e-15 1e-20
4161.21 2.459727775e-15 1e-20
4161.91 2.513372701e-15 1e-20
4162.61 2.524077079e-15 1e-20
4163.31 2.528445864e-15 1e-20
4164.01 2.477242934e-15 1e-20
4164.71 2.41677791e-15 1e-20
4165.41 2.403879928e-15 1e-20
4166.11 2.398909962e-15 1e-20
4166.81 2.411164199e-15 1e-20
4167.51 2.426289243e-15 1e-20
4168.21 2.493185788e-15 1e-20
4168.91 2.568710634e-15 1e-20
4169.61 2.544180771e-15 1e-20
4170.31 2.502975159e-15 1e-20
4171.01 2.483848732e-15 1e-20
4171.71 2.468838673e-15 1e-20
4172.41 2.469438372e-15 1e-20
4173.11 2.472948477e-15 1e-20
4173.81 2.430008565e-15 1e-20
4174.51 2.378408588e-15 1e-20
4175.21 2.362246564e-15 1e-20
4175.91 2.352691397e-15 1e-20
4176.61 2.382666411e-15 1e-20
4177.31 2.420011459e-15 1e-20
4178.01 2.425403035e-15 1e-20
4178.71 2.424837005e-15 1e-20
4179.41 2.394998364e-15 1e-20
4180.11 2.359103437e-15 1e-20
4180.81 2.39068739e-15 1e-20
4181.51 2.436232351e-15 1e-20
4182.21 2.425782506e-15 1e-20
4182.91 2.403747367e-15 1e-20
4183.61 2.406523941e-15 1e-20
4184.31 2.414433958e-15 1e-20
4185.01 2.419680057e-15 1e-20
4185.71 2.424375161e-15 1e-20
4186.41 2.450860398e-15 1e-20
4187.11 2.481853969e-15 1e-20
4187.81 2.446692149e-15 1e-20
4188.51 2.396442132e-15 1e-20
4189.21 2.405003941e-15 1e-20
4189.91 2.42697894e-15 1e-20
4190.61 2.449906639e-15 1e-20
4191.31 2.473051603e-15 1e-20
4192.01 2.415171089e-15 1e-20
4192.71 2.338811069e-15 1e-20
4193.41 2.29585104e-15 1e-20
4194.11 2.26050859e-15 1e-20
4194.81 2.283599979e-15 1e-20
4195.51 2.321299933e-15 1e-20
4196.21 2.32812003e-15 1e-20
4196.91 2.327220058e-15 1e-20
4197.61 2.317567906e-15 1e-20
4198.31 2.305728079e-15 1e-20
4199.01 2.296323896e-15 1e-20
4199.71 2.287528941e-15 1e-20
4200.41 2.28053139e-15 1e-20
4201.11 2.27398319e-15 1e-20
4201.81 2.237124551e-15 1e-20
4202.51 2.191999718e-15 1e-20
4203.21 2.172131502e-15 1e-20
4203.91 2.159151357e-15 1e-20
4204.61 2.225972516e-15 1e-20
4205.31 2.314557551e-15 1e-20
4206.01 2.317102885e-15 1e-20
4206.71 2.296182865e-15 1e-20
4207.41 2.246753199e-15 1e-20
4208.11 2.189548193e-15 1e-20
4208.81 2.170182902e-15 1e-20
4209.51 2.161137438e-15 1e-20
4210.21 2.191982989e-15 1e-20
4210.91 2.234648039e-15 1e-20
4211.61 2.2318721e-15 1e-20
4212.31 2.215631937e-15 1e-20
4213.01 2.203931871e-15 1e-20
4213.71 2.193576894e-15 1e-20
4214.41 2.193080744e-15 1e-20
4215.11 2.195505799e-15 1e-20
4215.81 2.197434917e-15 1e-20
4216.51 2.199217074e-15 1e-20
4217.21 2.220410897e-15 1e-20
4217.91 2.247830836e-15 1e-20
4218.61 2.258677093e-15 1e-20
4219.31 2.264206948e-15 1e-20
4220.01 2.251701777e-15 1e-20
4220.71 2.233411794e-15 1e-20
4221.41 2.183310431e-15 1e-20
4222.11 2.123005497e-15 1e-20
4222.81 2.097407949e-15 1e-20
4223.51 2.082942956e-15 1e-20
4224.21 2.127990709e-15 1e-20
4224.91 2.19212762e-15 1e-20
4225.61 2.202777365e-15 1e-20
4226.31 2.194912453e-15 1e-20
4227.01 2.162637109e-15 1e-20
4227.71 2.121912189e-15 1e-20
4228.41 2.138309053e-15 1e-20
4229.11 2.174479054e-15 1e-20
4229.81 2.189462855e-15 1e-20
4230.51 2.197112833e-15 1e-20
4231.21 2.194222968e-15 1e-20
4231.91 2.187684721e-15 1e-20
4232.61 2.181636905e-15 1e-20
4233.31 2.175771838e-15 1e-20
4234.01 2.153277184e-15 1e-20
4234.71 2.124587331e-15 1e-20
4235.41 2.083322215e-15 1e-20
4236.11 2.03737216e-15 1e-20
4236.81 2.049726135e-15 1e-20
4237.51 2.083801e-15 1e-20
4238.21 2.072260176e-15 1e-20
4238.91 2.043725119e-15 1e-20
4239.61 2.025432807e-15 1e-20
4240.31 2.010956167e-15 1e-20
4241.01 1.965905661e-15 1e-20
4241.71 1.908625693e-15 1e-20
4242.41 1.892759919e-15 1e-20
4243.11 1.893459991e-15 1e-20
4243.81 1.925502824e-15 1e-20
4244.51 1.970082804e-15 1e-20
4245.21 1.984923668e-15 1e-20
4245.91 1.98786859e-15 1e-20
4246.61 1.994773814e-15 1e-20
4247.31 2.003263202e-15 1e-20
4248.01 2.044646055e-15 1e-20
4248.71 2.100126078e-15 1e-20
4249.41 2.052695409e-15 1e-20
4250.11 1.961160582e-15 1e-20
4250.81 1.902231441e-15 1e-20
4251.51 1.857276438e-15 1e-20
4252.21 1.870683911e-15 1e-20
4252.91 1.909104055e-15 1e-20
4253.61 1.909622439e-15 1e-20
4254.31 1.893897484e-15 1e-20
4255.01 1.884026374e-15 1e-20
4255.71 1.876663963e-15 1e-20
4256.41 1.886284775e-15 1e-20
4257.11 1.90368982e-15 1e-20
4257.81 1.91112804e-15 1e-20
4258.51 1.913997999e-15 1e-20
4259.21 1.875732015e-15 1e-20
4259.91 1.818611925e-15 1e-20
4260.61 1.802689611e-15 1e-20
4261.31 1.80564978e-15 1e-20
4262.01 1.853943363e-15 1e-20
4262.71 1.923015089e-15 1e-20
4263.41 1.916220825e-15 1e-20
4264.11 1.872300897e-15 1e-20
4264.81 1.830264134e-15 1e-20
4265.51 1.789149154e-15 1e-20
4266.21 1.801832414e-15 1e-20
4266.91 1.840842516e-15 1e-20
4267.61 1.868287019e-15 1e-20
4268.31 1.890072071e-15 1e-20
4269.01 1.862678391e-15 1e-20
4269.71 1.811218386e-15 1e-20
4270.41 1.817566686e-15 1e-20
4271.11 1.852204193e-15 1e-20
4271.81 1.848380898e-15 1e-20
4272.51 1.824490757e-15 1e-20
4273.21 1.797111476e-15 1e-20
4273.91 1.767911392e-15 1e-20
4274.61 1.725348409e-15 1e-20
4275.31 1.675813393e-15 1e-20
4276.01 1.679411695e-15 1e-20
4276.71 1.710731691e-15 1e-20
4277.41 1.716504644e-15 1e-20
4278.11 1.708948581e-15 1e-20
4278.81 1.691001435e-15 1e-20
4279.51 1.667281442e-15 1e-20
4280.21 1.635255762e-15 1e-20
4280.91 1.598615763e-15 1e-20
4281.61 1.63037897e-15 1e-20
4282.31 1.700143885e-15 1e-20
4283.01 1.728676084e-15 1e-20
4283.71 1.734301124e-15 1e-20
4284.41 1.702534318e-15 1e-20
4285.11 1.649994241e-15 1e-20
4285.81 1.645349112e-15 1e-20
4286.51 1.667312253e-15 1e-20
4287.21 1.66212227e-15 1e-20
4287.91 1.64088726e-15 1e-20
4288.61 1.623612235e-15 1e-20
4289.31 1.608677244e-15 1e-20
4290.01 1.628759972e-15 1e-20
4290.71 1.669534973e-15 1e-20
4291.41 1.681571735e-15 1e-20
4292.11 1.676626757e-15 1e-20
4292.81 1.674315627e-15 1e-20
4293.51 1.673561027e-15 1e-20
4294.21 1.676123407e-15 1e-20
4294.91 1.680768324e-15 1e-20
4295.61 1.646261896e-15 1e-20
4296.31 1.587171819e-15 1e-20
4297.01 1.546774594e-15 1e-20
4297.71 1.518114599e-15 1e-20
4298.41 1.530252369e-15 1e-20
4299.11 1.568007381e-15 1e-20
4299.81 1.583780193e-15 1e-20
4300.51 1.58575018e-15 1e-20
4301.21 1.557806775e-15 1e-20
4301.91 1.51108052e-15 1e-20
4302.61 1.495794963e-15 1e-20
4303.31 1.501469978e-15 1e-20
4304.01 1.515745977e-15 1e-20
4304.71 1.535755966e-15 1e-20
4305.41 1.531435992e-15 1e-20
4306.11 1.510895973e-15 1e-20
4306.81 1.501449967e-15 1e-20
4307.51 1.499400041e-15 1e-20
4308.21 1.492762585e-15 1e-20
4308.91 1.483066811e-15 1e-20
4309.61 1.467066253e-15 1e-20
4310.31 1.446606278e-15 1e-20
4311.01 1.42709805e-15 1e-20
4311.71 1.408263108e-15 1e-20
4312.41 1.400887569e-15 1e-20
4313.11 1.401617605e-15 1e-20
4313.81 1.400033971e-15 1e-20
4314.51 1.396813975e-15 1e-20
4315.21 1.42907386e-15 1e-20
4315.91 1.486429108e-15 1e-20
4316.61 1.484161389e-15 1e-20
4317.31 1.437176472e-15 1e-20
4318.01 1.408551417e-15 1e-20
4318.71 1.393696471e-15 1e-20
4319.41 1.383535675e-15 1e-20
4320.11 1.376895678e-15 1e-20
4320.81 1.386638569e-15 1e-20
4321.51 1.408668519e-15 1e-20
4322.21 1.412027111e-15 1e-20
4322.91 1.40138213e-15 1e-20
4323.61 1.410896639e-15 1e-20
4324.31 1.435530687e-15 1e-20
4325.01 1.46419894e-15 1e-20
4325.71 1.496073955e-15 1e-20
4326.41 1.508150845e-15 1e-20
4327.11 1.504490815e-15 1e-20
4327.81 1.482252918e-15 1e-20
4328.51 1.445247955e-15 1e-20
4329.21 1.434228056e-15 1e-20
4329.91 1.443863056e-15 1e-20
4330.61 1.46972763e-15 1e-20
4331.31 1.508492622e-15 1e-20
4332.01 1.521771029e-15 1e-20
4332.71 1.514790948e-15 1e-20
4333.41 1.534266988e-15 1e-20
4334.11 1.576022007e-15 1e-20
4334.81 1.601075971e-15 1e-20
4335.51 1.612066011e-15 1e-20
4336.21 1.605676418e-15 1e-20
4336.91 1.584651472e-15 1e-20
4337.61 1.552584711e-15 1e-20
4338.31 1.511219751e-15 1e-20
4339.01 1.504526602e-15 1e-20
4339.71 1.527030891e-15 1e-20
4340.41 1.530398589e-15 1e-20
4341.11 1.516698572e-15 1e-20
4341.81 1.503709533e-15 1e-20
4342.51 1.491354499e-15 1e-20
4343.21 1.527754893e-15 1e-20
4343.91 1.607639947e-15 1e-20
4344.61 1.624307755e-15 1e-20
4345.31 1.584592815e-15 1e-20
4346.01 1.570651182e-15 1e-20
4346.71 1.579696541e-15 1e-20
4347.41 1.589531123e-15 1e-20
4348.11 1.600111094e-15 1e-20
4348.81 1.595990279e-15 1e-20
4349.51 1.577985323e-15 1e-20
4350.21 1.569093383e-15 1e-20
4350.91 1.568808462e-15 1e-20
4351.61 1.585690252e-15 1e-20
4352.31 1.618785312e-15 1e-20
4353.01 1.636711388e-15 1e-20
4353.71 1.640311384e-15 1e-20
4354.41 1.643494851e-15 1e-20
4355.11 1.646284978e-15 1e-20
4355.81 1.65335495e-15 1e-20
4356.51 1.66470498e-15 1e-20
4357.21 1.664232547e-15 1e-20
4357.91 1.651937546e-15 1e-20
4358.61 1.640995045e-15 1e-20
4359.31 1.631405044e-15 1e-20
4360.01 1.630709948e-15 1e-20
4360.71 1.638909968e-15 1e-20
4361.41 1.64494116e-15 1e-20
4362.11 1.64880363e-15 1e-20
4362.81 1.650083285e-15 1e-20
4363.51 1.648628294e-15 1e-20
4364.21 1.659520185e-15 1e-20
4364.91 1.683485182e-15 1e-20
4365.61 1.688822972e-15 1e-20
4366.31 1.674438024e-15 1e-20
4367.01 1.648369102e-15 1e-20
4367.71 1.609929159e-15 1e-20
4368.41 1.594813115e-15 1e-20
4369.11 1.604393163e-15 1e-20
4369.81 1.59901154e-15 1e-20
4370.51 1.57778807e-15 1e-20
4371.21 1.561975977e-15 1e-20
4371.91 1.552230969e-15 1e-20
4372.61 1.57183004e-15 1e-20
4373.31 1.62432999e-15 1e-20
4374.01 1.654621052e-15 1e-20
4374.71 1.660011041e-15 1e-20
4375.41 1.667977386e-15 1e-20
4376.11 1.678832325e-15 1e-20
4376.81 1.701081657e-15 1e-20
4377.51 1.736106575e-15 1e-20
4378.21 1.757113098e-15 1e-20
4378.91 1.761473094e-15 1e-20
4379.61 1.748066257e-15 1e-20
4380.31 1.713561311e-15 1e-20
4381.01 1.681051763e-15 1e-20
4381.71 1.650911683e-15 1e-20
4382.41 1.650111131e-15 1e-20
4383.11 1.684151162e-15 1e-20
4383.81 1.704431143e-15 1e-20
4384.51 1.708371116e-15 1e-20
4385.21 1.715604989e-15 1e-20
4385.91 1.726750461e-15 1e-20
4386.61 1.739044826e-15 1e-20
4387.31 1.752784865e-15 1e-20
4388.01 1.766082012e-15 1e-20
4388.71 1.778821917e-15 1e-20
4389.41 1.807706376e-15 1e-20
4390.11 1.856901414e-15 1e-20
4390.81 1.895423414e-15 1e-20
4391.51 1.920518459e-15 1e-20
4392.21 1.905368851e-15 1e-20
4392.91 1.839588696e-15 1e-20
4393.61 1.792811513e-15 1e-20
4394.31 1.771371415e-15 1e-20
4395.01 1.777064324e-15 1e-20
4395.71 1.818934221e-15 1e-20
4396.41 1.840661463e-15 1e-20
4397.11 1.835531408e-15 1e-20
4397.81 1.811188528e-15 1e-20
4398.51 1.761228619e-15 1e-20
4399.21 1.738013564e-15 1e-20
4399.91 1.750458595e-15 1e-20
4400.61 1.771386979e-15 1e-20
4401.31 1.803626642e-15 1e-20
4402.01 1.811744817e-15 1e-20
4402.71 1.785759752e-15 1e-20
4403.41 1.757898086e-15 1e-20
4404.11 1.727383088e-15 1e-20
4404.81 1.725733386e-15 1e-20
4405.51 1.764893413e-15 1e-20
4406.21 1.783140303e-15 1e-20
4406.91 1.771820237e-15 1e-20
4407.61 1.788996689e-15 1e-20
4408.31 1.84646131e-15 1e-20
4409.01 1.876731938e-15 1e-20
4409.71 1.866212e-15 1e-20
4410.41 1.843937998e-15 1e-20
4411.11 1.804033006e-15 1e-20
4411.81 1.781152105e-15 1e-20
4412.51 1.783806918e-15 1e-20
4413.21 1.789501944e-15 1e-20
4413.91 1.799756972e-15 1e-20
4414.61 1.789118026e-15 1e-20
4415.31 1.747138014e-15 1e-20
4416.01 1.718981157e-15 1e-20
4416.71 1.711559242e-15 1e-20
4417.41 1.729745569e-15 1e-20
4418.11 1.788715474e-15 1e-20
4418.81 1.847180229e-15 1e-20
4419.51 1.904840303e-15 1e-20
4420.21 1.916546298e-15 1e-20
4420.91 1.855066317e-15 1e-20
4421.61 1.841544072e-15 1e-20
4422.31 1.904398998e-15 1e-20
4423.01 1.952326028e-15 1e-20
4423.71 1.976478538e-15 1e-20
4424.41 1.984014166e-15 1e-20
4425.11 1.963429148e-15 1e-20
4425.81 1.943564743e-15 1e-20
4426.51 1.924919642e-15 1e-20
4427.21 1.89496284e-15 1e-20
4427.91 1.845862881e-15 1e-20
4428.61 1.820250087e-15 1e-20
4429.31 1.834385161e-15 1e-20
4430.01 1.858823544e-15 1e-20
4430.71 1.900698523e-15 1e-20
4431.41 1.93651277e-15 1e-20
4432.11 1.962070295e-15 1e-20
4432.81 1.971932088e-15 1e-20
4433.51 1.953542156e-15 1e-20
4434.21 1.961655673e-15 1e-20
4434.91 2.017475779e-15 1e-20
4435.61 2.057056358e-15 1e-20
4436.31 2.067406466e-15 1e-20
4437.01 2.054692078e-15 1e-20
4437.71 2.000462064e-15 1e-20
4438.41 1.982115965e-15 1e-20
4439.11 2.028360576e-15 1e-20
4439.81 2.065655225e-15 1e-20
4440.51 2.085795127e-15 1e-20
4441.21 2.094956848e-15 1e-20
4441.91 2.083076787e-15 1e-20
4442.61 2.081136234e-15 1e-20
4443.31 2.0982463e-15 1e-20
4444.01 2.116076344e-15 1e-20
4444.71 2.135286204e-15 1e-20
4445.41 2.157455174e-15 1e-20
4446.11 2.185295241e-15 1e-20
4446.81 2.178970446e-15 1e-20
4447.51 2.107163228e-15 1e-20
4448.21 2.065853219e-15 1e-20
4448.91 2.086863236e-15 1e-20
4449.61 2.105157665e-15 1e-20
4450.31 2.117902547e-15 1e-20
4451.01 2.121692384e-15 1e-20
4451.71 2.107182498e-15 1e-20
4452.41 2.125179618e-15 1e-20
4453.11 2.209604663e-15 1e-20
4453.81 2.253607389e-15 1e-20
4454.51 2.215008098e-15 1e-20
4455.21 2.188197387e-15 1e-20
4455.91 2.187107468e-15 1e-20
4456.61 2.185816378e-15 1e-20
4457.31 2.184086313e-15 1e-20
4458.01 2.179691059e-15 1e-20
4458.71 2.169481136e-15 1e-20
4459.41 2.165808189e-15 1e-20
4460.11 2.176398218e-15 1e-20
4460.81 2.194549287e-15 1e-20
4461.51 2.229196747e-15 1e-20
4462.21 2.255450956e-15 1e-20
4462.91 2.262120917e-15 1e-20
4463.61 2.274104104e-15 1e-20
4464.31 2.298484042e-15 1e-20
4465.01 2.290625905e-15 1e-20
4465.71 2.207545949e-15 1e-20
4466.41 2.143994549e-15 1e-20
4467.11 2.126009499e-15 1e-20
4467.81 2.13757891e-15 1e-20
4468.51 2.218109085e-15 1e-20
4469.21 2.279320345e-15 1e-20
4469.91 2.295455264e-15 1e-20
4470.61 2.304215702e-15 1e-20
4471.31 2.29454068e-15 1e-20
4472.01 2.267782909e-15 1e-20
4472.71 2.198317949e-15 1e-20
4473.41 2.161054217e-15 1e-20
4474.11 2.20429419e-15 1e-20
4474.81 2.233382783e-15 1e-20
4475.51 2.227092929e-15 1e-20
4476.21 2.232486623e-15 1e-20
4476.91 2.267089401e-15 1e-20
4477.61 2.304791049e-15 1e-20
4478.31 2.350811196e-15 1e-20
4479.01 2.39336359e-15 1e-20
4479.71 2.426608575e-15 1e-20
4480.41 2.439119251e-15 1e-20
4481.11 2.395974146e-15 1e-20
4481.81 2.347982953e-15 1e-20
4482.51 2.286982817e-15 1e-20
4483.21 2.250585176e-15 1e-20
4483.91 2.280225188e-15 1e-20
4484.61 2.325820548e-15 1e-20
4485.31 2.414244011e-15 1e-20
4486.01 2.465302522e-15 1e-20
4486.71 2.408417483e-15 1e-20
4487.41 2.353928913e-15 1e-20
4488.11 2.306363989e-15 1e-20
4488.81 2.262838778e-15 1e-20
4489.51 2.230983774e-15 1e-20
4490.21 2.213052934e-15 1e-20
4490.91 2.2353479e-15 1e-20
4491.61 2.250564423e-15 1e-20
4492.31 2.245331877e-15 1e-20
4493.01 2.246230791e-15 1e-20
4493.71 2.266245756e-15 1e-20
4494.41 2.279921103e-15 1e-20
4495.11 2.273830936e-15 1e-20
4495.81 2.270113732e-15 1e-20
4496.51 2.273793667e-15 1e-20
4497.21 2.281711519e-15 1e-20
4497.91 2.302841603e-15 1e-20
4498.61 2.321456846e-15 1e-20
4499.31 2.33223174e-15 1e-20
4500.01 2.338582793e-15 1e-20
4500.71 2.331140762e-15 1e-20
4501.41 2.32268335e-15 1e-20
4502.11 2.310798418e-15 1e-20
4502.81 2.309475777e-15 1e-20
4503.51 2.343800728e-15 1e-20
4504.21 2.362708621e-15 1e-20
4504.91 2.329583492e-15 1e-20
4505.61 2.314202644e-15 1e-20
4506.31 2.358707661e-15 1e-20
4507.01 2.390183829e-15 1e-20
4507.71 2.377688187e-15 1e-20
4508.41 2.365600815e-15 1e-20
4509.11 2.355010785e-15 1e-20
4509.81 2.348927183e-15 1e-20
4510.51 2.359367076e-15 1e-20
4511.21 2.363440669e-15 1e-20
4511.91 2.34417067e-15 1e-20
4512.61 2.335606531e-15 1e-20
4513.31 2.366296441e-15 1e-20
4514.01 2.386984585e-15 1e-20
4514.71 2.370999591e-15 1e-20
4515.41 2.369391076e-15 1e-20
4516.11 2.420495961e-15 1e-20
4516.81 2.456631022e-15 1e-20
4517.51 2.432885936e-15 1e-20
4518.21 2.414286998e-15 1e-20
4518.91 2.41627202e-15 1e-20
4519.61 2.417652895e-15 1e-20
4520.31 2.416618033e-15 1e-20
4521.01 2.415780952e-15 1e-20
4521.71 2.41573606e-15 1e-20
4522.41 2.408675193e-15 1e-20
4523.11 2.373551066e-15 1e-20
4523.81 2.349979198e-15 1e-20
4524.51 2.377059053e-15 1e-20
4525.21 2.398340121e-15 1e-20
4525.91 2.394195165e-15 1e-20
4526.61 2.400200417e-15 1e-20
4527.31 2.450710474e-15 1e-20
4528.01 2.489632696e-15 1e-20
4528.71 2.477747765e-15 1e-20
4529.41 2.461511414e-15 1e-20
4530.11 2.426196493e-15 1e-20
4530.81 2.407059901e-15 1e-20
4531.51 2.458859989e-15 1e-20
4532.21 2.489040197e-15 1e-20
4532.91 2.414725338e-15 1e-20
4533.61 2.356016214e-15 1e-20
4534.31 2.37273622e-15 1e-20
4535.01 2.393279099e-15 1e-20
4535.71 2.432299154e-15 1e-20
4536.41 2.466302233e-15 1e-20
4537.11 2.476057299e-15 1e-20
4537.81 2.48061836e-15 1e-20
4538.51 2.460075058e-15 1e-20
4539.21 2.448122576e-15 1e-20
4539.91 2.482247416e-15 1e-20
4540.61 2.503471944e-15 1e-20
4541.31 2.455501927e-15 1e-20
4542.01 2.410262109e-15 1e-20
4542.71 2.379667279e-15 1e-20
4543.41 2.352222141e-15 1e-20
4544.11 2.341672134e-15 1e-20
4544.81 2.342533778e-15 1e-20
4545.51 2.404603929e-15 1e-20
4546.21 2.455911256e-15 1e-20
4546.91 2.449492229e-15 1e-20
4547.61 2.435920008e-15 1e-20
4548.31 2.379429898e-15 1e-20
4549.01 2.330059312e-15 1e-20
4549.71 2.323404386e-15 1e-20
4550.41 2.314542092e-15 1e-20
4551.11 2.292437074e-15 1e-20
4551.81 2.280935637e-15 1e-20
4552.51 2.333055691e-15 1e-20
4553.21 2.378358402e-15 1e-20
4553.91 2.382757044e-15 1e-20
4554.61 2.387106134e-15 1e-20
4555.31 2.391121282e-15 1e-20
4556.01 2.396236091e-15 1e-20
4556.71 2.40880606e-15 1e-20
4557.41 2.414948319e-15 1e-20
4558.11 2.377523227e-15 1e-20
4558.81 2.341507386e-15 1e-20
4559.51 2.315042265e-15 1e-20
4560.21 2.292486625e-15 1e-20
4560.91 2.296426599e-15 1e-20
4561.61 2.303368669e-15 1e-20
4562.31 2.3306588e-15 1e-20
4563.01 2.352069464e-15 1e-20
4563.71 2.327914413e-15 1e-20
4564.41 2.305031395e-15 1e-20
4565.11 2.292006357e-15 1e-20
4565.81 2.28428777e-15 1e-20
4566.51 2.317692631e-15 1e-20
4567.21 2.34165604e-15 1e-20
4567.91 2.292445967e-15 1e-20
4568.61 2.243865875e-15 1e-20
4569.31 2.20016808e-15 1e-20
4570.01 2.16650805e-15 1e-20
4570.71 2.223187895e-15 1e-20
4571.41 2.273521981e-15 1e-20
4572.11 2.266741906e-15 1e-20
4572.81 2.258611448e-15 1e-20
4573.51 2.238326491e-15 1e-20
4574.21 2.221236966e-15 1e-20
4574.91 2.232906963e-15 1e-20
4575.61 2.241505406e-15 1e-20
4576.31 2.222460505e-15 1e-20
4577.01 2.206583085e-15 1e-20
4577.71 2.219212769e-15 1e-20
4578.41 2.233046088e-15 1e-20
4579.11 2.259715979e-15 1e-20
4579.81 2.279534856e-15 1e-20
4580.51 2.226274906e-15 1e-20
4581.21 2.183071356e-15 1e-20
4581.91 2.247136269e-15 1e-20
4582.61 2.304840389e-15 1e-20
4583.31 2.294695475e-15 1e-20
4584.01 2.286588523e-15 1e-20
4584.71 2.300221095e-15 1e-20
4585.41 2.313900041e-15 1e-20
4586.11 2.328179958e-15 1e-20
4586.81 2.336879622e-15 1e-20
4587.51 2.273034725e-15 1e-20
4588.21 2.212989618e-15 1e-20
4588.91 2.202344743e-15 1e-20
4589.61 2.194637167e-15 1e-20
4590.31 2.225117224e-15 1e-20
4591.01 2.252260819e-15 1e-20
4591.71 2.236030608e-15 1e-20
4592.41 2.223427393e-15 1e-20
4593.11 2.257970668e-15 1e-20
4593.81 2.291713919e-15 1e-20
4594.51 2.312258915e-15 1e-20
4595.21 2.32837647e-15 1e-20
4595.91 2.271441668e-15 1e-20
4596.61 2.219143101e-15 1e-20
4597.31 2.243348126e-15 1e-20
4598.01 2.267286759e-15 1e-20
4598.71 2.286831833e-15 1e-20
4599.41 2.305318962e-15 1e-20
4600.11 2.306351707e-15 1e-20
4600.81 2.305839676e-15 1e-20
4601.51 2.270829475e-15 1e-20
4602.21 2.235261926e-15 1e-20
4602.91 2.187241934e-15 1e-20
4603.61 2.142900606e-15 1e-20
4604.31 2.180715545e-15 1e-20
4605.01 2.21710154e-15 1e-20
4605.71 2.221571544e-15 1e-20
4606.41 2.226637437e-15 1e-20
4607.11 2.245011275e-15 1e-20
4607.81 2.261923135e-15 1e-20
4608.51 2.229133219e-15 1e-20
4609.21 2.196485181e-15 1e-20
4609.91 2.168665231e-15 1e-20
4610.61 2.141853674e-15 1e-20
4611.31 2.14933361e-15 1e-20
4612.01 2.155979007e-15 1e-20
4612.71 2.13424393e-15 1e-20
4613.41 2.113643665e-15 1e-20
4614.11 2.131623633e-15 1e-20
4614.81 2.148087624e-15 1e-20
4615.51 2.113003096e-15 1e-20
4616.21 2.078591748e-15 1e-20
4616.91 2.090606698e-15 1e-20
4617.61 2.102683694e-15 1e-20
4618.31 2.119048794e-15 1e-20
4619.01 2.134982331e-15 1e-20
4619.71 2.1211524e-15 1e-20
4620.41 2.107788761e-15 1e-20
4621.11 2.126608775e-15 1e-20
4621.81 2.144990448e-15 1e-20
4622.51 2.133125211e-15 1e-20
4623.21 2.121259973e-15 1e-20
4623.91 2.117394962e-15 1e-20
4624.61 2.113529951e-15 1e-20
4625.31 2.084995105e-15 1e-20
4626.01 2.056460047e-15 1e-20
4626.71 2.025690093e-15 1e-20
4627.41 1.994919927e-15 1e-20
4628.11 2.024159928e-15 1e-20
4628.81 2.053399929e-15 1e-20
4629.51 2.014830072e-15 1e-20
4630.21 1.976260003e-15 1e-20
4630.91 1.961709036e-15 1e-20
4631.61 1.947157857e-15 1e-20
4632.31 1.948290552e-15 1e-20
4633.01 1.949650675e-15 1e-20
4633.71 1.892266945e-15 1e-20
4634.41 1.834031948e-15 1e-20
4635.11 1.842638226e-15 1e-20
4635.81 1.852213299e-15 1e-20
4636.51 1.888318713e-15 1e-20
4637.21 1.924808681e-15 1e-20
4637.91 1.944072539e-15 1e-20
4638.61 1.963086735e-15 1e-20
4639.31 1.944818352e-15 1e-20
4640.01 1.925453273e-15 1e-20
4640.71 1.890147246e-15 1e-20
4641.41 1.854372174e-15 1e-20
4642.11 1.831502496e-15 1e-20
4642.81 1.809012501e-15 1e-20
4643.51 1.785162594e-15 1e-20
4644.21 1.761272559e-15 1e-20
4644.91 1.753056551e-15 1e-20
4645.61 1.745301541e-15 1e-20
4646.31 1.80163082e-15 1e-20
4647.01 1.859845065e-15 1e-20
4647.71 1.889838714e-15 1e-20
4648.41 1.918568801e-15 1e-20
4649.11 1.865003496e-15 1e-20
4649.81 1.807753598e-15 1e-20
4650.51 1.778179443e-15 1e-20
4651.21 1.749844391e-15 1e-20
4651.91 1.722677079e-15 1e-20
4652.61 1.695562072e-15 1e-20
4653.31 1.683884347e-15 1e-20
4654.01 1.6728978e-15 1e-20
4654.71 1.703398398e-15 1e-20
4655.41 1.736413413e-15 1e-20
4656.11 1.774444451e-15 1e-20
4656.81 1.812779468e-15 1e-20
4657.51 1.795292473e-15 1e-20
4658.21 1.774422534e-15 1e-20
4658.91 1.754217304e-15 1e-20
4659.61 1.734052308e-15 1e-20
4660.31 1.713180146e-15 1e-20
4661.01 1.692265102e-15 1e-20
4661.71 1.710720256e-15 1e-20
4662.41 1.731561396e-15 1e-20
4663.11 1.74895183e-15 1e-20
4663.81 1.766076824e-15 1e-20
4664.51 1.771292853e-15 1e-20
4665.21 1.775592816e-15 1e-20
4665.91 1.790111807e-15 1e-20
4666.61 1.805416846e-15 1e-20
4667.31 1.772022889e-15 1e-20
4668.01 1.734882824e-15 1e-20
4668.71 1.721806965e-15 1e-20
4669.41 1.710582084e-15 1e-20
4670.11 1.742863463e-15 1e-20
4670.81 1.779223411e-15 1e-20
4671.51 1.762911462e-15 1e-20
4672.21 1.741661417e-15 1e-20
4672.91 1.758834269e-15 1e-20
4673.61 1.779609234e-15 1e-20
4674.31 1.762990024e-15 1e-20
4675.01 1.742865051e-15 1e-20
4675.71 1.741460035e-15 1e-20
4676.41 1.741809965e-15 1e-20
4677.11 1.752479404e-15 1e-20
4677.81 1.76411626e-15 1e-20
4678.51 1.78220899e-15 1e-20
4679.21 1.801019051e-15 1e-20
4679.91 1.800145971e-15 1e-20
4680.61 1.797086065e-15 1e-20
4681.31 1.794025947e-15 1e-20
4682.01 1.79096604e-15 1e-20
4682.71 1.795762999e-15 1e-20
4683.41 1.801433038e-15 1e-20
4684.11 1.787728892e-15 1e-20
4684.81 1.771872223e-15 1e-20
4685.51 1.757230412e-15 1e-20
4686.21 1.742745407e-15 1e-20
4686.91 1.740966003e-15 1e-20
4687.61 1.740826031e-15 1e-20
4688.31 1.72829926e-15 1e-20
4689.01 1.714174245e-15 1e-20
4689.71 1.731846423e-15 1e-20
4690.41 1.753621416e-15 1e-20
4691.11 1.773983665e-15 1e-20
4691.81 1.794163801e-15 1e-20
4692.51 1.770918041e-15 1e-20
4693.21 1.742069157e-15 1e-20
4693.91 1.721506586e-15 1e-20
4694.61 1.7021666e-15 1e-20
4695.31 1.726476446e-15 1e-20
4696.01 1.757226389e-15 1e-20
4696.71 1.774364724e-15 1e-20
4697.41 1.789494744e-15 1e-20
4698.11 1.776499353e-15 1e-20
4698.81 1.759354347e-15 1e-20
4699.51 1.743189253e-15 1e-20
4700.21 1.727168683e-15 1e-20
4700.91 1.694670041e-15 1e-20
4701.61 1.659425e-15 1e-20
4702.31 1.666497196e-15 1e-20
4703.01 1.680622105e-15 1e-20
4703.71 1.709862847e-15 1e-20
4704.41 1.741622877e-15 1e-20
4705.11 1.707352877e-15 1e-20
4705.81 1.662077907e-15 1e-20
4706.51 1.659882821e-15 1e-20
4707.21 1.664867822e-15 1e-20
4707.91 1.674018319e-15 1e-20
4708.61 1.683862959e-15 1e-20
4709.31 1.679493116e-15 1e-20
4710.01 1.672473119e-15 1e-20
4710.71 1.638873651e-15 1e-20
4711.41 1.600318617e-15 1e-20
4712.11 1.599367717e-15 1e-20
4712.81 1.605427708e-15 1e-20
4713.51 1.643520474e-15 1e-20
4714.21 1.687585457e-15 1e-20
4714.91 1.679760037e-15 1e-20
4715.61 1.662260019e-15 1e-20
4716.31 1.651256002e-15 1e-20
4717.01 1.641596015e-15 1e-20
4717.71 1.641862301e-15 1e-20
4718.41 1.644182324e-15 1e-20
4719.11 1.66417569e-15 1e-20
4719.81 1.687825697e-15 1e-20
4720.51 1.65897332e-15 1e-20
4721.21 1.619258274e-15 1e-20
4721.91 1.593181624e-15 1e-20
4722.61 1.569926546e-15 1e-20
4723.31 1.562641004e-15 1e-20
4724.01 1.558659419e-15 1e-20
4724.71 1.574002151e-15 1e-20
4725.41 1.5937521e-15 1e-20
4726.11 1.575324369e-15 1e-20
4726.81 1.548189351e-15 1e-20
4727.51 1.537730929e-15 1e-20
4728.21 1.531075897e-15 1e-20
4728.91 1.546011735e-15 1e-20
4729.61 1.565871693e-15 1e-20
4730.31 1.569984462e-15 1e-20
4731.01 1.570505704e-15 1e-20
4731.71 1.54124601e-15 1e-20
4732.41 1.504541002e-15 1e-20
4733.11 1.505879949e-15 1e-20
4733.81 1.516730018e-15 1e-20
4734.51 1.501611962e-15 1e-20
4735.21 1.480002034e-15 1e-20
4735.91 1.466936021e-15 1e-20
4736.61 1.456006014e-15 1e-20
4737.31 1.486791956e-15 1e-20
4738.01 1.528006991e-15 1e-20
4738.71 1.541234363e-15 1e-20
4739.41 1.547464926e-15 1e-20
4740.11 1.555761402e-15 1e-20
4740.81 1.564621472e-15 1e-20
4741.51 1.560705745e-15 1e-20
4742.21 1.553305748e-15 1e-20
4742.91 1.527370763e-15 1e-20
4743.61 1.496380687e-15 1e-20
4744.31 1.486459601e-15 1e-20
4745.01 1.482284682e-15 1e-20
4745.71 1.508141104e-15 1e-20
4746.41 1.542187911e-15 1e-20
4747.11 1.508860552e-15 1e-20
4747.81 1.455570533e-15 1e-20
4748.51 1.455181322e-15 1e-20
4749.21 1.470466243e-15 1e-20
4749.91 1.463125326e-15 1e-20
4750.61 1.449080249e-15 1e-20
4751.31 1.447868039e-15 1e-20
4752.01 1.450457948e-15 1e-20
4752.71 1.470646979e-15 1e-20
4753.41 1.496050556e-15 1e-20
4754.11 1.492097029e-15 1e-20
4754.81 1.478727038e-15 1e-20
4755.51 1.447287822e-15 1e-20
4756.21 1.410052783e-15 1e-20
4756.91 1.42395524e-15 1e-20
4757.61 1.454260173e-15 1e-20
4758.31 1.466003862e-15 1e-20
4759.01 1.471793861e-15 1e-20
4759.71 1.453385612e-15 1e-20
4760.41 1.427215576e-15 1e-20
4761.11 1.440898546e-15 1e-20
4761.81 1.467364514e-15 1e-20
4762.51 1.42702457e-15 1e-20
4763.21 1.363559568e-15 1e-20
4763.91 1.361480525e-15 1e-20
4764.61 1.380650575e-15 1e-20
4765.31 1.413552299e-15 1e-20
4766.01 1.451207255e-15 1e-20
4766.71 1.473165737e-15 1e-20
4767.41 1.489690715e-15 1e-20
4768.11 1.498785943e-15 1e-20
4768.81 1.505309367e-15 1e-20
4769.51 1.526682231e-15 1e-20
4770.21 1.553587174e-15 1e-20
4770.91 1.556660633e-15 1e-20
4771.61 1.550855599e-15 1e-20
4772.31 1.524384761e-15 1e-20
4773.01 1.49021471e-15 1e-20
4773.71 1.482950873e-15 1e-20
4774.41 1.485710824e-15 1e-20
4775.11 1.542993545e-15 1e-20
4775.81 1.620588539e-15 1e-20
4776.51 1.629930889e-15 1e-20
4777.21 1.613845733e-15 1e-20
4777.91 1.598999999e-15 1e-20
4778.61 1.58464999e-15 1e-20
4779.31 1.556853545e-15 1e-20
4780.01 1.523678547e-15 1e-20
4780.71 1.566803535e-15 1e-20
4781.41 1.640448603e-15 1e-20
4782.11 1.640911401e-15 1e-20
4782.81 1.612101481e-15 1e-20
4783.51 1.584359352e-15 1e-20
4784.21 1.557044445e-15 1e-20
4784.91 1.577686532e-15 1e-20
4785.61 1.61888145e-15 1e-20
4786.31 1.620960493e-15 1e-20
4787.01 1.606275482e-15 1e-20
4787.71 1.623188507e-15 1e-20
4788.41 1.653643471e-15 1e-20
4789.11 1.644737449e-15 1e-20
4789.81 1.618962448e-15 1e-20
4790.51 1.631117053e-15 1e-20
4791.21 1.659526961e-15 1e-20
4791.91 1.647383156e-15 1e-20
4792.61 1.617858976e-15 1e-20
4793.31 1.592883997e-15 1e-20
4794.01 1.569993991e-15 1e-20
4794.71 1.572331378e-15 1e-20
4795.41 1.586231401e-15 1e-20
4796.11 1.620449096e-15 1e-20
4796.81 1.663979178e-15 1e-20
4797.51 1.669530844e-15 1e-20
4798.21 1.657675877e-15 1e-20
4798.91 1.662835154e-15 1e-20
4799.61 1.675792535e-15 1e-20
4800.31 1.669743555e-15 1e-20
4801.01 1.654393624e-15 1e-20
4801.71 1.664379931e-15 1e-20
4802.41 1.686764894e-15 1e-20
4803.11 1.681930242e-15 1e-20
4803.81 1.663775255e-15 1e-20
4804.51 1.643145979e-15 1e-20
4805.21 1.621305976e-15 1e-20
4805.91 1.608869309e-15 1e-20
4806.61 1.60103436e-15 1e-20
4807.31 1.598253339e-15 1e-20
4808.01 1.597945549e-15 1e-20
4808.71 1.586625906e-15 1e-20
4809.41 1.569560839e-15 1e-20
4810.11 1.564002397e-15 1e-20
4810.81 1.564447407e-15 1e-20
4811.51 1.590353381e-15 1e-20
4812.21 1.629543477e-15 1e-20
4812.91 1.62537184e-15 1e-20
4813.61 1.598576906e-15 1e-20
4814.31 1.593605034e-15 1e-20
4815.01 1.600019191e-15 1e-20
4815.71 1.587893914e-15 1e-20
4816.41 1.565468929e-15 1e-20
4817.11 1.518923939e-15 1e-20
4817.81 1.458978888e-15 1e-20
4818.51 1.443175688e-15 1e-20
4819.21 1.451895681e-15 1e-20
4819.91 1.485121395e-15 1e-20
4820.61 1.53196147e-15 1e-20
4821.31 1.52775214e-15 1e-20
4822.01 1.495182135e-15 1e-20
4822.71 1.486234079e-15 1e-20
4823.41 1.49040921e-15 1e-20
4824.11 1.479052298e-15 1e-20
4824.81 1.458517255e-15 1e-20
4825.51 1.469307184e-15 1e-20
4826.21 1.498607113e-15 1e-20
4826.91 1.524663752e-15 1e-20
4827.61 1.548803662e-15 1e-20
4828.31 1.536697126e-15 1e-20
4829.01 1.503172091e-15 1e-20
4829.71 1.465880301e-15 1e-20
4830.41 1.426362508e-15 1e-20
4831.11 1.394626407e-15 1e-20
4831.81 1.367776415e-15 1e-20
4832.51 1.36530435e-15 1e-20
4833.21 1.378139334e-15 1e-20
4833.91 1.378283224e-15 1e-20
4834.61 1.370458228e-15 1e-20
4835.31 1.387769781e-15 1e-20
4836.01 1.420864735e-15 1e-20
4836.71 1.431879234e-15 1e-20
4837.41 1.429029285e-15 1e-20
4838.11 1.409049684e-15 1e-20
4838.81 1.378314141e-15 1e-20
4839.51 1.332156033e-15 1e-20
4840.21 1.275716004e-15 1e-20
4840.91 1.264549039e-15 1e-20
4841.61 1.283563976e-15 1e-20
4842.31 1.319991052e-15 1e-20
4843.01 1.368025972e-15 1e-20
4843.71 1.355476015e-15 1e-20
4844.41 1.302536032e-15 1e-20
4845.11 1.29891359e-15 1e-20
4845.81 1.328169684e-15 1e-20
4846.51 1.323412641e-15 1e-20
4847.21 1.294597639e-15 1e-20
4847.91 1.290470471e-15 1e-20
4848.61 1.303805523e-15 1e-20
4849.31 1.319820163e-15 1e-20
4850.01 1.337730145e-15 1e-20
4850.71 1.318318479e-15 1e-20
4851.41 1.272508396e-15 1e-20
4852.11 1.254666283e-15 1e-20
4852.81 1.256606306e-15 1e-20
4853.51 1.2723968e-15 1e-20
4854.21 1.297984077e-15 1e-20
4854.91 1.319107173e-15 1e-20
4855.61 1.336882159e-15 1e-20
4856.31 1.337205726e-15 1e-20
4857.01 1.324440727e-15 1e-20
4857.71 1.310798521e-15 1e-20
4858.41 1.296498593e-15 1e-20
4859.11 1.290369992e-15 1e-20
4860.51 1.271709009e-15 1e-20
4861.21 1.239052289e-15 1e-20
4861.91 1.22716397e-15 1e-20
4862.61 1.231784005e-15 1e-20
4863.31 1.240100598e-15 1e-20
4864.01 1.251355654e-15 1e-20
4864.71 1.234622624e-15 1e-20
4865.41 1.195642592e-15 1e-20
4866.11 1.186202304e-15 1e-20
4866.81 1.200242298e-15 1e-20
4867.51 1.215588735e-15 1e-20
4868.21 1.231973741e-15 1e-20
4868.91 1.230774448e-15 1e-20
4869.61 1.215597841e-15 1e-20
4870.31 1.211838391e-15 1e-20
4871.01 1.2176934e-15 1e-20
4871.71 1.235567278e-15 1e-20
4872.41 1.263562246e-15 1e-20
4873.11 1.274044702e-15 1e-20
4873.81 1.26977968e-15 1e-20
4874.51 1.244364986e-15 1e-20
4875.21 1.201140047e-15 1e-20
4875.91 1.181821979e-15 1e-20
4876.61 1.182636189e-15 1e-20
4877.31 1.220300144e-15 1e-20
4878.01 1.290830142e-15 1e-20
4878.71 1.300362969e-15 1e-20
4879.41 1.255492987e-15 1e-20
4880.11 1.214161802e-15 1e-20
4880.81 1.175986769e-15 1e-20
4881.51 1.167110499e-15 1e-20
4882.21 1.184365513e-15 1e-20
4882.91 1.198007719e-15 1e-20
4883.61 1.208427707e-15 1e-20
4884.31 1.193913691e-15 1e-20
4885.01 1.15716125e-15 1e-20
4885.71 1.170617109e-15 1e-20
4886.41 1.231492096e-15 1e-20
4887.11 1.275382909e-15 1e-20
4887.81 1.303232822e-15 1e-20
4888.51 1.307865457e-15 1e-20
4889.21 1.290570421e-15 1e-20
4889.91 1.277142831e-15 1e-20
4890.61 1.267367859e-15 1e-20
4891.31 1.23775707e-15 1e-20
4892.01 1.189412347e-15 1e-20
4892.71 1.158162548e-15 1e-20
4893.41 1.144007463e-15 1e-20
4894.11 1.159360041e-15 1e-20
4894.81 1.204219965e-15 1e-20
4895.51 1.229969978e-15 1e-20
4896.21 1.236609975e-15 1e-20
4896.91 1.218847483e-15 1e-20
4897.61 1.1766825e-15 1e-20
4898.31 1.162825888e-15 1e-20
4899.01 1.177277647e-15 1e-20
4899.71 1.187002538e-15 1e-20
4900.41 1.191722523e-15 1e-20
4901.11 1.20649446e-15 1e-20
4901.81 1.231909472e-15 1e-20
4902.51 1.262409858e-15 1e-20
4903.21 1.298294832e-15 1e-20
4903.91 1.289049679e-15 1e-20
4904.61 1.232019692e-15 1e-20
4905.31 1.207277542e-15 1e-20
4906.01 1.216722595e-15 1e-20
4906.71 1.223441578e-15 1e-20
4907.41 1.22727419e-15 1e-20
4908.11 1.229554614e-15 1e-20
4908.81 1.230094598e-15 1e-20
4909.51 1.236855086e-15 1e-20
4910.21 1.250590042e-15 1e-20
4910.91 1.249468041e-15 1e-20
4911.61 1.231687973e-15 1e-20
4912.31 1.227421468e-15 1e-20
4913.01 1.238306476e-15 1e-20
4913.71 1.244530475e-15 1e-20
4914.41 1.245528279e-15 1e-20
4915.11 1.255322521e-15 1e-20
4915.81 1.275562585e-15 1e-20
4916.51 1.300056237e-15 1e-20
4917.21 1.329601276e-15 1e-20
4917.91 1.338853734e-15 1e-20
4918.61 1.324008741e-15 1e-20
4919.31 1.313028864e-15 1e-20
4920.01 1.306638848e-15 1e-20
4920.71 1.313119709e-15 1e-20
4921.41 1.33488475e-15 1e-20
4922.11 1.355616834e-15 1e-20
4922.81 1.37512252e-15 1e-20
4923.51 1.375906132e-15 1e-20
4924.21 1.353136192e-15 1e-20
4924.91 1.329859091e-15 1e-20
4925.61 1.305944069e-15 1e-20
4926.31 1.293457003e-15 1e-20
4927.01 1.295347052e-15 1e-20
4927.71 1.316421549e-15 1e-20
4928.41 1.361631615e-15 1e-20
4929.11 1.379958231e-15 1e-20
4929.81 1.364463881e-15 1e-20
4930.51 1.358948532e-15 1e-20
4931.21 1.366738588e-15 1e-20
4931.91 1.372102848e-15 1e-20
4932.61 1.374232818e-15 1e-20
4933.31 1.377033533e-15 1e-20
4934.01 1.380728608e-15 1e-20
4934.71 1.390087157e-15 1e-20
4935.41 1.406997111e-15 1e-20
4936.11 1.411924302e-15 1e-20
4936.81 1.400874334e-15 1e-20
4937.51 1.393634425e-15 1e-20
4938.21 1.391474915e-15 1e-20
4938.91 1.391461151e-15 1e-20
4939.61 1.394481141e-15 1e-20
4940.31 1.40350003e-15 1e-20
4941.01 1.421000048e-15 1e-20
4941.71 1.430852312e-15 1e-20
4942.41 1.429892306e-15 1e-20
4943.11 1.428627792e-15 1e-20
4943.81 1.426932773e-15 1e-20
4944.51 1.427017688e-15 1e-20
4945.21 1.429619138e-15 1e-20
4945.91 1.448876008e-15 1e-20
4946.61 1.49311601e-15 1e-20
4947.31 1.517495947e-15 1e-20
4948.01 1.512085948e-15 1e-20
4948.71 1.487043948e-15 1e-20
4949.41 1.432554001e-15 1e-20
4950.11 1.405200025e-15 1e-20
4950.81 1.418550005e-15 1e-20
4951.51 1.422766006e-15 1e-20
4952.21 1.413281037e-15 1e-20
4952.91 1.414478742e-15 1e-20
4953.61 1.431700827e-15 1e-20
4954.31 1.448052163e-15 1e-20
4955.01 1.463017223e-15 1e-20
4955.71 1.475262885e-15 1e-20
4956.41 1.483177878e-15 1e-20
4957.11 1.488161502e-15 1e-20
4957.81 1.488476493e-15 1e-20
4958.51 1.493422001e-15 1e-20
4959.21 1.505741989e-15 1e-20
4959.91 1.509148967e-15 1e-20
4960.61 1.498360944e-15 1e-20
4961.31 1.494893191e-15 1e-20
4962.01 1.503813189e-15 1e-20
4962.71 1.504777112e-15 1e-20
4963.41 1.49227713e-15 1e-20
4964.11 1.497847112e-15 1e-20
4964.81 1.533997102e-15 1e-20
4965.51 1.556877897e-15 1e-20
4966.21 1.557302896e-15 1e-20
4966.91 1.532450314e-15 1e-20
4967.61 1.464820239e-15 1e-20
4968.31 1.424336511e-15 1e-20
4969.01 1.429792568e-15 1e-20
4969.71 1.444469637e-15 1e-20
4970.41 1.475744635e-15 1e-20
4971.11 1.492471418e-15 1e-20
4971.81 1.483011436e-15 1e-20
4972.51 1.491503259e-15 1e-20
4973.21 1.532308224e-15 1e-20
4973.91 1.557257897e-15 1e-20
4974.61 1.553667854e-15 1e-20
4975.31 1.545225265e-15 1e-20
4976.01 1.528047966e-15 1e-20
4976.71 1.529008607e-15 1e-20
4977.41 1.564733598e-15 1e-20
4978.11 1.587992276e-15 1e-20
4978.81 1.587357319e-15 1e-20
4979.51 1.578594869e-15 1e-20
4980.21 1.554254848e-15 1e-20
4980.91 1.545567996e-15 1e-20
4981.61 1.56688305e-15 1e-20
4982.31 1.577483668e-15 1e-20
4983.01 1.567548712e-15 1e-20
4983.71 1.559304223e-15 1e-20
4984.41 1.554299952e-15 1e-20
4985.11 1.567059763e-15 1e-20
4985.81 1.616119699e-15 1e-20
4986.51 1.643977025e-15 1e-20
4987.21 1.628507027e-15 1e-20
4987.91 1.611183826e-15 1e-20
4988.61 1.59007386e-15 1e-20
4989.31 1.579584945e-15 1e-20
4990.01 1.590799979e-15 1e-20
4990.71 1.598424652e-15 1e-20
4991.41 1.598712537e-15 1e-20
4992.11 1.598196588e-15 1e-20
4992.81 1.59592654e-15 1e-20
4993.51 1.593882861e-15 1e-20
4994.21 1.592332896e-15 1e-20
4994.91 1.599087878e-15 1e-20
4995.61 1.623962907e-15 1e-20
4996.31 1.640113284e-15 1e-20
4997.01 1.63722829e-15 1e-20
4997.71 1.6326631e-15 1e-20
4998.41 1.624431845e-15 1e-20
4999.11 1.613116967e-15 1e-20
4999.81 1.594606968e-15 1e-20
5000.51 1.587278016e-15 1e-20
5001.21 1.606037995e-15 1e-20
5001.91 1.629301014e-15 1e-20
5002.61 1.663070947e-15 1e-20
5003.31 1.687800498e-15 1e-20
5004.01 1.69143554e-15 1e-20
5004.71 1.683367551e-15 1e-20
5005.41 1.64799249e-15 1e-20
5006.11 1.620738252e-15 1e-20
5006.81 1.612432671e-15 1e-20
5007.51 1.610820026e-15 1e-20
5008.21 1.625939987e-15 1e-20
5008.91 1.639948536e-15 1e-20
5009.61 1.651178605e-15 1e-20
5010.31 1.653011478e-15 1e-20
5011.01 1.631351469e-15 1e-20
5011.71 1.613857168e-15 1e-20
5012.41 1.606777138e-15 1e-20
5013.11 1.610684289e-15 1e-20
5013.81 1.642059236e-15 1e-20
5014.51 1.672380686e-15 1e-20
5015.21 1.700067864e-15 1e-20
5015.91 1.719408061e-15 1e-20
5016.61 1.716343073e-15 1e-20
5017.31 1.709008509e-15 1e-20
5018.01 1.690213483e-15 1e-20
5018.71 1.669392248e-15 1e-20
5019.41 1.643132321e-15 1e-20
5020.11 1.614388682e-15 1e-20
5020.81 1.578978681e-15 1e-20
5021.51 1.567420599e-15 1e-20
5022.21 1.619885819e-15 1e-20
5022.91 1.665158672e-15 1e-20
5023.61 1.6896537e-15 1e-20
5024.31 1.706332837e-15 1e-20
5025.01 1.700432829e-15 1e-20
5025.71 1.691412458e-15 1e-20
5026.41 1.673377432e-15 1e-20
5027.11 1.666037045e-15 1e-20
5027.81 1.689591972e-15 1e-20
5028.51 1.707752147e-15 1e-20
5029.21 1.710327127e-15 1e-20
5029.91 1.705793172e-15 1e-20
5030.61 1.680722267e-15 1e-20
5031.31 1.661682978e-15 1e-20
5032.01 1.661447926e-15 1e-20
5032.71 1.665692408e-15 1e-20
5033.41 1.683902452e-15 1e-20
5034.11 1.699398496e-15 1e-20
5034.81 1.706433528e-15 1e-20
5035.51 1.711257275e-15 1e-20
5036.21 1.709187338e-15 1e-20
5036.91 1.706184077e-15 1e-20
5037.61 1.700271258e-15 1e-20
5038.31 1.702548824e-15 1e-20
5039.01 1.732468886e-15 1e-20
5039.71 1.756967091e-15 1e-20
5040.41 1.76316716e-15 1e-20
5041.11 1.761185421e-15 1e-20
5041.81 1.731590407e-15 1e-20
5042.51 1.708107477e-15 1e-20
5043.21 1.705252447e-15 1e-20
5043.91 1.708888336e-15 1e-20
5044.61 1.734430826e-15 1e-20
5045.31 1.760372481e-15 1e-20
5046.01 1.787777596e-15 1e-20
5046.71 1.810910701e-15 1e-20
5047.41 1.818380685e-15 1e-20
5048.11 1.818740674e-15 1e-20
5048.81 1.793030683e-15 1e-20
5049.51 1.771918175e-15 1e-20
5050.21 1.767663211e-15 1e-20
5050.91 1.758448551e-15 1e-20
5051.61 1.731048624e-15 1e-20
5052.31 1.723804057e-15 1e-20
5053.01 1.790462903e-15 1e-20
5053.71 1.851668021e-15 1e-20
5054.41 1.891058018e-15 1e-20
5055.11 1.917396084e-15 1e-20
5055.81 1.891526003e-15 1e-20
5056.51 1.870248959e-15 1e-20
5057.21 1.86734406e-15 1e-20
5057.91 1.867960912e-15 1e-20
5058.61 1.882666039e-15 1e-20
5059.31 1.890442437e-15 1e-20
5060.01 1.870504975e-15 1e-20
5060.71 1.854510452e-15 1e-20
5061.41 1.855805565e-15 1e-20
5062.11 1.855965866e-15 1e-20
5062.81 1.851150696e-15 1e-20
5063.51 1.846947718e-15 1e-20
5064.21 1.845427718e-15 1e-20
5064.91 1.851958342e-15 1e-20
5065.61 1.893788428e-15 1e-20
5066.31 1.934053834e-15 1e-20
5067.01 1.967458695e-15 1e-20
5067.71 1.992603927e-15 1e-20
5068.41 1.981532995e-15 1e-20
5069.11 1.970496579e-15 1e-20
5069.81 1.959626605e-15 1e-20
5070.51 1.951082796e-15 1e-20
5071.21 1.953782925e-15 1e-20
5071.91 1.960017723e-15 1e-20
5072.61 1.98333781e-15 1e-20
5073.31 1.999099399e-15 1e-20
5074.01 1.978329516e-15 1e-20
5074.71 1.958370244e-15 1e-20
5075.41 1.942329769e-15 1e-20
5076.11 1.931310082e-15 1e-20
5076.81 1.947220114e-15 1e-20
5077.51 1.965749807e-15 1e-20
5078.21 1.998329658e-15 1e-20
5078.91 2.022298361e-15 1e-20
5079.61 2.000078358e-15 1e-20
5080.31 1.975093427e-15 1e-20
5081.01 1.935278432e-15 1e-20
5081.71 1.90928172e-15 1e-20
5082.41 1.957401662e-15 1e-20
5083.11 2.002736771e-15 1e-20
5083.81 2.033134666e-15 1e-20
5084.51 2.053655733e-15 1e-20
5085.21 2.014915622e-15 1e-20
5085.91 1.979274382e-15 1e-20
5086.61 1.962224244e-15 1e-20
5087.31 1.952053496e-15 1e-20
5088.01 1.983158663e-15 1e-20
5088.71 2.011693509e-15 1e-20
5089.41 2.024808543e-15 1e-20
5090.11 2.036737944e-15 1e-20
5090.81 2.041553538e-15 1e-20
5091.51 2.048323449e-15 1e-20
5092.21 2.068338414e-15 1e-20
5092.91 2.081090283e-15 1e-20
5093.61 2.04461535e-15 1e-20
5094.31 2.011406788e-15 1e-20
5095.01 2.000336703e-15 1e-20
5095.71 1.992145471e-15 1e-20
5096.41 2.003465431e-15 1e-20
5097.11 2.015348668e-15 1e-20
5097.81 2.031048635e-15 1e-20
5098.51 2.047369266e-15 1e-20
5099.21 2.067897745e-15 1e-20
5099.91 2.087546368e-15 1e-20
5100.61 2.100376376e-15 1e-20
5101.31 2.110821775e-15 1e-20
5102.01 2.10278682e-15 1e-20
5102.71 2.095344789e-15 1e-20
5103.41 2.092499817e-15 1e-20
5104.11 2.089497085e-15 1e-20
5104.81 2.085272085e-15 1e-20
5105.51 2.080018575e-15 1e-20
5106.21 2.066793002e-15 1e-20
5106.91 2.055249002e-15 1e-20
5107.61 2.058838939e-15 1e-20
5108.31 2.064990516e-15 1e-20
5109.01 2.094195577e-15 1e-20
5109.71 2.122899406e-15 1e-20
5110.41 2.147094478e-15 1e-20
5111.11 2.166276598e-15 1e-20
5111.81 2.140341508e-15 1e-20
5112.51 2.11552556e-15 1e-20
5113.21 2.100780411e-15 1e-20
5113.91 2.086525482e-15 1e-20
5114.61 2.076680841e-15 1e-20
5115.31 2.065555063e-15 1e-20
5116.01 2.040765162e-15 1e-20
5116.71 2.017780288e-15 1e-20
5117.41 2.014050378e-15 1e-20
5118.11 2.011664286e-15 1e-20
5118.81 2.023614227e-15 1e-20
5119.51 2.032439675e-15 1e-20
5120.21 2.007934588e-15 1e-20
5120.91 1.986272568e-15 1e-20
5121.61 1.994935597e-15 1e-20
5122.31 2.00418922e-15 1e-20
5123.01 2.021119291e-15 1e-20
5123.71 2.037561683e-15 1e-20
5124.41 2.047666786e-15 1e-20
5125.11 2.057331009e-15 1e-20
5125.81 2.061266112e-15 1e-20
5126.51 2.061892069e-15 1e-20
5127.21 2.019502094e-15 1e-20
5127.91 1.978209661e-15 1e-20
5128.61 1.951184651e-15 1e-20
5129.31 1.926942145e-15 1e-20
5130.01 1.938871969e-15 1e-20
5130.71 1.950650809e-15 1e-20
5131.41 1.959940855e-15 1e-20
5132.11 1.969449223e-15 1e-20
5132.81 1.982559175e-15 1e-20
5133.51 1.995765478e-15 1e-20
5134.21 2.010560391e-15 1e-20
5134.91 2.024508482e-15 1e-20
5135.61 2.024483495e-15 1e-20
5136.31 2.022992717e-15 1e-20
5137.01 1.997316183e-15 1e-20
5137.71 1.973097394e-15 1e-20
5138.41 1.981437492e-15 1e-20
5139.11 1.987485307e-15 1e-20
5139.81 1.942340145e-15 1e-20
5140.51 1.89888799e-15 1e-20
5141.21 1.893243151e-15 1e-20
5141.91 1.890703323e-15 1e-20
5142.61 1.957513258e-15 1e-20
5143.31 2.021170537e-15 1e-20
5144.01 2.014418837e-15 1e-20
5144.71 2.007057486e-15 1e-20
5145.41 1.978972626e-15 1e-20
5146.11 1.951312765e-15 1e-20
5146.81 1.938107733e-15 1e-20
5147.51 1.925835496e-15 1e-20
5148.21 1.945275326e-15 1e-20
5148.91 1.964464646e-15 1e-20
5149.61 1.975124555e-15 1e-20
5150.31 1.98552125e-15 1e-20
5151.01 1.986966288e-15 1e-20
5151.71 1.988170557e-15 1e-20
5152.41 1.98119037e-15 1e-20
5153.11 1.974460905e-15 1e-20
5153.81 1.985020865e-15 1e-20
5154.51 1.99538876e-15 1e-20
5155.21 1.992498683e-15 1e-20
5155.91 1.989237183e-15 1e-20
5156.61 1.960337054e-15 1e-20
5157.31 1.931572239e-15 1e-20
5158.01 1.912122245e-15 1e-20
5158.71 1.893435004e-15 1e-20
5159.41 1.927384931e-15 1e-20
5160.11 1.960978682e-15 1e-20
5160.81 1.969979254e-15 1e-20
5161.51 1.978980038e-15 1e-20
5162.21 1.986794975e-15 1e-20
5162.91 1.994609913e-15 1e-20
5163.61 1.993215062e-15 1e-20
5164.31 1.991819998e-15 1e-20
5165.01 1.972134953e-15 1e-20
5165.71 1.952449907e-15 1e-20
5166.41 2.003949934e-15 1e-20
5167.11 2.05544996e-15 1e-20
5167.81 2.028169782e-15 1e-20
5168.51 2.000889815e-15 1e-20
5169.21 1.959627452e-15 1e-20
5169.91 1.918162437e-15 1e-20
5170.61 1.956052338e-15 1e-20
5171.31 1.995092298e-15 1e-20
5172.01 1.999819589e-15 1e-20
5172.71 2.004049672e-15 1e-20
5173.41 2.017111555e-15 1e-20
5174.11 2.030301552e-15 1e-20
5174.81 2.048055363e-15 1e-20
5175.51 2.065875454e-15 1e-20
5176.21 2.056416213e-15 1e-20
5176.91 2.04656162e-15 1e-20
5177.61 2.00918608e-15 1e-20
5178.31 1.971000987e-15 1e-20
5179.01 1.97067255e-15 1e-20
5179.71 1.971457538e-15 1e-20
5180.41 2.01465516e-15 1e-20
5181.11 2.059100037e-15 1e-20
5181.81 2.066188856e-15 1e-20
5182.51 2.072178861e-15 1e-20
5183.21 2.043582605e-15 1e-20
5183.91 2.013969063e-15 1e-20
5184.61 1.994562056e-15 1e-20
5185.31 1.975612235e-15 1e-20
5186.01 1.995775854e-15 1e-20
5186.71 2.017690714e-15 1e-20
5187.41 2.032522896e-15 1e-20
5188.11 2.047037864e-15 1e-20
5188.81 2.031249806e-15 1e-20
5189.51 2.0141048e-15 1e-20
5190.21 1.987952869e-15 1e-20
5190.91 1.961397539e-15 1e-20
5191.61 1.994751579e-15 1e-20
5192.31 2.031736638e-15 1e-20
5193.01 2.031167643e-15 1e-20
5193.71 2.028322671e-15 1e-20
5194.41 1.975756018e-15 1e-20
5195.11 1.920176046e-15 1e-20
5195.81 1.958462147e-15 1e-20
5196.51 2.002437133e-15 1e-20
5197.21 1.994078823e-15 1e-20
5197.91 1.982548799e-15 1e-20
5198.61 1.969312639e-15 1e-20
5199.31 1.955972929e-15 1e-20
5200.01 1.960623987e-15 1e-20
5200.71 1.966658885e-15 1e-20
5201.41 1.967883906e-15 1e-20
5202.11 1.968738986e-15 1e-20
5202.81 1.987227597e-15 1e-20
5203.51 2.007072521e-15 1e-20
5204.21 2.019679335e-15 1e-20
5204.91 2.031729226e-15 1e-20
5205.61 2.027385429e-15 1e-20
5206.31 2.021780401e-15 1e-20
5207.01 2.022996105e-15 1e-20
5207.71 2.024850895e-15 1e-20
5208.41 2.015318598e-15 1e-20
5209.11 2.004718616e-15 1e-20
5209.81 2.003663637e-15 1e-20
5210.51 2.003503759e-15 1e-20
5211.21 1.986676391e-15 1e-20
5211.91 1.968286247e-15 1e-20
5212.61 1.954074516e-15 1e-20
5213.31 1.940254538e-15 1e-20
5214.01 1.957235008e-15 1e-20
5214.71 1.977103224e-15 1e-20
5215.41 1.950983058e-15 1e-20
5216.11 1.919752953e-15 1e-20
5216.81 1.90130754e-15 1e-20
5217.51 1.884282601e-15 1e-20
5218.21 1.908455016e-15 1e-20
5218.91 1.937205008e-15 1e-20
5219.61 1.958867452e-15 1e-20
5220.31 1.979742579e-15 1e-20
5221.01 1.972442637e-15 1e-20
5221.71 1.962012062e-15 1e-20
5222.41 1.948176414e-15 1e-20
5223.11 1.933901368e-15 1e-20
5223.81 1.927668688e-15 1e-20
5224.51 1.922473623e-15 1e-20
5225.21 1.896535356e-15 1e-20
5225.91 1.867920254e-15 1e-20
5226.61 1.861643105e-15 1e-20
5227.31 1.858247985e-15 1e-20
5228.01 1.850579372e-15 1e-20
5228.71 1.842359341e-15 1e-20
5229.41 1.826043157e-15 1e-20
5230.11 1.808682158e-15 1e-20
5230.81 1.796742381e-15 1e-20
5231.51 1.785602204e-15 1e-20
5232.21 1.795964805e-15 1e-20
5232.91 1.809499756e-15 1e-20
5233.61 1.835509385e-15 1e-20
5234.31 1.863359193e-15 1e-20
5235.01 1.881701904e-15 1e-20
5235.71 1.898641927e-15 1e-20
5236.41 1.893184282e-15 1e-20
5237.11 1.884421726e-15 1e-20
5237.81 1.847217075e-15 1e-20
5238.51 1.805272215e-15 1e-20
5239.21 1.797672847e-15 1e-20
5239.91 1.79579794e-15 1e-20
5240.61 1.801748558e-15 1e-20
5241.31 1.809003607e-15 1e-20
5242.01 1.804129991e-15 1e-20
5242.71 1.797234931e-15 1e-20
5243.41 1.804294315e-15 1e-20
5244.11 1.813679229e-15 1e-20
5244.81 1.806815721e-15 1e-20
5245.51 1.797244037e-15 1e-20
5246.21 1.77068606e-15 1e-20
5246.91 1.740961027e-15 1e-20
5247.61 1.762169885e-15 1e-20
5248.31 1.792874829e-15 1e-20
5249.01 1.801492754e-15 1e-20
5249.71 1.805992828e-15 1e-20
5250.41 1.780428103e-15 1e-20
5251.11 1.749258138e-15 1e-20
5251.81 1.742928896e-15 1e-20
5252.51 1.741231018e-15 1e-20
5253.21 1.738309284e-15 1e-20
5253.91 1.735134287e-15 1e-20
5254.61 1.73946199e-15 1e-20
5255.31 1.745341987e-15 1e-20
5256.01 1.73689601e-15 1e-20
5256.71 1.725486052e-15 1e-20
5257.41 1.708449996e-15 1e-20
5258.11 1.690250011e-15 1e-20
5258.81 1.694371673e-15 1e-20
5259.51 1.703111677e-15 1e-20
5260.21 1.707086273e-15 1e-20
5260.91 1.710074923e-15 1e-20
5261.61 1.674911409e-15 1e-20
5262.31 1.631046326e-15 1e-20
5263.01 1.63421857e-15 1e-20
5263.71 1.648118592e-15 1e-20
5264.41 1.669509986e-15 1e-20
5265.11 1.692609951e-15 1e-20
5265.81 1.693931957e-15 1e-20
5266.51 1.690286963e-15 1e-20
5267.21 1.682127283e-15 1e-20
5267.91 1.672937822e-15 1e-20
5268.61 1.675920014e-15 1e-20
5269.31 1.681944959e-15 1e-20
5270.01 1.697137977e-15 1e-20
5270.71 1.714622961e-15 1e-20
5271.41 1.723820044e-15 1e-20
5272.11 1.730944968e-15 1e-20
5272.81 1.708789974e-15 1e-20
5273.51 1.679315027e-15 1e-20
5274.21 1.656571981e-15 1e-20
5274.91 1.635511989e-15 1e-20
5275.61 1.635990457e-15 1e-20
5276.31 1.641853619e-15 1e-20
5277.01 1.649847492e-15 1e-20
5277.71 1.658422536e-15 1e-20
5278.41 1.652968597e-15 1e-20
5279.11 1.64368861e-15 1e-20
5279.81 1.622446082e-15 1e-20
5280.51 1.597941102e-15 1e-20
5281.21 1.611869288e-15 1e-20
5281.91 1.636279295e-15 1e-20
5282.61 1.677380934e-15 1e-20
5283.31 1.723034845e-15 1e-20
5284.01 1.725042101e-15 1e-20
5284.71 1.714117176e-15 1e-20
5285.41 1.691990981e-15 1e-20
5286.11 1.666546006e-15 1e-20
5286.81 1.641980462e-15 1e-20
5287.51 1.617675381e-15 1e-20
5288.21 1.619356e-15 1e-20
5288.91 1.628736043e-15 1e-20
5289.61 1.624369377e-15 1e-20
5290.31 1.615929646e-15 1e-20
5291.01 1.623859145e-15 1e-20
5291.71 1.63703919e-15 1e-20
5292.41 1.651896253e-15 1e-20
5293.11 1.667291183e-15 1e-20
5293.81 1.674554491e-15 1e-20
5294.51 1.679209466e-15 1e-20
5295.21 1.668543733e-15 1e-20
5295.91 1.652963727e-15 1e-20
5296.61 1.648290328e-15 1e-20
5297.31 1.647115388e-15 1e-20
5298.01 1.642086341e-15 1e-20
5298.71 1.63582105e-15 1e-20
5299.41 1.62694118e-15 1e-20
5300.11 1.61715615e-15 1e-20
5300.81 1.617202843e-15 1e-20
5301.51 1.620652808e-15 1e-20
5302.21 1.622865999e-15 1e-20
5302.91 1.624651015e-15 1e-20
5303.61 1.623828546e-15 1e-20
5304.31 1.622103563e-15 1e-20
5305.01 1.634586288e-15 1e-20
5305.71 1.651986992e-15 1e-20
5306.41 1.650691984e-15 1e-20
5307.11 1.642432037e-15 1e-20
5307.81 1.647559551e-15 1e-20
5308.51 1.6576745e-15 1e-20
5309.21 1.659425529e-15 1e-20
5309.91 1.658060536e-15 1e-20
5310.61 1.634033281e-15 1e-20
5311.31 1.601563332e-15 1e-20
5312.01 1.612639982e-15 1e-20
5312.71 1.63993996e-15 1e-20
5313.41 1.648008266e-15 1e-20
5314.11 1.648911839e-15 1e-20
5314.81 1.637702099e-15 1e-20
5315.51 1.621647119e-15 1e-20
5316.21 1.608345737e-15 1e-20
5316.91 1.596145709e-15 1e-20
5317.61 1.600488553e-15 1e-20
5318.31 1.611448524e-15 1e-20
5319.01 1.639637146e-15 1e-20
5319.71 1.674717121e-15 1e-20
5320.41 1.692143553e-15 1e-20
5321.11 1.70250859e-15 1e-20
5321.81 1.69953381e-15 1e-20
5322.51 1.691223146e-15 1e-20
5323.21 1.690032006e-15 1e-20
5323.91 1.691891984e-15 1e-20
5324.61 1.663613472e-15 1e-20
5325.31 1.622418448e-15 1e-20
5326.01 1.626272024e-15 1e-20
5326.71 1.649432023e-15 1e-20
5327.41 1.674629029e-15 1e-20
5328.11 1.70069901e-15 1e-20
5328.81 1.704064801e-15 1e-20
5329.51 1.697700301e-15 1e-20
5330.21 1.710556038e-15 1e-20
5330.91 1.732221023e-15 1e-20
5331.61 1.731898621e-15 1e-20
5332.31 1.721498539e-15 1e-20
5333.01 1.719392286e-15 1e-20
5333.71 1.721087304e-15 1e-20
5334.41 1.717601764e-15 1e-20
5335.11 1.711741672e-15 1e-20
5335.81 1.708933229e-15 1e-20
5336.51 1.707523236e-15 1e-20
5337.21 1.706395306e-15 1e-20
5337.91 1.705405336e-15 1e-20
5338.61 1.707802651e-15 1e-20
5339.31 1.71185761e-15 1e-20
5340.01 1.729643396e-15 1e-20
5340.71 1.754148377e-15 1e-20
5341.41 1.772221095e-15 1e-20
5342.11 1.787146133e-15 1e-20
5342.81 1.771289465e-15 1e-20
5343.51 1.74036948e-15 1e-20
5344.21 1.738276673e-15 1e-20
5344.91 1.750290883e-15 1e-20
5345.61 1.755793315e-15 1e-20
5346.31 1.757898297e-15 1e-20
5347.01 1.740082018e-15 1e-20
5347.71 1.711872009e-15 1e-20
5348.41 1.697005311e-15 1e-20
5349.11 1.68910027e-15 1e-20
5349.81 1.706413094e-15 1e-20
5350.51 1.736883092e-15 1e-20
5351.21 1.7385509e-15 1e-20
5351.91 1.725191285e-15 1e-20
5352.61 1.710336762e-15 1e-20
5353.31 1.69465183e-15 1e-20
5354.01 1.693858583e-15 1e-20
5354.71 1.701338519e-15 1e-20
5355.41 1.714141422e-15 1e-20
5356.11 1.729901423e-15 1e-20
5356.81 1.75289678e-15 1e-20
5357.51 1.779911837e-15 1e-20
5358.21 1.783880398e-15 1e-20
5358.91 1.775045315e-15 1e-20
5359.61 1.767661305e-15 1e-20
5360.31 1.761083247e-15 1e-20
5361.01 1.755660542e-15 1e-20
5361.71 1.750920546e-15 1e-20
5362.41 1.737842569e-15 1e-20
5363.11 1.719837613e-15 1e-20
5363.81 1.726705144e-15 1e-20
5364.51 1.74827018e-15 1e-20
5365.21 1.774813439e-15 1e-20
5365.91 1.804298339e-15 1e-20
5366.61 1.780449491e-15 1e-20
5367.31 1.725084876e-15 1e-20
5368.01 1.698864866e-15 1e-20
5368.71 1.690944896e-15 1e-20
5369.41 1.684926091e-15 1e-20
5370.11 1.680101074e-15 1e-20
5370.81 1.664845481e-15 1e-20
5371.51 1.643040524e-15 1e-20
5372.21 1.638392536e-15 1e-20
5372.91 1.644517538e-15 1e-20
5373.61 1.654795118e-15 1e-20
5374.31 1.667680077e-15 1e-20
5375.01 1.663193026e-15 1e-20
5375.71 1.64779799e-15 1e-20
5376.41 1.646551052e-15 1e-20
5377.11 1.654736037e-15 1e-20
5377.81 1.673213955e-15 1e-20
5378.51 1.698554004e-15 1e-20
5379.21 1.717183012e-15 1e-20
5379.91 1.731337991e-15 1e-20
5380.61 1.728336001e-15 1e-20
5381.31 1.713895995e-15 1e-20
5382.01 1.708218333e-15 1e-20
5382.71 1.708382128e-15 1e-20
5383.41 1.691057233e-15 1e-20
5384.11 1.661362164e-15 1e-20
5384.81 1.650969388e-15 1e-20
5385.51 1.654229406e-15 1e-20
5386.21 1.658230366e-15 1e-20
5386.91 1.662755322e-15 1e-20
5387.61 1.671362765e-15 1e-20
5388.31 1.682857743e-15 1e-20
5389.01 1.690416771e-15 1e-20
5389.71 1.695191813e-15 1e-20
5390.41 1.699353709e-15 1e-20
5391.11 1.703082137e-15 1e-20
5391.81 1.701705708e-15 1e-20
5392.51 1.696500691e-15 1e-20
5393.21 1.678784255e-15 1e-20
5393.91 1.651684283e-15 1e-20
5394.61 1.647087118e-15 1e-20
5395.31 1.65936719e-15 1e-20
5396.01 1.67812717e-15 1e-20
5396.71 1.701747107e-15 1e-20
5397.41 1.689844494e-15 1e-20
5398.11 1.651299836e-15 1e-20
5398.81 1.619513019e-15 1e-20
5399.51 1.593098085e-15 1e-20
5400.21 1.611903593e-15 1e-20
5400.91 1.666653579e-15 1e-20
5401.61 1.698493865e-15 1e-20
5402.31 1.712123896e-15 1e-20
5403.01 1.705445994e-15 1e-20
5403.71 1.682625973e-15 1e-20
5404.41 1.65489475e-15 1e-20
5405.11 1.623259763e-15 1e-20
5405.81 1.606636212e-15 1e-20
5406.51 1.601944709e-15 1e-20
5407.21 1.60928372e-15 1e-20
5407.91 1.626753668e-15 1e-20
5408.61 1.642994149e-15 1e-20
5409.31 1.658199131e-15 1e-20
5410.01 1.656333965e-15 1e-20
5410.71 1.640094014e-15 1e-20
5411.41 1.637558421e-15 1e-20
5412.11 1.64656344e-15 1e-20
5412.81 1.647292312e-15 1e-20
5413.51 1.641051902e-15 1e-20
5414.21 1.625099201e-15 1e-20
5414.91 1.600484212e-15 1e-20
5415.61 1.574093207e-15 1e-20
5416.31 1.54611825e-15 1e-20
5417.01 1.511163423e-15 1e-20
5417.71 1.469983434e-15 1e-20
5418.41 1.485447821e-15 1e-20
5419.11 1.551432746e-15 1e-20
5419.81 1.577034952e-15 1e-20
5420.51 1.566619941e-15 1e-20
5421.21 1.55166748e-15 1e-20
5421.91 1.532668213e-15 1e-20
5422.61 1.530452269e-15 1e-20
5423.31 1.544087276e-15 1e-20
5424.01 1.548097448e-15 1e-20
5424.71 1.543017474e-15 1e-20
5425.41 1.5417843e-15 1e-20
5426.11 1.544184262e-15 1e-20
5426.81 1.538977974e-15 1e-20
5427.51 1.526587999e-15 1e-20
5428.21 1.523404002e-15 1e-20
5428.91 1.528914693e-15 1e-20
5429.61 1.531885025e-15 1e-20
5430.31 1.532315001e-15 1e-20
5431.01 1.533992549e-15 1e-20
5431.71 1.53691746e-15 1e-20
5432.41 1.530912526e-15 1e-20
5433.11 1.515977535e-15 1e-20
5433.81 1.517650002e-15 1e-20
5434.51 1.535930031e-15 1e-20
5435.21 1.533445578e-15 1e-20
5435.91 1.510196641e-15 1e-20
5436.61 1.488086116e-15 1e-20
5437.31 1.467181132e-15 1e-20
5438.01 1.470935817e-15 1e-20
5438.71 1.500800822e-15 1e-20
5439.41 1.504306162e-15 1e-20
5440.11 1.479901131e-15 1e-20
5440.81 1.463993747e-15 1e-20
5441.51 1.457083758e-15 1e-20
5442.21 1.458384694e-15 1e-20
5442.91 1.468379683e-15 1e-20
5443.61 1.472309493e-15 1e-20
5444.31 1.46981731e-15 1e-20
5445.01 1.473530173e-15 1e-20
5445.71 1.484200141e-15 1e-20
5446.41 1.484013159e-15 1e-20
5447.11 1.471653148e-15 1e-20
5447.81 1.452198178e-15 1e-20
5448.51 1.424788191e-15 1e-20
5449.21 1.413048421e-15 1e-20
5449.91 1.418878442e-15 1e-20
5450.61 1.422519414e-15 1e-20
5451.31 1.423705895e-15 1e-20
5452.01 1.429915705e-15 1e-20
5452.71 1.442090745e-15 1e-20
5453.41 1.453554807e-15 1e-20
5454.11 1.464174906e-15 1e-20
5454.81 1.469663467e-15 1e-20
5455.51 1.469058474e-15 1e-20
5456.21 1.478325438e-15 1e-20
5456.91 1.499315444e-15 1e-20
5457.61 1.505750036e-15 1e-20
5458.31 1.494899967e-15 1e-20
5459.01 1.483910456e-15 1e-20
5459.71 1.472755138e-15 1e-20
5460.41 1.468946878e-15 1e-20
5461.11 1.47438197e-15 1e-20
5461.81 1.476378109e-15 1e-20
5462.51 1.474048134e-15 1e-20
5463.21 1.471563151e-15 1e-20
5463.91 1.468883138e-15 1e-20
5464.61 1.467881522e-15 1e-20
5465.31 1.468991559e-15 1e-20
5466.01 1.468250405e-15 1e-20
5466.71 1.46518044e-15 1e-20
5467.41 1.477263894e-15 1e-20
5468.11 1.508411413e-15 1e-20
5468.81 1.527146406e-15 1e-20
5469.51 1.529331433e-15 1e-20
5470.21 1.531158589e-15 1e-20
5470.91 1.532508548e-15 1e-20
5471.61 1.541965035e-15 1e-20
5472.31 1.562229981e-15 1e-20
5473.01 1.57215996e-15 1e-20
5473.71 1.568309983e-15 1e-20
5474.41 1.561335514e-15 1e-20
5475.11 1.550195125e-15 1e-20
5475.81 1.541234046e-15 1e-20
5476.51 1.535354049e-15 1e-20
5477.21 1.536707396e-15 1e-20
5477.91 1.548287395e-15 1e-20
5478.61 1.559393056e-15 1e-20
5479.31 1.569828078e-15 1e-20
5480.01 1.567822092e-15 1e-20
5480.71 1.548227044e-15 1e-20
5481.41 1.546001253e-15 1e-20
5482.11 1.568331689e-15 1e-20
5482.81 1.589940028e-15 1e-20
5483.51 1.610465013e-15 1e-20
5484.21 1.616794043e-15 1e-20
5484.91 1.601828983e-15 1e-20
5485.61 1.598282032e-15 1e-20
5486.31 1.611861982e-15 1e-20
5487.01 1.613237987e-15 1e-20
5487.71 1.596308022e-15 1e-20
5488.41 1.587649969e-15 1e-20
5489.11 1.591399996e-15 1e-20
5489.81 1.592269898e-15 1e-20
5490.51 1.58881951e-15 1e-20
5491.21 1.5889526e-15 1e-20
5491.91 1.594792574e-15 1e-20
5492.61 1.605386521e-15 1e-20
5493.31 1.62355146e-15 1e-20
5494.01 1.639188112e-15 1e-20
5494.71 1.650798181e-15 1e-20
5495.41 1.659004236e-15 1e-20
5496.11 1.661789175e-15 1e-20
5496.81 1.657222926e-15 1e-20
5497.51 1.6409492e-15 1e-20
5498.21 1.640978846e-15 1e-20
5498.91 1.668598896e-15 1e-20
5499.61 1.694972749e-15 1e-20
5500.31 1.719237702e-15 1e-20
5501.01 1.729585268e-15 1e-20
5501.71 1.716380236e-15 1e-20
5502.41 1.705236671e-15 1e-20
5503.11 1.697581717e-15 1e-20
5503.81 1.695682033e-15 1e-20
5504.51 1.703521959e-15 1e-20
5505.21 1.710849005e-15 1e-20
5505.91 1.717307843e-15 1e-20
5506.61 1.72324745e-15 1e-20
5507.31 1.728252462e-15 1e-20
5508.01 1.731196748e-15 1e-20
5508.71 1.730431772e-15 1e-20
5509.41 1.72702924e-15 1e-20
5510.11 1.718879301e-15 1e-20
5510.81 1.724472154e-15 1e-20
5511.51 1.75480218e-15 1e-20
5512.21 1.776581938e-15 1e-20
5512.91 1.78297132e-15 1e-20
5513.61 1.782522604e-15 1e-20
5514.31 1.768967536e-15 1e-20
5515.01 1.756756603e-15 1e-20
5515.71 1.747121603e-15 1e-20
5516.41 1.735420902e-15 1e-20
5517.11 1.719760851e-15 1e-20
5517.81 1.713922041e-15 1e-20
5518.51 1.72690695e-15 1e-20
5519.21 1.73417481e-15 1e-20
5519.91 1.730484817e-15 1e-20
5520.61 1.736643806e-15 1e-20
5521.31 1.761679982e-15 1e-20
5522.01 1.779589117e-15 1e-20
5522.71 1.78293405e-15 1e-20
5523.41 1.785332848e-15 1e-20
5524.11 1.785797869e-15 1e-20
5524.81 1.780226933e-15 1e-20
5525.51 1.762321927e-15 1e-20
5526.21 1.749467037e-15 1e-20
5526.91 1.746932079e-15 1e-20
5527.61 1.746262606e-15 1e-20
5528.31 1.749405098e-15 1e-20
5529.01 1.753401717e-15 1e-20
5529.71 1.759261703e-15 1e-20
5530.41 1.7562667e-15 1e-20
5531.11 1.733951723e-15 1e-20
5531.81 1.725781137e-15 1e-20
5532.51 1.748471138e-15 1e-20
5533.21 1.775899018e-15 1e-20
5533.91 1.813663982e-15 1e-20
5534.61 1.838158269e-15 1e-20
5535.31 1.833698217e-15 1e-20
5536.01 1.816793981e-15 1e-20
5536.71 1.772738738e-15 1e-20
5537.41 1.74481005e-15 1e-20
5538.11 1.754509954e-15 1e-20
5538.81 1.772252965e-15 1e-20
5539.51 1.808763049e-15 1e-20
5540.21 1.821310572e-15 1e-20
5540.91 1.77794545e-15 1e-20
5541.61 1.745539451e-15 1e-20
5542.31 1.738704531e-15 1e-20
5543.01 1.744543658e-15 1e-20
5543.71 1.779955671e-15 1e-20
5544.41 1.796532952e-15 1e-20
5545.11 1.766022826e-15 1e-20
5545.81 1.746211466e-15 1e-20
5546.51 1.753146443e-15 1e-20
5547.21 1.758450033e-15 1e-20
5547.91 1.759674949e-15 1e-20
5548.61 1.761115752e-15 1e-20
5549.31 1.763095692e-15 1e-20
5550.01 1.760895735e-15 1e-20
5550.71 1.748245722e-15 1e-20
5551.41 1.736584513e-15 1e-20
5552.11 1.727395159e-15 1e-20
5552.81 1.72793493e-15 1e-20
5553.51 1.754589893e-15 1e-20
5554.21 1.767359973e-15 1e-20
5554.91 1.742859969e-15 1e-20
5555.61 1.744012675e-15 1e-20
5556.31 1.8140227e-15 1e-20
5557.01 1.867581441e-15 1e-20
5557.71 1.876981389e-15 1e-20
5558.41 1.866948284e-15 1e-20
5559.11 1.80475256e-15 1e-20
5559.81 1.767557755e-15 1e-20
5560.51 1.802587756e-15 1e-20
5561.21 1.842017351e-15 1e-20
5561.91 1.894157523e-15 1e-20
5562.61 1.919590534e-15 1e-20
5563.31 1.867870491e-15 1e-20
5564.01 1.827407092e-15 1e-20
5564.71 1.819461923e-15 1e-20
5565.41 1.811478425e-15 1e-20
5566.11 1.803383331e-15 1e-20
5566.81 1.800195099e-15 1e-20
5567.51 1.81118154e-15 1e-20
5568.21 1.836830333e-15 1e-20
5568.91 1.908190318e-15 1e-20
5569.61 1.971270132e-15 1e-20
5570.31 2.008535135e-15 1e-20
5571.01 2.018611015e-15 1e-20
5571.71 1.94392092e-15 1e-20
5572.41 1.893929671e-15 1e-20
5573.11 1.920939646e-15 1e-20
5573.81 1.923421876e-15 1e-20
5574.51 1.849435242e-15 1e-20
5575.21 1.789946212e-15 1e-20
5575.91 1.779386253e-15 1e-20
5576.61 1.793721227e-15 1e-20
5577.31 1.892076151e-15 1e-20
5578.01 1.954744307e-15 1e-20
5578.71 1.896969249e-15 1e-20
5579.41 1.867096091e-15 1e-20
5580.11 1.931390974e-15 1e-20
5580.81 1.972264972e-15 1e-20
5581.51 1.934092585e-15 1e-20
5582.21 1.892076363e-15 1e-20
5582.91 1.83596636e-15 1e-20
5583.61 1.792292494e-15 1e-20
5584.31 1.794217588e-15 1e-20
5585.01 1.795212428e-15 1e-20
5585.71 1.792797537e-15 1e-20
5586.41 1.801506095e-15 1e-20
5587.11 1.851000983e-15 1e-20
5587.81 1.886654293e-15 1e-20
5588.51 1.871554237e-15 1e-20
5589.21 1.861002748e-15 1e-20
5589.91 1.867128913e-15 1e-20
5590.61 1.877634028e-15 1e-20
5591.31 1.905654089e-15 1e-20
5592.01 1.925277937e-15 1e-20
5592.71 1.911317987e-15 1e-20
5593.41 1.901591931e-15 1e-20
5594.11 1.908802087e-15 1e-20
5594.81 1.917374061e-15 1e-20
5595.51 1.931393938e-15 1e-20
5596.21 1.928397559e-15 1e-20
5596.91 1.857335095e-15 1e-20
5597.61 1.801548235e-15 1e-20
5598.31 1.812738175e-15 1e-20
5599.01 1.827002633e-15 1e-20
5599.71 1.854747621e-15 1e-20
5600.41 1.877515443e-15 1e-20
5601.11 1.87846052e-15 1e-20
5601.81 1.879275578e-15 1e-20
5602.51 1.879520582e-15 1e-20
5603.21 1.882810246e-15 1e-20
5603.91 1.899450208e-15 1e-20
5604.61 1.911488876e-15 1e-20
5605.31 1.903352066e-15 1e-20
5606.01 1.895536069e-15 1e-20
5606.71 1.88927099e-15 1e-20
5607.41 1.880354062e-15 1e-20
5608.11 1.858618985e-15 1e-20
5608.81 1.84592175e-15 1e-20
5609.51 1.876906638e-15 1e-20
5610.21 1.896036666e-15 1e-20
5610.91 1.857866608e-15 1e-20
5611.61 1.824355655e-15 1e-20
5612.31 1.813364344e-15 1e-20
5613.01 1.812439596e-15 1e-20
5613.71 1.865509598e-15 1e-20
5614.41 1.908965565e-15 1e-20
5615.11 1.900855648e-15 1e-20
5615.81 1.892553031e-15 1e-20
5616.51 1.883218093e-15 1e-20
5617.21 1.876265434e-15 1e-20
5617.91 1.882090268e-15 1e-20
5618.61 1.882585147e-15 1e-20
5619.31 1.854490123e-15 1e-20
5620.01 1.830718779e-15 1e-20
5620.71 1.830137926e-15 1e-20
5621.41 1.836642927e-15 1e-20
5622.11 1.885662841e-15 1e-20
5622.81 1.921312129e-15 1e-20
5623.51 1.876737232e-15 1e-20
5624.21 1.840207877e-15 1e-20
5624.91 1.851952836e-15 1e-20
5625.61 1.861145684e-15 1e-20
5626.31 1.85502566e-15 1e-20
5627.01 1.853779251e-15 1e-20
5627.71 1.881774325e-15 1e-20
5628.41 1.90454617e-15 1e-20
5629.11 1.891916062e-15 1e-20
5629.81 1.880164962e-15 1e-20
5630.51 1.874369986e-15 1e-20
5631.21 1.870434671e-15 1e-20
5631.91 1.879104689e-15 1e-20
5632.61 1.888403416e-15 1e-20
5633.31 1.901963355e-15 1e-20
5634.01 1.911749127e-15 1e-20
5634.71 1.895954292e-15 1e-20
5635.41 1.881422171e-15 1e-20
5636.11 1.875449742e-15 1e-20
5636.81 1.869902311e-15 1e-20
5637.51 1.867647298e-15 1e-20
5638.21 1.866115227e-15 1e-20
5638.91 1.87018522e-15 1e-20
5639.61 1.87242774e-15 1e-20
5640.31 1.860507657e-15 1e-20
5641.01 1.848958574e-15 1e-20
5641.71 1.840283475e-15 1e-20
5642.41 1.831581058e-15 1e-20
5643.11 1.822664766e-15 1e-20
5643.81 1.815495903e-15 1e-20
5644.51 1.824056018e-15 1e-20
5645.21 1.832547099e-15 1e-20
5645.91 1.840417094e-15 1e-20
5646.61 1.849583473e-15 1e-20
5647.31 1.870418578e-15 1e-20
5648.01 1.887205077e-15 1e-20
5648.71 1.867554971e-15 1e-20
5649.41 1.847502525e-15 1e-20
5650.11 1.82382753e-15 1e-20
5650.81 1.803635535e-15 1e-20
5651.51 1.814790748e-15 1e-20
5652.21 1.827105336e-15 1e-20
5652.91 1.851785335e-15 1e-20
5653.61 1.876926967e-15 1e-20
5654.31 1.906991978e-15 1e-20
5655.01 1.931968227e-15 1e-20
5655.71 1.902663216e-15 1e-20
5656.41 1.874425679e-15 1e-20
5657.11 1.857575652e-15 1e-20
5657.81 1.840879362e-15 1e-20
5658.51 1.825821869e-15 1e-20
5659.21 1.812557545e-15 1e-20
5659.91 1.822602509e-15 1e-20
5660.61 1.83311927e-15 1e-20
5661.31 1.849769185e-15 1e-20
5662.01 1.865009002e-15 1e-20
5662.71 1.861913943e-15 1e-20
5663.41 1.85860395e-15 1e-20
5664.11 1.85249896e-15 1e-20
5664.81 1.846077604e-15 1e-20
5665.51 1.83554242e-15 1e-20
5666.21 1.824323892e-15 1e-20
5666.91 1.804217447e-15 1e-20
5667.61 1.787637412e-15 1e-20
5668.31 1.8292424e-15 1e-20
5669.01 1.867942912e-15 1e-20
5669.71 1.858717876e-15 1e-20
5670.41 1.850168349e-15 1e-20
5671.11 1.852763235e-15 1e-20
5671.81 1.855550608e-15 1e-20
5672.51 1.861510544e-15 1e-20
5673.21 1.867808234e-15 1e-20
5673.91 1.879678554e-15 1e-20
5674.61 1.890729792e-15 1e-20
5675.31 1.883489778e-15 1e-20
5676.01 1.876364961e-15 1e-20
5676.71 1.871814911e-15 1e-20
5677.41 1.866092145e-15 1e-20
5678.11 1.834177214e-15 1e-20
5678.81 1.802872147e-15 1e-20
5679.51 1.785187158e-15 1e-20
5680.21 1.767596825e-15 1e-20
5680.91 1.752121744e-15 1e-20
5681.61 1.739680207e-15 1e-20
5682.31 1.794985211e-15 1e-20
5683.01 1.847930276e-15 1e-20
5683.71 1.820640357e-15 1e-20
5684.41 1.794176295e-15 1e-20
5685.11 1.795796246e-15 1e-20
5685.81 1.797779361e-15 1e-20
5686.51 1.812104383e-15 1e-20
5687.21 1.82619774e-15 1e-20
5687.91 1.832417715e-15 1e-20
5688.61 1.837011386e-15 1e-20
5689.31 1.786308418e-15 1e-20
5690.01 1.736790236e-15 1e-20
5690.71 1.769005229e-15 1e-20
5691.41 1.800249521e-15 1e-20
5692.11 1.764519554e-15 1e-20
5692.81 1.729392674e-15 1e-20
5693.51 1.735877664e-15 1e-20
5694.21 1.742401194e-15 1e-20
5694.91 1.751581126e-15 1e-20
5695.61 1.760543687e-15 1e-20
5696.31 1.754498625e-15 1e-20
5697.01 1.748723872e-15 1e-20
5697.71 1.76159189e-15 1e-20
5698.41 1.774460015e-15 1e-20
5699.11 1.776919905e-15 1e-20
5699.81 1.7793799e-15 1e-20
5700.51 1.761895022e-15 1e-20
5701.21 1.744410039e-15 1e-20
5701.91 1.731980042e-15 1e-20
5702.61 1.719550045e-15 1e-20
5703.31 1.70011498e-15 1e-20
5704.01 1.680680021e-15 1e-20
5704.71 1.69806082e-15 1e-20
5705.41 1.715441724e-15 1e-20
5706.11 1.718878772e-15 1e-20
5706.81 1.722113802e-15 1e-20
5707.51 1.760795044e-15 1e-20
5708.21 1.799990117e-15 1e-20
5708.91 1.782580414e-15 1e-20
5709.61 1.764350465e-15 1e-20
5710.31 1.713522877e-15 1e-20
5711.01 1.662222856e-15 1e-20
5711.71 1.69630545e-15 1e-20
5712.41 1.731625453e-15 1e-20
5713.11 1.726282157e-15 1e-20
5713.81 1.720349539e-15 1e-20
5714.51 1.720257741e-15 1e-20
5715.21 1.72033768e-15 1e-20
5715.91 1.709052025e-15 1e-20
5716.61 1.697432003e-15 1e-20
5717.31 1.691441469e-15 1e-20
5718.01 1.685616423e-15 1e-20
5718.71 1.710566308e-15 1e-20
5719.41 1.736421248e-15 1e-20
5720.11 1.710041995e-15 1e-20
5720.81 1.682126436e-15 1e-20
5721.51 1.674249135e-15 1e-20
5722.21 1.66726916e-15 1e-20
5722.91 1.645223751e-15 1e-20
5723.61 1.622503681e-15 1e-20
5724.31 1.618869168e-15 1e-20
5725.01 1.6160891e-15 1e-20
5725.71 1.627594455e-15 1e-20
5726.41 1.639739531e-15 1e-20
5727.11 1.612367132e-15 1e-20
5727.81 1.583225281e-15 1e-20
5728.51 1.601228013e-15 1e-20
5729.21 1.622087999e-15 1e-20
5729.91 1.637814119e-15 1e-20
5730.61 1.653229166e-15 1e-20
5731.31 1.609602416e-15 1e-20
5732.01 1.562397376e-15 1e-20
5732.71 1.576449864e-15 1e-20
5733.41 1.594214898e-15 1e-20
5734.11 1.585758968e-15 1e-20
5734.81 1.575714004e-15 1e-20
5735.51 1.577906337e-15 1e-20
5736.21 1.580840459e-15 1e-20
5736.91 1.541557824e-15 1e-20
5737.61 1.499027876e-15 1e-20
5738.31 1.496082849e-15 1e-20
5739.01 1.496182904e-15 1e-20
5739.71 1.520374695e-15 1e-20
5740.41 1.546419687e-15 1e-20
5741.11 1.546668927e-15 1e-20
5741.81 1.544933886e-15 1e-20
5742.51 1.547732694e-15 1e-20
5743.21 1.550880163e-15 1e-20
5743.91 1.532402563e-15 1e-20
5744.61 1.511897589e-15 1e-20
5745.31 1.491401721e-15 1e-20
5746.01 1.4709067e-15 1e-20
5746.71 1.488482528e-15 1e-20
5747.41 1.509627541e-15 1e-20
5748.11 1.501611433e-15 1e-20
5748.81 1.49086142e-15 1e-20
5749.51 1.476573139e-15 1e-20
5750.21 1.461953138e-15 1e-20
5750.91 1.46606506e-15 1e-20
5751.61 1.471933198e-15 1e-20
5752.31 1.48084949e-15 1e-20
5753.01 1.49010449e-15 1e-20
5753.71 1.474469956e-15 1e-20
5754.41 1.456069965e-15 1e-20
5755.11 1.439902012e-15 1e-20
5755.81 1.423982028e-15 1e-20
5756.51 1.423276449e-15 1e-20
5757.21 1.424261549e-15 1e-20
5757.91 1.442375348e-15 1e-20
5758.61 1.462392325e-15 1e-20
5759.31 1.466894305e-15 1e-20
5760.01 1.469394323e-15 1e-20
5760.71 1.479874556e-15 1e-20
5761.41 1.491384569e-15 1e-20
5762.11 1.505325884e-15 1e-20
5762.81 1.519580813e-15 1e-20
5763.51 1.530177831e-15 1e-20
5764.21 1.540302839e-15 1e-20
5764.91 1.535751519e-15 1e-20
5765.61 1.529306551e-15 1e-20
5766.31 1.505225511e-15 1e-20
5767.01 1.478868704e-15 1e-20
5767.71 1.456705028e-15 1e-20
5768.41 1.43516011e-15 1e-20
5769.11 1.449661737e-15 1e-20
5769.81 1.469481673e-15 1e-20
5770.51 1.48330631e-15 1e-20
5771.21 1.496246326e-15 1e-20
5771.91 1.509534897e-15 1e-20
5772.61 1.522874818e-15 1e-20
5773.31 1.496542999e-15 1e-20
5774.01 1.464357865e-15 1e-20
5774.71 1.449731406e-15 1e-20
5775.41 1.438031446e-15 1e-20
5776.11 1.437911379e-15 1e-20
5776.81 1.439721382e-15 1e-20
5777.51 1.474111449e-15 1e-20
5778.21 1.513931421e-15 1e-20
5778.91 1.524925697e-15 1e-20
5779.61 1.531115708e-15 1e-20
5780.31 1.521444286e-15 1e-20
5781.01 1.509129274e-15 1e-20
5781.71 1.486740181e-15 1e-20
5782.41 1.462672163e-15 1e-20
5783.11 1.463087421e-15 1e-20
5783.81 1.468067446e-15 1e-20
5784.51 1.49973229e-15 1e-20
5785.21 1.536372288e-15 1e-20
5785.91 1.525361389e-15 1e-20
5786.61 1.505466386e-15 1e-20
5787.31 1.497712752e-15 1e-20
5788.01 1.492222708e-15 1e-20
5788.71 1.492192744e-15 1e-20
5789.41 1.493180596e-15 1e-20
5790.11 1.516255891e-15 1e-20
5790.81 1.543900823e-15 1e-20
5791.51 1.534910521e-15 1e-20
5792.21 1.518340545e-15 1e-20
5792.91 1.498265758e-15 1e-20
5793.61 1.4774657e-15 1e-20
5794.31 1.496246538e-15 1e-20
5795.01 1.523216596e-15 1e-20
5795.71 1.542824668e-15 1e-20
5796.41 1.560909668e-15 1e-20
5797.11 1.566794853e-15 1e-20
5797.81 1.570155774e-15 1e-20
5798.51 1.592586583e-15 1e-20
5799.21 1.619366588e-15 1e-20
5799.91 1.610904306e-15 1e-20
5800.61 1.594404316e-15 1e-20
5801.31 1.594690824e-15 1e-20
5802.01 1.598805816e-15 1e-20
5802.71 1.593601328e-15 1e-20
5803.41 1.586271317e-15 1e-20
5804.11 1.547568899e-15 1e-20
5804.81 1.501711488e-15 1e-20
5805.51 1.510891949e-15 1e-20
5806.21 1.533832037e-15 1e-20
5806.91 1.565404025e-15 1e-20
5807.61 1.599134042e-15 1e-20
5808.31 1.599535959e-15 1e-20
5809.01 1.591606036e-15 1e-20
5809.71 1.567943959e-15 1e-20
5810.41 1.540349002e-15 1e-20
5811.11 1.553413956e-15 1e-20
5811.81 1.576644046e-15 1e-20
5812.51 1.583025593e-15 1e-20
5813.21 1.585195056e-15 1e-20
5813.91 1.576474957e-15 1e-20
5814.61 1.56478495e-15 1e-20
5815.31 1.567300744e-15 1e-20
5816.01 1.57369076e-15 1e-20
5816.71 1.567418905e-15 1e-20
5817.41 1.557693908e-15 1e-20
5818.11 1.555810318e-15 1e-20
5818.81 1.556065381e-15 1e-20
5819.51 1.555074564e-15 1e-20
5820.21 1.553744087e-15 1e-20
5820.91 1.564340258e-15 1e-20
5821.61 1.578470249e-15 1e-20
5822.31 1.583188858e-15 1e-20
5823.01 1.585118823e-15 1e-20
5823.71 1.582744272e-15 1e-20
5824.41 1.579094301e-15 1e-20
5825.11 1.57674029e-15 1e-20
5825.81 1.574770304e-15 1e-20
5826.51 1.582236158e-15 1e-20
5827.21 1.592497856e-15 1e-20
5827.91 1.610163152e-15 1e-20
5828.61 1.630203104e-15 1e-20
5829.31 1.628092933e-15 1e-20
5830.01 1.618877956e-15 1e-20
5830.71 1.616908816e-15 1e-20
5831.41 1.617263829e-15 1e-20
5832.11 1.620499707e-15 1e-20
5832.81 1.624659697e-15 1e-20
5833.51 1.627994466e-15 1e-20
5834.21 1.631064431e-15 1e-20
5834.91 1.613846369e-15 1e-20
5835.61 1.59012087e-15 1e-20
5836.31 1.576160602e-15 1e-20
5837.01 1.565580526e-15 1e-20
5837.71 1.581992318e-15 1e-20
5838.41 1.607747308e-15 1e-20
5839.11 1.618767736e-15 1e-20
5839.81 1.624687755e-15 1e-20
5840.51 1.645357159e-15 1e-20
5841.21 1.67113216e-15 1e-20
5841.91 1.688839701e-15 1e-20
5842.61 1.703754681e-15 1e-20
5843.31 1.677020627e-15 1e-20
5844.01 1.635869543e-15 1e-20
5844.71 1.600292889e-15 1e-20
5845.41 1.566792841e-15 1e-20
5846.11 1.572347895e-15 1e-20
5846.81 1.592452963e-15 1e-20
5847.51 1.627457235e-15 1e-20
5848.21 1.66801222e-15 1e-20
5848.91 1.685245635e-15 1e-20
5849.61 1.693790609e-15 1e-20
5850.31 1.679507833e-15 1e-20
5851.01 1.656720635e-15 1e-20
5851.71 1.67024574e-15 1e-20
5852.41 1.698295765e-15 1e-20
5853.11 1.710749267e-15 1e-20
5853.81 1.716964266e-15 1e-20
5854.51 1.703764951e-15 1e-20
5855.21 1.682800039e-15 1e-20
5855.91 1.66064928e-15 1e-20
5856.61 1.638024289e-15 1e-20
5857.31 1.644924325e-15 1e-20
5858.01 1.66363433e-15 1e-20
5858.71 1.688107653e-15 1e-20
5859.41 1.714886388e-15 1e-20
5860.11 1.719930998e-15 1e-20
5860.81 1.715660999e-15 1e-20
5861.51 1.710848476e-15 1e-20
5862.21 1.705803548e-15 1e-20
5862.91 1.708510983e-15 1e-20
5863.61 1.71454101e-15 1e-20
5864.31 1.714379545e-15 1e-20
5865.01 1.711564536e-15 1e-20
5865.71 1.692451026e-15 1e-20
5866.41 1.666352459e-15 1e-20
5867.11 1.674469999e-15 1e-20
5867.81 1.698270037e-15 1e-20
5868.51 1.709209467e-15 1e-20
5869.21 1.714254395e-15 1e-20
5869.91 1.713858302e-15 1e-20
5870.61 1.710968331e-15 1e-20
5871.31 1.696314873e-15 1e-20
5872.01 1.676269838e-15 1e-20
5872.71 1.672536858e-15 1e-20
5873.41 1.676280108e-15 1e-20
5874.11 1.684653982e-15 1e-20
5874.81 1.695293986e-15 1e-20
5875.51 1.700226895e-15 1e-20
5876.21 1.702366817e-15 1e-20
5876.91 1.723102078e-15 1e-20
5877.61 1.75293712e-15 1e-20
5878.31 1.745947615e-15 1e-20
5879.01 1.720937591e-15 1e-20
5879.71 1.717305832e-15 1e-20
5880.41 1.724135882e-15 1e-20
5881.11 1.744946634e-15 1e-20
5881.81 1.772599189e-15 1e-20
5882.51 1.759116119e-15 1e-20
5883.21 1.72417114e-15 1e-20
5883.91 1.686617299e-15 1e-20
5884.61 1.647702276e-15 1e-20
5885.31 1.637879023e-15 1e-20
5886.01 1.643233965e-15 1e-20
5886.71 1.657003756e-15 1e-20
5887.41 1.675163719e-15 1e-20
5888.11 1.664702756e-15 1e-20
5888.81 1.639309132e-15 1e-20
5889.51 1.630031051e-15 1e-20
5890.21 1.629706108e-15 1e-20
5890.91 1.615099977e-15 1e-20
5891.61 1.592560007e-15 1e-20
5892.31 1.566378219e-15 1e-20
5893.01 1.538173186e-15 1e-20
5893.71 1.547273179e-15 1e-20
5894.41 1.577098162e-15 1e-20
5895.11 1.563556117e-15 1e-20
5895.81 1.525921067e-15 1e-20
5896.51 1.530904479e-15 1e-20
5897.21 1.559564792e-15 1e-20
5897.91 1.615749969e-15 1e-20
5898.61 1.68819998e-15 1e-20
5899.31 1.707959988e-15 1e-20
5900.01 1.69658497e-15 1e-20
5900.71 1.674037165e-15 1e-20
5901.41 1.644887162e-15 1e-20
5902.11 1.668666023e-15 1e-20
5902.81 1.723721047e-15 1e-20
5903.51 1.733026445e-15 1e-20
5904.21 1.715298046e-15 1e-20
5904.91 1.726400213e-15 1e-20
5905.61 1.755605167e-15 1e-20
5906.31 1.751006096e-15 1e-20
5907.01 1.72518112e-15 1e-20
5907.71 1.722431757e-15 1e-20
5908.41 1.73417174e-15 1e-20
5909.11 1.735195485e-15 1e-20
5909.81 1.729490506e-15 1e-20
5910.51 1.723760964e-15 1e-20
5911.21 1.718015963e-15 1e-20
5911.91 1.722814193e-15 1e-20
5912.61 1.73423262e-15 1e-20
5913.31 1.727414958e-15 1e-20
5914.01 1.708440044e-15 1e-20
5914.71 1.703637049e-15 1e-20
5915.41 1.708281966e-15 1e-20
5916.11 1.708960969e-15 1e-20
5916.81 1.706995958e-15 1e-20
5917.51 1.709531022e-15 1e-20
5918.21 1.715065959e-15 1e-20
5918.91 1.717199529e-15 1e-20
5919.61 1.717065486e-15 1e-20
5920.31 1.710611095e-15 1e-20
5921.01 1.699686064e-15 1e-20
5921.71 1.694129104e-15 1e-20
5922.41 1.692369182e-15 1e-20
5923.11 1.724343405e-15 1e-20
5923.81 1.78017844e-15 1e-20
5924.51 1.77236382e-15 1e-20
5925.21 1.719528764e-15 1e-20
5925.91 1.684048459e-15 1e-20
5926.61 1.660843462e-15 1e-20
5927.31 1.659235159e-15 1e-20
5928.01 1.672902565e-15 1e-20
5928.71 1.696771424e-15 1e-20
5929.41 1.728291425e-15 1e-20
5930.11 1.744617138e-15 1e-20
5930.81 1.749547188e-15 1e-20
5931.51 1.735517146e-15 1e-20
5932.21 1.707267115e-15 1e-20
5932.91 1.685611447e-15 1e-20
5933.61 1.668901393e-15 1e-20
5934.31 1.672196774e-15 1e-20
5935.01 1.690496074e-15 1e-20
5935.71 1.679718427e-15 1e-20
5936.41 1.645828427e-15 1e-20
5937.11 1.634689308e-15 1e-20
5937.81 1.641634343e-15 1e-20
5938.51 1.618426805e-15 1e-20
5939.21 1.571251835e-15 1e-20
5939.91 1.542604545e-15 1e-20
5940.61 1.528684617e-15 1e-20
5941.31 1.518945962e-15 1e-20
5942.01 1.512530958e-15 1e-20
5942.71 1.50875785e-15 1e-20
5943.41 1.507084854e-15 1e-20
5944.11 1.508485952e-15 1e-20
5944.81 1.512476007e-15 1e-20
5945.51 1.504493251e-15 1e-20
5946.21 1.486428261e-15 1e-20
5946.91 1.501708312e-15 1e-20
5947.61 1.545068246e-15 1e-20
5948.31 1.593835109e-15 1e-20
5949.01 1.647155092e-15 1e-20
5949.71 1.682369428e-15 1e-20
5950.41 1.702336854e-15 1e-20
5951.11 1.691772659e-15 1e-20
5951.81 1.653977625e-15 1e-20
5952.51 1.643816406e-15 1e-20
5953.21 1.658301305e-15 1e-20
5953.91 1.667331523e-15 1e-20
5954.61 1.67149649e-15 1e-20
5955.31 1.676668473e-15 1e-20
5956.01 1.682738417e-15 1e-20
5956.71 1.686699461e-15 1e-20
5957.41 1.688779456e-15 1e-20
5958.11 1.691345013e-15 1e-20
5958.81 1.69434351e-15 1e-20
5959.51 1.693807126e-15 1e-20
5960.21 1.689932162e-15 1e-20
5960.91 1.673313164e-15 1e-20
5961.61 1.644658145e-15 1e-20
5962.31 1.650061686e-15 1e-20
5963.01 1.687631726e-15 1e-20
5963.71 1.71382315e-15 1e-20
5964.41 1.72926816e-15 1e-20
5965.11 1.715034725e-15 1e-20
5965.81 1.672771592e-15 1e-20
5966.51 1.649052552e-15 1e-20
5967.21 1.643877498e-15 1e-20
5967.91 1.642337487e-15 1e-20
5968.61 1.644432517e-15 1e-20
5969.31 1.63987495e-15 1e-20
5970.01 1.628664998e-15 1e-20
5970.71 1.619220052e-15 1e-20
5971.41 1.611540004e-15 1e-20
5972.11 1.608387559e-15 1e-20
5972.81 1.609762717e-15 1e-20
5973.51 1.615263984e-15 1e-20
5974.21 1.625134036e-15 1e-20
5974.91 1.63645876e-15 1e-20
5975.61 1.649323708e-15 1e-20
5976.31 1.641596862e-15 1e-20
5977.01 1.612066858e-15 1e-20
5977.71 1.60402481e-15 1e-20
5978.41 1.618734808e-15 1e-20
5979.11 1.605824755e-15 1e-20
5979.81 1.563669725e-15 1e-20
5980.51 1.553595856e-15 1e-20
5981.21 1.577490126e-15 1e-20
5981.91 1.574885818e-15 1e-20
5982.61 1.54257077e-15 1e-20
5983.31 1.531960306e-15 1e-20
5984.01 1.54568531e-15 1e-20
5984.71 1.55443209e-15 1e-20
5985.41 1.557597028e-15 1e-20
5986.11 1.555241641e-15 1e-20
5986.81 1.546696667e-15 1e-20
5987.51 1.533222808e-15 1e-20
5988.21 1.514222906e-15 1e-20
5988.91 1.514337467e-15 1e-20
5989.61 1.53588355e-15 1e-20
5990.31 1.541545754e-15 1e-20
5991.01 1.528345698e-15 1e-20
5991.71 1.51734454e-15 1e-20
5992.41 1.508954573e-15 1e-20
5993.11 1.496569151e-15 1e-20
5993.81 1.479439181e-15 1e-20
5994.51 1.469036028e-15 1e-20
5995.21 1.466621031e-15 1e-20
5995.91 1.465709412e-15 1e-20
5996.61 1.466583232e-15 1e-20
5997.31 1.449944752e-15 1e-20
5998.01 1.411274734e-15 1e-20
5998.71 1.374726003e-15 1e-20
5999.41 1.340845956e-15 1e-20
6000.11 1.325503966e-15 1e-20
6000.81 1.333483969e-15 1e-20
6001.51 1.348788901e-15 1e-20
6002.21 1.373308811e-15 1e-20
6002.91 1.36949928e-15 1e-20
6003.61 1.33004925e-15 1e-20
6004.31 1.313643387e-15 1e-20
6005.01 1.326228496e-15 1e-20
6005.71 1.352776415e-15 1e-20
6006.41 1.397941376e-15 1e-20
6007.11 1.410140662e-15 1e-20
6007.81 1.378385715e-15 1e-20
6008.51 1.350155695e-15 1e-20
6009.21 1.326625755e-15 1e-20
6009.91 1.334490668e-15 1e-20
6010.61 1.384215737e-15 1e-20
6011.31 1.399749156e-15 1e-20
6012.01 1.36969378e-15 1e-20
6012.71 1.341040985e-15 1e-20
6013.41 1.314370988e-15 1e-20
6014.11 1.301264741e-15 1e-20
6014.81 1.307334685e-15 1e-20
6015.51 1.312478822e-15 1e-20
6016.21 1.316313764e-15 1e-20
6016.91 1.31564969e-15 1e-20
6017.61 1.308624611e-15 1e-20
6018.31 1.298825181e-15 1e-20
6019.01 1.285103141e-15 1e-20
6019.71 1.259612002e-15 1e-20
6020.41 1.216467002e-15 1e-20
6021.11 1.194986035e-15 1e-20
6021.81 1.206000957e-15 1e-20
6022.51 1.220777977e-15 1e-20
6023.21 1.241198035e-15 1e-20
6023.91 1.24532605e-15 1e-20
6024.61 1.225016e-15 1e-20
6025.31 1.220049952e-15 1e-20
6026.01 1.238100012e-15 1e-20
6026.71 1.239243189e-15 1e-20
6027.41 1.215026199e-15 1e-20
6028.11 1.200182794e-15 1e-20
6028.81 1.200267815e-15 1e-20
6029.51 1.207274472e-15 1e-20
6030.21 1.225304415e-15 1e-20
6030.91 1.244788608e-15 1e-20
6031.61 1.266588589e-15 1e-20
6032.31 1.272969606e-15 1e-20
6033.01 1.254794608e-15 1e-20
6033.71 1.232529394e-15 1e-20
6034.41 1.203749967e-15 1e-20
6035.11 1.181830555e-15 1e-20
6035.81 1.171520576e-15 1e-20
6036.51 1.16770501e-15 1e-20
6037.21 1.174880014e-15 1e-20
6037.91 1.181423555e-15 1e-20
6038.61 1.186898565e-15 1e-20
6039.31 1.198461305e-15 1e-20
6040.01 1.220326296e-15 1e-20
6040.71 1.231005688e-15 1e-20
6041.41 1.222755693e-15 1e-20
6042.11 1.210476256e-15 1e-20
6042.81 1.191377675e-15 1e-20
6043.51 1.180764246e-15 1e-20
6044.21 1.185424304e-15 1e-20
6044.91 1.175253979e-15 1e-20
6045.61 1.138388882e-15 1e-20
6046.31 1.118300754e-15 1e-20
6047.01 1.128410728e-15 1e-20
6047.71 1.133163536e-15 1e-20
6048.41 1.128273614e-15 1e-20
6049.11 1.123961581e-15 1e-20
6049.81 1.120689917e-15 1e-20
6050.51 1.121495445e-15 1e-20
6051.21 1.130115382e-15 1e-20
6051.91 1.129193704e-15 1e-20
6052.61 1.109983738e-15 1e-20
6053.31 1.097701125e-15 1e-20
6054.01 1.098696177e-15 1e-20
6054.71 1.110544262e-15 1e-20
6055.41 1.143194311e-15 1e-20
6056.11 1.163996805e-15 1e-20
6056.81 1.162091828e-15 1e-20
6057.51 1.155927652e-15 1e-20
6058.21 1.141599984e-15 1e-20
6058.91 1.131528233e-15 1e-20
6059.61 1.13015318e-15 1e-20
6060.31 1.126696757e-15 1e-20
6061.01 1.118986745e-15 1e-20
6061.71 1.115027396e-15 1e-20
6062.41 1.118732318e-15 1e-20
6063.11 1.108348223e-15 1e-20
6063.81 1.069173267e-15 1e-20
6064.51 1.032427707e-15 1e-20
6065.21 1.000646713e-15 1e-20
6065.91 9.930072173e-16 1e-20
6066.61 1.038040253e-15 1e-20
6067.31 1.073904581e-15 1e-20
6068.01 1.089764532e-15 1e-20
6068.71 1.096266675e-15 1e-20
6069.41 1.082351723e-15 1e-20
6070.11 1.067311594e-15 1e-20
6070.81 1.049816552e-15 1e-20
6071.51 1.041809868e-15 1e-20
6072.21 1.05450488e-15 1e-20
6072.91 1.062464237e-15 1e-20
6073.61 1.060091168e-15 1e-20
6074.31 1.058531992e-15 1e-20
6075.01 1.05887197e-15 1e-20
6075.71 1.06482947e-15 1e-20
6076.41 1.083894488e-15 1e-20
6077.11 1.097867037e-15 1e-20
6077.81 1.099956985e-15 1e-20
6078.51 1.085875168e-15 1e-20
6079.21 1.034059198e-15 1e-20
6079.91 9.953021471e-16 1e-20
6080.61 9.870158356e-16 1e-20
6081.31 9.860517003e-16 1e-20
6082.01 1.003393218e-15 1e-20
6082.71 1.016297129e-15 1e-20
6083.41 1.018107133e-15 1e-20
6084.11 1.023317127e-15 1e-20
6084.81 1.037027096e-15 1e-20
6085.51 1.039464116e-15 1e-20
6086.21 1.013718655e-15 1e-20
6086.91 9.838349092e-16 1e-20
6087.61 9.43605397e-16 1e-20
6088.31 9.182603713e-16 1e-20
6089.01 9.301265617e-16 1e-20
6089.71 9.423903283e-16 1e-20
6090.41 9.557208269e-16 1e-20
6091.11 9.643449987e-16 1e-20
6091.81 9.603365212e-16 1e-20
6092.51 9.588222381e-16 1e-20
6093.21 9.64003221e-16 1e-20
6093.91 9.672699094e-16 1e-20
6094.61 9.653978607e-16 1e-20
6095.31 9.644544778e-16 1e-20
6096.01 9.660033834e-16 1e-20
6096.71 9.713009392e-16 1e-20
6097.41 9.874279171e-16 1e-20
6098.11 9.986949376e-16 1e-20
6098.81 9.959219635e-16 1e-20
6099.51 9.893799045e-16 1e-20
6100.21 9.719493429e-16 1e-20
6100.91 9.561480492e-16 1e-20
6101.61 9.450529763e-16 1e-20
6102.31 9.396410711e-16 1e-20
6103.01 9.506470996e-16 1e-20
6103.71 9.630299801e-16 1e-20
6104.41 9.793906332e-16 1e-20
6105.11 9.896687428e-16 1e-20
6105.81 9.809837963e-16 1e-20
6106.51 9.682484442e-16 1e-20
6107.21 9.42885419e-16 1e-20
6107.91 9.212154575e-16 1e-20
6108.61 9.110588972e-16 1e-20
6109.31 9.014501554e-16 1e-20
6110.01 8.93549138e-16 1e-20
6110.71 8.878927578e-16 1e-20
6111.41 8.892341404e-16 1e-20
6112.11 8.901364422e-16 1e-20
6112.81 8.895564364e-16 1e-20
6113.51 8.898741797e-16 1e-20
6114.21 8.932216539e-16 1e-20
6114.91 8.985595496e-16 1e-20
6115.61 9.106150519e-16 1e-20
6116.31 9.218340033e-16 1e-20
6117.01 9.302294762e-16 1e-20
6117.71 9.393078695e-16 1e-20
6118.41 9.506910394e-16 1e-20
6119.11 9.534481316e-16 1e-20
6119.81 9.245761666e-16 1e-20
6120.51 9.033837199e-16 1e-20
6121.21 9.103497189e-16 1e-20
6121.91 9.211779763e-16 1e-20
6122.61 9.461679893e-16 1e-20
6123.31 9.636507494e-16 1e-20
6124.01 9.536067386e-16 1e-20
6124.71 9.373053777e-16 1e-20
6125.41 8.980603296e-16 1e-20
6126.11 8.671498739e-16 1e-20
6126.81 8.66799414e-16 1e-20
6127.51 8.709867214e-16 1e-20
6128.21 8.933252036e-16 1e-20
6128.91 9.111401065e-16 1e-20
6129.61 9.108605856e-16 1e-20
6130.31 9.173377407e-16 1e-20
6131.01 9.50841176e-16 1e-20
6131.71 9.751289987e-16 1e-20
6132.41 9.625539476e-16 1e-20
6133.11 9.46036911e-16 1e-20
6133.81 9.13751509e-16 1e-20
6134.51 8.924781707e-16 1e-20
6135.21 9.194881456e-16 1e-20
6135.91 9.502178656e-16 1e-20
6136.61 9.972567815e-16 1e-20
6137.31 1.032085506e-15 1e-20
6138.01 1.013376454e-15 1e-20
6138.71 9.967447501e-16 1e-20
6139.41 9.892212976e-16 1e-20
6140.11 9.760517352e-16 1e-20
6140.81 9.381261527e-16 1e-20
6141.51 9.076415428e-16 1e-20
6142.21 9.097823127e-16 1e-20
6142.91 9.125084882e-16 1e-20
6143.61 9.180644949e-16 1e-20
6144.31 9.233352633e-16 1e-20
6145.01 9.272278032e-16 1e-20
6145.71 9.351673607e-16 1e-20
6146.41 9.626678735e-16 1e-20
6147.11 9.791776044e-16 1e-20
6147.81 9.425656641e-16 1e-20
6148.51 9.129197227e-16 1e-20
6149.21 9.169432351e-16 1e-20
6149.91 9.311487188e-16 1e-20
6150.61 9.945672402e-16 1e-20
6151.31 1.047658524e-15 1e-20
6152.01 1.045358618e-15 1e-20
6152.71 1.043313139e-15 1e-20
6153.41 1.042633184e-15 1e-20
6154.11 1.041974404e-15 1e-20
6154.81 1.041429338e-15 1e-20
6155.51 1.042350486e-15 1e-20
6156.21 1.051135489e-15 1e-20
6156.91 1.05823733e-15 1e-20
6157.61 1.056311072e-15 1e-20
6158.31 1.051129983e-15 1e-20
6159.01 1.02642002e-15 1e-20
6159.71 1.00776719e-15 1e-20
6160.41 1.025457155e-15 1e-20
6161.11 1.04686856e-15 1e-20
6161.81 1.0906086e-15 1e-20
6162.51 1.125432878e-15 1e-20
6163.21 1.106762895e-15 1e-20
6163.91 1.08843522e-15 1e-20
6164.61 1.072161387e-15 1e-20
6165.31 1.059759449e-15 1e-20
6166.01 1.073599438e-15 1e-20
6166.71 1.086304826e-15 1e-20
6167.41 1.09131979e-15 1e-20
6168.11 1.097455273e-15 1e-20
6168.81 1.111185254e-15 1e-20
6169.51 1.121550608e-15 1e-20
6170.21 1.109110553e-15 1e-20
6170.91 1.096949595e-15 1e-20
6171.61 1.086679532e-15 1e-20
6172.31 1.081306379e-15 1e-20
6173.01 1.109122729e-15 1e-20
6173.71 1.133340565e-15 1e-20
6174.41 1.129670583e-15 1e-20
6175.11 1.123499419e-15 1e-20
6175.81 1.097944435e-15 1e-20
6176.51 1.078446584e-15 1e-20
6177.21 1.105891616e-15 1e-20
6177.91 1.130868606e-15 1e-20
6178.61 1.136718533e-15 1e-20
6179.31 1.143215699e-15 1e-20
6180.01 1.154728465e-15 1e-20
6180.71 1.167355503e-15 1e-20
6181.41 1.190010458e-15 1e-20
6182.11 1.21298305e-15 1e-20
6182.81 1.238813002e-15 1e-20
6183.51 1.260043459e-15 1e-20
6184.21 1.239878464e-15 1e-20
6184.91 1.220514973e-15 1e-20
6185.61 1.208365026e-15 1e-20
6186.31 1.201809521e-15 1e-20
6187.01 1.245604512e-15 1e-20
6187.71 1.283868696e-15 1e-20
6188.41 1.27235593e-15 1e-20
6189.11 1.262491702e-15 1e-20
6189.81 1.270211666e-15 1e-20
6190.51 1.278101884e-15 1e-20
6191.21 1.28780687e-15 1e-20
6191.91 1.298413523e-15 1e-20
6192.61 1.318638552e-15 1e-20
6193.31 1.335555388e-15 1e-20
6194.01 1.317185467e-15 1e-20
6194.71 1.3001096e-15 1e-20
6195.41 1.296837935e-15 1e-20
6196.11 1.294792457e-15 1e-20
6196.81 1.308687503e-15 1e-20
6197.51 1.320251091e-15 1e-20
6198.21 1.30150604e-15 1e-20
6198.91 1.285100706e-15 1e-20
6199.61 1.299110737e-15 1e-20
6200.31 1.311735339e-15 1e-20
6201.01 1.306350327e-15 1e-20
6201.71 1.302911056e-15 1e-20
6202.41 1.324766094e-15 1e-20
6203.11 1.346037315e-15 1e-20
6203.81 1.359719544e-15 1e-20
6204.51 1.372029685e-15 1e-20
6205.21 1.361699695e-15 1e-20
6205.91 1.349879139e-15 1e-20
6206.61 1.313464133e-15 1e-20
6207.31 1.280354039e-15 1e-20
6208.01 1.30177402e-15 1e-20
6208.71 1.323687398e-15 1e-20
6209.41 1.353742456e-15 1e-20
6210.11 1.381914348e-15 1e-20
6210.81 1.37901506e-15 1e-20
6211.51 1.376554747e-15 1e-20
6212.21 1.383899793e-15 1e-20
6212.91 1.390954625e-15 1e-20
6213.61 1.391529654e-15 1e-20
6214.31 1.392855473e-15 1e-20
6215.01 1.410950532e-15 1e-20
6215.71 1.42861011e-15 1e-20
6216.41 1.436545115e-15 1e-20
6217.11 1.444290172e-15 1e-20
6217.81 1.447795194e-15 1e-20
6218.51 1.450687918e-15 1e-20
6219.21 1.439904871e-15 1e-20
6219.91 1.429163964e-15 1e-20
6220.61 1.419854013e-15 1e-20
6221.31 1.41126584e-15 1e-20
6222.01 1.42722087e-15 1e-20
6222.71 1.443013693e-15 1e-20
6223.41 1.453293709e-15 1e-20
6224.11 1.462842311e-15 1e-20
6224.81 1.447522238e-15 1e-20
6225.51 1.432821028e-15 1e-20
6226.21 1.439155776e-15 1e-20
6226.91 1.445948027e-15 1e-20
6227.61 1.484308032e-15 1e-20
6228.31 1.521865685e-15 1e-20
6229.01 1.504065711e-15 1e-20
6229.71 1.487028808e-15 1e-20
6230.41 1.52264379e-15 1e-20
6231.11 1.557669026e-15 1e-20
6231.81 1.551998987e-15 1e-20
6232.51 1.546438216e-15 1e-20
6233.21 1.548413179e-15 1e-20
6233.91 1.550525468e-15 1e-20
6234.61 1.56210769e-15 1e-20
6235.31 1.573690019e-15 1e-20
6236.01 1.56554495e-15 1e-20
6236.71 1.557399987e-15 1e-20
6237.41 1.52303999e-15 1e-20
6238.11 1.488679992e-15 1e-20
6238.81 1.501620009e-15 1e-20
6239.51 1.514560025e-15 1e-20
6240.21 1.529090029e-15 1e-20
6240.91 1.543620032e-15 1e-20
6241.61 1.530771812e-15 1e-20
6242.31 1.517923593e-15 1e-20
6243.01 1.538183668e-15 1e-20
6243.71 1.558923694e-15 1e-20
6244.41 1.564370327e-15 1e-20
6245.11 1.569595356e-15 1e-20
6245.81 1.555308133e-15 1e-20
6246.51 1.540738108e-15 1e-20
6247.21 1.565961479e-15 1e-20
6247.91 1.591761467e-15 1e-20
6248.61 1.594140888e-15 1e-20
6249.31 1.596180861e-15 1e-20
6250.01 1.573493825e-15 1e-20
6250.71 1.550448388e-15 1e-20
6251.41 1.548726264e-15 1e-20
6252.11 1.547631262e-15 1e-20
6252.81 1.554676882e-15 1e-20
6253.51 1.561961895e-15 1e-20
6254.21 1.572991746e-15 1e-20
6254.91 1.584131712e-15 1e-20
6255.61 1.634085162e-15 1e-20
6256.31 1.685180095e-15 1e-20
6257.01 1.648916921e-15 1e-20
6257.71 1.610084272e-15 1e-20
6258.41 1.598006323e-15 1e-20
6259.11 1.587126291e-15 1e-20
6259.81 1.596963626e-15 1e-20
6260.51 1.607728673e-15 1e-20
6261.21 1.582179618e-15 1e-20
6261.91 1.555004684e-15 1e-20
6262.61 1.568469967e-15 1e-20
6263.31 1.583754888e-15 1e-20
6264.01 1.594844879e-15 1e-20
6264.71 1.60574704e-15 1e-20
6265.41 1.619405022e-15 1e-20
6266.11 1.633229977e-15 1e-20
6266.81 1.619226616e-15 1e-20
6267.51 1.603536601e-15 1e-20
6268.21 1.624057033e-15 1e-20
6268.91 1.646772022e-15 1e-20
6269.61 1.64118711e-15 1e-20
6270.31 1.633887168e-15 1e-20
6271.01 1.650964729e-15 1e-20
6271.71 1.669519727e-15 1e-20
6272.41 1.67441833e-15 1e-20
6273.11 1.67848917e-15 1e-20
6273.81 1.667451378e-15 1e-20
6274.51 1.655251457e-15 1e-20
6275.21 1.656836044e-15 1e-20
6275.91 1.659481116e-15 1e-20
6276.61 1.643011407e-15 1e-20
6277.31 1.625071461e-15 1e-20
6278.01 1.609722165e-15 1e-20
6278.71 1.594572134e-15 1e-20
6279.41 1.615834355e-15 1e-20
6280.11 1.639897396e-15 1e-20
6280.81 1.664780577e-15 1e-20
6281.51 1.689740521e-15 1e-20
6282.21 1.678737139e-15 1e-20
6282.91 1.664362143e-15 1e-20
6283.61 1.672725429e-15 1e-20
6284.31 1.683220379e-15 1e-20
6285.01 1.669002295e-15 1e-20
6285.71 1.652467259e-15 1e-20
6286.41 1.67164885e-15 1e-20
6287.11 1.694178868e-15 1e-20
6287.81 1.689392284e-15 1e-20
6288.51 1.682044803e-15 1e-20
6289.21 1.662329052e-15 1e-20
6289.91 1.641238991e-15 1e-20
6290.61 1.646275978e-15 1e-20
6291.31 1.654215959e-15 1e-20
6292.01 1.69179754e-15 1e-20
6292.71 1.732672492e-15 1e-20
6293.41 1.752869992e-15 1e-20
6294.11 1.770770022e-15 1e-20
6294.81 1.749434532e-15 1e-20
6295.51 1.72373947e-15 1e-20
6296.21 1.686131313e-15 1e-20
6296.91 1.64719935e-15 1e-20
6297.61 1.66001697e-15 1e-20
6298.31 1.679511963e-15 1e-20
6299.01 1.712195258e-15 1e-20
6299.71 1.746580243e-15 1e-20
6300.41 1.688899735e-15 1e-20
6301.11 1.619339695e-15 1e-20
6301.81 1.614755764e-15 1e-20
6302.51 1.618555766e-15 1e-20
6303.21 1.667002662e-15 1e-20
6303.91 1.721210442e-15 1e-20
6304.61 1.74706824e-15 1e-20
6305.31 1.768743178e-15 1e-20
6306.01 1.770610674e-15 1e-20
6306.71 1.769555694e-15 1e-20
6307.41 1.749281325e-15 1e-20
6308.11 1.726171302e-15 1e-20
6308.81 1.726014707e-15 1e-20
6309.51 1.729244761e-15 1e-20
6310.21 1.738970076e-15 1e-20
6310.91 1.749653808e-15 1e-20
6311.61 1.772749961e-15 1e-20
6312.31 1.797915098e-15 1e-20
6313.01 1.80284716e-15 1e-20
6313.71 1.804407182e-15 1e-20
6314.41 1.748187171e-15 1e-20
6315.11 1.682337135e-15 1e-20
6315.81 1.6923443e-15 1e-20
6316.51 1.714994279e-15 1e-20
6317.21 1.720527098e-15 1e-20
6317.91 1.72320711e-15 1e-20
6318.61 1.700066594e-15 1e-20
6319.31 1.67262262e-15 1e-20
6320.01 1.681631345e-15 1e-20
6320.71 1.697436344e-15 1e-20
6321.41 1.699553397e-15 1e-20
6322.11 1.69911834e-15 1e-20
6322.81 1.723817397e-15 1e-20
6323.51 1.753202347e-15 1e-20
6324.21 1.782385173e-15 1e-20
6324.91 1.811530094e-15 1e-20
6325.61 1.795702648e-15 1e-20
6326.31 1.771490635e-15 1e-20
6327.01 1.758801552e-15 1e-20
6327.71 1.748496549e-15 1e-20
6328.41 1.724594762e-15 1e-20
6329.11 1.697879766e-15 1e-20
6329.81 1.689099105e-15 1e-20
6330.51 1.684029189e-15 1e-20
6331.21 1.709616255e-15 1e-20
6331.91 1.741546326e-15 1e-20
6332.61 1.762791819e-15 1e-20
6333.31 1.781826766e-15 1e-20
6334.01 1.773551678e-15 1e-20
6334.71 1.759626139e-15 1e-20
6335.41 1.741715098e-15 1e-20
6336.11 1.72289519e-15 1e-20
6336.81 1.720841241e-15 1e-20
6337.51 1.722611328e-15 1e-20
6338.21 1.715444477e-15 1e-20
6338.91 1.706239452e-15 1e-20
6339.61 1.693985003e-15 1e-20
6340.31 1.681035034e-15 1e-20
6341.01 1.676560265e-15 1e-20
6341.71 1.674018319e-15 1e-20
6342.41 1.694437954e-15 1e-20
6343.11 1.720598037e-15 1e-20
6343.81 1.716297968e-15 1e-20
6344.51 1.704382968e-15 1e-20
6345.21 1.693184027e-15 1e-20
6345.91 1.682164023e-15 1e-20
6346.61 1.691423999e-15 1e-20
6347.31 1.705753996e-15 1e-20
6348.01 1.703028032e-15 1e-20
6348.71 1.696037999e-15 1e-20
6349.41 1.671636356e-15 1e-20
6350.11 1.642881705e-15 1e-20
6350.81 1.640385393e-15 1e-20
6351.51 1.645050321e-15 1e-20
6352.21 1.651636426e-15 1e-20
6352.91 1.658746421e-15 1e-20
6353.61 1.690425665e-15 1e-20
6354.31 1.72880568e-15 1e-20
6355.01 1.753353224e-15 1e-20
6355.71 1.77412819e-15 1e-20
6356.41 1.770954146e-15 1e-20
6357.11 1.761248419e-15 1e-20
6357.81 1.752202848e-15 1e-20
6358.51 1.743352836e-15 1e-20
6359.21 1.751987278e-15 1e-20
6359.91 1.765802279e-15 1e-20
6360.61 1.761963103e-15 1e-20
6361.31 1.75289318e-15 1e-20
6362.01 1.760285448e-15 1e-20
6362.71 1.772555461e-15 1e-20
6363.41 1.787671929e-15 1e-20
6364.11 1.803631936e-15 1e-20
6364.81 1.808842459e-15 1e-20
6365.51 1.810868138e-15 1e-20
6366.21 1.794059193e-15 1e-20
6366.91 1.771209314e-15 1e-20
6367.61 1.753928042e-15 1e-20
6368.31 1.738433057e-15 1e-20
6369.01 1.743555065e-15 1e-20
6369.71 1.755290071e-15 1e-20
6370.41 1.763065198e-15 1e-20
6371.11 1.7695702e-15 1e-20
6371.81 1.763812705e-15 1e-20
6372.51 1.754121907e-15 1e-20
6373.21 1.757442805e-15 1e-20
6373.91 1.765267908e-15 1e-20
6374.61 1.756025719e-15 1e-20
6375.31 1.740875688e-15 1e-20
6376.01 1.757609142e-15 1e-20
6376.71 1.785379223e-15 1e-20
6377.41 1.792100217e-15 1e-20
6378.11 1.791535246e-15 1e-20
6378.81 1.793365896e-15 1e-20
6379.51 1.796026003e-15 1e-20
6380.21 1.800125007e-15 1e-20
6380.91 1.804722279e-15 1e-20
6381.61 1.78975203e-15 1e-20
6382.31 1.767492004e-15 1e-20
6383.01 1.777613413e-15 1e-20
6383.71 1.799798264e-15 1e-20
6384.41 1.805951112e-15 1e-20
6385.11 1.806131106e-15 1e-20
6385.81 1.781321088e-15 1e-20
6386.51 1.747201118e-15 1e-20
6387.21 1.734681018e-15 1e-20
6387.91 1.730208049e-15 1e-20
6388.61 1.741583596e-15 1e-20
6389.31 1.759298549e-15 1e-20
6390.01 1.772613589e-15 1e-20
6390.71 1.784168601e-15 1e-20
6391.41 1.787534286e-15 1e-20
6392.11 1.787624283e-15 1e-20
6392.81 1.796671442e-15 1e-20
6393.51 1.809301339e-15 1e-20
6394.21 1.7907528e-15 1e-20
6394.91 1.759732865e-15 1e-20
6395.61 1.732947989e-15 1e-20
6396.31 1.707857285e-15 1e-20
6397.01 1.728081467e-15 1e-20
6397.71 1.767726527e-15 1e-20
6398.41 1.773946501e-15 1e-20
6399.11 1.765841455e-15 1e-20
6399.81 1.751776049e-15 1e-20
6400.51 1.735155992e-15 1e-20
6401.21 1.752454523e-15 1e-20
6401.91 1.784289515e-15 1e-20
6402.61 1.800116114e-15 1e-20
6403.31 1.809082169e-15 1e-20
6404.01 1.803455329e-15 1e-20
6404.71 1.791140529e-15 1e-20
6405.41 1.75508943e-15 1e-20
6406.11 1.708159464e-15 1e-20
6406.81 1.710192872e-15 1e-20
6407.51 1.734667889e-15 1e-20
6408.21 1.748785176e-15 1e-20
6408.91 1.75815516e-15 1e-20
6409.61 1.781597009e-15 1e-20
6410.31 1.81148859e-15 1e-20
6411.01 1.82980356e-15 1e-20
6411.71 1.842453573e-15 1e-20
6412.41 1.811017639e-15 1e-20
6413.11 1.758007565e-15 1e-20
6413.81 1.749906118e-15 1e-20
6414.51 1.763781047e-15 1e-20
6415.21 1.758211488e-15 1e-20
6415.91 1.743126466e-15 1e-20
6416.61 1.759900789e-15 1e-20
6417.31 1.792265812e-15 1e-20
6418.01 1.765273307e-15 1e-20
6418.71 1.709233608e-15 1e-20
6419.41 1.696818116e-15 1e-20
6420.11 1.707163141e-15 1e-20
6420.81 1.733447103e-15 1e-20
6421.51 1.768047129e-15 1e-20
6422.21 1.766606114e-15 1e-20
6422.91 1.746361179e-15 1e-20
6423.61 1.751478529e-15 1e-20
6424.31 1.769828545e-15 1e-20
6425.01 1.775888324e-15 1e-20
6425.71 1.775535853e-15 1e-20
6426.41 1.753793893e-15 1e-20
6427.11 1.720168909e-15 1e-20
6427.81 1.716912491e-15 1e-20
6428.51 1.730527487e-15 1e-20
6429.21 1.728537171e-15 1e-20
6429.91 1.717877155e-15 1e-20
6430.61 1.708840373e-15 1e-20
6431.31 1.700705362e-15 1e-20
6432.01 1.73377427e-15 1e-20
6432.71 1.789734242e-15 1e-20
6433.41 1.807230555e-15 1e-20
6434.11 1.803358344e-15 1e-20
6434.81 1.785750011e-15 1e-20
6435.51 1.760024985e-15 1e-20
6436.21 1.760929405e-15 1e-20
6436.91 1.777569367e-15 1e-20
6437.61 1.766011708e-15 1e-20
6438.31 1.737791747e-15 1e-20
6439.01 1.730512558e-15 1e-20
6439.71 1.735607567e-15 1e-20
6440.41 1.755462019e-15 1e-20
6441.11 1.784037946e-15 1e-20
6441.81 1.767819488e-15 1e-20
6442.51 1.723474455e-15 1e-20
6443.21 1.71346189e-15 1e-20
6443.91 1.725006949e-15 1e-20
6444.61 1.723550582e-15 1e-20
6445.31 1.713930617e-15 1e-20
6446.01 1.721206524e-15 1e-20
6446.71 1.739091519e-15 1e-20
6447.41 1.730823313e-15 1e-20
6448.11 1.706133255e-15 1e-20
6448.81 1.7198788e-15 1e-20
6449.51 1.757758219e-15 1e-20
6450.21 1.764746982e-15 1e-20
6450.91 1.751142045e-15 1e-20
6451.61 1.73909099e-15 1e-20
6452.31 1.728075961e-15 1e-20
6453.01 1.709452989e-15 1e-20
6453.71 1.685757984e-15 1e-20
6454.41 1.680170954e-15 1e-20
6455.11 1.68665605e-15 1e-20
6455.81 1.710866581e-15 1e-20
6456.51 1.746894281e-15 1e-20
6457.21 1.759289761e-15 1e-20
6457.91 1.754969681e-15 1e-20
6458.61 1.742189118e-15 1e-20
6459.31 1.723424056e-15 1e-20
6460.01 1.712905919e-15 1e-20
6460.71 1.70822098e-15 1e-20
6461.41 1.701793376e-15 1e-20
6462.11 1.694133445e-15 1e-20
6462.81 1.699206855e-15 1e-20
6463.51 1.713286872e-15 1e-20
6464.21 1.713083372e-15 1e-20
6464.91 1.702776993e-15 1e-20
6465.61 1.705525721e-15 1e-20
6466.31 1.718065726e-15 1e-20
6467.01 1.740057137e-15 1e-20
6467.71 1.769137154e-15 1e-20
6468.41 1.758857139e-15 1e-20
6469.11 1.719057178e-15 1e-20
6469.81 1.697271385e-15 1e-20
6470.51 1.688996402e-15 1e-20
6471.21 1.684210243e-15 1e-20
6471.91 1.68204078e-15 1e-20
6472.61 1.686606816e-15 1e-20
6473.31 1.696526843e-15 1e-20
6474.01 1.701273827e-15 1e-20
6474.71 1.701908784e-15 1e-20
6475.41 1.701145396e-15 1e-20
6476.11 1.699270383e-15 1e-20
6476.81 1.690456158e-15 1e-20
6477.51 1.67612616e-15 1e-20
6478.21 1.679346156e-15 1e-20
6478.91 1.696516149e-15 1e-20
6479.61 1.699622537e-15 1e-20
6480.31 1.691550207e-15 1e-20
6481.01 1.686519149e-15 1e-20
6481.71 1.684049095e-15 1e-20
6482.41 1.69165725e-15 1e-20
6483.11 1.707752253e-15 1e-20
6483.81 1.695884686e-15 1e-20
6484.51 1.660469709e-15 1e-20
6485.21 1.649461563e-15 1e-20
6485.91 1.659006566e-15 1e-20
6486.61 1.671821645e-15 1e-20
6487.31 1.687390428e-15 1e-20
6488.01 1.705700527e-15 1e-20
6488.71 1.726455481e-15 1e-20
6489.41 1.717848356e-15 1e-20
6490.11 1.683053407e-15 1e-20
6490.81 1.672646655e-15 1e-20
6491.51 1.683991602e-15 1e-20
6492.21 1.692519318e-15 1e-20
6492.91 1.698534311e-15 1e-20
6493.61 1.691274286e-15 1e-20
6494.31 1.672174328e-15 1e-20
6495.01 1.659365072e-15 1e-20
6495.71 1.652166457e-15 1e-20
6496.41 1.663699975e-15 1e-20
6497.11 1.692925047e-15 1e-20
6497.81 1.698713988e-15 1e-20
6498.51 1.682369005e-15 1e-20
6499.21 1.667319982e-15 1e-20
6499.91 1.653495028e-15 1e-20
6500.61 1.658351386e-15 1e-20
6501.31 1.680851439e-15 1e-20
6502.01 1.703236191e-15 1e-20
6502.71 1.725512099e-15 1e-20
6503.41 1.743487514e-15 1e-20
6504.11 1.757162543e-15 1e-20
6504.81 1.748584958e-15 1e-20
6505.51 1.717754971e-15 1e-20
6506.21 1.687695042e-15 1e-20
6506.91 1.65840496e-15 1e-20
6507.61 1.656157464e-15 1e-20
6508.31 1.680952448e-15 1e-20
6509.01 1.699145022e-15 1e-20
6509.71 1.710734974e-15 1e-20
6510.41 1.705136403e-15 1e-20
6511.11 1.6823491e-15 1e-20
6511.81 1.682316277e-15 1e-20
6512.51 1.706376248e-15 1e-20
6513.21 1.72159383e-15 1e-20
6513.91 1.727448839e-15 1e-20
6514.61 1.724349758e-15 1e-20
6515.31 1.71176973e-15 1e-20
6516.01 1.699075565e-15 1e-20
6516.71 1.686260592e-15 1e-20
6517.41 1.69314464e-15 1e-20
6518.11 1.720886452e-15 1e-20
6518.81 1.740881829e-15 1e-20
6519.51 1.752191836e-15 1e-20
6520.21 1.732609176e-15 1e-20
6520.91 1.678389115e-15 1e-20
6521.61 1.656747211e-15 1e-20
6522.31 1.671632227e-15 1e-20
6523.01 1.689824271e-15 1e-20
6523.71 1.711724308e-15 1e-20
6524.41 1.715618118e-15 1e-20
6525.11 1.69932311e-15 1e-20
6525.81 1.678345492e-15 1e-20
6526.51 1.652117858e-15 1e-20
6527.21 1.642666241e-15 1e-20
6527.91 1.65313631e-15 1e-20
6528.61 1.675498826e-15 1e-20
6529.31 1.711983818e-15 1e-20
6530.01 1.736459682e-15 1e-20
6530.71 1.746674687e-15 1e-20
6531.41 1.748999475e-15 1e-20
6532.11 1.741954384e-15 1e-20
6532.81 1.725788443e-15 1e-20
6533.51 1.69879128e-15 1e-20
6534.21 1.67642961e-15 1e-20
6534.91 1.65989955e-15 1e-20
6535.61 1.646201651e-15 1e-20
6536.31 1.63606669e-15 1e-20
6537.01 1.634295015e-15 1e-20
6537.71 1.643044971e-15 1e-20
6538.41 1.645931553e-15 1e-20
6539.11 1.641441537e-15 1e-20
6539.81 1.634724037e-15 1e-20
6540.51 1.625204022e-15 1e-20
6541.21 1.619187653e-15 1e-20
6541.91 1.617579137e-15 1e-20
6542.61 1.619201417e-15 1e-20
6543.31 1.625131389e-15 1e-20
6544.01 1.63948288e-15 1e-20
6544.71 1.665062851e-15 1e-20
6545.41 1.674344321e-15 1e-20
6546.11 1.661894313e-15 1e-20
6546.81 1.647404332e-15 1e-20
6547.51 1.630194316e-15 1e-20
6548.21 1.630240903e-15 1e-20
6548.91 1.653296187e-15 1e-20
6549.61 1.662265631e-15 1e-20
6550.31 1.651320694e-15 1e-20
6551.01 1.642569256e-15 1e-20
6551.71 1.636919334e-15 1e-20
6552.41 1.63262403e-15 1e-20
6553.11 1.630243974e-15 1e-20
6553.81 1.622726874e-15 1e-20
6554.51 1.60794689e-15 1e-20
6555.21 1.590736028e-15 1e-20
6555.91 1.570088541e-15 1e-20
6556.61 1.576689998e-15 1e-20
6557.31 1.62416503e-15 1e-20
6558.01 1.649234029e-15 1e-20
6558.71 1.640694031e-15 1e-20
6559.41 1.634288027e-15 1e-20
6560.11 1.63108296e-15 1e-20
6560.81 1.622216007e-15 1e-20
6561.51 1.604855961e-15 1e-20
6562.21 1.601819983e-15 1e-20
6562.91 1.620269949e-15 1e-20
6563.61 1.63184836e-15 1e-20
6564.31 1.633119333e-15 1e-20
6565.01 1.641452337e-15 1e-20
6565.71 1.661032245e-15 1e-20
6566.41 1.679352932e-15 1e-20
6567.11 1.695667951e-15 1e-20
6567.81 1.687912412e-15 1e-20
6568.51 1.641822385e-15 1e-20
6569.21 1.609328824e-15 1e-20
6569.91 1.598488814e-15 1e-20
6570.61 1.601151674e-15 1e-20
6571.31 1.625319112e-15 1e-20
6572.01 1.632650606e-15 1e-20
6572.71 1.611490558e-15 1e-20
6573.41 1.589318412e-15 1e-20
6574.11 1.565433459e-15 1e-20
6574.81 1.557943253e-15 1e-20
6575.51 1.578198246e-15 1e-20
6576.21 1.600589033e-15 1e-20
6576.91 1.626594003e-15 1e-20
6577.61 1.645294902e-15 1e-20
6578.31 1.651634838e-15 1e-20
6579.01 1.647764638e-15 1e-20
6579.71 1.626615708e-15 1e-20
6580.41 1.613486062e-15 1e-20
6581.11 1.614791022e-15 1e-20
6581.81 1.610424673e-15 1e-20
6582.51 1.595849671e-15 1e-20
6583.21 1.587690732e-15 1e-20
6583.91 1.591080664e-15 1e-20
6584.61 1.5930011e-15 1e-20
6585.31 1.592276039e-15 1e-20
6586.01 1.585567115e-15 1e-20
6586.71 1.568087002e-15 1e-20
6587.41 1.57563883e-15 1e-20
6588.11 1.631168828e-15 1e-20
6588.81 1.66196684e-15 1e-20
6589.51 1.645361818e-15 1e-20
6590.21 1.631571698e-15 1e-20
6590.91 1.623176754e-15 1e-20
6591.61 1.607159996e-15 1e-20
6592.31 1.576534991e-15 1e-20
6593.01 1.562975687e-15 1e-20
6593.71 1.582125726e-15 1e-20
6594.41 1.586641894e-15 1e-20
6595.11 1.563110048e-15 1e-20
6595.81 1.56471274e-15 1e-20
6596.51 1.617677816e-15 1e-20
6597.21 1.658130733e-15 1e-20
6597.91 1.673015749e-15 1e-20
6598.61 1.664798894e-15 1e-20
6599.31 1.609373929e-15 1e-20
6600.01 1.5563935e-15 1e-20
6600.71 1.508408449e-15 1e-20
6601.41 1.486557963e-15 1e-20
6602.11 1.518112587e-15 1e-20
6602.81 1.554786996e-15 1e-20
6603.51 1.60263197e-15 1e-20
6604.21 1.628920167e-15 1e-20
6604.91 1.608175165e-15 1e-20
6605.61 1.590264971e-15 1e-20
6606.31 1.578540024e-15 1e-20
6607.01 1.579662978e-15 1e-20
6607.71 1.608817958e-15 1e-20
6608.41 1.621916157e-15 1e-20
6609.11 1.59998118e-15 1e-20
6609.81 1.574323811e-15 1e-20
6610.51 1.54054509e-15 1e-20
6611.21 1.514538955e-15 1e-20
6611.91 1.506668961e-15 1e-20
6612.61 1.507556016e-15 1e-20
6613.31 1.528876047e-15 1e-20
6614.01 1.542437997e-15 1e-20
6614.71 1.537898007e-15 1e-20
6615.41 1.537274484e-15 1e-20
6616.11 1.545789495e-15 1e-20
6616.81 1.55779534e-15 1e-20
6617.51 1.57794636e-15 1e-20
6618.21 1.582445693e-15 1e-20
6618.91 1.547815704e-15 1e-20
6619.61 1.512961462e-15 1e-20
6620.31 1.47754638e-15 1e-20
6621.01 1.464607104e-15 1e-20
6621.71 1.507857136e-15 1e-20
6622.41 1.550665758e-15 1e-20
6623.11 1.592370695e-15 1e-20
6623.81 1.609797128e-15 1e-20
6624.51 1.566527191e-15 1e-20
6625.21 1.536370383e-15 1e-20
6625.91 1.538996608e-15 1e-20
6626.61 1.534995542e-15 1e-20
6627.31 1.51320562e-15 1e-20
6628.01 1.50099564e-15 1e-20
6628.71 1.514500627e-15 1e-20
6629.41 1.529045242e-15 1e-20
6630.11 1.546380194e-15 1e-20
6630.81 1.557344824e-15 1e-20
6631.51 1.551209765e-15 1e-20
6632.21 1.542713601e-15 1e-20
6632.91 1.527879618e-15 1e-20
6633.61 1.517698282e-15 1e-20
6634.31 1.5209583e-15 1e-20
6635.01 1.530709873e-15 1e-20
6635.71 1.559214861e-15 1e-20
6636.41 1.575059459e-15 1e-20
6637.11 1.554329387e-15 1e-20
6637.81 1.537167335e-15 1e-20
6638.51 1.530312297e-15 1e-20
6639.21 1.518229584e-15 1e-20
6639.91 1.491044591e-15 1e-20
6640.61 1.475718906e-15 1e-20
6641.31 1.494653692e-15 1e-20
6642.01 1.50630643e-15 1e-20
6642.71 1.495256462e-15 1e-20
6643.41 1.487680494e-15 1e-20
6644.11 1.490935535e-15 1e-20
6644.81 1.495238463e-15 1e-20
6645.51 1.502808396e-15 1e-20
6646.21 1.503809166e-15 1e-20
6646.91 1.484329102e-15 1e-20
6647.61 1.473908373e-15 1e-20
6648.31 1.491731111e-15 1e-20
6649.01 1.512561133e-15 1e-20
6649.71 1.543541152e-15 1e-20
6650.41 1.568549694e-15 1e-20
6651.11 1.573404675e-15 1e-20
6651.81 1.566744243e-15 1e-20
6652.51 1.521219293e-15 1e-20
6653.21 1.485695472e-15 1e-20
6653.91 1.483925385e-15 1e-20
6654.61 1.494824052e-15 1e-20
6655.31 1.548479036e-15 1e-20
6656.01 1.583195423e-15 1e-20
6656.71 1.553993962e-15 1e-20
6657.41 1.526277879e-15 1e-20
6658.11 1.504007901e-15 1e-20
6658.81 1.483213242e-15 1e-20
6659.51 1.467828265e-15 1e-20
6660.21 1.456491046e-15 1e-20
6660.91 1.459996069e-15 1e-20
6661.61 1.465301036e-15 1e-20
6662.31 1.477206084e-15 1e-20
6663.01 1.490378082e-15 1e-20
6663.71 1.508195843e-15 1e-20
6664.41 1.525632017e-15 1e-20
6665.11 1.541542048e-15 1e-20
6665.81 1.548547964e-15 1e-20
6666.51 1.519938049e-15 1e-20
6667.21 1.497719952e-15 1e-20
6667.91 1.501069967e-15 1e-20
6668.61 1.501184952e-15 1e-20
6669.31 1.488360026e-15 1e-20
6670.01 1.472366032e-15 1e-20
6670.71 1.443695978e-15 1e-20
6671.41 1.427462168e-15 1e-20
6672.11 1.460972804e-15 1e-20
6672.81 1.49191767e-15 1e-20
6673.51 1.511612668e-15 1e-20
6674.21 1.526637868e-15 1e-20
6674.91 1.521187846e-15 1e-20
6675.61 1.514797195e-15 1e-20
6676.31 1.504282233e-15 1e-20
6677.01 1.494772806e-15 1e-20
6677.71 1.489672821e-15 1e-20
6678.41 1.491885377e-15 1e-20
6679.11 1.526160565e-15 1e-20
6679.81 1.552669096e-15 1e-20
6680.51 1.541639139e-15 1e-20
6681.21 1.529814559e-15 1e-20
6681.91 1.514149532e-15 1e-20
6682.61 1.50028625e-15 1e-20
6683.31 1.495131313e-15 1e-20
6684.01 1.490324295e-15 1e-20
6684.71 1.487199273e-15 1e-20
6685.41 1.490296237e-15 1e-20
6686.11 1.523466259e-15 1e-20
6686.81 1.544995084e-15 1e-20
6687.51 1.510258263e-15 1e-20
6688.21 1.476301876e-15 1e-20
6688.91 1.446531845e-15 1e-20
6689.61 1.426532232e-15 1e-20
6690.31 1.458937172e-15 1e-20
6691.01 1.487785314e-15 1e-20
6691.71 1.49755531e-15 1e-20
6692.41 1.505132337e-15 1e-20
6693.11 1.500947359e-15 1e-20
6693.81 1.490773964e-15 1e-20
6694.51 1.448481079e-15 1e-20
6695.21 1.411419259e-15 1e-20
6695.91 1.405744244e-15 1e-20
6696.61 1.407141425e-15 1e-20
6697.31 1.450971462e-15 1e-20
6698.01 1.490737118e-15 1e-20
6698.71 1.506117119e-15 1e-20
6699.41 1.519784313e-15 1e-20
6700.11 1.523174245e-15 1e-20
6700.81 1.522927546e-15 1e-20
6701.51 1.500860114e-15 1e-20
6702.21 1.481308582e-15 1e-20
6702.91 1.478808565e-15 1e-20
6703.61 1.47582775e-15 1e-20
6704.31 1.469587764e-15 1e-20
6705.01 1.462356432e-15 1e-20
6705.71 1.448406435e-15 1e-20
6706.41 1.438838774e-15 1e-20
6707.11 1.458973806e-15 1e-20
6707.81 1.476189539e-15 1e-20
6708.51 1.473619535e-15 1e-20
6709.21 1.470248979e-15 1e-20
6709.91 1.461451801e-15 1e-20
6710.61 1.451509751e-15 1e-20
6711.31 1.432694715e-15 1e-20
6712.01 1.414915705e-15 1e-20
6712.71 1.40516572e-15 1e-20
6713.41 1.400128309e-15 1e-20
6714.11 1.431613265e-15 1e-20
6714.81 1.458820599e-15 1e-20
6715.51 1.452875592e-15 1e-20
6716.21 1.442887697e-15 1e-20
6716.91 1.401567842e-15 1e-20
6717.61 1.36448601e-15 1e-20
6718.31 1.365545966e-15 1e-20
6719.01 1.369590972e-15 1e-20
6719.71 1.400501004e-15 1e-20
6720.41 1.430665965e-15 1e-20
6721.11 1.454126025e-15 1e-20
6721.81 1.47492153e-15 1e-20
6722.51 1.471736475e-15 1e-20
6723.21 1.468750472e-15 1e-20
6723.91 1.46755552e-15 1e-20
6724.61 1.464293596e-15 1e-20
6725.31 1.44242977e-15 1e-20
6726.01 1.421160667e-15 1e-20
6726.71 1.406235735e-15 1e-20
6727.41 1.392166094e-15 1e-20
6728.11 1.387221115e-15 1e-20
6728.81 1.383232755e-15 1e-20
6729.51 1.389447753e-15 1e-20
6730.21 1.394430107e-15 1e-20
6730.91 1.386265133e-15 1e-20
6731.61 1.379511527e-15 1e-20
6732.31 1.387812239e-15 1e-20
6733.01 1.394649594e-15 1e-20
6733.71 1.382464602e-15 1e-20
6734.41 1.371769646e-15 1e-20
6735.11 1.38044464e-15 1e-20
6735.81 1.389286817e-15 1e-20
6736.51 1.400301739e-15 1e-20
6737.21 1.409810743e-15 1e-20
6737.91 1.399740686e-15 1e-20
6738.61 1.391235734e-15 1e-20
6739.31 1.403075666e-15 1e-20
6740.01 1.416086622e-15 1e-20
6740.71 1.44432003e-15 1e-20
6741.41 1.469027452e-15 1e-20
6742.11 1.435557474e-15 1e-20
6742.81 1.404236843e-15 1e-20
6743.51 1.408381904e-15 1e-20
6744.21 1.413161711e-15 1e-20
6744.91 1.428416669e-15 1e-20
6745.61 1.44234369e-15 1e-20
6746.31 1.434358711e-15 1e-20
6747.01 1.426608465e-15 1e-20
6747.71 1.422731172e-15 1e-20
6748.41 1.419610808e-15 1e-20
6749.11 1.43339574e-15 1e-20
6749.81 1.446131198e-15 1e-20
6750.51 1.435426184e-15 1e-20
6751.21 1.423415574e-15 1e-20
6751.91 1.382245538e-15 1e-20
6752.61 1.344857504e-15 1e-20
6753.31 1.391932524e-15 1e-20
6754.01 1.4374057e-15 1e-20
6754.71 1.44710571e-15 1e-20
6755.41 1.454684854e-15 1e-20
6756.11 1.414899082e-15 1e-20
6756.81 1.376009046e-15 1e-20
6757.51 1.367573974e-15 1e-20
6758.21 1.360100391e-15 1e-20
6758.91 1.385315397e-15 1e-20
6759.61 1.408858254e-15 1e-20
6760.31 1.37554826e-15 1e-20
6761.01 1.343482134e-15 1e-20
6761.71 1.353707092e-15 1e-20
6762.41 1.363634848e-15 1e-20
6763.11 1.363456124e-15 1e-20
6763.81 1.363143675e-15 1e-20
6764.51 1.353603754e-15 1e-20
6765.21 1.344505456e-15 1e-20
6765.91 1.365890497e-15 1e-20
6766.61 1.386913537e-15 1e-20
6767.31 1.38296361e-15 1e-20
6768.01 1.379008178e-15 1e-20
6768.71 1.374678146e-15 1e-20
6769.41 1.370291468e-15 1e-20
6770.11 1.361996474e-15 1e-20
6770.81 1.354093975e-15 1e-20
6771.51 1.373271965e-15 1e-20
6772.21 1.392449956e-15 1e-20
6772.91 1.372450026e-15 1e-20
6773.61 1.352449989e-15 1e-20
6774.31 1.357315029e-15 1e-20
6775.01 1.362179963e-15 1e-20
6775.71 1.384954985e-15 1e-20
6776.41 1.407730007e-15 1e-20
6777.11 1.393280048e-15 1e-20
6777.81 1.378829984e-15 1e-20
6778.51 1.364204477e-15 1e-20
6779.21 1.349578971e-15 1e-20
6779.91 1.369848258e-15 1e-20
6780.61 1.390623223e-15 1e-20
6781.31 1.391062939e-15 1e-20
6782.01 1.391207888e-15 1e-20
6782.71 1.379716615e-15 1e-20
6783.41 1.368056572e-15 1e-20
6784.11 1.360723807e-15 1e-20
6784.81 1.353453829e-15 1e-20
6785.51 1.395282328e-15 1e-20
6786.21 1.437822334e-15 1e-20
6786.91 1.426494433e-15 1e-20
6787.61 1.414385991e-15 1e-20
6788.31 1.383974332e-15 1e-20
6789.01 1.353024278e-15 1e-20
6789.71 1.343703104e-15 1e-20
6790.41 1.335018157e-15 1e-20
6791.11 1.320985468e-15 1e-20
6791.81 1.306795443e-15 1e-20
6792.51 1.328111133e-15 1e-20
6793.21 1.350471109e-15 1e-20
6793.91 1.360514273e-15 1e-20
6794.61 1.370195118e-15 1e-20
6795.31 1.379879881e-15 1e-20
6796.01 1.389564962e-15 1e-20
6796.71 1.363524522e-15 1e-20
6797.41 1.335884566e-15 1e-20
6798.11 1.324276721e-15 1e-20
6798.81 1.313386736e-15 1e-20
6799.51 1.3132024e-15 1e-20
6800.21 1.313497379e-15 1e-20
6800.91 1.32636921e-15 1e-20
6801.61 1.339804211e-15 1e-20
6802.31 1.3461487e-15 1e-20
6803.01 1.352175551e-15 1e-20
6803.71 1.346301907e-15 1e-20
6804.41 1.339706908e-15 1e-20
6805.11 1.342064307e-15 1e-20
6805.81 1.344964336e-15 1e-20
6806.51 1.328615859e-15 1e-20
6807.21 1.311100806e-15 1e-20
6807.91 1.323752619e-15 1e-20
6808.61 1.338232541e-15 1e-20
6809.31 1.346755281e-15 1e-20
6810.01 1.354916973e-15 1e-20
6810.71 1.33931505e-15 1e-20
6811.41 1.321885017e-15 1e-20
6812.11 1.34590179e-15 1e-20
6812.81 1.373106794e-15 1e-20
6813.51 1.368921392e-15 1e-20
6814.21 1.362321417e-15 1e-20
6814.91 1.338719268e-15 1e-20
6815.61 1.313809299e-15 1e-20
6816.31 1.336493265e-15 1e-20
6817.01 1.362838213e-15 1e-20
6817.71 1.389982443e-15 1e-20
6818.41 1.417188082e-15 1e-20
6819.11 1.425471959e-15 1e-20
6819.81 1.431982042e-15 1e-20
6820.51 1.43089424e-15 1e-20
6821.21 1.429094295e-15 1e-20
6821.91 1.420528569e-15 1e-20
6822.61 1.41132852e-15 1e-20
6823.31 1.371015469e-15 1e-20
6824.01 1.327785449e-15 1e-20
6824.71 1.334778447e-15 1e-20
6825.41 1.346479889e-15 1e-20
6826.11 1.361788951e-15 1e-20
6826.81 1.377498977e-15 1e-20
6827.51 1.387939505e-15 1e-20
6828.21 1.397794522e-15 1e-20
6828.91 1.385419476e-15 1e-20
6829.61 1.370574483e-15 1e-20
6830.31 1.383733034e-15 1e-20
6831.01 1.400002949e-15 1e-20
6831.71 1.379575478e-15 1e-20
6832.41 1.355070498e-15 1e-20
6833.11 1.36190023e-15 1e-20
6833.81 1.372211586e-15 1e-20
6834.51 1.398969462e-15 1e-20
6835.21 1.427849474e-15 1e-20
6835.91 1.381359542e-15 1e-20
6836.61 1.325144612e-15 1e-20
6837.31 1.316200156e-15 1e-20
6838.01 1.313355184e-15 1e-20
6838.71 1.356235168e-15 1e-20
6839.41 1.40501516e-15 1e-20
6840.11 1.377167152e-15 1e-20
6840.81 1.339431728e-15 1e-20
6841.51 1.325543247e-15 1e-20
6842.21 1.315173234e-15 1e-20
6842.91 1.328222941e-15 1e-20
6843.61 1.344727908e-15 1e-20
6844.31 1.360592411e-15 1e-20
6845.01 1.376362471e-15 1e-20
6845.71 1.384524904e-15 1e-20
6846.41 1.391564806e-15 1e-20
6847.11 1.396579877e-15 1e-20
6847.81 1.401296262e-15 1e-20
6848.51 1.386845668e-15 1e-20
6849.21 1.369200701e-15 1e-20
6849.91 1.372054249e-15 1e-20
6850.61 1.378324305e-15 1e-20
6851.31 1.378011432e-15 1e-20
6852.01 1.37660144e-15 1e-20
6852.71 1.340035663e-15 1e-20
6853.41 1.297610747e-15 1e-20
6854.11 1.285807131e-15 1e-20
6854.81 1.279107101e-15 1e-20
6855.51 1.302367049e-15 1e-20
6856.21 1.330620256e-15 1e-20
6856.91 1.349481245e-15 1e-20
6857.61 1.36659131e-15 1e-20
6858.31 1.369313674e-15 1e-20
6859.01 1.369353697e-15 1e-20
6859.71 1.36426917e-15 1e-20
6860.41 1.358229189e-15 1e-20
6861.11 1.32442961e-15 1e-20
6861.81 1.28545466e-15 1e-20
6862.51 1.263910483e-15 1e-20
6863.21 1.245616159e-15 1e-20
6863.91 1.241121167e-15 1e-20
6864.61 1.239481099e-15 1e-20
6865.31 1.198417683e-15 1e-20
6866.01 1.149197763e-15 1e-20
6866.71 1.119954586e-15 1e-20
6867.41 1.094844612e-15 1e-20
6868.11 1.080344467e-15 1e-20
6868.81 1.068039407e-15 1e-20
6869.51 1.035469191e-15 1e-20
6870.21 9.987062667e-16 1e-20
6870.91 9.864123246e-16 1e-20
6871.61 9.791809926e-16 1e-20
6872.31 9.876468751e-16 1e-20
6873.01 9.996928483e-16 1e-20
6873.71 1.013395194e-15 1e-20
6874.41 1.027475105e-15 1e-20
6875.11 1.040077262e-15 1e-20
6875.81 1.052342193e-15 1e-20
6876.51 1.071321025e-15 1e-20
6877.21 1.091830975e-15 1e-20
6877.91 1.108018304e-15 1e-20
6878.61 1.123219686e-15 1e-20
6879.31 1.137327973e-15 1e-20
6880.01 1.151162986e-15 1e-20
6880.71 1.185985992e-15 1e-20
6881.41 1.226056051e-15 1e-20
6882.11 1.237825997e-15 1e-20
6882.81 1.242520995e-15 1e-20
6883.51 1.215923948e-15 1e-20
6884.21 1.181504024e-15 1e-20
6884.91 1.180656038e-15 1e-20
6885.61 1.188200984e-15 1e-20
6886.31 1.194928755e-15 1e-20
6887.01 1.201452179e-15 1e-20
6887.71 1.174026099e-15 1e-20
6888.41 1.137341102e-15 1e-20
6889.11 1.135270742e-15 1e-20
6889.81 1.14264067e-15 1e-20
6890.51 1.164114331e-15 1e-20
6891.21 1.189434264e-15 1e-20
6891.91 1.181412544e-15 1e-20
6892.61 1.164297502e-15 1e-20
6893.31 1.148163324e-15 1e-20
6894.01 1.132296703e-15 1e-20
6894.71 1.134667866e-15 1e-20
6895.41 1.142442887e-15 1e-20
6896.11 1.138318578e-15 1e-20
6896.81 1.1306686e-15 1e-20
6897.51 1.133270897e-15 1e-20
6898.21 1.138910866e-15 1e-20
6898.91 1.159786522e-15 1e-20
6899.61 1.185176547e-15 1e-20
6900.31 1.196981751e-15 1e-20
6901.01 1.204761748e-15 1e-20
6901.71 1.207217826e-15 1e-20
6902.41 1.208096623e-15 1e-20
6903.11 1.205557748e-15 1e-20
6903.81 1.201922811e-15 1e-20
6904.51 1.193472387e-15 1e-20
6905.21 1.183477399e-15 1e-20
6905.91 1.166111529e-15 1e-20
6906.61 1.146381591e-15 1e-20
6907.31 1.152163543e-15 1e-20
6908.01 1.16612847e-15 1e-20
6908.71 1.175763469e-15 1e-20
6909.41 1.184009547e-15 1e-20
6910.11 1.191081107e-15 1e-20
6910.81 1.197746092e-15 1e-20
6911.51 1.219907121e-15 1e-20
6912.21 1.247432092e-15 1e-20
6912.91 1.261073134e-15 1e-20
6913.61 1.269908111e-15 1e-20
6914.31 1.270601408e-15 1e-20
6915.01 1.268476414e-15 1e-20
6915.71 1.300526552e-15 1e-20
6916.41 1.344406565e-15 1e-20
6917.11 1.328727455e-15 1e-20
6917.81 1.29243167e-15 1e-20
6918.51 1.277082904e-15 1e-20
6919.21 1.269537958e-15 1e-20
6919.91 1.289241532e-15 1e-20
6920.61 1.319096479e-15 1e-20
6921.31 1.321848595e-15 1e-20
6922.01 1.314503655e-15 1e-20
6922.71 1.297366696e-15 1e-20
6923.41 1.276581672e-15 1e-20
6924.11 1.273435792e-15 1e-20
6924.81 1.276861299e-15 1e-20
6925.51 1.28501505e-15 1e-20
6926.21 1.295060013e-15 1e-20
6926.91 1.291090711e-15 1e-20
6927.61 1.281515745e-15 1e-20
6928.31 1.268969281e-15 1e-20
6929.01 1.255234324e-15 1e-20
6929.71 1.253017109e-15 1e-20
6930.41 1.255407119e-15 1e-20
6931.11 1.271575707e-15 1e-20
6931.81 1.293255727e-15 1e-20
6932.51 1.316286871e-15 1e-20
6933.21 1.339858527e-15 1e-20
6933.91 1.325093472e-15 1e-20
6934.61 1.293898519e-15 1e-20
6935.31 1.270235489e-15 1e-20
6936.01 1.249800502e-15 1e-20
6936.71 1.243739981e-15 1e-20
6937.41 1.243840037e-15 1e-20
6938.11 1.237765964e-15 1e-20
6938.81 1.229045971e-15 1e-20
6939.51 1.237269073e-15 1e-20
6940.21 1.25275347e-15 1e-20
6940.91 1.262162842e-15 1e-20
6941.61 1.26878791e-15 1e-20
6942.31 1.261599141e-15 1e-20
6943.01 1.248079119e-15 1e-20
6943.71 1.274831172e-15 1e-20
6944.41 1.320041132e-15 1e-20
6945.11 1.291125439e-15 1e-20
6945.81 1.228235466e-15 1e-20
6946.51 1.23822315e-15 1e-20
6947.21 1.281613153e-15 1e-20
6947.91 1.306674635e-15 1e-20
6948.61 1.323335667e-15 1e-20
6949.31 1.322048706e-15 1e-20
6950.01 1.311978755e-15 1e-20
6950.71 1.303083745e-15 1e-20
6951.41 1.294763764e-15 1e-20
6952.11 1.294333047e-15 1e-20
6952.81 1.297763001e-15 1e-20
6953.51 1.280469341e-15 1e-20
6954.21 1.253034368e-15 1e-20
6954.91 1.260836706e-15 1e-20
6955.61 1.285882729e-15 1e-20
6956.31 1.299888101e-15 1e-20
6957.01 1.30813312e-15 1e-20
6957.71 1.282482739e-15 1e-20
6958.41 1.239147686e-15 1e-20
6959.11 1.233808732e-15 1e-20
6959.81 1.248293736e-15 1e-20
6960.51 1.255165714e-15 1e-20
6961.21 1.258065743e-15 1e-20
6961.91 1.274887288e-15 1e-20
6962.61 1.298972247e-15 1e-20
6963.31 1.280311793e-15 1e-20
6964.01 1.239349386e-15 1e-20
6964.71 1.225128232e-15 1e-20
6965.41 1.225763189e-15 1e-20
6966.11 1.235706826e-15 1e-20
6966.81 1.250821812e-15 1e-20
6967.51 1.255615701e-15 1e-20
6968.21 1.254675706e-15 1e-20
6968.91 1.278733241e-15 1e-20
6969.61 1.3166782e-15 1e-20
6970.31 1.335598057e-15 1e-20
6971.01 1.343948426e-15 1e-20
6971.71 1.330905177e-15 1e-20
6972.41 1.305220173e-15 1e-20
6973.11 1.292728873e-15 1e-20
6973.81 1.288033875e-15 1e-20
6974.51 1.302855999e-15 1e-20
6975.21 1.329211005e-15 1e-20
6975.91 1.333729397e-15 1e-20
6976.61 1.325344406e-15 1e-20
6977.31 1.323392842e-15 1e-20
6978.01 1.325242868e-15 1e-20
6978.71 1.314811445e-15 1e-20
6979.41 1.29712275e-15 1e-20
6980.11 1.278487284e-15 1e-20
6980.81 1.259257307e-15 1e-20
6981.51 1.269890747e-15 1e-20
6982.21 1.299275802e-15 1e-20
6982.91 1.311079947e-15 1e-20
6983.61 1.311844924e-15 1e-20
6984.31 1.299596298e-15 1e-20
6985.01 1.27917624e-15 1e-20
6985.71 1.270519245e-15 1e-20
6986.41 1.269248378e-15 1e-20
6987.11 1.270515963e-15 1e-20
6987.81 1.273476026e-15 1e-20
6988.51 1.272781988e-15 1e-20
6989.21 1.269651989e-15 1e-20
6989.91 1.261473039e-15 1e-20
6990.61 1.24992798e-15 1e-20
6991.31 1.231723019e-15 1e-20
6992.01 1.209078016e-15 1e-20
6992.71 1.225818776e-15 1e-20
6993.41 1.268816603e-15 1e-20
6994.11 1.296449465e-15 1e-20
6994.81 1.31321447e-15 1e-20
6995.51 1.304864102e-15 1e-20
6996.21 1.278749123e-15 1e-20
6996.91 1.270846835e-15 1e-20
6997.61 1.27582686e-15 1e-20
6998.31 1.285571656e-15 1e-20
6999.01 1.298686691e-15 1e-20
6999.71 1.303932578e-15 1e-20
7000.41 1.303612611e-15 1e-20
7001.11 1.299441079e-15 1e-20
7001.81 1.292545278e-15 1e-20
7002.51 1.28932433e-15 1e-20
7003.21 1.288859309e-15 1e-20
7003.91 1.262385717e-15 1e-20
7004.61 1.216405698e-15 1e-20
7005.31 1.201414274e-15 1e-20
7006.01 1.209664269e-15 1e-20
7006.71 1.24010568e-15 1e-20
7007.41 1.28719076e-15 1e-20
7008.11 1.305747346e-15 1e-20
7008.81 1.302907562e-15 1e-20
7009.51 1.293905719e-15 1e-20
7010.21 1.280005697e-15 1e-20
7010.91 1.282170925e-15 1e-20
7011.61 1.297105915e-15 1e-20
7012.31 1.297510691e-15 1e-20
7013.01 1.286365644e-15 1e-20
7013.71 1.263673843e-15 1e-20
7014.41 1.231803805e-15 1e-20
7015.11 1.220885232e-15 1e-20
7015.81 1.226620175e-15 1e-20
7016.51 1.232681013e-15 1e-20
7017.21 1.239000938e-15 1e-20
7017.91 1.248662195e-15 1e-20
7018.61 1.261137191e-15 1e-20
7019.31 1.265423177e-15 1e-20
7020.01 1.262813151e-15 1e-20
7020.71 1.265048154e-15 1e-20
7021.41 1.271363102e-15 1e-20
7022.11 1.274391139e-15 1e-20
7022.81 1.274651178e-15 1e-20
7023.51 1.27460025e-15 1e-20
7024.21 1.274287483e-15 1e-20
7024.91 1.284193428e-15 1e-20
7025.61 1.303213447e-15 1e-20
7026.31 1.296177461e-15 1e-20
7027.01 1.265902492e-15 1e-20
7027.71 1.247131819e-15 1e-20
7028.41 1.23862189e-15 1e-20
7029.11 1.246220094e-15 1e-20
7029.81 1.268185034e-15 1e-20
7030.51 1.274512265e-15 1e-20
7031.21 1.26689225e-15 1e-20
7031.91 1.270912586e-15 1e-20
7032.61 1.285314687e-15 1e-20
7033.31 1.279730623e-15 1e-20
7034.01 1.255270535e-15 1e-20
7034.71 1.24290396e-15 1e-20
7035.41 1.241958988e-15 1e-20
7036.11 1.250942302e-15 1e-20
7036.81 1.269302271e-15 1e-20
7037.51 1.27809659e-15 1e-20
7038.21 1.277856562e-15 1e-20
7038.91 1.280068483e-15 1e-20
7039.61 1.284596192e-15 1e-20
7040.31 1.289632544e-15 1e-20
7041.01 1.295177539e-15 1e-20
7041.71 1.306252495e-15 1e-20
7042.41 1.322857517e-15 1e-20
7043.11 1.321055031e-15 1e-20
7043.81 1.300845037e-15 1e-20
7044.51 1.292482492e-15 1e-20
7045.21 1.295967503e-15 1e-20
7045.91 1.309500019e-15 1e-20
7046.61 1.33308004e-15 1e-20
7047.31 1.334322849e-15 1e-20
7048.01 1.313228552e-15 1e-20
7048.71 1.297617523e-15 1e-20
7049.41 1.287812588e-15 1e-20
7050.11 1.284873172e-15 1e-20
7050.81 1.289203098e-15 1e-20
7051.51 1.286747761e-15 1e-20
7052.21 1.277107679e-15 1e-20
7052.91 1.271309739e-15 1e-20
7053.61 1.269579674e-15 1e-20
7054.31 1.280151175e-15 1e-20
7055.01 1.303747607e-15 1e-20
7055.71 1.336479607e-15 1e-20
7056.41 1.37945467e-15 1e-20
7057.11 1.380974565e-15 1e-20
7057.81 1.336014586e-15 1e-20
7058.51 1.304542124e-15 1e-20
7059.21 1.288192164e-15 1e-20
7059.91 1.286043877e-15 1e-20
7060.61 1.299818962e-15 1e-20
7061.31 1.305207256e-15 1e-20
7062.01 1.301192214e-15 1e-20
7062.71 1.29935087e-15 1e-20
7063.41 1.299946546e-15 1e-20
7064.11 1.295028885e-15 1e-20
7064.81 1.28356387e-15 1e-20
7065.51 1.266149191e-15 1e-20
7066.21 1.241669091e-15 1e-20
7066.91 1.242135383e-15 1e-20
7067.61 1.272225381e-15 1e-20
7068.31 1.294852596e-15 1e-20
7069.01 1.308617623e-15 1e-20
7069.71 1.306417349e-15 1e-20
7070.41 1.285258466e-15 1e-20
7071.11 1.269125558e-15 1e-20
7071.81 1.259315541e-15 1e-20
7072.51 1.258037262e-15 1e-20
7073.21 1.267492161e-15 1e-20
7073.91 1.293609681e-15 1e-20
7074.61 1.340689678e-15 1e-20
7075.31 1.358800195e-15 1e-20
7076.01 1.340465214e-15 1e-20
7076.71 1.315857107e-15 1e-20
7077.41 1.283357194e-15 1e-20
7078.11 1.273631033e-15 1e-20
7078.81 1.292555866e-15 1e-20
7079.51 1.308332808e-15 1e-20
7080.21 1.319912807e-15 1e-20
7080.91 1.318800759e-15 1e-20
7081.61 1.300765733e-15 1e-20
7082.31 1.297831399e-15 1e-20
7083.01 1.315031462e-15 1e-20
7083.71 1.326677106e-15 1e-20
7084.41 1.330917141e-15 1e-20
7085.11 1.348512345e-15 1e-20
7085.81 1.383914511e-15 1e-20
7086.51 1.394073294e-15 1e-20
7087.21 1.368543298e-15 1e-20
7087.91 1.352050931e-15 1e-20
7088.61 1.34833595e-15 1e-20
7089.31 1.32895266e-15 1e-20
7090.01 1.287417659e-15 1e-20
7090.71 1.28378357e-15 1e-20
7091.41 1.333733526e-15 1e-20
7092.11 1.35736818e-15 1e-20
7092.81 1.343798183e-15 1e-20
7093.51 1.337038754e-15 1e-20
7094.21 1.33990829e-15 1e-20
7094.91 1.35644195e-15 1e-20
7095.61 1.393472007e-15 1e-20
7096.31 1.400964013e-15 1e-20
7097.01 1.364148997e-15 1e-20
7097.71 1.337114034e-15 1e-20
7098.41 1.324749047e-15 1e-20
7099.11 1.315915976e-15 1e-20
7099.81 1.31238099e-15 1e-20
7100.51 1.310889471e-15 1e-20
7101.21 1.312463258e-15 1e-20
7101.91 1.317653558e-15 1e-20
7102.61 1.328603577e-15 1e-20
7103.31 1.338519897e-15 1e-20
7104.01 1.346789904e-15 1e-20
7104.71 1.352475612e-15 1e-20
7105.41 1.354045588e-15 1e-20
7106.11 1.355692749e-15 1e-20
7106.81 1.35746273e-15 1e-20
7107.51 1.351223592e-15 1e-20
7108.21 1.332229301e-15 1e-20
7108.91 1.32155838e-15 1e-20
7109.61 1.324973405e-15 1e-20
7110.31 1.337668523e-15 1e-20
7111.01 1.366068585e-15 1e-20
7111.71 1.377520259e-15 1e-20
7112.41 1.360290338e-15 1e-20
7113.11 1.348384761e-15 1e-20
7113.81 1.345489708e-15 1e-20
7114.51 1.345463979e-15 1e-20
7115.21 1.350293973e-15 1e-20
7115.91 1.345353018e-15 1e-20
7116.61 1.323876392e-15 1e-20
7117.31 1.323109298e-15 1e-20
7118.01 1.359619276e-15 1e-20
7118.71 1.380357819e-15 1e-20
7119.41 1.372707841e-15 1e-20
7120.11 1.357829284e-15 1e-20
7120.81 1.329939242e-15 1e-20
7121.51 1.323556425e-15 1e-20
7122.21 1.355886402e-15 1e-20
7122.91 1.369266452e-15 1e-20
7123.61 1.34853638e-15 1e-20
7124.31 1.328378478e-15 1e-20
7125.01 1.309250039e-15 1e-20
7125.71 1.302150314e-15 1e-20
7126.41 1.318105239e-15 1e-20
7127.11 1.324774035e-15 1e-20
7127.81 1.313644022e-15 1e-20
7128.51 1.304360329e-15 1e-20
7129.21 1.298615328e-15 1e-20
7129.91 1.297095963e-15 1e-20
7130.61 1.303676032e-15 1e-20
7131.31 1.304069797e-15 1e-20
7132.01 1.292606688e-15 1e-20
7132.71 1.28959538e-15 1e-20
7133.41 1.303855392e-15 1e-20
7134.11 1.327213596e-15 1e-20
7134.81 1.369163538e-15 1e-20
7135.51 1.39601247e-15 1e-20
7136.21 1.392002405e-15 1e-20
7136.91 1.384782296e-15 1e-20
7137.61 1.371002234e-15 1e-20
7138.31 1.361812033e-15 1e-20
7139.01 1.362000604e-15 1e-20
7139.71 1.360104414e-15 1e-20
7140.41 1.353659447e-15 1e-20
7141.11 1.354042306e-15 1e-20
7141.81 1.36932225e-15 1e-20
7142.51 1.378242672e-15 1e-20
7143.21 1.373287741e-15 1e-20
7143.91 1.367179257e-15 1e-20
7144.61 1.358554238e-15 1e-20
7145.31 1.357033708e-15 1e-20
7146.01 1.371013669e-15 1e-20
7146.71 1.376235839e-15 1e-20
7147.41 1.362350111e-15 1e-20
7148.11 1.346058491e-15 1e-20
7148.81 1.324153477e-15 1e-20
7149.51 1.308457004e-15 1e-20
7150.21 1.307247017e-15 1e-20
7150.91 1.314297508e-15 1e-20
7151.61 1.340622551e-15 1e-20
7152.31 1.357513976e-15 1e-20
7153.01 1.352393979e-15 1e-20
7153.71 1.349664945e-15 1e-20
7154.41 1.352514576e-15 1e-20
7155.11 1.356217168e-15 1e-20
7155.81 1.362052167e-15 1e-20
7156.51 1.362947163e-15 1e-20
7157.21 1.351492101e-15 1e-20
7157.91 1.346171464e-15 1e-20
7158.61 1.356186464e-15 1e-20
7159.31 1.359601383e-15 1e-20
7160.01 1.346516418e-15 1e-20
7160.71 1.335157177e-15 1e-20
7161.41 1.328112192e-15 1e-20
7162.11 1.323433182e-15 1e-20
7162.81 1.32466932e-15 1e-20
7163.51 1.322608701e-15 1e-20
7164.21 1.311698705e-15 1e-20
7164.91 1.300101977e-15 1e-20
7165.61 1.286661999e-15 1e-20
7166.31 1.276529368e-15 1e-20
7167.01 1.275274382e-15 1e-20
7167.71 1.274525605e-15 1e-20
7168.41 1.275135575e-15 1e-20
7169.11 1.272243593e-15 1e-20
7169.81 1.259951345e-15 1e-20
7170.51 1.249019961e-15 1e-20
7171.21 1.242019975e-15 1e-20
7171.91 1.237493748e-15 1e-20
7172.61 1.240113727e-15 1e-20
7173.31 1.23760111e-15 1e-20
7174.01 1.220261181e-15 1e-20
7174.71 1.202041714e-15 1e-20
7175.41 1.181281677e-15 1e-20
7176.11 1.158820693e-15 1e-20
7176.81 1.131445753e-15 1e-20
7177.51 1.113041527e-15 1e-20
7178.21 1.120552803e-15 1e-20
7178.91 1.136622183e-15 1e-20
7179.61 1.179372147e-15 1e-20
7180.31 1.211208093e-15 1e-20
7181.01 1.209018195e-15 1e-20
7181.71 1.200092479e-15 1e-20
7182.41 1.170167546e-15 1e-20
7183.11 1.141572138e-15 1e-20
7183.81 1.117122108e-15 1e-20
7184.51 1.100448688e-15 1e-20
7185.21 1.108019574e-15 1e-20
7185.91 1.11102453e-15 1e-20
7186.61 1.09861952e-15 1e-20
7187.31 1.089085423e-15 1e-20
7188.01 1.08924043e-15 1e-20
7188.71 1.092182811e-15 1e-20
7189.41 1.104532869e-15 1e-20
7190.11 1.117785758e-15 1e-20
7190.81 1.134085743e-15 1e-20
7191.51 1.139726241e-15 1e-20
7192.21 1.109391238e-15 1e-20
7192.91 1.092517071e-15 1e-20
7193.61 1.121073093e-15 1e-20
7194.31 1.149076108e-15 1e-20
7195.01 1.175051115e-15 1e-20
7195.71 1.197410032e-15 1e-20
7196.41 1.206510024e-15 1e-20
7197.11 1.213875399e-15 1e-20
7197.81 1.214880404e-15 1e-20
7198.51 1.210228181e-15 1e-20
7199.21 1.184833181e-15 1e-20
7199.91 1.170014022e-15 1e-20
7200.61 1.193972878e-15 1e-20
7201.31 1.211916e-15 1e-20
7202.01 1.205795976e-15 1e-20
7202.71 1.202427008e-15 1e-20
7203.41 1.210061951e-15 1e-20
7204.11 1.219435959e-15 1e-20
7204.81 1.235766013e-15 1e-20
7205.51 1.244276047e-15 1e-20
7206.21 1.221506001e-15 1e-20
7206.91 1.20224299e-15 1e-20
7207.61 1.197008009e-15 1e-20
7208.31 1.201063073e-15 1e-20
7209.01 1.242278743e-15 1e-20
7209.71 1.273136048e-15 1e-20
7210.41 1.258575975e-15 1e-20
7211.11 1.252829068e-15 1e-20
7211.81 1.285724122e-15 1e-20
7212.51 1.311532263e-15 1e-20
7213.21 1.306267212e-15 1e-20
7213.91 1.303835275e-15 1e-20
7214.61 1.313825287e-15 1e-20
7215.31 1.319632863e-15 1e-20
7216.01 1.307102387e-15 1e-20
7216.71 1.294960275e-15 1e-20
7217.41 1.284695295e-15 1e-20
7218.11 1.276039994e-15 1e-20
7218.81 1.275165009e-15 1e-20
7219.51 1.275783132e-15 1e-20
7220.21 1.283618186e-15 1e-20
7220.91 1.284258331e-15 1e-20
7221.61 1.250123327e-15 1e-20
7222.31 1.222599415e-15 1e-20
7223.01 1.227029397e-15 1e-20
7223.71 1.225605535e-15 1e-20
7224.41 1.195887808e-15 1e-20
