3256.404 1.204023453e-15 1e-20
3257.90975 5.988649992e-16 1e-20
3259.4155 -6.293483336e-18 1e-20
3260.92125 1.031618499e-16 1e-20
3262.427 2.126646415e-16 1e-20
3263.93275 -1.803320307e-16 1e-20
3265.4385 -5.733620548e-16 1e-20
3266.94425 -6.731515092e-17 1e-20
3268.45 4.38851211e-16 1e-20
3269.95575 6.336690536e-16 1e-20
3271.4615 8.284455504e-16 1e-20
3272.96725 3.142772814e-17 1e-20
3274.473 -7.657877175e-16 1e-20
3275.97875 -4.630626949e-16 1e-20
3277.4845 -1.600453666e-16 1e-20
3278.99025 3.211432511e-16 1e-20
3280.496 8.023792232e-16 1e-20
3282.00175 7.674718837e-16 1e-20
3283.5075 7.32393073e-16 1e-20
3285.01325 7.5292044e-16 1e-20
3286.519 7.734662829e-16 1e-20
3288.02475 7.27672876e-16 1e-20
3289.5305 6.818529993e-16 1e-20
3291.03625 1.080328161e-15 1e-20
3292.542 1.478980406e-15 1e-20
3294.04775 9.55567514e-16 1e-20
3295.5535 4.317257581e-16 1e-20
3297.05925 1.371433162e-15 1e-20
3298.565 2.31191862e-15 1e-20
3300.07075 1.603735548e-15 1e-20
3301.5765 8.946761153e-16 1e-20
3303.08225 7.628274961e-16 1e-20
3304.588 6.313240958e-16 1e-20
3306.09375 5.454458605e-16 1e-20
3307.5995 4.59594942e-16 1e-20
3309.10525 6.282667304e-16 1e-20
3310.611 7.971076607e-16 1e-20
3312.11675 1.257736989e-15 1e-20
3313.6225 1.718560287e-15 1e-20
3315.12825 1.475812821e-15 1e-20
3316.634 1.232551099e-15 1e-20
3318.13975 1.600012309e-15 1e-20
3319.6455 1.967960563e-15 1e-20
3321.15125 1.838172033e-15 1e-20
3322.657 1.707986563e-15 1e-20
3324.16275 1.553052273e-15 1e-20
3325.6685 1.398096489e-15 1e-20
3327.17425 1.451984831e-15 1e-20
3328.68 1.506053697e-15 1e-20
3330.18575 1.336980627e-15 1e-20
3331.6915 1.167699928e-15 1e-20
3333.19725 7.76088591e-16 1e-20
3334.703 3.842703402e-16 1e-20
3336.20875 6.531986158e-16 1e-20
3337.7145 9.227857507e-16 1e-20
3339.22025 1.194099933e-15 1e-20
3340.726 1.465416021e-15 1e-20
3342.23175 9.647193873e-16 1e-20
3343.7375 4.632016613e-16 1e-20
3345.24325 4.580444482e-16 1e-20
3346.749 4.534482886e-16 1e-20
3348.25475 7.864788266e-16 1e-20
3349.7605 1.119891059e-15 1e-20
3351.26625 1.31470366e-15 1e-20
3352.772 1.509350455e-15 1e-20
3354.27775 1.374571525e-15 1e-20
3355.7835 1.239398302e-15 1e-20
3357.28925 9.726998141e-16 1e-20
3358.795 7.058352549e-16 1e-20
3360.30075 4.398750621e-16 1e-20
3361.8065 1.739160737e-16 1e-20
3363.31225 7.184046944e-16 1e-20
3364.818 1.263971257e-15 1e-20
3366.32375 1.110796889e-15 1e-20
3367.8295 9.566467398e-16 1e-20
3369.33525 8.30635607e-16 1e-20
3370.841 7.046637554e-16 1e-20
3372.34675 8.512501655e-16 1e-20
3373.8525 9.982354222e-16 1e-20
3375.35825 9.487520751e-16 1e-20
3376.864 8.989812662e-16 1e-20
3378.36975 9.748754182e-16 1e-20
3379.8755 1.050961741e-15 1e-20
3381.38125 9.317162308e-16 1e-20
3382.887 8.121719299e-16 1e-20
3384.39275 9.799623805e-16 1e-20
3385.8985 1.148211499e-15 1e-20
3387.40425 1.49977263e-15 1e-20
3388.91 1.851638587e-15 1e-20
3390.41575 1.519165026e-15 1e-20
3391.9215 1.185553476e-15 1e-20
3393.42725 1.218482729e-15 1e-20
3394.933 1.252046092e-15 1e-20
3396.43875 1.010478754e-15 1e-20
3397.9445 7.684354895e-16 1e-20
3399.45025 1.072252232e-15 1e-20
3400.956 1.377049414e-15 1e-20
3402.46175 1.232323777e-15 1e-20
3403.9675 1.086790599e-15 1e-20
3405.47325 9.940165629e-16 1e-20
3406.979 9.013408882e-16 1e-20
3408.48475 1.0089884e-15 1e-20
3409.9905 1.117022476e-15 1e-20
3411.49625 1.183377555e-15 1e-20
3413.002 1.249652377e-15 1e-20
3414.50775 9.901975031e-16 1e-20
3416.0135 7.300923197e-16 1e-20
3417.51925 9.724405161e-16 1e-20
3419.025 1.215791811e-15 1e-20
3420.53075 1.073646448e-15 1e-20
3422.0365 9.307058264e-16 1e-20
3423.54225 1.149765593e-15 1e-20
3425.048 1.369572125e-15 1e-20
3426.55375 1.209779148e-15 1e-20
3428.0595 1.049177784e-15 1e-20
3429.56525 1.2625637e-15 1e-20
3431.071 1.476771027e-15 1e-20
3432.57675 1.40757087e-15 1e-20
3434.0825 1.33774825e-15 1e-20
3435.58825 1.376691331e-15 1e-20
3437.094 1.415880475e-15 1e-20
3438.59975 1.354798071e-15 1e-20
3440.1055 1.293488661e-15 1e-20
3441.61125 1.341541264e-15 1e-20
3443.117 1.389848823e-15 1e-20
3444.62275 1.432125508e-15 1e-20
3446.1285 1.474388006e-15 1e-20
3447.63425 1.449455061e-15 1e-20
3449.14 1.424361075e-15 1e-20
3450.64575 1.590104459e-15 1e-20
3452.1515 1.756317946e-15 1e-20
3453.65725 1.698086654e-15 1e-20
3455.163 1.639302567e-15 1e-20
3456.66875 1.576108827e-15 1e-20
3458.1745 1.512903864e-15 1e-20
3459.68025 1.401673509e-15 1e-20
3461.186 1.290321499e-15 1e-20
3462.69175 1.386706543e-15 1e-20
3464.1975 1.483631041e-15 1e-20
3465.70325 1.389676982e-15 1e-20
3467.209 1.295227196e-15 1e-20
3468.71475 1.35271204e-15 1e-20
3470.2205 1.410601554e-15 1e-20
3471.72625 1.36441253e-15 1e-20
3473.232 1.31793922e-15 1e-20
3474.73775 1.317025378e-15 1e-20
3476.2435 1.316235837e-15 1e-20
3477.74925 1.246799888e-15 1e-20
3479.255 1.177171874e-15 1e-20
3480.76075 1.24047594e-15 1e-20
3482.2665 1.304151747e-15 1e-20
3483.77225 1.237225133e-15 1e-20
3485.278 1.169924342e-15 1e-20
3486.78375 1.20856895e-15 1e-20
3488.2895 1.247516901e-15 1e-20
3489.79525 1.37490568e-15 1e-20
3491.301 1.502553651e-15 1e-20
3492.80675 1.336647002e-15 1e-20
3494.3125 1.169860391e-15 1e-20
3495.81825 1.145739328e-15 1e-20
3497.324 1.122046016e-15 1e-20
3498.82975 1.177614131e-15 1e-20
3500.3355 1.233425131e-15 1e-20
3501.84125 1.247418328e-15 1e-20
3503.347 1.26128341e-15 1e-20
3504.85275 1.217503241e-15 1e-20
3506.3585 1.173542655e-15 1e-20
3507.86425 1.192461983e-15 1e-20
3509.37 1.21157814e-15 1e-20
3510.87575 1.05120251e-15 1e-20
3512.3815 8.902528034e-16 1e-20
3513.88725 9.242246479e-16 1e-20
3515.393 9.58832826e-16 1e-20
3516.89875 9.869829072e-16 1e-20
3518.4045 1.015111918e-15 1e-20
3519.91025 1.066049727e-15 1e-20
3521.416 1.117063451e-15 1e-20
3522.92175 1.028009795e-15 1e-20
3524.4275 9.384894239e-16 1e-20
3525.93325 9.696089909e-16 1e-20
3527.439 1.001138628e-15 1e-20
3528.94475 9.055620769e-16 1e-20
3530.4505 8.095534863e-16 1e-20
3531.95625 7.736399776e-16 1e-20
3533.462 7.379347331e-16 1e-20
3534.96775 8.135203005e-16 1e-20
3536.4735 8.894989441e-16 1e-20
3537.97925 9.041855425e-16 1e-20
3539.485 9.186556181e-16 1e-20
3540.99075 8.657895919e-16 1e-20
3542.4965 8.126811555e-16 1e-20
3544.00225 8.275614068e-16 1e-20
3545.508 8.426863447e-16 1e-20
3547.01375 8.961877515e-16 1e-20
3548.5195 9.498299245e-16 1e-20
3550.02525 9.173851745e-16 1e-20
3551.531 8.846247459e-16 1e-20
3553.03675 9.213330892e-16 1e-20
3554.5425 9.583007834e-16 1e-20
3556.04825 8.110089007e-16 1e-20
3557.554 6.630291743e-16 1e-20
3559.05975 5.707853805e-16 1e-20
3560.5655 4.787533979e-16 1e-20
3562.07125 6.493798207e-16 1e-20
3563.577 8.210219419e-16 1e-20
3565.08275 7.713555297e-16 1e-20
3566.5885 7.208334026e-16 1e-20
3568.09425 7.209725807e-16 1e-20
3569.6 7.213110233e-16 1e-20
3571.10575 6.488895475e-16 1e-20
3572.6115 5.761818804e-16 1e-20
3574.11725 6.225594754e-16 1e-20
3575.623 6.694134734e-16 1e-20
3577.12875 6.643122704e-16 1e-20
3578.6345 6.590031738e-16 1e-20
3580.14025 6.245767902e-16 1e-20
3581.646 5.900320337e-16 1e-20
3583.15175 6.332603602e-16 1e-20
3584.6575 6.768103474e-16 1e-20
3586.16325 5.780203125e-16 1e-20
3587.669 4.786418014e-16 1e-20
3589.17475 4.774263091e-16 1e-20
3590.6805 4.76623216e-16 1e-20
3592.18625 5.882914869e-16 1e-20
3593.692 7.004322964e-16 1e-20
3595.19775 6.456223826e-16 1e-20
3596.7035 5.900998493e-16 1e-20
3598.20925 6.138076662e-16 1e-20
3599.715 6.378536611e-16 1e-20
3601.22075 5.764346668e-16 1e-20
3602.7265 5.146452015e-16 1e-20
3604.23225 5.473432673e-16 1e-20
3605.738 5.804573321e-16 1e-20
3607.24375 5.681640783e-16 1e-20
3608.7495 5.556709246e-16 1e-20
3610.25525 4.773895161e-16 1e-20
3611.761 3.988141077e-16 1e-20
3613.26675 4.335331676e-16 1e-20
3614.7725 4.68758568e-16 1e-20
3616.27825 5.009382496e-16 1e-20
3617.784 5.331040611e-16 1e-20
3619.28975 5.506804183e-16 1e-20
3620.7955 5.68190601e-16 1e-20
3622.30125 5.706442966e-16 1e-20
3623.807 5.730286414e-16 1e-20
3625.31275 5.547466529e-16 1e-20
3626.8185 5.363681555e-16 1e-20
3628.32425 5.13739035e-16 1e-20
3629.83 4.910900622e-16 1e-20
3631.33575 5.102744056e-16 1e-20
3632.8415 5.296569546e-16 1e-20
3634.34725 4.933951565e-16 1e-20
3635.853 4.568696665e-16 1e-20
3637.35875 5.122594802e-16 1e-20
3638.8645 5.680909158e-16 1e-20
3640.37025 5.059905894e-16 1e-20
3641.876 4.433237038e-16 1e-20
3643.38175 4.803109857e-16 1e-20
3644.8875 5.177837232e-16 1e-20
3646.39325 4.797590907e-16 1e-20
3647.899 4.41361552e-16 1e-20
3649.40475 4.95051053e-16 1e-20
3650.9105 5.491953048e-16 1e-20
3652.41625 5.545769286e-16 1e-20
3653.922 5.597144482e-16 1e-20
3655.42775 5.73778795e-16 1e-20
3656.9335 5.878878228e-16 1e-20
3658.43925 5.199571568e-16 1e-20
3659.945 4.516102801e-16 1e-20
3661.45075 4.223075459e-16 1e-20
3662.9565 3.932029115e-16 1e-20
3664.46225 4.19598311e-16 1e-20
3665.968 4.462789488e-16 1e-20
3667.47375 4.962013767e-16 1e-20
3668.9795 5.462448244e-16 1e-20
3670.48525 5.371468435e-16 1e-20
3671.991 5.277409132e-16 1e-20
3673.49675 6.028728944e-16 1e-20
3675.0025 6.784506797e-16 1e-20
3676.50825 6.219601466e-16 1e-20
3678.014 5.647730348e-16 1e-20
3679.51975 5.753582997e-16 1e-20
3681.0255 5.863055652e-16 1e-20
3682.53125 6.357824008e-16 1e-20
3684.037 6.854650654e-16 1e-20
3685.54275 6.383055531e-16 1e-20
3687.0485 5.906223628e-16 1e-20
3688.55425 6.679123193e-16 1e-20
3690.06 7.458866254e-16 1e-20
3691.56575 7.140613742e-16 1e-20
3693.0715 6.816349412e-16 1e-20
3694.57725 6.622593802e-16 1e-20
3696.083 6.429561875e-16 1e-20
3697.58875 7.102538022e-16 1e-20
3699.0945 7.780314199e-16 1e-20
3700.60025 7.50257739e-16 1e-20
3702.106 7.21947992e-16 1e-20
3703.61175 7.177390324e-16 1e-20
3705.1175 7.136653333e-16 1e-20
3706.62325 7.605400307e-16 1e-20
3708.129 8.077039899e-16 1e-20
3709.63475 7.911676304e-16 1e-20
3711.1405 7.742696407e-16 1e-20
3712.64625 8.812668955e-16 1e-20
3714.152 9.889757639e-16 1e-20
3715.65775 9.918851104e-16 1e-20
3717.1635 9.941853342e-16 1e-20
3718.66925 9.845510756e-16 1e-20
3720.175 9.748474661e-16 1e-20
3721.68075 9.345681908e-16 1e-20
3723.1865 8.941092385e-16 1e-20
3724.69225 9.438475426e-16 1e-20
3726.198 9.941160893e-16 1e-20
3727.70375 1.028677786e-15 1e-20
3729.2095 1.063145992e-15 1e-20
3730.71525 1.100239577e-15 1e-20
3732.221 1.137348725e-15 1e-20
3733.72675 1.148563124e-15 1e-20
3735.2325 1.15962188e-15 1e-20
3736.73825 1.182234166e-15 1e-20
3738.244 1.204916649e-15 1e-20
3739.74975 1.238104247e-15 1e-20
3741.2555 1.27135569e-15 1e-20
3742.76125 1.265261818e-15 1e-20
3744.267 1.258926117e-15 1e-20
3745.77275 1.321945686e-15 1e-20
3747.2785 1.385391524e-15 1e-20
3748.78425 1.376796152e-15 1e-20
3750.29 1.367753122e-15 1e-20
3751.79575 1.322145586e-15 1e-20
3753.3015 1.276310833e-15 1e-20
3754.80725 1.358602202e-15 1e-20
3756.313 1.441698569e-15 1e-20
3757.81875 1.466702664e-15 1e-20
3759.3245 1.491337876e-15 1e-20
3760.83025 1.478049094e-15 1e-20
3762.336 1.464519542e-15 1e-20
3763.84175 1.550913091e-15 1e-20
3765.3475 1.637947844e-15 1e-20
3766.85325 1.689386885e-15 1e-20
3768.359 1.740597544e-15 1e-20
3769.86475 1.720686552e-15 1e-20
3771.3705 1.700314562e-15 1e-20
3772.87625 1.777245589e-15 1e-20
3774.382 1.854807549e-15 1e-20
3775.88775 1.88871703e-15 1e-20
3777.3935 1.922340427e-15 1e-20
3778.89925 1.971256579e-15 1e-20
3780.405 2.020273741e-15 1e-20
3781.91075 2.014772897e-15 1e-20
3783.4165 2.008911429e-15 1e-20
3784.92225 2.037459828e-15 1e-20
3786.428 2.066238195e-15 1e-20
3787.93375 2.109422476e-15 1e-20
3789.4395 2.152703107e-15 1e-20
3790.94525 2.186933402e-15 1e-20
3792.451 2.2211025e-15 1e-20
3793.95675 2.127884195e-15 1e-20
3795.4625 2.033805516e-15 1e-20
3796.96825 2.16890833e-15 1e-20
3798.474 2.305574343e-15 1e-20
3799.97975 2.322621304e-15 1e-20
3801.4855 2.338844526e-15 1e-20
3802.99125 2.392559332e-15 1e-20
3804.497 2.446532272e-15 1e-20
3806.00275 2.485531998e-15 1e-20
3807.5085 2.524427751e-15 1e-20
3809.01425 2.560570859e-15 1e-20
3810.52 2.596694908e-15 1e-20
3812.02575 2.692848606e-15 1e-20
3813.5315 2.789423703e-15 1e-20
3815.03725 2.842674335e-15 1e-20
3816.543 2.895620882e-15 1e-20
3818.04875 2.933277214e-15 1e-20
3819.5545 2.970825337e-15 1e-20
3821.06025 2.935399031e-15 1e-20
3822.566 2.899450318e-15 1e-20
3824.07175 3.051443392e-15 1e-20
3825.5775 3.204781767e-15 1e-20
3827.08325 3.187447661e-15 1e-20
3828.589 3.168880699e-15 1e-20
3830.09475 3.246081399e-15 1e-20
3831.6005 3.323973914e-15 1e-20
3833.10625 3.360085469e-15 1e-20
3834.612 3.395892093e-15 1e-20
3836.11775 3.413903402e-15 1e-20
3837.6235 3.431784691e-15 1e-20
3839.12925 3.547442805e-15 1e-20
3840.635 3.663820261e-15 1e-20
3842.14075 3.68144024e-15 1e-20
3843.6465 3.698326689e-15 1e-20
3845.15225 3.665220407e-15 1e-20
3846.658 3.631742276e-15 1e-20
3848.16375 3.688432497e-15 1e-20
3849.6695 3.745798651e-15 1e-20
3851.17525 3.713206517e-15 1e-20
3852.681 3.679940145e-15 1e-20
3854.18675 3.687745977e-15 1e-20
3855.6925 3.695862247e-15 1e-20
3857.19825 3.750559399e-15 1e-20
3858.704 3.805608494e-15 1e-20
3860.20975 3.823347482e-15 1e-20
3861.7155 3.840801866e-15 1e-20
3863.22125 3.811341637e-15 1e-20
3864.727 3.781523112e-15 1e-20
3866.23275 3.868364318e-15 1e-20
3867.7385 3.956102956e-15 1e-20
3869.24425 3.918143598e-15 1e-20
3870.75 3.879208458e-15 1e-20
3872.25575 3.956150389e-15 1e-20
3873.7615 4.03399187e-15 1e-20
3875.26725 3.996379796e-15 1e-20
3876.773 3.957863514e-15 1e-20
3878.27875 3.922412644e-15 1e-20
3879.7845 3.886985491e-15 1e-20
3881.29025 3.911483377e-15 1e-20
3882.796 3.936454756e-15 1e-20
3884.30175 3.862838699e-15 1e-20
3885.8075 3.788444219e-15 1e-20
3887.31325 3.826539102e-15 1e-20
3888.819 3.86553057e-15 1e-20
3890.32475 3.788949897e-15 1e-20
3891.8305 3.711440877e-15 1e-20
3893.33625 3.673019039e-15 1e-20
3894.842 3.634911874e-15 1e-20
3896.34775 3.685512351e-15 1e-20
3897.8535 3.736831113e-15 1e-20
3899.35925 3.603886751e-15 1e-20
3900.865 3.46944907e-15 1e-20
3902.37075 3.554913423e-15 1e-20
3903.8765 3.642173487e-15 1e-20
3905.38225 3.677468926e-15 1e-20
3906.888 3.712340002e-15 1e-20
3908.39375 3.703665961e-15 1e-20
3909.8995 3.694633626e-15 1e-20
3911.40525 3.69004186e-15 1e-20
3912.911 3.68548694e-15 1e-20
3914.41675 3.710184303e-15 1e-20
3915.9225 3.735124342e-15 1e-20
3917.42825 3.73173748e-15 1e-20
3918.934 3.728113873e-15 1e-20
3920.43975 3.666941154e-15 1e-20
3921.9455 3.605286473e-15 1e-20
3923.45125 3.601299489e-15 1e-20
3924.957 3.597798701e-15 1e-20
3926.46275 3.559896942e-15 1e-20
3927.9685 3.521705285e-15 1e-20
3929.47425 3.391910827e-15 1e-20
3930.98 3.26133731e-15 1e-20
3932.48575 3.227235128e-15 1e-20
3933.9915 3.193960286e-15 1e-20
3935.49725 3.191440151e-15 1e-20
3937.003 3.189183443e-15 1e-20
3938.50875 3.222894084e-15 1e-20
3940.0145 3.256915162e-15 1e-20
3941.52025 3.293364261e-15 1e-20
3943.026 3.329834323e-15 1e-20
3944.53175 3.28656068e-15 1e-20
3946.0375 3.242592682e-15 1e-20
3947.54325 3.263987887e-15 1e-20
3949.049 3.285952511e-15 1e-20
3950.55475 3.288285028e-15 1e-20
3952.0605 3.290445173e-15 1e-20
3953.56625 3.286367768e-15 1e-20
3955.072 3.282235095e-15 1e-20
3956.57775 3.190176801e-15 1e-20
3958.0835 3.09734072e-15 1e-20
3959.58925 3.162791591e-15 1e-20
3961.095 3.229652772e-15 1e-20
3962.60075 3.22381735e-15 1e-20
3964.1065 3.21733416e-15 1e-20
3965.61225 3.154992747e-15 1e-20
3967.118 3.092149466e-15 1e-20
3968.62375 3.030209335e-15 1e-20
3970.1295 2.968277462e-15 1e-20
3971.63525 2.991672724e-15 1e-20
3973.141 3.015840268e-15 1e-20
3974.64675 3.07687111e-15 1e-20
3976.1525 3.1382378e-15 1e-20
3977.65825 3.121725104e-15 1e-20
3979.164 3.104502595e-15 1e-20
3980.66975 3.164821293e-15 1e-20
3982.1755 3.225851923e-15 1e-20
3983.68125 3.198693929e-15 1e-20
3985.187 3.170726172e-15 1e-20
3986.69275 3.190932778e-15 1e-20
3988.1985 3.211584712e-15 1e-20
3989.70425 3.228599274e-15 1e-20
3991.21 3.245579956e-15 1e-20
3992.71575 3.285861666e-15 1e-20
3994.2215 3.326360429e-15 1e-20
3995.72725 3.290955511e-15 1e-20
3997.233 3.254838238e-15 1e-20
3998.73875 3.233768081e-15 1e-20
4000.2445 3.212838956e-15 1e-20
4001.75025 3.271210749e-15 1e-20
4003.256 3.330332167e-15 1e-20
4004.76175 3.403131472e-15 1e-20
4006.2675 3.476060162e-15 1e-20
4007.77325 3.425528082e-15 1e-20
4009.279 3.373820532e-15 1e-20
4010.78475 3.375094046e-15 1e-20
4012.2905 3.376871757e-15 1e-20
4013.79625 3.431141157e-15 1e-20
4015.302 3.485913696e-15 1e-20
4016.80775 3.541773401e-15 1e-20
4018.3135 3.597643271e-15 1e-20
4019.81925 3.536682521e-15 1e-20
4021.325 3.474593312e-15 1e-20
4022.83075 3.515480228e-15 1e-20
4024.3365 3.557368548e-15 1e-20
4025.84225 3.650390977e-15 1e-20
4027.348 3.743910614e-15 1e-20
4028.85375 3.751876112e-15 1e-20
4030.3595 3.759003471e-15 1e-20
4031.86525 3.818816279e-15 1e-20
4033.371 3.87914493e-15 1e-20
4034.87675 3.894311902e-15 1e-20
4036.3825 3.909033758e-15 1e-20
4037.88825 3.96630462e-15 1e-20
4039.394 4.023994764e-15 1e-20
4040.89975 3.995167268e-15 1e-20
4042.4055 3.965480457e-15 1e-20
4043.91125 4.01777373e-15 1e-20
4045.417 4.070886508e-15 1e-20
4046.92275 4.10903306e-15 1e-20
4048.4285 4.147030535e-15 1e-20
4049.93425 4.111402211e-15 1e-20
4051.44 4.075033158e-15 1e-20
4052.94575 4.11651829e-15 1e-20
4054.4515 4.158786928e-15 1e-20
4055.95725 4.207538333e-15 1e-20
4057.463 4.256355807e-15 1e-20
4058.96875 4.243207738e-15 1e-20
4060.4745 4.229432017e-15 1e-20
4061.98025 4.138399269e-15 1e-20
4063.486 4.04657878e-15 1e-20
4064.99175 3.996602142e-15 1e-20
4066.4975 3.947055373e-15 1e-20
4068.00325 3.998791298e-15 1e-20
4069.509 4.05156738e-15 1e-20
4071.01475 4.037966149e-15 1e-20
4072.5205 4.023678821e-15 1e-20
4074.02625 3.9617641e-15 1e-20
4075.532 3.89935683e-15 1e-20
4077.03775 3.91703822e-15 1e-20
4078.5435 3.935552242e-15 1e-20
4080.04925 3.95145825e-15 1e-20
4081.555 3.967337577e-15 1e-20
4083.06075 3.962561582e-15 1e-20
4084.5665 3.95756917e-15 1e-20
4086.07225 3.935489985e-15 1e-20
4087.578 3.913230383e-15 1e-20
4089.08375 3.938248348e-15 1e-20
4090.5895 3.963764369e-15 1e-20
4092.09525 3.894840874e-15 1e-20
4093.601 3.82491661e-15 1e-20
4095.10675 3.821123597e-15 1e-20
4096.6125 3.81803235e-15 1e-20
4098.11825 3.776485807e-15 1e-20
4099.624 3.734528877e-15 1e-20
4101.12975 3.710802638e-15 1e-20
4102.6355 3.687271215e-15 1e-20
4104.14125 3.677643415e-15 1e-20
4105.647 3.668165117e-15 1e-20
4107.15275 3.635450587e-15 1e-20
4108.6585 3.602485335e-15 1e-20
4110.16425 3.625226899e-15 1e-20
4111.67 3.648570703e-15 1e-20
4113.17575 3.629435382e-15 1e-20
4114.6815 3.609837581e-15 1e-20
4116.18725 3.594840015e-15 1e-20
4117.693 3.579892001e-15 1e-20
4119.19875 3.571588537e-15 1e-20
4120.7045 3.563357495e-15 1e-20
4122.21025 3.539777156e-15 1e-20
4123.716 3.51602847e-15 1e-20
4125.22175 3.542878144e-15 1e-20
4126.7275 3.570284954e-15 1e-20
4128.23325 3.550782867e-15 1e-20
4129.739 3.530761338e-15 1e-20
4131.24475 3.490660892e-15 1e-20
4132.7505 3.4503381e-15 1e-20
4134.25625 3.487456143e-15 1e-20
4135.762 3.525437524e-15 1e-20
4137.26775 3.555773162e-15 1e-20
4138.7735 3.586023673e-15 1e-20
4140.27925 3.555666859e-15 1e-20
4141.785 3.524630725e-15 1e-20
4143.29075 3.454080504e-15 1e-20
4144.7965 3.383087073e-15 1e-20
4146.30225 3.446676165e-15 1e-20
4147.808 3.511783776e-15 1e-20
4149.31375 3.499526151e-15 1e-20
4150.8195 3.486390152e-15 1e-20
4152.32525 3.518690695e-15 1e-20
4153.831 3.551506869e-15 1e-20
4155.33675 3.528001281e-15 1e-20
4156.8425 3.503852583e-15 1e-20
4158.34825 3.484671522e-15 1e-20
4159.854 3.465547424e-15 1e-20
4161.35975 3.423998764e-15 1e-20
4162.8655 3.382192606e-15 1e-20
4164.37125 3.350020812e-15 1e-20
4165.877 3.317959556e-15 1e-20
4167.38275 3.330879138e-15 1e-20
4168.8885 3.344318586e-15 1e-20
4170.39425 3.344228377e-15 1e-20
4171.9 3.343981044e-15 1e-20
4173.40575 3.30451799e-15 1e-20
4174.9115 3.264599233e-15 1e-20
4176.41725 3.236378848e-15 1e-20
4177.923 3.208295259e-15 1e-20
4179.42875 3.196592864e-15 1e-20
4180.9345 3.185081686e-15 1e-20
4182.44025 3.126221578e-15 1e-20
4183.946 3.066804547e-15 1e-20
4185.45175 3.076356537e-15 1e-20
4186.9575 3.086719562e-15 1e-20
4188.46325 3.01579114e-15 1e-20
4189.969 2.943901125e-15 1e-20
4191.47475 2.883383585e-15 1e-20
4192.9805 2.823000512e-15 1e-20
4194.48625 2.836923828e-15 1e-20
4195.992 2.851730811e-15 1e-20
4197.49775 2.847986078e-15 1e-20
4199.0035 2.844019423e-15 1e-20
4200.50925 2.8237999e-15 1e-20
4202.015 2.803386194e-15 1e-20
4203.52075 2.76416391e-15 1e-20
4205.0265 2.724715256e-15 1e-20
4206.53225 2.671181291e-15 1e-20
4208.038 2.617477708e-15 1e-20
4209.54375 2.634275642e-15 1e-20
4211.0495 2.651926327e-15 1e-20
4212.55525 2.638927124e-15 1e-20
4214.061 2.62555692e-15 1e-20
4215.56675 2.58761895e-15 1e-20
4217.0725 2.549381765e-15 1e-20
4218.57825 2.536766692e-15 1e-20
4220.084 2.524465232e-15 1e-20
4221.58975 2.479113606e-15 1e-20
4223.0955 2.433357521e-15 1e-20
4224.60125 2.396872636e-15 1e-20
4226.107 2.360501888e-15 1e-20
4227.61275 2.347125968e-15 1e-20
4229.1185 2.334033167e-15 1e-20
4230.62425 2.296944348e-15 1e-20
4232.13 2.259558854e-15 1e-20
4233.63575 2.220217986e-15 1e-20
4235.1415 2.180852765e-15 1e-20
4236.64725 2.168251667e-15 1e-20
4238.153 2.155983454e-15 1e-20
4239.65875 2.126329889e-15 1e-20
4241.1645 2.096458849e-15 1e-20
4242.67025 2.054826544e-15 1e-20
4244.176 2.013047067e-15 1e-20
4245.68175 1.967946163e-15 1e-20
4247.1875 1.92280333e-15 1e-20
4248.69325 1.898896249e-15 1e-20
4250.199 1.875256406e-15 1e-20
4251.70475 1.856456722e-15 1e-20
4253.2105 1.837718447e-15 1e-20
4254.71625 1.812885347e-15 1e-20
4256.222 1.787975167e-15 1e-20
4257.72775 1.777636494e-15 1e-20
4259.2335 1.767483005e-15 1e-20
4260.73925 1.750061866e-15 1e-20
4262.245 1.732547872e-15 1e-20
4263.75075 1.710389702e-15 1e-20
4265.2565 1.688172239e-15 1e-20
4266.76225 1.662407615e-15 1e-20
4268.268 1.636597462e-15 1e-20
4269.77375 1.6168563e-15 1e-20
4271.2795 1.597193066e-15 1e-20
4272.78525 1.559163616e-15 1e-20
4274.291 1.520896996e-15 1e-20
4275.79675 1.536502414e-15 1e-20
4277.3025 1.552803669e-15 1e-20
4278.80825 1.542084361e-15 1e-20
4280.314 1.531014276e-15 1e-20
4281.81975 1.539589637e-15 1e-20
4283.3255 1.548421438e-15 1e-20
4284.83125 1.546101521e-15 1e-20
4286.337 1.543636019e-15 1e-20
4287.84275 1.536849909e-15 1e-20
4289.3485 1.530007048e-15 1e-20
4290.85425 1.556732102e-15 1e-20
4292.36 1.583897613e-15 1e-20
4293.86575 1.599478678e-15 1e-20
4295.3715 1.614907066e-15 1e-20
4296.87725 1.62613184e-15 1e-20
4298.383 1.63730124e-15 1e-20
4299.88875 1.680917084e-15 1e-20
4301.3945 1.724963115e-15 1e-20
4302.90025 1.718263614e-15 1e-20
4304.406 1.710887969e-15 1e-20
4305.91175 1.7620369e-15 1e-20
4307.4175 1.813965738e-15 1e-20
4308.92325 1.811316007e-15 1e-20
4310.429 1.807935286e-15 1e-20
4311.93475 1.809878168e-15 1e-20
4313.4405 1.811892201e-15 1e-20
4314.94625 1.832819844e-15 1e-20
4316.452 1.854002232e-15 1e-20
4317.95775 1.879220521e-15 1e-20
4319.4635 1.904493443e-15 1e-20
4320.96925 1.957129764e-15 1e-20
4322.475 2.010136451e-15 1e-20
4323.98075 1.979383437e-15 1e-20
4325.4865 1.947491376e-15 1e-20
4326.99225 1.957643489e-15 1e-20
4328.498 1.968367138e-15 1e-20
4330.00375 2.011068822e-15 1e-20
4331.5095 2.054207363e-15 1e-20
4333.01525 2.055074725e-15 1e-20
4334.521 2.05536441e-15 1e-20
4336.02675 2.069439133e-15 1e-20
4337.5325 2.083702956e-15 1e-20
4339.03825 2.093851893e-15 1e-20
4340.544 2.103944079e-15 1e-20
4342.04975 2.116660585e-15 1e-20
4343.5555 2.129413513e-15 1e-20
4345.06125 2.131989128e-15 1e-20
4346.567 2.134423712e-15 1e-20
4348.07275 2.174319388e-15 1e-20
4349.5785 2.214734506e-15 1e-20
4351.08425 2.22177335e-15 1e-20
4352.59 2.228346961e-15 1e-20
4354.09575 2.231491994e-15 1e-20
4355.6015 2.234588958e-15 1e-20
4357.10725 2.244596864e-15 1e-20
4358.613 2.254701332e-15 1e-20
4360.11875 2.256566287e-15 1e-20
4361.6245 2.258315622e-15 1e-20
4363.13025 2.300215801e-15 1e-20
4364.636 2.342681162e-15 1e-20
4366.14175 2.365409809e-15 1e-20
4367.6475 2.387860841e-15 1e-20
4369.15325 2.396128094e-15 1e-20
4370.659 2.404194601e-15 1e-20
4372.16475 2.381840131e-15 1e-20
4373.6705 2.359053038e-15 1e-20
4375.17625 2.362927579e-15 1e-20
4376.682 2.367180743e-15 1e-20
4378.18775 2.385266591e-15 1e-20
4379.6935 2.403550008e-15 1e-20
4381.19925 2.412006997e-15 1e-20
4382.705 2.420323378e-15 1e-20
4384.21075 2.435093939e-15 1e-20
4385.7165 2.44995725e-15 1e-20
4387.22225 2.448841707e-15 1e-20
4388.728 2.447496831e-15 1e-20
4390.23375 2.461780559e-15 1e-20
4391.7395 2.476289386e-15 1e-20
4393.24525 2.493455144e-15 1e-20
4394.751 2.510659442e-15 1e-20
4396.25675 2.51755429e-15 1e-20
4397.7625 2.524299637e-15 1e-20
4399.26825 2.519971511e-15 1e-20
4400.774 2.515482236e-15 1e-20
4402.27975 2.531059172e-15 1e-20
4403.7855 2.546928334e-15 1e-20
4405.29125 2.568737103e-15 1e-20
4406.797 2.590632481e-15 1e-20
4408.30275 2.60757907e-15 1e-20
4409.8085 2.624453025e-15 1e-20
4411.31425 2.657679163e-15 1e-20
4412.82 2.691145646e-15 1e-20
4414.32575 2.701349429e-15 1e-20
4415.8315 2.711210163e-15 1e-20
4417.33725 2.725670074e-15 1e-20
4418.843 2.740197748e-15 1e-20
4420.34875 2.796936461e-15 1e-20
4421.8545 2.854300921e-15 1e-20
4423.36025 2.868531921e-15 1e-20
4424.866 2.882123412e-15 1e-20
4426.37175 2.92696343e-15 1e-20
4427.8775 2.972268682e-15 1e-20
4429.38325 2.948355671e-15 1e-20
4430.889 2.923411821e-15 1e-20
4432.39475 2.922261127e-15 1e-20
4433.9005 2.92146661e-15 1e-20
4435.40625 2.990586404e-15 1e-20
4436.912 3.060757367e-15 1e-20
4438.41775 3.118581977e-15 1e-20
4439.9235 3.176221086e-15 1e-20
4441.42925 3.184585537e-15 1e-20
4442.935 3.192205869e-15 1e-20
4444.44075 3.221791459e-15 1e-20
4445.9465 3.251708663e-15 1e-20
4447.45225 3.246240006e-15 1e-20
4448.958 3.240234542e-15 1e-20
4450.46375 3.250462465e-15 1e-20
4451.9695 3.260936875e-15 1e-20
4453.47525 3.275571275e-15 1e-20
4454.981 3.29026899e-15 1e-20
4456.48675 3.298450058e-15 1e-20
4457.9925 3.306531176e-15 1e-20
4459.49825 3.355218418e-15 1e-20
4461.004 3.404527171e-15 1e-20
4462.50975 3.444554983e-15 1e-20
4464.0155 3.48444007e-15 1e-20
4465.52125 3.473871429e-15 1e-20
4467.027 3.462527116e-15 1e-20
4468.53275 3.438553119e-15 1e-20
4470.0385 3.414384093e-15 1e-20
4471.54425 3.430723358e-15 1e-20
4473.05 3.447688158e-15 1e-20
4474.55575 3.471739447e-15 1e-20
4476.0615 3.49590085e-15 1e-20
4477.56725 3.505990494e-15 1e-20
4479.073 3.515860969e-15 1e-20
4480.57875 3.515464134e-15 1e-20
4482.0845 3.514907422e-15 1e-20
4483.59025 3.534097377e-15 1e-20
4485.096 3.553596711e-15 1e-20
4486.60175 3.527322596e-15 1e-20
4488.1075 3.500332103e-15 1e-20
4489.61325 3.558677214e-15 1e-20
4491.119 3.618363391e-15 1e-20
4492.62475 3.610227216e-15 1e-20
4494.1305 3.601025473e-15 1e-20
4495.63625 3.620430575e-15 1e-20
4497.142 3.640287568e-15 1e-20
4498.64775 3.639834829e-15 1e-20
4500.1535 3.639060641e-15 1e-20
4501.65925 3.638006508e-15 1e-20
4503.165 3.636947294e-15 1e-20
4504.67075 3.595376187e-15 1e-20
4506.1765 3.553159642e-15 1e-20
4507.68225 3.585481148e-15 1e-20
4509.188 3.618989348e-15 1e-20
4510.69375 3.56581982e-15 1e-20
4512.1995 3.511264333e-15 1e-20
4513.70525 3.508094312e-15 1e-20
4515.211 3.505745914e-15 1e-20
4516.71675 3.471312754e-15 1e-20
4518.2225 3.436364386e-15 1e-20
4519.72825 3.420775592e-15 1e-20
4521.234 3.405497659e-15 1e-20
4522.73975 3.432329333e-15 1e-20
4524.2455 3.459840116e-15 1e-20
4525.75125 3.40963012e-15 1e-20
4527.257 3.35816101e-15 1e-20
4528.76275 3.317282353e-15 1e-20
4530.2685 3.276575221e-15 1e-20
4531.77425 3.306352664e-15 1e-20
4533.28 3.337276778e-15 1e-20
4534.78575 3.316459037e-15 1e-20
4536.2915 3.294799558e-15 1e-20
4537.79725 3.274451497e-15 1e-20
4539.303 3.254124824e-15 1e-20
4540.80875 3.222252457e-15 1e-20
4542.3145 3.190191412e-15 1e-20
4543.82025 3.199817942e-15 1e-20
4545.326 3.210128239e-15 1e-20
4546.83175 3.186515289e-15 1e-20
4548.3375 3.16234351e-15 1e-20
4549.84325 3.104753105e-15 1e-20
4551.349 3.046612128e-15 1e-20
4552.85475 3.051265515e-15 1e-20
4554.3605 3.056957365e-15 1e-20
4555.86625 3.045027118e-15 1e-20
4557.372 3.032805491e-15 1e-20
4558.87775 3.008064082e-15 1e-20
4560.3835 2.983114515e-15 1e-20
4561.88925 2.967929544e-15 1e-20
4563.395 2.952906779e-15 1e-20
4564.90075 2.920806348e-15 1e-20
4566.4065 2.88842089e-15 1e-20
4567.91225 2.859415729e-15 1e-20
4569.418 2.830467108e-15 1e-20
4570.92375 2.845919741e-15 1e-20
4572.4295 2.862115858e-15 1e-20
4573.93525 2.827429647e-15 1e-20
4575.441 2.791888145e-15 1e-20
4576.94675 2.773457555e-15 1e-20
4578.4525 2.755314745e-15 1e-20
4579.95825 2.701659443e-15 1e-20
4581.464 2.647404441e-15 1e-20
4582.96975 2.603986379e-15 1e-20
4584.4755 2.560751488e-15 1e-20
4585.98125 2.546630814e-15 1e-20
4587.487 2.53300396e-15 1e-20
4588.99275 2.515887753e-15 1e-20
4590.4985 2.498712043e-15 1e-20
4592.00425 2.462856079e-15 1e-20
4593.51 2.426682055e-15 1e-20
4595.01575 2.400485443e-15 1e-20
4596.5215 2.374459085e-15 1e-20
4598.02725 2.335334422e-15 1e-20
4599.533 2.295986142e-15 1e-20
4601.03875 2.293664001e-15 1e-20
4602.5445 2.291977346e-15 1e-20
4604.05025 2.274478704e-15 1e-20
4605.556 2.256709012e-15 1e-20
4607.06175 2.225200445e-15 1e-20
4608.5675 2.193454921e-15 1e-20
4610.07325 2.172447657e-15 1e-20
4611.579 2.151626105e-15 1e-20
4613.08475 2.118534857e-15 1e-20
4614.5905 2.085231215e-15 1e-20
4616.09625 2.059012157e-15 1e-20
4617.602 2.032915919e-15 1e-20
4619.10775 2.04626177e-15 1e-20
4620.6135 2.060292236e-15 1e-20
4622.11925 2.037812193e-15 1e-20
4623.625 2.014695605e-15 1e-20
4625.13075 2.018588992e-15 1e-20
4626.6365 2.02295333e-15 1e-20
4628.14225 2.011045105e-15 1e-20
4629.648 1.998852278e-15 1e-20
4631.15375 1.983523734e-15 1e-20
4632.6595 1.968140133e-15 1e-20
4634.16525 1.953951061e-15 1e-20
4635.671 1.939783164e-15 1e-20
4637.17675 1.915019097e-15 1e-20
4638.6825 1.890068048e-15 1e-20
4640.18825 1.883867767e-15 1e-20
4641.694 1.877998464e-15 1e-20
4643.19975 1.866864851e-15 1e-20
4644.7055 1.855638064e-15 1e-20
4646.21125 1.864922181e-15 1e-20
4647.717 1.874569463e-15 1e-20
4649.22275 1.873060685e-15 1e-20
4650.7285 1.871353702e-15 1e-20
4652.23425 1.870168279e-15 1e-20
4653.74 1.868992386e-15 1e-20
4655.24575 1.848517906e-15 1e-20
4656.7515 1.827699318e-15 1e-20
4658.25725 1.815509455e-15 1e-20
4659.763 1.803474387e-15 1e-20
4661.26875 1.780167429e-15 1e-20
4662.7745 1.756658665e-15 1e-20
4664.28025 1.756462259e-15 1e-20
4665.786 1.756685029e-15 1e-20
4667.29175 1.727701996e-15 1e-20
4668.7975 1.698193698e-15 1e-20
4670.30325 1.684288064e-15 1e-20
4671.809 1.670664068e-15 1e-20
4673.31475 1.660155777e-15 1e-20
4674.8205 1.649703709e-15 1e-20
4676.32625 1.646286248e-15 1e-20
4677.832 1.642996266e-15 1e-20
4679.33775 1.619590205e-15 1e-20
4680.8435 1.595818331e-15 1e-20
4682.34925 1.581648105e-15 1e-20
4683.855 1.567652686e-15 1e-20
4685.36075 1.539720821e-15 1e-20
4686.8665 1.511534635e-15 1e-20
4688.37225 1.514212636e-15 1e-20
4689.878 1.517454231e-15 1e-20
4691.38375 1.505380518e-15 1e-20
4692.8895 1.493026013e-15 1e-20
4694.39525 1.482270494e-15 1e-20
4695.901 1.471544198e-15 1e-20
4697.40675 1.483934702e-15 1e-20
4698.9125 1.496750416e-15 1e-20
4700.41825 1.492489735e-15 1e-20
4701.924 1.487913639e-15 1e-20
4703.42975 1.464977469e-15 1e-20
4704.9355 1.441702381e-15 1e-20
4706.44125 1.488812553e-15 1e-20
4707.947 1.537227262e-15 1e-20
4709.45275 1.55760264e-15 1e-20
4710.9585 1.577458257e-15 1e-20
4712.46425 1.56806032e-15 1e-20
4713.97 1.558118059e-15 1e-20
4715.47575 1.568174246e-15 1e-20
4716.9815 1.578602492e-15 1e-20
4718.48725 1.553457684e-15 1e-20
4719.993 1.527648696e-15 1e-20
4721.49875 1.486909058e-15 1e-20
4723.0045 1.445889582e-15 1e-20
4724.51025 1.447854698e-15 1e-20
4726.016 1.450625343e-15 1e-20
4727.52175 1.46372132e-15 1e-20
4729.0275 1.477011478e-15 1e-20
4730.53325 1.493646464e-15 1e-20
4732.039 1.510344448e-15 1e-20
4733.54475 1.485006199e-15 1e-20
4735.0505 1.458874491e-15 1e-20
4736.55625 1.458697355e-15 1e-20
4738.062 1.459010334e-15 1e-20
4739.56775 1.47310041e-15 1e-20
4741.0735 1.487451583e-15 1e-20
4742.57925 1.499172401e-15 1e-20
4744.085 1.510843139e-15 1e-20
4745.59075 1.497754362e-15 1e-20
4747.0965 1.484194741e-15 1e-20
4748.60225 1.47537067e-15 1e-20
4750.108 1.466636913e-15 1e-20
4751.61375 1.505395023e-15 1e-20
4753.1195 1.54505967e-15 1e-20
4754.62525 1.557273991e-15 1e-20
4756.131 1.568962516e-15 1e-20
4757.63675 1.566223529e-15 1e-20
4759.1425 1.563208304e-15 1e-20
4760.64825 1.550477822e-15 1e-20
4762.154 1.53756057e-15 1e-20
4763.65975 1.517689494e-15 1e-20
4765.1655 1.497684164e-15 1e-20
4766.67125 1.493139303e-15 1e-20
4768.177 1.488892704e-15 1e-20
4769.68275 1.496079355e-15 1e-20
4771.1885 1.503487505e-15 1e-20
4772.69425 1.510631275e-15 1e-20
4774.2 1.517769963e-15 1e-20
4775.70575 1.516654208e-15 1e-20
4777.2115 1.515378153e-15 1e-20
4778.71725 1.505970158e-15 1e-20
4780.223 1.496404192e-15 1e-20
4781.72875 1.489380277e-15 1e-20
4783.2345 1.482406019e-15 1e-20
4784.74025 1.462363843e-15 1e-20
4786.246 1.442065864e-15 1e-20
4787.75175 1.414213197e-15 1e-20
4789.2575 1.386212617e-15 1e-20
4790.76325 1.376083373e-15 1e-20
4792.269 1.366305119e-15 1e-20
4793.77475 1.354441364e-15 1e-20
4795.2805 1.342536528e-15 1e-20
4796.78625 1.334629581e-15 1e-20
4798.292 1.326801408e-15 1e-20
4799.79775 1.306921439e-15 1e-20
4801.3035 1.286803877e-15 1e-20
4802.80925 1.282411482e-15 1e-20
4804.315 1.278330054e-15 1e-20
4805.82075 1.272528937e-15 1e-20
4807.3265 1.266693621e-15 1e-20
4808.83225 1.281426912e-15 1e-20
4810.338 1.296568473e-15 1e-20
4811.84375 1.282445469e-15 1e-20
4813.3495 1.267739707e-15 1e-20
4814.85525 1.223133258e-15 1e-20
4816.361 1.177931239e-15 1e-20
4817.86675 1.178629194e-15 1e-20
4819.3725 1.18024438e-15 1e-20
4820.87825 1.172678787e-15 1e-20
4822.384 1.164929812e-15 1e-20
4823.88975 1.158068316e-15 1e-20
4825.3955 1.151224713e-15 1e-20
4826.90125 1.131606265e-15 1e-20
4828.407 1.111730743e-15 1e-20
4829.91275 1.131137856e-15 1e-20
4831.4185 1.151335357e-15 1e-20
4832.92425 1.174944389e-15 1e-20
4834.43 1.198622242e-15 1e-20
4835.93575 1.160797774e-15 1e-20
4837.4415 1.121731555e-15 1e-20
4838.94725 1.12172372e-15 1e-20
4840.453 1.122507226e-15 1e-20
4841.95875 1.098811691e-15 1e-20
4843.4645 1.074620324e-15 1e-20
4844.97025 1.098788397e-15 1e-20
4846.476 1.123939664e-15 1e-20
4847.98175 1.150758845e-15 1e-20
4849.4875 1.177611907e-15 1e-20
4850.99325 1.160567593e-15 1e-20
4852.499 1.142627858e-15 1e-20
4854.00475 1.135424372e-15 1e-20
4855.5105 1.128440797e-15 1e-20
4857.01625 1.16017531e-15 1e-20
4858.522 1.192702223e-15 1e-20
4860.02775 1.198262359e-15 1e-20
4861.5335 1.203268535e-15 1e-20
4863.03925 1.216228774e-15 1e-20
4864.545 1.229352279e-15 1e-20
4866.05075 1.220108185e-15 1e-20
4867.5565 1.210403305e-15 1e-20
4869.06225 1.225985006e-15 1e-20
4870.568 1.242087632e-15 1e-20
4872.07375 1.236295938e-15 1e-20
4873.5795 1.230051717e-15 1e-20
4875.08525 1.228069025e-15 1e-20
4876.591 1.226174847e-15 1e-20
4878.09675 1.265996513e-15 1e-20
4879.6025 1.306683635e-15 1e-20
4881.10825 1.281748785e-15 1e-20
4882.614 1.2554482e-15 1e-20
4884.11975 1.261466687e-15 1e-20
4885.6255 1.268157717e-15 1e-20
4887.13125 1.285692676e-15 1e-20
4888.637 1.30345411e-15 1e-20
4890.14275 1.306793643e-15 1e-20
4891.6485 1.309832056e-15 1e-20
4893.15425 1.344962006e-15 1e-20
4894.66 1.380764395e-15 1e-20
4896.16575 1.384090058e-15 1e-20
4897.6715 1.386733013e-15 1e-20
4899.17725 1.398537899e-15 1e-20
4900.683 1.410535486e-15 1e-20
4902.18875 1.406824422e-15 1e-20
4903.6945 1.402782064e-15 1e-20
4905.20025 1.404893187e-15 1e-20
4906.706 1.407134013e-15 1e-20
4908.21175 1.41552631e-15 1e-20
4909.7175 1.424048943e-15 1e-20
4911.22325 1.435139993e-15 1e-20
4912.729 1.446285358e-15 1e-20
4914.23475 1.454190081e-15 1e-20
4915.7405 1.462025983e-15 1e-20
4917.24625 1.466399744e-15 1e-20
4918.752 1.470699706e-15 1e-20
4920.25775 1.47246397e-15 1e-20
4921.7635 1.47417413e-15 1e-20
4923.26925 1.503593807e-15 1e-20
4924.775 1.533605667e-15 1e-20
4926.28075 1.519100122e-15 1e-20
4927.7865 1.503643465e-15 1e-20
4929.29225 1.499567119e-15 1e-20
4930.798 1.495734612e-15 1e-20
4932.30375 1.504376466e-15 1e-20
4933.8095 1.513285664e-15 1e-20
4935.31525 1.505953853e-15 1e-20
4936.821 1.498272852e-15 1e-20
4938.32675 1.517444278e-15 1e-20
4939.8325 1.537195075e-15 1e-20
4941.33825 1.559028196e-15 1e-20
4942.844 1.580906316e-15 1e-20
4944.34975 1.575942068e-15 1e-20
4945.8555 1.570396861e-15 1e-20
4947.36125 1.565321333e-15 1e-20
4948.867 1.560256076e-15 1e-20
4950.37275 1.583283832e-15 1e-20
4951.8785 1.606921557e-15 1e-20
4953.38425 1.609651756e-15 1e-20
4954.89 1.611928051e-15 1e-20
4956.39575 1.614481114e-15 1e-20
4957.9015 1.617040212e-15 1e-20
4959.40725 1.636533723e-15 1e-20
4960.913 1.656397386e-15 1e-20
4962.41875 1.670764548e-15 1e-20
4963.9245 1.685011536e-15 1e-20
4965.43025 1.710315057e-15 1e-20
4966.936 1.735860935e-15 1e-20
4968.44175 1.700934802e-15 1e-20
4969.9475 1.664683169e-15 1e-20
4971.45325 1.672185763e-15 1e-20
4972.959 1.680650693e-15 1e-20
4974.46475 1.715718386e-15 1e-20
4975.9705 1.751371167e-15 1e-20
4977.47625 1.775529288e-15 1e-20
4978.982 1.799433829e-15 1e-20
4980.48775 1.795599522e-15 1e-20
4981.9935 1.791151117e-15 1e-20
4983.49925 1.800957853e-15 1e-20
4985.005 1.811079896e-15 1e-20
4986.51075 1.817129617e-15 1e-20
4988.0165 1.823089129e-15 1e-20
4989.52225 1.827454737e-15 1e-20
4991.028 1.83178477e-15 1e-20
4992.53375 1.841689973e-15 1e-20
4994.0395 1.851719055e-15 1e-20
4995.54525 1.855666228e-15 1e-20
4997.051 1.859477877e-15 1e-20
4998.55675 1.864733081e-15 1e-20
5000.0625 1.870020472e-15 1e-20
5001.56825 1.863570528e-15 1e-20
5003.074 1.856858427e-15 1e-20
5004.57975 1.854738727e-15 1e-20
5006.0855 1.852721942e-15 1e-20
5007.59125 1.88231092e-15 1e-20
5009.097 1.912610348e-15 1e-20
5010.60275 1.910600338e-15 1e-20
5012.1085 1.907863998e-15 1e-20
5013.61425 1.909110619e-15 1e-20
5015.12 1.910447237e-15 1e-20
5016.62575 1.94173494e-15 1e-20
5018.1315 1.97369794e-15 1e-20
5019.63725 2.009605784e-15 1e-20
5021.143 2.045602991e-15 1e-20
5022.64875 2.028468996e-15 1e-20
5024.1545 2.010133698e-15 1e-20
5025.66025 2.027717255e-15 1e-20
5027.166 2.046115657e-15 1e-20
5028.67175 2.054029274e-15 1e-20
5030.1775 2.061704452e-15 1e-20
5031.68325 2.06835239e-15 1e-20
5033.189 2.074976611e-15 1e-20
5034.69475 2.076650772e-15 1e-20
5036.2005 2.078212065e-15 1e-20
5037.70625 2.124724973e-15 1e-20
5039.212 2.172263639e-15 1e-20
5040.71775 2.178205363e-15 1e-20
5042.2235 2.183194811e-15 1e-20
5043.72925 2.173443556e-15 1e-20
5045.235 2.163354758e-15 1e-20
5046.74075 2.188851085e-15 1e-20
5048.2465 2.215164587e-15 1e-20
5049.75225 2.243119851e-15 1e-20
5051.258 2.271113231e-15 1e-20
5052.76375 2.294878011e-15 1e-20
5054.2695 2.318545382e-15 1e-20
5055.77525 2.301839139e-15 1e-20
5057.281 2.284200313e-15 1e-20
5058.78675 2.274117233e-15 1e-20
5060.2925 2.26420843e-15 1e-20
5061.79825 2.271703613e-15 1e-20
5063.304 2.279601983e-15 1e-20
5064.80975 2.313947263e-15 1e-20
5066.3155 2.34890516e-15 1e-20
5067.82125 2.36574841e-15 1e-20
5069.327 2.382170473e-15 1e-20
5070.83275 2.360745199e-15 1e-20
5072.3385 2.338437739e-15 1e-20
5073.84425 2.343148301e-15 1e-20
5075.35 2.34848842e-15 1e-20
5076.85575 2.351566114e-15 1e-20
5078.3615 2.354591081e-15 1e-20
5079.86725 2.391666983e-15 1e-20
5081.373 2.429539097e-15 1e-20
5082.87875 2.436031816e-15 1e-20
5084.3845 2.441788676e-15 1e-20
5085.89025 2.441711384e-15 1e-20
5087.396 2.441497085e-15 1e-20
5088.90175 2.445111798e-15 1e-20
5090.4075 2.44881672e-15 1e-20
5091.91325 2.453143788e-15 1e-20
5093.419 2.457485678e-15 1e-20
5094.92475 2.431423957e-15 1e-20
5096.4305 2.40464501e-15 1e-20
5097.93625 2.405482514e-15 1e-20
5099.442 2.406973292e-15 1e-20
5100.94775 2.402465383e-15 1e-20
5102.4535 2.397815384e-15 1e-20
5103.95925 2.397369421e-15 1e-20
5105.465 2.397022984e-15 1e-20
5106.97075 2.386107694e-15 1e-20
5108.4765 2.374941682e-15 1e-20
5109.98225 2.375820267e-15 1e-20
5111.488 2.376985361e-15 1e-20
5112.99375 2.392808148e-15 1e-20
5114.4995 2.40898076e-15 1e-20
5116.00525 2.399227176e-15 1e-20
5117.511 2.388854834e-15 1e-20
5119.01675 2.395976687e-15 1e-20
5120.5225 2.403517186e-15 1e-20
5122.02825 2.387099782e-15 1e-20
5123.534 2.370108936e-15 1e-20
5125.03975 2.369036381e-15 1e-20
5126.5455 2.36834626e-15 1e-20
5128.05125 2.366729698e-15 1e-20
5129.557 2.365091113e-15 1e-20
5131.06275 2.375421315e-15 1e-20
5132.5685 2.386039932e-15 1e-20
5134.07425 2.386748263e-15 1e-20
5135.58 2.387217519e-15 1e-20
5137.08575 2.391296195e-15 1e-20
5138.5915 2.395461903e-15 1e-20
5140.09725 2.403116116e-15 1e-20
5141.603 2.410854821e-15 1e-20
5143.10875 2.409828852e-15 1e-20
5144.6145 2.408590702e-15 1e-20
5146.12025 2.417911664e-15 1e-20
5147.626 2.427489065e-15 1e-20
5149.13175 2.419780007e-15 1e-20
5150.6375 2.411651243e-15 1e-20
5152.14325 2.434900815e-15 1e-20
5153.649 2.458914623e-15 1e-20
5155.15475 2.462063468e-15 1e-20
5156.6605 2.464702611e-15 1e-20
5158.16625 2.458900435e-15 1e-20
5159.672 2.452892007e-15 1e-20
5161.17775 2.469470348e-15 1e-20
5162.6835 2.486601801e-15 1e-20
5164.18925 2.481435112e-15 1e-20
5165.695 2.475722298e-15 1e-20
5167.20075 2.454897993e-15 1e-20
5168.7065 2.433702476e-15 1e-20
5170.21225 2.418287111e-15 1e-20
5171.718 2.403013625e-15 1e-20
5173.22375 2.362052806e-15 1e-20
5174.7295 2.320459253e-15 1e-20
5176.23525 2.311171748e-15 1e-20
5177.741 2.302680031e-15 1e-20
5179.24675 2.318025939e-15 1e-20
5180.7525 2.333960746e-15 1e-20
5182.25825 2.333625956e-15 1e-20
5183.764 2.332887979e-15 1e-20
5185.26975 2.330933874e-15 1e-20
5186.7755 2.328949911e-15 1e-20
5188.28125 2.297008299e-15 1e-20
5189.787 2.264322568e-15 1e-20
5191.29275 2.236421302e-15 1e-20
5192.7985 2.208638833e-15 1e-20
5194.30425 2.188938753e-15 1e-20
5195.81 2.169439843e-15 1e-20
5197.31575 2.127215039e-15 1e-20
5198.8215 2.084424205e-15 1e-20
5200.32725 2.094840804e-15 1e-20
5201.833 2.106586822e-15 1e-20
5203.33875 2.088521938e-15 1e-20
5204.8445 2.069710395e-15 1e-20
5206.35025 2.04540902e-15 1e-20
5207.856 2.020970002e-15 1e-20
5209.36175 2.001421117e-15 1e-20
5210.8675 1.981995263e-15 1e-20
5212.37325 1.976077044e-15 1e-20
5213.879 1.970498273e-15 1e-20
5215.38475 1.989250947e-15 1e-20
5216.8905 2.008616662e-15 1e-20
5218.39625 2.011782447e-15 1e-20
5219.902 2.014540175e-15 1e-20
5221.40775 1.991845409e-15 1e-20
5222.9135 1.968507534e-15 1e-20
5224.41925 1.951929193e-15 1e-20
5225.925 1.935522165e-15 1e-20
5227.43075 1.918331632e-15 1e-20
5228.9365 1.901121404e-15 1e-20
5230.44225 1.875871564e-15 1e-20
5231.948 1.850417589e-15 1e-20
5233.45375 1.86305532e-15 1e-20
5234.9595 1.876660575e-15 1e-20
5236.46525 1.875497811e-15 1e-20
5237.971 1.873958964e-15 1e-20
5239.47675 1.850266182e-15 1e-20
5240.9825 1.826009275e-15 1e-20
5242.48825 1.833201856e-15 1e-20
5243.994 1.841197635e-15 1e-20
5245.49975 1.826908613e-15 1e-20
5247.0055 1.812048902e-15 1e-20
5248.51125 1.829450982e-15 1e-20
5250.017 1.847679555e-15 1e-20
5251.52275 1.850125151e-15 1e-20
5253.0285 1.852165441e-15 1e-20
5254.53425 1.841699714e-15 1e-20
5256.04 1.830912961e-15 1e-20
5257.54575 1.816044145e-15 1e-20
5259.0515 1.801070296e-15 1e-20
5260.55725 1.810910701e-15 1e-20
5262.063 1.821390193e-15 1e-20
5263.56875 1.831146107e-15 1e-20
5265.0745 1.840883386e-15 1e-20
5266.58025 1.820060351e-15 1e-20
5268.086 1.798445976e-15 1e-20
5269.59175 1.813659959e-15 1e-20
5271.0975 1.829827488e-15 1e-20
5272.60325 1.833639984e-15 1e-20
5274.109 1.837131877e-15 1e-20
5275.61475 1.814578778e-15 1e-20
5277.1205 1.791349534e-15 1e-20
5278.62625 1.796863719e-15 1e-20
5280.132 1.803126257e-15 1e-20
5281.63775 1.816677725e-15 1e-20
5283.1435 1.830418717e-15 1e-20
5284.64925 1.803091105e-15 1e-20
5286.155 1.774691467e-15 1e-20
5287.66075 1.766095776e-15 1e-20
5289.1665 1.758018364e-15 1e-20
5290.67225 1.775314354e-15 1e-20
5292.178 1.793274417e-15 1e-20
5293.68375 1.818652583e-15 1e-20
5295.1895 1.844225143e-15 1e-20
5296.69525 1.844588943e-15 1e-20
5298.201 1.844290999e-15 1e-20
5299.70675 1.849741868e-15 1e-20
5301.2125 1.855343932e-15 1e-20
5302.71825 1.830248464e-15 1e-20
5304.224 1.804345349e-15 1e-20
5305.72975 1.816295713e-15 1e-20
5307.2355 1.829244518e-15 1e-20
5308.74125 1.845366096e-15 1e-20
5310.247 1.86157153e-15 1e-20
5311.75275 1.863347335e-15 1e-20
5313.2585 1.864741339e-15 1e-20
5314.76425 1.878669949e-15 1e-20
5316.27 1.892931019e-15 1e-20
5317.77575 1.86824615e-15 1e-20
5319.2815 1.842528324e-15 1e-20
5320.78725 1.846226893e-15 1e-20
5322.293 1.850707697e-15 1e-20
5323.79875 1.847881572e-15 1e-20
5325.3045 1.844861053e-15 1e-20
5326.81025 1.847048303e-15 1e-20
5328.316 1.849374256e-15 1e-20
5329.82175 1.848106036e-15 1e-20
5331.3275 1.846741889e-15 1e-20
5332.83325 1.812290518e-15 1e-20
5334.339 1.776954845e-15 1e-20
5335.84475 1.799227364e-15 1e-20
5337.3505 1.823043813e-15 1e-20
5338.85625 1.821399934e-15 1e-20
5340.362 1.81907377e-15 1e-20
5341.86775 1.807568098e-15 1e-20
5343.3735 1.795815516e-15 1e-20
5344.87925 1.792216473e-15 1e-20
5346.385 1.788836388e-15 1e-20
5347.89075 1.772808407e-15 1e-20
5349.3965 1.756439601e-15 1e-20
5350.90225 1.739245467e-15 1e-20
5352.408 1.722029099e-15 1e-20
5353.91375 1.717126896e-15 1e-20
5355.4195 1.712557365e-15 1e-20
5356.92525 1.739363946e-15 1e-20
5358.431 1.767020101e-15 1e-20
5359.93675 1.731412424e-15 1e-20
5361.4425 1.694091517e-15 1e-20
5362.94825 1.679277758e-15 1e-20
5364.454 1.665075133e-15 1e-20
5365.95975 1.660465474e-15 1e-20
5367.4655 1.656116277e-15 1e-20
5368.97125 1.650511249e-15 1e-20
5370.477 1.644872021e-15 1e-20
5371.98275 1.64725356e-15 1e-20
5373.4885 1.649853422e-15 1e-20
5374.99425 1.633632211e-15 1e-20
5376.5 1.616897381e-15 1e-20
5378.00575 1.607391448e-15 1e-20
5379.5115 1.598083403e-15 1e-20
5381.01725 1.562843762e-15 1e-20
5382.523 1.526894731e-15 1e-20
5384.02875 1.549346186e-15 1e-20
5385.5345 1.573399487e-15 1e-20
5387.04025 1.573395887e-15 1e-20
5388.546 1.572732448e-15 1e-20
5390.05175 1.553828049e-15 1e-20
5391.5575 1.534422101e-15 1e-20
5393.06325 1.513097094e-15 1e-20
5394.569 1.491719253e-15 1e-20
5396.07475 1.487503781e-15 1e-20
5397.5805 1.48376159e-15 1e-20
5399.08625 1.472571332e-15 1e-20
5400.592 1.461175244e-15 1e-20
5402.09775 1.457086511e-15 1e-20
5403.6035 1.453199688e-15 1e-20
5405.10925 1.438456656e-15 1e-20
5406.615 1.423412716e-15 1e-20
5408.12075 1.405629577e-15 1e-20
5409.6265 1.387770522e-15 1e-20
5411.13225 1.406595088e-15 1e-20
5412.638 1.426438741e-15 1e-20
5414.14375 1.410104028e-15 1e-20
5415.6495 1.392764205e-15 1e-20
5417.15525 1.397985845e-15 1e-20
5418.661 1.403835773e-15 1e-20
5420.16675 1.419478883e-15 1e-20
5421.6725 1.435395373e-15 1e-20
5423.17825 1.424198445e-15 1e-20
5424.684 1.412244586e-15 1e-20
5426.18975 1.395249929e-15 1e-20
5427.6955 1.378114135e-15 1e-20
5429.20125 1.393334999e-15 1e-20
5430.707 1.40946166e-15 1e-20
5432.21275 1.424324758e-15 1e-20
5433.7185 1.439152494e-15 1e-20
5435.22425 1.438309167e-15 1e-20
5436.73 1.437026123e-15 1e-20
5438.23575 1.445992708e-15 1e-20
5439.7415 1.455247708e-15 1e-20
5441.24725 1.462672481e-15 1e-20
5442.753 1.470045585e-15 1e-20
5444.25875 1.470071208e-15 1e-20
5445.7645 1.469889731e-15 1e-20
5447.27025 1.473408412e-15 1e-20
5448.776 1.477031701e-15 1e-20
5450.28175 1.502208909e-15 1e-20
5451.7875 1.52799545e-15 1e-20
5453.29325 1.54377578e-15 1e-20
5454.799 1.559272354e-15 1e-20
5456.30475 1.572638639e-15 1e-20
5457.8105 1.585944468e-15 1e-20
5459.31625 1.58835343e-15 1e-20
5460.822 1.590452801e-15 1e-20
5462.32775 1.600505917e-15 1e-20
5463.8335 1.610785509e-15 1e-20
5465.33925 1.629724319e-15 1e-20
5466.845 1.648909721e-15 1e-20
5468.35075 1.66887217e-15 1e-20
5469.8565 1.688856748e-15 1e-20
5471.36225 1.697040145e-15 1e-20
5472.868 1.704886529e-15 1e-20
5474.37375 1.719428814e-15 1e-20
5475.8795 1.734162846e-15 1e-20
5477.38525 1.745527805e-15 1e-20
5478.891 1.756796413e-15 1e-20
5480.39675 1.764216104e-15 1e-20
5481.9025 1.771525469e-15 1e-20
5483.40825 1.768830316e-15 1e-20
5484.914 1.765848125e-15 1e-20
5486.41975 1.776254984e-15 1e-20
5487.9255 1.78704703e-15 1e-20
5489.43125 1.809992941e-15 1e-20
5490.937 1.8332891e-15 1e-20
5492.44275 1.853997785e-15 1e-20
5493.9485 1.874631931e-15 1e-20
5495.45425 1.87479435e-15 1e-20
5496.96 1.874365328e-15 1e-20
5498.46575 1.876791865e-15 1e-20
5499.9715 1.879300989e-15 1e-20
5501.47725 1.892702744e-15 1e-20
5502.983 1.906420231e-15 1e-20
5504.48875 1.908680326e-15 1e-20
5505.9945 1.910608385e-15 1e-20
5507.50025 1.920490295e-15 1e-20
5509.006 1.930603021e-15 1e-20
5510.51175 1.92158085e-15 1e-20
5512.0175 1.912001543e-15 1e-20
5513.52325 1.910503565e-15 1e-20
5515.029 1.909241062e-15 1e-20
5516.53475 1.908302761e-15 1e-20
5518.0405 1.90737399e-15 1e-20
5519.54625 1.89347672e-15 1e-20
5521.052 1.879200827e-15 1e-20
5522.55775 1.886883839e-15 1e-20
5524.0635 1.895209538e-15 1e-20
5525.56925 1.883837485e-15 1e-20
5527.075 1.871889239e-15 1e-20
5528.58075 1.855953161e-15 1e-20
5530.0865 1.839900192e-15 1e-20
5531.59225 1.839608601e-15 1e-20
5533.098 1.839780125e-15 1e-20
5534.60375 1.847983428e-15 1e-20
5536.1095 1.85642284e-15 1e-20
5537.61525 1.870104752e-15 1e-20
5539.121 1.883941459e-15 1e-20
5540.62675 1.879219885e-15 1e-20
5542.1325 1.873951552e-15 1e-20
5543.63825 1.847582146e-15 1e-20
5545.144 1.820589323e-15 1e-20
5546.64975 1.824631576e-15 1e-20
5548.1555 1.829590319e-15 1e-20
5549.66125 1.853390886e-15 1e-20
5551.167 1.877749224e-15 1e-20
5552.67275 1.873956846e-15 1e-20
5554.1785 1.86932887e-15 1e-20
5555.68425 1.876205083e-15 1e-20
5557.19 1.883422439e-15 1e-20
5558.69575 1.893302867e-15 1e-20
5560.2015 1.903262492e-15 1e-20
5561.70725 1.90298763e-15 1e-20
5563.213 1.902408259e-15 1e-20
5564.71875 1.905316547e-15 1e-20
5566.2245 1.908328808e-15 1e-20
5567.73025 1.920071649e-15 1e-20
5569.236 1.932074741e-15 1e-20
5570.74175 1.92827474e-15 1e-20
5572.2475 1.924002729e-15 1e-20
5573.75325 1.899745823e-15 1e-20
5575.259 1.874890276e-15 1e-20
5576.76475 1.878859049e-15 1e-20
5578.2705 1.883691372e-15 1e-20
5579.77625 1.885342028e-15 1e-20
5581.282 1.88689718e-15 1e-20
5582.78775 1.88070431e-15 1e-20
5584.2935 1.874278719e-15 1e-20
5585.79925 1.877467798e-15 1e-20
5587.305 1.88094635e-15 1e-20
5588.81075 1.863369569e-15 1e-20
5590.3165 1.845158996e-15 1e-20
5591.82225 1.853447849e-15 1e-20
5593.328 1.862536513e-15 1e-20
5594.83375 1.837468572e-15 1e-20
5596.3395 1.811367464e-15 1e-20
5597.84525 1.834778396e-15 1e-20
5599.351 1.85968667e-15 1e-20
5600.85675 1.880468835e-15 1e-20
5602.3625 1.901125851e-15 1e-20
5603.86825 1.887738072e-15 1e-20
5605.374 1.873318183e-15 1e-20
5606.87975 1.864545251e-15 1e-20
5608.3855 1.855943632e-15 1e-20
5609.89125 1.857267544e-15 1e-20
5611.397 1.858893e-15 1e-20
5612.90275 1.866258799e-15 1e-20
5614.4085 1.87379951e-15 1e-20
5615.91425 1.853756804e-15 1e-20
5617.42 1.83287236e-15 1e-20
5618.92575 1.81379739e-15 1e-20
5620.4315 1.794777477e-15 1e-20
5621.93725 1.799705514e-15 1e-20
5623.443 1.805366024e-15 1e-20
5624.94875 1.801714888e-15 1e-20
5626.4545 1.797778726e-15 1e-20
5627.96025 1.80086002e-15 1e-20
5629.466 1.804156461e-15 1e-20
5630.97175 1.787290341e-15 1e-20
5632.4775 1.769806204e-15 1e-20
5633.98325 1.731365943e-15 1e-20
5635.489 1.692281514e-15 1e-20
5636.99475 1.698883394e-15 1e-20
5638.5005 1.706892726e-15 1e-20
5640.00625 1.71585677e-15 1e-20
5641.512 1.724850248e-15 1e-20
5643.01775 1.724031485e-15 1e-20
5644.5235 1.722909802e-15 1e-20
5646.02925 1.685814523e-15 1e-20
5647.535 1.647608467e-15 1e-20
5649.04075 1.657140234e-15 1e-20
5650.5465 1.668149333e-15 1e-20
5652.05225 1.648111075e-15 1e-20
5653.558 1.627112069e-15 1e-20
5655.06375 1.622844929e-15 1e-20
5656.5695 1.619096808e-15 1e-20
5658.07525 1.605707229e-15 1e-20
5659.581 1.592018647e-15 1e-20
5661.08675 1.593852791e-15 1e-20
5662.5925 1.596169638e-15 1e-20
5664.09825 1.58718103e-15 1e-20
5665.604 1.577840269e-15 1e-20
5667.10975 1.542131795e-15 1e-20
5668.6155 1.505601805e-15 1e-20
5670.12125 1.503954855e-15 1e-20
5671.627 1.503397402e-15 1e-20
5673.13275 1.493216595e-15 1e-20
5674.6385 1.482735198e-15 1e-20
5676.14425 1.481776356e-15 1e-20
5677.65 1.481115671e-15 1e-20
5679.15575 1.477110581e-15 1e-20
5680.6615 1.473000883e-15 1e-20
5682.16725 1.43723714e-15 1e-20
5683.673 1.400480463e-15 1e-20
5685.17875 1.405347832e-15 1e-20
5686.6845 1.411524079e-15 1e-20
5688.19025 1.375052217e-15 1e-20
5689.696 1.337239501e-15 1e-20
5691.20175 1.351962416e-15 1e-20
5692.7075 1.368340963e-15 1e-20
5694.21325 1.375066299e-15 1e-20
5695.719 1.381487444e-15 1e-20
5697.22475 1.371849056e-15 1e-20
5698.7305 1.361703401e-15 1e-20
5700.23625 1.359924843e-15 1e-20
5701.742 1.35841056e-15 1e-20
5703.24775 1.338378337e-15 1e-20
5704.7535 1.317759861e-15 1e-20
5706.25925 1.305251196e-15 1e-20
5707.765 1.292999817e-15 1e-20
5709.27075 1.290302017e-15 1e-20
5710.7765 1.287907244e-15 1e-20
5712.28225 1.286607471e-15 1e-20
5713.788 1.285342534e-15 1e-20
5715.29375 1.274779292e-15 1e-20
5716.7995 1.263920435e-15 1e-20
5718.30525 1.265962526e-15 1e-20
5719.811 1.268415639e-15 1e-20
5721.31675 1.259851712e-15 1e-20
5722.8225 1.250936797e-15 1e-20
5724.32825 1.250018083e-15 1e-20
5725.834 1.249354751e-15 1e-20
5727.33975 1.251518179e-15 1e-20
5728.8455 1.253772133e-15 1e-20
5730.35125 1.270039825e-15 1e-20
5731.857 1.286756126e-15 1e-20
5733.36275 1.288500802e-15 1e-20
5734.8685 1.28976521e-15 1e-20
5736.37425 1.274405115e-15 1e-20
5737.88 1.258511706e-15 1e-20
5739.38575 1.259138828e-15 1e-20
5740.8915 1.260297146e-15 1e-20
5742.39725 1.2714369e-15 1e-20
5743.903 1.282897679e-15 1e-20
5745.40875 1.281954825e-15 1e-20
5746.9145 1.280612278e-15 1e-20
5748.42025 1.295757651e-15 1e-20
5749.926 1.311435489e-15 1e-20
5751.43175 1.313923119e-15 1e-20
5752.9375 1.315984903e-15 1e-20
5754.44325 1.302028553e-15 1e-20
5755.949 1.287553925e-15 1e-20
5757.45475 1.303279092e-15 1e-20
5758.9605 1.319981628e-15 1e-20
5760.46625 1.331093536e-15 1e-20
5761.972 1.342024284e-15 1e-20
5763.47775 1.334626299e-15 1e-20
5764.9835 1.326633908e-15 1e-20
5766.48925 1.319163183e-15 1e-20
5767.995 1.311709399e-15 1e-20
5769.50075 1.322833377e-15 1e-20
5771.0065 1.334562454e-15 1e-20
5772.51225 1.347801049e-15 1e-20
5774.018 1.361088878e-15 1e-20
5775.52375 1.372807473e-15 1e-20
5777.0295 1.384474823e-15 1e-20
5778.53525 1.411797353e-15 1e-20
5780.041 1.439630961e-15 1e-20
5781.54675 1.444450155e-15 1e-20
5783.0525 1.448516443e-15 1e-20
5784.55825 1.445331281e-15 1e-20
5786.064 1.441908739e-15 1e-20
5787.56975 1.442745396e-15 1e-20
5789.0755 1.443721707e-15 1e-20
5790.58125 1.445202109e-15 1e-20
5792.087 1.446699028e-15 1e-20
5793.59275 1.442529826e-15 1e-20
5795.0985 1.438174488e-15 1e-20
5796.60425 1.464624786e-15 1e-20
5798.11 1.492089406e-15 1e-20
5799.61575 1.512391833e-15 1e-20
5801.1215 1.532458467e-15 1e-20
5802.62725 1.531499626e-15 1e-20
5804.133 1.529846852e-15 1e-20
5805.63875 1.532371117e-15 1e-20
5807.1445 1.535033129e-15 1e-20
5808.65025 1.545533267e-15 1e-20
5810.156 1.556292598e-15 1e-20
5811.66175 1.557630063e-15 1e-20
5813.1675 1.558656031e-15 1e-20
5814.67325 1.558786686e-15 1e-20
5816.179 1.558887801e-15 1e-20
5817.68475 1.564373186e-15 1e-20
5819.1905 1.570037507e-15 1e-20
5820.69625 1.583697184e-15 1e-20
5822.202 1.597622405e-15 1e-20
5823.70775 1.594686801e-15 1e-20
5825.2135 1.591190037e-15 1e-20
5826.71925 1.594127759e-15 1e-20
5828.225 1.597279675e-15 1e-20
5829.73075 1.598105426e-15 1e-20
5831.2365 1.598853568e-15 1e-20
5832.74225 1.609880984e-15 1e-20
5834.248 1.621251131e-15 1e-20
5835.75375 1.61288308e-15 1e-20
5837.2595 1.603855403e-15 1e-20
5838.76525 1.602075469e-15 1e-20
5840.271 1.600538316e-15 1e-20
5841.77675 1.608775182e-15 1e-20
5843.2825 1.617339427e-15 1e-20
5844.78825 1.620639996e-15 1e-20
5846.294 1.623763748e-15 1e-20
5847.79975 1.645812016e-15 1e-20
5849.3055 1.668495558e-15 1e-20
5850.81125 1.677306501e-15 1e-20
5852.317 1.685650834e-15 1e-20
5853.82275 1.680184719e-15 1e-20
5855.3285 1.674254112e-15 1e-20
5856.83425 1.678884629e-15 1e-20
5858.34 1.683871218e-15 1e-20
5859.84575 1.697536294e-15 1e-20
5861.3515 1.711494656e-15 1e-20
5862.85725 1.723050515e-15 1e-20
5864.363 1.734525164e-15 1e-20
5865.86875 1.759247515e-15 1e-20
5867.3745 1.784418264e-15 1e-20
5868.88025 1.769035192e-15 1e-20
5870.386 1.752279293e-15 1e-20
5871.89175 1.743321602e-15 1e-20
5873.3975 1.734628397e-15 1e-20
5874.90325 1.702317478e-15 1e-20
5876.409 1.669205372e-15 1e-20
5877.91475 1.652512893e-15 1e-20
5879.4205 1.636378716e-15 1e-20
5880.92625 1.641736093e-15 1e-20
5882.432 1.647825625e-15 1e-20
5883.93775 1.658861299e-15 1e-20
5885.4435 1.670065534e-15 1e-20
5886.94925 1.654178266e-15 1e-20
5888.455 1.637366356e-15 1e-20
5889.96075 1.615539905e-15 1e-20
5891.4665 1.59354246e-15 1e-20
5892.97225 1.572662356e-15 1e-20
5894.478 1.551820581e-15 1e-20
5895.98375 1.552926594e-15 1e-20
5897.4895 1.554783291e-15 1e-20
5898.99525 1.580467659e-15 1e-20
5900.501 1.606968673e-15 1e-20
5902.00675 1.585548057e-15 1e-20
5903.5125 1.56248155e-15 1e-20
5905.01825 1.533397085e-15 1e-20
5906.524 1.504105839e-15 1e-20
5908.02975 1.486340911e-15 1e-20
5909.5355 1.468972712e-15 1e-20
5911.04125 1.445357222e-15 1e-20
5912.547 1.421526691e-15 1e-20
5914.05275 1.416331732e-15 1e-20
5915.5585 1.411779565e-15 1e-20
5917.06425 1.39412401e-15 1e-20
5918.57 1.376016564e-15 1e-20
5920.07575 1.34784933e-15 1e-20
5921.5815 1.319334389e-15 1e-20
5923.08725 1.299929076e-15 1e-20
5924.593 1.280839283e-15 1e-20
5926.09875 1.289783739e-15 1e-20
5927.6045 1.299699001e-15 1e-20
5929.11025 1.282218888e-15 1e-20
5930.616 1.263788192e-15 1e-20
5932.12175 1.239327363e-15 1e-20
5933.6275 1.214657105e-15 1e-20
5935.13325 1.208951385e-15 1e-20
5936.639 1.203905186e-15 1e-20
5938.14475 1.179267221e-15 1e-20
5939.6505 1.153947924e-15 1e-20
5941.15625 1.137551378e-15 1e-20
5942.662 1.121465799e-15 1e-20
5944.16775 1.124735875e-15 1e-20
5945.6735 1.128681884e-15 1e-20
5947.17925 1.132699891e-15 1e-20
5948.685 1.136720439e-15 1e-20
5950.19075 1.117234657e-15 1e-20
5951.6965 1.096926407e-15 1e-20
5953.20225 1.090603306e-15 1e-20
5954.708 1.084769579e-15 1e-20
5956.21375 1.056476772e-15 1e-20
5957.7195 1.027396649e-15 1e-20
5959.22525 1.025054285e-15 1e-20
5960.731 1.023649164e-15 1e-20
5962.23675 1.016060595e-15 1e-20
5963.7425 1.008254763e-15 1e-20
5965.24825 9.940671731e-16 1e-20
5966.754 9.79655331e-16 1e-20
5968.25975 9.476069924e-16 1e-20
5969.7655 9.149379904e-16 1e-20
5971.27125 9.05547995e-16 1e-20
5972.777 8.96979092e-16 1e-20
5974.28275 9.065855044e-16 1e-20
5975.7885 9.168330149e-16 1e-20
5977.29425 9.23197197e-16 1e-20
5978.8 9.294242656e-16 1e-20
5980.30575 8.975019231e-16 1e-20
5981.8115 8.642313689e-16 1e-20
5983.31725 8.439934754e-16 1e-20
5984.823 8.24217056e-16 1e-20
5986.32875 8.225611596e-16 1e-20
5987.8345 8.215469964e-16 1e-20
5989.34025 8.086445141e-16 1e-20
5990.846 7.953201565e-16 1e-20
5992.35175 7.736253663e-16 1e-20
5993.8575 7.516329499e-16 1e-20
5995.36325 7.513170066e-16 1e-20
5996.869 7.517717045e-16 1e-20
5998.37475 7.596541401e-16 1e-20
5999.8805 7.678011677e-16 1e-20
6001.38625 7.470443607e-16 1e-20
6002.892 7.252577733e-16 1e-20
6004.39775 7.144523857e-16 1e-20
6005.9035 7.040389627e-16 1e-20
6007.40925 6.928195348e-16 1e-20
6008.915 6.815712549e-16 1e-20
6010.42075 6.737413883e-16 1e-20
6011.9265 6.660337061e-16 1e-20
6013.43225 6.681821522e-16 1e-20
6014.938 6.706837581e-16 1e-20
6016.44375 6.611227679e-16 1e-20
6017.9495 6.511293673e-16 1e-20
6019.45525 6.450443355e-16 1e-20
6020.961 6.390995936e-16 1e-20
6022.46675 6.33476883e-16 1e-20
6023.9725 6.278657133e-16 1e-20
6025.47825 6.192863812e-16 1e-20
6026.984 6.10600323e-16 1e-20
6028.48975 6.073959445e-16 1e-20
6029.9955 6.043888187e-16 1e-20
6031.50125 5.816760537e-16 1e-20
6033.007 5.582527869e-16 1e-20
6034.51275 5.442414326e-16 1e-20
6036.0185 5.305701091e-16 1e-20
6037.52425 5.439225777e-16 1e-20
6039.03 5.582513046e-16 1e-20
6040.53575 5.565864614e-16 1e-20
6042.0415 5.543426182e-16 1e-20
6043.54725 5.564116549e-16 1e-20
6045.053 5.586368634e-16 1e-20
6046.55875 5.519240744e-16 1e-20
6048.0645 5.448870835e-16 1e-20
6049.57025 5.555350288e-16 1e-20
6051.076 5.668243368e-16 1e-20
6052.58175 5.806517262e-16 1e-20
6054.0875 5.945713892e-16 1e-20
6055.59325 5.788574987e-16 1e-20
6057.099 5.62064594e-16 1e-20
6058.60475 5.631150208e-16 1e-20
6060.1105 5.648151747e-16 1e-20
6061.61625 5.621785729e-16 1e-20
6063.122 5.593837877e-16 1e-20
6064.62775 5.567968432e-16 1e-20
6066.1335 5.542174161e-16 1e-20
6067.63925 5.501605518e-16 1e-20
6069.145 5.460496362e-16 1e-20
6070.65075 5.412152486e-16 1e-20
6072.1565 5.363544442e-16 1e-20
6073.66225 5.595389535e-16 1e-20
6075.168 5.837506492e-16 1e-20
6076.67375 5.846955674e-16 1e-20
6078.1795 5.847867293e-16 1e-20
6079.68525 5.749700409e-16 1e-20
6081.191 5.647897637e-16 1e-20
6082.69675 5.893906181e-16 1e-20
6084.2025 6.152702804e-16 1e-20
6085.70825 6.164364859e-16 1e-20
6087.214 6.166940369e-16 1e-20
6088.71975 6.138435063e-16 1e-20
6090.2255 6.108784675e-16 1e-20
6091.73125 6.257500896e-16 1e-20
6093.237 6.412788505e-16 1e-20
6094.74275 6.361818298e-16 1e-20
6096.2485 6.303234852e-16 1e-20
6097.75425 6.328480669e-16 1e-20
6099.26 6.356826097e-16 1e-20
6100.76575 6.459818951e-16 1e-20
6102.2715 6.565572603e-16 1e-20
6103.77725 6.710992807e-16 1e-20
6105.283 6.857883143e-16 1e-20
6106.78875 6.91652747e-16 1e-20
6108.2945 6.971902248e-16 1e-20
6109.80025 6.992971134e-16 1e-20
6111.306 7.012766294e-16 1e-20
6112.81175 7.088003466e-16 1e-20
6114.3175 7.165298929e-16 1e-20
6115.82325 7.294461395e-16 1e-20
6117.329 7.425553507e-16 1e-20
6118.83475 7.503016788e-16 1e-20
6120.3405 7.578481071e-16 1e-20
6121.84625 7.644004893e-16 1e-20
6123.352 7.709158138e-16 1e-20
6124.85775 7.704202995e-16 1e-20
6126.3635 7.696629461e-16 1e-20
6127.86925 7.710759559e-16 1e-20
6129.375 7.725699632e-16 1e-20
6130.88075 7.807874534e-16 1e-20
6132.3865 7.892564593e-16 1e-20
6133.89225 7.959929653e-16 1e-20
6135.398 8.026646733e-16 1e-20
6136.90375 8.294191089e-16 1e-20
6138.4095 8.56926345e-16 1e-20
6139.91525 8.713783682e-16 1e-20
6141.421 8.853410711e-16 1e-20
6142.92675 8.796980317e-16 1e-20
6144.4325 8.733187089e-16 1e-20
6145.93825 8.927822555e-16 1e-20
6147.444 9.1321809e-16 1e-20
6148.94975 9.391451333e-16 1e-20
6150.4555 9.652787467e-16 1e-20
6151.96125 9.74377257e-16 1e-20
6153.467 9.828335045e-16 1e-20
6154.97275 9.841290414e-16 1e-20
6156.4785 9.851545866e-16 1e-20
6157.98425 1.008215376e-15 1e-20
6159.49 1.032108482e-15 1e-20
6160.99575 1.04647056e-15 1e-20
6162.5015 1.06047265e-15 1e-20
6164.00725 1.056173323e-15 1e-20
6165.513 1.05118144e-15 1e-20
6167.01875 1.093107771e-15 1e-20
6168.5245 1.136812871e-15 1e-20
6170.03025 1.142234729e-15 1e-20
6171.536 1.14620509e-15 1e-20
6173.04175 1.137371913e-15 1e-20
6174.5475 1.128052433e-15 1e-20
6176.05325 1.148029387e-15 1e-20
6177.559 1.169119025e-15 1e-20
6179.06475 1.192845159e-15 1e-20
6180.5705 1.216671561e-15 1e-20
6182.07625 1.239765067e-15 1e-20
6183.582 1.262830727e-15 1e-20
6185.08775 1.288311067e-15 1e-20
6186.5935 1.313883521e-15 1e-20
6188.09925 1.304366788e-15 1e-20
6189.605 1.293509625e-15 1e-20
6191.11075 1.306851665e-15 1e-20
6192.6165 1.321118029e-15 1e-20
6194.12225 1.342716204e-15 1e-20
6195.628 1.36459496e-15 1e-20
6197.13375 1.370049428e-15 1e-20
6198.6395 1.374875399e-15 1e-20
6200.14525 1.369436706e-15 1e-20
6201.651 1.363604566e-15 1e-20
6203.15675 1.373230249e-15 1e-20
6204.6625 1.383448642e-15 1e-20
6206.16825 1.403917829e-15 1e-20
6207.674 1.42478078e-15 1e-20
6209.17975 1.441814295e-15 1e-20
6210.6855 1.458700426e-15 1e-20
6212.19125 1.469207128e-15 1e-20
6213.697 1.479468403e-15 1e-20
6215.20275 1.472519345e-15 1e-20
6216.7085 1.464906742e-15 1e-20
6218.21425 1.463364295e-15 1e-20
6219.72 1.462055841e-15 1e-20
6221.22575 1.481210009e-15 1e-20
6222.7315 1.501154564e-15 1e-20
6224.23725 1.520877303e-15 1e-20
6225.743 1.540591465e-15 1e-20
6227.24875 1.544635836e-15 1e-20
6228.7545 1.548073731e-15 1e-20
6230.26025 1.565163574e-15 1e-20
6231.766 1.582782706e-15 1e-20
6233.27175 1.612060611e-15 1e-20
6234.7775 1.641790621e-15 1e-20
6236.28325 1.632807307e-15 1e-20
6237.789 1.622320404e-15 1e-20
6239.29475 1.607342214e-15 1e-20
6240.8005 1.592189536e-15 1e-20
6242.30625 1.597667192e-15 1e-20
6243.812 1.603947624e-15 1e-20
6245.31775 1.626058784e-15 1e-20
6246.8235 1.648786054e-15 1e-20
6248.32925 1.641800997e-15 1e-20
6249.835 1.633657728e-15 1e-20
6251.34075 1.636650931e-15 1e-20
6252.8465 1.640079085e-15 1e-20
6254.35225 1.673575003e-15 1e-20
6255.858 1.708245226e-15 1e-20
6257.36375 1.70682634e-15 1e-20
6258.8695 1.703995238e-15 1e-20
6260.37525 1.707246892e-15 1e-20
6261.881 1.710736668e-15 1e-20
6263.38675 1.694803448e-15 1e-20
6264.8925 1.678108853e-15 1e-20
6266.39825 1.718663308e-15 1e-20
6267.904 1.761461977e-15 1e-20
6269.40975 1.753988076e-15 1e-20
6270.9155 1.744539741e-15 1e-20
6272.42125 1.711905044e-15 1e-20
6273.927 1.678357986e-15 1e-20
6275.43275 1.693973674e-15 1e-20
6276.9385 1.711523667e-15 1e-20
6278.44425 1.708910041e-15 1e-20
6279.95 1.70550158e-15 1e-20
6281.45575 1.712810522e-15 1e-20
6282.9615 1.720541921e-15 1e-20
6284.46725 1.71409293e-15 1e-20
6285.973 1.707083944e-15 1e-20
6287.47875 1.723471914e-15 1e-20
6288.9845 1.740783679e-15 1e-20
6290.49025 1.76279023e-15 1e-20
6291.996 1.784982388e-15 1e-20
6293.50175 1.778597453e-15 1e-20
6295.0075 1.77108173e-15 1e-20
6296.51325 1.765186487e-15 1e-20
6298.019 1.759355618e-15 1e-20
6299.52475 1.763016176e-15 1e-20
6301.0305 1.767053559e-15 1e-20
6302.53625 1.762960802e-15 1e-20
6304.042 1.758545325e-15 1e-20
6305.54775 1.771056531e-15 1e-20
6307.0535 1.784241022e-15 1e-20
6308.55925 1.784644422e-15 1e-20
6310.065 1.784539178e-15 1e-20
6311.57075 1.778939443e-15 1e-20
6313.0765 1.773120644e-15 1e-20
6314.58225 1.783663769e-15 1e-20
6316.088 1.794858792e-15 1e-20
6317.59375 1.794665245e-15 1e-20
6319.0995 1.794016841e-15 1e-20
6320.60525 1.797226461e-15 1e-20
6322.111 1.800590452e-15 1e-20
6323.61675 1.791549646e-15 1e-20
6325.1225 1.782012902e-15 1e-20
6326.62825 1.78089863e-15 1e-20
6328.134 1.780121901e-15 1e-20
6329.63975 1.783902421e-15 1e-20
6331.1455 1.787865688e-15 1e-20
6332.65125 1.788633523e-15 1e-20
6334.157 1.789272821e-15 1e-20
6335.66275 1.789711796e-15 1e-20
6337.1685 1.790142724e-15 1e-20
6338.67425 1.764636339e-15 1e-20
6340.18 1.73808715e-15 1e-20
6341.68575 1.779177883e-15 1e-20
6343.1915 1.822992779e-15 1e-20
6344.69725 1.827593439e-15 1e-20
6346.203 1.830614805e-15 1e-20
6347.70875 1.825033917e-15 1e-20
6349.2145 1.819105957e-15 1e-20
6350.72025 1.837031292e-15 1e-20
6352.226 1.855919068e-15 1e-20
6353.73175 1.823797249e-15 1e-20
6355.2375 1.789613752e-15 1e-20
6356.74325 1.781779756e-15 1e-20
6358.249 1.77501101e-15 1e-20
6359.75475 1.791635196e-15 1e-20
6361.2605 1.809206683e-15 1e-20
6362.76625 1.832883795e-15 1e-20
6364.272 1.856808876e-15 1e-20
6365.77775 1.828585103e-15 1e-20
6367.2835 1.798245865e-15 1e-20
6368.78925 1.78176578e-15 1e-20
6370.295 1.765848972e-15 1e-20
6371.80075 1.775434421e-15 1e-20
6373.3065 1.786056214e-15 1e-20
6374.81225 1.787155027e-15 1e-20
6376.318 1.787866111e-15 1e-20
6377.82375 1.799651516e-15 1e-20
6379.3295 1.811887754e-15 1e-20
6380.83525 1.797625413e-15 1e-20
6382.341 1.78228247e-15 1e-20
6383.84675 1.796153482e-15 1e-20
6385.3525 1.811217963e-15 1e-20
6386.85825 1.804276951e-15 1e-20
6388.364 1.796437026e-15 1e-20
6389.86975 1.763127667e-15 1e-20
6391.3755 1.72877614e-15 1e-20
6392.88125 1.729812167e-15 1e-20
6394.387 1.732296515e-15 1e-20
6395.89275 1.735937168e-15 1e-20
6397.3985 1.739625256e-15 1e-20
6398.90425 1.723373446e-15 1e-20
6400.41 1.706304038e-15 1e-20
6401.91575 1.697323266e-15 1e-20
6403.4215 1.688674636e-15 1e-20
6404.92725 1.711082786e-15 1e-20
6406.433 1.73476858e-15 1e-20
6407.93875 1.722208458e-15 1e-20
6409.4445 1.708157135e-15 1e-20
6410.95025 1.677973751e-15 1e-20
6412.456 1.647125552e-15 1e-20
6413.96175 1.652957056e-15 1e-20
6415.4675 1.660300302e-15 1e-20
6416.97325 1.676954876e-15 1e-20
6418.479 1.693993897e-15 1e-20
6419.98475 1.676765458e-15 1e-20
6421.4905 1.658122263e-15 1e-20
6422.99625 1.667877859e-15 1e-20
6424.502 1.678807972e-15 1e-20
6426.00775 1.691625169e-15 1e-20
6427.5135 1.70452061e-15 1e-20
6429.01925 1.698632249e-15 1e-20
6430.525 1.691965782e-15 1e-20
6432.03075 1.673135393e-15 1e-20
6433.5365 1.653800278e-15 1e-20
6435.04225 1.662635361e-15 1e-20
6436.548 1.672639455e-15 1e-20
6438.05375 1.687552635e-15 1e-20
6439.5595 1.702669949e-15 1e-20
6441.06525 1.691868479e-15 1e-20
6442.571 1.679989372e-15 1e-20
6444.07675 1.6625064e-15 1e-20
6445.5825 1.64479007e-15 1e-20
6447.08825 1.635772875e-15 1e-20
6448.594 1.627118634e-15 1e-20
6450.09975 1.629786152e-15 1e-20
6451.6055 1.632925998e-15 1e-20
6453.11125 1.635937729e-15 1e-20
6454.617 1.638944061e-15 1e-20
6456.12275 1.630594539e-15 1e-20
6457.6285 1.621770468e-15 1e-20
6459.13425 1.611858382e-15 1e-20
6460.64 1.601900769e-15 1e-20
6462.14575 1.600125176e-15 1e-20
6463.6515 1.598692102e-15 1e-20
6465.15725 1.594958593e-15 1e-20
6466.663 1.591128522e-15 1e-20
6468.16875 1.586946402e-15 1e-20
6469.6745 1.582749566e-15 1e-20
6471.18025 1.568834614e-15 1e-20
6472.686 1.554511393e-15 1e-20
6474.19175 1.561606247e-15 1e-20
6475.6975 1.56960245e-15 1e-20
6477.20325 1.591721445e-15 1e-20
6478.709 1.614434633e-15 1e-20
6480.21475 1.591220001e-15 1e-20
6481.7205 1.566069475e-15 1e-20
6483.22625 1.569364539e-15 1e-20
6484.732 1.573858579e-15 1e-20
6486.23775 1.596675634e-15 1e-20
6487.7435 1.620266455e-15 1e-20
6489.24925 1.591514345e-15 1e-20
6490.755 1.56055222e-15 1e-20
6492.26075 1.570927633e-15 1e-20
6493.7665 1.583051215e-15 1e-20
6495.27225 1.584384975e-15 1e-20
6496.778 1.585261654e-15 1e-20
6498.28375 1.573692348e-15 1e-20
6499.7895 1.561595659e-15 1e-20
6501.29525 1.526066227e-15 1e-20
6502.801 1.489542272e-15 1e-20
6504.30675 1.5076908e-15 1e-20
6505.8125 1.528159563e-15 1e-20
6507.31825 1.532564875e-15 1e-20
6508.824 1.536287267e-15 1e-20
6510.32975 1.517971556e-15 1e-20
6511.8355 1.498718921e-15 1e-20
6513.34125 1.508766744e-15 1e-20
6514.847 1.520062245e-15 1e-20
6516.35275 1.518983761e-15 1e-20
6517.8585 1.517377575e-15 1e-20
6519.36425 1.507883394e-15 1e-20
6520.87 1.49805273e-15 1e-20
6522.37575 1.498282699e-15 1e-20
6523.8815 1.498942432e-15 1e-20
6525.38725 1.491307595e-15 1e-20
6526.893 1.483318274e-15 1e-20
6528.39875 1.492351033e-15 1e-20
6529.9045 1.502112347e-15 1e-20
6531.41025 1.484920754e-15 1e-20
6532.916 1.466575609e-15 1e-20
6534.42175 1.463807717e-15 1e-20
6535.9275 1.461707711e-15 1e-20
6537.43325 1.46612954e-15 1e-20
6538.939 1.470831632e-15 1e-20
6540.44475 1.470944075e-15 1e-20
6541.9505 1.470859372e-15 1e-20
6543.45625 1.473357272e-15 1e-20
6544.962 1.47596624e-15 1e-20
6546.46775 1.46691961e-15 1e-20
6547.9735 1.457371749e-15 1e-20
6549.47925 1.460986886e-15 1e-20
6550.985 1.465169111e-15 1e-20
6552.49075 1.463345025e-15 1e-20
6553.9965 1.461262171e-15 1e-20
6555.50225 1.445987308e-15 1e-20
6557.008 1.430143134e-15 1e-20
6558.51375 1.431646299e-15 1e-20
6560.0195 1.433899407e-15 1e-20
6561.52525 1.431996018e-15 1e-20
6563.031 1.429912847e-15 1e-20
6564.53675 1.434914894e-15 1e-20
6566.0425 1.440223779e-15 1e-20
6567.54825 1.431442059e-15 1e-20
6569.054 1.422050157e-15 1e-20
6570.55975 1.436706157e-15 1e-20
6572.0655 1.452405277e-15 1e-20
6573.57125 1.449767193e-15 1e-20
6575.077 1.446333533e-15 1e-20
6576.58275 1.429634702e-15 1e-20
6578.0885 1.412359359e-15 1e-20
6579.59425 1.410104028e-15 1e-20
6581.1 1.408502395e-15 1e-20
6582.60575 1.397087991e-15 1e-20
6584.1115 1.385246576e-15 1e-20
6585.61725 1.384621148e-15 1e-20
6587.123 1.384484564e-15 1e-20
6588.62875 1.376234357e-15 1e-20
6590.1345 1.367630408e-15 1e-20
6591.64025 1.37560427e-15 1e-20
6593.146 1.384302134e-15 1e-20
6594.65175 1.383595073e-15 1e-20
6596.1575 1.382477413e-15 1e-20
6597.66325 1.395909768e-15 1e-20
6599.169 1.409978456e-15 1e-20
6600.67475 1.399213302e-15 1e-20
6602.1805 1.387360135e-15 1e-20
6603.68625 1.375499874e-15 1e-20
6605.192 1.363639295e-15 1e-20
6606.69775 1.364358743e-15 1e-20
6608.2035 1.36563014e-15 1e-20
6609.70925 1.358726292e-15 1e-20
6611.215 1.35146362e-15 1e-20
6612.72075 1.351060644e-15 1e-20
6614.2265 1.350959317e-15 1e-20
6615.73225 1.33252121e-15 1e-20
6617.238 1.313277045e-15 1e-20
6618.74375 1.31176128e-15 1e-20
6620.2495 1.311026055e-15 1e-20
6621.75525 1.330874896e-15 1e-20
6623.261 1.351629956e-15 1e-20
6624.76675 1.343689022e-15 1e-20
6626.2725 1.334482515e-15 1e-20
6627.77825 1.338335562e-15 1e-20
6629.284 1.342765544e-15 1e-20
6630.78975 1.335832368e-15 1e-20
6632.2955 1.328397112e-15 1e-20
6633.80125 1.303176812e-15 1e-20
6635.307 1.277169619e-15 1e-20
6636.81275 1.271750408e-15 1e-20
6638.3185 1.267242075e-15 1e-20
6639.82425 1.270810836e-15 1e-20
6641.33 1.274737469e-15 1e-20
6642.83575 1.262684296e-15 1e-20
6644.3415 1.249923004e-15 1e-20
6645.84725 1.244873417e-15 1e-20
6647.353 1.240166137e-15 1e-20
6648.85875 1.25573725e-15 1e-20
6650.3645 1.272210029e-15 1e-20
6651.87025 1.281615483e-15 1e-20
6653.376 1.290706793e-15 1e-20
6654.88175 1.292530032e-15 1e-20
6656.3875 1.294029598e-15 1e-20
6657.89325 1.29578465e-15 1e-20
6659.399 1.297551031e-15 1e-20
6660.90475 1.276641917e-15 1e-20
6662.4105 1.254721128e-15 1e-20
6663.91625 1.254290729e-15 1e-20
6665.422 1.25481896e-15 1e-20
6666.92775 1.260934221e-15 1e-20
6668.4335 1.267298932e-15 1e-20
6669.93925 1.26310506e-15 1e-20
6671.445 1.25843865e-15 1e-20
6672.95075 1.256238376e-15 1e-20
6674.4565 1.254148322e-15 1e-20
6675.96225 1.243877306e-15 1e-20
6677.468 1.233239631e-15 1e-20
6678.97375 1.225294462e-15 1e-20
6680.4795 1.217469995e-15 1e-20
6681.98525 1.224333821e-15 1e-20
6683.491 1.231857062e-15 1e-20
6684.99675 1.234616272e-15 1e-20
6686.5025 1.237161711e-15 1e-20
6688.00825 1.217078772e-15 1e-20
6689.514 1.195978334e-15 1e-20
6691.01975 1.182441477e-15 1e-20
6692.5255 1.169245339e-15 1e-20
6694.03125 1.179503226e-15 1e-20
6695.537 1.190817574e-15 1e-20
6697.04275 1.189831628e-15 1e-20
6698.5485 1.188290769e-15 1e-20
6700.05425 1.191011015e-15 1e-20
6701.56 1.193923432e-15 1e-20
6703.06575 1.202929087e-15 1e-20
6704.5715 1.212209921e-15 1e-20
6706.07725 1.191715853e-15 1e-20
6707.583 1.169876379e-15 1e-20
6709.08875 1.172092217e-15 1e-20
6710.5945 1.175396916e-15 1e-20
6712.10025 1.168483539e-15 1e-20
6713.606 1.161107047e-15 1e-20
6715.11175 1.154357888e-15 1e-20
6716.6175 1.147637317e-15 1e-20
6718.12325 1.150533111e-15 1e-20
6719.629 1.153865656e-15 1e-20
6721.13475 1.148322355e-15 1e-20
6722.6405 1.142376078e-15 1e-20
6724.14625 1.146113399e-15 1e-20
6725.652 1.150291177e-15 1e-20
6727.15775 1.166918751e-15 1e-20
6728.6635 1.184112673e-15 1e-20
6730.16925 1.172487252e-15 1e-20
6731.675 1.159549247e-15 1e-20
6733.18075 1.142658775e-15 1e-20
6734.6865 1.125588096e-15 1e-20
6736.19225 1.122195412e-15 1e-20
6737.698 1.119426885e-15 1e-20
6739.20375 1.10602767e-15 1e-20
6740.7095 1.092142789e-15 1e-20
6742.21525 1.097366441e-15 1e-20
6743.721 1.103463384e-15 1e-20
6745.22675 1.109779921e-15 1e-20
6746.7325 1.116106515e-15 1e-20
6748.23825 1.121301898e-15 1e-20
6749.744 1.126445506e-15 1e-20
6751.24975 1.125577508e-15 1e-20
6752.7555 1.124433908e-15 1e-20
6754.26125 1.122615328e-15 1e-20
6755.767 1.120765726e-15 1e-20
6757.27275 1.116084598e-15 1e-20
6758.7785 1.111273451e-15 1e-20
6760.28425 1.097652844e-15 1e-20
6761.79 1.083627249e-15 1e-20
6763.29575 1.089828165e-15 1e-20
6764.8015 1.09695923e-15 1e-20
6766.30725 1.103246967e-15 1e-20
6767.813 1.109495953e-15 1e-20
6769.31875 1.115103311e-15 1e-20
6770.8245 1.120681023e-15 1e-20
6772.33025 1.120533745e-15 1e-20
6773.836 1.120122193e-15 1e-20
6775.34175 1.123989745e-15 1e-20
6776.8475 1.12805455e-15 1e-20
6778.35325 1.121642723e-15 1e-20
6779.859 1.11474671e-15 1e-20
6781.36475 1.121396977e-15 1e-20
6782.8705 1.128674155e-15 1e-20
6784.37625 1.139794427e-15 1e-20
6785.882 1.151092576e-15 1e-20
6787.38775 1.134224868e-15 1e-20
6788.8935 1.116051776e-15 1e-20
6790.39925 1.121175796e-15 1e-20
6791.905 1.127379571e-15 1e-20
6793.41075 1.110353044e-15 1e-20
6794.9165 1.092248138e-15 1e-20
6796.42225 1.102550918e-15 1e-20
6797.928 1.114172422e-15 1e-20
6799.43375 1.120239189e-15 1e-20
6800.9395 1.126047506e-15 1e-20
6802.44525 1.120985531e-15 1e-20
6803.951 1.115417348e-15 1e-20
6805.45675 1.114187668e-15 1e-20
6806.9625 1.113160111e-15 1e-20
6808.46825 1.114172845e-15 1e-20
6809.974 1.11528087e-15 1e-20
6811.47975 1.120014196e-15 1e-20
6812.9855 1.124916717e-15 1e-20
6814.49125 1.12476891e-15 1e-20
6815.997 1.124385098e-15 1e-20
6817.50275 1.119127776e-15 1e-20
6819.0085 1.113642814e-15 1e-20
6820.51425 1.09823105e-15 1e-20
6822.02 1.0823549e-15 1e-20
6823.52575 1.08217914e-15 1e-20
6825.0315 1.082739135e-15 1e-20
6826.53725 1.099608431e-15 1e-20
6828.043 1.117242069e-15 1e-20
6829.54875 1.10464563e-15 1e-20
6831.0545 1.090630517e-15 1e-20
6832.56025 1.090668528e-15 1e-20
6834.066 1.09136606e-15 1e-20
6835.57175 1.097377029e-15 1e-20
6837.0775 1.103637661e-15 1e-20
6838.58325 1.086061198e-15 1e-20
6840.089 1.067364322e-15 1e-20
6841.59475 1.060820569e-15 1e-20
6843.1005 1.054848987e-15 1e-20
6844.60625 1.066328189e-15 1e-20
6846.112 1.078630284e-15 1e-20
6847.61775 1.074416718e-15 1e-20
6849.1235 1.069424412e-15 1e-20
6850.62925 1.067937234e-15 1e-20
6852.135 1.066615651e-15 1e-20
6853.64075 1.080567978e-15 1e-20
6855.1465 1.095241659e-15 1e-20
6856.65225 1.084506046e-15 1e-20
6858.158 1.072568704e-15 1e-20
6859.66375 1.066007481e-15 1e-20
6861.1695 1.059700474e-15 1e-20
6862.67525 1.021174451e-15 1e-20
6864.181 9.811222862e-16 1e-20
6865.68675 9.561319555e-16 1e-20
6867.1925 9.318563089e-16 1e-20
6868.69825 9.575484064e-16 1e-20
6870.204 9.856110314e-16 1e-20
6871.70975 9.878705977e-16 1e-20
6873.2155 9.889039779e-16 1e-20
6874.72125 9.901525045e-16 1e-20
6876.227 9.914110895e-16 1e-20
6877.73275 1.007924103e-15 1e-20
6879.2385 1.025162917e-15 1e-20
6880.74425 1.023115215e-15 1e-20
6882.25 1.020149753e-15 1e-20
6883.75575 1.018671045e-15 1e-20
6885.2615 1.01726317e-15 1e-20
6886.76725 1.035136836e-15 1e-20
6888.273 1.053931015e-15 1e-20
6889.77875 1.045525589e-15 1e-20
6891.2845 1.03582198e-15 1e-20
6892.79025 1.015145059e-15 1e-20
6894.296 9.939436122e-16 1e-20
6895.80175 9.953922503e-16 1e-20
6897.3075 9.979237141e-16 1e-20
6898.81325 1.006148722e-15 1e-20
6900.319 1.014646368e-15 1e-20
6901.82475 1.013623893e-15 1e-20
6903.3305 1.012145715e-15 1e-20
6904.83625 1.024613616e-15 1e-20
6906.342 1.03775025e-15 1e-20
6907.84775 1.033347903e-15 1e-20
6909.3535 1.02810318e-15 1e-20
6910.85925 1.053398866e-15 1e-20
6912.365 1.080161296e-15 1e-20
6913.87075 1.081224322e-15 1e-20
6915.3765 1.08105121e-15 1e-20
6916.88225 1.072279443e-15 1e-20
6918.388 1.063094111e-15 1e-20
6919.89375 1.046927005e-15 1e-20
6921.3995 1.030423415e-15 1e-20
6922.90525 1.032173703e-15 1e-20
6924.411 1.034803317e-15 1e-20
6925.91675 1.028376454e-15 1e-20
6927.4225 1.021512735e-15 1e-20
6928.92825 1.0326653e-15 1e-20
6930.434 1.044688403e-15 1e-20
6931.93975 1.044309779e-15 1e-20
6933.4455 1.043331986e-15 1e-20
6934.95125 1.033360502e-15 1e-20
6936.457 1.022953749e-15 1e-20
6937.96275 1.026694776e-15 1e-20
6939.4685 1.031120524e-15 1e-20
6940.97425 1.024520866e-15 1e-20
6942.48 1.017386943e-15 1e-20
6943.98575 1.017268888e-15 1e-20
6945.4915 1.017490705e-15 1e-20
6946.99725 1.025108601e-15 1e-20
6948.503 1.033085322e-15 1e-20
6950.00875 1.029393106e-15 1e-20
6951.5145 1.025134542e-15 1e-20
6953.02025 1.020718112e-15 1e-20
6954.526 1.016293953e-15 1e-20
6956.03175 1.004186358e-15 1e-20
6957.5375 9.917045865e-16 1e-20
6959.04325 1.013760371e-15 1e-20
6960.549 1.037497411e-15 1e-20
6962.05475 1.051278319e-15 1e-20
6963.5605 1.064573878e-15 1e-20
6965.06625 1.049605112e-15 1e-20
6966.572 1.033258329e-15 1e-20
6968.07775 1.007461411e-15 1e-20
6969.5835 9.81203072e-16 1e-20
6971.08925 9.865302739e-16 1e-20
6972.595 9.93399817e-16 1e-20
6974.10075 9.914127836e-16 1e-20
6975.6065 9.889927046e-16 1e-20
6977.11225 9.913131514e-16 1e-20
6978.618 9.93865791e-16 1e-20
6980.12375 9.970287179e-16 1e-20
6981.6295 1.000221503e-15 1e-20
6983.13525 1.009227581e-15 1e-20
6984.641 1.018518685e-15 1e-20
6986.14675 1.00816466e-15 1e-20
6987.6525 9.968470294e-16 1e-20
6989.15825 1.001985978e-15 1e-20
6990.664 1.007933314e-15 1e-20
6992.16975 1.01134241e-15 1e-20
6993.6755 1.014626886e-15 1e-20
6995.18125 1.01606896e-15 1e-20
6996.687 1.017420295e-15 1e-20
6998.19275 1.01036811e-15 1e-20
6999.6985 1.002901833e-15 1e-20
7001.20425 9.890699964e-16 1e-20
7002.71 9.749245461e-16 1e-20
7004.21575 9.675814058e-16 1e-20
7005.7215 9.605737963e-16 1e-20
7007.22725 9.556908631e-16 1e-20
7008.733 9.509126444e-16 1e-20
7010.23875 9.693830448e-16 1e-20
7011.7445 9.890021278e-16 1e-20
7013.25025 1.009668779e-15 1e-20
7014.756 1.030387205e-15 1e-20
7016.26175 1.028868369e-15 1e-20
7017.7675 1.026249131e-15 1e-20
7019.27325 1.021246766e-15 1e-20
7020.779 1.01612624e-15 1e-20
7022.28475 1.012599513e-15 1e-20
7023.7905 1.009151877e-15 1e-20
7025.29625 1.002365237e-15 1e-20
7026.802 9.954128967e-16 1e-20
7028.30775 9.831573887e-16 1e-20
7029.8135 9.706386653e-16 1e-20
7031.31925 9.513619954e-16 1e-20
7032.825 9.31749371e-16 1e-20
7034.33075 9.390477245e-16 1e-20
7035.8365 9.476836489e-16 1e-20
7037.34225 9.606054542e-16 1e-20
7038.848 9.737406058e-16 1e-20
7040.35375 9.853891088e-16 1e-20
7041.8595 9.969634964e-16 1e-20
7043.36525 9.98169036e-16 1e-20
7044.871 9.988576738e-16 1e-20
7046.37675 9.945853455e-16 1e-20
7047.8825 9.900652601e-16 1e-20
7049.38825 1.000336064e-15 1e-20
7050.894 1.011345269e-15 1e-20
7052.39975 1.018234505e-15 1e-20
7053.9055 1.024917701e-15 1e-20
7055.41125 1.00844291e-15 1e-20
7056.917 9.908103314e-16 1e-20
7058.42275 9.799474515e-16 1e-20
7059.9285 9.694234907e-16 1e-20
7061.43425 9.585907863e-16 1e-20
7062.94 9.477427295e-16 1e-20
7064.44575 9.560688516e-16 1e-20
7065.9515 9.65356462e-16 1e-20
7067.45725 1.000842907e-15 1e-20
7068.963 1.037645007e-15 1e-20
7070.46875 1.025430474e-15 1e-20
7071.9745 1.010754357e-15 1e-20
7073.48025 9.969196624e-16 1e-20
7074.986 9.831273191e-16 1e-20
7076.49175 9.843783867e-16 1e-20
7077.9975 9.863859607e-16 1e-20
7079.50325 1.003717419e-15 1e-20
7081.009 1.021820737e-15 1e-20
7082.51475 1.015555446e-15 1e-20
7084.0205 1.00806111e-15 1e-20
7085.52625 1.000547505e-15 1e-20
7087.032 9.930329459e-16 1e-20
7088.53775 9.876524867e-16 1e-20
7090.0435 9.823799184e-16 1e-20
7091.54925 9.725113493e-16 1e-20
7093.055 9.62410799e-16 1e-20
7094.56075 9.768601223e-16 1e-20
7096.0665 9.925514076e-16 1e-20
7097.57225 1.021463077e-15 1e-20
7099.078 1.051043585e-15 1e-20
7100.58375 1.043970543e-15 1e-20
7102.0895 1.035040698e-15 1e-20
7103.59525 1.035209787e-15 1e-20
7105.101 1.035839873e-15 1e-20
7106.60675 1.041065749e-15 1e-20
7108.1125 1.046524665e-15 1e-20
7109.61825 1.029930654e-15 1e-20
7111.124 1.012216125e-15 1e-20
7112.62975 1.00719629e-15 1e-20
7114.1355 1.002821364e-15 1e-20
7115.64125 1.009154418e-15 1e-20
7117.147 1.016032326e-15 1e-20
7118.65275 1.014640015e-15 1e-20
7120.1585 1.012827047e-15 1e-20
7121.66425 1.031286648e-15 1e-20
7123.17 1.050779205e-15 1e-20
7124.67575 1.063447959e-15 1e-20
7126.1815 1.075768901e-15 1e-20
7127.68725 1.049955783e-15 1e-20
7129.193 1.02219682e-15 1e-20
7130.69875 1.022681852e-15 1e-20
7132.2045 1.024610017e-15 1e-20
7133.71025 1.02627073e-15 1e-20
7135.216 1.02791768e-15 1e-20
7136.72175 9.755475389e-16 1e-20
7138.2275 9.204132114e-16 1e-20
7139.73325 8.302026673e-16 1e-20
7141.239 7.381973133e-16 1e-20
7142.74475 7.743669966e-16 1e-20
7144.2505 8.171048909e-16 1e-20
7145.75625 8.988021187e-16 1e-20
7147.262 9.82495856e-16 1e-20
7148.76775 9.973359791e-16 1e-20
7150.2735 1.008642704e-15 1e-20
7151.77925 1.019000753e-15 1e-20
7153.285 1.029310096e-15 1e-20
7154.79075 1.051538676e-15 1e-20
7156.2965 1.074379767e-15 1e-20
7157.80225 1.087046827e-15 1e-20
7159.308 1.09919042e-15 1e-20
7160.81375 1.052496247e-15 1e-20
7162.3195 1.002774142e-15 1e-20
7163.82525 9.849581808e-16 1e-20
7165.331 9.687866278e-16 1e-20
7166.83675 9.773916355e-16 1e-20
7168.3425 9.872736512e-16 1e-20
7169.84825 9.767064917e-16 1e-20
7171.354 9.65084035e-16 1e-20
7172.85975 9.611974243e-16 1e-20
7174.3655 9.577107191e-16 1e-20
7175.87125 9.584212738e-16 1e-20
7177.377 9.593487749e-16 1e-20
7178.88275 9.618865915e-16 1e-20
7180.3885 9.64507735e-16 1e-20
7181.89425 9.611439554e-16 1e-20
7183.4 9.574704793e-16 1e-20
7184.90575 9.650948347e-16 1e-20
7186.4115 9.733049133e-16 1e-20
7187.91725 9.76689551e-16 1e-20
7189.423 9.798242082e-16 1e-20
7190.92875 9.811684495e-16 1e-20
7192.4345 9.824197289e-16 1e-20
7193.94025 9.787673229e-16 1e-20
7195.446 9.748599599e-16 1e-20
7196.95175 9.608398705e-16 1e-20
7198.4575 9.462941972e-16 1e-20
7199.96325 9.325516171e-16 1e-20
7201.469 9.188508591e-16 1e-20
7202.97475 9.137035458e-16 1e-20
7204.4805 9.0900156e-16 1e-20
7205.98625 9.077833149e-16 1e-20
7207.492 9.067466525e-16 1e-20
7208.99775 9.194427234e-16 1e-20
7210.5035 9.328545372e-16 1e-20
7212.00925 9.380953418e-16 1e-20
7213.515 9.429096653e-16 1e-20
7215.02075 9.572263221e-16 1e-20
7216.5265 9.720397637e-16 1e-20
7218.03225 9.704283894e-16 1e-20
7219.538 9.679584413e-16 1e-20
7221.04375 9.688395673e-16 1e-20
7222.5495 9.69896135e-16 1e-20
7224.05525 9.683932868e-16 1e-20
7225.561 9.667566074e-16 1e-20
7227.06675 9.470597033e-16 1e-20
7228.5725 9.264161339e-16 1e-20
7230.07825 9.254676688e-16 1e-20
7231.584 9.255516309e-16 1e-20
7233.08975 9.142101774e-16 1e-20
7234.5955 9.022690245e-16 1e-20
7236.10125 8.801530472e-16 1e-20
7237.607 8.575022745e-16 1e-20
7239.11275 8.61655277e-16 1e-20
7240.6185 8.672172659e-16 1e-20
7242.12425 8.773839906e-16 1e-20
7243.63 8.877931256e-16 1e-20
7245.13575 8.905849462e-16 1e-20
7246.6415 8.929758026e-16 1e-20
7248.14725 8.794554627e-16 1e-20
7249.653 8.650963484e-16 1e-20
7251.15875 8.777566851e-16 1e-20
7252.6645 8.918413078e-16 1e-20
7254.17025 8.825536445e-16 1e-20
7255.676 8.720321718e-16 1e-20
7257.18175 8.843868355e-16 1e-20
7258.6875 8.979507447e-16 1e-20
7260.19325 8.925054875e-16 1e-20
7261.699 8.860552787e-16 1e-20
7263.20475 8.842461222e-16 1e-20
7264.7105 8.826826582e-16 1e-20
7266.21625 8.802562794e-16 1e-20
7267.722 8.777841608e-16 1e-20
7269.22775 8.562636476e-16 1e-20
7270.7335 8.337333124e-16 1e-20
7272.23925 8.180476916e-16 1e-20
7273.745 8.027248655e-16 1e-20
7275.25075 8.076864669e-16 1e-20
7276.7565 8.13724806e-16 1e-20
7278.26225 8.138853717e-16 1e-20
7279.768 8.137339645e-16 1e-20
7281.27375 8.0893367e-16 1e-20
7282.7795 8.038862536e-16 1e-20
7284.28525 8.116177056e-16 1e-20
7285.791 8.200293781e-16 1e-20
7287.29675 8.273601835e-16 1e-20
7288.8025 8.346334437e-16 1e-20
7290.30825 8.383905642e-16 1e-20
7291.814 8.419603316e-16 1e-20
7293.31975 8.350713597e-16 1e-20
7294.8255 8.276249343e-16 1e-20
7296.33125 8.360954755e-16 1e-20
7297.837 8.454155908e-16 1e-20
7299.34275 8.361989194e-16 1e-20
7300.8485 8.259928606e-16 1e-20
7302.35425 8.218143941e-16 1e-20
7303.86 8.179581178e-16 1e-20
7305.36575 8.039774155e-16 1e-20
7306.8715 7.894548768e-16 1e-20
7308.37725 7.829288585e-16 1e-20
7309.883 7.768308566e-16 1e-20
7311.38875 7.818222629e-16 1e-20
7312.8945 7.874080217e-16 1e-20
7314.40025 7.947035165e-16 1e-20
7315.906 8.020906496e-16 1e-20
7317.41175 7.958027535e-16 1e-20
7318.9175 7.887809033e-16 1e-20
7320.42325 7.791356332e-16 1e-20
7321.929 7.693495969e-16 1e-20
7323.43475 7.819867461e-16 1e-20
7324.9405 7.958290115e-16 1e-20
7326.44625 7.98177675e-16 1e-20
7327.952 7.999077928e-16 1e-20
7329.45775 8.025442887e-16 1e-20
7330.9635 8.052295949e-16 1e-20
7332.46925 8.169578778e-16 1e-20
7333.975 8.291735223e-16 1e-20
7335.48075 8.199300635e-16 1e-20
7336.9865 8.0953014e-16 1e-20
7338.49225 8.077719114e-16 1e-20
7339.998 8.064800802e-16 1e-20
7341.50375 7.895791789e-16 1e-20
7343.0095 7.718359562e-16 1e-20
7344.51525 7.617543054e-16 1e-20
7346.021 7.520867478e-16 1e-20
7347.52675 7.396276343e-16 1e-20
7349.0325 7.270174313e-16 1e-20
7350.53825 7.270095433e-16 1e-20
7352.044 7.276836756e-16 1e-20
7353.54975 7.251070014e-16 1e-20
7355.0555 7.223541443e-16 1e-20
7356.56125 7.119999077e-16 1e-20
7358.067 7.012336954e-16 1e-20
7359.57275 7.179889071e-16 1e-20
7361.0785 7.362374908e-16 1e-20
7362.58425 7.595968595e-16 1e-20
7364.09 7.832335786e-16 1e-20
7365.59575 7.851840308e-16 1e-20
7367.1015 7.859561013e-16 1e-20
7368.60725 7.850902219e-16 1e-20
7370.113 7.841351923e-16 1e-20
7371.61875 7.711861761e-16 1e-20
7373.1245 7.57584521e-16 1e-20
7374.63025 7.50603646e-16 1e-20
7376.136 7.439835012e-16 1e-20
7377.64175 7.416414022e-16 1e-20
7379.1475 7.39532449e-16 1e-20
7380.65325 7.208539961e-16 1e-20
7382.159 7.012714943e-16 1e-20
7383.66475 6.802120318e-16 1e-20
7385.1705 6.590719423e-16 1e-20
7386.67625 6.495967141e-16 1e-20
7388.182 6.407587194e-16 1e-20
7389.68775 6.58768281e-16 1e-20
7391.1935 6.782465447e-16 1e-20
7392.69925 6.937568297e-16 1e-20
7394.205 7.090500096e-16 1e-20
7395.71075 6.976318996e-16 1e-20
7397.2165 6.847505402e-16 1e-20
7398.72225 6.943817283e-16 1e-20
7400.228 7.052461964e-16 1e-20
7401.73375 7.184226939e-16 1e-20
7403.2395 7.317259816e-16 1e-20
7404.74525 7.182110415e-16 1e-20
7406.251 7.03224964e-16 1e-20
7407.75675 7.06705793e-16 1e-20
7409.2625 7.112009439e-16 1e-20
7410.76825 6.998689136e-16 1e-20
7412.274 6.876663981e-16 1e-20
7413.77975 6.799285934e-16 1e-20
7415.2855 6.724363752e-16 1e-20
7416.79125 6.597132521e-16 1e-20
7418.297 6.467020849e-16 1e-20
7419.80275 6.345320743e-16 1e-20
7421.3085 6.224083859e-16 1e-20
7422.81425 6.252880332e-16 1e-20
7424.32 6.289950729e-16 1e-20
7425.82575 6.430704311e-16 1e-20
7427.3315 6.577175895e-16 1e-20
7428.83725 6.568022646e-16 1e-20
7430.343 6.550275188e-16 1e-20
7431.84875 6.423039192e-16 1e-20
7433.3545 6.28975644e-16 1e-20
7434.86025 6.503401973e-16 1e-20
7436.366 6.736231213e-16 1e-20
7437.87175 7.038198988e-16 1e-20
7439.3775 7.343995352e-16 1e-20
7440.88325 7.165741503e-16 1e-20
7442.389 6.960685944e-16 1e-20
7443.89475 6.707675615e-16 1e-20
7445.4005 6.452006131e-16 1e-20
7446.90625 6.505885897e-16 1e-20
7448.412 6.576929197e-16 1e-20
7449.91775 6.551190513e-16 1e-20
7451.4235 6.520078463e-16 1e-20
7452.92925 6.485827627e-16 1e-20
7454.435 6.45140262e-16 1e-20
7455.94075 6.483181708e-16 1e-20
7457.4465 6.518641154e-16 1e-20
7458.95225 6.506423763e-16 1e-20
7460.458 6.491552511e-16 1e-20
7461.96375 6.364200578e-16 1e-20
7463.4695 6.230586954e-16 1e-20
7464.97525 6.531225417e-16 1e-20
7466.481 6.856069434e-16 1e-20
7467.98675 7.164126847e-16 1e-20
7469.4925 7.471249347e-16 1e-20
7470.99825 7.424438071e-16 1e-20
7472.504 7.357871869e-16 1e-20
7474.00975 7.153679754e-16 1e-20
7475.5155 6.941806109e-16 1e-20
7477.02125 6.811982428e-16 1e-20
7478.527 6.686744372e-16 1e-20
7480.03275 6.671259021e-16 1e-20
7481.5385 6.661915718e-16 1e-20
7483.04425 6.531523996e-16 1e-20
7484.55 6.394358127e-16 1e-20
7486.05575 6.311558539e-16 1e-20
7487.5615 6.231805623e-16 1e-20
7489.06725 6.404119123e-16 1e-20
7490.573 6.590557957e-16 1e-20
7492.07875 6.67226752e-16 1e-20
7493.5845 6.748100791e-16 1e-20
7495.09025 7.011207754e-16 1e-20
7496.596 7.284822689e-16 1e-20
7498.10175 7.364910184e-16 1e-20
7499.6075 7.434123893e-16 1e-20
7501.11325 7.213259522e-16 1e-20
7502.619 6.976075474e-16 1e-20
7504.12475 6.765222504e-16 1e-20
7505.6305 6.555851311e-16 1e-20
7507.13625 6.49076477e-16 1e-20
7508.642 6.43380604e-16 1e-20
7510.14775 6.422254099e-16 1e-20
7511.6535 6.413260197e-16 1e-20
7513.15925 6.494200548e-16 1e-20
7514.665 6.580213038e-16 1e-20
7516.17075 6.628989959e-16 1e-20
7517.6765 6.675666239e-16 1e-20
7519.18225 6.793541991e-16 1e-20
7520.688 6.915439032e-16 1e-20
7522.19375 7.035712417e-16 1e-20
7523.6995 7.155893686e-16 1e-20
7525.20525 7.122567705e-16 1e-20
7526.711 7.080560164e-16 1e-20
7528.21675 7.163755211e-16 1e-20
7529.7225 7.254040453e-16 1e-20
7531.22825 7.38564555e-16 1e-20
7532.734 7.519590046e-16 1e-20
7534.23975 7.366159028e-16 1e-20
7535.7455 7.196432683e-16 1e-20
7537.25125 6.962785527e-16 1e-20
7538.757 6.725514128e-16 1e-20
7540.26275 6.502037191e-16 1e-20
7541.7685 6.279343229e-16 1e-20
7543.27425 6.27344735e-16 1e-20
7544.78 6.279877389e-16 1e-20
7546.28575 6.028541538e-16 1e-20
7547.7915 5.762551487e-16 1e-20
7549.29725 6.035949371e-16 1e-20
7550.803 6.340052198e-16 1e-20
7552.30875 6.259028203e-16 1e-20
7553.8145 6.156080877e-16 1e-20
7555.32025 6.476524558e-16 1e-20
7556.826 6.821102326e-16 1e-20
7558.33175 7.28208942e-16 1e-20
7559.8375 7.749712487e-16 1e-20
7561.34325 7.84434142e-16 1e-20
7562.849 7.917682297e-16 1e-20
7564.35475 7.679106997e-16 1e-20
7565.8605 7.422705888e-16 1e-20
7567.36625 7.335968656e-16 1e-20
7568.872 7.258927304e-16 1e-20
7570.37775 7.096166217e-16 1e-20
7571.8835 6.928499751e-16 1e-20
7573.38925 6.588074033e-16 1e-20
7574.895 6.237762382e-16 1e-20
7576.40075 6.218929663e-16 1e-20
7577.9065 6.21909007e-16 1e-20
7579.41225 6.382908359e-16 1e-20
7580.918 6.556104363e-16 1e-20
7582.42375 6.819374379e-16 1e-20
7583.9295 7.087812355e-16 1e-20
7585.43525 7.171908433e-16 1e-20
7586.941 7.245428245e-16 1e-20
7588.44675 6.97833017e-16 1e-20
7589.9525 6.691665104e-16 1e-20
7591.45825 6.298675168e-16 1e-20
7592.964 5.899569125e-16 1e-20
7594.46975 6.115599584e-16 1e-20
7595.9755 6.367012727e-16 1e-20
7597.48125 6.101150261e-16 1e-20
7598.987 5.805495528e-16 1e-20
7600.49275 5.271617015e-16 1e-20
7601.9985 4.724018684e-16 1e-20
7603.50425 5.160881221e-16 1e-20
7605.01 5.65451667e-16 1e-20
7606.51575 6.063827342e-16 1e-20
7608.0215 6.468274987e-16 1e-20
7609.52725 6.675558243e-16 1e-20
7611.033 6.871456846e-16 1e-20
7612.53875 6.804489892e-16 1e-20
7614.0445 6.722325049e-16 1e-20
7615.55025 6.412173348e-16 1e-20
7617.056 6.088839696e-16 1e-20
7618.56175 5.947240669e-16 1e-20
7620.0675 5.81616285e-16 1e-20
7621.57325 5.852786437e-16 1e-20
7623.079 5.89911808e-16 1e-20
7624.58475 5.94790559e-16 1e-20
7626.0905 5.996835507e-16 1e-20
7627.59625 6.266631912e-16 1e-20
7629.102 6.549231749e-16 1e-20
7630.60775 6.858118195e-16 1e-20
7632.1135 7.168530359e-16 1e-20
7633.61925 6.983438308e-16 1e-20
7635.125 6.769550313e-16 1e-20
7636.63075 7.00133982e-16 1e-20
7638.1365 7.259028948e-16 1e-20
7639.64225 6.947150887e-16 1e-20
7641.148 6.602130015e-16 1e-20
7642.65375 6.453492144e-16 1e-20
7644.1595 6.316281277e-16 1e-20
7645.66525 6.013321944e-16 1e-20
7647.171 5.700705906e-16 1e-20
7648.67675 5.536899793e-16 1e-20
7650.1825 5.381763591e-16 1e-20
7651.68825 5.334506035e-16 1e-20
7653.194 5.293541404e-16 1e-20
7654.69975 5.424303174e-16 1e-20
7656.2055 5.565095402e-16 1e-20
7657.71125 5.444128509e-16 1e-20
7659.217 5.307872142e-16 1e-20
7660.72275 5.441532883e-16 1e-20
7662.2285 5.590980199e-16 1e-20
7663.73425 5.856086689e-16 1e-20
7665.24 6.127957795e-16 1e-20
7666.74575 5.989542553e-16 1e-20
7668.2515 5.827100692e-16 1e-20
7669.75725 6.172248619e-16 1e-20
7671.263 6.547121578e-16 1e-20
7672.76875 6.577178013e-16 1e-20
7674.2745 6.587015771e-16 1e-20
7675.78025 6.298727578e-16 1e-20
7677.286 5.992936508e-16 1e-20
7678.79175 5.800439801e-16 1e-20
7680.2975 5.614594949e-16 1e-20
7681.80325 5.548222506e-16 1e-20
7683.309 5.488873025e-16 1e-20
7684.81475 5.334758556e-16 1e-20
7686.3205 5.175073258e-16 1e-20
7687.82625 5.175729709e-16 1e-20
7689.332 5.185823165e-16 1e-20
7690.83775 5.032465732e-16 1e-20
7692.3435 4.869488123e-16 1e-20
7693.84925 4.893956787e-16 1e-20
7695.355 4.929472349e-16 1e-20
7696.86075 4.875055776e-16 1e-20
7698.3665 4.815332542e-16 1e-20
7699.87225 4.728771598e-16 1e-20
7701.378 4.640626703e-16 1e-20
7702.88375 4.670226269e-16 1e-20
7704.3895 4.706782623e-16 1e-20
7705.89525 4.679884562e-16 1e-20
7707.401 4.649237322e-16 1e-20
7708.90675 4.734021085e-16 1e-20
7710.4125 4.825632992e-16 1e-20
7711.91825 4.935877506e-16 1e-20
7713.424 5.047224223e-16 1e-20
7714.92975 4.924563793e-16 1e-20
7716.4355 4.788042729e-16 1e-20
7717.94125 4.847823138e-16 1e-20
7719.447 4.919244956e-16 1e-20
7720.95275 5.106177186e-16 1e-20
7722.4585 5.299959796e-16 1e-20
7723.96425 4.935950034e-16 1e-20
7725.47 4.538818636e-16 1e-20
7726.97575 4.461644935e-16 1e-20
7728.4815 4.403470712e-16 1e-20
7729.98725 4.388030096e-16 1e-20
7731.493 4.375130049e-16 1e-20
7732.99875 4.316266817e-16 1e-20
7734.5045 4.254670582e-16 1e-20
7736.01025 4.232921687e-16 1e-20
7737.516 4.21354475e-16 1e-20
7739.02175 4.417979328e-16 1e-20
7740.5275 4.635753616e-16 1e-20
7742.03325 4.558481447e-16 1e-20
7743.539 4.463623816e-16 1e-20
7745.04475 4.272254721e-16 1e-20
7746.5505 4.075126067e-16 1e-20
7748.05625 4.065436539e-16 1e-20
7749.562 4.066933405e-16 1e-20
7751.06775 3.887311334e-16 1e-20
7752.5735 3.696867093e-16 1e-20
7754.07925 3.656154983e-16 1e-20
7755.585 3.62438966e-16 1e-20
7757.09075 3.942457149e-16 1e-20
7758.5965 4.281454028e-16 1e-20
7760.10225 4.340342935e-16 1e-20
7761.608 4.38247356e-16 1e-20
7763.11375 4.266956265e-16 1e-20
7764.6195 4.141995612e-16 1e-20
7766.12525 4.041342687e-16 1e-20
7767.631 3.942147717e-16 1e-20
7769.13675 3.994964192e-16 1e-20
7770.6425 4.056897653e-16 1e-20
7772.14825 3.935404276e-16 1e-20
7773.654 3.802895765e-16 1e-20
7775.15975 3.744958712e-16 1e-20
7776.6655 3.691499551e-16 1e-20
7778.17125 3.520612507e-16 1e-20
7779.677 3.342664913e-16 1e-20
7781.18275 3.229214114e-16 1e-20
7782.6885 3.119641138e-16 1e-20
7784.19425 3.319164778e-16 1e-20
7785.7 3.537296409e-16 1e-20
7787.20575 3.57356583e-16 1e-20
7788.7115 3.598873586e-16 1e-20
7790.21725 3.35602977e-16 1e-20
7791.723 3.097023241e-16 1e-20
7793.22875 3.166428327e-16 1e-20
7794.7345 3.255653189e-16 1e-20
7796.24025 3.483899716e-16 1e-20
7797.746 3.72053637e-16 1e-20
7799.25175 3.615803922e-16 1e-20
7800.7575 3.490444369e-16 1e-20
7802.26325 3.405665636e-16 1e-20
7803.769 3.323339063e-16 1e-20
7805.27475 3.312115347e-16 1e-20
7806.7805 3.305193234e-16 1e-20
7808.28625 3.444383247e-16 1e-20
7809.792 3.592423695e-16 1e-20
7811.29775 3.493815031e-16 1e-20
7812.8035 3.380265765e-16 1e-20
7814.30925 3.247803311e-16 1e-20
7815.815 3.114193658e-16 1e-20
7817.32075 3.077791887e-16 1e-20
7818.8265 3.047285466e-16 1e-20
7820.33225 3.004296956e-16 1e-20
7821.838 2.960550616e-16 1e-20
7823.34375 2.892604809e-16 1e-20
7824.8495 2.823189401e-16 1e-20
7826.35525 2.838509844e-16 1e-20
7827.861 2.858982101e-16 1e-20
7829.36675 2.822238606e-16 1e-20
7830.8725 2.782012482e-16 1e-20
7832.37825 2.748680941e-16 1e-20
7833.884 2.715769212e-16 1e-20
7835.38975 2.800050313e-16 1e-20
7836.8955 2.89147402e-16 1e-20
7838.40125 2.906455122e-16 1e-20
7839.907 2.916777542e-16 1e-20
7841.41275 2.96312639e-16 1e-20
7842.9185 3.011673819e-16 1e-20
7844.42425 3.10831022e-16 1e-20
7845.93 3.20788106e-16 1e-20
7847.43575 3.062282714e-16 1e-20
7848.9415 2.901705384e-16 1e-20
7850.44725 2.734262058e-16 1e-20
7851.953 2.566398922e-16 1e-20
7853.45875 2.696775557e-16 1e-20
7854.9645 2.845395957e-16 1e-20
7856.47025 2.624666054e-16 1e-20
7857.976 2.381314811e-16 1e-20
7859.48175 2.271269879e-16 1e-20
7860.9875 2.169389285e-16 1e-20
7862.49325 2.298217703e-16 1e-20
7863.999 2.441193688e-16 1e-20
7865.50475 2.416404739e-16 1e-20
7867.0105 2.381328311e-16 1e-20
7868.51625 2.465030254e-16 1e-20
7870.022 2.556024886e-16 1e-20
7871.52775 2.581236557e-16 1e-20
7873.0335 2.60240444e-16 1e-20
7874.53925 2.561928176e-16 1e-20
7876.045 2.517662499e-16 1e-20
7877.55075 2.701955163e-16 1e-20
7879.0565 2.900314662e-16 1e-20
7880.56225 2.71397906e-16 1e-20
7882.068 2.50396677e-16 1e-20
7883.57375 2.230590328e-16 1e-20
7885.0795 1.95330946e-16 1e-20
7886.58525 2.228721561e-16 1e-20
7888.091 2.538190872e-16 1e-20
7889.59675 2.41600134e-16 1e-20
7891.1025 2.267180298e-16 1e-20
7892.60825 2.181262437e-16 1e-20
7894.114 2.099230208e-16 1e-20
7895.61975 2.04539597e-16 1e-20
7897.1255 1.993303577e-16 1e-20
7898.63125 1.974013328e-16 1e-20
7900.137 1.95675159e-16 1e-20
7901.64275 2.068248258e-16 1e-20
7903.1485 2.187708093e-16 1e-20
7904.65425 2.413553679e-16 1e-20
7906.16 2.645986932e-16 1e-20
7907.66575 2.86518053e-16 1e-20
7909.1715 3.083554358e-16 1e-20
7910.67725 3.008908256e-16 1e-20
7912.183 2.916096474e-16 1e-20
7913.68875 2.639331106e-16 1e-20
7915.1945 2.351161762e-16 1e-20
7916.70025 2.318430291e-16 1e-20
7918.206 2.301553689e-16 1e-20
7919.71175 2.397186885e-16 1e-20
7921.2175 2.499812074e-16 1e-20
7922.72325 2.500107476e-16 1e-20
7924.229 2.494043779e-16 1e-20
7925.73475 2.574724197e-16 1e-20
7927.2405 2.660801803e-16 1e-20
7928.74625 2.400241233e-16 1e-20
7930.252 2.11811269e-16 1e-20
7931.75775 2.14081582e-16 1e-20
7933.2635 2.182508238e-16 1e-20
7934.76925 2.150652123e-16 1e-20
7936.275 2.114214353e-16 1e-20
7937.78075 2.011856245e-16 1e-20
7939.2865 1.905386718e-16 1e-20
7940.79225 2.316301592e-16 1e-20
7942.298 2.759524816e-16 1e-20
7943.80375 3.024402871e-16 1e-20
7945.3095 3.278144296e-16 1e-20
7946.81525 3.096294263e-16 1e-20
7948.321 2.887210798e-16 1e-20
7949.82675 2.738655248e-16 1e-20
7951.3325 2.593883553e-16 1e-20
7952.83825 2.509901295e-16 1e-20
7954.344 2.429724068e-16 1e-20
7955.84975 2.323131059e-16 1e-20
7957.3555 2.214884616e-16 1e-20
7958.86125 2.186620053e-16 1e-20
7960.367 2.163367808e-16 1e-20
7961.87275 2.186264961e-16 1e-20
7963.3785 2.212057776e-16 1e-20
7964.88425 2.34796183e-16 1e-20
7966.39 2.490775026e-16 1e-20
7967.89575 2.377222319e-16 1e-20
7969.4015 2.247564868e-16 1e-20
7970.90725 2.234720143e-16 1e-20
7972.413 2.229213899e-16 1e-20
7973.91875 2.225499395e-16 1e-20
7975.4245 2.221897652e-16 1e-20
7976.93025 2.156830037e-16 1e-20
7978.436 2.087896775e-16 1e-20
7979.94175 2.082479073e-16 1e-20
7981.4475 2.081060954e-16 1e-20
7982.95325 2.47477775e-16 1e-20
7984.459 2.893405785e-16 1e-20
7985.96475 2.936327327e-16 1e-20
7987.4705 2.955562386e-16 1e-20
7988.97625 2.773381746e-16 1e-20
7990.482 2.578487935e-16 1e-20
7991.98775 2.579763514e-16 1e-20
7993.4935 2.593421126e-16 1e-20
7994.99925 2.736940271e-16 1e-20
7996.505 2.888666371e-16 1e-20
7998.01075 3.015867691e-16 1e-20
7999.5165 3.141519205e-16 1e-20
8001.02225 2.849834675e-16 1e-20
8002.528 2.531745216e-16 1e-20
8004.03375 2.613875648e-16 1e-20
8005.5395 2.721357776e-16 1e-20
8007.04525 2.655757457e-16 1e-20
8008.551 2.579193354e-16 1e-20
8010.05675 2.633847361e-16 1e-20
8011.5625 2.696823202e-16 1e-20
8013.06825 2.746215017e-16 1e-20
8014.574 2.79474524e-16 1e-20
8016.07975 2.785051213e-16 1e-20
8017.5855 2.771660416e-16 1e-20
8019.09125 2.704446499e-16 1e-20
8020.597 2.633815068e-16 1e-20
8022.10275 2.686526193e-16 1e-20
8023.6085 2.747078196e-16 1e-20
8025.11425 2.657489904e-16 1e-20
8026.62 2.558345756e-16 1e-20
8028.12575 2.587440279e-16 1e-20
8029.6315 2.624696494e-16 1e-20
8031.13725 2.745374866e-16 1e-20
8032.643 2.871368899e-16 1e-20
8034.14875 2.801620501e-16 1e-20
8035.6545 2.719399277e-16 1e-20
8037.16025 2.758473701e-16 1e-20
8038.666 2.805286565e-16 1e-20
8040.17175 2.757760076e-16 1e-20
8041.6775 2.704214888e-16 1e-20
8043.18325 2.85521651e-16 1e-20
8044.689 3.019282822e-16 1e-20
8046.19475 3.034124427e-16 1e-20
8047.7005 3.039423412e-16 1e-20
8049.20625 2.874286928e-16 1e-20
8050.712 2.698251511e-16 1e-20
8052.21775 2.827629441e-16 1e-20
8053.7235 2.976560068e-16 1e-20
8055.22925 2.964504407e-16 1e-20
8056.735 2.942142208e-16 1e-20
8058.24075 3.047039297e-16 1e-20
8059.7465 3.160093314e-16 1e-20
8061.25225 3.128634246e-16 1e-20
8062.758 3.087912343e-16 1e-20
8064.26375 3.032074607e-16 1e-20
8065.7695 2.975267019e-16 1e-20
8067.27525 2.890513167e-16 1e-20
8068.781 2.803965988e-16 1e-20
8070.28675 2.703102363e-16 1e-20
8071.7925 2.601318914e-16 1e-20
8073.29825 2.78446226e-16 1e-20
8074.804 2.985933017e-16 1e-20
8076.30975 2.987546085e-16 1e-20
8077.8155 2.976303841e-16 1e-20
8079.32125 2.928188928e-16 1e-20
8080.827 2.877699412e-16 1e-20
8082.33275 2.956743732e-16 1e-20
8083.8385 3.044130004e-16 1e-20
8085.34425 3.089281095e-16 1e-20
8086.85 3.131708975e-16 1e-20
8088.35575 3.138709703e-16 1e-20
8089.8615 3.143426353e-16 1e-20
8091.36725 3.24289502e-16 1e-20
8092.873 3.348479794e-16 1e-20
8094.37875 3.391738561e-16 1e-20
8095.8845 3.430969422e-16 1e-20
8097.39025 3.540846535e-16 1e-20
8098.896 3.655288892e-16 1e-20
8100.40175 3.525244453e-16 1e-20
8101.9075 3.379381939e-16 1e-20
8103.41325 3.307956415e-16 1e-20
8104.919 3.241346803e-16 1e-20
8106.42475 3.327506729e-16 1e-20
8107.9305 3.423562383e-16 1e-20
8109.43625 3.259236138e-16 1e-20
8110.942 3.078044144e-16 1e-20
8112.44775 2.998371431e-16 1e-20
8113.9535 2.925282282e-16 1e-20
8115.45925 2.897668214e-16 1e-20
8116.965 2.873006585e-16 1e-20
8118.47075 2.93716086e-16 1e-20
8119.9765 3.007081312e-16 1e-20
8121.48225 2.987735874e-16 1e-20
8122.988 2.96258826e-16 1e-20
8124.49375 2.953808763e-16 1e-20
8125.9995 2.946093352e-16 1e-20
8127.50525 2.976588126e-16 1e-20
8129.011 3.009569471e-16 1e-20
8130.51675 3.220638965e-16 1e-20
8132.0225 3.443297721e-16 1e-20
8133.52825 3.414495425e-16 1e-20
8135.034 3.369310188e-16 1e-20
8136.53975 3.458876245e-16 1e-20
8138.0455 3.557231329e-16 1e-20
8139.55125 3.592819948e-16 1e-20
8141.057 3.62431475e-16 1e-20
8142.56275 3.560214738e-16 1e-20
8144.0685 3.489872622e-16 1e-20
8145.57425 3.629334479e-16 1e-20
8147.08 3.782496565e-16 1e-20
8148.58575 3.692672427e-16 1e-20
8150.0915 3.586962715e-16 1e-20
8151.59725 3.535193914e-16 1e-20
8153.103 3.486951682e-16 1e-20
8154.60875 3.441267754e-16 1e-20
8156.1145 3.39575138e-16 1e-20
8157.62025 3.465668126e-16 1e-20
8159.126 3.543148877e-16 1e-20
8160.63175 3.421538504e-16 1e-20
8162.1375 3.28688197e-16 1e-20
8163.64325 3.170459674e-16 1e-20
8165.149 3.055233812e-16 1e-20
8166.65475 3.090958485e-16 1e-20
8168.1605 3.136586297e-16 1e-20
8169.66625 3.228356229e-16 1e-20
8171.172 3.32315695e-16 1e-20
8172.67775 3.407307027e-16 1e-20
8174.1835 3.490757507e-16 1e-20
8175.68925 3.510687927e-16 1e-20
8177.195 3.526441417e-16 1e-20
8178.70075 3.565300377e-16 1e-20
8180.2065 3.60568029e-16 1e-20
8181.71225 3.743485668e-16 1e-20
8183.218 3.887704674e-16 1e-20
8184.72375 3.965548855e-16 1e-20
8186.2295 4.03901864e-16 1e-20
8187.73525 4.053140268e-16 1e-20
8189.241 4.06335072e-16 1e-20
8190.74675 4.116479274e-16 1e-20
8192.2525 4.172439829e-16 1e-20
8193.75825 4.214350754e-16 1e-20
8195.264 4.255334973e-16 1e-20
8196.76975 4.240933825e-16 1e-20
8198.2755 4.222874024e-16 1e-20
8199.78125 3.996072217e-16 1e-20
8201.287 3.75546642e-16 1e-20
8202.79275 3.692589312e-16 1e-20
8204.2985 3.641465844e-16 1e-20
8205.80425 3.638129858e-16 1e-20
8207.31 3.637958069e-16 1e-20
8208.81575 3.643360286e-16 1e-20
8210.3215 3.649131492e-16 1e-20
8211.82725 3.688380617e-16 1e-20
8213.333 3.729848703e-16 1e-20
8214.83875 3.842172683e-16 1e-20
8216.3445 3.959192932e-16 1e-20
8217.85025 4.070755906e-16 1e-20
8219.356 4.181957038e-16 1e-20
8220.86175 4.044704878e-16 1e-20
8222.3675 3.890947222e-16 1e-20
8223.87325 3.915140601e-16 1e-20
8225.379 3.951155913e-16 1e-20
8226.88475 4.152959395e-16 1e-20
8228.3905 4.365789128e-16 1e-20
8229.89625 4.347122904e-16 1e-20
8231.402 4.313060268e-16 1e-20
8232.90775 4.441621076e-16 1e-20
8234.4135 4.581010936e-16 1e-20
8235.91925 4.4693307e-16 1e-20
8237.425 4.340933476e-16 1e-20
8238.93075 4.3006605e-16 1e-20
8240.4365 4.266261963e-16 1e-20
8241.94225 3.922131535e-16 1e-20
8243.448 3.557354413e-16 1e-20
8244.95375 3.58742726e-16 1e-20
8246.4595 3.643850242e-16 1e-20
8247.96525 3.932849942e-16 1e-20
8249.471 4.237388462e-16 1e-20
8250.97675 4.098197921e-16 1e-20
8252.4825 3.929361225e-16 1e-20
8253.98825 3.969018779e-16 1e-20
8255.494 4.02262167e-16 1e-20
8256.99975 4.05508712e-16 1e-20
8258.5055 4.086138818e-16 1e-20
8260.01125 4.397838737e-16 1e-20
8261.517 4.72833167e-16 1e-20
8263.02275 4.801597903e-16 1e-20
8264.5285 4.857639191e-16 1e-20
8266.03425 4.873609468e-16 1e-20
8267.54 4.886893591e-16 1e-20
8269.04575 4.814508273e-16 1e-20
8270.5515 4.736373719e-16 1e-20
8272.05725 4.733680683e-16 1e-20
8273.563 4.736050787e-16 1e-20
8275.06875 4.573895859e-16 1e-20
8276.5745 4.400686356e-16 1e-20
8278.08025 4.481851435e-16 1e-20
8279.586 4.580108316e-16 1e-20
8281.09175 4.717095778e-16 1e-20
8282.5975 4.856688926e-16 1e-20
8284.10325 4.77189881e-16 1e-20
8285.609 4.672015097e-16 1e-20
8287.11475 4.659777588e-16 1e-20
8288.6205 4.653441782e-16 1e-20
8290.12625 4.434318064e-16 1e-20
8291.632 4.200849314e-16 1e-20
8293.13775 4.199352713e-16 1e-20
8294.6435 4.213494722e-16 1e-20
8296.14925 4.646650695e-16 1e-20
8297.655 5.108086187e-16 1e-20
8299.16075 5.172879972e-16 1e-20
8300.6665 5.21090381e-16 1e-20
8302.17225 5.409607681e-16 1e-20
8303.678 5.619168926e-16 1e-20
8305.18375 5.62759214e-16 1e-20
8306.6895 5.622425239e-16 1e-20
8308.19525 5.826791525e-16 1e-20
8309.701 6.045331319e-16 1e-20
8311.20675 6.188713351e-16 1e-20
8312.7125 6.327005773e-16 1e-20
8314.21825 6.176113206e-16 1e-20
8315.724 6.005637767e-16 1e-20
8317.22975 5.895014735e-16 1e-20
8318.7355 5.78844899e-16 1e-20
8320.24125 5.727738433e-16 1e-20
8321.747 5.670136487e-16 1e-20
8323.25275 5.642322572e-16 1e-20
8324.7585 5.616530948e-16 1e-20
8326.26425 5.686635101e-16 1e-20
8327.77 5.763247113e-16 1e-20
8329.27575 5.782375235e-16 1e-20
8330.7815 5.797597476e-16 1e-20
8332.28725 5.87675694e-16 1e-20
8333.793 5.960265918e-16 1e-20
8335.29875 5.881912723e-16 1e-20
8336.8045 5.792549689e-16 1e-20
8338.31025 5.878740056e-16 1e-20
8339.816 5.976884704e-16 1e-20
8341.32175 5.92952868e-16 1e-20
8342.8275 5.872264489e-16 1e-20
8344.33325 5.844349989e-16 1e-20
8345.839 5.818436074e-16 1e-20
8347.34475 5.87962097e-16 1e-20
8348.8505 5.946744096e-16 1e-20
8350.35625 6.122300674e-16 1e-20
8351.862 6.305258202e-16 1e-20
8353.36775 6.487348051e-16 1e-20
8354.8735 6.669379137e-16 1e-20
8356.37925 6.609461086e-16 1e-20
8357.885 6.533012127e-16 1e-20
8359.39075 6.670336814e-16 1e-20
8360.8965 6.822283937e-16 1e-20
8362.40225 6.595590392e-16 1e-20
8363.908 6.342997755e-16 1e-20
8365.41375 6.25030641e-16 1e-20
8366.9195 6.168565084e-16 1e-20
8368.42525 6.214187337e-16 1e-20
8369.931 6.268530854e-16 1e-20
8371.43675 6.274186387e-16 1e-20
8372.9425 6.276503551e-16 1e-20
8374.44825 6.138812522e-16 1e-20
8375.954 5.991512963e-16 1e-20
8377.45975 5.961598936e-16 1e-20
8378.9655 5.939741251e-16 1e-20
8380.47125 6.134779057e-16 1e-20
8381.977 6.344718291e-16 1e-20
8383.48275 6.54020926e-16 1e-20
8384.9885 6.734708142e-16 1e-20
8386.49425 6.895393998e-16 1e-20
8388.0 7.053754748e-16 1e-20
8389.50575 7.155651753e-16 1e-20
8391.0115 7.253665111e-16 1e-20
8392.51725 7.249652293e-16 1e-20
8394.023 7.238614395e-16 1e-20
8395.52875 7.652166055e-16 1e-20
8397.0345 8.094953058e-16 1e-20
8398.54025 7.890273899e-16 1e-20
8400.046 7.640964044e-16 1e-20
8401.55175 7.791792554e-16 1e-20
8403.0575 7.970233809e-16 1e-20
8404.56325 7.908527988e-16 1e-20
8406.069 7.830249438e-16 1e-20
8407.57475 7.633097226e-16 1e-20
8409.0805 7.427733029e-16 1e-20
8410.58625 7.735391277e-16 1e-20
8412.092 8.078490443e-16 1e-20
8413.59775 8.006901865e-16 1e-20
8415.1035 7.90663434e-16 1e-20
8416.60925 7.515623815e-16 1e-20
8418.115 7.104505786e-16 1e-20
8419.62075 7.311123591e-16 1e-20
8421.1265 7.560510208e-16 1e-20
8422.63225 7.51931529e-16 1e-20
8424.138 7.457980576e-16 1e-20
8425.64375 7.316277257e-16 1e-20
8427.1495 7.169003639e-16 1e-20
8428.65525 7.133521429e-16 1e-20
8430.161 7.105796452e-16 1e-20
8431.66675 7.289736009e-16 1e-20
8433.1725 7.488362059e-16 1e-20
8434.67825 7.739981667e-16 1e-20
8436.184 7.995282161e-16 1e-20
8437.68975 8.014723685e-16 1e-20
8439.1955 8.017782003e-16 1e-20
8440.70125 7.987968561e-16 1e-20
8442.207 7.955869189e-16 1e-20
8443.71275 8.171209846e-16 1e-20
8445.2185 8.403775976e-16 1e-20
8446.72425 8.429263727e-16 1e-20
8448.23 8.440335506e-16 1e-20
8449.73575 8.298959884e-16 1e-20
8451.2415 8.146960351e-16 1e-20
8452.74725 8.332683442e-16 1e-20
8454.253 8.541942932e-16 1e-20
8455.75875 8.472122535e-16 1e-20
8457.2645 8.382831498e-16 1e-20
8458.77025 8.215882893e-16 1e-20
8460.276 8.043516453e-16 1e-20
8461.78175 8.073699942e-16 1e-20
8463.2875 8.118031e-16 1e-20
8464.79325 7.833720685e-16 1e-20
8466.299 7.526431955e-16 1e-20
8467.80475 7.420629599e-16 1e-20
8469.3105 7.32891446e-16 1e-20
8470.81625 7.52088283e-16 1e-20
8472.322 7.732706712e-16 1e-20
8473.82775 7.800115182e-16 1e-20
8475.3335 7.857414844e-16 1e-20
8476.83925 7.83687853e-16 1e-20
8478.345 7.810888383e-16 1e-20
8479.85075 7.918734735e-16 1e-20
8481.3565 8.035958801e-16 1e-20
8482.86225 8.100143252e-16 1e-20
8484.368 8.160606581e-16 1e-20
8485.87375 8.060556108e-16 1e-20
8487.3795 7.949234274e-16 1e-20
8488.88525 7.969529713e-16 1e-20
8490.391 7.999068399e-16 1e-20
8491.89675 8.332803615e-16 1e-20
8493.4025 8.687923237e-16 1e-20
8494.90825 8.748105457e-16 1e-20
8496.414 8.787553899e-16 1e-20
8497.91975 8.851478417e-16 1e-20
8499.4255 8.917125588e-16 1e-20
8500.93125 8.800529915e-16 1e-20
8502.437 8.671109104e-16 1e-20
8503.94275 8.481188435e-16 1e-20
8505.4485 8.287005602e-16 1e-20
8506.95425 8.162511876e-16 1e-20
8508.46 8.042933059e-16 1e-20
8509.96575 7.942136138e-16 1e-20
8511.4715 7.842663236e-16 1e-20
8512.97725 7.717961457e-16 1e-20
8514.483 7.591478791e-16 1e-20
8515.98875 7.566698313e-16 1e-20
8517.4945 7.549099086e-16 1e-20
8519.00025 7.847949251e-16 1e-20
8520.506 8.169165849e-16 1e-20
8522.01175 8.133576172e-16 1e-20
8523.5175 8.072767147e-16 1e-20
8525.02325 7.933357171e-16 1e-20
8526.529 7.788385364e-16 1e-20
8528.03475 7.760866323e-16 1e-20
8529.5405 7.741667262e-16 1e-20
8531.04625 8.244881066e-16 1e-20
8532.552 8.785098033e-16 1e-20
8534.05775 8.893195848e-16 1e-20
8535.5635 8.970652776e-16 1e-20
8537.06925 8.815621395e-16 1e-20
8538.575 8.644104634e-16 1e-20
8540.08075 8.756338618e-16 1e-20
8541.5865 8.888715044e-16 1e-20
8543.09225 8.897894764e-16 1e-20
8544.598 8.898328868e-16 1e-20
8546.10375 8.754336443e-16 1e-20
8547.6095 8.600080626e-16 1e-20
8549.11525 8.504047207e-16 1e-20
8550.621 8.412155779e-16 1e-20
8552.12675 8.400477842e-16 1e-20
8553.6325 8.39450573e-16 1e-20
8555.13825 8.30039137e-16 1e-20
8556.644 8.199999966e-16 1e-20
8558.14975 7.9664841e-16 1e-20
8559.6555 7.723488347e-16 1e-20
8561.16125 7.703236318e-16 1e-20
8562.667 7.698862981e-16 1e-20
8564.17275 7.527077818e-16 1e-20
8565.6785 7.34335796e-16 1e-20
8567.18425 7.249425182e-16 1e-20
8568.69 7.161899679e-16 1e-20
8570.19575 7.332764754e-16 1e-20
8571.7015 7.522069735e-16 1e-20
8573.20725 7.46662137e-16 1e-20
8574.713 7.393687599e-16 1e-20
8576.21875 7.271442215e-16 1e-20
8577.7245 7.145670528e-16 1e-20
8579.23025 7.481865317e-16 1e-20
8580.736 7.851098625e-16 1e-20
8582.24175 8.207875255e-16 1e-20
8583.7475 8.563760383e-16 1e-20
8585.25325 8.60413315e-16 1e-20
8586.759 8.621917665e-16 1e-20
8588.26475 8.428301815e-16 1e-20
8589.7705 8.219535193e-16 1e-20
8591.27625 8.418389412e-16 1e-20
8592.782 8.646457268e-16 1e-20
8594.28775 8.764274787e-16 1e-20
8595.7935 8.874181547e-16 1e-20
8597.29925 8.798608209e-16 1e-20
8598.805 8.70971263e-16 1e-20
8600.31075 8.631457903e-16 1e-20
8601.8165 8.553967623e-16 1e-20
8603.32225 8.356663474e-16 1e-20
8604.828 8.150745e-16 1e-20
8606.33375 7.911947354e-16 1e-20
8607.8395 7.670785957e-16 1e-20
8609.34525 7.44567954e-16 1e-20
8610.851 7.221728264e-16 1e-20
8612.35675 7.217553979e-16 1e-20
8613.8625 7.229197506e-16 1e-20
8615.36825 7.402976903e-16 1e-20
8616.874 7.588437943e-16 1e-20
8618.37975 7.755293375e-16 1e-20
8619.8855 7.920806789e-16 1e-20
8621.39125 8.060597931e-16 1e-20
8622.897 8.19853354e-16 1e-20
8624.40275 8.202385423e-16 1e-20
8625.9085 8.196555189e-16 1e-20
8627.41425 8.074712676e-16 1e-20
8628.92 7.944494066e-16 1e-20
8630.42575 8.157565733e-16 1e-20
8631.9315 8.395450701e-16 1e-20
8633.43725 8.658515841e-16 1e-20
8634.943 8.923401043e-16 1e-20
8636.44875 8.591037491e-16 1e-20
8637.9545 8.215458847e-16 1e-20
8639.46025 8.069846472e-16 1e-20
8640.966 7.940891529e-16 1e-20
8642.47175 7.707312135e-16 1e-20
8643.9775 7.466154444e-16 1e-20
8645.48325 7.313187175e-16 1e-20
8646.989 7.166615006e-16 1e-20
8648.49475 7.003726864e-16 1e-20
8650.0005 6.839656053e-16 1e-20
8651.50625 6.861067458e-16 1e-20
8653.012 6.895942451e-16 1e-20
8654.51775 6.939543472e-16 1e-20
8656.0235 6.98377818e-16 1e-20
8657.52925 7.038568506e-16 1e-20
8659.035 7.094125397e-16 1e-20
8660.54075 7.248375391e-16 1e-20
8662.0465 7.409803989e-16 1e-20
8663.55225 7.476082199e-16 1e-20
8665.058 7.535439092e-16 1e-20
8666.56375 7.681932381e-16 1e-20
8668.0695 7.834771006e-16 1e-20
8669.57525 8.132149451e-16 1e-20
8671.081 8.440052809e-16 1e-20
8672.58675 8.207383447e-16 1e-20
8674.0925 7.93531117e-16 1e-20
8675.59825 7.918208516e-16 1e-20
8677.104 7.919690824e-16 1e-20
8678.60975 7.90130862e-16 1e-20
8680.1155 7.881476403e-16 1e-20
8681.62125 7.755402431e-16 1e-20
8683.127 7.621568578e-16 1e-20
8684.63275 7.520476784e-16 1e-20
8686.1385 7.421777329e-16 1e-20
8687.64425 7.245828998e-16 1e-20
8689.15 7.064232545e-16 1e-20
8690.65575 6.909175224e-16 1e-20
8692.1615 6.756058666e-16 1e-20
8693.66725 6.777318134e-16 1e-20
8695.173 6.811340801e-16 1e-20
8696.67875 6.769943124e-16 1e-20
8698.1845 6.723024381e-16 1e-20
8699.69025 6.796722071e-16 1e-20
8701.196 6.879256961e-16 1e-20
8702.70175 6.976053769e-16 1e-20
8704.2075 7.073896662e-16 1e-20
8705.71325 7.108284611e-16 1e-20
8707.219 7.138018644e-16 1e-20
8708.72475 7.259467816e-16 1e-20
8710.2305 7.38765143e-16 1e-20
8711.73625 7.204281502e-16 1e-20
8713.242 6.998035332e-16 1e-20
8714.74775 7.063442158e-16 1e-20
8716.2535 7.148817256e-16 1e-20
8717.75925 7.480508476e-16 1e-20
8719.265 7.830305025e-16 1e-20
8720.77075 7.641202802e-16 1e-20
8722.2765 7.412448849e-16 1e-20
8723.78225 7.271861497e-16 1e-20
8725.288 7.137762417e-16 1e-20
8726.79375 6.945769694e-16 1e-20
8728.2995 6.749513219e-16 1e-20
8729.80525 6.825120968e-16 1e-20
8731.311 6.920774281e-16 1e-20
8732.81675 6.718145471e-16 1e-20
8734.3225 6.493523451e-16 1e-20
8735.82825 6.417228546e-16 1e-20
8737.334 6.351881013e-16 1e-20
8738.83975 6.211437127e-16 1e-20
8740.3455 6.06544994e-16 1e-20
8741.85125 5.984917753e-16 1e-20
8743.357 5.909221066e-16 1e-20
8744.86275 6.039473557e-16 1e-20
8746.3685 6.184942466e-16 1e-20
8747.87425 6.342746292e-16 1e-20
8749.38 6.501461738e-16 1e-20
8750.88575 6.735108365e-16 1e-20
8752.3915 6.974303057e-16 1e-20
8753.89725 6.869314912e-16 1e-20
8755.403 6.73884378e-16 1e-20
8756.90875 6.705408743e-16 1e-20
8758.4145 6.679165544e-16 1e-20
8759.92025 6.646766534e-16 1e-20
8761.426 6.613911185e-16 1e-20
8762.93175 6.875940298e-16 1e-20
8764.4375 7.159847213e-16 1e-20
8765.94325 7.186102587e-16 1e-20
8767.449 7.193242545e-16 1e-20
8768.95475 6.972057891e-16 1e-20
8770.4605 6.733916166e-16 1e-20
8771.96625 6.636809662e-16 1e-20
8773.472 6.550188896e-16 1e-20
8774.97775 6.382490666e-16 1e-20
8776.4835 6.208764738e-16 1e-20
8777.98925 5.922875766e-16 1e-20
8779.495 5.628638755e-16 1e-20
8781.00075 5.516634529e-16 1e-20
8782.5065 5.41819236e-16 1e-20
8784.01225 5.300594012e-16 1e-20
8785.518 5.181568942e-16 1e-20
8787.02375 5.305620623e-16 1e-20
8788.5295 5.447781868e-16 1e-20
8790.03525 5.350402196e-16 1e-20
8791.541 5.235158599e-16 1e-20
8793.04675 5.381873176e-16 1e-20
8794.5525 5.548143626e-16 1e-20
8796.05825 5.641883703e-16 1e-20
8797.564 5.730209123e-16 1e-20
8799.06975 5.745791882e-16 1e-20
8800.5755 5.755938278e-16 1e-20
8802.08125 5.896951793e-16 1e-20
8803.587 6.047744304e-16 1e-20
8805.09275 5.987840546e-16 1e-20
8806.5985 5.912175622e-16 1e-20
8808.10425 5.869047352e-16 1e-20
8809.61 5.828353242e-16 1e-20
8811.11575 5.841165674e-16 1e-20
8812.6215 5.857985101e-16 1e-20
8814.12725 5.805277417e-16 1e-20
8815.633 5.747358363e-16 1e-20
8817.13875 5.461870673e-16 1e-20
8818.6445 5.159324269e-16 1e-20
8820.15025 5.191650222e-16 1e-20
8821.656 5.249103938e-16 1e-20
8823.16175 5.398458081e-16 1e-20
8824.6675 5.554707602e-16 1e-20
8826.17325 5.47347026e-16 1e-20
8827.679 5.374394404e-16 1e-20
8829.18475 5.308879582e-16 1e-20
8830.6905 5.245886271e-16 1e-20
8832.19625 5.229570299e-16 1e-20
8833.702 5.21676422e-16 1e-20
8835.20775 5.23908142e-16 1e-20
8836.7135 5.264042422e-16 1e-20
8838.21925 5.505436224e-16 1e-20
8839.725 5.763120058e-16 1e-20
8841.23075 5.393364766e-16 1e-20
8842.7365 4.976335506e-16 1e-20
8844.24225 4.574563956e-16 1e-20
8845.748 4.173941989e-16 1e-20
8847.25375 4.315523546e-16 1e-20
8848.7595 4.49799853e-16 1e-20
8850.26525 4.670135742e-16 1e-20
8851.771 4.841493155e-16 1e-20
8853.27675 4.867333483e-16 1e-20
8854.7825 4.882187794e-16 1e-20
8856.28825 5.051294216e-16 1e-20
8857.794 5.232058988e-16 1e-20
8859.29975 5.39587463e-16 1e-20
8860.8055 5.558409136e-16 1e-20
8862.31125 5.733073682e-16 1e-20
8863.817 5.908655671e-16 1e-20
8865.32275 5.933607144e-16 1e-20
8866.8285 5.947162848e-16 1e-20
8868.33425 5.922522659e-16 1e-20
8869.84 5.894990383e-16 1e-20
8871.34575 5.894945384e-16 1e-20
8872.8515 5.896981969e-16 1e-20
8874.35725 5.931015223e-16 1e-20
8875.863 5.967474168e-16 1e-20
8877.36875 6.044499109e-16 1e-20
8878.8745 6.12459878e-16 1e-20
8880.38025 6.044576931e-16 1e-20
8881.886 5.952404393e-16 1e-20
8883.39175 5.550069567e-16 1e-20
8884.8975 5.124174519e-16 1e-20
8886.40325 4.837613744e-16 1e-20
8887.909 4.561636116e-16 1e-20
8889.41475 4.784233727e-16 1e-20
8890.9205 5.044740298e-16 1e-20
8892.42625 5.025465005e-16 1e-20
8893.932 4.98491595e-16 1e-20
8895.43775 4.84442283e-16 1e-20
8896.9435 4.696323354e-16 1e-20
8898.44925 4.641922663e-16 1e-20
8899.955 4.59465346e-16 1e-20
8901.46075 4.75808582e-16 1e-20
8902.9665 4.937571043e-16 1e-20
8904.47225 4.801908129e-16 1e-20
8905.978 4.642210125e-16 1e-20
8907.48375 4.331535116e-16 1e-20
8908.9895 4.009345753e-16 1e-20
8910.49525 4.246829174e-16 1e-20
8912.001 4.527039584e-16 1e-20
8913.50675 4.691201981e-16 1e-20
8915.0125 4.846504943e-16 1e-20
8916.51825 4.922427682e-16 1e-20
8918.024 4.992284077e-16 1e-20
8919.52975 5.142960651e-16 1e-20
8921.0355 5.299813683e-16 1e-20
8922.54125 5.307034638e-16 1e-20
8924.047 5.302809003e-16 1e-20
8925.55275 5.410688707e-16 1e-20
8927.0585 5.527152561e-16 1e-20
8928.56425 5.487202781e-16 1e-20
8930.07 5.435275427e-16 1e-20
8931.57575 5.408059729e-16 1e-20
8933.0815 5.382738208e-16 1e-20
8934.58725 5.656424082e-16 1e-20
8936.093 5.953028551e-16 1e-20
8937.59875 5.949962821e-16 1e-20
8939.1045 5.923903852e-16 1e-20
8940.61025 5.831595261e-16 1e-20
8942.116 5.734202883e-16 1e-20
8943.62175 5.683959006e-16 1e-20
8945.1275 5.637336195e-16 1e-20
8946.63325 5.830621173e-16 1e-20
8948.139 6.042350822e-16 1e-20
8949.64475 5.929103046e-16 1e-20
8951.1505 5.790870446e-16 1e-20
8952.65625 5.643912347e-16 1e-20
8954.162 5.496282975e-16 1e-20
8955.66775 5.391231831e-16 1e-20
8957.1735 5.289457117e-16 1e-20
8958.67925 4.977518176e-16 1e-20
8960.185 4.649388729e-16 1e-20
8961.69075 4.504901849e-16 1e-20
8963.1965 4.374562007e-16 1e-20
8964.70225 4.444082236e-16 1e-20
8966.208 4.529014759e-16 1e-20
8967.71375 4.342595513e-16 1e-20
8969.2195 4.135230995e-16 1e-20
8970.72525 4.217571068e-16 1e-20
8972.231 4.322273605e-16 1e-20
8973.73675 4.433276743e-16 1e-20
8975.2425 4.544766925e-16 1e-20
8976.74825 4.820670438e-16 1e-20
8978.254 5.109278386e-16 1e-20
8979.75975 5.102588414e-16 1e-20
8981.2655 5.073059257e-16 1e-20
8982.77125 4.899845784e-16 1e-20
8984.277 4.715519238e-16 1e-20
8985.78275 4.874295035e-16 1e-20
8987.2885 5.059634843e-16 1e-20
8988.79425 5.007230503e-16 1e-20
8990.3 4.936401079e-16 1e-20
8991.80575 5.031371472e-16 1e-20
8993.3115 5.139191884e-16 1e-20
8994.81725 5.141696984e-16 1e-20
8996.323 5.136031921e-16 1e-20
8997.82875 5.307332688e-16 1e-20
8999.3345 5.492361742e-16 1e-20
9000.84025 5.365588967e-16 1e-20
9002.346 5.214604286e-16 1e-20
9003.85175 5.036173619e-16 1e-20
9005.3575 4.855612135e-16 1e-20
9006.86325 5.075599826e-16 1e-20
9008.369 5.326721802e-16 1e-20
9009.87475 5.454838711e-16 1e-20
9011.3805 5.573384149e-16 1e-20
9012.88625 5.241763868e-16 1e-20
9014.392 4.875117186e-16 1e-20
9015.89775 4.582833645e-16 1e-20
9017.4035 4.296341956e-16 1e-20
9018.90925 4.041706911e-16 1e-20
9020.415 3.789553144e-16 1e-20
9021.92075 3.831204665e-16 1e-20
9023.4265 3.895761546e-16 1e-20
9024.93225 3.746151705e-16 1e-20
9026.438 3.579844991e-16 1e-20
9027.94375 3.600611327e-16 1e-20
9029.4495 3.635976806e-16 1e-20
9030.95525 3.662148006e-16 1e-20
9032.461 3.687601346e-16 1e-20
9033.96675 3.474340685e-16 1e-20
9035.4725 3.242432858e-16 1e-20
9036.97825 3.465671567e-16 1e-20
9038.484 3.724499425e-16 1e-20
9039.98975 4.053828482e-16 1e-20
9041.4955 4.388670135e-16 1e-20
9043.00125 4.482530121e-16 1e-20
9044.507 4.557528535e-16 1e-20
9046.01275 4.57690812e-16 1e-20
9047.5185 4.591935014e-16 1e-20
9049.02425 4.78312782e-16 1e-20
9050.53 4.988122499e-16 1e-20
9052.03575 5.117447489e-16 1e-20
9053.5415 5.240844837e-16 1e-20
9055.04725 5.484782914e-16 1e-20
9056.553 5.738174409e-16 1e-20
9058.05875 5.907347005e-16 1e-20
9059.5645 6.069909039e-16 1e-20
9061.07025 5.752661848e-16 1e-20
9062.576 5.397748691e-16 1e-20
9064.08175 5.352643127e-16 1e-20
9065.5875 5.331881821e-16 1e-20
9067.09325 5.169257318e-16 1e-20
9068.599 4.995485333e-16 1e-20
9070.10475 4.923477473e-16 1e-20
9071.6105 4.859473546e-16 1e-20
9073.11625 4.725990683e-16 1e-20
9074.622 4.58704234e-16 1e-20
9076.12775 4.385006453e-16 1e-20
9077.6335 4.178003247e-16 1e-20
9079.13925 4.138242727e-16 1e-20
9080.645 4.111662568e-16 1e-20
9082.15075 4.115409365e-16 1e-20
9083.6565 4.121546384e-16 1e-20
9085.16225 4.085363518e-16 1e-20
9086.668 4.045842285e-16 1e-20
9088.17375 4.277947047e-16 1e-20
9089.6795 4.531480155e-16 1e-20
9091.18525 4.572913301e-16 1e-20
9092.691 4.597597429e-16 1e-20
9094.19675 4.683427807e-16 1e-20
9095.7025 4.774086273e-16 1e-20
9097.20825 4.593920777e-16 1e-20
9098.714 4.392348376e-16 1e-20
9100.21975 4.463980099e-16 1e-20
9101.7255 4.557228368e-16 1e-20
9103.23125 4.727389346e-16 1e-20
9104.737 4.903635727e-16 1e-20
9106.24275 4.858730804e-16 1e-20
9107.7485 4.796311358e-16 1e-20
9109.25425 5.020943437e-16 1e-20
9110.76 5.268308821e-16 1e-20
9112.26575 5.371158738e-16 1e-20
9113.7715 5.462552535e-16 1e-20
9115.27725 5.384240103e-16 1e-20
9116.783 5.292473613e-16 1e-20
9118.28875 5.122996614e-16 1e-20
9119.7945 4.947352685e-16 1e-20
9121.30025 4.792055547e-16 1e-20
9122.806 4.638374124e-16 1e-20
9124.31175 4.651007091e-16 1e-20
9125.8175 4.676850067e-16 1e-20
9127.32325 4.663327186e-16 1e-20
9128.829 4.646674518e-16 1e-20
9130.33475 4.42171792e-16 1e-20
9131.8405 4.180199974e-16 1e-20
9133.34625 4.052348292e-16 1e-20
9134.852 3.933542657e-16 1e-20
9136.35775 3.992388947e-16 1e-20
9137.8635 4.065373276e-16 1e-20
9139.36925 3.902922945e-16 1e-20
9140.875 3.721717186e-16 1e-20
9142.38075 3.829033084e-16 1e-20
9143.8865 3.959355456e-16 1e-20
9145.39225 4.083015914e-16 1e-20
9146.898 4.206145387e-16 1e-20
9148.40375 4.206082654e-16 1e-20
9149.9095 4.196186927e-16 1e-20
9151.41525 4.177256005e-16 1e-20
9152.921 4.157604047e-16 1e-20
9154.42675 4.229208242e-16 1e-20
9155.9325 4.308103273e-16 1e-20
9157.43825 4.632995465e-16 1e-20
9158.944 4.977541469e-16 1e-20
9160.44975 5.154410419e-16 1e-20
9161.9555 5.317870837e-16 1e-20
9163.46125 4.994767472e-16 1e-20
9164.967 4.632714886e-16 1e-20
9166.47275 4.541882778e-16 1e-20
9167.9785 4.472761184e-16 1e-20
9169.48425 4.573827037e-16 1e-20
9170.99 4.688529592e-16 1e-20
9172.49575 4.662017461e-16 1e-20
9174.0015 4.624190558e-16 1e-20
9175.50725 4.52683312e-16 1e-20
9177.013 4.424700799e-16 1e-20
9178.51875 4.367872564e-16 1e-20
9180.0245 4.314677572e-16 1e-20
9181.53025 4.337387849e-16 1e-20
9183.036 4.366191469e-16 1e-20
9184.54175 4.460635378e-16 1e-20
9186.0475 4.56035392e-16 1e-20
9187.55325 4.411873014e-16 1e-20
9189.059 4.243446866e-16 1e-20
9190.56475 4.185921417e-16 1e-20
9192.0705 4.137316549e-16 1e-20
9193.57625 4.072229479e-16 1e-20
9195.082 4.005816802e-16 1e-20
9196.58775 3.955634335e-16 1e-20
9198.0935 3.906758681e-16 1e-20
9199.59925 3.969456589e-16 1e-20
9201.105 4.041137546e-16 1e-20
9202.61075 3.991789936e-16 1e-20
9204.1165 3.932688477e-16 1e-20
9205.62225 3.915035251e-16 1e-20
9207.128 3.900722512e-16 1e-20
9208.63375 3.877978089e-16 1e-20
9210.1395 3.854553658e-16 1e-20
9211.64525 3.941819757e-16 1e-20
9213.151 4.038023906e-16 1e-20
9214.65675 4.037318751e-16 1e-20
9216.1625 4.028788864e-16 1e-20
9217.66825 4.191637831e-16 1e-20
9219.174 4.368338168e-16 1e-20
9220.67975 4.404111016e-16 1e-20
9222.1855 4.428493654e-16 1e-20
9223.69125 4.155741633e-16 1e-20
9225.197 3.858951082e-16 1e-20
9226.70275 4.063580478e-16 1e-20
9228.2085 4.308775605e-16 1e-20
9229.71425 4.291239641e-16 1e-20
9231.22 4.252427532e-16 1e-20
9232.72575 4.365113884e-16 1e-20
9234.2315 4.490080361e-16 1e-20
9235.73725 4.527561039e-16 1e-20
9237.243 4.557950993e-16 1e-20
9238.74875 4.572622133e-16 1e-20
9240.2545 4.586017959e-16 1e-20
9241.76025 4.538907045e-16 1e-20
9243.266 4.486887046e-16 1e-20
9244.77175 4.328311361e-16 1e-20
9246.2775 4.161081911e-16 1e-20
9247.78325 4.239775242e-16 1e-20
9249.289 4.338440287e-16 1e-20
9250.79475 4.55993358e-16 1e-20
9252.3005 4.791411273e-16 1e-20
9253.80625 4.680994175e-16 1e-20
9255.312 4.542757869e-16 1e-20
9256.81775 4.571606223e-16 1e-20
9258.3235 4.614049985e-16 1e-20
9259.82925 4.64597201e-16 1e-20
9261.335 4.677036943e-16 1e-20
9262.84075 4.543801308e-16 1e-20
9264.3465 4.397183875e-16 1e-20
9265.85225 4.293702124e-16 1e-20
9267.358 4.193736884e-16 1e-20
9268.86375 4.128982539e-16 1e-20
9270.3695 4.067098841e-16 1e-20
9271.87525 3.909442452e-16 1e-20
9273.381 3.743971124e-16 1e-20
