3720.0 0.7667739987 1e-20
3720.75 0.7826409936 1e-20
3721.5 0.7985079885 1e-20
3722.25 0.7554590106 1e-20
3723.0 0.7124099731 1e-20
3723.75 0.6705960035 1e-20
3724.5 0.6287819743 1e-20
3725.25 0.617034018 1e-20
3726.0 0.6052860022 1e-20
3726.75 0.6449995041 1e-20
3727.5 0.684713006 1e-20
3728.25 0.6783810258 1e-20
3729.0 0.672048986 1e-20
3729.75 0.675909996 1e-20
3730.5 0.6797710061 1e-20
3731.25 0.743046999 1e-20
3732.0 0.8063229918 1e-20
3732.75 0.7518255115 1e-20
3733.5 0.6973279715 1e-20
3734.25 0.6855764985 1e-20
3735.0 0.6738250256 1e-20
3735.75 0.7065864801 1e-20
3736.5 0.7393479943 1e-20
3737.25 0.7378230095 1e-20
3738.0 0.7362980247 1e-20
3738.75 0.766900003 1e-20
3739.5 0.7975019813 1e-20
3740.25 0.7860329747 1e-20
3741.0 0.7745640278 1e-20
3741.75 0.7391175032 1e-20
3742.5 0.7036709785 1e-20
3743.25 0.7579209805 1e-20
3744.0 0.8121709824 1e-20
3744.75 0.8867604733 1e-20
3745.5 0.9613500237 1e-20
3746.25 0.9881200194 1e-20
3747.0 1.014889956 1e-20
3747.75 0.9054154754 1e-20
3748.5 0.7959409952 1e-20
3749.25 0.7279505134 1e-20
3750.0 0.6599599719 1e-20
3750.75 0.6695529819 1e-20
3751.5 0.6791459918 1e-20
3752.25 0.7605170012 1e-20
3753.0 0.8418880105 1e-20
3753.75 0.8697394729 1e-20
3754.5 0.8975909948 1e-20
3755.25 0.8864470124 1e-20
3756.0 0.8753029704 1e-20
3756.75 0.8566650152 1e-20
3757.5 0.8380270004 1e-20
3758.25 0.8922324777 1e-20
3759.0 0.9464380145 1e-20
3759.75 0.9341059923 1e-20
3760.5 0.9217740297 1e-20
3761.25 0.8652005196 1e-20
3762.0 0.8086270094 1e-20
3762.75 0.9244784713 1e-20
3763.5 1.040330052 1e-20
3764.25 0.9903064966 1e-20
3765.0 0.9402830005 1e-20
3765.75 0.9332805276 1e-20
3766.5 0.9262779951 1e-20
3767.25 0.8609790206 1e-20
3768.0 0.7956799865 1e-20
3768.75 0.8549154997 1e-20
3769.5 0.9141510129 1e-20
3770.25 0.9632154703 1e-20
3771.0 1.012279987 1e-20
3771.75 0.9469649792 1e-20
3772.5 0.881649971 1e-20
3773.25 0.8979409933 1e-20
3774.0 0.9142320156 1e-20
3774.75 0.9378564954 1e-20
3775.5 0.9614809752 1e-20
3776.25 0.9416725039 1e-20
3777.0 0.9218639731 1e-20
3777.75 0.949533999 1e-20
3778.5 0.9772040248 1e-20
3779.25 1.012686968 1e-20
3780.0 1.048169971 1e-20
3780.75 0.990906477 1e-20
3781.5 0.9336429834 1e-20
3782.25 0.9300284982 1e-20
3783.0 0.9264140129 1e-20
3783.75 0.9596045017 1e-20
3784.5 0.9927949905 1e-20
3785.25 1.001902461 1e-20
3786.0 1.011010051 1e-20
3786.75 1.016515017 1e-20
3787.5 1.022019982 1e-20
3788.25 1.021999955 1e-20
3789.0 1.021980047 1e-20
3789.75 0.9637274742 1e-20
3790.5 0.9054750204 1e-20
3791.25 0.8693494797 1e-20
3792.0 0.8332239985 1e-20
3792.75 0.9188770056 1e-20
3793.5 1.004529953 1e-20
3794.25 1.029175043 1e-20
3795.0 1.053820014 1e-20
3795.75 0.9984924793 1e-20
3796.5 0.9431650043 1e-20
3797.25 0.9990875125 1e-20
3798.0 1.055009961 1e-20
3798.75 1.078024983 1e-20
3799.5 1.101040006 1e-20
3800.25 1.077474952 1e-20
3801.0 1.053910017 1e-20
3801.75 1.020059466 1e-20
3802.5 0.9862089753 1e-20
3803.25 0.9226685166 1e-20
3804.0 0.8591279984 1e-20
3804.75 0.9069409966 1e-20
3805.5 0.9547539949 1e-20
3806.25 0.9997419715 1e-20
3807.0 1.044729948 1e-20
3807.75 1.029379964 1e-20
3808.5 1.01402998 1e-20
3809.25 0.9982299805 1e-20
3810.0 0.9824299812 1e-20
3810.75 0.9431884885 1e-20
3811.5 0.9039469957 1e-20
3812.25 0.8960809708 1e-20
3813.0 0.8882150054 1e-20
3813.75 0.9223704934 1e-20
3814.5 0.9565259814 1e-20
3815.25 0.9442834854 1e-20
3816.0 0.9320409894 1e-20
3816.75 1.025925517 1e-20
3817.5 1.119809985 1e-20
3818.25 1.106564999 1e-20
3819.0 1.093320012 1e-20
3819.75 1.065829992 1e-20
3820.5 1.038339972 1e-20
3821.25 1.028244972 1e-20
3822.0 1.018149972 1e-20
3822.75 0.9896594882 1e-20
3823.5 0.9611690044 1e-20
3824.25 0.9812194705 1e-20
3825.0 1.001270056 1e-20
3825.75 1.015035033 1e-20
3826.5 1.028800011 1e-20
3827.25 1.024384975 1e-20
3828.0 1.019970059 1e-20
3828.75 1.025560021 1e-20
3829.5 1.031149983 1e-20
3830.25 1.017344952 1e-20
3831.0 1.003540039 1e-20
3831.75 0.9698209763 1e-20
3832.5 0.9361019731 1e-20
3833.25 0.9429669976 1e-20
3834.0 0.9498320222 1e-20
3834.75 0.9534929991 1e-20
3835.5 0.957153976 1e-20
3836.25 1.003051996 1e-20
3837.0 1.048949957 1e-20
3837.75 1.072530031 1e-20
3838.5 1.096109986 1e-20
3839.25 1.135560036 1e-20
3840.0 1.175009966 1e-20
3840.75 1.096935034 1e-20
3841.5 1.018859982 1e-20
3842.25 1.00385797 1e-20
3843.0 0.9888560176 1e-20
3843.75 1.050508022 1e-20
3844.5 1.112159967 1e-20
3845.25 1.103320003 1e-20
3846.0 1.094480038 1e-20
3846.75 1.073534966 1e-20
3847.5 1.052590013 1e-20
3848.25 1.10708499 1e-20
3849.0 1.161579967 1e-20
3849.75 1.163509965 1e-20
3850.5 1.165439963 1e-20
3851.25 1.112764955 1e-20
3852.0 1.060089946 1e-20
3852.75 1.017728448 1e-20
3853.5 0.9753670096 1e-20
3854.25 1.021933556 1e-20
3855.0 1.068500042 1e-20
3855.75 1.166739941 1e-20
3856.5 1.264979959 1e-20
3857.25 1.250445008 1e-20
3858.0 1.235910058 1e-20
3858.75 1.21263504 1e-20
3859.5 1.189360023 1e-20
3860.25 1.215039968 1e-20
3861.0 1.240720034 1e-20
3861.75 1.21312499 1e-20
3862.5 1.185529947 1e-20
3863.25 1.206990004 1e-20
3864.0 1.228449941 1e-20
3864.75 1.281870008 1e-20
3865.5 1.335289955 1e-20
3866.25 1.304465055 1e-20
3867.0 1.273640037 1e-20
3867.75 1.26493001 1e-20
3868.5 1.256219983 1e-20
3869.25 1.267765045 1e-20
3870.0 1.279309988 1e-20
3870.75 1.260329962 1e-20
3871.5 1.241350055 1e-20
3872.25 1.228099942 1e-20
3873.0 1.214849949 1e-20
3873.75 1.206900001 1e-20
3874.5 1.198950052 1e-20
3875.25 1.176015019 1e-20
3876.0 1.153079987 1e-20
3876.75 1.172659993 1e-20
3877.5 1.19224 1e-20
3878.25 1.199090004 1e-20
3879.0 1.205940008 1e-20
3879.75 1.118800044 1e-20
3880.5 1.031659961 1e-20
3881.25 1.068245053 1e-20
3882.0 1.104830027 1e-20
3882.75 1.159955025 1e-20
3883.5 1.215080023 1e-20
3884.25 1.255879998 1e-20
3885.0 1.296679974 1e-20
3885.75 1.283625007 1e-20
3886.5 1.27057004 1e-20
3887.25 1.249369979 1e-20
3888.0 1.228170037 1e-20
3888.75 1.250970006 1e-20
3889.5 1.273769975 1e-20
3890.25 1.266764998 1e-20
3891.0 1.259760022 1e-20
3891.75 1.245224953 1e-20
3892.5 1.230690002 1e-20
3893.25 1.25109005 1e-20
3894.0 1.271489978 1e-20
3894.75 1.272935033 1e-20
3895.5 1.274379969 1e-20
3896.25 1.266939998 1e-20
3897.0 1.259500027 1e-20
3897.75 1.297950029 1e-20
3898.5 1.336400032 1e-20
3899.25 1.320265055 1e-20
3900.0 1.304129958 1e-20
3900.75 1.264189959 1e-20
3901.5 1.224249959 1e-20
3902.25 1.256615043 1e-20
3903.0 1.288980007 1e-20
3903.75 1.289129972 1e-20
3904.5 1.289280057 1e-20
3905.25 1.251199961 1e-20
3906.0 1.213119984 1e-20
3906.75 1.208799958 1e-20
3907.5 1.204480052 1e-20
3908.25 1.226565003 1e-20
3909.0 1.248649955 1e-20
3909.75 1.261715055 1e-20
3910.5 1.274780035 1e-20
3911.25 1.275020003 1e-20
3912.0 1.275259972 1e-20
3912.75 1.215545058 1e-20
3913.5 1.155830026 1e-20
3914.25 1.199745059 1e-20
3915.0 1.243659973 1e-20
3915.75 1.288329959 1e-20
3916.5 1.332999945 1e-20
3917.25 1.315744996 1e-20
3918.0 1.298490047 1e-20
3918.75 1.277850032 1e-20
3919.5 1.257210016 1e-20
3920.25 1.275760055 1e-20
3921.0 1.294309974 1e-20
3921.75 1.325055003 1e-20
3922.5 1.355800033 1e-20
3923.25 1.352764964 1e-20
3924.0 1.349730015 1e-20
3924.75 1.301044941 1e-20
3925.5 1.252359986 1e-20
3926.25 1.246760011 1e-20
3927.0 1.241160035 1e-20
3927.75 1.284980059 1e-20
3928.5 1.328799963 1e-20
3929.25 1.299950004 1e-20
3930.0 1.271100044 1e-20
3930.75 1.272925019 1e-20
3931.5 1.274749994 1e-20
3932.25 1.310274959 1e-20
3933.0 1.345800042 1e-20
3933.75 1.303269982 1e-20
3934.5 1.260740042 1e-20
3935.25 1.285230041 1e-20
3936.0 1.309720039 1e-20
3936.75 1.31883502 1e-20
3937.5 1.327950001 1e-20
3938.25 1.305685043 1e-20
3939.0 1.283419967 1e-20
3939.75 1.277719975 1e-20
3940.5 1.272019982 1e-20
3941.25 1.277315021 1e-20
3942.0 1.282610059 1e-20
3942.75 1.310534954 1e-20
3943.5 1.338459969 1e-20
3944.25 1.333055019 1e-20
3945.0 1.327649951 1e-20
3945.75 1.341935039 1e-20
3946.5 1.356220007 1e-20
3947.25 1.37422502 1e-20
3948.0 1.392230034 1e-20
3948.75 1.396559954 1e-20
3949.5 1.400889993 1e-20
3950.25 1.424754977 1e-20
3951.0 1.448619962 1e-20
3951.75 1.42956996 1e-20
3952.5 1.410519958 1e-20
3953.25 1.406520009 1e-20
3954.0 1.402519941 1e-20
3954.75 1.365885019 1e-20
3955.5 1.329249978 1e-20
3956.25 1.268125057 1e-20
3957.0 1.207000017 1e-20
3957.75 1.256715059 1e-20
3958.5 1.306429982 1e-20
3959.25 1.349750042 1e-20
3960.0 1.393069983 1e-20
3960.75 1.359655023 1e-20
3961.5 1.326239944 1e-20
3962.25 1.290989995 1e-20
3963.0 1.255740047 1e-20
3963.75 1.27434504 1e-20
3964.5 1.292950034 1e-20
3965.25 1.327890038 1e-20
3966.0 1.362830043 1e-20
3966.75 1.394009948 1e-20
3967.5 1.425189972 1e-20
3968.25 1.403380036 1e-20
3969.0 1.381569982 1e-20
3969.75 1.361184955 1e-20
3970.5 1.340800047 1e-20
3971.25 1.363875031 1e-20
3972.0 1.386950016 1e-20
3972.75 1.408084989 1e-20
3973.5 1.429219961 1e-20
3974.25 1.43669498 1e-20
3975.0 1.444169998 1e-20
3975.75 1.416810036 1e-20
3976.5 1.389449954 1e-20
3977.25 1.368819952 1e-20
3978.0 1.34818995 1e-20
3978.75 1.391909957 1e-20
3979.5 1.435629964 1e-20
3980.25 1.409450054 1e-20
3981.0 1.383270025 1e-20
3981.75 1.368715048 1e-20
3982.5 1.354159951 1e-20
3983.25 1.40497005 1e-20
3984.0 1.455780029 1e-20
3984.75 1.443035007 1e-20
3985.5 1.430289984 1e-20
3986.25 1.409559965 1e-20
3987.0 1.388829947 1e-20
3987.75 1.392184973 1e-20
3988.5 1.395539999 1e-20
3989.25 1.391479969 1e-20
3990.0 1.387420058 1e-20
3990.75 1.348620057 1e-20
3991.5 1.309820056 1e-20
3992.25 1.288704991 1e-20
3993.0 1.267590046 1e-20
3993.75 1.24843502 1e-20
3994.5 1.229279995 1e-20
3995.25 1.225914955 1e-20
3996.0 1.222550035 1e-20
3996.75 1.259449959 1e-20
3997.5 1.296350002 1e-20
3998.25 1.366955042 1e-20
3999.0 1.437559962 1e-20
3999.75 1.466930032 1e-20
4000.5 1.496299982 1e-20
4001.25 1.464645028 1e-20
4002.0 1.432989955 1e-20
4002.75 1.396945 1e-20
4003.5 1.360900044 1e-20
4004.25 1.368170023 1e-20
4005.0 1.375440001 1e-20
4005.75 1.403399944 1e-20
4006.5 1.431360006 1e-20
4007.25 1.409360051 1e-20
4008.0 1.387359977 1e-20
4008.75 1.35373497 1e-20
4009.5 1.320109963 1e-20
4010.25 1.311050057 1e-20
4011.0 1.301990032 1e-20
4011.75 1.28374505 1e-20
4012.5 1.265499949 1e-20
4013.25 1.304329991 1e-20
4014.0 1.343160033 1e-20
4014.75 1.354514956 1e-20
4015.5 1.365869999 1e-20
4016.25 1.339264989 1e-20
4017.0 1.312659979 1e-20
4017.75 1.336889982 1e-20
4018.5 1.361119986 1e-20
4019.25 1.390329957 1e-20
4020.0 1.419540048 1e-20
4020.75 1.456230044 1e-20
4021.5 1.492920041 1e-20
4022.25 1.47497499 1e-20
4023.0 1.457030058 1e-20
4023.75 1.402915001 1e-20
4024.5 1.348799944 1e-20
4025.25 1.311164975 1e-20
4026.0 1.273530006 1e-20
4026.75 1.253909945 1e-20
4027.5 1.234290004 1e-20
4028.25 1.252854943 1e-20
4029.0 1.271420002 1e-20
4029.75 1.303609967 1e-20
4030.5 1.335800052 1e-20
4031.25 1.336169958 1e-20
4032.0 1.336539984 1e-20
4032.75 1.345849991 1e-20
4033.5 1.355159998 1e-20
4034.25 1.415364981 1e-20
4035.0 1.475569963 1e-20
4035.75 1.437584996 1e-20
4036.5 1.399600029 1e-20
4037.25 1.352995038 1e-20
4038.0 1.306390047 1e-20
4038.75 1.353270054 1e-20
4039.5 1.400149941 1e-20
4040.25 1.45618999 1e-20
4041.0 1.512230039 1e-20
4041.75 1.481925011 1e-20
4042.5 1.451619983 1e-20
4043.25 1.473464966 1e-20
4044.0 1.495309949 1e-20
4044.75 1.489074945 1e-20
4045.5 1.482839942 1e-20
4046.25 1.501235008 1e-20
4047.0 1.519629955 1e-20
4047.75 1.463590026 1e-20
4048.5 1.407549977 1e-20
4049.25 1.397884965 1e-20
4050.0 1.388219953 1e-20
4050.75 1.432989955 1e-20
4051.5 1.477759957 1e-20
4052.25 1.444895029 1e-20
4053.0 1.412029982 1e-20
4053.75 1.449684978 1e-20
4054.5 1.487339973 1e-20
4055.25 1.476155043 1e-20
4056.0 1.464969993 1e-20
4056.75 1.473680019 1e-20
4057.5 1.482390046 1e-20
4058.25 1.495100021 1e-20
4059.0 1.507809997 1e-20
4059.75 1.483155012 1e-20
4060.5 1.458500028 1e-20
4061.25 1.468325019 1e-20
4062.0 1.47815001 1e-20
4062.75 1.495725036 1e-20
4063.5 1.513299942 1e-20
4064.25 1.505105019 1e-20
4065.0 1.496909976 1e-20
4065.75 1.507174969 1e-20
4066.5 1.517439961 1e-20
4067.25 1.468924999 1e-20
4068.0 1.420410037 1e-20
4068.75 1.385594964 1e-20
4069.5 1.35078001 1e-20
4070.25 1.398120046 1e-20
4071.0 1.445459962 1e-20
4071.75 1.484629989 1e-20
4072.5 1.523800015 1e-20
4073.25 1.502400041 1e-20
4074.0 1.480999947 1e-20
4074.75 1.443274975 1e-20
4075.5 1.405550003 1e-20
4076.25 1.430819988 1e-20
4077.0 1.456089973 1e-20
4077.75 1.49119997 1e-20
4078.5 1.526309967 1e-20
4079.25 1.520545006 1e-20
4080.0 1.514780045 1e-20
4080.75 1.550274968 1e-20
4081.5 1.585770011 1e-20
4082.25 1.574480057 1e-20
4083.0 1.563189983 1e-20
4083.75 1.538295031 1e-20
4084.5 1.513399959 1e-20
4085.25 1.504104972 1e-20
4086.0 1.494809985 1e-20
4086.75 1.505329967 1e-20
4087.5 1.515849948 1e-20
4088.25 1.503509998 1e-20
4089.0 1.491170049 1e-20
4089.75 1.472084999 1e-20
4090.5 1.452999949 1e-20
4091.25 1.48072505 1e-20
4092.0 1.508450031 1e-20
4092.75 1.54360497 1e-20
4093.5 1.578760028 1e-20
4094.25 1.567615032 1e-20
4095.0 1.556470037 1e-20
4095.75 1.516754985 1e-20
4096.5 1.477040052 1e-20
4097.25 1.434645057 1e-20
4098.0 1.392249942 1e-20
4098.75 1.424289942 1e-20
4099.5 1.456329942 1e-20
4100.25 1.489519954 1e-20
4101.0 1.522709966 1e-20
4101.75 1.494009972 1e-20
4102.5 1.465309978 1e-20
4103.25 1.458999991 1e-20
4104.0 1.452690005 1e-20
4104.75 1.430040002 1e-20
4105.5 1.407389998 1e-20
4106.25 1.392954946 1e-20
4107.0 1.378520012 1e-20
4107.75 1.41782999 1e-20
4108.5 1.457139969 1e-20
4109.25 1.490625024 1e-20
4110.0 1.52410996 1e-20
4110.75 1.488409996 1e-20
4111.5 1.452710032 1e-20
4112.25 1.444674969 1e-20
4113.0 1.436640024 1e-20
4113.75 1.469740033 1e-20
4114.5 1.502840042 1e-20
4115.25 1.482650042 1e-20
4116.0 1.462460041 1e-20
4116.75 1.461534977 1e-20
4117.5 1.460610032 1e-20
4118.25 1.387864947 1e-20
4119.0 1.315119982 1e-20
4119.75 1.355944991 1e-20
4120.5 1.39677 1e-20
4121.25 1.382944942 1e-20
4122.0 1.369120002 1e-20
4122.75 1.377594948 1e-20
4123.5 1.386070013 1e-20
4124.25 1.404335022 1e-20
4125.0 1.422600031 1e-20
4125.75 1.428439975 1e-20
4126.5 1.434280038 1e-20
4127.25 1.464225054 1e-20
4128.0 1.49416995 1e-20
4128.75 1.461019993 1e-20
4129.5 1.427870035 1e-20
4130.25 1.360030055 1e-20
4131.0 1.292189956 1e-20
4131.75 1.360324979 1e-20
4132.5 1.428460002 1e-20
4133.25 1.469704986 1e-20
4134.0 1.510949969 1e-20
4134.75 1.503419995 1e-20
4135.5 1.495890021 1e-20
4136.25 1.496299982 1e-20
4137.0 1.496709943 1e-20
4137.75 1.493090034 1e-20
4138.5 1.489470005 1e-20
4139.25 1.460185051 1e-20
4140.0 1.430899978 1e-20
4140.75 1.437885046 1e-20
4141.5 1.444869995 1e-20
4142.25 1.416309953 1e-20
4143.0 1.38775003 1e-20
4143.75 1.325150013 1e-20
4144.5 1.262549996 1e-20
4145.25 1.30962503 1e-20
4146.0 1.356699944 1e-20
4146.75 1.398409963 1e-20
4147.5 1.440119982 1e-20
4148.25 1.42533505 1e-20
4149.0 1.410549998 1e-20
4149.75 1.427410007 1e-20
4150.5 1.444270015 1e-20
4151.25 1.434314966 1e-20
4152.0 1.424360037 1e-20
4152.75 1.38844502 1e-20
4153.5 1.352530003 1e-20
4154.25 1.368314981 1e-20
4155.0 1.38409996 1e-20
4155.75 1.405689955 1e-20
4156.5 1.427279949 1e-20
4157.25 1.415915012 1e-20
4158.0 1.404549956 1e-20
4158.75 1.411954999 1e-20
4159.5 1.419360042 1e-20
4160.25 1.43137002 1e-20
4161.0 1.443379998 1e-20
4161.75 1.41565001 1e-20
4162.5 1.387920022 1e-20
4163.25 1.365210056 1e-20
4164.0 1.342499971 1e-20
4164.75 1.351135015 1e-20
4165.5 1.35977006 1e-20
4166.25 1.371855021 1e-20
4167.0 1.383939981 1e-20
4167.75 1.399834991 1e-20
4168.5 1.41573 1e-20
4169.25 1.396209955 1e-20
4170.0 1.37669003 1e-20
4170.75 1.316300035 1e-20
4171.5 1.255910039 1e-20
4172.25 1.306620002 1e-20
4173.0 1.357329965 1e-20
4173.75 1.391564965 1e-20
4174.5 1.425799966 1e-20
4175.25 1.357344985 1e-20
4176.0 1.288890004 1e-20
4176.75 1.346475005 1e-20
4177.5 1.404060006 1e-20
4178.25 1.366969943 1e-20
4179.0 1.329879999 1e-20
4179.75 1.330014944 1e-20
4180.5 1.330150008 1e-20
4181.25 1.361690044 1e-20
4182.0 1.393229961 1e-20
4182.75 1.340989947 1e-20
4183.5 1.288750052 1e-20
4184.25 1.302539945 1e-20
4185.0 1.316329956 1e-20
4185.75 1.323475003 1e-20
4186.5 1.33062005 1e-20
4187.25 1.297705054 1e-20
4188.0 1.264790058 1e-20
4188.75 1.273169994 1e-20
4189.5 1.28155005 1e-20
4190.25 1.275295019 1e-20
4191.0 1.269039989 1e-20
4191.75 1.262899995 1e-20
4192.5 1.256760001 1e-20
4193.25 1.282610059 1e-20
4194.0 1.308459997 1e-20
4194.75 1.262859941 1e-20
4195.5 1.217260003 1e-20
4196.25 1.214414954 1e-20
4197.0 1.211570024 1e-20
4197.75 1.234755039 1e-20
4198.5 1.257940054 1e-20
4199.25 1.237380028 1e-20
4200.0 1.216820002 1e-20
4200.75 1.176699996 1e-20
4201.5 1.13657999 1e-20
4202.25 1.128484964 1e-20
4203.0 1.120390058 1e-20
4203.75 1.162994981 1e-20
4204.5 1.205600023 1e-20
4205.25 1.235105038 1e-20
4206.0 1.264610052 1e-20
4206.75 1.262254953 1e-20
4207.5 1.259899974 1e-20
4208.25 1.271550059 1e-20
4209.0 1.283200026 1e-20
4209.75 1.275784969 1e-20
4210.5 1.268370032 1e-20
4211.25 1.230370045 1e-20
4212.0 1.192370057 1e-20
4212.75 1.171954989 1e-20
4213.5 1.151540041 1e-20
4214.25 1.155060053 1e-20
4215.0 1.158579946 1e-20
4215.75 1.164219975 1e-20
4216.5 1.169860005 1e-20
4217.25 1.14921999 1e-20
4218.0 1.128579974 1e-20
4218.75 1.115185022 1e-20
4219.5 1.101789951 1e-20
4220.25 1.090459943 1e-20
4221.0 1.079130054 1e-20
4221.75 1.064309955 1e-20
4222.5 1.049489975 1e-20
4223.25 1.083840013 1e-20
4224.0 1.11819005 1e-20
4224.75 1.144534945 1e-20
4225.5 1.17087996 1e-20
4226.25 1.141330004 1e-20
4227.0 1.111780047 1e-20
4227.75 1.08220005 1e-20
4228.5 1.052620053 1e-20
4229.25 1.053215027 1e-20
4230.0 1.05381 1e-20
4230.75 1.040680051 1e-20
4231.5 1.027549982 1e-20
4232.25 1.045585036 1e-20
4233.0 1.063619971 1e-20
4233.75 1.053050041 1e-20
4234.5 1.042479992 1e-20
4235.25 1.038370013 1e-20
4236.0 1.034260035 1e-20
4236.75 1.03303504 1e-20
4237.5 1.031810045 1e-20
4238.25 1.016384959 1e-20
4239.0 1.000959992 1e-20
4239.75 1.011829972 1e-20
4240.5 1.022699952 1e-20
4241.25 1.010331511 1e-20
4242.0 0.9979630113 1e-20
4242.75 0.9736739993 1e-20
4243.5 0.9493849874 1e-20
4244.25 0.9584580064 1e-20
4245.0 0.9675310254 1e-20
4245.75 0.9813979864 1e-20
4246.5 0.995265007 1e-20
4247.25 0.988686502 1e-20
4248.0 0.9821079969 1e-20
4248.75 0.9609965086 1e-20
4249.5 0.9398850203 1e-20
4250.25 0.9805474877 1e-20
4251.0 1.021209955 1e-20
4251.75 1.002701044 1e-20
4252.5 0.9841920137 1e-20
4253.25 0.9536085129 1e-20
4254.0 0.923025012 1e-20
4254.75 0.9023445249 1e-20
4255.5 0.8816639781 1e-20
4256.25 0.876151979 1e-20
4257.0 0.8706399798 1e-20
4257.75 0.8868424892 1e-20
4258.5 0.9030449986 1e-20
4259.25 0.9344159961 1e-20
4260.0 0.9657869935 1e-20
4260.75 0.9632049799 1e-20
4261.5 0.9606230259 1e-20
4262.25 0.9444299936 1e-20
4263.0 0.928237021 1e-20
4263.75 0.8869615197 1e-20
4264.5 0.8456860185 1e-20
4265.25 0.8315370083 1e-20
4266.0 0.8173879981 1e-20
4266.75 0.8092849851 1e-20
4267.5 0.801181972 1e-20
4268.25 0.836248517 1e-20
4269.0 0.8713150024 1e-20
4269.75 0.8518894911 1e-20
4270.5 0.8324639797 1e-20
4271.25 0.8456575274 1e-20
4272.0 0.8588510156 1e-20
4272.75 0.8839250207 1e-20
4273.5 0.9089990258 1e-20
4274.25 0.879957974 1e-20
4275.0 0.8509169817 1e-20
4275.75 0.8431065083 1e-20
4276.5 0.8352959752 1e-20
4277.25 0.8229690194 1e-20
4278.0 0.810642004 1e-20
4278.75 0.8123999834 1e-20
4279.5 0.8141580224 1e-20
4280.25 0.7948455215 1e-20
4281.0 0.7755330205 1e-20
4281.75 0.7979769707 1e-20
4282.5 0.8204209805 1e-20
4283.25 0.8398029804 1e-20
4284.0 0.8591849804 1e-20
4284.75 0.8428754807 1e-20
4285.5 0.8265659809 1e-20
4286.25 0.8208130002 1e-20
4287.0 0.8150600195 1e-20
4287.75 0.8243724704 1e-20
4288.5 0.8336849809 1e-20
4289.25 0.8414754868 1e-20
4290.0 0.8492659926 1e-20
4290.75 0.8383405209 1e-20
4291.5 0.8274149895 1e-20
4292.25 0.7991095185 1e-20
4293.0 0.770803988 1e-20
4293.75 0.778763473 1e-20
4294.5 0.7867230177 1e-20
4295.25 0.8157265186 1e-20
4296.0 0.8447300196 1e-20
4296.75 0.836386025 1e-20
4297.5 0.8280419707 1e-20
4298.25 0.8346725106 1e-20
4299.0 0.8413029909 1e-20
4299.75 0.8542494774 1e-20
4300.5 0.8671960235 1e-20
4301.25 0.8474979997 1e-20
4302.0 0.8277999759 1e-20
4302.75 0.8137875199 1e-20
4303.5 0.7997750044 1e-20
4304.25 0.8122500181 1e-20
4305.0 0.8247249722 1e-20
4305.75 0.8326064944 1e-20
4306.5 0.8404880166 1e-20
4307.25 0.8323234916 1e-20
4308.0 0.8241590261 1e-20
4308.75 0.8022509813 1e-20
4309.5 0.7803429961 1e-20
4310.25 0.8004534841 1e-20
4311.0 0.820563972 1e-20
4311.75 0.8503124714 1e-20
4312.5 0.8800609708 1e-20
4313.25 0.8672419786 1e-20
4314.0 0.8544229865 1e-20
4314.75 0.8496630192 1e-20
4315.5 0.8449029922 1e-20
4316.25 0.8306030035 1e-20
4317.0 0.8163030148 1e-20
4317.75 0.8375415206 1e-20
4318.5 0.8587800264 1e-20
4319.25 0.8738304973 1e-20
4320.0 0.8888810277 1e-20
4320.75 0.8758994937 1e-20
4321.5 0.8629180193 1e-20
4322.25 0.8805239797 1e-20
4323.0 0.8981299996 1e-20
4323.75 0.8926150203 1e-20
4324.5 0.8870999813 1e-20
4325.25 0.896009028 1e-20
4326.0 0.904918015 1e-20
4326.75 0.917203486 1e-20
4327.5 0.9294890165 1e-20
4328.25 0.9140654802 1e-20
4329.0 0.8986420035 1e-20
4329.75 0.8707655072 1e-20
4330.5 0.8428890109 1e-20
4331.25 0.8805134892 1e-20
4332.0 0.9181380272 1e-20
4332.75 0.8886705041 1e-20
4333.5 0.859202981 1e-20
4334.25 0.8867139816 1e-20
4335.0 0.9142249823 1e-20
4335.75 0.9037420154 1e-20
4336.5 0.8932589889 1e-20
4337.25 0.9147005081 1e-20
4338.0 0.9361420274 1e-20
4338.75 0.9223225117 1e-20
4339.5 0.908502996 1e-20
4340.25 0.8836050034 1e-20
4341.0 0.8587070107 1e-20
4341.75 0.8892164826 1e-20
4342.5 0.9197260141 1e-20
4343.25 0.902872026 1e-20
4344.0 0.8860179782 1e-20
4344.75 0.8815709949 1e-20
4345.5 0.8771240115 1e-20
4346.25 0.8912150264 1e-20
4347.0 0.9053059816 1e-20
4347.75 0.8774549961 1e-20
4348.5 0.8496040106 1e-20
4349.25 0.8645675182 1e-20
4350.0 0.8795310259 1e-20
4350.75 0.9037755132 1e-20
4351.5 0.9280200005 1e-20
4352.25 0.9390695095 1e-20
4353.0 0.9501190186 1e-20
4353.75 0.9362905025 1e-20
4354.5 0.9224619865 1e-20
4355.25 0.9018459916 1e-20
4356.0 0.8812299967 1e-20
4356.75 0.9004790187 1e-20
4357.5 0.9197279811 1e-20
4358.25 0.956708014 1e-20
4359.0 0.9936879873 1e-20
4359.75 1.016679049 1e-20
4360.5 1.039669991 1e-20
4361.25 1.017619491 1e-20
4362.0 0.9955689907 1e-20
4362.75 0.987875998 1e-20
4363.5 0.9801830053 1e-20
4364.25 1.012031555 1e-20
4365.0 1.043879986 1e-20
4365.75 1.031049967 1e-20
4366.5 1.018219948 1e-20
4367.25 1.013139963 1e-20
4368.0 1.008059978 1e-20
4368.75 1.030019999 1e-20
4369.5 1.051980019 1e-20
4370.25 1.038444996 1e-20
4371.0 1.024909973 1e-20
4371.75 1.021190047 1e-20
4372.5 1.017470002 1e-20
4373.25 1.003718495 1e-20
4374.0 0.9899669886 1e-20
4374.75 0.9760119915 1e-20
4375.5 0.9620569944 1e-20
4376.25 0.9857035279 1e-20
4377.0 1.009349942 1e-20
4377.75 1.046555042 1e-20
4378.5 1.083760023 1e-20
4379.25 1.074005008 1e-20
4380.0 1.064249992 1e-20
4380.75 1.054299951 1e-20
4381.5 1.044350028 1e-20
4382.25 1.075099945 1e-20
4383.0 1.105849981 1e-20
4383.75 1.097185016 1e-20
4384.5 1.08852005 1e-20
4385.25 1.073529959 1e-20
4386.0 1.058539987 1e-20
4386.75 1.073580027 1e-20
4387.5 1.088619947 1e-20
4388.25 1.107655048 1e-20
4389.0 1.12669003 1e-20
4389.75 1.107460022 1e-20
4390.5 1.088230014 1e-20
4391.25 1.079789996 1e-20
4392.0 1.071349978 1e-20
4392.75 1.095280051 1e-20
4393.5 1.119210005 1e-20
4394.25 1.113630056 1e-20
4395.0 1.108049989 1e-20
4395.75 1.099249959 1e-20
4396.5 1.090450048 1e-20
4397.25 1.107740045 1e-20
4398.0 1.125030041 1e-20
4398.75 1.137364984 1e-20
4399.5 1.149700046 1e-20
4400.25 1.126479983 1e-20
4401.0 1.10326004 1e-20
4401.75 1.106660008 1e-20
4402.5 1.110059977 1e-20
4403.25 1.119385004 1e-20
4404.0 1.128710032 1e-20
4404.75 1.097190022 1e-20
4405.5 1.065670013 1e-20
4406.25 1.034595013 1e-20
4407.0 1.003520012 1e-20
4407.75 1.007570028 1e-20
4408.5 1.011620045 1e-20
4409.25 1.02243495 1e-20
4410.0 1.033249974 1e-20
4410.75 1.021554947 1e-20
4411.5 1.009860039 1e-20
4412.25 1.036849976 1e-20
4413.0 1.063840032 1e-20
4413.75 1.104480028 1e-20
4414.5 1.145120025 1e-20
4415.25 1.108219981 1e-20
4416.0 1.071320057 1e-20
4416.75 1.054069996 1e-20
4417.5 1.036820054 1e-20
4418.25 1.054165006 1e-20
4419.0 1.071509957 1e-20
4419.75 1.059470057 1e-20
4420.5 1.047430038 1e-20
4421.25 1.033295035 1e-20
4422.0 1.019160032 1e-20
4422.75 1.022369981 1e-20
4423.5 1.025580049 1e-20
4424.25 1.046565056 1e-20
4425.0 1.067549944 1e-20
4425.75 1.088619947 1e-20
4426.5 1.109689951 1e-20
4427.25 1.096300006 1e-20
4428.0 1.082909942 1e-20
4428.75 1.057289958 1e-20
4429.5 1.031669974 1e-20
4430.25 1.071640015 1e-20
4431.0 1.111610055 1e-20
4431.75 1.135545015 1e-20
4432.5 1.159479976 1e-20
4433.25 1.137580037 1e-20
4434.0 1.115679979 1e-20
4434.75 1.073779941 1e-20
4435.5 1.031880021 1e-20
4436.25 1.028825045 1e-20
4437.0 1.025769949 1e-20
4437.75 1.023910046 1e-20
4438.5 1.022050023 1e-20
4439.25 1.020084977 1e-20
4440.0 1.01812005 1e-20
4440.75 1.039299965 1e-20
4441.5 1.060479999 1e-20
4442.25 1.088075042 1e-20
4443.0 1.115669966 1e-20
4443.75 1.12817502 1e-20
4444.5 1.140679955 1e-20
4445.25 1.120074987 1e-20
4446.0 1.099470019 1e-20
4446.75 1.109945059 1e-20
4447.5 1.120419979 1e-20
4448.25 1.126284957 1e-20
4449.0 1.132150054 1e-20
4449.75 1.136705041 1e-20
4450.5 1.141260028 1e-20
4451.25 1.156939983 1e-20
4452.0 1.172620058 1e-20
4452.75 1.160514951 1e-20
4453.5 1.148409963 1e-20
4454.25 1.136950016 1e-20
4455.0 1.12548995 1e-20
4455.75 1.12738502 1e-20
4456.5 1.129279971 1e-20
4457.25 1.156075001 1e-20
4458.0 1.18287003 1e-20
4458.75 1.185045004 1e-20
4459.5 1.187219977 1e-20
4460.25 1.210734963 1e-20
4461.0 1.234249949 1e-20
4461.75 1.207679987 1e-20
4462.5 1.181110024 1e-20
4463.25 1.181429982 1e-20
4464.0 1.181750059 1e-20
4464.75 1.183014989 1e-20
4465.5 1.184280038 1e-20
4466.25 1.181215048 1e-20
4467.0 1.178150058 1e-20
4467.75 1.204635024 1e-20
4468.5 1.23111999 1e-20
4469.25 1.197939992 1e-20
4470.0 1.164759994 1e-20
4470.75 1.197725058 1e-20
4471.5 1.230690002 1e-20
4472.25 1.216950059 1e-20
4473.0 1.203209996 1e-20
4473.75 1.15309 1e-20
4474.5 1.102970004 1e-20
4475.25 1.126415014 1e-20
4476.0 1.149860024 1e-20
4476.75 1.174700022 1e-20
4477.5 1.199540019 1e-20
4478.25 1.229249954 1e-20
4479.0 1.258960009 1e-20
4479.75 1.225885034 1e-20
4480.5 1.192810059 1e-20
4481.25 1.197324991 1e-20
4482.0 1.201840043 1e-20
4482.75 1.174929976 1e-20
4483.5 1.148020029 1e-20
4484.25 1.144080043 1e-20
4485.0 1.140140057 1e-20
4485.75 1.139865041 1e-20
4486.5 1.139590025 1e-20
4487.25 1.18900001 1e-20
4488.0 1.238409996 1e-20
4488.75 1.246695042 1e-20
4489.5 1.254979968 1e-20
4490.25 1.247490048 1e-20
4491.0 1.24000001 1e-20
4491.75 1.202064991 1e-20
4492.5 1.164129972 1e-20
4493.25 1.155279994 1e-20
4494.0 1.146430016 1e-20
4494.75 1.159435034 1e-20
4495.5 1.172440052 1e-20
4496.25 1.197270036 1e-20
4497.0 1.222100019 1e-20
4497.75 1.233355045 1e-20
4498.5 1.244609952 1e-20
4499.25 1.243129969 1e-20
4500.0 1.241649985 1e-20
4500.75 1.203660011 1e-20
4501.5 1.165670037 1e-20
4502.25 1.178894997 1e-20
4503.0 1.192119956 1e-20
4503.75 1.191645026 1e-20
4504.5 1.191169977 1e-20
4505.25 1.161030054 1e-20
4506.0 1.130890012 1e-20
4506.75 1.120519996 1e-20
4507.5 1.11014998 1e-20
4508.25 1.118294954 1e-20
4509.0 1.126440048 1e-20
4509.75 1.157114983 1e-20
4510.5 1.187790036 1e-20
4511.25 1.18999505 1e-20
4512.0 1.192199945 1e-20
4512.75 1.182790041 1e-20
4513.5 1.173380017 1e-20
4514.25 1.156399965 1e-20
4515.0 1.139420033 1e-20
4515.75 1.128780007 1e-20
4516.5 1.118139982 1e-20
4517.25 1.139135003 1e-20
4518.0 1.160130024 1e-20
4518.75 1.181555033 1e-20
4519.5 1.202980042 1e-20
4520.25 1.177539945 1e-20
4521.0 1.152099967 1e-20
4521.75 1.146530032 1e-20
4522.5 1.140959978 1e-20
4523.25 1.181120038 1e-20
4524.0 1.221279979 1e-20
4524.75 1.201825023 1e-20
4525.5 1.182369947 1e-20
4526.25 1.195065022 1e-20
4527.0 1.207759976 1e-20
4527.75 1.227054954 1e-20
4528.5 1.24635005 1e-20
4529.25 1.221544981 1e-20
4530.0 1.196740031 1e-20
4530.75 1.188074946 1e-20
4531.5 1.179409981 1e-20
4532.25 1.214419961 1e-20
4533.0 1.249429941 1e-20
4533.75 1.210800052 1e-20
4534.5 1.172170043 1e-20
4535.25 1.166744947 1e-20
4536.0 1.161319971 1e-20
4536.75 1.161885023 1e-20
4537.5 1.162449956 1e-20
4538.25 1.167850018 1e-20
4539.0 1.17324996 1e-20
4539.75 1.164924979 1e-20
4540.5 1.156599998 1e-20
4541.25 1.145714998 1e-20
4542.0 1.134829998 1e-20
4542.75 1.15237999 1e-20
4543.5 1.169929981 1e-20
4544.25 1.173140049 1e-20
4545.0 1.176349998 1e-20
4545.75 1.197829962 1e-20
4546.5 1.219310045 1e-20
4547.25 1.187005043 1e-20
4548.0 1.154700041 1e-20
4548.75 1.132225037 1e-20
4549.5 1.109750032 1e-20
4550.25 1.154415011 1e-20
4551.0 1.19907999 1e-20
4551.75 1.217195034 1e-20
4552.5 1.235309958 1e-20
4553.25 1.242545009 1e-20
4554.0 1.249780059 1e-20
4554.75 1.226770043 1e-20
4555.5 1.203760028 1e-20
4556.25 1.208140016 1e-20
4557.0 1.212520003 1e-20
4557.75 1.241654992 1e-20
4558.5 1.270789981 1e-20
4559.25 1.223624945 1e-20
4560.0 1.176460028 1e-20
4560.75 1.162029982 1e-20
4561.5 1.147600055 1e-20
4562.25 1.141734958 1e-20
4563.0 1.13586998 1e-20
4563.75 1.146460056 1e-20
4564.5 1.157050014 1e-20
4565.25 1.184440017 1e-20
4566.0 1.21183002 1e-20
4566.75 1.200929999 1e-20
4567.5 1.190029979 1e-20
4568.25 1.170114994 1e-20
4569.0 1.150200009 1e-20
4569.75 1.160374999 1e-20
4570.5 1.170549989 1e-20
4571.25 1.184380054 1e-20
4572.0 1.198210001 1e-20
4572.75 1.195394993 1e-20
4573.5 1.192579985 1e-20
4574.25 1.193544984 1e-20
4575.0 1.194509983 1e-20
4575.75 1.183704972 1e-20
4576.5 1.172899961 1e-20
4577.25 1.17138505 1e-20
4578.0 1.169870019 1e-20
4578.75 1.177829981 1e-20
4579.5 1.185789943 1e-20
4580.25 1.203369975 1e-20
4581.0 1.220950007 1e-20
4581.75 1.218075037 1e-20
4582.5 1.215199947 1e-20
4583.25 1.194919944 1e-20
4584.0 1.174640059 1e-20
4584.75 1.17593503 1e-20
4585.5 1.17723 1e-20
4586.25 1.168514967 1e-20
4587.0 1.159800053 1e-20
4587.75 1.155035019 1e-20
4588.5 1.150269985 1e-20
4589.25 1.155210018 1e-20
4590.0 1.160150051 1e-20
4590.75 1.154600024 1e-20
4591.5 1.149049997 1e-20
4592.25 1.146015048 1e-20
4593.0 1.14297998 1e-20
4593.75 1.150225043 1e-20
4594.5 1.157469988 1e-20
4595.25 1.16328001 1e-20
4596.0 1.169090033 1e-20
4596.75 1.161435008 1e-20
4597.5 1.153779984 1e-20
4598.25 1.13754499 1e-20
4599.0 1.121309996 1e-20
4599.75 1.11313498 1e-20
4600.5 1.104959965 1e-20
4601.25 1.107740045 1e-20
4602.0 1.110520005 1e-20
4602.75 1.133384943 1e-20
4603.5 1.15625 1e-20
4604.25 1.154474974 1e-20
4605.0 1.152699947 1e-20
4605.75 1.158354998 1e-20
4606.5 1.164010048 1e-20
4607.25 1.148149967 1e-20
4608.0 1.132290006 1e-20
4608.75 1.14517498 1e-20
4609.5 1.158059955 1e-20
4610.25 1.173145056 1e-20
4611.0 1.188230038 1e-20
4611.75 1.165930033 1e-20
4612.5 1.143630028 1e-20
4613.25 1.115329981 1e-20
4614.0 1.087030053 1e-20
4614.75 1.117769957 1e-20
4615.5 1.148509979 1e-20
4616.25 1.177690029 1e-20
4617.0 1.20686996 1e-20
4617.75 1.193680048 1e-20
4618.5 1.180490017 1e-20
4619.25 1.192770004 1e-20
4620.0 1.205049992 1e-20
4620.75 1.145560026 1e-20
4621.5 1.086069942 1e-20
4622.25 1.073945045 1e-20
4623.0 1.06182003 1e-20
4623.75 1.069020033 1e-20
4624.5 1.076220036 1e-20
4625.25 1.09066999 1e-20
4626.0 1.105119944 1e-20
4626.75 1.106695056 1e-20
4627.5 1.108270049 1e-20
4628.25 1.084730029 1e-20
4629.0 1.061190009 1e-20
4629.75 1.084290028 1e-20
4630.5 1.107390046 1e-20
4631.25 1.119779944 1e-20
4632.0 1.132169962 1e-20
4632.75 1.132189989 1e-20
4633.5 1.132210016 1e-20
4634.25 1.134585023 1e-20
4635.0 1.13696003 1e-20
4635.75 1.135305047 1e-20
4636.5 1.133649945 1e-20
4637.25 1.124335051 1e-20
4638.0 1.115020037 1e-20
4638.75 1.099014997 1e-20
4639.5 1.083009958 1e-20
4640.25 1.070744991 1e-20
4641.0 1.058480024 1e-20
4641.75 1.073559999 1e-20
4642.5 1.088639975 1e-20
4643.25 1.109305024 1e-20
4644.0 1.129969954 1e-20
4644.75 1.130015016 1e-20
4645.5 1.130059958 1e-20
4646.25 1.122320056 1e-20
4647.0 1.114580035 1e-20
4647.75 1.106434941 1e-20
4648.5 1.098289967 1e-20
4649.25 1.102844954 1e-20
4650.0 1.10739994 1e-20
4650.75 1.110170007 1e-20
4651.5 1.112939954 1e-20
4652.25 1.099640012 1e-20
4653.0 1.086339951 1e-20
4653.75 1.088755012 1e-20
4654.5 1.091169953 1e-20
4655.25 1.084169984 1e-20
4656.0 1.077170014 1e-20
4656.75 1.061929941 1e-20
4657.5 1.046689987 1e-20
4658.25 1.055600047 1e-20
4659.0 1.064509988 1e-20
4659.75 1.04279995 1e-20
4660.5 1.021090031 1e-20
4661.25 0.997020483 1e-20
4662.0 0.972950995 1e-20
4662.75 0.9771234989 1e-20
4663.5 0.9812960029 1e-20
4664.25 0.9841690063 1e-20
4665.0 0.9870420098 1e-20
4665.75 0.9927859902 1e-20
4666.5 0.9985299706 1e-20
4667.25 1.000764966 1e-20
4668.0 1.003000021 1e-20
4668.75 1.010450006 1e-20
4669.5 1.01789999 1e-20
4670.25 1.019765019 1e-20
4671.0 1.021630049 1e-20
4671.75 1.022099972 1e-20
4672.5 1.022570014 1e-20
4673.25 0.9985424876 1e-20
4674.0 0.9745150208 1e-20
4674.75 0.9541710019 1e-20
4675.5 0.933826983 1e-20
4676.25 0.9560024738 1e-20
4677.0 0.9781780243 1e-20
4677.75 0.9611124992 1e-20
4678.5 0.9440469742 1e-20
4679.25 0.9440709949 1e-20
4680.0 0.9440950155 1e-20
4680.75 0.9637839794 1e-20
4681.5 0.9834730029 1e-20
4682.25 0.9849330187 1e-20
4683.0 0.9863929749 1e-20
4683.75 0.9667934775 1e-20
4684.5 0.9471939802 1e-20
4685.25 0.9406570196 1e-20
4686.0 0.9341199994 1e-20
4686.75 0.9460690022 1e-20
4687.5 0.9580180049 1e-20
4688.25 0.9582204819 1e-20
4689.0 0.9584230185 1e-20
4689.75 0.9484149814 1e-20
4690.5 0.9384070039 1e-20
4691.25 0.9238225222 1e-20
4692.0 0.9092379808 1e-20
4692.75 0.9240040183 1e-20
4693.5 0.9387699962 1e-20
4694.25 0.9344894886 1e-20
4695.0 0.930208981 1e-20
4695.75 0.9210454822 1e-20
4696.5 0.9118819833 1e-20
4697.25 0.9164705276 1e-20
4698.0 0.9210590124 1e-20
4698.75 0.9291015267 1e-20
4699.5 0.9371439815 1e-20
4700.25 0.9111335278 1e-20
4701.0 0.8851230145 1e-20
4701.75 0.9023224711 1e-20
4702.5 0.9195219874 1e-20
4703.25 0.9259300232 1e-20
4704.0 0.9323379993 1e-20
4704.75 0.9106829762 1e-20
4705.5 0.8890280128 1e-20
4706.25 0.8859440088 1e-20
4707.0 0.8828600049 1e-20
4707.75 0.9003534913 1e-20
4708.5 0.9178469777 1e-20
4709.25 0.9247385263 1e-20
4710.0 0.9316300154 1e-20
4710.75 0.9266520143 1e-20
4711.5 0.9216740131 1e-20
4712.25 0.9247174859 1e-20
4713.0 0.9277610183 1e-20
4713.75 0.9293814898 1e-20
4714.5 0.9310020208 1e-20
4715.25 0.9339525104 1e-20
4716.0 0.9369029999 1e-20
4716.75 0.9342259765 1e-20
4717.5 0.9315490127 1e-20
4718.25 0.931927979 1e-20
4719.0 0.9323070049 1e-20
4719.75 0.930837512 1e-20
4720.5 0.9293680191 1e-20
4721.25 0.9205775261 1e-20
4722.0 0.9117869735 1e-20
4722.75 0.9071940184 1e-20
4723.5 0.9026010036 1e-20
4724.25 0.906622529 1e-20
4725.0 0.9106439948 1e-20
4725.75 0.9082990289 1e-20
4726.5 0.9059540033 1e-20
4727.25 0.9031019807 1e-20
4728.0 0.9002500176 1e-20
4728.75 0.8939015269 1e-20
4729.5 0.8875529766 1e-20
4730.25 0.8937050104 1e-20
4731.0 0.8998569846 1e-20
4731.75 0.9028019905 1e-20
4732.5 0.9057469964 1e-20
4733.25 0.8952209949 1e-20
4734.0 0.8846949935 1e-20
4734.75 0.8796560168 1e-20
4735.5 0.8746169806 1e-20
4736.25 0.8755995035 1e-20
4737.0 0.8765820265 1e-20
4737.75 0.8913664818 1e-20
4738.5 0.9061509967 1e-20
4739.25 0.8957520127 1e-20
4740.0 0.8853530288 1e-20
4740.75 0.8668550253 1e-20
4741.5 0.8483570218 1e-20
4742.25 0.8542385101 1e-20
4743.0 0.8601199985 1e-20
4743.75 0.8613680005 1e-20
4744.5 0.8626160026 1e-20
4745.25 0.868249476 1e-20
4746.0 0.873883009 1e-20
4746.75 0.8656275272 1e-20
4747.5 0.8573719859 1e-20
4748.25 0.8601850271 1e-20
4749.0 0.8629980087 1e-20
4749.75 0.8673290014 1e-20
4750.5 0.8716599941 1e-20
4751.25 0.8719965219 1e-20
4752.0 0.8723329902 1e-20
4752.75 0.876101017 1e-20
4753.5 0.8798689842 1e-20
4754.25 0.8762484789 1e-20
4755.0 0.8726279736 1e-20
4755.75 0.86837852 1e-20
4756.5 0.8641290069 1e-20
4757.25 0.8604425192 1e-20
4758.0 0.8567559719 1e-20
4758.75 0.8628625274 1e-20
4759.5 0.8689690232 1e-20
4760.25 0.8853704929 1e-20
4761.0 0.9017720222 1e-20
4761.75 0.9004459977 1e-20
4762.5 0.8991199732 1e-20
4763.25 0.8855825067 1e-20
4764.0 0.8720449805 1e-20
4764.75 0.8541874886 1e-20
4765.5 0.8363299966 1e-20
4766.25 0.8665360212 1e-20
4767.0 0.8967419863 1e-20
4767.75 0.9097344875 1e-20
4768.5 0.9227269888 1e-20
4769.25 0.9120910168 1e-20
4770.0 0.9014549851 1e-20
4770.75 0.8829759955 1e-20
4771.5 0.8644970059 1e-20
4772.25 0.848526001 1e-20
4773.0 0.832554996 1e-20
4773.75 0.8425469995 1e-20
4774.5 0.8525390029 1e-20
4775.25 0.8424350023 1e-20
4776.0 0.8323310018 1e-20
4776.75 0.8455489874 1e-20
4777.5 0.858766973 1e-20
4778.25 0.8627834916 1e-20
4779.0 0.8668000102 1e-20
4779.75 0.8601744771 1e-20
4780.5 0.8535490036 1e-20
4781.25 0.8627279997 1e-20
4782.0 0.8719069958 1e-20
4782.75 0.8741005063 1e-20
4783.5 0.8762940168 1e-20
4784.25 0.8796344995 1e-20
4785.0 0.8829749823 1e-20
4785.75 0.8815674782 1e-20
4786.5 0.8801599741 1e-20
4787.25 0.8828269839 1e-20
4788.0 0.8854939938 1e-20
4788.75 0.8800569773 1e-20
4789.5 0.8746200204 1e-20
4790.25 0.8581420183 1e-20
4791.0 0.8416640162 1e-20
4791.75 0.8567849994 1e-20
4792.5 0.8719059825 1e-20
4793.25 0.8879939914 1e-20
4794.0 0.9040820003 1e-20
4794.75 0.8943210244 1e-20
4795.5 0.884559989 1e-20
4796.25 0.8860980272 1e-20
4797.0 0.8876360059 1e-20
4797.75 0.8846415281 1e-20
4798.5 0.8816469908 1e-20
4799.25 0.8821175098 1e-20
4800.0 0.8825880289 1e-20
4800.75 0.8777089715 1e-20
4801.5 0.8728299737 1e-20
4802.25 0.8836529851 1e-20
4803.0 0.8944759965 1e-20
4803.75 0.9134585261 1e-20
4804.5 0.9324409962 1e-20
4805.25 0.9208899736 1e-20
4806.0 0.9093390107 1e-20
4806.75 0.8857849836 1e-20
4807.5 0.8622310162 1e-20
4808.25 0.8483070135 1e-20
4809.0 0.8343830109 1e-20
4809.75 0.8322945237 1e-20
4810.5 0.830205977 1e-20
4811.25 0.8412179947 1e-20
4812.0 0.8522300124 1e-20
4812.75 0.8566280007 1e-20
4813.5 0.8610259891 1e-20
4814.25 0.8733459711 1e-20
4815.0 0.8856660128 1e-20
4815.75 0.8819075227 1e-20
4816.5 0.878148973 1e-20
4817.25 0.8542364836 1e-20
4818.0 0.8303239942 1e-20
4818.75 0.8149530292 1e-20
4819.5 0.7995820045 1e-20
4820.25 0.812618494 1e-20
4821.0 0.8256549835 1e-20
4821.75 0.8469414711 1e-20
4822.5 0.8682280183 1e-20
4823.25 0.8636590242 1e-20
4824.0 0.8590899706 1e-20
4824.75 0.8532950282 1e-20
4825.5 0.8475000262 1e-20
4826.25 0.8506274819 1e-20
4827.0 0.8537549973 1e-20
4827.75 0.8641834855 1e-20
4828.5 0.8746119738 1e-20
4829.25 0.8741804957 1e-20
4830.0 0.8737490177 1e-20
4830.75 0.8643044829 1e-20
4831.5 0.8548600078 1e-20
4832.25 0.8677610159 1e-20
4833.0 0.880662024 1e-20
4833.75 0.862195015 1e-20
4834.5 0.8437280059 1e-20
4835.25 0.8221755028 1e-20
4836.0 0.8006229997 1e-20
4836.75 0.8136180043 1e-20
4837.5 0.826613009 1e-20
4838.25 0.8326125145 1e-20
4839.0 0.83861202 1e-20
4839.75 0.84137851 1e-20
4840.5 0.844145 1e-20
4841.25 0.8361145258 1e-20
4842.0 0.828083992 1e-20
4842.75 0.8101584911 1e-20
4843.5 0.7922329903 1e-20
4844.25 0.801083982 1e-20
4845.0 0.8099349737 1e-20
4845.75 0.8244125247 1e-20
4846.5 0.8388900161 1e-20
4847.25 0.8071290255 1e-20
4848.0 0.7753679752 1e-20
4848.75 0.7635754943 1e-20
4849.5 0.7517830133 1e-20
4850.25 0.7647579908 1e-20
4851.0 0.7777330279 1e-20
4851.75 0.7743690014 1e-20
4852.5 0.7710049748 1e-20
4853.25 0.7806779742 1e-20
4854.0 0.7903509736 1e-20
4854.75 0.8140749931 1e-20
4855.5 0.8377990127 1e-20
4856.25 0.8133180141 1e-20
4857.0 0.7888370156 1e-20
4857.75 0.7884879708 1e-20
4858.5 0.7881389856 1e-20
4859.25 0.763427496 1e-20
4860.0 0.7387160063 1e-20
4860.75 0.7192584872 1e-20
4861.5 0.6998010278 1e-20
4862.25 0.7223734856 1e-20
4863.0 0.744946003 1e-20
4863.75 0.7549849749 1e-20
4864.5 0.7650240064 1e-20
4865.25 0.7288125157 1e-20
4866.0 0.6926010251 1e-20
4866.75 0.7000150084 1e-20
4867.5 0.7074289918 1e-20
4868.25 0.7217299938 1e-20
4869.0 0.7360309958 1e-20
4869.75 0.7451390028 1e-20
4870.5 0.7542470098 1e-20
4871.25 0.7429404855 1e-20
4872.0 0.7316340208 1e-20
4872.75 0.7316730022 1e-20
4873.5 0.7317119837 1e-20
4874.25 0.7281290293 1e-20
4875.0 0.7245460153 1e-20
4875.75 0.7100340128 1e-20
4876.5 0.6955220103 1e-20
4877.25 0.7076619864 1e-20
4878.0 0.719802022 1e-20
4878.75 0.722292006 1e-20
4879.5 0.7247819901 1e-20
4880.25 0.7213770151 1e-20
4881.0 0.7179719806 1e-20
4881.75 0.7325159907 1e-20
4882.5 0.7470600009 1e-20
4883.25 0.7257009745 1e-20
4884.0 0.7043420076 1e-20
4884.75 0.6881759763 1e-20
4885.5 0.6720100045 1e-20
4886.25 0.6804999709 1e-20
4887.0 0.6889899969 1e-20
4887.75 0.7016800046 1e-20
4888.5 0.7143700123 1e-20
4889.25 0.697745502 1e-20
4890.0 0.6811209917 1e-20
4890.75 0.6888419986 1e-20
4891.5 0.6965630054 1e-20
4892.25 0.7023500204 1e-20
4893.0 0.7081369758 1e-20
4893.75 0.7081969976 1e-20
4894.5 0.7082570195 1e-20
4895.25 0.6860269904 1e-20
4896.0 0.6637970209 1e-20
4896.75 0.6743894815 1e-20
4897.5 0.6849820018 1e-20
4898.25 0.6750720143 1e-20
4899.0 0.6651620269 1e-20
4899.75 0.6599339843 1e-20
4900.5 0.6547060013 1e-20
4901.25 0.6451234818 1e-20
4902.0 0.6355410218 1e-20
4902.75 0.6538180113 1e-20
4903.5 0.6720950007 1e-20
4904.25 0.6697875261 1e-20
4905.0 0.6674799919 1e-20
4905.75 0.653395474 1e-20
4906.5 0.6393110156 1e-20
4907.25 0.641817987 1e-20
4908.0 0.6443250179 1e-20
4908.75 0.6602355242 1e-20
4909.5 0.6761459708 1e-20
4910.25 0.6663904786 1e-20
4911.0 0.6566349864 1e-20
4911.75 0.6279295087 1e-20
4912.5 0.5992239714 1e-20
4913.25 0.6165735126 1e-20
4914.0 0.6339229941 1e-20
4914.75 0.6405990124 1e-20
4915.5 0.647274971 1e-20
4916.25 0.652256012 1e-20
4917.0 0.6572369933 1e-20
4917.75 0.6466504931 1e-20
4918.5 0.636063993 1e-20
4919.25 0.6421459913 1e-20
4920.0 0.6482279897 1e-20
4920.75 0.6583709717 1e-20
4921.5 0.6685140133 1e-20
4922.25 0.6569600105 1e-20
4923.0 0.6454060078 1e-20
4923.75 0.6561890244 1e-20
4924.5 0.6669719815 1e-20
4925.25 0.666882515 1e-20
4926.0 0.6667929888 1e-20
4926.75 0.6620200276 1e-20
4927.5 0.6572470069 1e-20
4928.25 0.6435495019 1e-20
4929.0 0.6298519969 1e-20
4929.75 0.635412991 1e-20
4930.5 0.6409739852 1e-20
4931.25 0.633506 1e-20
4932.0 0.6260380149 1e-20
4932.75 0.6170189977 1e-20
4933.5 0.6079999804 1e-20
4934.25 0.6184844971 1e-20
4935.0 0.6289690137 1e-20
4935.75 0.6360440254 1e-20
4936.5 0.6431189775 1e-20
4937.25 0.6338185072 1e-20
4938.0 0.6245179772 1e-20
4938.75 0.6275429726 1e-20
4939.5 0.6305680275 1e-20
4940.25 0.6256229877 1e-20
4941.0 0.6206780076 1e-20
4941.75 0.622740984 1e-20
4942.5 0.6248040199 1e-20
4943.25 0.6370974779 1e-20
4944.0 0.6493909955 1e-20
4944.75 0.6544885039 1e-20
4945.5 0.6595860124 1e-20
4946.25 0.659624517 1e-20
4947.0 0.6596630216 1e-20
4947.75 0.6520789862 1e-20
4948.5 0.6444950104 1e-20
4949.25 0.6418284774 1e-20
4950.0 0.639162004 1e-20
4950.75 0.6392604709 1e-20
4951.5 0.6393589973 1e-20
4952.25 0.6274690032 1e-20
4953.0 0.6155790091 1e-20
4953.75 0.6177740097 1e-20
4954.5 0.6199690104 1e-20
4955.25 0.6321300268 1e-20
4956.0 0.6442909837 1e-20
4956.75 0.6352275014 1e-20
4957.5 0.6261640191 1e-20
4958.25 0.6051765084 1e-20
4959.0 0.5841889977 1e-20
4959.75 0.5744485259 1e-20
4960.5 0.5647079945 1e-20
4961.25 0.57337749 1e-20
4962.0 0.5820469856 1e-20
4962.75 0.5807045102 1e-20
4963.5 0.5793619752 1e-20
4964.25 0.5872344971 1e-20
4965.0 0.5951070189 1e-20
4965.75 0.6134135127 1e-20
4966.5 0.6317200065 1e-20
4967.25 0.6218655109 1e-20
4968.0 0.6120110154 1e-20
4968.75 0.6061450243 1e-20
4969.5 0.6002789736 1e-20
4970.25 0.6062110066 1e-20
4971.0 0.6121429801 1e-20
4971.75 0.6002454758 1e-20
4972.5 0.5883479714 1e-20
4973.25 0.5821200013 1e-20
4974.0 0.5758919716 1e-20
4974.75 0.6069679856 1e-20
4975.5 0.6380439997 1e-20
4976.25 0.6319465041 1e-20
4977.0 0.6258490086 1e-20
4977.75 0.6208565235 1e-20
4978.5 0.6158639789 1e-20
4979.25 0.6258435249 1e-20
4980.0 0.6358230114 1e-20
4980.75 0.6126415133 1e-20
4981.5 0.5894600153 1e-20
4982.25 0.5842000246 1e-20
4983.0 0.5789399743 1e-20
4983.75 0.5835384727 1e-20
4984.5 0.588136971 1e-20
4985.25 0.6070125103 1e-20
4986.0 0.62588799 1e-20
4986.75 0.6090945005 1e-20
4987.5 0.5923010111 1e-20
4988.25 0.5976809859 1e-20
4989.0 0.6030610204 1e-20
4989.75 0.617159009 1e-20
4990.5 0.6312569976 1e-20
4991.25 0.6329964995 1e-20
4992.0 0.6347360015 1e-20
4992.75 0.605175972 1e-20
4993.5 0.5756160021 1e-20
4994.25 0.5862510204 1e-20
4995.0 0.5968859792 1e-20
4995.75 0.6060670018 1e-20
4996.5 0.6152480245 1e-20
4997.25 0.611128509 1e-20
4998.0 0.6070089936 1e-20
4998.75 0.6253564954 1e-20
4999.5 0.6437039971 1e-20
5000.25 0.6544805169 1e-20
5001.0 0.6652569771 1e-20
5001.75 0.647085011 1e-20
5002.5 0.6289129853 1e-20
5003.25 0.6181340218 1e-20
5004.0 0.6073549986 1e-20
5004.75 0.6111925244 1e-20
5005.5 0.6150299907 1e-20
5006.25 0.6168829799 1e-20
5007.0 0.6187360287 1e-20
5007.75 0.6261140108 1e-20
5008.5 0.633491993 1e-20
5009.25 0.6287299991 1e-20
5010.0 0.6239680052 1e-20
5010.75 0.6245380044 1e-20
5011.5 0.6251080036 1e-20
5012.25 0.6244050264 1e-20
5013.0 0.6237019897 1e-20
5013.75 0.6105524898 1e-20
5014.5 0.5974029899 1e-20
5015.25 0.610781014 1e-20
5016.0 0.6241589785 1e-20
5016.75 0.6376835108 1e-20
5017.5 0.6512079835 1e-20
5018.25 0.6538509727 1e-20
5019.0 0.6564940214 1e-20
5019.75 0.6745525002 1e-20
5020.5 0.6926109791 1e-20
5021.25 0.693121016 1e-20
5022.0 0.6936309934 1e-20
5022.75 0.6757234931 1e-20
5023.5 0.6578159928 1e-20
5024.25 0.6588065028 1e-20
5025.0 0.6597970128 1e-20
5025.75 0.6658645272 1e-20
5026.5 0.671931982 1e-20
5027.25 0.6683179736 1e-20
5028.0 0.6647040248 1e-20
5028.75 0.673004508 1e-20
5029.5 0.6813049912 1e-20
5030.25 0.6807379723 1e-20
5031.0 0.6801710129 1e-20
5031.75 0.6760680079 1e-20
5032.5 0.671965003 1e-20
5033.25 0.6975085139 1e-20
5034.0 0.7230520248 1e-20
5034.75 0.7231789827 1e-20
5035.5 0.7233060002 1e-20
5036.25 0.7047554851 1e-20
5037.0 0.6862050295 1e-20
5037.75 0.6805074811 1e-20
5038.5 0.6748099923 1e-20
5039.25 0.687743485 1e-20
5040.0 0.7006769776 1e-20
5040.75 0.7003815174 1e-20
5041.5 0.7000859976 1e-20
5042.25 0.6891884804 1e-20
5043.0 0.6782910228 1e-20
5043.75 0.6904389858 1e-20
5044.5 0.7025870085 1e-20
5045.25 0.7372260094 1e-20
5046.0 0.7718650103 1e-20
5046.75 0.7475190163 1e-20
5047.5 0.7231730223 1e-20
5048.25 0.719748497 1e-20
5049.0 0.7163239717 1e-20
5049.75 0.7147495151 1e-20
5050.5 0.7131749988 1e-20
5051.25 0.708817482 1e-20
5052.0 0.7044600248 1e-20
5052.75 0.7300454974 1e-20
5053.5 0.7556310296 1e-20
5054.25 0.7654290199 1e-20
5055.0 0.7752270103 1e-20
5055.75 0.7713804841 1e-20
5056.5 0.7675340176 1e-20
5057.25 0.7422335148 1e-20
5058.0 0.716933012 1e-20
5058.75 0.7239425182 1e-20
5059.5 0.7309520245 1e-20
5060.25 0.7491649985 1e-20
5061.0 0.7673779726 1e-20
5061.75 0.777715981 1e-20
5062.5 0.7880539894 1e-20
5063.25 0.804341495 1e-20
5064.0 0.8206290007 1e-20
5064.75 0.8011004925 1e-20
5065.5 0.7815719843 1e-20
5066.25 0.7670115232 1e-20
5067.0 0.7524510026 1e-20
5067.75 0.785033524 1e-20
5068.5 0.8176159859 1e-20
5069.25 0.8029764891 1e-20
5070.0 0.7883369923 1e-20
5070.75 0.7727640271 1e-20
5071.5 0.7571910024 1e-20
5072.25 0.7655134797 1e-20
5073.0 0.7738360167 1e-20
5073.75 0.7736510038 1e-20
5074.5 0.773465991 1e-20
5075.25 0.7698510289 1e-20
5076.0 0.7662360072 1e-20
5076.75 0.7725089788 1e-20
5077.5 0.7787820101 1e-20
5078.25 0.7960655093 1e-20
5079.0 0.8133490086 1e-20
5079.75 0.8323370218 1e-20
5080.5 0.8513249755 1e-20
5081.25 0.8369684815 1e-20
5082.0 0.8226119876 1e-20
5082.75 0.8068220019 1e-20
5083.5 0.7910320163 1e-20
5084.25 0.7968145013 1e-20
5085.0 0.8025969863 1e-20
5085.75 0.8102915287 1e-20
5086.5 0.8179860115 1e-20
5087.25 0.8145005107 1e-20
5088.0 0.8110150099 1e-20
5088.75 0.8036084771 1e-20
5089.5 0.796202004 1e-20
5090.25 0.7987465262 1e-20
5091.0 0.8012909889 1e-20
5091.75 0.8020095229 1e-20
5092.5 0.8027279973 1e-20
5093.25 0.803188026 1e-20
5094.0 0.803647995 1e-20
5094.75 0.8177405 1e-20
5095.5 0.831833005 1e-20
5096.25 0.8400804996 1e-20
5097.0 0.8483279943 1e-20
5097.75 0.8480885029 1e-20
5098.5 0.8478490114 1e-20
5099.25 0.8413174748 1e-20
5100.0 0.8347859979 1e-20
5100.75 0.8280364871 1e-20
5101.5 0.8212869763 1e-20
5102.25 0.8314344883 1e-20
5103.0 0.8415820003 1e-20
5103.75 0.8439099789 1e-20
5104.5 0.8462380171 1e-20
5105.25 0.8388385177 1e-20
5106.0 0.8314390182 1e-20
5106.75 0.8540539742 1e-20
5107.5 0.8766689897 1e-20
5108.25 0.869307518 1e-20
5109.0 0.8619459867 1e-20
5109.75 0.8572794795 1e-20
5110.5 0.8526129723 1e-20
5111.25 0.8499825001 1e-20
5112.0 0.8473520279 1e-20
5112.75 0.8654559851 1e-20
5113.5 0.8835600019 1e-20
5114.25 0.8922089934 1e-20
5115.0 0.900857985 1e-20
5115.75 0.9012234807 1e-20
5116.5 0.9015889764 1e-20
5117.25 0.8898255229 1e-20
5118.0 0.8780620098 1e-20
5118.75 0.863209486 1e-20
5119.5 0.8483570218 1e-20
5120.25 0.8427320123 1e-20
5121.0 0.8371070027 1e-20
5121.75 0.8712034822 1e-20
5122.5 0.9053000212 1e-20
5123.25 0.9053115249 1e-20
5124.0 0.9053230286 1e-20
5124.75 0.8797674775 1e-20
5125.5 0.8542119861 1e-20
5126.25 0.8694105148 1e-20
5127.0 0.884608984 1e-20
5127.75 0.8785989881 1e-20
5128.5 0.8725889921 1e-20
5129.25 0.8773609996 1e-20
5130.0 0.882133007 1e-20
5130.75 0.8846744895 1e-20
5131.5 0.8872159719 1e-20
5132.25 0.8811330199 1e-20
5133.0 0.8750500083 1e-20
5133.75 0.8767259717 1e-20
5134.5 0.8784019947 1e-20
5135.25 0.8893899918 1e-20
5136.0 0.9003779888 1e-20
5136.75 0.8922964931 1e-20
5137.5 0.8842149973 1e-20
5138.25 0.9015009999 1e-20
5139.0 0.9187870026 1e-20
5139.75 0.9199374914 1e-20
5140.5 0.9210879803 1e-20
5141.25 0.9068890214 1e-20
5142.0 0.8926900029 1e-20
5142.75 0.8864864707 1e-20
5143.5 0.8802829981 1e-20
5144.25 0.8842970133 1e-20
5145.0 0.8883110285 1e-20
5145.75 0.9106950164 1e-20
5146.5 0.9330790043 1e-20
5147.25 0.9366174936 1e-20
5148.0 0.940155983 1e-20
5148.75 0.9229900241 1e-20
5149.5 0.9058240056 1e-20
5150.25 0.9047110081 1e-20
5151.0 0.9035980105 1e-20
5151.75 0.8978524804 1e-20
5152.5 0.8921070099 1e-20
5153.25 0.8970255256 1e-20
5154.0 0.9019439816 1e-20
5154.75 0.9177305102 1e-20
5155.5 0.9335169792 1e-20
5156.25 0.9276534915 1e-20
5157.0 0.9217900038 1e-20
5157.75 0.9177994728 1e-20
5158.5 0.9138090014 1e-20
5159.25 0.9216629863 1e-20
5160.0 0.9295169711 1e-20
5160.75 0.9315484762 1e-20
5161.5 0.9335799813 1e-20
5162.25 0.9280949831 1e-20
5163.0 0.9226099849 1e-20
5163.75 0.9200569987 1e-20
5164.5 0.9175040126 1e-20
5165.25 0.9150900245 1e-20
5166.0 0.9126759768 1e-20
5166.75 0.9060930014 1e-20
5167.5 0.899510026 1e-20
5168.25 0.9136589766 1e-20
5169.0 0.9278079867 1e-20
5169.75 0.9311754704 1e-20
5170.5 0.9345430136 1e-20
5171.25 0.922873497 1e-20
5172.0 0.9112039804 1e-20
5172.75 0.9219595194 1e-20
5173.5 0.9327149987 1e-20
5174.25 0.9299635291 1e-20
5175.0 0.9272119999 1e-20
5175.75 0.9125695229 1e-20
5176.5 0.8979269862 1e-20
5177.25 0.9169099927 1e-20
5178.0 0.9358929992 1e-20
5178.75 0.9499650002 1e-20
5179.5 0.9640370011 1e-20
5180.25 0.9493770003 1e-20
5181.0 0.9347169995 1e-20
5181.75 0.9379540086 1e-20
5182.5 0.9411910176 1e-20
5183.25 0.9424815178 1e-20
5184.0 0.943772018 1e-20
5184.75 0.937618494 1e-20
5185.5 0.9314650297 1e-20
5186.25 0.9294354916 1e-20
5187.0 0.927406013 1e-20
5187.75 0.9068560004 1e-20
5188.5 0.8863059878 1e-20
5189.25 0.8970729709 1e-20
5190.0 0.9078400135 1e-20
5190.75 0.9293714762 1e-20
5191.5 0.9509029984 1e-20
5192.25 0.9416450262 1e-20
5193.0 0.9323869944 1e-20
5193.75 0.9271464944 1e-20
5194.5 0.9219059944 1e-20
5195.25 0.9200800061 1e-20
5196.0 0.9182540178 1e-20
5196.75 0.9199054837 1e-20
5197.5 0.9215570092 1e-20
5198.25 0.9454339743 1e-20
5199.0 0.9693109989 1e-20
5199.75 0.9706264734 1e-20
5200.5 0.9719420075 1e-20
5201.25 0.9400879741 1e-20
5202.0 0.9082340002 1e-20
5202.75 0.9254059792 1e-20
5203.5 0.9425780177 1e-20
5204.25 0.9567840099 1e-20
5205.0 0.9709900022 1e-20
5205.75 0.9509025216 1e-20
5206.5 0.9308149815 1e-20
5207.25 0.9129920006 1e-20
5208.0 0.8951690197 1e-20
5208.75 0.8998410106 1e-20
5209.5 0.9045130014 1e-20
5210.25 0.918325007 1e-20
5211.0 0.9321370125 1e-20
5211.75 0.9374030232 1e-20
5212.5 0.9426689744 1e-20
5213.25 0.9384515285 1e-20
5214.0 0.9342340231 1e-20
5214.75 0.9365429878 1e-20
5215.5 0.9388520122 1e-20
5216.25 0.9534310102 1e-20
5217.0 0.9680100083 1e-20
5217.75 0.9567505121 1e-20
5218.5 0.9454910159 1e-20
5219.25 0.9338039756 1e-20
5220.0 0.9221169949 1e-20
5220.75 0.9277889729 1e-20
5221.5 0.9334610105 1e-20
5222.25 0.9304770231 1e-20
5223.0 0.9274929762 1e-20
5223.75 0.9145935178 1e-20
5224.5 0.9016939998 1e-20
5225.25 0.906069994 1e-20
5226.0 0.9104459882 1e-20
5226.75 0.9292334914 1e-20
5227.5 0.9480209947 1e-20
5228.25 0.9415345192 1e-20
5229.0 0.9350479841 1e-20
5229.75 0.9385319948 1e-20
5230.5 0.9420160055 1e-20
5231.25 0.9464489818 1e-20
5232.0 0.9508820176 1e-20
5232.75 0.9527720213 1e-20
5233.5 0.954662025 1e-20
5234.25 0.9606509805 1e-20
5235.0 0.9666399956 1e-20
5235.75 0.9520505071 1e-20
5236.5 0.9374610186 1e-20
5237.25 0.9381225109 1e-20
5238.0 0.9387840033 1e-20
5238.75 0.9415670037 1e-20
5239.5 0.9443500042 1e-20
5240.25 0.9408215284 1e-20
5241.0 0.9372929931 1e-20
5241.75 0.9375550151 1e-20
5242.5 0.9378169775 1e-20
5243.25 0.9458284974 1e-20
5244.0 0.9538400173 1e-20
5244.75 0.9553884864 1e-20
5245.5 0.9569370151 1e-20
5246.25 0.9381440282 1e-20
5247.0 0.9193509817 1e-20
5247.75 0.9136455059 1e-20
5248.5 0.9079399705 1e-20
5249.25 0.9020915031 1e-20
5250.0 0.8962429762 1e-20
5250.75 0.8967314959 1e-20
5251.5 0.8972200155 1e-20
5252.25 0.908295989 1e-20
5253.0 0.9193720222 1e-20
5253.75 0.9169185162 1e-20
5254.5 0.9144650102 1e-20
5255.25 0.8971425295 1e-20
5256.0 0.8798199892 1e-20
5256.75 0.8669465184 1e-20
5257.5 0.854072988 1e-20
5258.25 0.8668324947 1e-20
5259.0 0.8795920014 1e-20
5259.75 0.8956590295 1e-20
5260.5 0.9117259979 1e-20
5261.25 0.9005914927 1e-20
5262.0 0.8894569874 1e-20
5262.75 0.8853604794 1e-20
5263.5 0.8812639713 1e-20
5264.25 0.8709269762 1e-20
5265.0 0.8605899811 1e-20
5265.75 0.8731520176 1e-20
5266.5 0.8857139945 1e-20
5267.25 0.8992599845 1e-20
5268.0 0.9128059745 1e-20
5268.75 0.8905014992 1e-20
5269.5 0.8681970239 1e-20
5270.25 0.8645625114 1e-20
5271.0 0.860927999 1e-20
5271.75 0.8598859906 1e-20
5272.5 0.8588439822 1e-20
5273.25 0.8517789841 1e-20
5274.0 0.8447139859 1e-20
5274.75 0.8387194872 1e-20
5275.5 0.8327249885 1e-20
5276.25 0.8386784792 1e-20
5277.0 0.8446320295 1e-20
5277.75 0.8351774812 1e-20
5278.5 0.8257229924 1e-20
5279.25 0.8060954809 1e-20
5280.0 0.786468029 1e-20
5280.75 0.7994415164 1e-20
5281.5 0.8124150038 1e-20
5282.25 0.8301950097 1e-20
5283.0 0.8479750156 1e-20
5283.75 0.8455820084 1e-20
5284.5 0.8431890011 1e-20
5285.25 0.8422290087 1e-20
5286.0 0.8412690163 1e-20
5286.75 0.8385325074 1e-20
5287.5 0.8357959986 1e-20
5288.25 0.8257334828 1e-20
5289.0 0.8156710267 1e-20
5289.75 0.8120980263 1e-20
5290.5 0.8085250258 1e-20
5291.25 0.817075491 1e-20
5292.0 0.8256260157 1e-20
5292.75 0.8327255249 1e-20
5293.5 0.8398249745 1e-20
5294.25 0.8233584762 1e-20
5295.0 0.8068919778 1e-20
5295.75 0.8009464741 1e-20
5296.5 0.7950009704 1e-20
5297.25 0.8067075014 1e-20
5298.0 0.8184139729 1e-20
5298.75 0.818906486 1e-20
5299.5 0.8193989992 1e-20
5300.25 0.8271480203 1e-20
5301.0 0.8348969817 1e-20
5301.75 0.8419719934 1e-20
5302.5 0.8490470052 1e-20
5303.25 0.8415824771 1e-20
5304.0 0.8341180086 1e-20
5304.75 0.8177044988 1e-20
5305.5 0.8012909889 1e-20
5306.25 0.8012610078 1e-20
5307.0 0.8012310266 1e-20
5307.75 0.8100684881 1e-20
5308.5 0.8189060092 1e-20
5309.25 0.8149089813 1e-20
5310.0 0.8109120131 1e-20
5310.75 0.8082655072 1e-20
5311.5 0.8056190014 1e-20
5312.25 0.8010110259 1e-20
5313.0 0.7964029908 1e-20
5313.75 0.8101595044 1e-20
5314.5 0.823916018 1e-20
5315.25 0.8342254758 1e-20
5316.0 0.8445349932 1e-20
5316.75 0.8399050236 1e-20
5317.5 0.8352749944 1e-20
5318.25 0.8137184978 1e-20
5319.0 0.7921620011 1e-20
5319.75 0.7933170199 1e-20
5320.5 0.7944719791 1e-20
5321.25 0.8151289821 1e-20
5322.0 0.835785985 1e-20
5322.75 0.8165804744 1e-20
5323.5 0.7973750234 1e-20
5324.25 0.8118320107 1e-20
5325.0 0.8262889981 1e-20
5325.75 0.8282575011 1e-20
5326.5 0.8302260041 1e-20
5327.25 0.792536974 1e-20
5328.0 0.7548480034 1e-20
5328.75 0.7618864775 1e-20
5329.5 0.7689250112 1e-20
5330.25 0.7929009795 1e-20
5331.0 0.8168770075 1e-20
5331.75 0.8188239932 1e-20
5332.5 0.8207709789 1e-20
5333.25 0.8069750071 1e-20
5334.0 0.7931789756 1e-20
5334.75 0.7906854749 1e-20
5335.5 0.7881919742 1e-20
5336.25 0.7930315137 1e-20
5337.0 0.7978709936 1e-20
5337.75 0.78362149 1e-20
5338.5 0.7693719864 1e-20
5339.25 0.7813490033 1e-20
5340.0 0.7933260202 1e-20
5340.75 0.7948709726 1e-20
5341.5 0.7964159846 1e-20
5342.25 0.7908344865 1e-20
5343.0 0.7852529883 1e-20
5343.75 0.7859284878 1e-20
5344.5 0.7866039872 1e-20
5345.25 0.8014665246 1e-20
5346.0 0.8163290024 1e-20
5346.75 0.8171954751 1e-20
5347.5 0.8180620074 1e-20
5348.25 0.7883095145 1e-20
5349.0 0.7585570216 1e-20
5349.75 0.7677109838 1e-20
5350.5 0.7768650055 1e-20
5351.25 0.7815060019 1e-20
5352.0 0.7861469984 1e-20
5352.75 0.8097320199 1e-20
5353.5 0.8333169818 1e-20
5354.25 0.8162379861 1e-20
5355.0 0.7991589904 1e-20
5355.75 0.7820935249 1e-20
5356.5 0.7650279999 1e-20
5357.25 0.7692319751 1e-20
5358.0 0.7734360099 1e-20
5358.75 0.7918995023 1e-20
5359.5 0.8103629947 1e-20
5360.25 0.7969939709 1e-20
5361.0 0.7836250067 1e-20
5361.75 0.7684184909 1e-20
5362.5 0.7532119751 1e-20
5363.25 0.7760019898 1e-20
5364.0 0.7987920046 1e-20
5364.75 0.7867764831 1e-20
5365.5 0.7747610211 1e-20
5366.25 0.7609775066 1e-20
5367.0 0.7471939921 1e-20
5367.75 0.7561154962 1e-20
5368.5 0.7650370002 1e-20
5369.25 0.7665029764 1e-20
5370.0 0.7679690123 1e-20
5370.75 0.7673915029 1e-20
5371.5 0.7668139935 1e-20
5372.25 0.7602869868 1e-20
5373.0 0.7537599802 1e-20
5373.75 0.76403898 1e-20
5374.5 0.7743179798 1e-20
5375.25 0.7869650126 1e-20
5376.0 0.7996119857 1e-20
5376.75 0.7954775095 1e-20
5377.5 0.7913429737 1e-20
5378.25 0.7822080255 1e-20
5379.0 0.7730730176 1e-20
5379.75 0.7766994834 1e-20
5380.5 0.7803260088 1e-20
5381.25 0.773383975 1e-20
5382.0 0.7664420009 1e-20
5382.75 0.7574329972 1e-20
5383.5 0.7484239936 1e-20
5384.25 0.7500265241 1e-20
5385.0 0.7516289949 1e-20
5385.75 0.7570869923 1e-20
5386.5 0.7625449896 1e-20
5387.25 0.7593839765 1e-20
5388.0 0.7562230229 1e-20
5388.75 0.7849414945 1e-20
5389.5 0.8136600256 1e-20
5390.25 0.8157179952 1e-20
5391.0 0.8177760243 1e-20
5391.75 0.7974734902 1e-20
5392.5 0.7771710157 1e-20
5393.25 0.7689449787 1e-20
5394.0 0.7607190013 1e-20
5394.75 0.7559375167 1e-20
5395.5 0.7511559725 1e-20
5396.25 0.7719020247 1e-20
5397.0 0.7926480174 1e-20
5397.75 0.7730839849 1e-20
5398.5 0.7535200119 1e-20
5399.25 0.7410774827 1e-20
5400.0 0.7286350131 1e-20
5400.75 0.7441964746 1e-20
5401.5 0.7597579956 1e-20
5402.25 0.7339825034 1e-20
5403.0 0.7082070112 1e-20
5403.75 0.7291529775 1e-20
5404.5 0.7500990033 1e-20
5405.25 0.7227625251 1e-20
5406.0 0.6954259872 1e-20
5406.75 0.7225934863 1e-20
5407.5 0.7497609854 1e-20
5408.25 0.7602695227 1e-20
5409.0 0.7707780004 1e-20
5409.75 0.7618954778 1e-20
5410.5 0.7530130148 1e-20
5411.25 0.7303965092 1e-20
5412.0 0.7077800035 1e-20
5412.75 0.7089495063 1e-20
5413.5 0.710119009 1e-20
5414.25 0.7142115235 1e-20
5415.0 0.7183039784 1e-20
5415.75 0.7316074967 1e-20
5416.5 0.744911015 1e-20
5417.25 0.7331680059 1e-20
5418.0 0.7214249969 1e-20
5418.75 0.7259510159 1e-20
5419.5 0.7304769754 1e-20
5420.25 0.7466024756 1e-20
5421.0 0.7627279758 1e-20
5421.75 0.7478474975 1e-20
5422.5 0.7329670191 1e-20
5423.25 0.7175545096 1e-20
5424.0 0.7021420002 1e-20
5424.75 0.7166134715 1e-20
5425.5 0.7310850024 1e-20
5426.25 0.72428298 1e-20
5427.0 0.7174810171 1e-20
5427.75 0.7174615264 1e-20
5428.5 0.7174419761 1e-20
5429.25 0.7368875146 1e-20
5430.0 0.7563329935 1e-20
5430.75 0.7346919775 1e-20
5431.5 0.7130510211 1e-20
5432.25 0.7033349872 1e-20
5433.0 0.6936190128 1e-20
5433.75 0.6922630072 1e-20
5434.5 0.6909070015 1e-20
5435.25 0.699306488 1e-20
5436.0 0.7077059746 1e-20
5436.75 0.7075895071 1e-20
5437.5 0.70747298 1e-20
5438.25 0.7124829888 1e-20
5439.0 0.7174929976 1e-20
5439.75 0.7199915051 1e-20
5440.5 0.7224900126 1e-20
5441.25 0.7103149891 1e-20
5442.0 0.6981400251 1e-20
5442.75 0.6966555119 1e-20
5443.5 0.6951709986 1e-20
5444.25 0.7030174732 1e-20
5445.0 0.7108640075 1e-20
5445.75 0.7111685276 1e-20
5446.5 0.7114729881 1e-20
5447.25 0.7156984806 1e-20
5448.0 0.7199239731 1e-20
5448.75 0.7187179923 1e-20
5449.5 0.7175120115 1e-20
5450.25 0.707727015 1e-20
5451.0 0.6979420185 1e-20
5451.75 0.7005410194 1e-20
5452.5 0.7031400204 1e-20
5453.25 0.7107185125 1e-20
5454.0 0.7182970047 1e-20
5454.75 0.7143924832 1e-20
5455.5 0.7104880214 1e-20
5456.25 0.712890029 1e-20
5457.0 0.7152919769 1e-20
5457.75 0.7062579989 1e-20
5458.5 0.697224021 1e-20
5459.25 0.6937339902 1e-20
5460.0 0.690244019 1e-20
5460.75 0.6998084784 1e-20
5461.5 0.7093729973 1e-20
5462.25 0.6964100003 1e-20
5463.0 0.6834470034 1e-20
5463.75 0.682543993 1e-20
5464.5 0.6816409826 1e-20
5465.25 0.685654521 1e-20
5466.0 0.6896679997 1e-20
5466.75 0.6747239828 1e-20
5467.5 0.6597800255 1e-20
5468.25 0.6743785143 1e-20
5469.0 0.6889770031 1e-20
5469.75 0.6836115122 1e-20
5470.5 0.6782460213 1e-20
5471.25 0.6966295242 1e-20
5472.0 0.7150130272 1e-20
5472.75 0.7297189832 1e-20
5473.5 0.7444249988 1e-20
5474.25 0.7122594714 1e-20
5475.0 0.6800940037 1e-20
5475.75 0.6852830052 1e-20
5476.5 0.6904720068 1e-20
5477.25 0.6789165139 1e-20
5478.0 0.667361021 1e-20
5478.75 0.659507513 1e-20
5479.5 0.6516540051 1e-20
5480.25 0.659224987 1e-20
5481.0 0.6667960286 1e-20
5481.75 0.6740040183 1e-20
5482.5 0.681212008 1e-20
5483.25 0.6987450123 1e-20
5484.0 0.7162780166 1e-20
5484.75 0.7044289708 1e-20
5485.5 0.6925799847 1e-20
5486.25 0.6938740015 1e-20
5487.0 0.6951680183 1e-20
5487.75 0.6864789724 1e-20
5488.5 0.6777899861 1e-20
5489.25 0.6708300114 1e-20
5490.0 0.663869977 1e-20
5490.75 0.6759815216 1e-20
5491.5 0.6880930066 1e-20
5492.25 0.692817986 1e-20
5493.0 0.697543025 1e-20
5493.75 0.6932150126 1e-20
5494.5 0.6888870001 1e-20
5495.25 0.7012900114 1e-20
5496.0 0.7136930227 1e-20
5496.75 0.6861879826 1e-20
5497.5 0.658683002 1e-20
5498.25 0.650557518 1e-20
5499.0 0.6424319744 1e-20
5499.75 0.652895987 1e-20
5500.5 0.6633599997 1e-20
5501.25 0.6811764836 1e-20
5502.0 0.6989930272 1e-20
5502.75 0.689040482 1e-20
5503.5 0.6790879965 1e-20
5504.25 0.6832429767 1e-20
5505.0 0.6873980165 1e-20
5505.75 0.6811149716 1e-20
5506.5 0.6748319864 1e-20
5507.25 0.6705269814 1e-20
5508.0 0.6662219763 1e-20
5508.75 0.667729497 1e-20
5509.5 0.6692370176 1e-20
5510.25 0.6619369984 1e-20
5511.0 0.6546369791 1e-20
5511.75 0.6482080221 1e-20
5512.5 0.6417790055 1e-20
5513.25 0.6382145286 1e-20
5514.0 0.634649992 1e-20
5514.75 0.646045506 1e-20
5515.5 0.65744102 1e-20
5516.25 0.656665504 1e-20
5517.0 0.6558899879 1e-20
5517.75 0.6611199975 1e-20
5518.5 0.6663500071 1e-20
5519.25 0.6837639809 1e-20
5520.0 0.7011780143 1e-20
5520.75 0.6936125159 1e-20
5521.5 0.6860470176 1e-20
5522.25 0.6846364737 1e-20
5523.0 0.6832259893 1e-20
5523.75 0.678447485 1e-20
5524.5 0.6736689806 1e-20
5525.25 0.6874349713 1e-20
5526.0 0.7012010217 1e-20
5526.75 0.7033740282 1e-20
5527.5 0.7055469751 1e-20
5528.25 0.6940165162 1e-20
5529.0 0.6824859977 1e-20
5529.75 0.6755650043 1e-20
5530.5 0.668644011 1e-20
5531.25 0.6597604752 1e-20
5532.0 0.6508769989 1e-20
5532.75 0.6539614797 1e-20
5533.5 0.65704602 1e-20
5534.25 0.685310483 1e-20
5535.0 0.7135750055 1e-20
5535.75 0.7093709707 1e-20
5536.5 0.7051669955 1e-20
5537.25 0.6802160144 1e-20
5538.0 0.6552649736 1e-20
5538.75 0.6753789783 1e-20
5539.5 0.6954929829 1e-20
5540.25 0.7032834888 1e-20
5541.0 0.7110739946 1e-20
5541.75 0.6933915019 1e-20
5542.5 0.6757090092 1e-20
5543.25 0.6651070118 1e-20
5544.0 0.6545050144 1e-20
5544.75 0.6494495273 1e-20
5545.5 0.6443939805 1e-20
5546.25 0.6502825022 1e-20
5547.0 0.6561710238 1e-20
5547.75 0.6548119783 1e-20
5548.5 0.6534529924 1e-20
5549.25 0.6435235143 1e-20
5550.0 0.6335939765 1e-20
5550.75 0.6532235146 1e-20
5551.5 0.672852993 1e-20
5552.25 0.696047008 1e-20
5553.0 0.7192410231 1e-20
5553.75 0.7027794719 1e-20
5554.5 0.6863179803 1e-20
5555.25 0.6810060143 1e-20
5556.0 0.6756939888 1e-20
5556.75 0.6793934703 1e-20
5557.5 0.6830930114 1e-20
5558.25 0.6786454916 1e-20
5559.0 0.6741979718 1e-20
5559.75 0.671592474 1e-20
5560.5 0.6689869761 1e-20
5561.25 0.6663814783 1e-20
5562.0 0.6637759805 1e-20
5562.75 0.6611704826 1e-20
5563.5 0.6585649848 1e-20
5564.25 0.655959487 1e-20
5565.0 0.6533539891 1e-20
5565.75 0.6507490277 1e-20
5566.5 0.6481440067 1e-20
5567.25 0.6455385089 1e-20
5568.0 0.6429330111 1e-20
5570.25 0.6499674916 1e-20
5571.0 0.6570019722 1e-20
5571.75 0.6571350098 1e-20
5572.5 0.6572679877 1e-20
5573.25 0.6513310075 1e-20
5574.0 0.6453940272 1e-20
5574.75 0.6514174938 1e-20
5575.5 0.65744102 1e-20
5576.25 0.6658599973 1e-20
5577.0 0.6742789745 1e-20
5577.75 0.6584759951 1e-20
5578.5 0.6426730156 1e-20
5579.25 0.6451839805 1e-20
5580.0 0.6476950049 1e-20
5580.75 0.6620805264 1e-20
5581.5 0.6764659882 1e-20
5582.25 0.6942824721 1e-20
5583.0 0.7120990157 1e-20
5583.75 0.7123569846 1e-20
5584.5 0.7126150131 1e-20
5585.25 0.685490489 1e-20
5586.0 0.6583660245 1e-20
5586.75 0.652875483 1e-20
5587.5 0.6473850012 1e-20
5588.25 0.6597480178 1e-20
5589.0 0.6721109748 1e-20
5589.75 0.6861025095 1e-20
5590.5 0.7000939846 1e-20
5591.25 0.6962530017 1e-20
5592.0 0.6924120188 1e-20
5592.75 0.6751980186 1e-20
5593.5 0.6579840183 1e-20
5594.25 0.6665964723 1e-20
5595.0 0.6752089858 1e-20
5595.75 0.6680235267 1e-20
5596.5 0.6608380079 1e-20
5597.25 0.6589760184 1e-20
5598.0 0.6571140289 1e-20
5598.75 0.6734110117 1e-20
5599.5 0.6897079945 1e-20
5600.25 0.6861925125 1e-20
5601.0 0.682676971 1e-20
5601.75 0.6637725234 1e-20
5602.5 0.6448680162 1e-20
5603.25 0.6486529708 1e-20
5604.0 0.6524379849 1e-20
5604.75 0.6591414809 1e-20
5605.5 0.6658449769 1e-20
5606.25 0.6728150249 1e-20
5607.0 0.6797850132 1e-20
5607.75 0.696796 1e-20
5608.5 0.7138069868 1e-20
5609.25 0.701238513 1e-20
5610.0 0.6886699796 1e-20
5610.75 0.6830495 1e-20
5611.5 0.6774290204 1e-20
5612.25 0.6861490011 1e-20
5613.0 0.6948689818 1e-20
5613.75 0.7106029987 1e-20
5614.5 0.7263370156 1e-20
5615.25 0.7207379937 1e-20
5616.0 0.7151389718 1e-20
5616.75 0.7012324929 1e-20
5617.5 0.687326014 1e-20
5618.25 0.6833304763 1e-20
5619.0 0.6793349981 1e-20
5619.75 0.6778569818 1e-20
5620.5 0.676379025 1e-20
5621.25 0.6967955232 1e-20
5622.0 0.7172120214 1e-20
5622.75 0.7145845294 1e-20
5623.5 0.7119569778 1e-20
5624.25 0.6907954812 1e-20
5625.0 0.6696339846 1e-20
5625.75 0.6646749973 1e-20
5626.5 0.6597160101 1e-20
5627.25 0.6687694788 1e-20
5628.0 0.6778230071 1e-20
5628.75 0.6829215288 1e-20
5629.5 0.6880199909 1e-20
5630.25 0.6893594861 1e-20
5631.0 0.6906989813 1e-20
5631.75 0.6987460256 1e-20
5632.5 0.7067930102 1e-20
5633.25 0.6977760196 1e-20
5634.0 0.6887590289 1e-20
5634.75 0.6796674728 1e-20
5635.5 0.6705759764 1e-20
5636.25 0.6745585203 1e-20
5637.0 0.6785410047 1e-20
5637.75 0.6926634908 1e-20
5638.5 0.7067859769 1e-20
5639.25 0.6992499828 1e-20
5640.0 0.6917139888 1e-20
5640.75 0.6891300082 1e-20
5641.5 0.6865460277 1e-20
5642.25 0.6894469857 1e-20
5643.0 0.6923480034 1e-20
5643.75 0.6968414783 1e-20
5644.5 0.7013350129 1e-20
5645.25 0.6892625093 1e-20
5646.0 0.6771900058 1e-20
5646.75 0.6705235243 1e-20
5647.5 0.6638569832 1e-20
5648.25 0.6720560193 1e-20
5649.0 0.6802549958 1e-20
5649.75 0.6684644818 1e-20
5650.5 0.6566740274 1e-20
5651.25 0.6523100138 1e-20
5652.0 0.6479460001 1e-20
5652.75 0.6651369929 1e-20
5653.5 0.6823279858 1e-20
5654.25 0.686183989 1e-20
5655.0 0.6900399923 1e-20
5655.75 0.6856945157 1e-20
5656.5 0.6813489795 1e-20
5657.25 0.679695487 1e-20
5658.0 0.6780419946 1e-20
5658.75 0.669870019 1e-20
5659.5 0.6616979837 1e-20
5660.25 0.6564890146 1e-20
5661.0 0.6512799859 1e-20
5661.75 0.6487814784 1e-20
5662.5 0.6462829709 1e-20
5663.25 0.6507290006 1e-20
5664.0 0.6551749706 1e-20
5664.75 0.6672980189 1e-20
5665.5 0.6794210076 1e-20
5666.25 0.6699584723 1e-20
5667.0 0.6604959965 1e-20
5667.75 0.6701164842 1e-20
5668.5 0.6797369719 1e-20
5669.25 0.6746194959 1e-20
5670.0 0.6695020199 1e-20
5670.75 0.6537835002 1e-20
5671.5 0.6380649805 1e-20
5672.25 0.6404265165 1e-20
5673.0 0.642787993 1e-20
5673.75 0.659335494 1e-20
5674.5 0.6758829951 1e-20
5675.25 0.680818975 1e-20
5676.0 0.6857550144 1e-20
5676.75 0.6737800241 1e-20
5677.5 0.6618049741 1e-20
5678.25 0.6633509994 1e-20
5679.0 0.6648970246 1e-20
5679.75 0.663544476 1e-20
5680.5 0.662191987 1e-20
5681.25 0.6724810004 1e-20
5682.0 0.6827700138 1e-20
5682.75 0.6822324991 1e-20
5683.5 0.6816949844 1e-20
5684.25 0.6811575294 1e-20
5685.0 0.6806200147 1e-20
5687.25 0.6700379848 1e-20
5688.0 0.6594560146 1e-20
5688.75 0.6695104837 1e-20
5689.5 0.6795650125 1e-20
5690.25 0.6823995113 1e-20
5691.0 0.6852340102 1e-20
5691.75 0.6726174951 1e-20
5692.5 0.6600009799 1e-20
5693.25 0.668949008 1e-20
5694.0 0.6778969765 1e-20
5694.75 0.6783655286 1e-20
5695.5 0.6788340211 1e-20
5696.25 0.6599479914 1e-20
5697.0 0.6410620213 1e-20
5697.75 0.6305270195 1e-20
5698.5 0.6199920177 1e-20
5699.25 0.646032989 1e-20
5700.0 0.6720740199 1e-20
5700.75 0.6581280231 1e-20
5701.5 0.6441820264 1e-20
5702.25 0.6567404866 1e-20
5703.0 0.6692990065 1e-20
5703.75 0.6692979932 1e-20
5704.5 0.6692969799 1e-20
5705.25 0.6661559939 1e-20
5706.0 0.663015008 1e-20
5706.75 0.6746705174 1e-20
5707.5 0.6863260269 1e-20
5708.25 0.6754145026 1e-20
5709.0 0.6645029783 1e-20
5709.75 0.6508355141 1e-20
5710.5 0.6371679902 1e-20
5711.25 0.6658214927 1e-20
5712.0 0.6944749951 1e-20
5712.75 0.6708580256 1e-20
5713.5 0.6472409964 1e-20
5714.25 0.6346384883 1e-20
5715.0 0.6220359802 1e-20
5715.75 0.6309819818 1e-20
5716.5 0.6399279833 1e-20
5717.25 0.6449990273 1e-20
5718.0 0.6500700116 1e-20
5718.75 0.6376460195 1e-20
5719.5 0.6252220273 1e-20
5720.25 0.6326454878 1e-20
5721.0 0.6400690079 1e-20
5721.75 0.644908011 1e-20
5722.5 0.649747014 1e-20
5723.25 0.6436064839 1e-20
5724.0 0.6374660134 1e-20
5724.75 0.6402270198 1e-20
5725.5 0.6429880261 1e-20
5726.25 0.6627330184 1e-20
5727.0 0.6824780107 1e-20
5727.75 0.6687059999 1e-20
5728.5 0.654933989 1e-20
5729.25 0.6552079916 1e-20
5730.0 0.6554819942 1e-20
5730.75 0.6609795094 1e-20
5731.5 0.6664770246 1e-20
5732.25 0.6625105143 1e-20
5733.0 0.658544004 1e-20
5733.75 0.6649804711 1e-20
5734.5 0.6714169979 1e-20
5735.25 0.6765025258 1e-20
5736.0 0.6815879941 1e-20
5736.75 0.6674730182 1e-20
5737.5 0.6533579826 1e-20
5738.25 0.6474329829 1e-20
5739.0 0.6415079832 1e-20
5739.75 0.6517685056 1e-20
5740.5 0.6620290279 1e-20
5741.25 0.6536214948 1e-20
5742.0 0.6452140212 1e-20
5742.75 0.6457059979 1e-20
5743.5 0.6461979747 1e-20
5744.25 0.6574105024 1e-20
5745.0 0.6686229706 1e-20
5745.75 0.659804523 1e-20
5746.5 0.6509860158 1e-20
5747.25 0.6557465196 1e-20
5748.0 0.6605070233 1e-20
5748.75 0.6457545161 1e-20
5749.5 0.6310020089 1e-20
5750.25 0.6225630045 1e-20
5751.0 0.6141240001 1e-20
5751.75 0.6351619959 1e-20
5752.5 0.6561999917 1e-20
5753.25 0.6594895124 1e-20
5754.0 0.6627789736 1e-20
5754.75 0.6532384753 1e-20
5755.5 0.6436979771 1e-20
5756.25 0.6390630007 1e-20
5757.0 0.6344280243 1e-20
5757.75 0.6440864801 1e-20
5758.5 0.6537449956 1e-20
5759.25 0.6367939711 1e-20
5760.0 0.6198430061 1e-20
5760.75 0.6145690084 1e-20
5761.5 0.6092950106 1e-20
5762.25 0.6205754876 1e-20
5763.0 0.6318560243 1e-20
5763.75 0.6332005262 1e-20
5764.5 0.6345450282 1e-20
5765.25 0.6633740067 1e-20
5766.0 0.6922029853 1e-20
5766.75 0.6963654757 1e-20
5767.5 0.7005280256 1e-20
5768.25 0.677537024 1e-20
5769.0 0.6545460224 1e-20
5769.75 0.628834486 1e-20
5770.5 0.6031230092 1e-20
5771.25 0.6109889746 1e-20
5772.0 0.6188549995 1e-20
5772.75 0.6229264736 1e-20
5773.5 0.6269980073 1e-20
5774.25 0.6285189986 1e-20
5775.0 0.6300399899 1e-20
5775.75 0.623239994 1e-20
5776.5 0.6164399981 1e-20
5777.25 0.6208959818 1e-20
5778.0 0.625352025 1e-20
5778.75 0.6346319914 1e-20
5779.5 0.6439120173 1e-20
5780.25 0.6490654945 1e-20
5781.0 0.6542189717 1e-20
5781.75 0.6329839826 1e-20
5782.5 0.6117489934 1e-20
5783.25 0.6157910228 1e-20
5784.0 0.6198329926 1e-20
5784.75 0.6261305213 1e-20
5785.5 0.6324279904 1e-20
5786.25 0.6375060081 1e-20
5787.0 0.6425840259 1e-20
5787.75 0.659717977 1e-20
5788.5 0.6768519878 1e-20
5789.25 0.6612690091 1e-20
5790.0 0.6456859708 1e-20
5790.75 0.6409415007 1e-20
5791.5 0.6361969709 1e-20
5792.25 0.6413319707 1e-20
5793.0 0.6464669704 1e-20
5793.75 0.6371874809 1e-20
5794.5 0.6279079914 1e-20
5795.25 0.6173685193 1e-20
5796.0 0.6068289876 1e-20
5796.75 0.613740027 1e-20
5797.5 0.6206510067 1e-20
5798.25 0.6308469772 1e-20
5799.0 0.6410430074 1e-20
5799.75 0.6359004974 1e-20
5800.5 0.6307579875 1e-20
5801.25 0.6235765219 1e-20
5802.0 0.6163949966 1e-20
5802.75 0.622582972 1e-20
5803.5 0.6287710071 1e-20
5804.25 0.6263960004 1e-20
5805.0 0.6240209937 1e-20
5805.75 0.6199985147 1e-20
5806.5 0.615975976 1e-20
5807.25 0.6194034815 1e-20
5808.0 0.622830987 1e-20
5808.75 0.6246489882 1e-20
5809.5 0.6264669895 1e-20
5810.25 0.6250280142 1e-20
5811.0 0.6235889792 1e-20
5811.75 0.6137610078 1e-20
5812.5 0.6039329767 1e-20
5813.25 0.6099650264 1e-20
5814.0 0.6159970164 1e-20
5814.75 0.6355969906 1e-20
5815.5 0.6551970243 1e-20
5816.25 0.6474545002 1e-20
5817.0 0.6397119761 1e-20
5817.75 0.6184049845 1e-20
5818.5 0.5970979929 1e-20
5819.25 0.6128159761 1e-20
5820.0 0.628534019 1e-20
5820.75 0.6246045232 1e-20
5821.5 0.6206750274 1e-20
5822.25 0.6071084738 1e-20
5823.0 0.5935419798 1e-20
5823.75 0.6063125134 1e-20
5824.5 0.6190829873 1e-20
5825.25 0.6017494798 1e-20
5826.0 0.5844159722 1e-20
5826.75 0.593742013 1e-20
5827.5 0.6030679941 1e-20
5828.25 0.6182224751 1e-20
5829.0 0.6333770156 1e-20
5829.75 0.611073494 1e-20
5830.5 0.5887699723 1e-20
5831.25 0.5853180289 1e-20
5832.0 0.5818660259 1e-20
5832.75 0.5949785113 1e-20
5833.5 0.6080909967 1e-20
5834.25 0.6147090197 1e-20
5835.0 0.621326983 1e-20
5835.75 0.6008855104 1e-20
5836.5 0.5804439783 1e-20
5837.25 0.5753855109 1e-20
5838.0 0.5703269839 1e-20
5838.75 0.5855439901 1e-20
5839.5 0.6007609963 1e-20
5840.25 0.6069034934 1e-20
5841.0 0.6130459905 1e-20
5841.75 0.604847014 1e-20
5842.5 0.5966479778 1e-20
5843.25 0.5948294997 1e-20
5844.0 0.5930110216 1e-20
5844.75 0.5933884978 1e-20
5845.5 0.593765974 1e-20
5846.25 0.6234599948 1e-20
5847.0 0.6531540155 1e-20
5847.75 0.6434785128 1e-20
5848.5 0.63380301 1e-20
5849.25 0.6009759903 1e-20
5850.0 0.5681489706 1e-20
5850.75 0.5799394846 1e-20
5851.5 0.5917299986 1e-20
5852.25 0.6010749936 1e-20
5853.0 0.6104199886 1e-20
5853.75 0.6055374742 1e-20
5854.5 0.6006550193 1e-20
5855.25 0.5950884819 1e-20
5856.0 0.5895220041 1e-20
5856.75 0.5887969732 1e-20
5857.5 0.5880720019 1e-20
5858.25 0.5883669853 1e-20
5859.0 0.5886620283 1e-20
5859.75 0.586940527 1e-20
5860.5 0.5852190256 1e-20
5861.25 0.6007574797 1e-20
5862.0 0.6162959933 1e-20
5862.75 0.6382229924 1e-20
5863.5 0.6601499915 1e-20
5864.25 0.6331340075 1e-20
5865.0 0.6061180234 1e-20
5865.75 0.5799130201 1e-20
5866.5 0.5537080169 1e-20
5867.25 0.5817829967 1e-20
5868.0 0.6098579764 1e-20
5868.75 0.6230610013 1e-20
5869.5 0.6362640262 1e-20
5870.25 0.6229739785 1e-20
5871.0 0.6096839905 1e-20
5871.75 0.6106770039 1e-20
5872.5 0.6116700172 1e-20
5873.25 0.6130099893 1e-20
5874.0 0.6143500209 1e-20
5874.75 0.6067355275 1e-20
5875.5 0.5991209745 1e-20
5876.25 0.6027374864 1e-20
5877.0 0.6063539982 1e-20
5877.75 0.6078450084 1e-20
5878.5 0.6093360186 1e-20
5879.25 0.5996214747 1e-20
5880.0 0.5899069905 1e-20
5880.75 0.5985774994 1e-20
5881.5 0.6072480083 1e-20
5882.25 0.6152755022 1e-20
5883.0 0.6233029962 1e-20
5883.75 0.6238350272 1e-20
5884.5 0.6243669987 1e-20
5885.25 0.644611001 1e-20
5886.0 0.6648550034 1e-20
5886.75 0.6667910218 1e-20
5887.5 0.6687269807 1e-20
5888.25 0.6436929703 1e-20
5889.0 0.6186590195 1e-20
5889.75 0.6168100238 1e-20
5890.5 0.6149610281 1e-20
5891.25 0.6233494878 1e-20
5892.0 0.6317380071 1e-20
5892.75 0.6330720186 1e-20
5893.5 0.6344059706 1e-20
5894.25 0.6287500262 1e-20
5895.0 0.6230940223 1e-20
5895.75 0.6113194823 1e-20
5896.5 0.599545002 1e-20
5897.25 0.6143375039 1e-20
5898.0 0.6291300058 1e-20
5898.75 0.6371949911 1e-20
5899.5 0.6452599764 1e-20
5900.25 0.6259520054 1e-20
5901.0 0.6066439748 1e-20
5901.75 0.609153986 1e-20
5902.5 0.6116639972 1e-20
5903.25 0.6145250201 1e-20
5904.0 0.6173859835 1e-20
5904.75 0.6252124906 1e-20
5905.5 0.6330389977 1e-20
5906.25 0.6288290024 1e-20
5907.0 0.6246190071 1e-20
5907.75 0.6123200059 1e-20
5908.5 0.6000210047 1e-20
5909.25 0.6100140214 1e-20
5910.0 0.6200069785 1e-20
5910.75 0.6179295182 1e-20
5911.5 0.6158519983 1e-20
5912.25 0.5942655206 1e-20
5913.0 0.5726789832 1e-20
5913.75 0.5894039869 1e-20
5914.5 0.6061289907 1e-20
5915.25 0.6173440218 1e-20
5916.0 0.6285589933 1e-20
5916.75 0.6125460267 1e-20
5917.5 0.5965330005 1e-20
5918.25 0.6128334999 1e-20
5919.0 0.6291339993 1e-20
5919.75 0.637748003 1e-20
5920.5 0.6463620067 1e-20
5921.25 0.6304709911 1e-20
5922.0 0.6145799756 1e-20
5922.75 0.6105210185 1e-20
5923.5 0.6064620018 1e-20
5924.25 0.591012001 1e-20
5925.0 0.5755620003 1e-20
5925.75 0.5910800099 1e-20
5926.5 0.6065980196 1e-20
5927.25 0.6165109873 1e-20
5928.0 0.6264240146 1e-20
5928.75 0.6157130003 1e-20
5929.5 0.605001986 1e-20
5930.25 0.6124839783 1e-20
5931.0 0.6199659705 1e-20
5931.75 0.6104465127 1e-20
5932.5 0.6009269953 1e-20
5933.25 0.5974959731 1e-20
5934.0 0.5940650105 1e-20
5934.75 0.5966309905 1e-20
5935.5 0.5991969705 1e-20
5936.25 0.5842524767 1e-20
5937.0 0.5693079829 1e-20
5937.75 0.5735455155 1e-20
5938.5 0.5777829885 1e-20
5939.25 0.5929424763 1e-20
5940.0 0.6081020236 1e-20
5940.75 0.6061329842 1e-20
5941.5 0.6041640043 1e-20
5942.25 0.5986449718 1e-20
5943.0 0.593125999 1e-20
5943.75 0.5905165076 1e-20
5944.5 0.5879070163 1e-20
5945.25 0.5895494819 1e-20
5946.0 0.5911920071 1e-20
5946.75 0.6033239961 1e-20
5947.5 0.6154559851 1e-20
5948.25 0.6207799911 1e-20
5949.0 0.6261039972 1e-20
5949.75 0.6261355281 1e-20
5950.5 0.6261669993 1e-20
5951.25 0.6237329841 1e-20
5952.0 0.6212990284 1e-20
5952.75 0.6081659794 1e-20
5953.5 0.59503299 1e-20
5954.25 0.6001949906 1e-20
5955.0 0.6053569913 1e-20
5955.75 0.5936009884 1e-20
5956.5 0.5818449855 1e-20
5957.25 0.5775809884 1e-20
5958.0 0.5733169913 1e-20
5958.75 0.5902925134 1e-20
5959.5 0.6072679758 1e-20
5960.25 0.6147634983 1e-20
5961.0 0.6222590208 1e-20
5961.75 0.6059139967 1e-20
5962.5 0.5895689726 1e-20
5963.25 0.5725774765 1e-20
5964.0 0.5555859804 1e-20
5964.75 0.5738155246 1e-20
5965.5 0.5920450091 1e-20
5966.25 0.584507525 1e-20
5967.0 0.5769699812 1e-20
5967.75 0.5840340257 1e-20
5968.5 0.5910980105 1e-20
5969.25 0.5819255114 1e-20
5970.0 0.5727530122 1e-20
5970.75 0.5753819942 1e-20
5971.5 0.5780109763 1e-20
5972.25 0.5718024969 1e-20
5973.0 0.5655940175 1e-20
5973.75 0.5484539866 1e-20
5974.5 0.5313140154 1e-20
5975.25 0.5402054787 1e-20
5976.0 0.5490970016 1e-20
5976.75 0.5287910104 1e-20
5977.5 0.5084850192 1e-20
5978.25 0.5067549944 1e-20
5979.0 0.5050250292 1e-20
5979.75 0.5064684749 1e-20
5980.5 0.5079119802 1e-20
5981.25 0.5031045079 1e-20
5982.0 0.4982970059 1e-20
5982.75 0.5144940019 1e-20
5983.5 0.5306910276 1e-20
5984.25 0.5359435081 1e-20
5985.0 0.5411959887 1e-20
5985.75 0.5392984748 1e-20
5986.5 0.5374010205 1e-20
5987.25 0.5392245054 1e-20
5988.0 0.5410479903 1e-20
5988.75 0.5258954763 1e-20
5989.5 0.510743022 1e-20
5990.25 0.5215864778 1e-20
5991.0 0.5324299932 1e-20
5991.75 0.5475865006 1e-20
5992.5 0.5627430081 1e-20
5993.25 0.5612540245 1e-20
5994.0 0.5597649813 1e-20
5994.75 0.5605955124 1e-20
5995.5 0.5614259839 1e-20
5996.25 0.5576434731 1e-20
5997.0 0.553861022 1e-20
5997.75 0.5629245043 1e-20
5998.5 0.5719879866 1e-20
5999.25 0.5699715018 1e-20
6000.0 0.5679550171 1e-20
6000.75 0.5573304892 1e-20
6001.5 0.5467060208 1e-20
6002.25 0.5502974987 1e-20
6003.0 0.5538889766 1e-20
6003.75 0.5567435026 1e-20
6004.5 0.5595980287 1e-20
6005.25 0.5613319874 1e-20
6006.0 0.5630660057 1e-20
6006.75 0.5671815276 1e-20
6007.5 0.5712969899 1e-20
6008.25 0.5737010241 1e-20
6009.0 0.5761049986 1e-20
6009.75 0.5766680241 1e-20
6010.5 0.5772309899 1e-20
6011.25 0.5816580057 1e-20
6012.0 0.5860850215 1e-20
6012.75 0.5727214813 1e-20
6013.5 0.5593580008 1e-20
6014.25 0.5484330058 1e-20
6015.0 0.5375080109 1e-20
6015.75 0.5291205049 1e-20
6016.5 0.5207329988 1e-20
6017.25 0.5390890241 1e-20
6018.0 0.5574449897 1e-20
6018.75 0.5678284764 1e-20
6019.5 0.5782120228 1e-20
6020.25 0.5712490082 1e-20
6021.0 0.5642859936 1e-20
6021.75 0.567361474 1e-20
6022.5 0.5704370141 1e-20
6023.25 0.5670999885 1e-20
6024.0 0.5637630224 1e-20
6024.75 0.5560755134 1e-20
6025.5 0.5483880043 1e-20
6026.25 0.5614849925 1e-20
6027.0 0.5745819807 1e-20
6027.75 0.5713534951 1e-20
6028.5 0.5681250095 1e-20
6029.25 0.5597394705 1e-20
6030.0 0.551353991 1e-20
6030.75 0.5474405289 1e-20
6031.5 0.5435270071 1e-20
6032.25 0.5443955064 1e-20
6033.0 0.5452640057 1e-20
6033.75 0.5424284935 1e-20
6034.5 0.5395929813 1e-20
6035.25 0.5336120129 1e-20
6036.0 0.5276309848 1e-20
6036.75 0.5273355246 1e-20
6037.5 0.5270400047 1e-20
6038.25 0.5462399721 1e-20
6039.0 0.5654399991 1e-20
6039.75 0.5632190108 1e-20
6040.5 0.5609980226 1e-20
6041.25 0.5587540269 1e-20
6042.0 0.5565099716 1e-20
6042.75 0.5634135008 1e-20
6043.5 0.5703169703 1e-20
6044.25 0.5724170208 1e-20
6045.0 0.5745170116 1e-20
6045.75 0.5734745264 1e-20
6046.5 0.5724319816 1e-20
6047.25 0.5734325051 1e-20
6048.0 0.5744330287 1e-20
6048.75 0.5754334927 1e-20
6049.5 0.5764340162 1e-20
6051.75 0.5718554854 1e-20
6052.5 0.5672770143 1e-20
6053.25 0.568343997 1e-20
6054.0 0.5694109797 1e-20
6054.75 0.5578290224 1e-20
6055.5 0.5462470055 1e-20
6056.25 0.5404065251 1e-20
6057.0 0.5345659852 1e-20
6057.75 0.5559120178 1e-20
6058.5 0.5772579908 1e-20
6059.25 0.5758810043 1e-20
6060.0 0.5745040178 1e-20
6060.75 0.5589594841 1e-20
6061.5 0.54341501 1e-20
6062.25 0.5367555022 1e-20
6063.0 0.5300959945 1e-20
6063.75 0.5279970169 1e-20
6064.5 0.5258979797 1e-20
6065.25 0.5320724845 1e-20
6066.0 0.5382469893 1e-20
6066.75 0.5429695249 1e-20
6067.5 0.5476920009 1e-20
6068.25 0.5421310067 1e-20
6069.0 0.5365700126 1e-20
6069.75 0.5410755277 1e-20
6070.5 0.5455809832 1e-20
6071.25 0.5538964868 1e-20
6072.0 0.5622119904 1e-20
6072.75 0.5556910038 1e-20
6073.5 0.5491700172 1e-20
6074.25 0.5313464999 1e-20
6075.0 0.5135229826 1e-20
6075.75 0.5058969855 1e-20
6076.5 0.4982709885 1e-20
6077.25 0.5099415183 1e-20
6078.0 0.5216119885 1e-20
6078.75 0.5123130083 1e-20
6079.5 0.5030140281 1e-20
6080.25 0.5045009851 1e-20
6081.0 0.5059880018 1e-20
6081.75 0.5169889927 1e-20
6082.5 0.5279899836 1e-20
6083.25 0.533870995 1e-20
6084.0 0.5397520065 1e-20
6084.75 0.5349760056 1e-20
6085.5 0.5302000046 1e-20
6086.25 0.5092815161 1e-20
6087.0 0.4883629978 1e-20
6087.75 0.4856455028 1e-20
6088.5 0.4829280078 1e-20
6089.25 0.4995520115 1e-20
6090.0 0.5161759853 1e-20
6090.75 0.5207899809 1e-20
6091.5 0.5254039764 1e-20
6092.25 0.5124289989 1e-20
6093.0 0.4994539917 1e-20
6093.75 0.4989404976 1e-20
6094.5 0.4984270036 1e-20
6095.25 0.5018165112 1e-20
6096.0 0.5052059889 1e-20
6096.75 0.5030580163 1e-20
6097.5 0.5009099841 1e-20
6098.25 0.505941987 1e-20
6099.0 0.51097399 1e-20
6099.75 0.5046550035 1e-20
6100.5 0.4983359873 1e-20
6101.25 0.4886814952 1e-20
6102.0 0.479027003 1e-20
6102.75 0.4853700101 1e-20
6103.5 0.4917129874 1e-20
6104.25 0.5044544935 1e-20
6105.0 0.5171959996 1e-20
6105.75 0.5252324939 1e-20
6106.5 0.5332689881 1e-20
6107.25 0.5224320292 1e-20
6108.0 0.5115950108 1e-20
6108.75 0.5014654994 1e-20
6109.5 0.491335988 1e-20
6110.25 0.4975365102 1e-20
6111.0 0.5037369728 1e-20
6111.75 0.4968959987 1e-20
6112.5 0.4900549948 1e-20
6113.25 0.4847500026 1e-20
6114.0 0.4794450104 1e-20
6114.75 0.4769529998 1e-20
6115.5 0.4744609892 1e-20
6116.25 0.4773845077 1e-20
6117.0 0.4803079963 1e-20
6117.75 0.4962550104 1e-20
6118.5 0.5122020245 1e-20
6119.25 0.4967784882 1e-20
6120.0 0.4813550115 1e-20
6120.75 0.4828839898 1e-20
6121.5 0.484412998 1e-20
6122.25 0.4660939872 1e-20
6123.0 0.4477750063 1e-20
6123.75 0.4536150098 1e-20
6124.5 0.4594550133 1e-20
6125.25 0.4725700021 1e-20
6126.0 0.4856849909 1e-20
6126.75 0.4839949906 1e-20
6127.5 0.4823049903 1e-20
6128.25 0.4976670146 1e-20
6129.0 0.5130289793 1e-20
6129.75 0.5126854777 1e-20
6130.5 0.5123419762 1e-20
6131.25 0.4928945005 1e-20
6132.0 0.473446995 1e-20
6132.75 0.4579840004 1e-20
6133.5 0.4425210059 1e-20
6134.25 0.4546929896 1e-20
6135.0 0.4668650031 1e-20
6135.75 0.4902744889 1e-20
6136.5 0.5136839747 1e-20
6137.25 0.4955484867 1e-20
6138.0 0.4774129987 1e-20
6138.75 0.4731864929 1e-20
6139.5 0.4689599872 1e-20
6140.25 0.4647519886 1e-20
6141.0 0.4605439901 1e-20
6141.75 0.4595609903 1e-20
6142.5 0.4585779905 1e-20
6143.25 0.4541279972 1e-20
6144.0 0.4496780038 1e-20
6144.75 0.4502955079 1e-20
6145.5 0.450913012 1e-20
6146.25 0.4490255117 1e-20
6147.0 0.4471380115 1e-20
6147.75 0.4495620131 1e-20
6148.5 0.4519860148 1e-20
6149.25 0.4518825114 1e-20
6150.0 0.4517790079 1e-20
6150.75 0.4566429853 1e-20
6151.5 0.4615069926 1e-20
6152.25 0.468364507 1e-20
6153.0 0.4752219915 1e-20
6153.75 0.4688839912 1e-20
6154.5 0.4625459909 1e-20
6155.25 0.4645735025 1e-20
6156.0 0.4666010141 1e-20
6156.75 0.4627724886 1e-20
6157.5 0.4589439929 1e-20
6158.25 0.4515579939 1e-20
6159.0 0.4441719949 1e-20
6159.75 0.4393280149 1e-20
6160.5 0.434484005 1e-20
6161.25 0.452224493 1e-20
6162.0 0.4699650109 1e-20
6162.75 0.4808799922 1e-20
6163.5 0.4917950034 1e-20
6164.25 0.4754604995 1e-20
6165.0 0.4591259956 1e-20
6165.75 0.4503495097 1e-20
6166.5 0.441572994 1e-20
6167.25 0.4446899891 1e-20
6168.0 0.447807014 1e-20
6168.75 0.4519079924 1e-20
6169.5 0.4560090005 1e-20
6170.25 0.4468519986 1e-20
6171.0 0.4376949966 1e-20
6171.75 0.4577440023 1e-20
6172.5 0.4777930081 1e-20
6173.25 0.484891504 1e-20
6174.0 0.49199 1e-20
6174.75 0.4716035128 1e-20
6175.5 0.4512169957 1e-20
6176.25 0.4461255074 1e-20
6177.0 0.4410339892 1e-20
6177.75 0.4436390102 1e-20
6178.5 0.4462440014 1e-20
6179.25 0.4374555051 1e-20
6180.0 0.4286670089 1e-20
6180.75 0.4400865138 1e-20
6181.5 0.4515059888 1e-20
6182.25 0.4567970037 1e-20
6183.0 0.4620879889 1e-20
6183.75 0.4587390125 1e-20
6184.5 0.4553900063 1e-20
6185.25 0.4598740041 1e-20
6186.0 0.4643580019 1e-20
6186.75 0.4893789887 1e-20
6187.5 0.5144000053 1e-20
6188.25 0.4995810091 1e-20
6189.0 0.484762013 1e-20
6189.75 0.4683209956 1e-20
6190.5 0.451880008 1e-20
6191.25 0.459482491 1e-20
6192.0 0.4670850039 1e-20
6192.75 0.4487549961 1e-20
6193.5 0.4304249883 1e-20
6194.25 0.4577645063 1e-20
6195.0 0.4851039946 1e-20
6195.75 0.4988479912 1e-20
6196.5 0.5125920177 1e-20
6197.25 0.5022014976 1e-20
6198.0 0.4918110073 1e-20
6198.75 0.4833804965 1e-20
6199.5 0.4749499857 1e-20
6200.25 0.4816679955 1e-20
6201.0 0.4883860052 1e-20
6201.75 0.4849174917 1e-20
6202.5 0.481449008 1e-20
6203.25 0.4835225046 1e-20
6204.0 0.4855960011 1e-20
6204.75 0.4871835113 1e-20
6205.5 0.4887709916 1e-20
6206.25 0.4751614928 1e-20
6207.0 0.4615519941 1e-20
6207.75 0.482899487 1e-20
6208.5 0.5042470098 1e-20
6209.25 0.4960800111 1e-20
6210.0 0.4879130125 1e-20
6210.75 0.4948664904 1e-20
6211.5 0.5018200278 1e-20
6212.25 0.511376977 1e-20
6213.0 0.5209339857 1e-20
6213.75 0.507126987 1e-20
6214.5 0.4933199883 1e-20
6215.25 0.4884819984 1e-20
6216.0 0.4836440086 1e-20
6216.75 0.4963175058 1e-20
6217.5 0.508991003 1e-20
6218.25 0.4929009974 1e-20
6219.0 0.4768109918 1e-20
6219.75 0.4772284925 1e-20
6220.5 0.4776459932 1e-20
6221.25 0.4927355051 1e-20
6222.0 0.507825017 1e-20
6222.75 0.5089964867 1e-20
6223.5 0.510168016 1e-20
6224.25 0.5170699954 1e-20
6225.0 0.5239719748 1e-20
6225.75 0.5202059746 1e-20
6226.5 0.5164399743 1e-20
6227.25 0.5037720203 1e-20
6228.0 0.4911040068 1e-20
6228.75 0.4874260128 1e-20
6229.5 0.4837479889 1e-20
6230.25 0.4981305003 1e-20
6231.0 0.5125129819 1e-20
6231.75 0.5304419994 1e-20
6232.5 0.548371017 1e-20
6233.25 0.5392944813 1e-20
6234.0 0.5302180052 1e-20
6234.75 0.5161284804 1e-20
6235.5 0.5020390153 1e-20
6236.25 0.5204855204 1e-20
6237.0 0.5389320254 1e-20
6237.75 0.5340704918 1e-20
6238.5 0.5292090178 1e-20
6239.25 0.5186834931 1e-20
6240.0 0.5081580281 1e-20
6240.75 0.5205630064 1e-20
6241.5 0.5329679847 1e-20
6242.25 0.53668648 1e-20
6243.0 0.5404049754 1e-20
6243.75 0.5309895277 1e-20
6244.5 0.5215740204 1e-20
6245.25 0.5224379897 1e-20
6246.0 0.5233020186 1e-20
6246.75 0.5312924981 1e-20
6247.5 0.5392829776 1e-20
6248.25 0.5245990157 1e-20
6249.0 0.5099149942 1e-20
6249.75 0.5077084899 1e-20
6250.5 0.5055019855 1e-20
6251.25 0.5066974759 1e-20
6252.0 0.5078930259 1e-20
6252.75 0.5212410092 1e-20
6253.5 0.5345889926 1e-20
6254.25 0.5316845179 1e-20
6255.0 0.5287799835 1e-20
6255.75 0.5260170102 1e-20
6256.5 0.5232539773 1e-20
6257.25 0.5382059813 1e-20
6258.0 0.5531579852 1e-20
6258.75 0.5591629744 1e-20
6259.5 0.5651680231 1e-20
6260.25 0.5633814931 1e-20
6261.0 0.5615950227 1e-20
6261.75 0.5415139794 1e-20
6262.5 0.5214329958 1e-20
6263.25 0.5167509913 1e-20
6264.0 0.5120689869 1e-20
6264.75 0.514827013 1e-20
6265.5 0.5175849795 1e-20
6266.25 0.5312514901 1e-20
6267.0 0.5449180007 1e-20
6267.75 0.5543485284 1e-20
6268.5 0.5637789965 1e-20
6269.25 0.5518454909 1e-20
6270.0 0.5399119854 1e-20
6270.75 0.5450385213 1e-20
6271.5 0.5501649976 1e-20
6272.25 0.5504099727 1e-20
6273.0 0.5506550074 1e-20
6273.75 0.5405809879 1e-20
6274.5 0.5305070281 1e-20
6275.25 0.5353389978 1e-20
6276.0 0.5401710272 1e-20
6276.75 0.5467200279 1e-20
6277.5 0.5532690287 1e-20
6278.25 0.5503649712 1e-20
6279.0 0.5474609733 1e-20
6279.75 0.5449975133 1e-20
6280.5 0.5425339937 1e-20
6281.25 0.5292394757 1e-20
6282.0 0.5159450173 1e-20
6282.75 0.5190874934 1e-20
6283.5 0.5222300291 1e-20
6284.25 0.5451409817 1e-20
6285.0 0.5680519938 1e-20
6285.75 0.5617089868 1e-20
6286.5 0.5553659797 1e-20
6287.25 0.5505650043 1e-20
6288.0 0.545764029 1e-20
6288.75 0.5587314963 1e-20
6289.5 0.5716990232 1e-20
6290.25 0.5785790086 1e-20
6291.0 0.5854589939 1e-20
6291.75 0.5803424716 1e-20
6292.5 0.5752260089 1e-20
6293.25 0.5573750138 1e-20
6294.0 0.5395240188 1e-20
6294.75 0.5400620103 1e-20
6295.5 0.5406000018 1e-20
6296.25 0.5573865175 1e-20
6297.0 0.5741729736 1e-20
6297.75 0.569939971 1e-20
6298.5 0.5657070279 1e-20
6299.25 0.5621324778 1e-20
6300.0 0.5585579872 1e-20
6300.75 0.5619605184 1e-20
6301.5 0.5653629899 1e-20
6302.25 0.5582184792 1e-20
6303.0 0.551074028 1e-20
6303.75 0.5473995209 1e-20
6304.5 0.5437250137 1e-20
6305.25 0.5402975082 1e-20
6306.0 0.5368700027 1e-20
6306.75 0.5401300192 1e-20
6307.5 0.543389976 1e-20
6308.25 0.550154984 1e-20
6309.0 0.556919992 1e-20
6309.75 0.5486130118 1e-20
6310.5 0.5403059721 1e-20
6311.25 0.5348709822 1e-20
6312.0 0.5294359922 1e-20
6312.75 0.5394304991 1e-20
6313.5 0.5494250059 1e-20
6314.25 0.5598549843 1e-20
6315.0 0.5702850223 1e-20
6315.75 0.5763624907 1e-20
6316.5 0.5824400187 1e-20
6317.25 0.5831944942 1e-20
6318.0 0.5839490294 1e-20
6318.75 0.5703384876 1e-20
6319.5 0.5567280054 1e-20
6320.25 0.5410224795 1e-20
6321.0 0.5253170133 1e-20
6321.75 0.541745007 1e-20
6322.5 0.5581730008 1e-20
6323.25 0.5606070161 1e-20
6324.0 0.5630409718 1e-20
6324.75 0.562536478 1e-20
6325.5 0.5620319843 1e-20
6326.25 0.5757570267 1e-20
6327.0 0.5894820094 1e-20
6327.75 0.5822730064 1e-20
6328.5 0.5750640035 1e-20
6329.25 0.5720130205 1e-20
6330.0 0.568961978 1e-20
6330.75 0.5669754744 1e-20
6331.5 0.5649889708 1e-20
6332.25 0.5555670261 1e-20
6333.0 0.5461450219 1e-20
6333.75 0.5435519814 1e-20
6334.5 0.5409590006 1e-20
6335.25 0.5502744913 1e-20
6336.0 0.559589982 1e-20
6336.75 0.5466864705 1e-20
6337.5 0.5337830186 1e-20
6338.25 0.5415940285 1e-20
6339.0 0.5494049788 1e-20
6339.75 0.556475997 1e-20
6340.5 0.5635470152 1e-20
6341.25 0.5705885291 1e-20
6342.0 0.5776299834 1e-20
6342.75 0.5734854937 1e-20
6343.5 0.5693410039 1e-20
6344.25 0.5694054961 1e-20
6345.0 0.5694699883 1e-20
6345.75 0.577993989 1e-20
6346.5 0.5865179896 1e-20
6347.25 0.583997488 1e-20
6348.0 0.5814769864 1e-20
6348.75 0.5824124813 1e-20
6349.5 0.5833479762 1e-20
6350.25 0.564011991 1e-20
6351.0 0.5446760058 1e-20
6351.75 0.5507534742 1e-20
6352.5 0.5568310022 1e-20
6353.25 0.5586249828 1e-20
6354.0 0.560419023 1e-20
6354.75 0.5536854863 1e-20
6355.5 0.5469520092 1e-20
6356.25 0.5488960147 1e-20
6357.0 0.5508400202 1e-20
6357.75 0.5592340231 1e-20
6358.5 0.567628026 1e-20
6359.25 0.5626810193 1e-20
6360.0 0.5577340126 1e-20
6360.75 0.5597659945 1e-20
6361.5 0.5617979765 1e-20
6362.25 0.5611584783 1e-20
6363.0 0.56051898 1e-20
6363.75 0.5409045219 1e-20
6364.5 0.5212900043 1e-20
6365.25 0.5355619788 1e-20
6366.0 0.549834013 1e-20
6366.75 0.5661309958 1e-20
6367.5 0.5824279785 1e-20
6368.25 0.5666915178 1e-20
6369.0 0.5509549975 1e-20
6369.75 0.5422785282 1e-20
6370.5 0.5336019993 1e-20
6371.25 0.5528544784 1e-20
6372.0 0.572107017 1e-20
6372.75 0.5686874986 1e-20
6373.5 0.5652679801 1e-20
6374.25 0.5611345172 1e-20
6375.0 0.5570009947 1e-20
6375.75 0.5531769991 1e-20
6376.5 0.5493530035 1e-20
6377.25 0.5444139838 1e-20
6378.0 0.5394750237 1e-20
6378.75 0.5422829986 1e-20
6379.5 0.5450909734 1e-20
6380.25 0.5508664846 1e-20
6381.0 0.5566419959 1e-20
6381.75 0.5572199821 1e-20
6382.5 0.557798028 1e-20
6383.25 0.5624570251 1e-20
6384.0 0.5671160221 1e-20
6384.75 0.5553140044 1e-20
6385.5 0.5435119867 1e-20
6386.25 0.5398204923 1e-20
6387.0 0.5361289978 1e-20
6387.75 0.5340600014 1e-20
6388.5 0.5319910049 1e-20
6389.25 0.5312569737 1e-20
6390.0 0.5305230021 1e-20
6390.75 0.5410590172 1e-20
6391.5 0.5515949726 1e-20
6392.25 0.5541564822 1e-20
6393.0 0.5567179918 1e-20
6393.75 0.5390300155 1e-20
6394.5 0.5213419795 1e-20
6395.25 0.5289024711 1e-20
6396.0 0.5364630222 1e-20
6396.75 0.5418019891 1e-20
6397.5 0.5471410155 1e-20
6398.25 0.5559020042 1e-20
6399.0 0.564662993 1e-20
6399.75 0.567525506 1e-20
6400.5 0.5703880191 1e-20
6401.25 0.5691639781 1e-20
6402.0 0.5679399967 1e-20
6402.75 0.5675435066 1e-20
6403.5 0.5671470165 1e-20
6404.25 0.5596655011 1e-20
6405.0 0.5521839857 1e-20
6405.75 0.551213026 1e-20
6406.5 0.5502420068 1e-20
6407.25 0.568170011 1e-20
6408.0 0.5860980153 1e-20
6408.75 0.5840435028 1e-20
6409.5 0.5819889903 1e-20
6410.25 0.5663290024 1e-20
6411.0 0.5506690145 1e-20
6411.75 0.5479444861 1e-20
6412.5 0.5452200174 1e-20
6413.25 0.5435494781 1e-20
6414.0 0.5418789983 1e-20
6414.75 0.5569859743 1e-20
6415.5 0.5720930099 1e-20
6416.25 0.5727549791 1e-20
6417.0 0.5734170079 1e-20
6417.75 0.5677539706 1e-20
6418.5 0.5620909929 1e-20
6419.25 0.5674725175 1e-20
6420.0 0.5728539824 1e-20
6420.75 0.5440840125 1e-20
6421.5 0.515313983 1e-20
6422.25 0.5263299942 1e-20
6423.0 0.5373460054 1e-20
6423.75 0.5372110009 1e-20
6424.5 0.5370759964 1e-20
6425.25 0.5253109932 1e-20
6426.0 0.51354599 1e-20
6426.75 0.5219410062 1e-20
6427.5 0.5303360224 1e-20
6428.25 0.5295400023 1e-20
6429.0 0.5287439823 1e-20
6429.75 0.5367559791 1e-20
6430.5 0.5447679758 1e-20
6431.25 0.5364850163 1e-20
6432.0 0.5282019973 1e-20
6432.75 0.52670151 1e-20
6433.5 0.5252010226 1e-20
6434.25 0.5277464986 1e-20
6435.0 0.5302919745 1e-20
6435.75 0.5369740129 1e-20
6436.5 0.5436559916 1e-20
6437.25 0.5437269807 1e-20
6438.0 0.5437980294 1e-20
6438.75 0.5513470173 1e-20
6439.5 0.5588960052 1e-20
6440.25 0.5613539815 1e-20
6441.0 0.5638120174 1e-20
6441.75 0.5641160011 1e-20
6442.5 0.5644199848 1e-20
6443.25 0.5571929812 1e-20
6444.0 0.5499659777 1e-20
6444.75 0.5421224833 1e-20
6445.5 0.5342789888 1e-20
6446.25 0.5384485126 1e-20
6447.0 0.5426179767 1e-20
6447.75 0.5427010059 1e-20
6448.5 0.5427839756 1e-20
6449.25 0.5342749953 1e-20
6450.0 0.5257660151 1e-20
6450.75 0.5262410045 1e-20
6451.5 0.5267159939 1e-20
6452.25 0.523494482 1e-20
6453.0 0.5202729702 1e-20
6453.75 0.53323102 1e-20
6454.5 0.5461890101 1e-20
6455.25 0.5483314991 1e-20
6456.0 0.5504739881 1e-20
6456.75 0.543685019 1e-20
6457.5 0.5368959904 1e-20
6458.25 0.5372449756 1e-20
6459.0 0.5375940204 1e-20
6459.75 0.5305445194 1e-20
6460.5 0.5234950185 1e-20
6461.25 0.5285590291 1e-20
6462.0 0.5336229801 1e-20
6462.75 0.5404245257 1e-20
6463.5 0.5472260118 1e-20
6464.25 0.5293285251 1e-20
6465.0 0.5114309788 1e-20
6465.75 0.5144234896 1e-20
6466.5 0.5174160004 1e-20
6467.25 0.5226144791 1e-20
6468.0 0.5278130174 1e-20
6468.75 0.5252425075 1e-20
6469.5 0.5226719975 1e-20
6470.25 0.5274055004 1e-20
6471.0 0.5321390033 1e-20
6471.75 0.5260810256 1e-20
6472.5 0.5200229883 1e-20
6473.25 0.5098130107 1e-20
6474.0 0.4996030033 1e-20
6474.75 0.4927369952 1e-20
6475.5 0.4858709872 1e-20
6476.25 0.4907985032 1e-20
6477.0 0.4957259893 1e-20
6477.75 0.4951305091 1e-20
6478.5 0.4945349991 1e-20
6479.25 0.4981904924 1e-20
6480.0 0.5018460155 1e-20
6480.75 0.5145149827 1e-20
6481.5 0.5271840096 1e-20
6482.25 0.5139600039 1e-20
6483.0 0.5007359982 1e-20
6483.75 0.4894610047 1e-20
6484.5 0.4781860113 1e-20
6485.25 0.4995729923 1e-20
6486.0 0.5209599733 1e-20
6486.75 0.5286175013 1e-20
6487.5 0.5362750292 1e-20
6488.25 0.5349425077 1e-20
6489.0 0.5336099863 1e-20
6489.75 0.5199735165 1e-20
6490.5 0.506336987 1e-20
6491.25 0.5145599842 1e-20
6492.0 0.5227829814 1e-20
6492.75 0.5215455294 1e-20
6493.5 0.5203080177 1e-20
6494.25 0.5168280005 1e-20
6495.0 0.5133479834 1e-20
6495.75 0.5105745196 1e-20
6496.5 0.5078009963 1e-20
6497.25 0.5038064718 1e-20
6498.0 0.499812007 1e-20
6498.75 0.5091860294 1e-20
6499.5 0.5185599923 1e-20
6500.25 0.5179774761 1e-20
6501.0 0.5173950195 1e-20
6501.75 0.512909472 1e-20
6502.5 0.5084239841 1e-20
6503.25 0.5144824982 1e-20
6504.0 0.5205410123 1e-20
6504.75 0.519467473 1e-20
6505.5 0.5183939934 1e-20
6506.25 0.517711997 1e-20
6507.0 0.5170300007 1e-20
6507.75 0.5257059932 1e-20
6508.5 0.5343819857 1e-20
6509.25 0.5312684774 1e-20
6510.0 0.5281550288 1e-20
6510.75 0.5252429843 1e-20
6511.5 0.5223309994 1e-20
6512.25 0.5139889717 1e-20
6513.0 0.5056470037 1e-20
6513.75 0.5034695268 1e-20
6514.5 0.5012919903 1e-20
6515.25 0.4974029958 1e-20
6516.0 0.4935140014 1e-20
6516.75 0.4924235046 1e-20
6517.5 0.4913330078 1e-20
6518.25 0.5016855001 1e-20
6519.0 0.5120379925 1e-20
6519.75 0.5238915086 1e-20
6520.5 0.5357450247 1e-20
6521.25 0.5307019949 1e-20
6522.0 0.5256590247 1e-20
6522.75 0.5124664903 1e-20
6523.5 0.4992739856 1e-20
6524.25 0.5029845238 1e-20
6525.0 0.5066949725 1e-20
6525.75 0.5141404867 1e-20
6526.5 0.5215860009 1e-20
6527.25 0.5149710178 1e-20
6528.0 0.5083559752 1e-20
6528.75 0.5007464886 1e-20
6529.5 0.493137002 1e-20
6530.25 0.4987600148 1e-20
6531.0 0.5043830276 1e-20
6531.75 0.5096334815 1e-20
6532.5 0.5148839951 1e-20
6533.25 0.5164930224 1e-20
6534.0 0.5181019902 1e-20
6534.75 0.520581007 1e-20
6535.5 0.5230600238 1e-20
6536.25 0.5234174728 1e-20
6537.0 0.5237749815 1e-20
6537.75 0.5063614845 1e-20
6538.5 0.4889479876 1e-20
6539.25 0.4817259908 1e-20
6540.0 0.474503994 1e-20
6540.75 0.4953125119 1e-20
6541.5 0.5161209702 1e-20
6542.25 0.5203319788 1e-20
6543.0 0.5245429873 1e-20
6543.75 0.5145000219 1e-20
6544.5 0.5044569969 1e-20
6545.25 0.5094134808 1e-20
6546.0 0.5143700242 1e-20
6546.75 0.5135300159 1e-20
6547.5 0.5126900077 1e-20
6548.25 0.5148710012 1e-20
6549.0 0.5170519948 1e-20
6549.75 0.5169544816 1e-20
6550.5 0.516857028 1e-20
6551.25 0.5118924975 1e-20
6552.0 0.5069280267 1e-20
6552.75 0.5093395114 1e-20
6553.5 0.5117509961 1e-20
6554.25 0.5189775229 1e-20
6555.0 0.52620399 1e-20
6555.75 0.5210779905 1e-20
6556.5 0.5159519911 1e-20
6557.25 0.5033429861 1e-20
6558.0 0.4907340109 1e-20
6558.75 0.4945780039 1e-20
6559.5 0.4984219968 1e-20
6560.25 0.4987019897 1e-20
6561.0 0.4989820123 1e-20
6561.75 0.490527004 1e-20
6562.5 0.4820719957 1e-20
6563.25 0.4948570132 1e-20
6564.0 0.5076419711 1e-20
6564.75 0.5158184767 1e-20
6565.5 0.5239949822 1e-20
6566.25 0.5306345224 1e-20
6567.0 0.537274003 1e-20
6567.75 0.521004498 1e-20
6568.5 0.504734993 1e-20
6569.25 0.4751099944 1e-20
6570.0 0.4454849958 1e-20
6570.75 0.4538300037 1e-20
6571.5 0.4621750116 1e-20
6572.25 0.4831455052 1e-20
6573.0 0.5041159987 1e-20
6573.75 0.5050625205 1e-20
6574.5 0.5060089827 1e-20
6575.25 0.5011414886 1e-20
6576.0 0.4962739944 1e-20
6576.75 0.4991174936 1e-20
6577.5 0.5019609928 1e-20
6578.25 0.5030984879 1e-20
6579.0 0.5042359829 1e-20
6579.75 0.4990929961 1e-20
6580.5 0.4939500093 1e-20
6581.25 0.4915134907 1e-20
6582.0 0.4890770018 1e-20
6582.75 0.4962239861 1e-20
6583.5 0.5033710003 1e-20
6584.25 0.4916394949 1e-20
6585.0 0.4799079895 1e-20
6585.75 0.483626008 1e-20
6586.5 0.4873439968 1e-20
6587.25 0.5027059913 1e-20
6588.0 0.5180680156 1e-20
6588.75 0.5193794966 1e-20
6589.5 0.5206909776 1e-20
6590.25 0.5127084851 1e-20
6591.0 0.5047259927 1e-20
6591.75 0.5008574724 1e-20
6592.5 0.4969890118 1e-20
6593.25 0.4877184927 1e-20
6594.0 0.4784480035 1e-20
6594.75 0.473467499 1e-20
6595.5 0.4684869945 1e-20
6596.25 0.479606986 1e-20
6597.0 0.4907270074 1e-20
6597.75 0.5019364953 1e-20
6598.5 0.5131459832 1e-20
6599.25 0.5098059773 1e-20
6600.0 0.5064659715 1e-20
6600.75 0.5055509806 1e-20
6601.5 0.5046359897 1e-20
6602.25 0.5047274828 1e-20
6603.0 0.5048189759 1e-20
6603.75 0.4950484931 1e-20
6604.5 0.4852780104 1e-20
6605.25 0.4841125011 1e-20
6606.0 0.4829469919 1e-20
6606.75 0.4851860106 1e-20
6607.5 0.4874249995 1e-20
6608.25 0.4877015054 1e-20
6609.0 0.4879780114 1e-20
6609.75 0.4896279871 1e-20
6610.5 0.4912779927 1e-20
6611.25 0.4977835119 1e-20
6612.0 0.5042889714 1e-20
6612.75 0.5005609989 1e-20
6613.5 0.4968329966 1e-20
6614.25 0.4868859947 1e-20
6615.0 0.4769389927 1e-20
6615.75 0.479254514 1e-20
6616.5 0.4815700054 1e-20
6617.25 0.496333003 1e-20
6618.0 0.5110960007 1e-20
6618.75 0.5037660003 1e-20
6619.5 0.4964359999 1e-20
6620.25 0.4904634953 1e-20
6621.0 0.4844909906 1e-20
6621.75 0.4965080023 1e-20
6622.5 0.5085250139 1e-20
6623.25 0.5093755126 1e-20
6624.0 0.5102260113 1e-20
6624.75 0.5253264904 1e-20
6625.5 0.5404270291 1e-20
6626.25 0.5207874775 1e-20
6627.0 0.5011479855 1e-20
6627.75 0.509662509 1e-20
6628.5 0.5181769729 1e-20
6629.25 0.4872469902 1e-20
6630.0 0.4563170075 1e-20
6630.75 0.4591999948 1e-20
6631.5 0.4620830119 1e-20
6632.25 0.4887309968 1e-20
6633.0 0.5153790116 1e-20
6633.75 0.5091164708 1e-20
6634.5 0.5028539896 1e-20
6635.25 0.4924915135 1e-20
6636.0 0.4821290076 1e-20
6636.75 0.4830990136 1e-20
6637.5 0.4840689898 1e-20
6638.25 0.4835340083 1e-20
6639.0 0.482998997 1e-20
6639.75 0.4829644859 1e-20
6640.5 0.4829300046 1e-20
6641.25 0.4945800006 1e-20
6642.0 0.5062299967 1e-20
6642.75 0.4912235141 1e-20
6643.5 0.4762170017 1e-20
6644.25 0.4658449888 1e-20
6645.0 0.4554730058 1e-20
6645.75 0.4608739913 1e-20
6646.5 0.4662750065 1e-20
6647.25 0.4778749943 1e-20
6648.0 0.4894750118 1e-20
6648.75 0.4723539948 1e-20
6649.5 0.4552330077 1e-20
6650.25 0.4688785076 1e-20
6651.0 0.4825240076 1e-20
6651.75 0.5008375049 1e-20
6652.5 0.5191509724 1e-20
6653.25 0.5053359866 1e-20
6654.0 0.4915210009 1e-20
6654.75 0.4763984978 1e-20
6655.5 0.4612759948 1e-20
6656.25 0.4589655101 1e-20
6657.0 0.4566549957 1e-20
6657.75 0.4504910111 1e-20
6658.5 0.4443269968 1e-20
6659.25 0.4617435038 1e-20
6660.0 0.4791600108 1e-20
6660.75 0.4890865088 1e-20
6661.5 0.4990130067 1e-20
6662.25 0.4844065011 1e-20
6663.0 0.4697999954 1e-20
6663.75 0.4546545148 1e-20
6664.5 0.4395090044 1e-20
6665.25 0.4458324909 1e-20
6666.0 0.4521560073 1e-20
6666.75 0.4607034922 1e-20
6667.5 0.4692510068 1e-20
6668.25 0.4682604969 1e-20
6669.0 0.4672699869 1e-20
6669.75 0.4639444947 1e-20
6670.5 0.4606190026 1e-20
6671.25 0.4552015066 1e-20
6672.0 0.4497840106 1e-20
6672.75 0.4517574906 1e-20
6673.5 0.4537310004 1e-20
6674.25 0.4595670104 1e-20
6675.0 0.4654029906 1e-20
6675.75 0.4672240019 1e-20
6676.5 0.4690450132 1e-20
6677.25 0.4845915139 1e-20
6678.0 0.5001379848 1e-20
6678.75 0.4909754992 1e-20
6679.5 0.4818130136 1e-20
6680.25 0.4662485123 1e-20
6681.0 0.450684011 1e-20
6681.75 0.4594534934 1e-20
6682.5 0.4682230055 1e-20
6683.25 0.4732050002 1e-20
6684.0 0.4781869948 1e-20
6684.75 0.477117002 1e-20
6685.5 0.4760470092 1e-20
6686.25 0.4741429985 1e-20
6687.0 0.4722389877 1e-20
6687.75 0.4637770057 1e-20
6688.5 0.4553149939 1e-20
6689.25 0.4652920067 1e-20
6690.0 0.4752689898 1e-20
6690.75 0.4888975024 1e-20
6691.5 0.5025259852 1e-20
6692.25 0.5052524805 1e-20
6693.0 0.5079789758 1e-20
6693.75 0.4828495085 1e-20
6694.5 0.4577200115 1e-20
6695.25 0.4552580118 1e-20
6696.0 0.4527960122 1e-20
6696.75 0.4603745043 1e-20
6697.5 0.4679529965 1e-20
6698.25 0.4702799916 1e-20
6699.0 0.4726069868 1e-20
6699.75 0.4728145003 1e-20
6700.5 0.4730220139 1e-20
6701.25 0.4741604924 1e-20
6702.0 0.4752990007 1e-20
6702.75 0.4810074866 1e-20
6703.5 0.4867160022 1e-20
6704.25 0.4796524942 1e-20
6705.0 0.4725889862 1e-20
6705.75 0.4689734876 1e-20
6706.5 0.4653579891 1e-20
6707.25 0.4762020111 1e-20
6708.0 0.4870460033 1e-20
6708.75 0.4813664854 1e-20
6709.5 0.4756869972 1e-20
6710.25 0.4631335139 1e-20
6711.0 0.4505800009 1e-20
6711.75 0.4429520071 1e-20
6712.5 0.4353240132 1e-20
6713.25 0.4479464889 1e-20
6714.0 0.4605689943 1e-20
6714.75 0.4675244987 1e-20
6715.5 0.4744800031 1e-20
6716.25 0.4809019864 1e-20
6717.0 0.4873239994 1e-20
6717.75 0.4931730032 1e-20
6718.5 0.499022007 1e-20
6719.25 0.4872004986 1e-20
6720.0 0.4753789902 1e-20
6720.75 0.4742765129 1e-20
6721.5 0.4731740057 1e-20
6722.25 0.4686054885 1e-20
6723.0 0.4640370011 1e-20
6723.75 0.4533995092 1e-20
6724.5 0.4427619874 1e-20
6725.25 0.4596450031 1e-20
6726.0 0.4765279889 1e-20
6726.75 0.4843395054 1e-20
6727.5 0.4921509922 1e-20
6728.25 0.4838595092 1e-20
6729.0 0.4755679965 1e-20
6729.75 0.4857270122 1e-20
6730.5 0.495885998 1e-20
6731.25 0.4982660115 1e-20
6732.0 0.5006459951 1e-20
6732.75 0.4889855087 1e-20
6733.5 0.4773249924 1e-20
6734.25 0.4695169926 1e-20
6735.0 0.4617089927 1e-20
6735.75 0.4611695111 1e-20
6736.5 0.4606299996 1e-20
6737.25 0.4607500136 1e-20
6738.0 0.4608699977 1e-20
6738.75 0.4606460035 1e-20
6739.5 0.4604220092 1e-20
6740.25 0.4567500055 1e-20
6741.0 0.4530780017 1e-20
6741.75 0.44194749 1e-20
6742.5 0.430817008 1e-20
6743.25 0.446626991 1e-20
6744.0 0.4624370039 1e-20
6744.75 0.4716404974 1e-20
6745.5 0.480843991 1e-20
6746.25 0.4719544947 1e-20
6747.0 0.4630649984 1e-20
6747.75 0.4655764997 1e-20
6748.5 0.468088001 1e-20
6749.25 0.4590325058 1e-20
6750.0 0.4499770105 1e-20
6750.75 0.4504579902 1e-20
6751.5 0.4509389997 1e-20
6752.25 0.4513979852 1e-20
6753.0 0.4518570006 1e-20
6753.75 0.4429705143 1e-20
6754.5 0.4340839982 1e-20
6755.25 0.4420054853 1e-20
6756.0 0.4499270022 1e-20
6756.75 0.4567739964 1e-20
6757.5 0.4636209905 1e-20
6758.25 0.4676424861 1e-20
6759.0 0.4716640115 1e-20
6759.75 0.4613870084 1e-20
6760.5 0.4511100054 1e-20
6761.25 0.4403960109 1e-20
6762.0 0.4296819866 1e-20
6762.75 0.45015499 1e-20
6763.5 0.4706279933 1e-20
6764.25 0.4714255035 1e-20
6765.0 0.4722230136 1e-20
6765.75 0.4577755034 1e-20
6766.5 0.4433279932 1e-20
6767.25 0.4368864894 1e-20
6768.0 0.4304449856 1e-20
6768.75 0.4313314855 1e-20
6769.5 0.4322179854 1e-20
6770.25 0.4419044852 1e-20
6771.0 0.4515910149 1e-20
6771.75 0.449458003 1e-20
6772.5 0.4473249912 1e-20
6773.25 0.4488064945 1e-20
6774.0 0.4502879977 1e-20
6774.75 0.4555414915 1e-20
6775.5 0.4607949853 1e-20
6776.25 0.447301507 1e-20
6777.0 0.4338079989 1e-20
6777.75 0.4212515056 1e-20
6778.5 0.4086950123 1e-20
6779.25 0.4121530056 1e-20
6780.0 0.4156109989 1e-20
6780.75 0.4275515079 1e-20
6781.5 0.4394919872 1e-20
6782.25 0.443253994 1e-20
6783.0 0.4470160007 1e-20
6783.75 0.4253345132 1e-20
6784.5 0.4036529958 1e-20
6785.25 0.4062840044 1e-20
6786.0 0.4089150131 1e-20
6786.75 0.4235034883 1e-20
6787.5 0.4380919933 1e-20
6788.25 0.4343760014 1e-20
6789.0 0.4306600094 1e-20
6789.75 0.433060497 1e-20
6790.5 0.4354610145 1e-20
6791.25 0.4258039892 1e-20
6792.0 0.4161469936 1e-20
6792.75 0.4168665111 1e-20
6793.5 0.4175859988 1e-20
6794.25 0.4315595031 1e-20
6795.0 0.4455330074 1e-20
6795.75 0.4453290105 1e-20
6796.5 0.4451250136 1e-20
6797.25 0.4367494881 1e-20
6798.0 0.4283739924 1e-20
6798.75 0.4314334989 1e-20
6799.5 0.4344930053 1e-20
6800.25 0.4410884976 1e-20
6801.0 0.44768399 1e-20
6801.75 0.4420900047 1e-20
6802.5 0.4364959896 1e-20
6803.25 0.440487504 1e-20
6804.0 0.4444789886 1e-20
6804.75 0.4435144961 1e-20
6805.5 0.4425500035 1e-20
6806.25 0.440726012 1e-20
6807.0 0.4389019907 1e-20
6807.75 0.439181 1e-20
6808.5 0.4394600093 1e-20
6809.25 0.4287514985 1e-20
6810.0 0.4180429876 1e-20
6810.75 0.4274384975 1e-20
6811.5 0.4368340075 1e-20
6812.25 0.4402660131 1e-20
6813.0 0.443697989 1e-20
6813.75 0.4347690046 1e-20
6814.5 0.4258399904 1e-20
6815.25 0.42810601 1e-20
6816.0 0.4303719997 1e-20
6816.75 0.4303655028 1e-20
6817.5 0.4303590059 1e-20
6818.25 0.4214319885 1e-20
6819.0 0.4125050008 1e-20
6819.75 0.4135729969 1e-20
6820.5 0.4146409929 1e-20
6821.25 0.4238330126 1e-20
6822.0 0.4330250025 1e-20
6822.75 0.4394499958 1e-20
6823.5 0.445874989 1e-20
6824.25 0.4533100128 1e-20
6825.0 0.4607450068 1e-20
6825.75 0.4559760094 1e-20
6826.5 0.4512070119 1e-20
6827.25 0.4487294853 1e-20
6828.0 0.4462519884 1e-20
6828.75 0.4532510042 1e-20
6829.5 0.4602499902 1e-20
6830.25 0.4529314935 1e-20
6831.0 0.4456129968 1e-20
6831.75 0.4382685125 1e-20
6832.5 0.4309239984 1e-20
6833.25 0.4276300073 1e-20
6834.0 0.4243359864 1e-20
6834.75 0.4359290004 1e-20
6835.5 0.4475220144 1e-20
6836.25 0.4316365123 1e-20
6837.0 0.4157510102 1e-20
6837.75 0.4252704978 1e-20
6838.5 0.4347899854 1e-20
6839.25 0.4334695041 1e-20
6840.0 0.432148993 1e-20
6840.75 0.4400174916 1e-20
6841.5 0.4478859901 1e-20
6842.25 0.4508594871 1e-20
6843.0 0.4538330138 1e-20
6843.75 0.438917011 1e-20
6844.5 0.4240010083 1e-20
6845.25 0.4249644876 1e-20
6846.0 0.4259279966 1e-20
6846.75 0.4409435093 1e-20
6847.5 0.4559589922 1e-20
6848.25 0.4405899942 1e-20
6849.0 0.4252209961 1e-20
6849.75 0.4159274995 1e-20
6850.5 0.4066340029 1e-20
6851.25 0.4118844867 1e-20
6852.0 0.4171350002 1e-20
6852.75 0.4137135148 1e-20
6853.5 0.4102919996 1e-20
6854.25 0.4149090052 1e-20
6855.0 0.4195260108 1e-20
6855.75 0.4226000011 1e-20
6856.5 0.4256739914 1e-20
6857.25 0.4198395014 1e-20
6858.0 0.4140050113 1e-20
6858.75 0.4134815037 1e-20
6859.5 0.4129579961 1e-20
6860.25 0.4170480072 1e-20
6861.0 0.4211379886 1e-20
6861.75 0.4451439977 1e-20
6862.5 0.4691500068 1e-20
6863.25 0.4515880048 1e-20
6864.0 0.4340260029 1e-20
6864.75 0.4169214964 1e-20
6865.5 0.3998169899 1e-20
6866.25 0.3967174888 1e-20
6867.0 0.3936179876 1e-20
6867.75 0.3858299851 1e-20
6868.5 0.3780420125 1e-20
6869.25 0.3861325085 1e-20
6870.0 0.3942230046 1e-20
6870.75 0.4140664935 1e-20
6871.5 0.4339100122 1e-20
6872.25 0.4154984951 1e-20
6873.0 0.3970870078 1e-20
6873.75 0.3979499936 1e-20
6874.5 0.3988130093 1e-20
6875.25 0.4064185023 1e-20
6876.0 0.4140239954 1e-20
6876.75 0.3921580017 1e-20
6877.5 0.3702920079 1e-20
6878.25 0.3736999929 1e-20
6879.0 0.3771080077 1e-20
6879.75 0.4010320008 1e-20
6880.5 0.4249559939 1e-20
6881.25 0.4236760139 1e-20
6882.0 0.4223960042 1e-20
6882.75 0.41198349 1e-20
6883.5 0.4015710056 1e-20
6884.25 0.4153490067 1e-20
6885.0 0.4291270077 1e-20
6885.75 0.4273324907 1e-20
6886.5 0.4255380034 1e-20
6887.25 0.4212439954 1e-20
6888.0 0.4169499874 1e-20
6888.75 0.4114924967 1e-20
6889.5 0.406035006 1e-20
6890.25 0.4123744965 1e-20
6891.0 0.4187139869 1e-20
6891.75 0.4207380116 1e-20
6892.5 0.4227620065 1e-20
6893.25 0.422634989 1e-20
6894.0 0.4225080013 1e-20
6894.75 0.4272759855 1e-20
6895.5 0.4320439994 1e-20
6896.25 0.4391925037 1e-20
6897.0 0.4463410079 1e-20
6897.75 0.4416950047 1e-20
6898.5 0.4370490015 1e-20
6899.25 0.4389105141 1e-20
6900.0 0.440771997 1e-20
6900.75 0.4338735044 1e-20
6901.5 0.4269750118 1e-20
6902.25 0.4067274928 1e-20
6903.0 0.3864800036 1e-20
6903.75 0.390209496 1e-20
6904.5 0.3939389884 1e-20
6905.25 0.4065940082 1e-20
6906.0 0.4192489982 1e-20
6906.75 0.4229570031 1e-20
6907.5 0.4266650081 1e-20
6908.25 0.4209944904 1e-20
6909.0 0.4153240025 1e-20
6909.75 0.3990119994 1e-20
6910.5 0.3826999962 1e-20
6911.25 0.3799769878 1e-20
6912.0 0.3772540092 1e-20
6912.75 0.3923729956 1e-20
6913.5 0.4074920118 1e-20
6914.25 0.4059875011 1e-20
6915.0 0.4044829905 1e-20
6915.75 0.4048529863 1e-20
6916.5 0.405223012 1e-20
6917.25 0.3895500004 1e-20
6918.0 0.3738769889 1e-20
6918.75 0.396201998 1e-20
6919.5 0.4185270071 1e-20
6920.25 0.4087660015 1e-20
6921.0 0.3990049958 1e-20
6921.75 0.3861350119 1e-20
6922.5 0.3732649982 1e-20
6923.25 0.3894430101 1e-20
6924.0 0.4056209922 1e-20
6924.75 0.4147374928 1e-20
6925.5 0.4238539934 1e-20
6926.25 0.4096620083 1e-20
6927.0 0.3954699934 1e-20
6927.75 0.3800934851 1e-20
6928.5 0.3647170067 1e-20
6929.25 0.3707394898 1e-20
6930.0 0.3767620027 1e-20
6930.75 0.3881680071 1e-20
6931.5 0.3995740116 1e-20
6932.25 0.3873479962 1e-20
6933.0 0.3751220107 1e-20
6933.75 0.370955497 1e-20
6934.5 0.3667890131 1e-20
6935.25 0.3702720106 1e-20
6936.0 0.373755008 1e-20
6936.75 0.3872559965 1e-20
6937.5 0.4007570148 1e-20
6938.25 0.4173310101 1e-20
6939.0 0.4339050055 1e-20
6939.75 0.4314734936 1e-20
6940.5 0.4290420115 1e-20
6941.25 0.4176729918 1e-20
6942.0 0.4063040018 1e-20
6942.75 0.3975610137 1e-20
6943.5 0.3888179958 1e-20
6944.25 0.394004494 1e-20
6945.0 0.3991909921 1e-20
6945.75 0.3997105062 1e-20
6946.5 0.4002299905 1e-20
6947.25 0.4041639864 1e-20
6948.0 0.4080980122 1e-20
6948.75 0.4126830101 1e-20
6949.5 0.417268008 1e-20
6950.25 0.4009265006 1e-20
6951.0 0.3845849931 1e-20
6951.75 0.3771204948 1e-20
6952.5 0.3696559966 1e-20
6953.25 0.3761030138 1e-20
6954.0 0.3825500011 1e-20
6954.75 0.3864805102 1e-20
6955.5 0.3904109895 1e-20
6956.25 0.3788954914 1e-20
6957.0 0.3673799932 1e-20
6957.75 0.3569194973 1e-20
6958.5 0.3464590013 1e-20
6959.25 0.3741320074 1e-20
6960.0 0.4018050134 1e-20
6960.75 0.413677007 1e-20
6961.5 0.4255490005 1e-20
6962.25 0.4055249989 1e-20
6963.0 0.3855009973 1e-20
6963.75 0.3744134903 1e-20
6964.5 0.3633260131 1e-20
6965.25 0.3672105074 1e-20
6966.0 0.3710950017 1e-20
6966.75 0.3820185065 1e-20
6967.5 0.3929420114 1e-20
6968.25 0.3919889927 1e-20
6969.0 0.3910360038 1e-20
6969.75 0.3834770024 1e-20
6970.5 0.3759180009 1e-20
6971.25 0.3774564862 1e-20
6972.0 0.3789950013 1e-20
6972.75 0.3841130137 1e-20
6973.5 0.3892309964 1e-20
6974.25 0.3886669874 1e-20
6975.0 0.3881030083 1e-20
6975.75 0.3867070079 1e-20
6976.5 0.3853110075 1e-20
6977.25 0.3886694908 1e-20
6978.0 0.3920280039 1e-20
6978.75 0.4037235081 1e-20
6979.5 0.4154190123 1e-20
6980.25 0.414128989 1e-20
6981.0 0.4128389955 1e-20
6981.75 0.4151634872 1e-20
6982.5 0.4174880087 1e-20
6983.25 0.4075394869 1e-20
6984.0 0.3975909948 1e-20
6984.75 0.393907994 1e-20
6985.5 0.3902249932 1e-20
6986.25 0.3935844898 1e-20
6987.0 0.3969439864 1e-20
6987.75 0.3817979991 1e-20
6988.5 0.3666520119 1e-20
6989.25 0.382545501 1e-20
6990.0 0.3984389901 1e-20
6990.75 0.3968519866 1e-20
6991.5 0.395265013 1e-20
6992.25 0.3911359906 1e-20
6993.0 0.3870069981 1e-20
6993.75 0.3967370093 1e-20
6994.5 0.4064669907 1e-20
6995.25 0.3892579973 1e-20
6996.0 0.3720490038 1e-20
6996.75 0.3674089909 1e-20
6997.5 0.3627690077 1e-20
6998.25 0.3717879951 1e-20
6999.0 0.3808070123 1e-20
6999.75 0.3795954883 1e-20
7000.5 0.3783839941 1e-20
7001.25 0.3749629855 1e-20
7002.0 0.3715420067 1e-20
7002.75 0.3661369979 1e-20
7003.5 0.3607319891 1e-20
7004.25 0.3624989986 1e-20
7005.0 0.3642660081 1e-20
7005.75 0.3713040054 1e-20
7006.5 0.3783420026 1e-20
7007.25 0.3699985147 1e-20
7008.0 0.3616549969 1e-20
7008.75 0.3547205031 1e-20
7009.5 0.3477860093 1e-20
7010.25 0.3671815097 1e-20
7011.0 0.3865770102 1e-20
7011.75 0.3938460052 1e-20
7012.5 0.4011150002 1e-20
7013.25 0.377633512 1e-20
7014.0 0.354151994 1e-20
7014.75 0.3526475132 1e-20
7015.5 0.3511430025 1e-20
7016.25 0.3596050143 1e-20
7017.0 0.3680669963 1e-20
7017.75 0.3654159904 1e-20
7018.5 0.3627650142 1e-20
7019.25 0.3644975126 1e-20
7020.0 0.366230011 1e-20
7020.75 0.3627640009 1e-20
7021.5 0.3592979908 1e-20
7022.25 0.3551245034 1e-20
7023.0 0.3509509861 1e-20
7023.75 0.3572314978 1e-20
7024.5 0.3635120094 1e-20
7025.25 0.3647429943 1e-20
7026.0 0.365974009 1e-20
7026.75 0.3645440042 1e-20
7027.5 0.3631139994 1e-20
7028.25 0.3677839935 1e-20
7029.0 0.3724539876 1e-20
7029.75 0.3722355068 1e-20
7030.5 0.3720169961 1e-20
7031.25 0.3766784966 1e-20
7032.0 0.3813399971 1e-20
7032.75 0.3807680011 1e-20
7033.5 0.3801960051 1e-20
7034.25 0.3796240091 1e-20
7035.0 0.3790520132 1e-20
7035.75 0.378480494 1e-20
7036.5 0.3779090047 1e-20
7037.25 0.3773370087 1e-20
7038.0 0.3767650127 1e-20
7038.75 0.376192987 1e-20
7039.5 0.375620991 1e-20
7040.25 0.375048995 1e-20
7041.0 0.374476999 1e-20
7041.75 0.3739050031 1e-20
7042.5 0.3733330071 1e-20
7043.25 0.3727610111 1e-20
7044.0 0.3721889853 1e-20
7046.25 0.3777684867 1e-20
7047.0 0.3833479881 1e-20
7047.75 0.3884840012 1e-20
7048.5 0.3936200142 1e-20
7049.25 0.385006994 1e-20
7050.0 0.3763940036 1e-20
7050.75 0.3801105022 1e-20
7051.5 0.3838270009 1e-20
7052.25 0.35977 1e-20
7053.0 0.3357129991 1e-20
7053.75 0.3364464939 1e-20
7054.5 0.3371799886 1e-20
7055.25 0.3500449955 1e-20
7056.0 0.3629100025 1e-20
7056.75 0.3752039969 1e-20
7057.5 0.3874979913 1e-20
7058.25 0.3798714876 1e-20
7059.0 0.3722450137 1e-20
7059.75 0.3838594854 1e-20
7060.5 0.3954739869 1e-20
7061.25 0.3774150014 1e-20
7062.0 0.3593559861 1e-20
7062.75 0.3641110063 1e-20
7063.5 0.3688659966 1e-20
7064.25 0.3686130047 1e-20
7065.0 0.3683600128 1e-20
7065.75 0.3540830016 1e-20
7066.5 0.3398059905 1e-20
7067.25 0.3366475105 1e-20
7068.0 0.3334890008 1e-20
7068.75 0.3292464912 1e-20
7069.5 0.3250040114 1e-20
7070.25 0.3469395041 1e-20
7071.0 0.3688749969 1e-20
7071.75 0.3718400002 1e-20
7072.5 0.3748050034 1e-20
7073.25 0.3691120148 1e-20
7074.0 0.3634189963 1e-20
7074.75 0.3655624986 1e-20
7075.5 0.3677060008 1e-20
7076.25 0.3609935045 1e-20
7077.0 0.3542810082 1e-20
7077.75 0.3556174934 1e-20
7078.5 0.3569540083 1e-20
7079.25 0.3513594866 1e-20
7080.0 0.3457649946 1e-20
7080.75 0.344266504 1e-20
7081.5 0.3427680135 1e-20
7082.25 0.3455039859 1e-20
7083.0 0.3482399881 1e-20
7083.75 0.3604339957 1e-20
7084.5 0.3726280034 1e-20
7085.25 0.3712325096 1e-20
7086.0 0.3698369861 1e-20
7086.75 0.354847014 1e-20
7087.5 0.339857012 1e-20
7088.25 0.3302364945 1e-20
7089.0 0.3206160069 1e-20
7089.75 0.3265595138 1e-20
7090.5 0.332502991 1e-20
7091.25 0.349445492 1e-20
7092.0 0.3663879931 1e-20
7092.75 0.3551000059 1e-20
7093.5 0.3438119888 1e-20
7094.25 0.3455320001 1e-20
7095.0 0.3472520113 1e-20
7095.75 0.3539949954 1e-20
7096.5 0.3607380092 1e-20
7097.25 0.3497005105 1e-20
7098.0 0.3386630118 1e-20
7098.75 0.342155993 1e-20
7099.5 0.345649004 1e-20
7100.25 0.3422155082 1e-20
7101.0 0.3387820125 1e-20
7101.75 0.3360530138 1e-20
7102.5 0.3333239853 1e-20
7103.25 0.336661011 1e-20
7104.0 0.3399980068 1e-20
7104.75 0.346331507 1e-20
7105.5 0.3526650071 1e-20
7106.25 0.3681100011 1e-20
7107.0 0.3835549951 1e-20
7107.75 0.3730710149 1e-20
7108.5 0.3625870049 1e-20
7109.25 0.352380991 1e-20
7110.0 0.3421750069 1e-20
7110.75 0.345295012 1e-20
7111.5 0.3484149873 1e-20
7112.25 0.3581930101 1e-20
7113.0 0.3679710031 1e-20
7113.75 0.3672724962 1e-20
7114.5 0.3665739894 1e-20
7115.25 0.3555189967 1e-20
7116.0 0.344464004 1e-20
7116.75 0.3406229913 1e-20
7117.5 0.3367820084 1e-20
7118.25 0.341674 1e-20
7119.0 0.3465659916 1e-20
7119.75 0.3492184877 1e-20
7120.5 0.3518710136 1e-20
7121.25 0.3458270133 1e-20
7122.0 0.3397830129 1e-20
7122.75 0.329934001 1e-20
7123.5 0.3200849891 1e-20
7124.25 0.3294605017 1e-20
7125.0 0.3388360143 1e-20
7125.75 0.3401690125 1e-20
7126.5 0.3415020108 1e-20
7127.25 0.3480534852 1e-20
7128.0 0.3546049893 1e-20
7128.75 0.3585009873 1e-20
7129.5 0.3623969853 1e-20
7130.25 0.3441145122 1e-20
7131.0 0.3258320093 1e-20
7131.75 0.3317025006 1e-20
7132.5 0.3375729918 1e-20
7133.25 0.3496370018 1e-20
7134.0 0.3617010117 1e-20
7134.75 0.3693520129 1e-20
7135.5 0.3770030141 1e-20
7136.25 0.3608640134 1e-20
7137.0 0.3447250128 1e-20
7137.75 0.3516375124 1e-20
7138.5 0.3585500121 1e-20
7139.25 0.3572269976 1e-20
7140.0 0.3559040129 1e-20
7140.75 0.3488590121 1e-20
7141.5 0.3418140113 1e-20
7142.25 0.3377940059 1e-20
7143.0 0.3337740004 1e-20
7143.75 0.3333845139 1e-20
7144.5 0.3329949975 1e-20
7145.25 0.3449105024 1e-20
7146.0 0.3568260074 1e-20
7146.75 0.363076508 1e-20
7147.5 0.3693270087 1e-20
7148.25 0.3608075082 1e-20
7149.0 0.3522880077 1e-20
7149.75 0.3500564992 1e-20
7150.5 0.3478249907 1e-20
7151.25 0.3464465141 1e-20
7152.0 0.3450680077 1e-20
7152.75 0.3412899971 1e-20
7153.5 0.3375119865 1e-20
7154.25 0.3325040042 1e-20
7155.0 0.3274959922 1e-20
7155.75 0.3371289968 1e-20
7156.5 0.3467620015 1e-20
7157.25 0.3597215116 1e-20
7158.0 0.3726809919 1e-20
7158.75 0.3703925014 1e-20
7159.5 0.3681040108 1e-20
7160.25 0.357915014 1e-20
7161.0 0.3477259874 1e-20
7161.75 0.343996495 1e-20
7162.5 0.3402670026 1e-20
7163.25 0.3426764905 1e-20
7164.0 0.3450860083 1e-20
7164.75 0.3503319919 1e-20
7165.5 0.3555780053 1e-20
7166.25 0.3529340029 1e-20
7167.0 0.3502900004 1e-20
7167.75 0.3428364992 1e-20
7168.5 0.335382998 1e-20
7169.25 0.3403989971 1e-20
7170.0 0.3454149961 1e-20
7170.75 0.3471710086 1e-20
7171.5 0.3489269912 1e-20
7172.25 0.350165993 1e-20
7173.0 0.3514049947 1e-20
7173.75 0.3506655097 1e-20
7174.5 0.3499259949 1e-20
7175.25 0.3518694937 1e-20
7176.0 0.3538129926 1e-20
7176.75 0.3557569981 1e-20
7177.5 0.3577010036 1e-20
7179.75 0.3462480009 1e-20
7180.5 0.3347949982 1e-20
7181.25 0.3383780122 1e-20
7182.0 0.3419609964 1e-20
7182.75 0.3374139965 1e-20
7183.5 0.3328669965 1e-20
7184.25 0.3200190067 1e-20
7185.0 0.3071709871 1e-20
7185.75 0.3202269971 1e-20
7186.5 0.3332830071 1e-20
7187.25 0.3449899852 1e-20
7188.0 0.3566969931 1e-20
7188.75 0.3473210037 1e-20
7189.5 0.3379450142 1e-20
7190.25 0.3472084999 1e-20
7191.0 0.3564719856 1e-20
7191.75 0.3609105051 1e-20
7192.5 0.3653489947 1e-20
7193.25 0.3626205027 1e-20
7194.0 0.3598920107 1e-20
7194.75 0.3585230112 1e-20
7195.5 0.3571540117 1e-20
7196.25 0.3548699915 1e-20
7197.0 0.3525860012 1e-20
7197.75 0.3539695144 1e-20
7198.5 0.3553529978 1e-20
7199.25 0.3443894982 1e-20
7200.0 0.3334259987 1e-20
7200.75 0.329324007 1e-20
7201.5 0.3252219856 1e-20
7202.25 0.3301030099 1e-20
7203.0 0.3349840045 1e-20
7203.75 0.3565475047 1e-20
7204.5 0.3781110048 1e-20
7205.25 0.3731465042 1e-20
7206.0 0.3681820035 1e-20
7206.75 0.3511885107 1e-20
7207.5 0.334194988 1e-20
7208.25 0.3321914971 1e-20
7209.0 0.3301880062 1e-20
7209.75 0.3350139856 1e-20
7210.5 0.3398399949 1e-20
7211.25 0.3337599933 1e-20
7212.0 0.3276799917 1e-20
7212.75 0.3313460052 1e-20
7213.5 0.3350119889 1e-20
7214.25 0.3506290019 1e-20
7215.0 0.3662460148 1e-20
7215.75 0.3695220053 1e-20
7216.5 0.3727979958 1e-20
7217.25 0.3557929993 1e-20
7218.0 0.3387880027 1e-20
7218.75 0.3353489935 1e-20
7219.5 0.3319100142 1e-20
7220.25 0.3361659944 1e-20
7221.0 0.3404220045 1e-20
7221.75 0.3445250094 1e-20
7222.5 0.3486280143 1e-20
7223.25 0.3448410034 1e-20
7224.0 0.3410539925 1e-20
7224.75 0.3476935029 1e-20
7225.5 0.3543330133 1e-20
7226.25 0.3606339991 1e-20
7227.0 0.3669350147 1e-20
7227.75 0.3553785086 1e-20
7228.5 0.3438220024 1e-20
7229.25 0.3358854949 1e-20
7230.0 0.3279489875 1e-20
7230.75 0.3341279924 1e-20
7231.5 0.3403069973 1e-20
7232.25 0.3366639912 1e-20
7233.0 0.3330209851 1e-20
7233.75 0.3326885104 1e-20
7234.5 0.3323560059 1e-20
7235.25 0.3378289938 1e-20
7236.0 0.3433020115 1e-20
7236.75 0.345735997 1e-20
7237.5 0.3481700122 1e-20
7238.25 0.3547340035 1e-20
7239.0 0.3612979949 1e-20
7239.75 0.3562990129 1e-20
7240.5 0.3513000011 1e-20
7241.25 0.3552555144 1e-20
7242.0 0.3592109978 1e-20
7242.75 0.3747724891 1e-20
7243.5 0.3903340101 1e-20
7244.25 0.3793055117 1e-20
7245.0 0.3682770133 1e-20
7245.75 0.3586849868 1e-20
7246.5 0.3490929902 1e-20
7247.25 0.347448498 1e-20
7248.0 0.3458040059 1e-20
7248.75 0.330706507 1e-20
7249.5 0.3156090081 1e-20
7250.25 0.3109084964 1e-20
7251.0 0.3062080145 1e-20
7251.75 0.3096860051 1e-20
7252.5 0.3131639957 1e-20
7253.25 0.3100154996 1e-20
7254.0 0.3068670034 1e-20
7254.75 0.3060845137 1e-20
7255.5 0.3053019941 1e-20
7256.25 0.3103735149 1e-20
7257.0 0.3154450059 1e-20
7257.75 0.3191669881 1e-20
7258.5 0.3228890002 1e-20
7259.25 0.3226439953 1e-20
7260.0 0.3223989904 1e-20
7260.75 0.3256154954 1e-20
7261.5 0.3288320005 1e-20
7262.25 0.3219110072 1e-20
7263.0 0.3149900138 1e-20
7263.75 0.3233045042 1e-20
7264.5 0.3316189945 1e-20
7265.25 0.3384900093 1e-20
7266.0 0.3453609943 1e-20
7266.75 0.3398264945 1e-20
7267.5 0.3342919946 1e-20
7268.25 0.3329820037 1e-20
7269.0 0.3316720128 1e-20
7269.75 0.3283270001 1e-20
7270.5 0.3249819875 1e-20
7271.25 0.323210001 1e-20
7272.0 0.3214380145 1e-20
7272.75 0.3421064913 1e-20
7273.5 0.3627749979 1e-20
7274.25 0.3537195027 1e-20
7275.0 0.3446640074 1e-20
7275.75 0.3151504993 1e-20
7276.5 0.2856369913 1e-20
7277.25 0.2931334972 1e-20
7278.0 0.3006300032 1e-20
7278.75 0.3047389984 1e-20
7279.5 0.3088479936 1e-20
7280.25 0.3150154948 1e-20
7281.0 0.321182996 1e-20
7281.75 0.3308284879 1e-20
7282.5 0.3404740095 1e-20
7283.25 0.3343214989 1e-20
7284.0 0.3281689882 1e-20
7284.75 0.3208835125 1e-20
7285.5 0.313598007 1e-20
7286.25 0.3116615117 1e-20
7287.0 0.3097249866 1e-20
7287.75 0.3150194883 1e-20
7288.5 0.3203139901 1e-20
7289.25 0.3226929903 1e-20
7290.0 0.3250719905 1e-20
7290.75 0.3218010068 1e-20
7291.5 0.3185299933 1e-20
7292.25 0.3297339976 1e-20
7293.0 0.3409380019 1e-20
7293.75 0.3401215076 1e-20
7294.5 0.3393050134 1e-20
7295.25 0.3290894926 1e-20
7296.0 0.3188740015 1e-20
7296.75 0.3119980097 1e-20
7297.5 0.3051219881 1e-20
7298.25 0.2977420092 1e-20
7299.0 0.2903620005 1e-20
7299.75 0.3034229875 1e-20
7300.5 0.3164840043 1e-20
7301.25 0.335213989 1e-20
7302.0 0.3539440036 1e-20
7302.75 0.3523229957 1e-20
7303.5 0.3507019877 1e-20
7304.25 0.3413609862 1e-20
7305.0 0.3320200145 1e-20
7305.75 0.3330389857 1e-20
7306.5 0.3340579867 1e-20
7307.25 0.3356555104 1e-20
7308.0 0.3372530043 1e-20
7308.75 0.3314819932 1e-20
7309.5 0.3257110119 1e-20
7310.25 0.3262184858 1e-20
7311.0 0.3267259896 1e-20
7311.75 0.3359709978 1e-20
7312.5 0.345216006 1e-20
7313.25 0.3457505107 1e-20
7314.0 0.3462849855 1e-20
7314.75 0.344682008 1e-20
7315.5 0.3430790007 1e-20
7316.25 0.3481164873 1e-20
7317.0 0.3531540036 1e-20
7317.75 0.3531605005 1e-20
7318.5 0.3531669974 1e-20
7319.25 0.3531734943 1e-20
7320.0 0.3531799912 1e-20
7320.75 0.3531869948 1e-20
7321.5 0.3531939983 1e-20
7322.25 0.3532004952 1e-20
7323.0 0.3532069921 1e-20
7323.75 0.3532134891 1e-20
7324.5 0.353219986 1e-20
7325.25 0.3532269895 1e-20
7326.0 0.3532339931 1e-20
7326.75 0.35324049 1e-20
7327.5 0.3532469869 1e-20
7329.75 0.3476909995 1e-20
7330.5 0.3421350121 1e-20
7331.25 0.3428750038 1e-20
7332.0 0.3436149955 1e-20
7332.75 0.3345865011 1e-20
7333.5 0.3255580068 1e-20
7334.25 0.3176839948 1e-20
7335.0 0.3098100126 1e-20
7335.75 0.3125129938 1e-20
7336.5 0.3152160048 1e-20
7337.25 0.3211784959 1e-20
7338.0 0.3271409869 1e-20
7338.75 0.3372890055 1e-20
7339.5 0.3474369943 1e-20
7340.25 0.3356544971 1e-20
7341.0 0.323872 1e-20
7341.75 0.3151780069 1e-20
7342.5 0.3064840138 1e-20
7343.25 0.3168675005 1e-20
7344.0 0.3272509873 1e-20
7344.75 0.3300670087 1e-20
7345.5 0.3328830004 1e-20
7346.25 0.3169274926 1e-20
7347.0 0.3009720147 1e-20
7347.75 0.314653486 1e-20
7348.5 0.3283349872 1e-20
7349.25 0.3410224915 1e-20
7350.0 0.3537099957 1e-20
7350.75 0.3359650075 1e-20
7351.5 0.3182199895 1e-20
7352.25 0.3190025091 1e-20
7353.0 0.3197849989 1e-20
7353.75 0.3117814958 1e-20
7354.5 0.3037779927 1e-20
7355.25 0.3039464951 1e-20
7356.0 0.3041149974 1e-20
7356.75 0.3015359938 1e-20
7357.5 0.2989569902 1e-20
7358.25 0.298292011 1e-20
7359.0 0.297627002 1e-20
7359.75 0.3010689914 1e-20
7360.5 0.3045110106 1e-20
7361.25 0.3099224865 1e-20
7362.0 0.3153339922 1e-20
7362.75 0.3176670074 1e-20
7363.5 0.3199999928 1e-20
7364.25 0.3121004999 1e-20
7365.0 0.3042010069 1e-20
7365.75 0.3208324909 1e-20
7366.5 0.3374640048 1e-20
7367.25 0.3400369883 1e-20
7368.0 0.3426100016 1e-20
7368.75 0.3291805089 1e-20
7369.5 0.3157509863 1e-20
7370.25 0.3070025146 1e-20
7371.0 0.2982540131 1e-20
7371.75 0.2959769964 1e-20
7372.5 0.2937000096 1e-20
7373.25 0.3029445112 1e-20
7374.0 0.3121890128 1e-20
7374.75 0.3101429939 1e-20
7375.5 0.3080970049 1e-20
7376.25 0.3079810143 1e-20
7377.0 0.3078649938 1e-20
7377.75 0.306853503 1e-20
7378.5 0.3058420122 1e-20
7379.25 0.2978549898 1e-20
7380.0 0.2898679972 1e-20
7380.75 0.2906205058 1e-20
7381.5 0.2913730145 1e-20
7382.25 0.290623486 1e-20
7383.0 0.2898739874 1e-20
7383.75 0.2913599908 1e-20
7384.5 0.2928459942 1e-20
7385.25 0.298920989 1e-20
7386.0 0.3049960136 1e-20
7386.75 0.3078069985 1e-20
7387.5 0.3106180131 1e-20
7388.25 0.3157815039 1e-20
7389.0 0.3209449947 1e-20
7389.75 0.3140504956 1e-20
7390.5 0.3071559966 1e-20
7391.25 0.2999435067 1e-20
7392.0 0.2927309871 1e-20
7392.75 0.287302494 1e-20
7393.5 0.281874001 1e-20
7394.25 0.265929997 1e-20
7395.0 0.2499859929 1e-20
7395.75 0.2562099993 1e-20
7396.5 0.2624340057 1e-20
7397.25 0.2859345078 1e-20
7398.0 0.30943501 1e-20
7398.75 0.3080309927 1e-20
7399.5 0.3066270053 1e-20
7400.25 0.3022424877 1e-20
7401.0 0.2978579998 1e-20
7401.75 0.3027785122 1e-20
7402.5 0.3076989949 1e-20
7403.25 0.3162640035 1e-20
7404.0 0.3248290122 1e-20
7404.75 0.3216514885 1e-20
7405.5 0.3184739947 1e-20
7406.25 0.314950496 1e-20
7407.0 0.3114269972 1e-20
7407.75 0.3114640117 1e-20
7408.5 0.3115009964 1e-20
7409.25 0.307782501 1e-20
7410.0 0.3040640056 1e-20
7410.75 0.2982159853 1e-20
7411.5 0.2923679948 1e-20
7412.25 0.2917025089 1e-20
7413.0 0.2910369933 1e-20
7413.75 0.2916595042 1e-20
7414.5 0.2922819853 1e-20
7415.25 0.2943375111 1e-20
7416.0 0.296393007 1e-20
7416.75 0.3003979921 1e-20
7417.5 0.304403007 1e-20
7418.25 0.2985684872 1e-20
7419.0 0.2927339971 1e-20
7419.75 0.2916764915 1e-20
7420.5 0.2906189859 1e-20
7421.25 0.2855665088 1e-20
7422.0 0.2805140018 1e-20
7422.75 0.275246501 1e-20
7423.5 0.2699790001 1e-20
7424.25 0.2788954973 1e-20
7425.0 0.2878119946 1e-20
7425.75 0.2867569923 1e-20
7426.5 0.2857019901 1e-20
7427.25 0.2763944864 1e-20
7428.0 0.2670870125 1e-20
7428.75 0.2763395011 1e-20
7429.5 0.2855919898 1e-20
7430.25 0.2913120091 1e-20
7431.0 0.2970319986 1e-20
7431.75 0.2890410125 1e-20
7432.5 0.2810499966 1e-20
7433.25 0.2821420133 1e-20
7434.0 0.2832340002 1e-20
7434.75 0.2940824926 1e-20
7435.5 0.3049310148 1e-20
7436.25 0.3005920053 1e-20
7437.0 0.2962529957 1e-20
7437.75 0.2865715027 1e-20
7438.5 0.2768900096 1e-20
7439.25 0.2764975131 1e-20
7440.0 0.2761049867 1e-20
7440.75 0.272754997 1e-20
7441.5 0.2694050074 1e-20
7442.25 0.2667154968 1e-20
7443.0 0.2640259862 1e-20
7443.75 0.2702594995 1e-20
7444.5 0.2764930129 1e-20
7445.25 0.2699925005 1e-20
7446.0 0.2634919882 1e-20
7446.75 0.2717880011 1e-20
7447.5 0.2800840139 1e-20
7448.25 0.2880494893 1e-20
7449.0 0.2960149944 1e-20
7449.75 0.2954755127 1e-20
7450.5 0.2949360013 1e-20
7451.25 0.2923460007 1e-20
7452.0 0.289756 1e-20
7452.75 0.2953880131 1e-20
7453.5 0.3010199964 1e-20
7454.25 0.3010525107 1e-20
7455.0 0.3010849953 1e-20
7455.75 0.2939139903 1e-20
7456.5 0.2867429852 1e-20
7457.25 0.2841215134 1e-20
7458.0 0.2815000117 1e-20
7458.75 0.269759506 1e-20
7459.5 0.2580190003 1e-20
7460.25 0.2586934865 1e-20
7461.0 0.2593680024 1e-20
7461.75 0.2663269937 1e-20
7462.5 0.2732860148 1e-20
7463.25 0.2701700032 1e-20
7464.0 0.2670539916 1e-20
7464.75 0.2772265077 1e-20
7465.5 0.287398994 1e-20
7466.25 0.2976705134 1e-20
7467.0 0.307942003 1e-20
7467.75 0.2992455065 1e-20
7468.5 0.29054901 1e-20
7469.25 0.2897570133 1e-20
7470.0 0.2889649868 1e-20
7470.75 0.2866330147 1e-20
7471.5 0.2843010128 1e-20
7472.25 0.2836459875 1e-20
7473.0 0.2829909921 1e-20
7473.75 0.2895844877 1e-20
7474.5 0.2961780131 1e-20
7475.25 0.2797769904 1e-20
7476.0 0.2633759975 1e-20
7476.75 0.2629840076 1e-20
7477.5 0.2625919878 1e-20
7478.25 0.2715010047 1e-20
7479.0 0.2804099917 1e-20
7479.75 0.2765884995 1e-20
7480.5 0.2727670074 1e-20
7481.25 0.2785505056 1e-20
7482.0 0.2843340039 1e-20
7482.75 0.2851965129 1e-20
7483.5 0.2860589921 1e-20
7484.25 0.275478512 1e-20
7485.0 0.2648980021 1e-20
7485.75 0.266286999 1e-20
7486.5 0.2676759958 1e-20
7487.25 0.2633695006 1e-20
7488.0 0.2590630054 1e-20
7488.75 0.2660365105 1e-20
7489.5 0.2730099857 1e-20
7490.25 0.285523504 1e-20
7491.0 0.2980369925 1e-20
7491.75 0.2995359898 1e-20
7492.5 0.301034987 1e-20
7493.25 0.3006510139 1e-20
7494.0 0.3002670109 1e-20
7494.75 0.289193511 1e-20
7495.5 0.2781200111 1e-20
7496.25 0.2717480063 1e-20
7497.0 0.2653760016 1e-20
7497.75 0.27680251 1e-20
7498.5 0.2882289886 1e-20
7499.25 0.2850295007 1e-20
7500.0 0.2818300128 1e-20
7500.75 0.2684654891 1e-20
7501.5 0.2551009953 1e-20
7502.25 0.2542225122 1e-20
7503.0 0.2533439994 1e-20
7503.75 0.2647869885 1e-20
7504.5 0.2762300074 1e-20
7505.25 0.2706804872 1e-20
7506.0 0.2651309967 1e-20
7506.75 0.2640165091 1e-20
7507.5 0.2629019916 1e-20
7508.25 0.2583220005 1e-20
7509.0 0.2537420094 1e-20
7509.75 0.2581369877 1e-20
7510.5 0.2625319958 1e-20
7511.25 0.2656525075 1e-20
7512.0 0.2687729895 1e-20
7512.75 0.275080502 1e-20
7513.5 0.2813880146 1e-20
7514.25 0.2891660035 1e-20
7515.0 0.2969439924 1e-20
7515.75 0.2921000123 1e-20
7516.5 0.2872560024 1e-20
7517.25 0.2791300118 1e-20
7518.0 0.2710039914 1e-20
7518.75 0.2610220015 1e-20
7519.5 0.2510400116 1e-20
7520.25 0.2558695078 1e-20
7521.0 0.2606990039 1e-20
7521.75 0.2571625113 1e-20
7522.5 0.253625989 1e-20
7523.25 0.2497269958 1e-20
7524.0 0.2458280027 1e-20
7524.75 0.2537930012 1e-20
7525.5 0.2617579997 1e-20
7526.25 0.2652060091 1e-20
7527.0 0.2686539888 1e-20
7527.75 0.2601160109 1e-20
7528.5 0.2515780032 1e-20
7529.25 0.2489514947 1e-20
7530.0 0.2463250011 1e-20
7530.75 0.252790004 1e-20
7531.5 0.259254992 1e-20
7532.25 0.2584809959 1e-20
7533.0 0.2577069998 1e-20
7533.75 0.2524234951 1e-20
7534.5 0.2471400052 1e-20
7535.25 0.2407484949 1e-20
7536.0 0.2343569994 1e-20
7536.75 0.2370045036 1e-20
7537.5 0.2396519929 1e-20
7538.25 0.2539424896 1e-20
7539.0 0.2682330012 1e-20
7539.75 0.2682164907 1e-20
