1615.5 3.96493e-16 1e-20
1617.0 5.17441e-17 1e-20
1618.5 -6.17579e-16 1e-20
1620.0 4.4905e-16 1e-20
1621.5 7.17114e-16 1e-20
1623.0 5.10005e-16 1e-20
1624.5 -7.6423e-16 1e-20
1626.0 -8.1717e-16 1e-20
1627.5 -2.57345e-16 1e-20
1629.0 6.58442e-16 1e-20
1630.5 -5.20338e-16 1e-20
1632.0 -2.37092e-16 1e-20
1633.5 8.81104e-16 1e-20
1635.0 5.08636e-16 1e-20
1636.5 -4.59705e-16 1e-20
1638.0 5.15647e-16 1e-20
1639.5 8.17911e-16 1e-20
1641.0 2.72054e-17 1e-20
1642.5 -5.51835e-17 1e-20
1644.0 1.07942e-16 1e-20
1645.5 3.63145e-16 1e-20
1647.0 6.68838e-16 1e-20
1648.5 3.43512e-16 1e-20
1650.0 4.27342e-16 1e-20
1651.5 8.45194e-16 1e-20
1653.0 2.79818e-16 1e-20
1654.5 6.5308e-16 1e-20
1656.0 5.64919e-16 1e-20
1657.5 1.46998e-16 1e-20
1659.0 1.59819e-16 1e-20
1660.5 1.09658e-16 1e-20
1662.0 -2.22797e-16 1e-20
1663.5 1.13149e-16 1e-20
1665.0 3.96122e-16 1e-20
1666.5 -1.21701e-19 1e-20
1668.0 6.28159e-16 1e-20
1669.5 3.48327e-17 1e-20
1671.0 2.59793e-16 1e-20
1672.5 6.83227e-16 1e-20
1674.0 3.54516e-17 1e-20
1675.5 2.89764e-16 1e-20
1677.0 2.00964e-16 1e-20
1678.5 6.14574e-17 1e-20
1680.0 2.14178e-16 1e-20
1681.5 4.79648e-16 1e-20
1683.0 2.08725e-16 1e-20
1684.5 2.63327e-16 1e-20
1686.0 3.00839e-16 1e-20
1687.5 2.62777e-16 1e-20
1689.0 3.36197e-16 1e-20
1690.5 2.45671e-16 1e-20
1692.0 4.72497e-16 1e-20
1693.5 3.47722e-16 1e-20
1695.0 5.19138e-16 1e-20
1696.5 4.494e-16 1e-20
1698.0 5.58096e-16 1e-20
1699.5 3.17785e-18 1e-20
1701.0 5.09679e-16 1e-20
1702.5 6.05256e-16 1e-20
1704.0 7.23866e-16 1e-20
1705.5 6.31301e-16 1e-20
1707.0 6.82911e-16 1e-20
1708.5 2.88672e-16 1e-20
1710.0 1.16695e-16 1e-20
1711.5 2.87956e-16 1e-20
1713.0 5.59913e-16 1e-20
1714.5 7.94642e-16 1e-20
1716.0 5.41771e-16 1e-20
1717.5 4.45572e-16 1e-20
1719.0 3.57303e-16 1e-20
1720.5 2.35236e-16 1e-20
1722.0 5.42326e-17 1e-20
1723.5 2.13144e-16 1e-20
1725.0 1.63488e-16 1e-20
1726.5 4.44798e-16 1e-20
1728.0 1.74144e-16 1e-20
1729.5 2.54826e-16 1e-20
1731.0 1.65374e-16 1e-20
1732.5 4.05655e-16 1e-20
1734.0 2.66882e-16 1e-20
1735.5 5.4176e-16 1e-20
1737.0 2.73574e-16 1e-20
1738.5 -1.91762e-16 1e-20
1740.0 3.55898e-16 1e-20
1741.5 3.7846e-17 1e-20
1743.0 -6.68187e-17 1e-20
1744.5 -2.14232e-17 1e-20
1746.0 8.72411e-17 1e-20
1747.5 1.69572e-16 1e-20
1749.0 6.51501e-17 1e-20
1750.5 -3.31162e-17 1e-20
1752.0 2.40457e-16 1e-20
1753.5 2.10066e-16 1e-20
1755.0 1.88692e-16 1e-20
1756.5 2.60815e-16 1e-20
1758.0 2.81419e-16 1e-20
1759.5 4.04156e-16 1e-20
1761.0 2.47572e-16 1e-20
1762.5 5.09137e-16 1e-20
1764.0 1.36972e-16 1e-20
1765.5 2.76433e-16 1e-20
1767.0 2.34307e-16 1e-20
1768.5 5.49351e-17 1e-20
1770.0 3.09895e-16 1e-20
1771.5 1.42169e-16 1e-20
1773.0 2.74976e-16 1e-20
1774.5 2.33195e-16 1e-20
1776.0 1.97997e-16 1e-20
1777.5 2.38751e-16 1e-20
1779.0 3.93688e-16 1e-20
1780.5 3.61014e-16 1e-20
1782.0 6.07386e-16 1e-20
1783.5 5.76713e-16 1e-20
1785.0 4.9697e-16 1e-20
1786.5 5.32906e-16 1e-20
1788.0 5.9281e-16 1e-20
1789.5 4.20485e-16 1e-20
1791.0 4.40473e-16 1e-20
1792.5 5.58987e-16 1e-20
1794.0 6.32768e-16 1e-20
1795.5 6.20112e-16 1e-20
1797.0 3.98052e-16 1e-20
1798.5 5.46461e-16 1e-20
1800.0 5.85024e-16 1e-20
1801.5 6.57912e-16 1e-20
1803.0 6.64673e-16 1e-20
1804.5 6.56419e-16 1e-20
1806.0 9.35708e-16 1e-20
1807.5 1.09341e-15 1e-20
1809.0 9.13751e-16 1e-20
1810.5 5.52954e-16 1e-20
1812.0 7.54437e-16 1e-20
1813.5 7.55014e-16 1e-20
1815.0 8.07172e-16 1e-20
1816.5 8.68035e-16 1e-20
1818.0 9.4971e-16 1e-20
1819.5 7.72484e-16 1e-20
1821.0 8.09286e-16 1e-20
1822.5 8.85841e-16 1e-20
1824.0 9.73519e-16 1e-20
1825.5 1.03525e-15 1e-20
1827.0 1.0617e-15 1e-20
1828.5 1.05645e-15 1e-20
1830.0 1.06088e-15 1e-20
1831.5 1.13901e-15 1e-20
1833.0 1.17574e-15 1e-20
1834.5 1.29822e-15 1e-20
1836.0 1.59357e-15 1e-20
1837.5 1.52134e-15 1e-20
1839.0 1.50413e-15 1e-20
1840.5 1.56913e-15 1e-20
1842.0 1.49417e-15 1e-20
1843.5 1.74551e-15 1e-20
1845.0 1.61672e-15 1e-20
1846.5 1.57726e-15 1e-20
1848.0 1.70409e-15 1e-20
1849.5 1.52876e-15 1e-20
1851.0 1.63503e-15 1e-20
1852.5 1.79014e-15 1e-20
1854.0 1.80048e-15 1e-20
1855.5 1.57317e-15 1e-20
1857.0 1.64695e-15 1e-20
1858.5 1.75758e-15 1e-20
1860.0 1.61586e-15 1e-20
1861.5 1.62209e-15 1e-20
1863.0 1.80265e-15 1e-20
1864.5 1.72942e-15 1e-20
1866.0 1.99913e-15 1e-20
1867.5 1.99933e-15 1e-20
1869.0 2.1474e-15 1e-20
1870.5 2.30975e-15 1e-20
1872.0 2.15826e-15 1e-20
1873.5 1.95326e-15 1e-20
1875.0 2.20093e-15 1e-20
1876.5 2.21318e-15 1e-20
1878.0 2.24244e-15 1e-20
1879.5 2.27588e-15 1e-20
1881.0 2.33735e-15 1e-20
1882.5 2.39609e-15 1e-20
1884.0 2.31996e-15 1e-20
1885.5 2.63016e-15 1e-20
1887.0 2.68193e-15 1e-20
1888.5 2.78559e-15 1e-20
1890.0 3.05401e-15 1e-20
1891.5 3.05819e-15 1e-20
1893.0 3.17376e-15 1e-20
1894.5 3.53567e-15 1e-20
1896.0 3.43467e-15 1e-20
1897.5 3.30628e-15 1e-20
1899.0 3.53624e-15 1e-20
1900.5 3.72617e-15 1e-20
1902.0 3.6869e-15 1e-20
1903.5 3.85555e-15 1e-20
1905.0 3.64292e-15 1e-20
1906.5 3.74726e-15 1e-20
1908.0 3.68055e-15 1e-20
1909.5 3.81706e-15 1e-20
1911.0 3.87138e-15 1e-20
1912.5 3.62366e-15 1e-20
1914.0 3.76465e-15 1e-20
1915.5 3.70635e-15 1e-20
1917.0 3.66105e-15 1e-20
1918.5 3.23459e-15 1e-20
1920.0 3.16396e-15 1e-20
1921.5 3.25208e-15 1e-20
1923.0 3.09842e-15 1e-20
1924.5 2.91853e-15 1e-20
1926.0 3.05e-15 1e-20
1927.5 3.12704e-15 1e-20
1929.0 2.73757e-15 1e-20
1930.5 2.75422e-15 1e-20
1932.0 2.67616e-15 1e-20
1933.5 2.51231e-15 1e-20
1935.0 2.44723e-15 1e-20
1936.5 2.46626e-15 1e-20
1938.0 2.38439e-15 1e-20
1939.5 2.28586e-15 1e-20
1941.0 2.27416e-15 1e-20
1942.5 2.04731e-15 1e-20
1944.0 2.04161e-15 1e-20
1945.5 2.11249e-15 1e-20
1947.0 2.24769e-15 1e-20
1948.5 1.96142e-15 1e-20
1950.0 1.83286e-15 1e-20
1951.5 1.81851e-15 1e-20
1953.0 1.76133e-15 1e-20
1954.5 1.87304e-15 1e-20
1956.0 1.78946e-15 1e-20
1957.5 2.01407e-15 1e-20
1959.0 1.88184e-15 1e-20
1960.5 1.72273e-15 1e-20
1962.0 1.60502e-15 1e-20
1963.5 1.70005e-15 1e-20
1965.0 1.63144e-15 1e-20
1966.5 1.73079e-15 1e-20
1968.0 1.64784e-15 1e-20
1969.5 1.643e-15 1e-20
1971.0 1.67155e-15 1e-20
1972.5 1.73188e-15 1e-20
1974.0 1.55856e-15 1e-20
1975.5 1.72968e-15 1e-20
1977.0 1.65517e-15 1e-20
1978.5 1.60179e-15 1e-20
1980.0 1.61366e-15 1e-20
1981.5 1.70246e-15 1e-20
1983.0 1.65415e-15 1e-20
1984.5 1.56261e-15 1e-20
1986.0 1.81598e-15 1e-20
1987.5 1.82656e-15 1e-20
1989.0 1.9337e-15 1e-20
1990.5 1.94772e-15 1e-20
1992.0 2.16361e-15 1e-20
1993.5 2.24444e-15 1e-20
1995.0 2.14741e-15 1e-20
1996.5 2.09375e-15 1e-20
1998.0 2.2325e-15 1e-20
1999.5 2.22947e-15 1e-20
2001.0 2.35014e-15 1e-20
2002.5 2.39043e-15 1e-20
2004.0 2.40757e-15 1e-20
2005.5 2.6812e-15 1e-20
2007.0 2.67245e-15 1e-20
2008.5 2.66659e-15 1e-20
2010.0 2.89156e-15 1e-20
2011.5 3.04827e-15 1e-20
2013.0 2.83614e-15 1e-20
2014.5 2.7812e-15 1e-20
2016.0 2.99482e-15 1e-20
2017.5 2.99168e-15 1e-20
2019.0 2.90097e-15 1e-20
2020.5 3.00837e-15 1e-20
2022.0 2.9636e-15 1e-20
2023.5 2.98009e-15 1e-20
2025.0 3.10288e-15 1e-20
2026.5 3.21459e-15 1e-20
2028.0 3.11002e-15 1e-20
2029.5 2.9805e-15 1e-20
2031.0 3.05996e-15 1e-20
2032.5 2.87794e-15 1e-20
2034.0 2.97385e-15 1e-20
2035.5 2.97395e-15 1e-20
2037.0 2.73919e-15 1e-20
2038.5 2.93088e-15 1e-20
2040.0 3.02659e-15 1e-20
2041.5 2.93939e-15 1e-20
2043.0 2.7624e-15 1e-20
2044.5 2.89827e-15 1e-20
2046.0 3.0144e-15 1e-20
2047.5 2.85752e-15 1e-20
2049.0 2.74045e-15 1e-20
2050.5 2.82007e-15 1e-20
2052.0 2.75419e-15 1e-20
2053.5 2.75455e-15 1e-20
2055.0 2.65616e-15 1e-20
2056.5 2.76303e-15 1e-20
2058.0 2.64432e-15 1e-20
2059.5 2.6067e-15 1e-20
2061.0 2.51124e-15 1e-20
2062.5 2.30266e-15 1e-20
2064.0 2.52716e-15 1e-20
2065.5 2.59043e-15 1e-20
2067.0 2.54371e-15 1e-20
2068.5 2.62562e-15 1e-20
2070.0 2.61464e-15 1e-20
2071.5 2.59615e-15 1e-20
2073.0 2.53369e-15 1e-20
2074.5 2.41318e-15 1e-20
2076.0 2.52317e-15 1e-20
2077.5 2.32676e-15 1e-20
2079.0 2.19519e-15 1e-20
2080.5 2.24952e-15 1e-20
2082.0 2.08765e-15 1e-20
2083.5 2.00148e-15 1e-20
2085.0 2.10077e-15 1e-20
2086.5 2.32217e-15 1e-20
2088.0 2.20394e-15 1e-20
2089.5 2.0839e-15 1e-20
2091.0 1.99699e-15 1e-20
2092.5 2.03611e-15 1e-20
2094.0 2.09619e-15 1e-20
2095.5 1.96252e-15 1e-20
2097.0 2.13352e-15 1e-20
2098.5 2.03033e-15 1e-20
2100.0 2.03404e-15 1e-20
2101.5 1.99437e-15 1e-20
2103.0 2.00343e-15 1e-20
2104.5 2.0162e-15 1e-20
2106.0 2.00842e-15 1e-20
2107.5 1.9218e-15 1e-20
2109.0 1.85929e-15 1e-20
2110.5 1.89388e-15 1e-20
2112.0 1.85943e-15 1e-20
2113.5 1.94104e-15 1e-20
2115.0 1.90311e-15 1e-20
2116.5 1.91018e-15 1e-20
2118.0 1.82644e-15 1e-20
2119.5 1.88305e-15 1e-20
2121.0 1.80961e-15 1e-20
2122.5 1.67701e-15 1e-20
2124.0 1.78791e-15 1e-20
2125.5 1.87917e-15 1e-20
2127.0 1.62512e-15 1e-20
2128.5 1.72796e-15 1e-20
2130.0 1.79026e-15 1e-20
2131.5 1.71483e-15 1e-20
2133.0 1.77548e-15 1e-20
2134.5 1.89062e-15 1e-20
2136.0 1.78112e-15 1e-20
2137.5 1.88275e-15 1e-20
2139.0 1.88743e-15 1e-20
2140.5 1.86518e-15 1e-20
2142.0 1.92029e-15 1e-20
2143.5 1.94e-15 1e-20
2145.0 1.97558e-15 1e-20
2146.5 2.00687e-15 1e-20
2148.0 2.03607e-15 1e-20
2149.5 1.97476e-15 1e-20
2151.0 1.99657e-15 1e-20
2152.5 2.12756e-15 1e-20
2154.0 2.09369e-15 1e-20
2155.5 2.0988e-15 1e-20
2157.0 2.07056e-15 1e-20
2158.5 2.02744e-15 1e-20
2160.0 2.13432e-15 1e-20
2161.5 1.97117e-15 1e-20
2163.0 2.04253e-15 1e-20
2164.5 2.10708e-15 1e-20
2166.0 1.8682e-15 1e-20
2167.5 1.98293e-15 1e-20
2169.0 1.92557e-15 1e-20
2170.5 1.69125e-15 1e-20
2172.0 1.82555e-15 1e-20
2173.5 1.88245e-15 1e-20
2175.0 1.8748e-15 1e-20
2176.5 1.76749e-15 1e-20
2178.0 1.789e-15 1e-20
2179.5 1.82334e-15 1e-20
2181.0 1.64919e-15 1e-20
2182.5 1.62099e-15 1e-20
2184.0 1.66035e-15 1e-20
2185.5 1.65129e-15 1e-20
2187.0 1.70226e-15 1e-20
2188.5 1.72122e-15 1e-20
2190.0 1.70267e-15 1e-20
2191.5 1.63846e-15 1e-20
2193.0 1.56906e-15 1e-20
2194.5 1.65872e-15 1e-20
2196.0 1.61774e-15 1e-20
2197.5 1.60093e-15 1e-20
2199.0 1.50086e-15 1e-20
2200.5 1.54859e-15 1e-20
2202.0 1.52084e-15 1e-20
2203.5 1.56156e-15 1e-20
2205.0 1.52911e-15 1e-20
2206.5 1.52677e-15 1e-20
2208.0 1.51131e-15 1e-20
2209.5 1.44773e-15 1e-20
2211.0 1.4997e-15 1e-20
2212.5 1.40621e-15 1e-20
2214.0 1.35999e-15 1e-20
2215.5 1.47961e-15 1e-20
2217.0 1.38889e-15 1e-20
2218.5 1.38033e-15 1e-20
2220.0 1.42223e-15 1e-20
2221.5 1.34648e-15 1e-20
2223.0 1.49229e-15 1e-20
2224.5 1.19632e-15 1e-20
2226.0 1.23525e-15 1e-20
2227.5 1.30482e-15 1e-20
2229.0 1.33433e-15 1e-20
2230.5 1.21719e-15 1e-20
2232.0 1.29404e-15 1e-20
2233.5 1.27315e-15 1e-20
2235.0 1.15668e-15 1e-20
2236.5 1.19787e-15 1e-20
2238.0 1.23975e-15 1e-20
2239.5 1.13663e-15 1e-20
2241.0 1.12792e-15 1e-20
2242.5 1.13104e-15 1e-20
2244.0 1.21437e-15 1e-20
2245.5 1.15349e-15 1e-20
2247.0 1.10558e-15 1e-20
2248.5 1.01196e-15 1e-20
2250.0 1.0561e-15 1e-20
2251.5 1.12003e-15 1e-20
2253.0 1.01475e-15 1e-20
2254.5 1.03258e-15 1e-20
2256.0 1.09892e-15 1e-20
2257.5 9.59999e-16 1e-20
2259.0 1.02651e-15 1e-20
2260.5 9.999e-16 1e-20
2262.0 1.07786e-15 1e-20
2263.5 9.53917e-16 1e-20
2265.0 1.01212e-15 1e-20
2266.5 1.02832e-15 1e-20
2268.0 9.12775e-16 1e-20
2269.5 9.17741e-16 1e-20
2271.0 9.68333e-16 1e-20
2272.5 9.72718e-16 1e-20
2274.0 9.55036e-16 1e-20
2275.5 9.15623e-16 1e-20
2277.0 8.94384e-16 1e-20
2278.5 9.36767e-16 1e-20
2280.0 8.81884e-16 1e-20
2281.5 9.04171e-16 1e-20
2283.0 8.97933e-16 1e-20
2284.5 9.36266e-16 1e-20
2286.0 8.52045e-16 1e-20
2287.5 8.45686e-16 1e-20
2289.0 9.70165e-16 1e-20
2290.5 9.6333e-16 1e-20
2292.0 9.15936e-16 1e-20
2293.5 9.43689e-16 1e-20
2295.0 9.72519e-16 1e-20
2296.5 9.53976e-16 1e-20
2298.0 1.01023e-15 1e-20
2299.5 1.07269e-15 1e-20
2301.0 1.16916e-15 1e-20
2302.5 1.17855e-15 1e-20
2304.0 1.156e-15 1e-20
2305.5 1.20002e-15 1e-20
2307.0 1.23879e-15 1e-20
2308.5 1.1795e-15 1e-20
2310.0 1.20771e-15 1e-20
2311.5 1.35289e-15 1e-20
2313.0 1.43901e-15 1e-20
2314.5 1.4827e-15 1e-20
2316.0 1.53337e-15 1e-20
2317.5 1.64694e-15 1e-20
2319.0 1.57988e-15 1e-20
2320.5 1.68837e-15 1e-20
2322.0 1.81626e-15 1e-20
2323.5 1.97419e-15 1e-20
2325.0 1.9336e-15 1e-20
2326.5 2.05108e-15 1e-20
2328.0 2.17024e-15 1e-20
2329.5 2.26125e-15 1e-20
2331.0 2.25222e-15 1e-20
2332.5 2.29298e-15 1e-20
2334.0 2.31618e-15 1e-20
2335.5 2.36314e-15 1e-20
2337.0 2.42973e-15 1e-20
2338.5 2.46101e-15 1e-20
2340.0 2.70475e-15 1e-20
2341.5 2.64923e-15 1e-20
2343.0 2.53328e-15 1e-20
2344.5 2.44912e-15 1e-20
2346.0 2.74617e-15 1e-20
2347.5 2.89469e-15 1e-20
2349.0 3.0493e-15 1e-20
2350.5 2.9732e-15 1e-20
2352.0 3.03567e-15 1e-20
2353.5 3.07216e-15 1e-20
2355.0 3.15879e-15 1e-20
2356.5 3.25863e-15 1e-20
2358.0 3.31504e-15 1e-20
2359.5 3.41643e-15 1e-20
2361.0 3.32297e-15 1e-20
2362.5 3.52742e-15 1e-20
2364.0 3.54934e-15 1e-20
2365.5 3.587e-15 1e-20
2367.0 3.6273e-15 1e-20
2368.5 3.57916e-15 1e-20
2370.0 3.69435e-15 1e-20
2371.5 3.82662e-15 1e-20
2373.0 3.71322e-15 1e-20
2374.5 3.35211e-15 1e-20
2376.0 3.35287e-15 1e-20
2377.5 3.71862e-15 1e-20
2379.0 3.71981e-15 1e-20
2380.5 3.58711e-15 1e-20
2382.0 3.6789e-15 1e-20
2383.5 3.45148e-15 1e-20
2385.0 3.59534e-15 1e-20
2386.5 3.8453e-15 1e-20
2388.0 3.91788e-15 1e-20
2389.5 3.88603e-15 1e-20
2391.0 3.83023e-15 1e-20
2392.5 3.78239e-15 1e-20
2394.0 3.88565e-15 1e-20
2395.5 3.79262e-15 1e-20
2397.0 3.70506e-15 1e-20
2398.5 3.73516e-15 1e-20
2400.0 3.81285e-15 1e-20
2401.5 3.86026e-15 1e-20
2403.0 3.79914e-15 1e-20
2404.5 3.72362e-15 1e-20
2406.0 3.65532e-15 1e-20
2407.5 3.69186e-15 1e-20
2409.0 3.73605e-15 1e-20
2410.5 3.76507e-15 1e-20
2412.0 3.62375e-15 1e-20
2413.5 3.63836e-15 1e-20
2415.0 3.66771e-15 1e-20
2416.5 3.71311e-15 1e-20
2418.0 3.45174e-15 1e-20
2419.5 3.6429e-15 1e-20
2421.0 3.61953e-15 1e-20
2422.5 3.46664e-15 1e-20
2424.0 3.67243e-15 1e-20
2425.5 3.59233e-15 1e-20
2427.0 3.44105e-15 1e-20
2428.5 3.50687e-15 1e-20
2430.0 3.45049e-15 1e-20
2431.5 3.54317e-15 1e-20
2433.0 3.45373e-15 1e-20
2434.5 3.32673e-15 1e-20
2436.0 3.2429e-15 1e-20
2437.5 3.24362e-15 1e-20
2439.0 3.37285e-15 1e-20
2440.5 3.29497e-15 1e-20
2442.0 3.13034e-15 1e-20
2443.5 3.21243e-15 1e-20
2445.0 3.14238e-15 1e-20
2446.5 3.05423e-15 1e-20
2448.0 2.97004e-15 1e-20
2449.5 3.05048e-15 1e-20
2451.0 2.96071e-15 1e-20
2452.5 2.78191e-15 1e-20
2454.0 2.81814e-15 1e-20
2455.5 2.90673e-15 1e-20
2457.0 2.67573e-15 1e-20
2458.5 2.61934e-15 1e-20
2460.0 2.65857e-15 1e-20
2461.5 2.59169e-15 1e-20
2463.0 2.5596e-15 1e-20
2464.5 2.49381e-15 1e-20
2466.0 2.51693e-15 1e-20
2467.5 2.48084e-15 1e-20
2469.0 2.39046e-15 1e-20
2470.5 2.34432e-15 1e-20
2472.0 2.32125e-15 1e-20
2473.5 2.11631e-15 1e-20
2475.0 2.35812e-15 1e-20
2476.5 2.23035e-15 1e-20
2478.0 2.17424e-15 1e-20
2479.5 2.16571e-15 1e-20
2481.0 2.00709e-15 1e-20
2482.5 1.92032e-15 1e-20
2484.0 2.09746e-15 1e-20
2485.5 1.91751e-15 1e-20
2487.0 1.89293e-15 1e-20
2488.5 2.07012e-15 1e-20
2490.0 1.90404e-15 1e-20
2491.5 1.91179e-15 1e-20
2493.0 1.8907e-15 1e-20
2494.5 1.83086e-15 1e-20
2496.0 1.85509e-15 1e-20
2497.5 1.75787e-15 1e-20
2499.0 1.75817e-15 1e-20
2500.5 1.79848e-15 1e-20
2502.0 1.90845e-15 1e-20
2503.5 1.83357e-15 1e-20
2505.0 1.89453e-15 1e-20
2506.5 1.75411e-15 1e-20
2508.0 1.83219e-15 1e-20
2509.5 1.88505e-15 1e-20
2511.0 1.98733e-15 1e-20
2512.5 1.9606e-15 1e-20
2514.0 2.03336e-15 1e-20
2515.5 2.07955e-15 1e-20
2517.0 2.17999e-15 1e-20
2518.5 2.31616e-15 1e-20
2520.0 2.4195e-15 1e-20
2521.5 2.39894e-15 1e-20
2523.0 2.35714e-15 1e-20
2524.5 2.55188e-15 1e-20
2526.0 2.67789e-15 1e-20
2527.5 2.71929e-15 1e-20
2529.0 2.81432e-15 1e-20
2530.5 2.84653e-15 1e-20
2532.0 2.97092e-15 1e-20
2533.5 3.22177e-15 1e-20
2535.0 3.36269e-15 1e-20
2536.5 3.61434e-15 1e-20
2538.0 3.47099e-15 1e-20
2539.5 3.71838e-15 1e-20
2541.0 3.87656e-15 1e-20
2542.5 4.03968e-15 1e-20
2544.0 4.03863e-15 1e-20
2545.5 4.20602e-15 1e-20
2547.0 4.3769e-15 1e-20
2548.5 4.32279e-15 1e-20
2550.0 4.31514e-15 1e-20
2551.5 4.66677e-15 1e-20
2553.0 4.62646e-15 1e-20
2554.5 4.63032e-15 1e-20
2556.0 4.53973e-15 1e-20
2557.5 4.61614e-15 1e-20
2559.0 4.57793e-15 1e-20
2560.5 4.56434e-15 1e-20
2562.0 4.59799e-15 1e-20
2563.5 4.61131e-15 1e-20
2565.0 4.51165e-15 1e-20
2566.5 4.48641e-15 1e-20
2568.0 4.68697e-15 1e-20
2569.5 4.56389e-15 1e-20
2571.0 4.5398e-15 1e-20
2572.5 4.61875e-15 1e-20
2574.0 4.59961e-15 1e-20
2575.5 4.69423e-15 1e-20
2577.0 4.71466e-15 1e-20
2578.5 4.64045e-15 1e-20
2580.0 4.69023e-15 1e-20
2581.5 4.73262e-15 1e-20
2583.0 4.73178e-15 1e-20
2584.5 4.58335e-15 1e-20
2586.0 4.45186e-15 1e-20
2587.5 4.42151e-15 1e-20
2589.0 4.5939e-15 1e-20
2590.5 4.79616e-15 1e-20
2592.0 4.71535e-15 1e-20
2593.5 4.6947e-15 1e-20
2595.0 4.85022e-15 1e-20
2596.5 4.83521e-15 1e-20
2598.0 4.7524e-15 1e-20
2599.5 4.35569e-15 1e-20
2601.0 4.05079e-15 1e-20
2602.5 4.63606e-15 1e-20
2604.0 4.60603e-15 1e-20
2605.5 4.5764e-15 1e-20
2607.0 4.58752e-15 1e-20
2608.5 4.64085e-15 1e-20
2610.0 4.58162e-15 1e-20
2611.5 4.46912e-15 1e-20
2613.0 4.5083e-15 1e-20
2614.5 4.48209e-15 1e-20
2616.0 4.17237e-15 1e-20
2617.5 4.3725e-15 1e-20
2619.0 4.27112e-15 1e-20
2620.5 3.88411e-15 1e-20
2622.0 4.07264e-15 1e-20
2623.5 4.01821e-15 1e-20
2625.0 3.93066e-15 1e-20
2626.5 3.82586e-15 1e-20
2628.0 3.73384e-15 1e-20
2629.5 3.82709e-15 1e-20
2631.0 3.70813e-15 1e-20
2632.5 3.61587e-15 1e-20
2634.0 3.40894e-15 1e-20
2635.5 3.49263e-15 1e-20
2637.0 3.49028e-15 1e-20
2638.5 3.34137e-15 1e-20
2640.0 3.24448e-15 1e-20
2641.5 3.02082e-15 1e-20
2643.0 3.01909e-15 1e-20
2644.5 3.1011e-15 1e-20
2646.0 3.0861e-15 1e-20
2647.5 2.89306e-15 1e-20
2649.0 2.87079e-15 1e-20
2650.5 2.87209e-15 1e-20
2652.0 2.90857e-15 1e-20
2653.5 2.82982e-15 1e-20
2655.0 2.68842e-15 1e-20
2656.5 2.68395e-15 1e-20
2658.0 2.68659e-15 1e-20
2659.5 2.68175e-15 1e-20
2661.0 2.60842e-15 1e-20
2662.5 2.64585e-15 1e-20
2664.0 2.68805e-15 1e-20
2665.5 2.809e-15 1e-20
2667.0 2.68639e-15 1e-20
2668.5 2.60121e-15 1e-20
2670.0 2.59245e-15 1e-20
2671.5 2.67695e-15 1e-20
2673.0 2.75498e-15 1e-20
2674.5 2.95701e-15 1e-20
2676.0 2.94635e-15 1e-20
2677.5 2.87999e-15 1e-20
2679.0 2.99061e-15 1e-20
2680.5 3.00734e-15 1e-20
2682.0 3.20946e-15 1e-20
2683.5 3.25402e-15 1e-20
2685.0 3.40584e-15 1e-20
2686.5 3.55129e-15 1e-20
2688.0 3.65603e-15 1e-20
2689.5 3.68132e-15 1e-20
2691.0 3.64811e-15 1e-20
2692.5 3.77872e-15 1e-20
2694.0 4.00227e-15 1e-20
2695.5 3.93553e-15 1e-20
2697.0 4.11012e-15 1e-20
2698.5 4.38668e-15 1e-20
2700.0 4.38598e-15 1e-20
2701.5 4.45031e-15 1e-20
2703.0 4.53109e-15 1e-20
2704.5 4.83991e-15 1e-20
2706.0 4.88073e-15 1e-20
2707.5 5.06338e-15 1e-20
2709.0 5.12966e-15 1e-20
2710.5 5.32642e-15 1e-20
2712.0 5.60053e-15 1e-20
2713.5 5.47197e-15 1e-20
2715.0 5.44876e-15 1e-20
2716.5 5.63075e-15 1e-20
2718.0 5.79655e-15 1e-20
2719.5 6.06326e-15 1e-20
2721.0 6.14971e-15 1e-20
2722.5 5.97953e-15 1e-20
2724.0 6.29837e-15 1e-20
2725.5 6.04663e-15 1e-20
2727.0 5.93048e-15 1e-20
2728.5 6.12739e-15 1e-20
2730.0 6.27788e-15 1e-20
2731.5 6.22608e-15 1e-20
2733.0 6.13819e-15 1e-20
2734.5 6.17367e-15 1e-20
2736.0 6.36657e-15 1e-20
2737.5 6.30702e-15 1e-20
2739.0 6.49787e-15 1e-20
2740.5 6.54974e-15 1e-20
2742.0 6.40557e-15 1e-20
2743.5 6.46675e-15 1e-20
2745.0 6.35597e-15 1e-20
2746.5 6.58099e-15 1e-20
2748.0 6.66019e-15 1e-20
2749.5 6.55857e-15 1e-20
2751.0 6.74267e-15 1e-20
2752.5 6.79568e-15 1e-20
2754.0 6.86628e-15 1e-20
2755.5 6.8209e-15 1e-20
2757.0 6.83593e-15 1e-20
2758.5 6.95628e-15 1e-20
2760.0 7.05548e-15 1e-20
2761.5 6.99876e-15 1e-20
2763.0 7.03746e-15 1e-20
2764.5 7.25486e-15 1e-20
2766.0 7.37768e-15 1e-20
2767.5 7.52174e-15 1e-20
2769.0 7.48183e-15 1e-20
2770.5 7.67934e-15 1e-20
2772.0 7.75458e-15 1e-20
2773.5 7.93198e-15 1e-20
2775.0 7.97086e-15 1e-20
2776.5 8.05239e-15 1e-20
2778.0 7.86505e-15 1e-20
2779.5 8.10773e-15 1e-20
2781.0 8.2006e-15 1e-20
2782.5 8.351e-15 1e-20
2784.0 8.49251e-15 1e-20
2785.5 8.72802e-15 1e-20
2787.0 8.73278e-15 1e-20
2788.5 8.74696e-15 1e-20
2790.0 9.03821e-15 1e-20
2791.5 9.17114e-15 1e-20
2793.0 9.1346e-15 1e-20
2794.5 8.5222e-15 1e-20
2796.0 8.00577e-15 1e-20
2797.5 7.891e-15 1e-20
2799.0 9.14857e-15 1e-20
2800.5 8.83361e-15 1e-20
2802.0 8.76379e-15 1e-20
2803.5 8.1467e-15 1e-20
2805.0 8.63441e-15 1e-20
2806.5 9.28251e-15 1e-20
2808.0 9.51373e-15 1e-20
2809.5 9.55474e-15 1e-20
2811.0 9.7384e-15 1e-20
2812.5 9.63646e-15 1e-20
2814.0 9.44582e-15 1e-20
2815.5 9.44931e-15 1e-20
2817.0 9.54689e-15 1e-20
2818.5 9.49814e-15 1e-20
2820.0 9.46712e-15 1e-20
2821.5 9.64835e-15 1e-20
2823.0 9.46088e-15 1e-20
2824.5 9.4361e-15 1e-20
2826.0 9.58792e-15 1e-20
2827.5 9.24153e-15 1e-20
2829.0 9.41024e-15 1e-20
2830.5 9.75787e-15 1e-20
2832.0 9.66256e-15 1e-20
2833.5 9.72218e-15 1e-20
2835.0 9.98554e-15 1e-20
2836.5 1.00484e-14 1e-20
2838.0 9.90728e-15 1e-20
2839.5 9.85117e-15 1e-20
2841.0 1.01916e-14 1e-20
2842.5 1.0231e-14 1e-20
2844.0 1.06082e-14 1e-20
2845.5 1.08379e-14 1e-20
2847.0 1.07934e-14 1e-20
2848.5 1.09007e-14 1e-20
2850.0 1.10272e-14 1e-20
2851.5 1.11666e-14 1e-20
2853.0 1.10686e-14 1e-20
2854.5 1.12719e-14 1e-20
2856.0 1.16378e-14 1e-20
2857.5 1.17266e-14 1e-20
2859.0 1.17948e-14 1e-20
2860.5 1.20939e-14 1e-20
2862.0 1.22504e-14 1e-20
2863.5 1.26195e-14 1e-20
2865.0 1.27268e-14 1e-20
2866.5 1.25683e-14 1e-20
2868.0 1.26404e-14 1e-20
2869.5 1.25926e-14 1e-20
2871.0 1.28278e-14 1e-20
2872.5 1.30339e-14 1e-20
2874.0 1.29743e-14 1e-20
2875.5 1.32544e-14 1e-20
2877.0 1.37002e-14 1e-20
2878.5 1.39042e-14 1e-20
2880.0 1.38189e-14 1e-20
2881.5 1.42712e-14 1e-20
2883.0 1.43043e-14 1e-20
2884.5 1.47777e-14 1e-20
2886.0 1.49304e-14 1e-20
2887.5 1.47934e-14 1e-20
2889.0 1.5474e-14 1e-20
2890.5 1.5284e-14 1e-20
2892.0 1.59565e-14 1e-20
2893.5 1.61941e-14 1e-20
2895.0 1.65193e-14 1e-20
2896.5 1.70902e-14 1e-20
2898.0 1.69648e-14 1e-20
2899.5 1.74388e-14 1e-20
2901.0 1.77027e-14 1e-20
2902.5 1.80969e-14 1e-20
2904.0 1.90378e-14 1e-20
2905.5 1.90496e-14 1e-20
2907.0 1.89078e-14 1e-20
2908.5 1.9301e-14 1e-20
2910.0 1.92761e-14 1e-20
2911.5 1.98626e-14 1e-20
2913.0 1.96133e-14 1e-20
2914.5 1.96372e-14 1e-20
2916.0 1.98927e-14 1e-20
2917.5 1.9691e-14 1e-20
2919.0 2.00523e-14 1e-20
2920.5 2.05386e-14 1e-20
2922.0 2.01183e-14 1e-20
2923.5 1.98509e-14 1e-20
2925.0 2.03219e-14 1e-20
2926.5 1.98824e-14 1e-20
2928.0 1.91218e-14 1e-20
2929.5 1.97875e-14 1e-20
2931.0 1.9994e-14 1e-20
2932.5 1.91261e-14 1e-20
2934.0 1.9559e-14 1e-20
2935.5 1.97472e-14 1e-20
2937.0 1.96491e-14 1e-20
2938.5 1.95411e-14 1e-20
2940.0 1.94151e-14 1e-20
2941.5 1.95594e-14 1e-20
2943.0 1.99317e-14 1e-20
2944.5 1.98475e-14 1e-20
2946.0 2.00115e-14 1e-20
2947.5 1.98436e-14 1e-20
2949.0 1.9796e-14 1e-20
2950.5 1.96916e-14 1e-20
2952.0 1.98136e-14 1e-20
2953.5 1.99125e-14 1e-20
2955.0 1.99199e-14 1e-20
2956.5 1.95474e-14 1e-20
2958.0 1.938e-14 1e-20
2959.5 1.9844e-14 1e-20
2961.0 2.0145e-14 1e-20
2962.5 1.96643e-14 1e-20
2964.0 1.96849e-14 1e-20
2965.5 1.98505e-14 1e-20
2967.0 1.99586e-14 1e-20
2968.5 1.94045e-14 1e-20
2970.0 1.96389e-14 1e-20
2971.5 1.9652e-14 1e-20
2973.0 1.93467e-14 1e-20
2974.5 1.95473e-14 1e-20
2976.0 1.90098e-14 1e-20
2977.5 1.94054e-14 1e-20
2979.0 1.9119e-14 1e-20
2980.5 1.85547e-14 1e-20
2982.0 1.91436e-14 1e-20
2983.5 1.94919e-14 1e-20
2985.0 1.87362e-14 1e-20
2986.5 1.86829e-14 1e-20
2988.0 1.87943e-14 1e-20
2989.5 1.87276e-14 1e-20
2991.0 1.87726e-14 1e-20
2992.5 1.88655e-14 1e-20
2994.0 1.87496e-14 1e-20
2995.5 1.8481e-14 1e-20
2997.0 1.82046e-14 1e-20
2998.5 1.79158e-14 1e-20
3000.0 1.80528e-14 1e-20
3001.5 1.80608e-14 1e-20
3003.0 1.77833e-14 1e-20
3004.5 1.74193e-14 1e-20
3006.0 1.80656e-14 1e-20
3007.5 1.73766e-14 1e-20
3009.0 1.7106e-14 1e-20
3010.5 1.71848e-14 1e-20
3012.0 1.69295e-14 1e-20
3013.5 1.65717e-14 1e-20
3015.0 1.66519e-14 1e-20
3016.5 1.61609e-14 1e-20
3018.0 1.66821e-14 1e-20
3019.5 1.66118e-14 1e-20
3021.0 1.65831e-14 1e-20
3022.5 1.68506e-14 1e-20
3024.0 1.67036e-14 1e-20
3025.5 1.6802e-14 1e-20
3027.0 1.6346e-14 1e-20
3028.5 1.6741e-14 1e-20
3030.0 1.69545e-14 1e-20
3031.5 1.70256e-14 1e-20
3033.0 1.74538e-14 1e-20
3034.5 1.73129e-14 1e-20
3036.0 1.74342e-14 1e-20
3037.5 1.77101e-14 1e-20
3039.0 1.80102e-14 1e-20
3040.5 1.81746e-14 1e-20
3042.0 1.80586e-14 1e-20
3043.5 1.77222e-14 1e-20
3045.0 1.81144e-14 1e-20
3046.5 1.8673e-14 1e-20
3048.0 1.8694e-14 1e-20
3049.5 1.85328e-14 1e-20
3051.0 1.85647e-14 1e-20
3052.5 1.88346e-14 1e-20
3054.0 1.8801e-14 1e-20
3055.5 1.90429e-14 1e-20
3057.0 1.93548e-14 1e-20
3058.5 1.93587e-14 1e-20
3060.0 1.89018e-14 1e-20
3061.5 1.85125e-14 1e-20
3063.0 1.86814e-14 1e-20
3064.5 1.87277e-14 1e-20
3066.0 1.88699e-14 1e-20
3067.5 1.82971e-14 1e-20
3069.0 1.74782e-14 1e-20
3070.5 1.73836e-14 1e-20
3072.0 1.71658e-14 1e-20
3073.5 1.72906e-14 1e-20
3075.0 1.71054e-14 1e-20
3076.5 1.71924e-14 1e-20
3078.0 1.70724e-14 1e-20
3079.5 1.71745e-14 1e-20
3081.0 1.6885e-14 1e-20
3082.5 1.69937e-14 1e-20
3084.0 1.70113e-14 1e-20
3085.5 1.71727e-14 1e-20
3087.0 1.66936e-14 1e-20
3088.5 1.65768e-14 1e-20
3090.0 1.66302e-14 1e-20
3091.5 1.64116e-14 1e-20
3093.0 1.6038e-14 1e-20
3094.5 1.57903e-14 1e-20
3096.0 1.58352e-14 1e-20
3097.5 1.60567e-14 1e-20
3099.0 1.64022e-14 1e-20
3100.5 1.64974e-14 1e-20
3102.0 1.66665e-14 1e-20
3103.5 1.66509e-14 1e-20
3105.0 1.6531e-14 1e-20
3106.5 1.64747e-14 1e-20
3108.0 1.67426e-14 1e-20
3109.5 1.6799e-14 1e-20
3111.0 1.65715e-14 1e-20
3112.5 1.61185e-14 1e-20
3114.0 1.62123e-14 1e-20
3115.5 1.66245e-14 1e-20
3117.0 1.65305e-14 1e-20
3118.5 1.64065e-14 1e-20
3120.0 1.67727e-14 1e-20
3121.5 1.73126e-14 1e-20
3123.0 1.77175e-14 1e-20
3124.5 1.74304e-14 1e-20
3126.0 1.68964e-14 1e-20
3127.5 1.74614e-14 1e-20
3129.0 1.83164e-14 1e-20
3130.5 1.93919e-14 1e-20
3132.0 2.02625e-14 1e-20
3133.5 1.96239e-14 1e-20
3135.0 1.94779e-14 1e-20
3136.5 1.89172e-14 1e-20
3138.0 1.86026e-14 1e-20
3139.5 1.95306e-14 1e-20
3141.0 2.01875e-14 1e-20
3142.5 2.10968e-14 1e-20
3144.0 2.0719e-14 1e-20
3145.5 2.00687e-14 1e-20
3147.0 2.07054e-14 1e-20
3148.5 2.18671e-14 1e-20
3150.0 2.23264e-14 1e-20
3151.5 2.24162e-14 1e-20
3153.0 2.19469e-14 1e-20
3154.5 2.15591e-14 1e-20
3156.0 2.14156e-14 1e-20
3157.5 2.18923e-14 1e-20
3159.0 2.28668e-14 1e-20
3160.5 2.31579e-14 1e-20
3162.0 2.30569e-14 1e-20
3163.5 2.2216e-14 1e-20
3165.0 2.13538e-14 1e-20
3166.5 2.17294e-14 1e-20
3168.0 2.25247e-14 1e-20
3169.5 2.33378e-14 1e-20
3171.0 2.35897e-14 1e-20
3172.5 2.32579e-14 1e-20
3174.0 2.29389e-14 1e-20
3175.5 2.25601e-14 1e-20
3177.0 2.28595e-14 1e-20
3178.5 2.34613e-14 1e-20
3180.0 2.41499e-14 1e-20
3181.5 2.47257e-14 1e-20
3183.0 2.4531e-14 1e-20
3184.5 2.44467e-14 1e-20
3186.0 2.49615e-14 1e-20
3187.5 2.52296e-14 1e-20
3189.0 2.51611e-14 1e-20
3190.5 2.52187e-14 1e-20
3192.0 2.52989e-14 1e-20
3193.5 2.52858e-14 1e-20
3195.0 2.51857e-14 1e-20
3196.5 2.48334e-14 1e-20
3198.0 2.45498e-14 1e-20
3199.5 2.47989e-14 1e-20
3201.0 2.52041e-14 1e-20
3202.5 2.55989e-14 1e-20
3204.0 2.56739e-14 1e-20
3205.5 2.53938e-14 1e-20
3207.0 2.47405e-14 1e-20
3208.5 2.39493e-14 1e-20
3210.0 2.44314e-14 1e-20
3211.5 2.52569e-14 1e-20
3213.0 2.49742e-14 1e-20
3214.5 2.43477e-14 1e-20
3216.0 2.36817e-14 1e-20
3217.5 2.31848e-14 1e-20
3219.0 2.30813e-14 1e-20
3220.5 2.28687e-14 1e-20
3222.0 2.24968e-14 1e-20
3223.5 2.27705e-14 1e-20
3225.0 2.34161e-14 1e-20
3226.5 2.32399e-14 1e-20
3228.0 2.28413e-14 1e-20
3229.5 2.29599e-14 1e-20
3231.0 2.28093e-14 1e-20
3232.5 2.16707e-14 1e-20
3234.0 2.09728e-14 1e-20
3235.5 2.13365e-14 1e-20
3237.0 2.13751e-14 1e-20
3238.5 2.10526e-14 1e-20
3240.0 2.13561e-14 1e-20
3241.5 2.19127e-14 1e-20
3243.0 2.14353e-14 1e-20
3244.5 2.06548e-14 1e-20
3246.0 2.0665e-14 1e-20
3247.5 2.09197e-14 1e-20
3249.0 2.11944e-14 1e-20
3250.5 2.13543e-14 1e-20
3252.0 2.12664e-14 1e-20
3253.5 2.20119e-14 1e-20
3255.0 2.35601e-14 1e-20
3256.5 2.32819e-14 1e-20
3258.0 2.21352e-14 1e-20
3259.5 2.17768e-14 1e-20
3261.0 2.16245e-14 1e-20
3262.5 2.15363e-14 1e-20
3264.0 2.18128e-14 1e-20
3265.5 2.28389e-14 1e-20
3267.0 2.38046e-14 1e-20
3268.5 2.43599e-14 1e-20
3270.0 2.43634e-14 1e-20
3271.5 2.3823e-14 1e-20
3273.0 2.36472e-14 1e-20
3274.5 2.36099e-14 1e-20
3276.0 2.376e-14 1e-20
3277.5 2.3854e-14 1e-20
3279.0 2.34278e-14 1e-20
3280.5 2.30938e-14 1e-20
3282.0 2.32451e-14 1e-20
3283.5 2.34356e-14 1e-20
3285.0 2.36429e-14 1e-20
3286.5 2.38028e-14 1e-20
3288.0 2.38368e-14 1e-20
3289.5 2.35083e-14 1e-20
3291.0 2.29985e-14 1e-20
3292.5 2.30902e-14 1e-20
3294.0 2.35762e-14 1e-20
3295.5 2.43796e-14 1e-20
3297.0 2.48614e-14 1e-20
3298.5 2.44068e-14 1e-20
3300.0 2.4466e-14 1e-20
3301.5 2.5468e-14 1e-20
3303.0 2.54667e-14 1e-20
3304.5 2.45994e-14 1e-20
3306.0 2.46565e-14 1e-20
3307.5 2.50051e-14 1e-20
3309.0 2.49491e-14 1e-20
3310.5 2.49259e-14 1e-20
3312.0 2.54137e-14 1e-20
3313.5 2.57233e-14 1e-20
3315.0 2.52769e-14 1e-20
3316.5 2.53038e-14 1e-20
3318.0 2.61961e-14 1e-20
3319.5 2.60935e-14 1e-20
3321.0 2.50829e-14 1e-20
3322.5 2.50777e-14 1e-20
3324.0 2.55851e-14 1e-20
3325.5 2.67362e-14 1e-20
3327.0 2.79234e-14 1e-20
3328.5 2.78138e-14 1e-20
3330.0 2.78683e-14 1e-20
3331.5 2.915e-14 1e-20
3333.0 2.9713e-14 1e-20
3334.5 2.89931e-14 1e-20
3336.0 2.85811e-14 1e-20
3337.5 2.83628e-14 1e-20
3339.0 2.90678e-14 1e-20
3340.5 3.01084e-14 1e-20
3342.0 2.97427e-14 1e-20
3343.5 2.93758e-14 1e-20
3345.0 3.06008e-14 1e-20
3346.5 3.16283e-14 1e-20
3348.0 3.14479e-14 1e-20
3349.5 3.11422e-14 1e-20
3351.0 3.08805e-14 1e-20
3352.5 3.09635e-14 1e-20
3354.0 3.13473e-14 1e-20
3355.5 3.23006e-14 1e-20
3357.0 3.35277e-14 1e-20
3358.5 3.40622e-14 1e-20
3360.0 3.43678e-14 1e-20
3361.5 3.46478e-14 1e-20
3363.0 3.46528e-14 1e-20
3364.5 3.42646e-14 1e-20
3366.0 3.42019e-14 1e-20
3367.5 3.46402e-14 1e-20
3369.0 3.47004e-14 1e-20
3370.5 3.45196e-14 1e-20
3372.0 3.44551e-14 1e-20
3373.5 3.44693e-14 1e-20
3375.0 3.49242e-14 1e-20
3376.5 3.52841e-14 1e-20
3378.0 3.46333e-14 1e-20
3379.5 3.40411e-14 1e-20
3381.0 3.42132e-14 1e-20
3382.5 3.44321e-14 1e-20
3384.0 3.45091e-14 1e-20
3385.5 3.42449e-14 1e-20
3387.0 3.391e-14 1e-20
3388.5 3.43763e-14 1e-20
3390.0 3.52109e-14 1e-20
3391.5 3.60184e-14 1e-20
3393.0 3.65621e-14 1e-20
3394.5 3.60744e-14 1e-20
3396.0 3.562e-14 1e-20
3397.5 3.58356e-14 1e-20
3399.0 3.57543e-14 1e-20
3400.5 3.52181e-14 1e-20
3402.0 3.65231e-14 1e-20
3403.5 3.90617e-14 1e-20
3405.0 3.91302e-14 1e-20
3406.5 3.83208e-14 1e-20
3408.0 3.85278e-14 1e-20
3409.5 3.88385e-14 1e-20
3411.0 3.8728e-14 1e-20
3412.5 3.8771e-14 1e-20
3414.0 3.93407e-14 1e-20
3415.5 3.89272e-14 1e-20
3417.0 3.72504e-14 1e-20
3418.5 3.77414e-14 1e-20
3420.0 3.96392e-14 1e-20
3421.5 4.01795e-14 1e-20
3423.0 4.05175e-14 1e-20
3424.5 4.19443e-14 1e-20
3426.0 4.31915e-14 1e-20
3427.5 4.27704e-14 1e-20
3429.0 4.24792e-14 1e-20
3430.5 4.32982e-14 1e-20
3432.0 4.38955e-14 1e-20
3433.5 4.40291e-14 1e-20
3435.0 4.40596e-14 1e-20
3436.5 4.41858e-14 1e-20
3438.0 4.40049e-14 1e-20
3439.5 4.37036e-14 1e-20
3441.0 4.41576e-14 1e-20
3442.5 4.4722e-14 1e-20
3444.0 4.46442e-14 1e-20
3445.5 4.47883e-14 1e-20
3447.0 4.55925e-14 1e-20
3448.5 4.56707e-14 1e-20
3450.0 4.48116e-14 1e-20
3451.5 4.50736e-14 1e-20
3453.0 4.59756e-14 1e-20
3454.5 4.56965e-14 1e-20
3456.0 4.51189e-14 1e-20
3457.5 4.53751e-14 1e-20
3459.0 4.5886e-14 1e-20
3460.5 4.63723e-14 1e-20
3462.0 4.70115e-14 1e-20
3463.5 4.78813e-14 1e-20
3465.0 4.79757e-14 1e-20
3466.5 4.71698e-14 1e-20
3468.0 4.77111e-14 1e-20
3469.5 4.89371e-14 1e-20
3471.0 4.86529e-14 1e-20
3472.5 4.78163e-14 1e-20
3474.0 4.74387e-14 1e-20
3475.5 4.74627e-14 1e-20
3477.0 4.83506e-14 1e-20
3478.5 4.86914e-14 1e-20
3480.0 4.77212e-14 1e-20
3481.5 4.67312e-14 1e-20
3483.0 4.57402e-14 1e-20
3484.5 4.58545e-14 1e-20
3486.0 4.67903e-14 1e-20
3487.5 4.67498e-14 1e-20
3489.0 4.64546e-14 1e-20
3490.5 4.65835e-14 1e-20
3492.0 4.63924e-14 1e-20
3493.5 4.49723e-14 1e-20
3495.0 4.39829e-14 1e-20
3496.5 4.43986e-14 1e-20
3498.0 4.51287e-14 1e-20
3499.5 4.60482e-14 1e-20
3501.0 4.55822e-14 1e-20
3502.5 4.44745e-14 1e-20
3504.0 4.57194e-14 1e-20
3505.5 4.76777e-14 1e-20
3507.0 4.82123e-14 1e-20
3508.5 4.80063e-14 1e-20
3510.0 4.69935e-14 1e-20
3511.5 4.64463e-14 1e-20
3513.0 4.69072e-14 1e-20
3514.5 4.73578e-14 1e-20
3516.0 4.7849e-14 1e-20
3517.5 4.82851e-14 1e-20
3519.0 4.87467e-14 1e-20
3520.5 4.92599e-14 1e-20
3522.0 4.98274e-14 1e-20
3523.5 5.05601e-14 1e-20
3525.0 5.13372e-14 1e-20
3526.5 5.20323e-14 1e-20
3528.0 5.29567e-14 1e-20
3529.5 5.42351e-14 1e-20
3531.0 5.51754e-14 1e-20
3532.5 5.58013e-14 1e-20
3534.0 5.69574e-14 1e-20
3535.5 5.81676e-14 1e-20
3537.0 5.76115e-14 1e-20
3538.5 5.66156e-14 1e-20
3540.0 5.73836e-14 1e-20
3541.5 5.83149e-14 1e-20
3543.0 5.83562e-14 1e-20
3544.5 5.87989e-14 1e-20
3546.0 6.00999e-14 1e-20
3547.5 5.97618e-14 1e-20
3549.0 5.76537e-14 1e-20
3550.5 5.77363e-14 1e-20
3552.0 5.89025e-14 1e-20
3553.5 5.99712e-14 1e-20
3555.0 6.07934e-14 1e-20
3556.5 5.95608e-14 1e-20
3558.0 5.84279e-14 1e-20
3559.5 5.95285e-14 1e-20
3561.0 6.01141e-14 1e-20
3562.5 5.92248e-14 1e-20
3564.0 5.88945e-14 1e-20
3565.5 5.91082e-14 1e-20
3567.0 5.89785e-14 1e-20
3568.5 5.87905e-14 1e-20
3570.0 5.87966e-14 1e-20
3571.5 5.86625e-14 1e-20
3573.0 5.78166e-14 1e-20
3574.5 5.67609e-14 1e-20
3576.0 5.57317e-14 1e-20
3577.5 5.53916e-14 1e-20
3579.0 5.62286e-14 1e-20
3580.5 5.71547e-14 1e-20
3582.0 5.81045e-14 1e-20
3583.5 5.84822e-14 1e-20
3585.0 5.8436e-14 1e-20
3586.5 5.7972e-14 1e-20
3588.0 5.74418e-14 1e-20
3589.5 5.77887e-14 1e-20
3591.0 5.86114e-14 1e-20
3592.5 5.97619e-14 1e-20
3594.0 6.05908e-14 1e-20
3595.5 6.08039e-14 1e-20
3597.0 6.08352e-14 1e-20
3598.5 6.06395e-14 1e-20
3600.0 6.0769e-14 1e-20
3601.5 6.11192e-14 1e-20
3603.0 6.14869e-14 1e-20
3604.5 6.1841e-14 1e-20
3606.0 6.21861e-14 1e-20
3607.5 6.27706e-14 1e-20
3609.0 6.36524e-14 1e-20
3610.5 6.44109e-14 1e-20
3612.0 6.50539e-14 1e-20
3613.5 6.4963e-14 1e-20
3615.0 6.40306e-14 1e-20
3616.5 6.2655e-14 1e-20
3618.0 6.12284e-14 1e-20
3619.5 6.25431e-14 1e-20
3621.0 6.43872e-14 1e-20
3622.5 6.34804e-14 1e-20
3624.0 6.23884e-14 1e-20
3625.5 6.26699e-14 1e-20
3627.0 6.27618e-14 1e-20
3628.5 6.23149e-14 1e-20
3630.0 6.18796e-14 1e-20
3631.5 6.14407e-14 1e-20
3633.0 6.22244e-14 1e-20
3634.5 6.34667e-14 1e-20
3636.0 6.28499e-14 1e-20
3637.5 6.18887e-14 1e-20
3639.0 6.2325e-14 1e-20
3640.5 6.28042e-14 1e-20
3642.0 6.25973e-14 1e-20
3643.5 6.32859e-14 1e-20
3645.0 6.53561e-14 1e-20
3646.5 6.56185e-14 1e-20
3648.0 6.42954e-14 1e-20
3649.5 6.60504e-14 1e-20
3651.0 6.8879e-14 1e-20
3652.5 6.84573e-14 1e-20
3654.0 6.73715e-14 1e-20
3655.5 6.85777e-14 1e-20
3657.0 6.97847e-14 1e-20
3658.5 6.94751e-14 1e-20
3660.0 6.97695e-14 1e-20
3661.5 7.14869e-14 1e-20
3663.0 7.26438e-14 1e-20
3664.5 7.31046e-14 1e-20
3666.0 7.42026e-14 1e-20
3667.5 7.53901e-14 1e-20
3669.0 7.54612e-14 1e-20
3670.5 7.54634e-14 1e-20
3672.0 7.66845e-14 1e-20
3673.5 7.80937e-14 1e-20
3675.0 7.93218e-14 1e-20
3676.5 7.98234e-14 1e-20
3678.0 7.92325e-14 1e-20
3679.5 7.95366e-14 1e-20
3681.0 8.06439e-14 1e-20
3682.5 8.04778e-14 1e-20
3684.0 7.97824e-14 1e-20
3685.5 7.97203e-14 1e-20
3687.0 7.99448e-14 1e-20
3688.5 8.05667e-14 1e-20
3690.0 8.14093e-14 1e-20
3691.5 8.23362e-14 1e-20
3693.0 8.28611e-14 1e-20
3694.5 8.27456e-14 1e-20
3696.0 8.19323e-14 1e-20
3697.5 8.05749e-14 1e-20
3699.0 8.04664e-14 1e-20
3700.5 8.06002e-14 1e-20
3702.0 7.87236e-14 1e-20
3703.5 7.65505e-14 1e-20
3705.0 7.61381e-14 1e-20
3706.5 7.57463e-14 1e-20
3708.0 7.45285e-14 1e-20
3709.5 7.28182e-14 1e-20
3711.0 7.04332e-14 1e-20
3712.5 6.79951e-14 1e-20
3714.0 6.56223e-14 1e-20
3715.5 6.54154e-14 1e-20
3717.0 6.59204e-14 1e-20
3718.5 6.32474e-14 1e-20
3720.0 6.04783e-14 1e-20
3721.5 6.08813e-14 1e-20
3723.0 6.12326e-14 1e-20
3724.5 6.00661e-14 1e-20
3726.0 5.8843e-14 1e-20
3727.5 5.76953e-14 1e-20
3729.0 5.62528e-14 1e-20
3730.5 5.44986e-14 1e-20
3732.0 5.31596e-14 1e-20
3733.5 5.19791e-14 1e-20
3735.0 5.05375e-14 1e-20
3736.5 4.9295e-14 1e-20
3738.0 4.90013e-14 1e-20
3739.5 4.86193e-14 1e-20
3741.0 4.7415e-14 1e-20
3742.5 4.64416e-14 1e-20
3744.0 4.59012e-14 1e-20
3745.5 4.53959e-14 1e-20
3747.0 4.49589e-14 1e-20
3748.5 4.44567e-14 1e-20
3750.0 4.39599e-14 1e-20
3751.5 4.35965e-14 1e-20
3753.0 4.33854e-14 1e-20
3754.5 4.34808e-14 1e-20
3756.0 4.35796e-14 1e-20
3757.5 4.33723e-14 1e-20
3759.0 4.30721e-14 1e-20
3760.5 4.27928e-14 1e-20
3762.0 4.24976e-14 1e-20
3763.5 4.2173e-14 1e-20
3765.0 4.23163e-14 1e-20
3766.5 4.26115e-14 1e-20
3768.0 4.24659e-14 1e-20
3769.5 4.23851e-14 1e-20
3771.0 4.28161e-14 1e-20
3772.5 4.30704e-14 1e-20
3774.0 4.27342e-14 1e-20
3775.5 4.22468e-14 1e-20
3777.0 4.16774e-14 1e-20
3778.5 4.12989e-14 1e-20
3780.0 4.11314e-14 1e-20
3781.5 4.07885e-14 1e-20
3783.0 4.03697e-14 1e-20
3784.5 3.99633e-14 1e-20
3786.0 3.94325e-14 1e-20
3787.5 3.85049e-14 1e-20
3789.0 3.78043e-14 1e-20
3790.5 3.78537e-14 1e-20
3792.0 3.79014e-14 1e-20
3793.5 3.77672e-14 1e-20
3795.0 3.70922e-14 1e-20
3796.5 3.60397e-14 1e-20
3798.0 3.60843e-14 1e-20
3799.5 3.66665e-14 1e-20
3801.0 3.71969e-14 1e-20
3802.5 3.76485e-14 1e-20
3804.0 3.76355e-14 1e-20
3805.5 3.77325e-14 1e-20
3807.0 3.82674e-14 1e-20
3808.5 3.83766e-14 1e-20
3810.0 3.79046e-14 1e-20
3811.5 3.73906e-14 1e-20
3813.0 3.68522e-14 1e-20
3814.5 3.70809e-14 1e-20
3816.0 3.75849e-14 1e-20
3817.5 3.74629e-14 1e-20
3819.0 3.72786e-14 1e-20
3820.5 3.74718e-14 1e-20
3822.0 3.74948e-14 1e-20
3823.5 3.69645e-14 1e-20
3825.0 3.70535e-14 1e-20
3826.5 3.80876e-14 1e-20
3828.0 3.84247e-14 1e-20
3829.5 3.82839e-14 1e-20
3831.0 3.83384e-14 1e-20
3832.5 3.84446e-14 1e-20
3834.0 3.88456e-14 1e-20
3835.5 3.92585e-14 1e-20
3837.0 3.92944e-14 1e-20
3838.5 3.96297e-14 1e-20
3840.0 4.07017e-14 1e-20
3841.5 4.14407e-14 1e-20
3843.0 4.16724e-14 1e-20
3844.5 4.21718e-14 1e-20
3846.0 4.27378e-14 1e-20
3847.5 4.30083e-14 1e-20
3849.0 4.325e-14 1e-20
3850.5 4.41882e-14 1e-20
3852.0 4.5431e-14 1e-20
3853.5 4.66579e-14 1e-20
3855.0 4.79031e-14 1e-20
3856.5 4.91237e-14 1e-20
3858.0 5.01529e-14 1e-20
3859.5 5.09161e-14 1e-20
3861.0 5.16995e-14 1e-20
3862.5 5.24574e-14 1e-20
3864.0 5.28836e-14 1e-20
3865.5 5.3342e-14 1e-20
3867.0 5.48609e-14 1e-20
3868.5 5.66424e-14 1e-20
3870.0 5.79472e-14 1e-20
3871.5 5.89241e-14 1e-20
3873.0 5.94232e-14 1e-20
3874.5 6.04844e-14 1e-20
3876.0 6.23622e-14 1e-20
3877.5 6.39322e-14 1e-20
3879.0 6.52802e-14 1e-20
3880.5 6.66697e-14 1e-20
3882.0 6.81413e-14 1e-20
3883.5 7.01771e-14 1e-20
3885.0 7.24398e-14 1e-20
3886.5 7.45715e-14 1e-20
3888.0 7.60811e-14 1e-20
3889.5 7.64307e-14 1e-20
3891.0 7.72479e-14 1e-20
3892.5 7.88882e-14 1e-20
3894.0 8.01116e-14 1e-20
3895.5 8.1077e-14 1e-20
3897.0 8.20831e-14 1e-20
3898.5 8.30037e-14 1e-20
3900.0 8.37871e-14 1e-20
3901.5 8.477e-14 1e-20
3903.0 8.64136e-14 1e-20
3904.5 8.77327e-14 1e-20
3906.0 8.8112e-14 1e-20
3907.5 8.81832e-14 1e-20
3909.0 8.81225e-14 1e-20
3910.5 8.86137e-14 1e-20
3912.0 8.93581e-14 1e-20
3913.5 8.98931e-14 1e-20
3915.0 9.02663e-14 1e-20
3916.5 9.016e-14 1e-20
3918.0 9.0098e-14 1e-20
3919.5 9.07014e-14 1e-20
3921.0 9.12849e-14 1e-20
3922.5 9.158e-14 1e-20
3924.0 9.17393e-14 1e-20
3925.5 9.17955e-14 1e-20
3927.0 9.2309e-14 1e-20
3928.5 9.29912e-14 1e-20
3930.0 9.34039e-14 1e-20
3931.5 9.35371e-14 1e-20
3933.0 9.27478e-14 1e-20
3934.5 9.17709e-14 1e-20
3936.0 9.14976e-14 1e-20
3937.5 9.2181e-14 1e-20
3939.0 9.40607e-14 1e-20
3940.5 9.50794e-14 1e-20
3942.0 9.51352e-14 1e-20
3943.5 9.58031e-14 1e-20
3945.0 9.6541e-14 1e-20
3946.5 9.60841e-14 1e-20
3948.0 9.54946e-14 1e-20
3949.5 9.66374e-14 1e-20
3951.0 9.78929e-14 1e-20
3952.5 9.80646e-14 1e-20
3954.0 9.81012e-14 1e-20
3955.5 9.81259e-14 1e-20
3957.0 9.83988e-14 1e-20
3958.5 9.9058e-14 1e-20
3960.0 9.93105e-14 1e-20
3961.5 9.93715e-14 1e-20
3963.0 9.93875e-14 1e-20
3964.5 9.94426e-14 1e-20
3966.0 1.00236e-13 1e-20
3967.5 1.01038e-13 1e-20
3969.0 1.01059e-13 1e-20
3970.5 1.00777e-13 1e-20
3972.0 1.00285e-13 1e-20
3973.5 1.00567e-13 1e-20
3975.0 1.01672e-13 1e-20
3976.5 1.00512e-13 1e-20
3978.0 9.81528e-14 1e-20
3979.5 9.74654e-14 1e-20
3981.0 9.71538e-14 1e-20
3982.5 9.59501e-14 1e-20
3984.0 9.44161e-14 1e-20
3985.5 9.27749e-14 1e-20
3987.0 9.13826e-14 1e-20
3988.5 9.03307e-14 1e-20
3990.0 8.97495e-14 1e-20
3991.5 8.98094e-14 1e-20
3993.0 8.82422e-14 1e-20
3994.5 8.57497e-14 1e-20
3996.0 8.44525e-14 1e-20
3997.5 8.34847e-14 1e-20
3999.0 8.21688e-14 1e-20
4000.5 8.08431e-14 1e-20
4002.0 7.96525e-14 1e-20
4003.5 7.87923e-14 1e-20
4005.0 7.84285e-14 1e-20
4006.5 7.78686e-14 1e-20
4008.0 7.70363e-14 1e-20
4009.5 7.72504e-14 1e-20
4011.0 7.78196e-14 1e-20
4012.5 7.63594e-14 1e-20
4014.0 7.43781e-14 1e-20
4015.5 7.37804e-14 1e-20
4017.0 7.32904e-14 1e-20
4018.5 7.22038e-14 1e-20
4020.0 7.13413e-14 1e-20
4021.5 7.0963e-14 1e-20
4023.0 7.06429e-14 1e-20
4024.5 7.03782e-14 1e-20
4026.0 7.02861e-14 1e-20
4027.5 7.02521e-14 1e-20
4029.0 6.91948e-14 1e-20
4030.5 6.79989e-14 1e-20
4032.0 6.84427e-14 1e-20
4033.5 6.90961e-14 1e-20
4035.0 6.88749e-14 1e-20
4036.5 6.86317e-14 1e-20
4038.0 6.85164e-14 1e-20
4039.5 6.8698e-14 1e-20
4041.0 6.92614e-14 1e-20
4042.5 6.94218e-14 1e-20
4044.0 6.93948e-14 1e-20
4045.5 6.99653e-14 1e-20
4047.0 7.07585e-14 1e-20
4048.5 7.13194e-14 1e-20
4050.0 7.16322e-14 1e-20
4051.5 7.14833e-14 1e-20
4053.0 7.18187e-14 1e-20
4054.5 7.31121e-14 1e-20
4056.0 7.37846e-14 1e-20
4057.5 7.37571e-14 1e-20
4059.0 7.4332e-14 1e-20
4060.5 7.50588e-14 1e-20
4062.0 7.50061e-14 1e-20
4063.5 7.50699e-14 1e-20
4065.0 7.69438e-14 1e-20
4066.5 7.86553e-14 1e-20
4068.0 7.84132e-14 1e-20
4069.5 7.84663e-14 1e-20
4071.0 7.955e-14 1e-20
4072.5 8.01675e-14 1e-20
4074.0 8.03538e-14 1e-20
4075.5 8.09209e-14 1e-20
4077.0 8.15567e-14 1e-20
4078.5 8.14573e-14 1e-20
4080.0 8.10603e-14 1e-20
4081.5 8.0824e-14 1e-20
4083.0 8.08951e-14 1e-20
4084.5 8.16988e-14 1e-20
4086.0 8.19539e-14 1e-20
4087.5 8.10533e-14 1e-20
4089.0 8.04117e-14 1e-20
4090.5 8.015e-14 1e-20
4092.0 8.05619e-14 1e-20
4093.5 8.13198e-14 1e-20
4095.0 8.11017e-14 1e-20
4096.5 8.06012e-14 1e-20
4098.0 8.04092e-14 1e-20
4099.5 8.03991e-14 1e-20
4101.0 8.08222e-14 1e-20
4102.5 8.07016e-14 1e-20
4104.0 7.96185e-14 1e-20
4105.5 7.95975e-14 1e-20
4107.0 8.05376e-14 1e-20
4108.5 8.06008e-14 1e-20
4110.0 8.03511e-14 1e-20
4111.5 8.04586e-14 1e-20
4113.0 8.0552e-14 1e-20
4114.5 8.01719e-14 1e-20
4116.0 8.00294e-14 1e-20
4117.5 8.07897e-14 1e-20
4119.0 8.13129e-14 1e-20
4120.5 8.12275e-14 1e-20
4122.0 8.0885e-14 1e-20
4123.5 8.0247e-14 1e-20
4125.0 8.01353e-14 1e-20
4126.5 8.04541e-14 1e-20
4128.0 8.1434e-14 1e-20
4129.5 8.22845e-14 1e-20
4131.0 8.15728e-14 1e-20
4132.5 8.1153e-14 1e-20
4134.0 8.24173e-14 1e-20
4135.5 8.3326e-14 1e-20
4137.0 8.32075e-14 1e-20
4138.5 8.29647e-14 1e-20
4140.0 8.27957e-14 1e-20
4141.5 8.26136e-14 1e-20
4143.0 8.24597e-14 1e-20
4144.5 8.30275e-14 1e-20
4146.0 8.35698e-14 1e-20
4147.5 8.27102e-14 1e-20
4149.0 8.18332e-14 1e-20
4150.5 8.19036e-14 1e-20
4152.0 8.18957e-14 1e-20
4153.5 8.15892e-14 1e-20
4155.0 8.14737e-14 1e-20
4156.5 8.15489e-14 1e-20
4158.0 8.11463e-14 1e-20
4159.5 8.06037e-14 1e-20
4161.0 8.08539e-14 1e-20
4162.5 8.11488e-14 1e-20
4164.0 8.04693e-14 1e-20
4165.5 7.99717e-14 1e-20
4167.0 8.04408e-14 1e-20
4168.5 8.07996e-14 1e-20
4170.0 8.07824e-14 1e-20
4171.5 8.05532e-14 1e-20
4173.0 8.02e-14 1e-20
4174.5 8.01462e-14 1e-20
4176.0 8.01931e-14 1e-20
4177.5 8.02832e-14 1e-20
4179.0 8.04549e-14 1e-20
4180.5 8.06661e-14 1e-20
4182.0 8.07596e-14 1e-20
4183.5 8.05305e-14 1e-20
4185.0 8.0073e-14 1e-20
4186.5 7.94356e-14 1e-20
4188.0 7.88187e-14 1e-20
4189.5 7.81249e-14 1e-20
4191.0 7.90688e-14 1e-20
4192.5 8.07428e-14 1e-20
4194.0 8.08759e-14 1e-20
4195.5 8.04083e-14 1e-20
4197.0 7.96321e-14 1e-20
4198.5 7.89734e-14 1e-20
4200.0 7.89861e-14 1e-20
4201.5 7.89332e-14 1e-20
4203.0 7.87357e-14 1e-20
4204.5 7.85202e-14 1e-20
4206.0 7.81988e-14 1e-20
4207.5 7.85284e-14 1e-20
4209.0 7.9097e-14 1e-20
4210.5 7.89089e-14 1e-20
4212.0 7.86383e-14 1e-20
4213.5 7.90198e-14 1e-20
4215.0 7.88987e-14 1e-20
4216.5 7.73714e-14 1e-20
4218.0 7.66719e-14 1e-20
4219.5 7.74539e-14 1e-20
4221.0 7.71222e-14 1e-20
4222.5 7.59174e-14 1e-20
4224.0 7.58384e-14 1e-20
4225.5 7.61231e-14 1e-20
4227.0 7.57796e-14 1e-20
4228.5 7.53945e-14 1e-20
4230.0 7.54262e-14 1e-20
4231.5 7.4988e-14 1e-20
4233.0 7.34991e-14 1e-20
4234.5 7.25176e-14 1e-20
4236.0 7.23248e-14 1e-20
4237.5 7.19922e-14 1e-20
4239.0 7.17071e-14 1e-20
4240.5 7.12601e-14 1e-20
4242.0 7.07762e-14 1e-20
4243.5 7.08409e-14 1e-20
4245.0 7.08326e-14 1e-20
4246.5 6.96858e-14 1e-20
4248.0 6.87517e-14 1e-20
4249.5 6.89625e-14 1e-20
4251.0 6.8766e-14 1e-20
4252.5 6.78239e-14 1e-20
4254.0 6.73209e-14 1e-20
4255.5 6.72168e-14 1e-20
4257.0 6.6805e-14 1e-20
4258.5 6.61678e-14 1e-20
4260.0 6.51557e-14 1e-20
4261.5 6.43216e-14 1e-20
4263.0 6.45205e-14 1e-20
4264.5 6.45897e-14 1e-20
4266.0 6.38728e-14 1e-20
4267.5 6.3626e-14 1e-20
4269.0 6.40265e-14 1e-20
4270.5 6.41541e-14 1e-20
4272.0 6.41259e-14 1e-20
4273.5 6.32812e-14 1e-20
4275.0 6.21152e-14 1e-20
4276.5 6.18694e-14 1e-20
4278.0 6.18589e-14 1e-20
4279.5 6.16942e-14 1e-20
4281.0 6.13354e-14 1e-20
4282.5 6.05327e-14 1e-20
4284.0 5.96287e-14 1e-20
4285.5 5.87276e-14 1e-20
4287.0 5.95486e-14 1e-20
4288.5 6.14351e-14 1e-20
4290.0 6.05493e-14 1e-20
4291.5 5.87188e-14 1e-20
4293.0 5.84538e-14 1e-20
4294.5 5.85049e-14 1e-20
4296.0 5.82168e-14 1e-20
4297.5 5.77126e-14 1e-20
4299.0 5.69138e-14 1e-20
4300.5 5.66492e-14 1e-20
4302.0 5.70736e-14 1e-20
4303.5 5.68195e-14 1e-20
4305.0 5.61587e-14 1e-20
4306.5 5.55958e-14 1e-20
4308.0 5.50501e-14 1e-20
4309.5 5.48572e-14 1e-20
4311.0 5.47243e-14 1e-20
4312.5 5.43898e-14 1e-20
4314.0 5.40958e-14 1e-20
4315.5 5.38915e-14 1e-20
4317.0 5.31983e-14 1e-20
4318.5 5.19446e-14 1e-20
4320.0 5.1141e-14 1e-20
4321.5 5.0566e-14 1e-20
4323.0 5.0249e-14 1e-20
4324.5 5.0245e-14 1e-20
4326.0 5.07101e-14 1e-20
4327.5 5.112e-14 1e-20
4329.0 5.08098e-14 1e-20
4330.5 5.04434e-14 1e-20
4332.0 5.01884e-14 1e-20
4333.5 5.03479e-14 1e-20
4335.0 5.10162e-14 1e-20
4336.5 5.03986e-14 1e-20
4338.0 4.90994e-14 1e-20
4339.5 4.95157e-14 1e-20
4341.0 5.04416e-14 1e-20
4342.5 5.02668e-14 1e-20
4344.0 4.99368e-14 1e-20
4345.5 5.009e-14 1e-20
4347.0 5.03003e-14 1e-20
4348.5 5.03805e-14 1e-20
4350.0 5.01047e-14 1e-20
4351.5 4.94747e-14 1e-20
4353.0 4.95833e-14 1e-20
4354.5 5.0077e-14 1e-20
4356.0 5.01419e-14 1e-20
4357.5 5.01335e-14 1e-20
4359.0 5.0358e-14 1e-20
4360.5 5.0546e-14 1e-20
4362.0 5.04109e-14 1e-20
4363.5 5.0117e-14 1e-20
4365.0 4.9766e-14 1e-20
4366.5 4.98359e-14 1e-20
4368.0 5.02855e-14 1e-20
4369.5 4.99551e-14 1e-20
4371.0 4.93522e-14 1e-20
4372.5 4.96952e-14 1e-20
4374.0 5.03056e-14 1e-20
4375.5 5.03387e-14 1e-20
4377.0 5.03478e-14 1e-20
4378.5 5.07284e-14 1e-20
4380.0 5.1151e-14 1e-20
4381.5 5.14736e-14 1e-20
4383.0 5.1481e-14 1e-20
4384.5 5.11641e-14 1e-20
4386.0 5.12539e-14 1e-20
4387.5 5.15258e-14 1e-20
4389.0 5.1879e-14 1e-20
4390.5 5.22286e-14 1e-20
4392.0 5.21036e-14 1e-20
4393.5 5.18893e-14 1e-20
4395.0 5.18769e-14 1e-20
4396.5 5.18854e-14 1e-20
4398.0 5.19466e-14 1e-20
4399.5 5.19743e-14 1e-20
4401.0 5.19053e-14 1e-20
4402.5 5.20393e-14 1e-20
4404.0 5.22558e-14 1e-20
4405.5 5.19565e-14 1e-20
4407.0 5.16412e-14 1e-20
4408.5 5.22288e-14 1e-20
4410.0 5.27542e-14 1e-20
4411.5 5.24131e-14 1e-20
4413.0 5.20431e-14 1e-20
4414.5 5.18857e-14 1e-20
4416.0 5.19098e-14 1e-20
4417.5 5.21292e-14 1e-20
4419.0 5.20424e-14 1e-20
4420.5 5.17878e-14 1e-20
4422.0 5.19791e-14 1e-20
4423.5 5.24056e-14 1e-20
4425.0 5.27886e-14 1e-20
4426.5 5.31259e-14 1e-20
4428.0 5.33794e-14 1e-20
4429.5 5.32736e-14 1e-20
4431.0 5.26933e-14 1e-20
4432.5 5.23951e-14 1e-20
4434.0 5.22892e-14 1e-20
4435.5 5.21661e-14 1e-20
4437.0 5.21114e-14 1e-20
4438.5 5.23777e-14 1e-20
4440.0 5.25495e-14 1e-20
4441.5 5.17431e-14 1e-20
4443.0 5.10063e-14 1e-20
4444.5 5.11059e-14 1e-20
4446.0 5.13052e-14 1e-20
4447.5 5.15361e-14 1e-20
4449.0 5.17604e-14 1e-20
4450.5 5.18662e-14 1e-20
4452.0 5.18761e-14 1e-20
4453.5 5.18462e-14 1e-20
4455.0 5.18988e-14 1e-20
4456.5 5.19793e-14 1e-20
4458.0 5.20587e-14 1e-20
4459.5 5.22644e-14 1e-20
4461.0 5.2751e-14 1e-20
4462.5 5.29503e-14 1e-20
4464.0 5.26505e-14 1e-20
4465.5 5.34452e-14 1e-20
4467.0 5.52654e-14 1e-20
4468.5 5.56192e-14 1e-20
4470.0 5.54002e-14 1e-20
4471.5 5.56302e-14 1e-20
4473.0 5.58752e-14 1e-20
4474.5 5.61284e-14 1e-20
4476.0 5.65842e-14 1e-20
4477.5 5.73292e-14 1e-20
4479.0 5.80651e-14 1e-20
4480.5 5.87092e-14 1e-20
4482.0 5.94222e-14 1e-20
4483.5 6.02037e-14 1e-20
4485.0 6.0574e-14 1e-20
4486.5 6.07807e-14 1e-20
4488.0 6.12222e-14 1e-20
4489.5 6.16464e-14 1e-20
4491.0 6.18759e-14 1e-20
4492.5 6.21382e-14 1e-20
4494.0 6.25709e-14 1e-20
4495.5 6.31182e-14 1e-20
4497.0 6.37954e-14 1e-20
4498.5 6.50322e-14 1e-20
4500.0 6.671e-14 1e-20
4501.5 6.67865e-14 1e-20
4503.0 6.62907e-14 1e-20
4504.5 6.73492e-14 1e-20
4506.0 6.85572e-14 1e-20
4507.5 6.85661e-14 1e-20
4509.0 6.87941e-14 1e-20
4510.5 6.9952e-14 1e-20
4512.0 7.06859e-14 1e-20
4513.5 7.07589e-14 1e-20
4515.0 7.10075e-14 1e-20
4516.5 7.13844e-14 1e-20
4518.0 7.12111e-14 1e-20
4519.5 7.09165e-14 1e-20
4521.0 7.17224e-14 1e-20
4522.5 7.26864e-14 1e-20
4524.0 7.26846e-14 1e-20
4525.5 7.25679e-14 1e-20
4527.0 7.27558e-14 1e-20
4528.5 7.31203e-14 1e-20
4530.0 7.36508e-14 1e-20
4531.5 7.4126e-14 1e-20
4533.0 7.4594e-14 1e-20
4534.5 7.43603e-14 1e-20
4536.0 7.38818e-14 1e-20
4537.5 7.40446e-14 1e-20
4539.0 7.43402e-14 1e-20
4540.5 7.46818e-14 1e-20
4542.0 7.52631e-14 1e-20
4543.5 7.60466e-14 1e-20
4545.0 7.63143e-14 1e-20
4546.5 7.59531e-14 1e-20
4548.0 7.63298e-14 1e-20
4549.5 7.71003e-14 1e-20
4551.0 7.70991e-14 1e-20
4552.5 7.69015e-14 1e-20
4554.0 7.72121e-14 1e-20
4555.5 7.74694e-14 1e-20
4557.0 7.71308e-14 1e-20
4558.5 7.69697e-14 1e-20
4560.0 7.74839e-14 1e-20
4561.5 7.73429e-14 1e-20
4563.0 7.62886e-14 1e-20
4564.5 7.60568e-14 1e-20
4566.0 7.6402e-14 1e-20
4567.5 7.65178e-14 1e-20
4569.0 7.65218e-14 1e-20
4570.5 7.62334e-14 1e-20
4572.0 7.57152e-14 1e-20
4573.5 7.48061e-14 1e-20
4575.0 7.4585e-14 1e-20
4576.5 7.58855e-14 1e-20
4578.0 7.65199e-14 1e-20
4579.5 7.61804e-14 1e-20
4581.0 7.54641e-14 1e-20
4582.5 7.43731e-14 1e-20
4584.0 7.40353e-14 1e-20
4585.5 7.39832e-14 1e-20
4587.0 7.39064e-14 1e-20
4588.5 7.41209e-14 1e-20
4590.0 7.47449e-14 1e-20
4591.5 7.49212e-14 1e-20
4593.0 7.4208e-14 1e-20
4594.5 7.38164e-14 1e-20
4596.0 7.39591e-14 1e-20
4597.5 7.46195e-14 1e-20
4599.0 7.55844e-14 1e-20
4600.5 7.59076e-14 1e-20
4602.0 7.58614e-14 1e-20
4603.5 7.56937e-14 1e-20
4605.0 7.56779e-14 1e-20
4606.5 7.606e-14 1e-20
4608.0 7.59925e-14 1e-20
4609.5 7.51509e-14 1e-20
4611.0 7.50096e-14 1e-20
4612.5 7.56176e-14 1e-20
4614.0 7.57806e-14 1e-20
4615.5 7.58748e-14 1e-20
4617.0 7.62296e-14 1e-20
4618.5 7.66227e-14 1e-20
4620.0 7.69433e-14 1e-20
4621.5 7.7329e-14 1e-20
4623.0 7.78295e-14 1e-20
4624.5 7.79785e-14 1e-20
4626.0 7.75594e-14 1e-20
4627.5 7.75076e-14 1e-20
4629.0 7.78204e-14 1e-20
4630.5 7.78059e-14 1e-20
4632.0 7.76371e-14 1e-20
4633.5 7.72102e-14 1e-20
4635.0 7.66959e-14 1e-20
4636.5 7.64525e-14 1e-20
4638.0 7.64109e-14 1e-20
4639.5 7.67338e-14 1e-20
4641.0 7.65467e-14 1e-20
4642.5 7.54203e-14 1e-20
4644.0 7.50643e-14 1e-20
4645.5 7.54577e-14 1e-20
4647.0 7.54595e-14 1e-20
4648.5 7.52899e-14 1e-20
4650.0 7.42396e-14 1e-20
4651.5 7.30186e-14 1e-20
4653.0 7.30108e-14 1e-20
4654.5 7.31282e-14 1e-20
4656.0 7.26415e-14 1e-20
4657.5 7.18814e-14 1e-20
4659.0 7.08805e-14 1e-20
4660.5 7.03827e-14 1e-20
4662.0 7.03845e-14 1e-20
4663.5 7.04744e-14 1e-20
4665.0 7.05645e-14 1e-20
4666.5 6.98503e-14 1e-20
4668.0 6.88847e-14 1e-20
4669.5 6.82388e-14 1e-20
4671.0 6.74518e-14 1e-20
4672.5 6.62178e-14 1e-20
4674.0 6.53372e-14 1e-20
4675.5 6.51066e-14 1e-20
4677.0 6.46014e-14 1e-20
4678.5 6.38618e-14 1e-20
4680.0 6.29387e-14 1e-20
4681.5 6.19376e-14 1e-20
4683.0 6.148e-14 1e-20
4684.5 6.11639e-14 1e-20
4686.0 6.0477e-14 1e-20
4687.5 5.98859e-14 1e-20
4689.0 5.97099e-14 1e-20
4690.5 5.93347e-14 1e-20
4692.0 5.8622e-14 1e-20
4693.5 5.77792e-14 1e-20
4695.0 5.68189e-14 1e-20
4696.5 5.68499e-14 1e-20
4698.0 5.73335e-14 1e-20
4699.5 5.74592e-14 1e-20
4701.0 5.7494e-14 1e-20
4702.5 5.73854e-14 1e-20
4704.0 5.72562e-14 1e-20
4705.5 5.71515e-14 1e-20
4707.0 5.72215e-14 1e-20
4708.5 5.75138e-14 1e-20
4710.0 5.74665e-14 1e-20
4711.5 5.71877e-14 1e-20
4713.0 5.69964e-14 1e-20
4714.5 5.69055e-14 1e-20
4716.0 5.73665e-14 1e-20
4717.5 5.79194e-14 1e-20
4719.0 5.7981e-14 1e-20
4720.5 5.81065e-14 1e-20
4722.0 5.8551e-14 1e-20
4723.5 5.84919e-14 1e-20
4725.0 5.78338e-14 1e-20
4726.5 5.82559e-14 1e-20
4728.0 5.93304e-14 1e-20
4729.5 5.95413e-14 1e-20
4731.0 5.94482e-14 1e-20
4732.5 5.95099e-14 1e-20
4734.0 5.93857e-14 1e-20
4735.5 5.87781e-14 1e-20
4737.0 5.81029e-14 1e-20
4738.5 5.75571e-14 1e-20
4740.0 5.76134e-14 1e-20
4741.5 5.82745e-14 1e-20
4743.0 5.763e-14 1e-20
4744.5 5.64313e-14 1e-20
4746.0 5.60889e-14 1e-20
4747.5 5.60234e-14 1e-20
4749.0 5.60917e-14 1e-20
4750.5 5.61202e-14 1e-20
4752.0 5.58018e-14 1e-20
4753.5 5.55393e-14 1e-20
4755.0 5.54137e-14 1e-20
4756.5 5.4884e-14 1e-20
4758.0 5.3911e-14 1e-20
4759.5 5.36473e-14 1e-20
4761.0 5.37522e-14 1e-20
4762.5 5.29552e-14 1e-20
4764.0 5.19035e-14 1e-20
4765.5 5.13238e-14 1e-20
4767.0 5.085e-14 1e-20
4768.5 5.04927e-14 1e-20
4770.0 5.01433e-14 1e-20
4771.5 4.96335e-14 1e-20
4773.0 4.90835e-14 1e-20
4774.5 4.85561e-14 1e-20
4776.0 4.79774e-14 1e-20
4777.5 4.73899e-14 1e-20
4779.0 4.76361e-14 1e-20
4780.5 4.80658e-14 1e-20
4782.0 4.74057e-14 1e-20
4783.5 4.66819e-14 1e-20
4785.0 4.66659e-14 1e-20
4786.5 4.68128e-14 1e-20
4788.0 4.70116e-14 1e-20
4789.5 4.69154e-14 1e-20
4791.0 4.64934e-14 1e-20
4792.5 4.58866e-14 1e-20
4794.0 4.52803e-14 1e-20
4795.5 4.58119e-14 1e-20
4797.0 4.6772e-14 1e-20
4798.5 4.73518e-14 1e-20
4800.0 4.75003e-14 1e-20
4801.5 4.68279e-14 1e-20
4803.0 4.65372e-14 1e-20
4804.5 4.70215e-14 1e-20
4806.0 4.71807e-14 1e-20
4807.5 4.71261e-14 1e-20
4809.0 4.78749e-14 1e-20
4810.5 4.89445e-14 1e-20
4812.0 4.94048e-14 1e-20
4813.5 4.96444e-14 1e-20
4815.0 4.96712e-14 1e-20
4816.5 4.97761e-14 1e-20
4818.0 5.03401e-14 1e-20
4819.5 5.08062e-14 1e-20
4821.0 5.10699e-14 1e-20
4822.5 5.15483e-14 1e-20
4824.0 5.2091e-14 1e-20
4825.5 5.2087e-14 1e-20
4827.0 5.18527e-14 1e-20
4828.5 5.19472e-14 1e-20
4830.0 5.2055e-14 1e-20
4831.5 5.19187e-14 1e-20
4833.0 5.16981e-14 1e-20
4834.5 5.15068e-14 1e-20
4836.0 5.12663e-14 1e-20
4837.5 5.09165e-14 1e-20
4839.0 5.02376e-14 1e-20
4840.5 4.93179e-14 1e-20
4842.0 4.94938e-14 1e-20
4843.5 4.99886e-14 1e-20
4845.0 4.91665e-14 1e-20
4846.5 4.81373e-14 1e-20
4848.0 4.78257e-14 1e-20
4849.5 4.74474e-14 1e-20
4851.0 4.67562e-14 1e-20
4852.5 4.62972e-14 1e-20
4854.0 4.60983e-14 1e-20
4855.5 4.5737e-14 1e-20
4857.0 4.53279e-14 1e-20
4858.5 4.48889e-14 1e-20
4860.0 4.43699e-14 1e-20
4861.5 4.37077e-14 1e-20
4863.0 4.30839e-14 1e-20
4864.5 4.26265e-14 1e-20
4866.0 4.18726e-14 1e-20
4867.5 4.06661e-14 1e-20
4869.0 4.00853e-14 1e-20
4870.5 4.01876e-14 1e-20
4872.0 3.99452e-14 1e-20
4873.5 3.95569e-14 1e-20
4875.0 3.88943e-14 1e-20
4876.5 3.81829e-14 1e-20
4878.0 3.80283e-14 1e-20
4879.5 3.80288e-14 1e-20
4881.0 3.78062e-14 1e-20
4882.5 3.74355e-14 1e-20
4884.0 3.70011e-14 1e-20
4885.5 3.65512e-14 1e-20
4887.0 3.60032e-14 1e-20
4888.5 3.57274e-14 1e-20
4890.0 3.55851e-14 1e-20
4891.5 3.48916e-14 1e-20
4893.0 3.4127e-14 1e-20
4894.5 3.40871e-14 1e-20
4896.0 3.418e-14 1e-20
4897.5 3.40254e-14 1e-20
4899.0 3.40396e-14 1e-20
4900.5 3.43755e-14 1e-20
4902.0 3.46295e-14 1e-20
4903.5 3.46886e-14 1e-20
4905.0 3.43882e-14 1e-20
4906.5 3.39475e-14 1e-20
4908.0 3.3916e-14 1e-20
4909.5 3.40739e-14 1e-20
4911.0 3.44929e-14 1e-20
4912.5 3.49561e-14 1e-20
4914.0 3.51169e-14 1e-20
4915.5 3.5166e-14 1e-20
4917.0 3.51811e-14 1e-20
4918.5 3.52448e-14 1e-20
4920.0 3.53249e-14 1e-20
4921.5 3.58509e-14 1e-20
4923.0 3.66092e-14 1e-20
4924.5 3.68555e-14 1e-20
4926.0 3.69547e-14 1e-20
4927.5 3.72043e-14 1e-20
4929.0 3.72959e-14 1e-20
4930.5 3.71062e-14 1e-20
4932.0 3.7048e-14 1e-20
4933.5 3.71407e-14 1e-20
4935.0 3.75634e-14 1e-20
4936.5 3.83058e-14 1e-20
4938.0 3.84874e-14 1e-20
4939.5 3.84265e-14 1e-20
4941.0 3.85374e-14 1e-20
4942.5 3.87413e-14 1e-20
4944.0 3.90425e-14 1e-20
4945.5 3.9241e-14 1e-20
4947.0 3.92605e-14 1e-20
4948.5 3.91803e-14 1e-20
4950.0 3.88976e-14 1e-20
4951.5 3.89339e-14 1e-20
4953.0 3.92996e-14 1e-20
4954.5 3.96661e-14 1e-20
4956.0 4.00259e-14 1e-20
4957.5 3.99723e-14 1e-20
4959.0 3.98563e-14 1e-20
4960.5 4.00955e-14 1e-20
4962.0 4.04021e-14 1e-20
4963.5 4.0647e-14 1e-20
4965.0 4.06269e-14 1e-20
4966.5 4.02628e-14 1e-20
4968.0 4.06835e-14 1e-20
4969.5 4.16847e-14 1e-20
4971.0 4.14356e-14 1e-20
4972.5 4.07645e-14 1e-20
4974.0 4.08418e-14 1e-20
4975.5 4.10543e-14 1e-20
4977.0 4.11068e-14 1e-20
4978.5 4.09896e-14 1e-20
4980.0 4.05669e-14 1e-20
4981.5 4.02697e-14 1e-20
4983.0 4.01356e-14 1e-20
4984.5 3.98128e-14 1e-20
4986.0 3.9447e-14 1e-20
4987.5 3.91269e-14 1e-20
4989.0 3.88769e-14 1e-20
4990.5 3.89792e-14 1e-20
4992.0 3.90786e-14 1e-20
4993.5 3.87404e-14 1e-20
4995.0 3.85359e-14 1e-20
4996.5 3.87081e-14 1e-20
4998.0 3.85083e-14 1e-20
4999.5 3.79073e-14 1e-20
5001.0 3.7547e-14 1e-20
5002.5 3.73357e-14 1e-20
5004.0 3.76187e-14 1e-20
5005.5 3.80326e-14 1e-20
5007.0 3.79456e-14 1e-20
5008.5 3.76949e-14 1e-20
5010.0 3.73574e-14 1e-20
5011.5 3.70732e-14 1e-20
5013.0 3.692e-14 1e-20
5014.5 3.68957e-14 1e-20
5016.0 3.70338e-14 1e-20
5017.5 3.7198e-14 1e-20
5019.0 3.73889e-14 1e-20
5020.5 3.74072e-14 1e-20
5022.0 3.7341e-14 1e-20
5023.5 3.72071e-14 1e-20
5025.0 3.70606e-14 1e-20
5026.5 3.70269e-14 1e-20
5028.0 3.70122e-14 1e-20
5029.5 3.69728e-14 1e-20
5031.0 3.72877e-14 1e-20
5032.5 3.79345e-14 1e-20
5034.0 3.79987e-14 1e-20
5035.5 3.78509e-14 1e-20
5037.0 3.81271e-14 1e-20
5038.5 3.83741e-14 1e-20
5040.0 3.80468e-14 1e-20
5041.5 3.78224e-14 1e-20
5043.0 3.82158e-14 1e-20
5044.5 3.86208e-14 1e-20
5046.0 3.88656e-14 1e-20
5047.5 3.89897e-14 1e-20
5049.0 3.89946e-14 1e-20
5050.5 3.90154e-14 1e-20
5052.0 3.90931e-14 1e-20
5053.5 3.95612e-14 1e-20
5055.0 4.01006e-14 1e-20
5056.5 4.03546e-14 1e-20
5058.0 4.02651e-14 1e-20
5059.5 3.95868e-14 1e-20
5061.0 3.90576e-14 1e-20
5062.5 3.88605e-14 1e-20
5064.0 3.92175e-14 1e-20
5065.5 4.00229e-14 1e-20
5067.0 4.04682e-14 1e-20
5068.5 4.0729e-14 1e-20
5070.0 4.05721e-14 1e-20
5071.5 4.03414e-14 1e-20
5073.0 4.04585e-14 1e-20
5074.5 4.06914e-14 1e-20
5076.0 4.10268e-14 1e-20
5077.5 4.11597e-14 1e-20
5079.0 4.10101e-14 1e-20
5080.5 4.15934e-14 1e-20
5082.0 4.25589e-14 1e-20
5083.5 4.24829e-14 1e-20
5085.0 4.21232e-14 1e-20
5086.5 4.24355e-14 1e-20
5088.0 4.2855e-14 1e-20
5089.5 4.30919e-14 1e-20
5091.0 4.31844e-14 1e-20
5092.5 4.31251e-14 1e-20
5094.0 4.28639e-14 1e-20
5095.5 4.23415e-14 1e-20
5097.0 4.26226e-14 1e-20
5098.5 4.33784e-14 1e-20
5100.0 4.35377e-14 1e-20
5101.5 4.35952e-14 1e-20
5103.0 4.41402e-14 1e-20
5104.5 4.46111e-14 1e-20
5106.0 4.444e-14 1e-20
5107.5 4.45036e-14 1e-20
5109.0 4.52012e-14 1e-20
5110.5 4.54173e-14 1e-20
5112.0 4.51652e-14 1e-20
5113.5 4.55373e-14 1e-20
5115.0 4.60956e-14 1e-20
5116.5 4.59077e-14 1e-20
5118.0 4.56158e-14 1e-20
5119.5 4.6005e-14 1e-20
5121.0 4.63313e-14 1e-20
5122.5 4.60983e-14 1e-20
5124.0 4.6123e-14 1e-20
5125.5 4.66473e-14 1e-20
5127.0 4.71313e-14 1e-20
5128.5 4.76028e-14 1e-20
5130.0 4.75787e-14 1e-20
5131.5 4.72571e-14 1e-20
5133.0 4.7034e-14 1e-20
5134.5 4.69814e-14 1e-20
5136.0 4.73744e-14 1e-20
5137.5 4.76015e-14 1e-20
5139.0 4.72826e-14 1e-20
5140.5 4.72115e-14 1e-20
5142.0 4.75547e-14 1e-20
5143.5 4.76312e-14 1e-20
5145.0 4.74953e-14 1e-20
5146.5 4.75287e-14 1e-20
5148.0 4.76216e-14 1e-20
5149.5 4.75763e-14 1e-20
5151.0 4.7565e-14 1e-20
5152.5 4.78075e-14 1e-20
5154.0 4.78598e-14 1e-20
5155.5 4.74821e-14 1e-20
5157.0 4.7487e-14 1e-20
5158.5 4.79736e-14 1e-20
5160.0 4.80043e-14 1e-20
5161.5 4.77746e-14 1e-20
5163.0 4.77364e-14 1e-20
5164.5 4.77641e-14 1e-20
5166.0 4.78566e-14 1e-20
5167.5 4.79724e-14 1e-20
5169.0 4.80371e-14 1e-20
5170.5 4.77027e-14 1e-20
5172.0 4.67718e-14 1e-20
5173.5 4.63666e-14 1e-20
5175.0 4.65485e-14 1e-20
5176.5 4.64806e-14 1e-20
5178.0 4.63569e-14 1e-20
5179.5 4.63598e-14 1e-20
5181.0 4.64458e-14 1e-20
5182.5 4.65877e-14 1e-20
5184.0 4.67569e-14 1e-20
5185.5 4.6958e-14 1e-20
5187.0 4.69234e-14 1e-20
5188.5 4.65721e-14 1e-20
5190.0 4.6302e-14 1e-20
5191.5 4.60304e-14 1e-20
5193.0 4.64039e-14 1e-20
5194.5 4.70365e-14 1e-20
5196.0 4.66983e-14 1e-20
5197.5 4.61932e-14 1e-20
5199.0 4.64475e-14 1e-20
5200.5 4.69048e-14 1e-20
5202.0 4.73452e-14 1e-20
5203.5 4.74607e-14 1e-20
5205.0 4.71342e-14 1e-20
5206.5 4.75556e-14 1e-20
5208.0 4.85698e-14 1e-20
5209.5 4.86071e-14 1e-20
5211.0 4.83184e-14 1e-20
5212.5 4.86522e-14 1e-20
5214.0 4.90165e-14 1e-20
5215.5 4.89437e-14 1e-20
5217.0 4.89092e-14 1e-20
5218.5 4.91362e-14 1e-20
5220.0 4.91025e-14 1e-20
5221.5 4.87044e-14 1e-20
5223.0 4.9189e-14 1e-20
5224.5 5.03151e-14 1e-20
5226.0 5.01426e-14 1e-20
5227.5 4.96454e-14 1e-20
5229.0 5.05309e-14 1e-20
5230.5 5.15846e-14 1e-20
5232.0 5.182e-14 1e-20
5233.5 5.18722e-14 1e-20
5235.0 5.18389e-14 1e-20
5236.5 5.17003e-14 1e-20
5238.0 5.14597e-14 1e-20
5239.5 5.17828e-14 1e-20
5241.0 5.23752e-14 1e-20
5242.5 5.20873e-14 1e-20
5244.0 5.16119e-14 1e-20
5245.5 5.18607e-14 1e-20
5247.0 5.22236e-14 1e-20
5248.5 5.24018e-14 1e-20
5250.0 5.24306e-14 1e-20
5251.5 5.2214e-14 1e-20
5253.0 5.2009e-14 1e-20
5254.5 5.18639e-14 1e-20
5256.0 5.15902e-14 1e-20
5257.5 5.12207e-14 1e-20
5259.0 5.09758e-14 1e-20
5260.5 5.07482e-14 1e-20
5262.0 5.03652e-14 1e-20
5263.5 4.96463e-14 1e-20
5265.0 4.83606e-14 1e-20
5266.5 4.7589e-14 1e-20
5268.0 4.77396e-14 1e-20
5269.5 4.76191e-14 1e-20
5271.0 4.72985e-14 1e-20
5272.5 4.70741e-14 1e-20
5274.0 4.68148e-14 1e-20
5275.5 4.61852e-14 1e-20
5277.0 4.54483e-14 1e-20
5278.5 4.50593e-14 1e-20
5280.0 4.47773e-14 1e-20
5281.5 4.44654e-14 1e-20
5283.0 4.39948e-14 1e-20
5284.5 4.32877e-14 1e-20
5286.0 4.27662e-14 1e-20
5287.5 4.23986e-14 1e-20
5289.0 4.16974e-14 1e-20
5290.5 4.09635e-14 1e-20
5292.0 4.08531e-14 1e-20
5293.5 4.07531e-14 1e-20
5295.0 3.99679e-14 1e-20
5296.5 3.95809e-14 1e-20
5298.0 4.02356e-14 1e-20
5299.5 4.03376e-14 1e-20
5301.0 3.96527e-14 1e-20
5302.5 3.93804e-14 1e-20
5304.0 3.92597e-14 1e-20
5305.5 3.85029e-14 1e-20
5307.0 3.7646e-14 1e-20
5308.5 3.78331e-14 1e-20
5310.0 3.81516e-14 1e-20
5311.5 3.78472e-14 1e-20
5313.0 3.7582e-14 1e-20
5314.5 3.75445e-14 1e-20
5316.0 3.73198e-14 1e-20
5317.5 3.68215e-14 1e-20
5319.0 3.66646e-14 1e-20
5320.5 3.68056e-14 1e-20
5322.0 3.70844e-14 1e-20
5323.5 3.73625e-14 1e-20
5325.0 3.72038e-14 1e-20
5326.5 3.69962e-14 1e-20
5328.0 3.70293e-14 1e-20
5329.5 3.71096e-14 1e-20
5331.0 3.71379e-14 1e-20
5332.5 3.69453e-14 1e-20
5334.0 3.66504e-14 1e-20
5335.5 3.7087e-14 1e-20
5337.0 3.77497e-14 1e-20
5338.5 3.73413e-14 1e-20
5340.0 3.6742e-14 1e-20
5341.5 3.67971e-14 1e-20
5343.0 3.69436e-14 1e-20
5344.5 3.70507e-14 1e-20
5346.0 3.70515e-14 1e-20
5347.5 3.68809e-14 1e-20
5349.0 3.70866e-14 1e-20
5350.5 3.75696e-14 1e-20
5352.0 3.71015e-14 1e-20
5353.5 3.63221e-14 1e-20
5355.0 3.66297e-14 1e-20
5356.5 3.71315e-14 1e-20
5358.0 3.70033e-14 1e-20
5359.5 3.69405e-14 1e-20
5361.0 3.72796e-14 1e-20
5362.5 3.76466e-14 1e-20
5364.0 3.7928e-14 1e-20
5365.5 3.79597e-14 1e-20
5367.0 3.78319e-14 1e-20
5368.5 3.76204e-14 1e-20
5370.0 3.74056e-14 1e-20
5371.5 3.77087e-14 1e-20
5373.0 3.82069e-14 1e-20
5374.5 3.84968e-14 1e-20
5376.0 3.87055e-14 1e-20
5377.5 3.88896e-14 1e-20
5379.0 3.90293e-14 1e-20
5380.5 3.91171e-14 1e-20
5382.0 3.91603e-14 1e-20
5383.5 3.92411e-14 1e-20
5385.0 3.95243e-14 1e-20
5386.5 3.98047e-14 1e-20
5388.0 3.97495e-14 1e-20
5389.5 3.96538e-14 1e-20
5391.0 3.97059e-14 1e-20
5392.5 3.98227e-14 1e-20
5394.0 4.00514e-14 1e-20
5395.5 3.9668e-14 1e-20
5397.0 3.87066e-14 1e-20
5398.5 3.88682e-14 1e-20
5400.0 3.94555e-14 1e-20
5401.5 3.95747e-14 1e-20
5403.0 3.96095e-14 1e-20
5404.5 3.95202e-14 1e-20
5406.0 3.93136e-14 1e-20
5407.5 3.90556e-14 1e-20
5409.0 3.89246e-14 1e-20
5410.5 3.89602e-14 1e-20
5412.0 3.87717e-14 1e-20
5413.5 3.83573e-14 1e-20
5415.0 3.86497e-14 1e-20
5416.5 3.92176e-14 1e-20
5418.0 3.90305e-14 1e-20
5419.5 3.86783e-14 1e-20
5421.0 3.86676e-14 1e-20
5422.5 3.86362e-14 1e-20
5424.0 3.82151e-14 1e-20
5425.5 3.81192e-14 1e-20
5427.0 3.80687e-14 1e-20
5428.5 3.77892e-14 1e-20
5430.0 3.73745e-14 1e-20
5431.5 3.73319e-14 1e-20
5433.0 3.74613e-14 1e-20
5434.5 3.7313e-14 1e-20
5436.0 3.71387e-14 1e-20
5437.5 3.71796e-14 1e-20
5439.0 3.69353e-14 1e-20
5440.5 3.63948e-14 1e-20
5442.0 3.61232e-14 1e-20
5443.5 3.62221e-14 1e-20
5445.0 3.60467e-14 1e-20
5446.5 3.57747e-14 1e-20
5448.0 3.57337e-14 1e-20
5449.5 3.57611e-14 1e-20
5451.0 3.5753e-14 1e-20
5452.5 3.57344e-14 1e-20
5454.0 3.56004e-14 1e-20
5455.5 3.52216e-14 1e-20
5457.0 3.4562e-14 1e-20
5458.5 3.43507e-14 1e-20
5460.0 3.43608e-14 1e-20
5461.5 3.40816e-14 1e-20
5463.0 3.36129e-14 1e-20
5464.5 3.36715e-14 1e-20
5466.0 3.38521e-14 1e-20
5467.5 3.36987e-14 1e-20
5469.0 3.32919e-14 1e-20
5470.5 3.25805e-14 1e-20
5472.0 3.20776e-14 1e-20
5473.5 3.19789e-14 1e-20
5475.0 3.16976e-14 1e-20
5476.5 3.13297e-14 1e-20
5478.0 3.1186e-14 1e-20
5479.5 3.11316e-14 1e-20
5481.0 3.11554e-14 1e-20
5482.5 3.11018e-14 1e-20
5484.0 3.10396e-14 1e-20
5485.5 3.09259e-14 1e-20
5487.0 3.07004e-14 1e-20
5488.5 3.0455e-14 1e-20
5490.0 3.02241e-14 1e-20
5491.5 3.01242e-14 1e-20
5493.0 3.01217e-14 1e-20
5494.5 3.02429e-14 1e-20
5496.0 3.03828e-14 1e-20
5497.5 3.0173e-14 1e-20
5499.0 2.98759e-14 1e-20
5500.5 2.96039e-14 1e-20
5502.0 2.96448e-14 1e-20
5503.5 2.98854e-14 1e-20
5505.0 3.01331e-14 1e-20
5506.5 3.01348e-14 1e-20
5508.0 2.98584e-14 1e-20
5509.5 2.9507e-14 1e-20
5511.0 2.98622e-14 1e-20
5512.5 3.05634e-14 1e-20
5514.0 3.07807e-14 1e-20
5515.5 3.10299e-14 1e-20
5517.0 3.13525e-14 1e-20
5518.5 3.14799e-14 1e-20
5520.0 3.13513e-14 1e-20
5521.5 3.17449e-14 1e-20
5523.0 3.25337e-14 1e-20
5524.5 3.27455e-14 1e-20
5526.0 3.27721e-14 1e-20
5527.5 3.32433e-14 1e-20
5529.0 3.37237e-14 1e-20
5530.5 3.38338e-14 1e-20
5532.0 3.40193e-14 1e-20
5533.5 3.4463e-14 1e-20
5535.0 3.47621e-14 1e-20
5536.5 3.49962e-14 1e-20
5538.0 3.54479e-14 1e-20
5539.5 3.59895e-14 1e-20
5541.0 3.61028e-14 1e-20
5542.5 3.61011e-14 1e-20
5544.0 3.64623e-14 1e-20
5545.5 3.69562e-14 1e-20
5547.0 3.74217e-14 1e-20
5548.5 3.7931e-14 1e-20
5550.0 3.84e-14 1e-20
5551.5 3.85529e-14 1e-20
5553.0 3.84958e-14 1e-20
5554.5 3.86722e-14 1e-20
5556.0 3.91492e-14 1e-20
5557.5 3.93542e-14 1e-20
5559.0 3.95457e-14 1e-20
5560.5 3.9874e-14 1e-20
5562.0 4.01953e-14 1e-20
5563.5 4.04188e-14 1e-20
5565.0 4.0735e-14 1e-20
5566.5 4.11617e-14 1e-20
5568.0 4.14179e-14 1e-20
5569.5 4.15177e-14 1e-20
5571.0 4.18128e-14 1e-20
5572.5 4.21833e-14 1e-20
5574.0 4.24746e-14 1e-20
5575.5 4.26297e-14 1e-20
5577.0 4.25905e-14 1e-20
5578.5 4.25416e-14 1e-20
5580.0 4.26794e-14 1e-20
5581.5 4.28243e-14 1e-20
5583.0 4.28606e-14 1e-20
5584.5 4.2955e-14 1e-20
5586.0 4.31695e-14 1e-20
5587.5 4.34509e-14 1e-20
5589.0 4.36819e-14 1e-20
5590.5 4.36146e-14 1e-20
5592.0 4.34179e-14 1e-20
5593.5 4.31149e-14 1e-20
5595.0 4.29304e-14 1e-20
5596.5 4.27377e-14 1e-20
5598.0 4.25368e-14 1e-20
5599.5 4.23801e-14 1e-20
5601.0 4.2283e-14 1e-20
5602.5 4.22214e-14 1e-20
5604.0 4.21495e-14 1e-20
5605.5 4.20292e-14 1e-20
5607.0 4.18949e-14 1e-20
5608.5 4.17949e-14 1e-20
5610.0 4.1754e-14 1e-20
5611.5 4.17441e-14 1e-20
5613.0 4.17387e-14 1e-20
5614.5 4.17457e-14 1e-20
5616.0 4.17697e-14 1e-20
5617.5 4.18108e-14 1e-20
5619.0 4.19342e-14 1e-20
5620.5 4.21065e-14 1e-20
5622.0 4.23269e-14 1e-20
5623.5 4.25434e-14 1e-20
5625.0 4.27364e-14 1e-20
5626.5 4.2932e-14 1e-20
5628.0 4.30916e-14 1e-20
5629.5 4.30727e-14 1e-20
5631.0 4.29635e-14 1e-20
5632.5 4.27488e-14 1e-20
5634.0 4.27119e-14 1e-20
5635.5 4.27078e-14 1e-20
5637.0 4.27364e-14 1e-20
5638.5 4.27735e-14 1e-20
5640.0 4.2774e-14 1e-20
5641.5 4.27703e-14 1e-20
5643.0 4.28117e-14 1e-20
5644.5 4.29388e-14 1e-20
5646.0 4.31148e-14 1e-20
5647.5 4.32439e-14 1e-20
5649.0 4.31314e-14 1e-20
5650.5 4.29109e-14 1e-20
5652.0 4.26092e-14 1e-20
5653.5 4.25107e-14 1e-20
5655.0 4.24571e-14 1e-20
5656.5 4.24477e-14 1e-20
5658.0 4.23459e-14 1e-20
5659.5 4.21946e-14 1e-20
5661.0 4.20104e-14 1e-20
5662.5 4.18794e-14 1e-20
5664.0 4.1855e-14 1e-20
5665.5 4.18824e-14 1e-20
5667.0 4.19373e-14 1e-20
5668.5 4.19343e-14 1e-20
5670.0 4.19266e-14 1e-20
5671.5 4.19288e-14 1e-20
5673.0 4.20366e-14 1e-20
5674.5 4.21941e-14 1e-20
5676.0 4.24015e-14 1e-20
5677.5 4.23455e-14 1e-20
5679.0 4.21237e-14 1e-20
5680.5 4.17745e-14 1e-20
5682.0 4.14462e-14 1e-20
5683.5 4.12197e-14 1e-20
5685.0 4.10068e-14 1e-20
5686.5 4.0832e-14 1e-20
5688.0 4.07056e-14 1e-20
5689.5 4.06144e-14 1e-20
5691.0 4.05558e-14 1e-20
5692.5 4.0559e-14 1e-20
5694.0 4.06115e-14 1e-20
5695.5 4.07122e-14 1e-20
5697.0 4.07003e-14 1e-20
5698.5 4.0586e-14 1e-20
5700.0 4.04114e-14 1e-20
5701.5 4.02628e-14 1e-20
5703.0 4.02534e-14 1e-20
5704.5 4.0296e-14 1e-20
5706.0 4.03635e-14 1e-20
5707.5 4.0298e-14 1e-20
5709.0 4.01922e-14 1e-20
5710.5 4.00429e-14 1e-20
5712.0 3.99357e-14 1e-20
5713.5 3.98329e-14 1e-20
5715.0 3.97307e-14 1e-20
5716.5 3.97172e-14 1e-20
5718.0 3.97541e-14 1e-20
5719.5 3.98366e-14 1e-20
5721.0 3.98911e-14 1e-20
5722.5 3.99094e-14 1e-20
5724.0 3.99178e-14 1e-20
5725.5 3.99264e-14 1e-20
5727.0 3.98682e-14 1e-20
5728.5 3.97758e-14 1e-20
5730.0 3.96349e-14 1e-20
5731.5 3.95267e-14 1e-20
5733.0 3.94292e-14 1e-20
5734.5 3.93334e-14 1e-20
5736.0 3.92217e-14 1e-20
5737.5 3.90731e-14 1e-20
5739.0 3.89045e-14 1e-20
5740.5 3.87737e-14 1e-20
5742.0 3.87021e-14 1e-20
5743.5 3.86608e-14 1e-20
5745.0 3.86e-14 1e-20
5746.5 3.83717e-14 1e-20
5748.0 3.80705e-14 1e-20
5749.5 3.7697e-14 1e-20
5751.0 3.74863e-14 1e-20
5752.5 3.73343e-14 1e-20
5754.0 3.72292e-14 1e-20
5755.5 3.69892e-14 1e-20
5757.0 3.65989e-14 1e-20
5758.5 3.61208e-14 1e-20
5760.0 3.56698e-14 1e-20
5761.5 3.53515e-14 1e-20
5763.0 3.50743e-14 1e-20
5764.5 3.48506e-14 1e-20
5766.0 3.47588e-14 1e-20
5767.5 3.47531e-14 1e-20
5769.0 3.48247e-14 1e-20
5770.5 3.45378e-14 1e-20
5772.0 3.40918e-14 1e-20
5773.5 3.35063e-14 1e-20
5775.0 3.31612e-14 1e-20
5776.5 3.30402e-14 1e-20
5778.0 3.304e-14 1e-20
5779.5 3.29887e-14 1e-20
5781.0 3.27124e-14 1e-20
5782.5 3.23568e-14 1e-20
5784.0 3.1963e-14 1e-20
5785.5 3.17853e-14 1e-20
5787.0 3.16752e-14 1e-20
5788.5 3.16316e-14 1e-20
5790.0 3.14052e-14 1e-20
5791.5 3.10986e-14 1e-20
5793.0 3.07285e-14 1e-20
5794.5 3.03931e-14 1e-20
5796.0 3.01025e-14 1e-20
5797.5 2.9822e-14 1e-20
5799.0 2.96427e-14 1e-20
5800.5 2.96013e-14 1e-20
5802.0 2.96504e-14 1e-20
5803.5 2.9694e-14 1e-20
5805.0 2.95141e-14 1e-20
5806.5 2.92573e-14 1e-20
5808.0 2.89353e-14 1e-20
5809.5 2.88395e-14 1e-20
5811.0 2.88211e-14 1e-20
5812.5 2.88749e-14 1e-20
5814.0 2.89146e-14 1e-20
5815.5 2.89016e-14 1e-20
5817.0 2.88826e-14 1e-20
5818.5 2.88885e-14 1e-20
5820.0 2.90362e-14 1e-20
5821.5 2.92531e-14 1e-20
5823.0 2.95117e-14 1e-20
5824.5 2.95958e-14 1e-20
5826.0 2.96291e-14 1e-20
5827.5 2.96122e-14 1e-20
5829.0 2.95947e-14 1e-20
5830.5 2.95565e-14 1e-20
5832.0 2.9494e-14 1e-20
5833.5 2.95145e-14 1e-20
5835.0 2.9636e-14 1e-20
5836.5 2.98168e-14 1e-20
5838.0 3.00315e-14 1e-20
5839.5 3.02476e-14 1e-20
5841.0 3.04903e-14 1e-20
5842.5 3.07576e-14 1e-20
5844.0 3.09755e-14 1e-20
5845.5 3.11839e-14 1e-20
5847.0 3.13801e-14 1e-20
5848.5 3.15476e-14 1e-20
5850.0 3.17115e-14 1e-20
5851.5 3.18632e-14 1e-20
5853.0 3.1937e-14 1e-20
5854.5 3.19158e-14 1e-20
5856.0 3.18285e-14 1e-20
5857.5 3.18045e-14 1e-20
5859.0 3.19774e-14 1e-20
5860.5 3.22359e-14 1e-20
5862.0 3.25469e-14 1e-20
5863.5 3.28354e-14 1e-20
5865.0 3.31518e-14 1e-20
5866.5 3.34956e-14 1e-20
5868.0 3.3602e-14 1e-20
5869.5 3.35612e-14 1e-20
5871.0 3.34017e-14 1e-20
5872.5 3.34531e-14 1e-20
5874.0 3.37543e-14 1e-20
5875.5 3.41863e-14 1e-20
5877.0 3.45431e-14 1e-20
5878.5 3.45703e-14 1e-20
5880.0 3.44674e-14 1e-20
5881.5 3.42775e-14 1e-20
5883.0 3.42857e-14 1e-20
5884.5 3.43267e-14 1e-20
5886.0 3.44004e-14 1e-20
5887.5 3.44607e-14 1e-20
5889.0 3.45234e-14 1e-20
5890.5 3.45934e-14 1e-20
5892.0 3.47844e-14 1e-20
5893.5 3.50919e-14 1e-20
5895.0 3.54848e-14 1e-20
5896.5 3.58048e-14 1e-20
5898.0 3.58744e-14 1e-20
5899.5 3.58371e-14 1e-20
5901.0 3.57257e-14 1e-20
5902.5 3.5735e-14 1e-20
5904.0 3.57509e-14 1e-20
5905.5 3.57735e-14 1e-20
5907.0 3.5904e-14 1e-20
5908.5 3.60907e-14 1e-20
5910.0 3.63324e-14 1e-20
5911.5 3.65041e-14 1e-20
5913.0 3.65916e-14 1e-20
5914.5 3.66399e-14 1e-20
5916.0 3.67043e-14 1e-20
5917.5 3.68672e-14 1e-20
5919.0 3.70676e-14 1e-20
5920.5 3.72773e-14 1e-20
5922.0 3.7359e-14 1e-20
5923.5 3.73948e-14 1e-20
5925.0 3.73846e-14 1e-20
5926.5 3.75103e-14 1e-20
5928.0 3.76848e-14 1e-20
5929.5 3.7903e-14 1e-20
5931.0 3.80341e-14 1e-20
5932.5 3.80787e-14 1e-20
5934.0 3.80752e-14 1e-20
5935.5 3.80531e-14 1e-20
5937.0 3.79832e-14 1e-20
5938.5 3.78721e-14 1e-20
5940.0 3.77272e-14 1e-20
5941.5 3.77563e-14 1e-20
5943.0 3.78468e-14 1e-20
5944.5 3.79986e-14 1e-20
5946.0 3.81085e-14 1e-20
5947.5 3.82157e-14 1e-20
5949.0 3.83288e-14 1e-20
5950.5 3.84587e-14 1e-20
5952.0 3.85982e-14 1e-20
5953.5 3.8748e-14 1e-20
5955.0 3.88831e-14 1e-20
5956.5 3.89391e-14 1e-20
5958.0 3.89583e-14 1e-20
5959.5 3.89174e-14 1e-20
5961.0 3.8746e-14 1e-20
5962.5 3.8489e-14 1e-20
5964.0 3.81465e-14 1e-20
5965.5 3.80505e-14 1e-20
5967.0 3.8074e-14 1e-20
5968.5 3.81894e-14 1e-20
5970.0 3.82896e-14 1e-20
5971.5 3.83507e-14 1e-20
5973.0 3.84176e-14 1e-20
5974.5 3.85187e-14 1e-20
5976.0 3.86956e-14 1e-20
5977.5 3.89172e-14 1e-20
5979.0 3.91512e-14 1e-20
5980.5 3.90865e-14 1e-20
5982.0 3.88987e-14 1e-20
5983.5 3.85879e-14 1e-20
5985.0 3.85025e-14 1e-20
5986.5 3.85481e-14 1e-20
5988.0 3.86741e-14 1e-20
5989.5 3.88068e-14 1e-20
5991.0 3.88986e-14 1e-20
5992.5 3.89975e-14 1e-20
5994.0 3.90796e-14 1e-20
5995.5 3.9112e-14 1e-20
5997.0 3.91197e-14 1e-20
5998.5 3.9111e-14 1e-20
6000.0 3.91521e-14 1e-20
6001.5 3.92052e-14 1e-20
6003.0 3.92702e-14 1e-20
6004.5 3.92953e-14 1e-20
6006.0 3.92997e-14 1e-20
6007.5 3.92881e-14 1e-20
6009.0 3.92639e-14 1e-20
6010.5 3.92231e-14 1e-20
6012.0 3.91668e-14 1e-20
6013.5 3.90904e-14 1e-20
6015.0 3.9022e-14 1e-20
6016.5 3.89481e-14 1e-20
6018.0 3.88826e-14 1e-20
6019.5 3.88205e-14 1e-20
6021.0 3.87598e-14 1e-20
6022.5 3.87005e-14 1e-20
6024.0 3.86678e-14 1e-20
6025.5 3.86599e-14 1e-20
6027.0 3.86703e-14 1e-20
6028.5 3.86971e-14 1e-20
6030.0 3.87623e-14 1e-20
6031.5 3.88545e-14 1e-20
6033.0 3.88913e-14 1e-20
6034.5 3.86799e-14 1e-20
6036.0 3.83488e-14 1e-20
6037.5 3.79275e-14 1e-20
6039.0 3.77287e-14 1e-20
6040.5 3.75786e-14 1e-20
6042.0 3.74763e-14 1e-20
6043.5 3.74534e-14 1e-20
6045.0 3.75038e-14 1e-20
6046.5 3.76215e-14 1e-20
6048.0 3.76519e-14 1e-20
6049.5 3.75516e-14 1e-20
6051.0 3.73902e-14 1e-20
6052.5 3.71972e-14 1e-20
6054.0 3.70023e-14 1e-20
6055.5 3.67805e-14 1e-20
6057.0 3.65396e-14 1e-20
6058.5 3.64908e-14 1e-20
6060.0 3.65253e-14 1e-20
6061.5 3.66399e-14 1e-20
6063.0 3.6459e-14 1e-20
6064.5 3.59961e-14 1e-20
6066.0 3.53552e-14 1e-20
6067.5 3.48475e-14 1e-20
6069.0 3.47684e-14 1e-20
6070.5 3.48643e-14 1e-20
6072.0 3.50198e-14 1e-20
6073.5 3.49108e-14 1e-20
6075.0 3.47464e-14 1e-20
6076.5 3.45467e-14 1e-20
6078.0 3.42906e-14 1e-20
6079.5 3.39683e-14 1e-20
6081.0 3.35878e-14 1e-20
6082.5 3.32476e-14 1e-20
6084.0 3.29662e-14 1e-20
6085.5 3.2704e-14 1e-20
6087.0 3.23867e-14 1e-20
6088.5 3.19587e-14 1e-20
6090.0 3.14725e-14 1e-20
6091.5 3.09522e-14 1e-20
6093.0 3.04487e-14 1e-20
6094.5 2.99273e-14 1e-20
6096.0 2.9376e-14 1e-20
6097.5 2.87386e-14 1e-20
6099.0 2.8057e-14 1e-20
6100.5 2.73265e-14 1e-20
6102.0 2.67161e-14 1e-20
6103.5 2.61711e-14 1e-20
6105.0 2.56717e-14 1e-20
6106.5 2.52088e-14 1e-20
6108.0 2.4785e-14 1e-20
6109.5 2.44016e-14 1e-20
6111.0 2.40077e-14 1e-20
6112.5 2.34482e-14 1e-20
6114.0 2.28218e-14 1e-20
6115.5 2.21377e-14 1e-20
6117.0 2.16345e-14 1e-20
6118.5 2.11939e-14 1e-20
6120.0 2.08097e-14 1e-20
6121.5 2.04172e-14 1e-20
6123.0 2.0034e-14 1e-20
6124.5 1.96695e-14 1e-20
6126.0 1.92664e-14 1e-20
6127.5 1.87549e-14 1e-20
6129.0 1.81899e-14 1e-20
6130.5 1.76387e-14 1e-20
6132.0 1.73205e-14 1e-20
6133.5 1.70972e-14 1e-20
6135.0 1.69571e-14 1e-20
6136.5 1.67672e-14 1e-20
6138.0 1.66157e-14 1e-20
6139.5 1.64949e-14 1e-20
6141.0 1.63329e-14 1e-20
6142.5 1.60929e-14 1e-20
6144.0 1.58165e-14 1e-20
6145.5 1.55096e-14 1e-20
6147.0 1.5187e-14 1e-20
6148.5 1.4839e-14 1e-20
6150.0 1.44931e-14 1e-20
6151.5 1.42595e-14 1e-20
6153.0 1.40708e-14 1e-20
6154.5 1.39245e-14 1e-20
6156.0 1.38194e-14 1e-20
6157.5 1.37687e-14 1e-20
6159.0 1.37657e-14 1e-20
6160.5 1.3753e-14 1e-20
6162.0 1.3692e-14 1e-20
6163.5 1.36211e-14 1e-20
6165.0 1.34997e-14 1e-20
6166.5 1.33241e-14 1e-20
6168.0 1.31086e-14 1e-20
6169.5 1.28908e-14 1e-20
6171.0 1.28283e-14 1e-20
6172.5 1.28254e-14 1e-20
6174.0 1.28814e-14 1e-20
6175.5 1.29219e-14 1e-20
6177.0 1.29759e-14 1e-20
6178.5 1.30493e-14 1e-20
6180.0 1.30592e-14 1e-20
6181.5 1.30219e-14 1e-20
6183.0 1.2953e-14 1e-20
6184.5 1.29194e-14 1e-20
6186.0 1.29592e-14 1e-20
6187.5 1.30317e-14 1e-20
6189.0 1.31261e-14 1e-20
6190.5 1.32436e-14 1e-20
6192.0 1.3387e-14 1e-20
6193.5 1.35568e-14 1e-20
6195.0 1.3789e-14 1e-20
6196.5 1.40585e-14 1e-20
6198.0 1.43685e-14 1e-20
6199.5 1.46295e-14 1e-20
6201.0 1.48306e-14 1e-20
6202.5 1.50043e-14 1e-20
6204.0 1.51844e-14 1e-20
6205.5 1.54364e-14 1e-20
6207.0 1.57149e-14 1e-20
6208.5 1.59959e-14 1e-20
6210.0 1.61558e-14 1e-20
6211.5 1.6268e-14 1e-20
6213.0 1.63324e-14 1e-20
6214.5 1.64333e-14 1e-20
6216.0 1.65159e-14 1e-20
6217.5 1.65858e-14 1e-20
6219.0 1.67104e-14 1e-20
6220.5 1.6918e-14 1e-20
6222.0 1.7173e-14 1e-20
6223.5 1.74473e-14 1e-20
6225.0 1.76929e-14 1e-20
6226.5 1.79443e-14 1e-20
6228.0 1.82071e-14 1e-20
6229.5 1.85173e-14 1e-20
6231.0 1.88539e-14 1e-20
6232.5 1.9217e-14 1e-20
6234.0 1.9563e-14 1e-20
6235.5 1.99062e-14 1e-20
6237.0 2.02516e-14 1e-20
6238.5 2.05502e-14 1e-20
6240.0 2.08187e-14 1e-20
6241.5 2.10625e-14 1e-20
6243.0 2.13323e-14 1e-20
6244.5 2.16571e-14 1e-20
6246.0 2.20059e-14 1e-20
6247.5 2.23591e-14 1e-20
6249.0 2.2539e-14 1e-20
6250.5 2.26463e-14 1e-20
6252.0 2.2681e-14 1e-20
6253.5 2.29799e-14 1e-20
6255.0 2.34417e-14 1e-20
6256.5 2.40229e-14 1e-20
6258.0 2.44762e-14 1e-20
6259.5 2.47291e-14 1e-20
6261.0 2.48947e-14 1e-20
6262.5 2.50308e-14 1e-20
6264.0 2.52827e-14 1e-20
6265.5 2.55545e-14 1e-20
6267.0 2.58608e-14 1e-20
6268.5 2.60644e-14 1e-20
6270.0 2.62333e-14 1e-20
6271.5 2.63676e-14 1e-20
6273.0 2.6498e-14 1e-20
6274.5 2.66406e-14 1e-20
6276.0 2.67771e-14 1e-20
6277.5 2.69931e-14 1e-20
6279.0 2.73244e-14 1e-20
6280.5 2.77261e-14 1e-20
6282.0 2.80978e-14 1e-20
6283.5 2.8238e-14 1e-20
6285.0 2.82857e-14 1e-20
6286.5 2.82658e-14 1e-20
6288.0 2.8447e-14 1e-20
6289.5 2.86785e-14 1e-20
6291.0 2.89603e-14 1e-20
6292.5 2.91169e-14 1e-20
6294.0 2.91883e-14 1e-20
6295.5 2.92042e-14 1e-20
6297.0 2.92309e-14 1e-20
6298.5 2.93325e-14 1e-20
6300.0 2.94542e-14 1e-20
6301.5 2.9646e-14 1e-20
6303.0 2.99624e-14 1e-20
6304.5 3.03589e-14 1e-20
6306.0 3.08112e-14 1e-20
6307.5 3.09718e-14 1e-20
6309.0 3.10329e-14 1e-20
6310.5 3.09946e-14 1e-20
6312.0 3.11217e-14 1e-20
6313.5 3.13529e-14 1e-20
6315.0 3.16438e-14 1e-20
6316.5 3.18289e-14 1e-20
6318.0 3.18399e-14 1e-20
6319.5 3.17633e-14 1e-20
6321.0 3.1692e-14 1e-20
6322.5 3.18258e-14 1e-20
6324.0 3.20291e-14 1e-20
6325.5 3.22914e-14 1e-20
6327.0 3.23672e-14 1e-20
6328.5 3.23874e-14 1e-20
6330.0 3.23535e-14 1e-20
6331.5 3.22899e-14 1e-20
6333.0 3.22258e-14 1e-20
6334.5 3.21377e-14 1e-20
6336.0 3.21513e-14 1e-20
6337.5 3.22718e-14 1e-20
6339.0 3.24589e-14 1e-20
6340.5 3.26748e-14 1e-20
6342.0 3.2902e-14 1e-20
6343.5 3.31615e-14 1e-20
6345.0 3.34483e-14 1e-20
6346.5 3.34171e-14 1e-20
6348.0 3.32399e-14 1e-20
6349.5 3.2924e-14 1e-20
6351.0 3.28773e-14 1e-20
6352.5 3.30637e-14 1e-20
6354.0 3.33824e-14 1e-20
6355.5 3.36324e-14 1e-20
6357.0 3.36686e-14 1e-20
6358.5 3.363e-14 1e-20
6360.0 3.35479e-14 1e-20
6361.5 3.3453e-14 1e-20
6363.0 3.3319e-14 1e-20
6364.5 3.31403e-14 1e-20
6366.0 3.31443e-14 1e-20
6367.5 3.32326e-14 1e-20
6369.0 3.33937e-14 1e-20
6370.5 3.34919e-14 1e-20
6372.0 3.35014e-14 1e-20
6373.5 3.34767e-14 1e-20
6375.0 3.34279e-14 1e-20
6376.5 3.34148e-14 1e-20
6378.0 3.34019e-14 1e-20
6379.5 3.34299e-14 1e-20
6381.0 3.35179e-14 1e-20
6382.5 3.36428e-14 1e-20
6384.0 3.37876e-14 1e-20
6385.5 3.37822e-14 1e-20
6387.0 3.37294e-14 1e-20
6388.5 3.36252e-14 1e-20
6390.0 3.35688e-14 1e-20
6391.5 3.35387e-14 1e-20
6393.0 3.35175e-14 1e-20
6394.5 3.34691e-14 1e-20
6396.0 3.33389e-14 1e-20
6397.5 3.31672e-14 1e-20
6399.0 3.2977e-14 1e-20
6400.5 3.2882e-14 1e-20
6402.0 3.28144e-14 1e-20
6403.5 3.27703e-14 1e-20
6405.0 3.2771e-14 1e-20
6406.5 3.28182e-14 1e-20
6408.0 3.29054e-14 1e-20
6409.5 3.29745e-14 1e-20
6411.0 3.29917e-14 1e-20
6412.5 3.2993e-14 1e-20
6414.0 3.29442e-14 1e-20
6415.5 3.28437e-14 1e-20
6417.0 3.27026e-14 1e-20
6418.5 3.25673e-14 1e-20
6420.0 3.25776e-14 1e-20
6421.5 3.26443e-14 1e-20
6423.0 3.2761e-14 1e-20
6424.5 3.27705e-14 1e-20
6426.0 3.27614e-14 1e-20
6427.5 3.2732e-14 1e-20
6429.0 3.27328e-14 1e-20
6430.5 3.27169e-14 1e-20
6432.0 3.26951e-14 1e-20
6433.5 3.25957e-14 1e-20
6435.0 3.2437e-14 1e-20
6436.5 3.22307e-14 1e-20
6438.0 3.20516e-14 1e-20
6439.5 3.20935e-14 1e-20
6441.0 3.22294e-14 1e-20
6442.5 3.24547e-14 1e-20
6444.0 3.24744e-14 1e-20
6445.5 3.24331e-14 1e-20
6447.0 3.23384e-14 1e-20
6448.5 3.23174e-14 1e-20
6450.0 3.23668e-14 1e-20
6451.5 3.24506e-14 1e-20
6453.0 3.24666e-14 1e-20
6454.5 3.23031e-14 1e-20
6456.0 3.20513e-14 1e-20
6457.5 3.17518e-14 1e-20
6459.0 3.16415e-14 1e-20
6460.5 3.15814e-14 1e-20
6462.0 3.1571e-14 1e-20
6463.5 3.14677e-14 1e-20
6465.0 3.13347e-14 1e-20
6466.5 3.11792e-14 1e-20
6468.0 3.11128e-14 1e-20
6469.5 3.11351e-14 1e-20
6471.0 3.12132e-14 1e-20
6472.5 3.12996e-14 1e-20
6474.0 3.13298e-14 1e-20
6475.5 3.13529e-14 1e-20
6477.0 3.13447e-14 1e-20
6478.5 3.11972e-14 1e-20
6480.0 3.09757e-14 1e-20
6481.5 3.06801e-14 1e-20
6483.0 3.05522e-14 1e-20
6484.5 3.04769e-14 1e-20
6486.0 3.04468e-14 1e-20
6487.5 3.03999e-14 1e-20
6489.0 3.03644e-14 1e-20
6490.5 3.03431e-14 1e-20
6492.0 3.03194e-14 1e-20
6493.5 3.02442e-14 1e-20
6495.0 3.0149e-14 1e-20
6496.5 3.00494e-14 1e-20
6498.0 2.99461e-14 1e-20
6499.5 2.98335e-14 1e-20
6501.0 2.97117e-14 1e-20
6502.5 2.96248e-14 1e-20
6504.0 2.95902e-14 1e-20
6505.5 2.95849e-14 1e-20
6507.0 2.95903e-14 1e-20
6508.5 2.95785e-14 1e-20
6510.0 2.95705e-14 1e-20
6511.5 2.95467e-14 1e-20
6513.0 2.94725e-14 1e-20
6514.5 2.93725e-14 1e-20
6516.0 2.92453e-14 1e-20
6517.5 2.92174e-14 1e-20
6519.0 2.92221e-14 1e-20
6520.5 2.92593e-14 1e-20
6522.0 2.93054e-14 1e-20
6523.5 2.93221e-14 1e-20
6525.0 2.93379e-14 1e-20
6526.5 2.92649e-14 1e-20
6528.0 2.91387e-14 1e-20
6529.5 2.8966e-14 1e-20
6531.0 2.88303e-14 1e-20
6532.5 2.88136e-14 1e-20
6534.0 2.88464e-14 1e-20
6535.5 2.88907e-14 1e-20
6537.0 2.87612e-14 1e-20
6538.5 2.85687e-14 1e-20
6540.0 2.83132e-14 1e-20
6541.5 2.82756e-14 1e-20
6543.0 2.83382e-14 1e-20
6544.5 2.84834e-14 1e-20
6546.0 2.84935e-14 1e-20
6547.5 2.83088e-14 1e-20
6549.0 2.80267e-14 1e-20
6550.5 2.77916e-14 1e-20
6552.0 2.78747e-14 1e-20
6553.5 2.80862e-14 1e-20
6555.0 2.83758e-14 1e-20
6556.5 2.82357e-14 1e-20
6558.0 2.79518e-14 1e-20
6559.5 2.75241e-14 1e-20
6561.0 2.73461e-14 1e-20
6562.5 2.72942e-14 1e-20
6564.0 2.73205e-14 1e-20
6565.5 2.73879e-14 1e-20
6567.0 2.74947e-14 1e-20
6568.5 2.76528e-14 1e-20
6570.0 2.77872e-14 1e-20
6571.5 2.77241e-14 1e-20
6573.0 2.75797e-14 1e-20
6574.5 2.73645e-14 1e-20
6576.0 2.73013e-14 1e-20
6577.5 2.72694e-14 1e-20
6579.0 2.72683e-14 1e-20
6580.5 2.71932e-14 1e-20
6582.0 2.70509e-14 1e-20
6583.5 2.68687e-14 1e-20
6585.0 2.67351e-14 1e-20
6586.5 2.67239e-14 1e-20
6588.0 2.67685e-14 1e-20
6589.5 2.68224e-14 1e-20
6591.0 2.6775e-14 1e-20
6592.5 2.66999e-14 1e-20
6594.0 2.6612e-14 1e-20
6595.5 2.65557e-14 1e-20
6597.0 2.64994e-14 1e-20
6598.5 2.64449e-14 1e-20
6600.0 2.6323e-14 1e-20
6601.5 2.61559e-14 1e-20
6603.0 2.59518e-14 1e-20
6604.5 2.57617e-14 1e-20
6606.0 2.56557e-14 1e-20
6607.5 2.55805e-14 1e-20
6609.0 2.55376e-14 1e-20
6610.5 2.54554e-14 1e-20
6612.0 2.53717e-14 1e-20
6613.5 2.52861e-14 1e-20
6615.0 2.52543e-14 1e-20
6616.5 2.52505e-14 1e-20
6618.0 2.52728e-14 1e-20
6619.5 2.52875e-14 1e-20
6621.0 2.53006e-14 1e-20
6622.5 2.53187e-14 1e-20
6624.0 2.53035e-14 1e-20
6625.5 2.52218e-14 1e-20
6627.0 2.5103e-14 1e-20
6628.5 2.49618e-14 1e-20
6630.0 2.48725e-14 1e-20
6631.5 2.47908e-14 1e-20
6633.0 2.47174e-14 1e-20
6634.5 2.47039e-14 1e-20
6636.0 2.47268e-14 1e-20
6637.5 2.47839e-14 1e-20
6639.0 2.46975e-14 1e-20
6640.5 2.44667e-14 1e-20
6642.0 2.41447e-14 1e-20
6643.5 2.39043e-14 1e-20
6645.0 2.38903e-14 1e-20
6646.5 2.39725e-14 1e-20
6648.0 2.41087e-14 1e-20
6649.5 2.41576e-14 1e-20
6651.0 2.42078e-14 1e-20
6652.5 2.42523e-14 1e-20
6654.0 2.40878e-14 1e-20
6655.5 2.38156e-14 1e-20
6657.0 2.34407e-14 1e-20
6658.5 2.32292e-14 1e-20
6660.0 2.31471e-14 1e-20
6661.5 2.31343e-14 1e-20
6663.0 2.31262e-14 1e-20
6664.5 2.31005e-14 1e-20
6666.0 2.30887e-14 1e-20
6667.5 2.30948e-14 1e-20
6669.0 2.30781e-14 1e-20
6670.5 2.30591e-14 1e-20
6672.0 2.3035e-14 1e-20
6673.5 2.3009e-14 1e-20
6675.0 2.29925e-14 1e-20
6676.5 2.29787e-14 1e-20
6678.0 2.29465e-14 1e-20
6679.5 2.28782e-14 1e-20
6681.0 2.27897e-14 1e-20
6682.5 2.27354e-14 1e-20
6684.0 2.27469e-14 1e-20
6685.5 2.27907e-14 1e-20
6687.0 2.28118e-14 1e-20
6688.5 2.27109e-14 1e-20
6690.0 2.25585e-14 1e-20
6691.5 2.23607e-14 1e-20
6693.0 2.2352e-14 1e-20
6694.5 2.23857e-14 1e-20
6696.0 2.24733e-14 1e-20
6697.5 2.24909e-14 1e-20
6699.0 2.24897e-14 1e-20
6700.5 2.2478e-14 1e-20
6702.0 2.24499e-14 1e-20
6703.5 2.23496e-14 1e-20
6705.0 2.22091e-14 1e-20
6706.5 2.20365e-14 1e-20
6708.0 2.18607e-14 1e-20
6709.5 2.16638e-14 1e-20
6711.0 2.14456e-14 1e-20
6712.5 2.1325e-14 1e-20
6714.0 2.12738e-14 1e-20
6715.5 2.12724e-14 1e-20
6717.0 2.12073e-14 1e-20
6718.5 2.10545e-14 1e-20
6720.0 2.08609e-14 1e-20
6721.5 2.07678e-14 1e-20
6723.0 2.08958e-14 1e-20
6724.5 2.1137e-14 1e-20
6726.0 2.14178e-14 1e-20
6727.5 2.15096e-14 1e-20
6729.0 2.15577e-14 1e-20
6730.5 2.15621e-14 1e-20
6732.0 2.15805e-14 1e-20
6733.5 2.15668e-14 1e-20
6735.0 2.15298e-14 1e-20
6736.5 2.14713e-14 1e-20
6738.0 2.13843e-14 1e-20
6739.5 2.1272e-14 1e-20
6741.0 2.11505e-14 1e-20
6742.5 2.10688e-14 1e-20
6744.0 2.09956e-14 1e-20
6745.5 2.09247e-14 1e-20
6747.0 2.0775e-14 1e-20
6748.5 2.05916e-14 1e-20
6750.0 2.03744e-14 1e-20
6751.5 2.03584e-14 1e-20
6753.0 2.04571e-14 1e-20
6754.5 2.0649e-14 1e-20
6756.0 2.0721e-14 1e-20
6757.5 2.06205e-14 1e-20
6759.0 2.04396e-14 1e-20
6760.5 2.02502e-14 1e-20
6762.0 2.01901e-14 1e-20
6763.5 2.01634e-14 1e-20
6765.0 2.01718e-14 1e-20
6766.5 2.017e-14 1e-20
6768.0 2.01814e-14 1e-20
6769.5 2.02061e-14 1e-20
6771.0 2.01729e-14 1e-20
6772.5 2.01042e-14 1e-20
6774.0 2.00086e-14 1e-20
6775.5 1.98845e-14 1e-20
6777.0 1.97513e-14 1e-20
6778.5 1.95988e-14 1e-20
6780.0 1.94866e-14 1e-20
6781.5 1.94964e-14 1e-20
6783.0 1.95661e-14 1e-20
6784.5 1.96732e-14 1e-20
6786.0 1.95841e-14 1e-20
6787.5 1.943e-14 1e-20
6789.0 1.92111e-14 1e-20
6790.5 1.90879e-14 1e-20
6792.0 1.90174e-14 1e-20
6793.5 1.89759e-14 1e-20
6795.0 1.89653e-14 1e-20
6796.5 1.89749e-14 1e-20
6798.0 1.90101e-14 1e-20
6799.5 1.90562e-14 1e-20
6801.0 1.90995e-14 1e-20
6802.5 1.91517e-14 1e-20
6804.0 1.91972e-14 1e-20
6805.5 1.90641e-14 1e-20
6807.0 1.88488e-14 1e-20
6808.5 1.85513e-14 1e-20
6810.0 1.84273e-14 1e-20
6811.5 1.84079e-14 1e-20
6813.0 1.84557e-14 1e-20
6814.5 1.84741e-14 1e-20
6816.0 1.84036e-14 1e-20
6817.5 1.83055e-14 1e-20
6819.0 1.82093e-14 1e-20
6820.5 1.81986e-14 1e-20
6822.0 1.82195e-14 1e-20
6823.5 1.82639e-14 1e-20
6825.0 1.82724e-14 1e-20
6826.5 1.82792e-14 1e-20
6828.0 1.82843e-14 1e-20
6829.5 1.82879e-14 1e-20
6831.0 1.82807e-14 1e-20
6832.5 1.82679e-14 1e-20
6834.0 1.82123e-14 1e-20
6835.5 1.80915e-14 1e-20
6837.0 1.79288e-14 1e-20
6838.5 1.77552e-14 1e-20
6840.0 1.76645e-14 1e-20
6841.5 1.75968e-14 1e-20
6843.0 1.75521e-14 1e-20
6844.5 1.75596e-14 1e-20
6846.0 1.76051e-14 1e-20
6847.5 1.76879e-14 1e-20
6849.0 1.77179e-14 1e-20
6850.5 1.77019e-14 1e-20
6852.0 1.76628e-14 1e-20
6853.5 1.76624e-14 1e-20
6855.0 1.7719e-14 1e-20
6856.5 1.78042e-14 1e-20
6858.0 1.78601e-14 1e-20
6859.5 1.78181e-14 1e-20
6861.0 1.7733e-14 1e-20
6862.5 1.76223e-14 1e-20
6864.0 1.76395e-14 1e-20
6865.5 1.76931e-14 1e-20
6867.0 1.77854e-14 1e-20
6868.5 1.7771e-14 1e-20
6870.0 1.76805e-14 1e-20
6871.5 1.754e-14 1e-20
6873.0 1.74563e-14 1e-20
6874.5 1.75065e-14 1e-20
6876.0 1.76168e-14 1e-20
6877.5 1.77424e-14 1e-20
6879.0 1.77305e-14 1e-20
6880.5 1.76767e-14 1e-20
6882.0 1.75816e-14 1e-20
6883.5 1.74843e-14 1e-20
6885.0 1.73672e-14 1e-20
6886.5 1.72285e-14 1e-20
6888.0 1.72152e-14 1e-20
6889.5 1.73221e-14 1e-20
6891.0 1.75086e-14 1e-20
6892.5 1.7648e-14 1e-20
6894.0 1.76149e-14 1e-20
6895.5 1.75151e-14 1e-20
6897.0 1.73699e-14 1e-20
6898.5 1.72733e-14 1e-20
6900.0 1.71684e-14 1e-20
6901.5 1.7056e-14 1e-20
6903.0 1.69795e-14 1e-20
6904.5 1.69195e-14 1e-20
6906.0 1.68739e-14 1e-20
6907.5 1.68652e-14 1e-20
6909.0 1.68846e-14 1e-20
6910.5 1.69304e-14 1e-20
6912.0 1.69811e-14 1e-20
6913.5 1.70183e-14 1e-20
6915.0 1.70584e-14 1e-20
6916.5 1.70767e-14 1e-20
6918.0 1.7046e-14 1e-20
6919.5 1.69886e-14 1e-20
6921.0 1.69107e-14 1e-20
6922.5 1.694e-14 1e-20
6924.0 1.69896e-14 1e-20
6925.5 1.70692e-14 1e-20
6927.0 1.70007e-14 1e-20
6928.5 1.68166e-14 1e-20
6930.0 1.65517e-14 1e-20
6931.5 1.63502e-14 1e-20
6933.0 1.63436e-14 1e-20
6934.5 1.64173e-14 1e-20
6936.0 1.65326e-14 1e-20
6937.5 1.64923e-14 1e-20
6939.0 1.64137e-14 1e-20
6940.5 1.6297e-14 1e-20
6942.0 1.6243e-14 1e-20
6943.5 1.62154e-14 1e-20
6945.0 1.62044e-14 1e-20
6946.5 1.62142e-14 1e-20
6948.0 1.62292e-14 1e-20
6949.5 1.62569e-14 1e-20
6951.0 1.62478e-14 1e-20
6952.5 1.61772e-14 1e-20
6954.0 1.60735e-14 1e-20
6955.5 1.59698e-14 1e-20
6957.0 1.59774e-14 1e-20
6958.5 1.60265e-14 1e-20
6960.0 1.6117e-14 1e-20
6961.5 1.61448e-14 1e-20
6963.0 1.61706e-14 1e-20
6964.5 1.61912e-14 1e-20
6966.0 1.61998e-14 1e-20
6967.5 1.61777e-14 1e-20
6969.0 1.6137e-14 1e-20
6970.5 1.60972e-14 1e-20
6972.0 1.60756e-14 1e-20
6973.5 1.60571e-14 1e-20
6975.0 1.60199e-14 1e-20
6976.5 1.58896e-14 1e-20
6978.0 1.57127e-14 1e-20
6979.5 1.54892e-14 1e-20
6981.0 1.54557e-14 1e-20
6982.5 1.55174e-14 1e-20
6984.0 1.5657e-14 1e-20
6985.5 1.57561e-14 1e-20
6987.0 1.57901e-14 1e-20
6988.5 1.58076e-14 1e-20
6990.0 1.58095e-14 1e-20
6991.5 1.57881e-14 1e-20
6993.0 1.57472e-14 1e-20
6994.5 1.56959e-14 1e-20
6996.0 1.57177e-14 1e-20
6997.5 1.57654e-14 1e-20
6999.0 1.58388e-14 1e-20
7000.5 1.58081e-14 1e-20
7002.0 1.57246e-14 1e-20
7003.5 1.55981e-14 1e-20
7005.0 1.55507e-14 1e-20
7006.5 1.5612e-14 1e-20
7008.0 1.57296e-14 1e-20
7009.5 1.58429e-14 1e-20
7011.0 1.58342e-14 1e-20
7012.5 1.57852e-14 1e-20
7014.0 1.57031e-14 1e-20
7015.5 1.57018e-14 1e-20
7017.0 1.57184e-14 1e-20
7018.5 1.57531e-14 1e-20
7020.0 1.57341e-14 1e-20
7021.5 1.56768e-14 1e-20
7023.0 1.55938e-14 1e-20
7024.5 1.54973e-14 1e-20
7026.0 1.54001e-14 1e-20
7027.5 1.52915e-14 1e-20
7029.0 1.52064e-14 1e-20
7030.5 1.52079e-14 1e-20
7032.0 1.52515e-14 1e-20
7033.5 1.53311e-14 1e-20
7035.0 1.53317e-14 1e-20
7036.5 1.53162e-14 1e-20
7038.0 1.52848e-14 1e-20
7039.5 1.52578e-14 1e-20
7041.0 1.52354e-14 1e-20
7042.5 1.52116e-14 1e-20
7044.0 1.51546e-14 1e-20
7045.5 1.50566e-14 1e-20
7047.0 1.49314e-14 1e-20
7048.5 1.48424e-14 1e-20
7050.0 1.49047e-14 1e-20
7051.5 1.5037e-14 1e-20
7053.0 1.52171e-14 1e-20
7054.5 1.51821e-14 1e-20
7056.0 1.50786e-14 1e-20
7057.5 1.49066e-14 1e-20
7059.0 1.48704e-14 1e-20
7060.5 1.49128e-14 1e-20
7062.0 1.5005e-14 1e-20
7063.5 1.50523e-14 1e-20
7065.0 1.50231e-14 1e-20
7066.5 1.49629e-14 1e-20
7068.0 1.48867e-14 1e-20
7069.5 1.48238e-14 1e-20
7071.0 1.47538e-14 1e-20
7072.5 1.46841e-14 1e-20
7074.0 1.4623e-14 1e-20
7075.5 1.45619e-14 1e-20
7077.0 1.45019e-14 1e-20
7078.5 1.4515e-14 1e-20
7080.0 1.46011e-14 1e-20
7081.5 1.47388e-14 1e-20
7083.0 1.48437e-14 1e-20
7084.5 1.48715e-14 1e-20
7087.5 1.48519e-14 1e-20
7089.0 1.47911e-14 1e-20
7090.5 1.46979e-14 1e-20
7092.0 1.457e-14 1e-20
7093.5 1.45557e-14 1e-20
7095.0 1.45878e-14 1e-20
7096.5 1.46602e-14 1e-20
7098.0 1.46835e-14 1e-20
7099.5 1.46538e-14 1e-20
7101.0 1.45998e-14 1e-20
7102.5 1.45578e-14 1e-20
7104.0 1.45603e-14 1e-20
7105.5 1.45787e-14 1e-20
7107.0 1.4591e-14 1e-20
7108.5 1.45566e-14 1e-20
7110.0 1.45041e-14 1e-20
7111.5 1.44467e-14 1e-20
7113.0 1.448e-14 1e-20
7114.5 1.45413e-14 1e-20
7116.0 1.4635e-14 1e-20
7117.5 1.46626e-14 1e-20
7119.0 1.46594e-14 1e-20
7120.5 1.46349e-14 1e-20
7122.0 1.46223e-14 1e-20
7123.5 1.46427e-14 1e-20
7125.0 1.46748e-14 1e-20
7126.5 1.46968e-14 1e-20
7128.0 1.46318e-14 1e-20
7129.5 1.45277e-14 1e-20
7131.0 1.43907e-14 1e-20
7132.5 1.44477e-14 1e-20
7134.0 1.45896e-14 1e-20
7135.5 1.48088e-14 1e-20
7137.0 1.49051e-14 1e-20
7138.5 1.49014e-14 1e-20
7140.0 1.48444e-14 1e-20
7141.5 1.47921e-14 1e-20
7143.0 1.47706e-14 1e-20
7144.5 1.47485e-14 1e-20
7146.0 1.47133e-14 1e-20
7147.5 1.46493e-14 1e-20
7149.0 1.45689e-14 1e-20
7150.5 1.44762e-14 1e-20
7152.0 1.44992e-14 1e-20
7153.5 1.45705e-14 1e-20
7155.0 1.4689e-14 1e-20
7156.5 1.4714e-14 1e-20
7158.0 1.46565e-14 1e-20
7159.5 1.45522e-14 1e-20
7161.0 1.44906e-14 1e-20
7162.5 1.45524e-14 1e-20
7164.0 1.46671e-14 1e-20
7165.5 1.47943e-14 1e-20
7167.0 1.47952e-14 1e-20
7168.5 1.47564e-14 1e-20
7170.0 1.46808e-14 1e-20
7171.5 1.47065e-14 1e-20
7173.0 1.47607e-14 1e-20
7174.5 1.48426e-14 1e-20
7176.0 1.4857e-14 1e-20
7177.5 1.48089e-14 1e-20
7179.0 1.47237e-14 1e-20
7180.5 1.46597e-14 1e-20
7182.0 1.46802e-14 1e-20
7183.5 1.47336e-14 1e-20
7185.0 1.48095e-14 1e-20
7186.5 1.48376e-14 1e-20
7188.0 1.48587e-14 1e-20
7189.5 1.48724e-14 1e-20
7191.0 1.48348e-14 1e-20
7192.5 1.47766e-14 1e-20
7194.0 1.46936e-14 1e-20
7195.5 1.4635e-14 1e-20
7197.0 1.45827e-14 1e-20
7198.5 1.4532e-14 1e-20
7200.0 1.4507e-14 1e-20
7201.5 1.45637e-14 1e-20
7203.0 1.46645e-14 1e-20
7204.5 1.4781e-14 1e-20
7206.0 1.47073e-14 1e-20
7207.5 1.45622e-14 1e-20
7209.0 1.43455e-14 1e-20
7210.5 1.43098e-14 1e-20
7212.0 1.43679e-14 1e-20
7213.5 1.44935e-14 1e-20
7215.0 1.45599e-14 1e-20
7216.5 1.45173e-14 1e-20
7218.0 1.44307e-14 1e-20
7219.5 1.43409e-14 1e-20
7221.0 1.43581e-14 1e-20
7222.5 1.44104e-14 1e-20
7224.0 1.44995e-14 1e-20
7225.5 1.45607e-14 1e-20
7227.0 1.46277e-14 1e-20
7228.5 1.47006e-14 1e-20
7230.0 1.47114e-14 1e-20
7231.5 1.46866e-14 1e-20
7233.0 1.46315e-14 1e-20
7234.5 1.45939e-14 1e-20
7236.0 1.45885e-14 1e-20
7237.5 1.4593e-14 1e-20
7239.0 1.45981e-14 1e-20
7240.5 1.45807e-14 1e-20
7242.0 1.45562e-14 1e-20
7243.5 1.45271e-14 1e-20
7245.0 1.45042e-14 1e-20
7246.5 1.4481e-14 1e-20
7248.0 1.44575e-14 1e-20
7249.5 1.44255e-14 1e-20
7251.0 1.43963e-14 1e-20
7252.5 1.43659e-14 1e-20
7254.0 1.43507e-14 1e-20
7255.5 1.43344e-14 1e-20
7257.0 1.43209e-14 1e-20
7258.5 1.42816e-14 1e-20
7260.0 1.42111e-14 1e-20
7261.5 1.41211e-14 1e-20
7263.0 1.40256e-14 1e-20
7264.5 1.40053e-14 1e-20
7266.0 1.40128e-14 1e-20
7267.5 1.40481e-14 1e-20
7269.0 1.40414e-14 1e-20
7270.5 1.40061e-14 1e-20
7272.0 1.39554e-14 1e-20
7273.5 1.39277e-14 1e-20
7275.0 1.39457e-14 1e-20
7276.5 1.39855e-14 1e-20
7278.0 1.4029e-14 1e-20
7279.5 1.40556e-14 1e-20
7281.0 1.40819e-14 1e-20
7282.5 1.41137e-14 1e-20
7284.0 1.41524e-14 1e-20
7285.5 1.41954e-14 1e-20
7287.0 1.42426e-14 1e-20
7288.5 1.42171e-14 1e-20
7290.0 1.41472e-14 1e-20
7291.5 1.40401e-14 1e-20
7293.0 1.39495e-14 1e-20
7294.5 1.38801e-14 1e-20
7296.0 1.38132e-14 1e-20
7297.5 1.37632e-14 1e-20
7299.0 1.37755e-14 1e-20
7300.5 1.38213e-14 1e-20
7302.0 1.38931e-14 1e-20
7303.5 1.38649e-14 1e-20
7305.0 1.38054e-14 1e-20
7306.5 1.3715e-14 1e-20
7308.0 1.36191e-14 1e-20
7309.5 1.35328e-14 1e-20
7311.0 1.34401e-14 1e-20
7312.5 1.34162e-14 1e-20
7314.0 1.34582e-14 1e-20
7315.5 1.35453e-14 1e-20
7317.0 1.36325e-14 1e-20
7318.5 1.36545e-14 1e-20
7320.0 1.36602e-14 1e-20
7321.5 1.36562e-14 1e-20
7323.0 1.36091e-14 1e-20
7324.5 1.35307e-14 1e-20
7326.0 1.34232e-14 1e-20
7327.5 1.33707e-14 1e-20
7329.0 1.33894e-14 1e-20
7330.5 1.34451e-14 1e-20
7332.0 1.3499e-14 1e-20
7333.5 1.34876e-14 1e-20
7335.0 1.34572e-14 1e-20
7336.5 1.34071e-14 1e-20
7338.0 1.33763e-14 1e-20
7339.5 1.33442e-14 1e-20
7341.0 1.33161e-14 1e-20
7342.5 1.33057e-14 1e-20
7344.0 1.33009e-14 1e-20
7345.5 1.33035e-14 1e-20
7347.0 1.32287e-14 1e-20
7348.5 1.30918e-14 1e-20
7350.0 1.29094e-14 1e-20
7351.5 1.27657e-14 1e-20
7353.0 1.27345e-14 1e-20
7354.5 1.27505e-14 1e-20
7356.0 1.27903e-14 1e-20
7357.5 1.27748e-14 1e-20
7359.0 1.27535e-14 1e-20
7360.5 1.27299e-14 1e-20
7362.0 1.27119e-14 1e-20
7363.5 1.26905e-14 1e-20
7365.0 1.26678e-14 1e-20
7366.5 1.26261e-14 1e-20
7368.0 1.25811e-14 1e-20
7369.5 1.25293e-14 1e-20
7371.0 1.24727e-14 1e-20
7372.5 1.23898e-14 1e-20
7374.0 1.22916e-14 1e-20
7375.5 1.21884e-14 1e-20
7377.0 1.21666e-14 1e-20
7378.5 1.2177e-14 1e-20
7380.0 1.22215e-14 1e-20
7381.5 1.22711e-14 1e-20
7383.0 1.23325e-14 1e-20
7384.5 1.24101e-14 1e-20
7386.0 1.23869e-14 1e-20
7387.5 1.2266e-14 1e-20
7389.0 1.20802e-14 1e-20
7390.5 1.19029e-14 1e-20
7392.0 1.18165e-14 1e-20
7393.5 1.17545e-14 1e-20
7395.0 1.17217e-14 1e-20
7396.5 1.17051e-14 1e-20
7398.0 1.17101e-14 1e-20
7399.5 1.17325e-14 1e-20
7401.0 1.17234e-14 1e-20
7402.5 1.17197e-14 1e-20
7404.0 1.17159e-14 1e-20
7405.5 1.17212e-14 1e-20
7407.0 1.17083e-14 1e-20
7408.5 1.16896e-14 1e-20
7410.0 1.16438e-14 1e-20
7411.5 1.15753e-14 1e-20
7413.0 1.1488e-14 1e-20
7414.5 1.14034e-14 1e-20
7416.0 1.13706e-14 1e-20
7417.5 1.13567e-14 1e-20
7419.0 1.13594e-14 1e-20
7420.5 1.12942e-14 1e-20
7422.0 1.12092e-14 1e-20
7423.5 1.11029e-14 1e-20
7425.0 1.1132e-14 1e-20
7426.5 1.12822e-14 1e-20
7428.0 1.1515e-14 1e-20
7429.5 1.16746e-14 1e-20
7431.0 1.16239e-14 1e-20
7432.5 1.14839e-14 1e-20
7434.0 1.12945e-14 1e-20
7435.5 1.11925e-14 1e-20
7437.0 1.10923e-14 1e-20
7438.5 1.09939e-14 1e-20
7440.0 1.1011e-14 1e-20
7441.5 1.11096e-14 1e-20
7443.0 1.12748e-14 1e-20
7444.5 1.13578e-14 1e-20
7446.0 1.13273e-14 1e-20
7447.5 1.12446e-14 1e-20
7449.0 1.11676e-14 1e-20
7450.5 1.11691e-14 1e-20
7452.0 1.11922e-14 1e-20
7453.5 1.12176e-14 1e-20
7455.0 1.11939e-14 1e-20
7456.5 1.11547e-14 1e-20
7458.0 1.11001e-14 1e-20
7459.5 1.11288e-14 1e-20
7461.0 1.11739e-14 1e-20
7462.5 1.12437e-14 1e-20
7464.0 1.12059e-14 1e-20
7465.5 1.10721e-14 1e-20
7467.0 1.08752e-14 1e-20
7468.5 1.07134e-14 1e-20
7470.0 1.07285e-14 1e-20
7471.5 1.08144e-14 1e-20
7473.0 1.09526e-14 1e-20
7474.5 1.08938e-14 1e-20
7476.0 1.07763e-14 1e-20
7477.5 1.06001e-14 1e-20
7479.0 1.04989e-14 1e-20
7480.5 1.04488e-14 1e-20
7482.0 1.04233e-14 1e-20
7483.5 1.04092e-14 1e-20
7485.0 1.03854e-14 1e-20
7486.5 1.03674e-14 1e-20
7488.0 1.03477e-14 1e-20
7489.5 1.03161e-14 1e-20
7491.0 1.02802e-14 1e-20
7492.5 1.0238e-14 1e-20
7494.0 1.02071e-14 1e-20
7495.5 1.01788e-14 1e-20
7497.0 1.01532e-14 1e-20
7498.5 1.00728e-14 1e-20
7500.0 9.94889e-15 1e-20
7501.5 9.79229e-15 1e-20
7503.0 9.67066e-15 1e-20
7504.5 9.61065e-15 1e-20
7506.0 9.57757e-15 1e-20
7507.5 9.54475e-15 1e-20
7509.0 9.46565e-15 1e-20
7510.5 9.37343e-15 1e-20
7512.0 9.26715e-15 1e-20
7513.5 9.1443e-15 1e-20
7515.0 9.00652e-15 1e-20
7516.5 8.8538e-15 1e-20
7518.0 8.74089e-15 1e-20
7519.5 8.65241e-15 1e-20
7521.0 8.58069e-15 1e-20
7522.5 8.52463e-15 1e-20
7524.0 8.47758e-15 1e-20
7525.5 8.44351e-15 1e-20
7527.0 8.44154e-15 1e-20
7528.5 8.48794e-15 1e-20
7530.0 8.56811e-15 1e-20
7531.5 8.66409e-15 1e-20
7533.0 8.65257e-15 1e-20
7534.5 8.60489e-15 1e-20
7536.0 8.52106e-15 1e-20
7537.5 8.47247e-15 1e-20
7539.0 8.4401e-15 1e-20
7540.5 8.41337e-15 1e-20
7542.0 8.38882e-15 1e-20
7543.5 8.37101e-15 1e-20
7545.0 8.35847e-15 1e-20
7546.5 8.36587e-15 1e-20
7548.0 8.37103e-15 1e-20
7549.5 8.38131e-15 1e-20
7551.0 8.37927e-15 1e-20
7552.5 8.35835e-15 1e-20
7554.0 8.32787e-15 1e-20
7555.5 8.28784e-15 1e-20
7557.0 8.30676e-15 1e-20
7558.5 8.35467e-15 1e-20
7560.0 8.42796e-15 1e-20
7561.5 8.48269e-15 1e-20
7563.0 8.50423e-15 1e-20
7564.5 8.51362e-15 1e-20
7566.0 8.51346e-15 1e-20
7567.5 8.49008e-15 1e-20
7569.0 8.44999e-15 1e-20
7570.5 8.38836e-15 1e-20
7572.0 8.32773e-15 1e-20
7573.5 8.25913e-15 1e-20
7575.0 8.1818e-15 1e-20
7576.5 8.20289e-15 1e-20
7578.0 8.28542e-15 1e-20
7579.5 8.41821e-15 1e-20
7581.0 8.51309e-15 1e-20
7582.5 8.52256e-15 1e-20
7584.0 8.49878e-15 1e-20
7585.5 8.4876e-15 1e-20
7587.0 8.62902e-15 1e-20
7588.5 8.83393e-15 1e-20
7590.0 9.08992e-15 1e-20
7591.5 9.10213e-15 1e-20
7593.0 9.02236e-15 1e-20
7594.5 8.85551e-15 1e-20
7596.0 8.79044e-15 1e-20
7597.5 8.80358e-15 1e-20
7599.0 8.85206e-15 1e-20
7600.5 8.90003e-15 1e-20
7602.0 8.92413e-15 1e-20
7603.5 8.94777e-15 1e-20
7605.0 8.97893e-15 1e-20
7606.5 9.00784e-15 1e-20
7608.0 9.03722e-15 1e-20
7609.5 9.05976e-15 1e-20
7611.0 9.05869e-15 1e-20
7612.5 9.05002e-15 1e-20
7614.0 9.03112e-15 1e-20
7615.5 9.01551e-15 1e-20
7617.0 8.98526e-15 1e-20
7618.5 8.94633e-15 1e-20
7620.0 8.93111e-15 1e-20
7621.5 8.96816e-15 1e-20
7623.0 9.0323e-15 1e-20
7624.5 9.11012e-15 1e-20
7626.0 9.16178e-15 1e-20
7627.5 9.21274e-15 1e-20
7629.0 9.26355e-15 1e-20
7630.5 9.31726e-15 1e-20
7632.0 9.37161e-15 1e-20
7633.5 9.42687e-15 1e-20
7635.0 9.43605e-15 1e-20
7636.5 9.40047e-15 1e-20
7638.0 9.33332e-15 1e-20
7639.5 9.31386e-15 1e-20
7641.0 9.43013e-15 1e-20
7642.5 9.61065e-15 1e-20
7644.0 9.82271e-15 1e-20
7645.5 9.89933e-15 1e-20
7647.0 9.93983e-15 1e-20
7648.5 9.94567e-15 1e-20
7650.0 9.96048e-15 1e-20
7651.5 9.96307e-15 1e-20
7653.0 9.95205e-15 1e-20
7654.5 9.92802e-15 1e-20
7656.0 9.91143e-15 1e-20
7657.5 9.89079e-15 1e-20
7659.0 9.9006e-15 1e-20
7660.5 9.9538e-15 1e-20
7662.0 1.0033e-14 1e-20
7663.5 1.0113e-14 1e-20
7665.0 1.00963e-14 1e-20
7666.5 1.00427e-14 1e-20
7668.0 9.95509e-15 1e-20
7669.5 9.95545e-15 1e-20
7671.0 9.98721e-15 1e-20
7672.5 1.00453e-14 1e-20
7674.0 1.01158e-14 1e-20
7675.5 1.01897e-14 1e-20
7677.0 1.02761e-14 1e-20
7678.5 1.03477e-14 1e-20
7680.0 1.04082e-14 1e-20
7681.5 1.04639e-14 1e-20
7683.0 1.05318e-14 1e-20
7684.5 1.05991e-14 1e-20
7686.0 1.06673e-14 1e-20
7687.5 1.07326e-14 1e-20
7689.0 1.07486e-14 1e-20
7690.5 1.07567e-14 1e-20
7692.0 1.0748e-14 1e-20
7693.5 1.07245e-14 1e-20
7695.0 1.06663e-14 1e-20
7696.5 1.05838e-14 1e-20
7698.0 1.05157e-14 1e-20
7699.5 1.05251e-14 1e-20
7701.0 1.05663e-14 1e-20
7702.5 1.06288e-14 1e-20
7704.0 1.06277e-14 1e-20
7705.5 1.06115e-14 1e-20
7707.0 1.05807e-14 1e-20
7708.5 1.05994e-14 1e-20
7710.0 1.06389e-14 1e-20
7711.5 1.06962e-14 1e-20
7713.0 1.07603e-14 1e-20
7714.5 1.08405e-14 1e-20
7716.0 1.09349e-14 1e-20
7717.5 1.10313e-14 1e-20
7719.0 1.11065e-14 1e-20
7720.5 1.11767e-14 1e-20
7722.0 1.1251e-14 1e-20
7723.5 1.13408e-14 1e-20
7725.0 1.14369e-14 1e-20
7726.5 1.15395e-14 1e-20
7728.0 1.16274e-14 1e-20
7729.5 1.17176e-14 1e-20
7731.0 1.18067e-14 1e-20
7732.5 1.1795e-14 1e-20
7734.0 1.16707e-14 1e-20
7735.5 1.14697e-14 1e-20
7737.0 1.12671e-14 1e-20
7738.5 1.11819e-14 1e-20
7740.0 1.11271e-14 1e-20
7741.5 1.11053e-14 1e-20
7743.0 1.10667e-14 1e-20
7744.5 1.1037e-14 1e-20
7746.0 1.10162e-14 1e-20
7747.5 1.09766e-14 1e-20
7749.0 1.09351e-14 1e-20
7750.5 1.08905e-14 1e-20
7752.0 1.08544e-14 1e-20
7753.5 1.08262e-14 1e-20
7755.0 1.08029e-14 1e-20
7756.5 1.08394e-14 1e-20
7758.0 1.10171e-14 1e-20
7759.5 1.12756e-14 1e-20
7761.0 1.15858e-14 1e-20
7762.5 1.17453e-14 1e-20
7764.0 1.1871e-14 1e-20
7765.5 1.19629e-14 1e-20
7767.0 1.20294e-14 1e-20
7768.5 1.20561e-14 1e-20
7770.0 1.20486e-14 1e-20
7771.5 1.20719e-14 1e-20
7773.0 1.21484e-14 1e-20
7774.5 1.22465e-14 1e-20
7776.0 1.23569e-14 1e-20
7777.5 1.24997e-14 1e-20
7779.0 1.2667e-14 1e-20
7780.5 1.28416e-14 1e-20
7782.0 1.27399e-14 1e-20
7783.5 1.25178e-14 1e-20
7785.0 1.21756e-14 1e-20
7786.5 1.20389e-14 1e-20
7788.0 1.20197e-14 1e-20
7789.5 1.20705e-14 1e-20
7791.0 1.20821e-14 1e-20
7792.5 1.20042e-14 1e-20
7794.0 1.18968e-14 1e-20
7795.5 1.17912e-14 1e-20
7797.0 1.17503e-14 1e-20
7798.5 1.17309e-14 1e-20
7800.0 1.17235e-14 1e-20
7801.5 1.17367e-14 1e-20
7803.0 1.1769e-14 1e-20
7804.5 1.18204e-14 1e-20
7806.0 1.18787e-14 1e-20
7807.5 1.19208e-14 1e-20
7809.0 1.19634e-14 1e-20
7810.5 1.20279e-14 1e-20
7812.0 1.21307e-14 1e-20
7813.5 1.22565e-14 1e-20
7815.0 1.24167e-14 1e-20
7816.5 1.26601e-14 1e-20
7818.0 1.29571e-14 1e-20
7819.5 1.33003e-14 1e-20
7821.0 1.34485e-14 1e-20
7822.5 1.3532e-14 1e-20
7824.0 1.35507e-14 1e-20
7825.5 1.35555e-14 1e-20
7827.0 1.35584e-14 1e-20
7828.5 1.35376e-14 1e-20
7830.0 1.34868e-14 1e-20
7831.5 1.33758e-14 1e-20
7833.0 1.3223e-14 1e-20
7834.5 1.31034e-14 1e-20
7836.0 1.32024e-14 1e-20
7837.5 1.33976e-14 1e-20
7839.0 1.36637e-14 1e-20
7840.5 1.36086e-14 1e-20
7842.0 1.34486e-14 1e-20
7843.5 1.31835e-14 1e-20
7845.0 1.30774e-14 1e-20
7846.5 1.30596e-14 1e-20
7848.0 1.30912e-14 1e-20
7849.5 1.30963e-14 1e-20
7851.0 1.30531e-14 1e-20
7852.5 1.2996e-14 1e-20
7854.0 1.29399e-14 1e-20
7855.5 1.28827e-14 1e-20
7857.0 1.28208e-14 1e-20
7858.5 1.27426e-14 1e-20
7860.0 1.26839e-14 1e-20
7861.5 1.26313e-14 1e-20
7863.0 1.25839e-14 1e-20
7864.5 1.25048e-14 1e-20
7866.0 1.23833e-14 1e-20
7867.5 1.22362e-14 1e-20
7869.0 1.21763e-14 1e-20
7870.5 1.2255e-14 1e-20
7872.0 1.24107e-14 1e-20
7873.5 1.25835e-14 1e-20
7875.0 1.26343e-14 1e-20
7876.5 1.26561e-14 1e-20
7878.0 1.26512e-14 1e-20
7879.5 1.27144e-14 1e-20
7881.0 1.27972e-14 1e-20
7882.5 1.28983e-14 1e-20
7884.0 1.29818e-14 1e-20
7885.5 1.30516e-14 1e-20
7887.0 1.31161e-14 1e-20
7888.5 1.31817e-14 1e-20
7890.0 1.32496e-14 1e-20
7891.5 1.33171e-14 1e-20
7893.0 1.34037e-14 1e-20
7894.5 1.35794e-14 1e-20
7896.0 1.38009e-14 1e-20
7897.5 1.40542e-14 1e-20
7899.0 1.40382e-14 1e-20
7900.5 1.39074e-14 1e-20
7902.0 1.36673e-14 1e-20
7903.5 1.35695e-14 1e-20
7905.0 1.35487e-14 1e-20
7906.5 1.35667e-14 1e-20
7908.0 1.35023e-14 1e-20
7909.5 1.33256e-14 1e-20
7911.0 1.30892e-14 1e-20
7912.5 1.28494e-14 1e-20
7914.0 1.27391e-14 1e-20
7915.5 1.26696e-14 1e-20
7917.0 1.26361e-14 1e-20
7918.5 1.25856e-14 1e-20
7920.0 1.25476e-14 1e-20
7921.5 1.25222e-14 1e-20
7923.0 1.24966e-14 1e-20
7924.5 1.24631e-14 1e-20
7926.0 1.24297e-14 1e-20
7927.5 1.24343e-14 1e-20
7929.0 1.24963e-14 1e-20
7930.5 1.25939e-14 1e-20
7932.0 1.27054e-14 1e-20
7933.5 1.27889e-14 1e-20
7935.0 1.28736e-14 1e-20
7936.5 1.29577e-14 1e-20
7938.0 1.29317e-14 1e-20
7939.5 1.28454e-14 1e-20
7941.0 1.27038e-14 1e-20
7942.5 1.26629e-14 1e-20
7944.0 1.27078e-14 1e-20
7945.5 1.28004e-14 1e-20
7947.0 1.29166e-14 1e-20
7948.5 1.30236e-14 1e-20
7950.0 1.31464e-14 1e-20
7951.5 1.32317e-14 1e-20
7953.0 1.31726e-14 1e-20
7954.5 1.30428e-14 1e-20
7956.0 1.28525e-14 1e-20
7957.5 1.27536e-14 1e-20
7959.0 1.26627e-14 1e-20
7960.5 1.25794e-14 1e-20
7962.0 1.24722e-14 1e-20
7963.5 1.23713e-14 1e-20
7965.0 1.22693e-14 1e-20
7966.5 1.22127e-14 1e-20
7968.0 1.22146e-14 1e-20
7969.5 1.2254e-14 1e-20
7971.0 1.22986e-14 1e-20
7972.5 1.22161e-14 1e-20
7974.0 1.2087e-14 1e-20
7975.5 1.1919e-14 1e-20
7977.0 1.19558e-14 1e-20
7978.5 1.20818e-14 1e-20
7980.0 1.22878e-14 1e-20
7981.5 1.24139e-14 1e-20
7983.0 1.24655e-14 1e-20
7984.5 1.2487e-14 1e-20
7986.0 1.24797e-14 1e-20
7987.5 1.24634e-14 1e-20
7989.0 1.24269e-14 1e-20
7990.5 1.24019e-14 1e-20
7992.0 1.2489e-14 1e-20
7993.5 1.26245e-14 1e-20
7995.0 1.28047e-14 1e-20
7996.5 1.28387e-14 1e-20
7998.0 1.28118e-14 1e-20
7999.5 1.27336e-14 1e-20
8001.0 1.26157e-14 1e-20
8002.5 1.24756e-14 1e-20
8004.0 1.23001e-14 1e-20
8005.5 1.21394e-14 1e-20
8007.0 1.20119e-14 1e-20
8008.5 1.18926e-14 1e-20
8010.0 1.17776e-14 1e-20
8011.5 1.17187e-14 1e-20
8013.0 1.16896e-14 1e-20
8014.5 1.16905e-14 1e-20
8016.0 1.16095e-14 1e-20
8017.5 1.1484e-14 1e-20
8019.0 1.13263e-14 1e-20
8020.5 1.12588e-14 1e-20
8022.0 1.13134e-14 1e-20
8023.5 1.14363e-14 1e-20
8025.0 1.15379e-14 1e-20
8026.5 1.14539e-14 1e-20
8028.0 1.13e-14 1e-20
8029.5 1.1085e-14 1e-20
8031.0 1.0968e-14 1e-20
8032.5 1.08616e-14 1e-20
8034.0 1.07691e-14 1e-20
8035.5 1.08489e-14 1e-20
8037.0 1.10201e-14 1e-20
8038.5 1.12804e-14 1e-20
8040.0 1.14406e-14 1e-20
8041.5 1.14819e-14 1e-20
8043.0 1.14707e-14 1e-20
8044.5 1.14454e-14 1e-20
8046.0 1.14664e-14 1e-20
8047.5 1.14894e-14 1e-20
8049.0 1.15063e-14 1e-20
8050.5 1.15078e-14 1e-20
8052.0 1.15015e-14 1e-20
8053.5 1.1488e-14 1e-20
8055.0 1.14483e-14 1e-20
8056.5 1.13795e-14 1e-20
8058.0 1.12888e-14 1e-20
8059.5 1.11942e-14 1e-20
8061.0 1.1102e-14 1e-20
8062.5 1.10034e-14 1e-20
8064.0 1.08997e-14 1e-20
8065.5 1.07855e-14 1e-20
8067.0 1.06634e-14 1e-20
8068.5 1.05234e-14 1e-20
8070.0 1.04214e-14 1e-20
8071.5 1.03309e-14 1e-20
8073.0 1.02526e-14 1e-20
8074.5 1.01619e-14 1e-20
8076.0 1.00341e-14 1e-20
8077.5 9.89031e-15 1e-20
8079.0 9.8129e-15 1e-20
8080.5 9.83142e-15 1e-20
8082.0 9.90523e-15 1e-20
8083.5 9.94857e-15 1e-20
8085.0 9.86253e-15 1e-20
8086.5 9.72637e-15 1e-20
8088.0 9.56248e-15 1e-20
8089.5 9.43447e-15 1e-20
8091.0 9.30132e-15 1e-20
8092.5 9.16302e-15 1e-20
8094.0 9.09965e-15 1e-20
8095.5 9.08795e-15 1e-20
8097.0 9.11713e-15 1e-20
8098.5 9.13479e-15 1e-20
8100.0 9.11627e-15 1e-20
8101.5 9.09064e-15 1e-20
8103.0 9.06825e-15 1e-20
8104.5 9.13011e-15 1e-20
8106.0 9.22949e-15 1e-20
8107.5 9.36324e-15 1e-20
8109.0 9.33024e-15 1e-20
8110.5 9.23825e-15 1e-20
8112.0 9.08727e-15 1e-20
8113.5 9.09686e-15 1e-20
8115.0 9.2086e-15 1e-20
8116.5 9.38991e-15 1e-20
8118.0 9.47568e-15 1e-20
8119.5 9.40136e-15 1e-20
8121.0 9.2513e-15 1e-20
8122.5 9.07566e-15 1e-20
8124.0 9.01987e-15 1e-20
8125.5 8.99046e-15 1e-20
8127.0 9.00147e-15 1e-20
8128.5 8.98882e-15 1e-20
8130.0 8.98192e-15 1e-20
8131.5 8.98079e-15 1e-20
8133.0 8.92771e-15 1e-20
8134.5 8.85967e-15 1e-20
8136.0 8.77308e-15 1e-20
8137.5 8.68161e-15 1e-20
8139.0 8.58219e-15 1e-20
8140.5 8.47244e-15 1e-20
8142.0 8.37738e-15 1e-20
8143.5 8.36684e-15 1e-20
8145.0 8.39566e-15 1e-20
8146.5 8.47513e-15 1e-20
8148.0 8.5575e-15 1e-20
8149.5 8.66439e-15 1e-20
8151.0 8.79582e-15 1e-20
8152.5 8.82353e-15 1e-20
8154.0 8.80973e-15 1e-20
8155.5 8.75768e-15 1e-20
8157.0 8.72439e-15 1e-20
8158.5 8.71799e-15 1e-20
8160.0 8.71712e-15 1e-20
8161.5 8.74335e-15 1e-20
8163.0 8.82648e-15 1e-20
8164.5 8.94393e-15 1e-20
8166.0 9.07108e-15 1e-20
8167.5 8.99408e-15 1e-20
8169.0 8.83441e-15 1e-20
8170.5 8.59207e-15 1e-20
8172.0 8.44932e-15 1e-20
8173.5 8.3354e-15 1e-20
8175.0 8.2358e-15 1e-20
8176.5 8.18384e-15 1e-20
8178.0 8.25624e-15 1e-20
8179.5 8.40111e-15 1e-20
8181.0 8.57593e-15 1e-20
8182.5 8.57041e-15 1e-20
8184.0 8.51037e-15 1e-20
8185.5 8.37787e-15 1e-20
8187.0 8.22113e-15 1e-20
8188.5 8.02051e-15 1e-20
8190.0 7.77602e-15 1e-20
8191.5 7.71043e-15 1e-20
8193.0 7.7476e-15 1e-20
8194.5 7.86398e-15 1e-20
8196.0 7.94965e-15 1e-20
8197.5 7.96158e-15 1e-20
8199.0 7.95592e-15 1e-20
8200.5 7.91459e-15 1e-20
8202.0 7.82221e-15 1e-20
8203.5 7.69257e-15 1e-20
8205.0 7.54324e-15 1e-20
8206.5 7.48444e-15 1e-20
8208.0 7.45194e-15 1e-20
8209.5 7.44574e-15 1e-20
8211.0 7.41083e-15 1e-20
8212.5 7.37439e-15 1e-20
8214.0 7.33755e-15 1e-20
8215.5 7.26655e-15 1e-20
8217.0 7.1447e-15 1e-20
8218.5 6.99114e-15 1e-20
8220.0 6.86379e-15 1e-20
8221.5 6.84948e-15 1e-20
8223.0 6.88389e-15 1e-20
8224.5 6.94293e-15 1e-20
8226.0 6.93511e-15 1e-20
8227.5 6.91693e-15 1e-20
8229.0 6.88837e-15 1e-20
8230.5 6.85062e-15 1e-20
8232.0 6.77801e-15 1e-20
8233.5 6.68453e-15 1e-20
8235.0 6.6041e-15 1e-20
8236.5 6.55516e-15 1e-20
8238.0 6.51757e-15 1e-20
8239.5 6.44464e-15 1e-20
8241.0 6.28005e-15 1e-20
8242.5 6.06834e-15 1e-20
8244.0 5.82851e-15 1e-20
8245.5 5.72144e-15 1e-20
8247.0 5.65583e-15 1e-20
8248.5 5.63152e-15 1e-20
8250.0 5.57122e-15 1e-20
8251.5 5.48966e-15 1e-20
8253.0 5.40154e-15 1e-20
8254.5 5.37244e-15 1e-20
8256.0 5.43486e-15 1e-20
8257.5 5.5516e-15 1e-20
8259.0 5.65698e-15 1e-20
8260.5 5.61165e-15 1e-20
8262.0 5.51045e-15 1e-20
8263.5 5.37003e-15 1e-20
8265.0 5.43005e-15 1e-20
8266.5 5.56037e-15 1e-20
8268.0 5.75965e-15 1e-20
8269.5 5.82173e-15 1e-20
8271.0 5.79179e-15 1e-20
8272.5 5.70577e-15 1e-20
8274.0 5.64116e-15 1e-20
8275.5 5.63535e-15 1e-20
8277.0 5.64491e-15 1e-20
8278.5 5.65275e-15 1e-20
8280.0 5.64195e-15 1e-20
8281.5 5.62684e-15 1e-20
8283.0 5.61369e-15 1e-20
8284.5 5.57642e-15 1e-20
8286.0 5.52465e-15 1e-20
8287.5 5.45955e-15 1e-20
8289.0 5.45478e-15 1e-20
8290.5 5.50953e-15 1e-20
8292.0 5.60241e-15 1e-20
8293.5 5.66673e-15 1e-20
8295.0 5.65676e-15 1e-20
8296.5 5.61725e-15 1e-20
8298.0 5.552e-15 1e-20
8299.5 5.49472e-15 1e-20
8301.0 5.42619e-15 1e-20
8302.5 5.35662e-15 1e-20
8304.0 5.39258e-15 1e-20
8305.5 5.47555e-15 1e-20
8307.0 5.60476e-15 1e-20
8308.5 5.68289e-15 1e-20
8310.0 5.71463e-15 1e-20
8311.5 5.7262e-15 1e-20
8313.0 5.75124e-15 1e-20
8314.5 5.84711e-15 1e-20
8316.0 5.97258e-15 1e-20
8317.5 6.10345e-15 1e-20
8319.0 6.13132e-15 1e-20
8320.5 6.12162e-15 1e-20
8322.0 6.07759e-15 1e-20
8323.5 6.11181e-15 1e-20
8325.0 6.16832e-15 1e-20
8326.5 6.24442e-15 1e-20
8328.0 6.2973e-15 1e-20
8329.5 6.32198e-15 1e-20
8331.0 6.33392e-15 1e-20
8332.5 6.34587e-15 1e-20
8334.0 6.387e-15 1e-20
8335.5 6.43766e-15 1e-20
8337.0 6.48249e-15 1e-20
8338.5 6.49578e-15 1e-20
8340.0 6.49605e-15 1e-20
8341.5 6.49374e-15 1e-20
8343.0 6.54058e-15 1e-20
8344.5 6.60325e-15 1e-20
8346.0 6.6831e-15 1e-20
8347.5 6.66513e-15 1e-20
8349.0 6.57928e-15 1e-20
8350.5 6.44295e-15 1e-20
8352.0 6.3111e-15 1e-20
8353.5 6.03916e-15 1e-20
8355.0 6.02928e-15 1e-20
8356.5 6.00729e-15 1e-20
8358.0 5.98691e-15 1e-20
8359.5 6.16945e-15 1e-20
8361.0 6.22903e-15 1e-20
8362.5 6.21817e-15 1e-20
8364.0 6.14256e-15 1e-20
8365.5 6.17835e-15 1e-20
8367.0 6.01511e-15 1e-20
8368.5 5.9736e-15 1e-20
8370.0 6.32341e-15 1e-20
8371.5 5.98614e-15 1e-20
8373.0 6.04824e-15 1e-20
8374.5 6.42073e-15 1e-20
8376.0 6.48648e-15 1e-20
8377.5 6.59709e-15 1e-20
8379.0 6.64428e-15 1e-20
8380.5 6.60612e-15 1e-20
8382.0 6.8543e-15 1e-20
8383.5 6.8911e-15 1e-20
8385.0 6.87786e-15 1e-20
8386.5 6.82451e-15 1e-20
8388.0 6.70984e-15 1e-20
8389.5 6.82434e-15 1e-20
8391.0 6.81962e-15 1e-20
8392.5 6.86924e-15 1e-20
8394.0 6.95436e-15 1e-20
8395.5 7.02566e-15 1e-20
8397.0 7.08936e-15 1e-20
8398.5 7.05072e-15 1e-20
8400.0 7.0969e-15 1e-20
8401.5 7.06831e-15 1e-20
8403.0 7.04772e-15 1e-20
8404.5 6.93913e-15 1e-20
8406.0 7.01651e-15 1e-20
8407.5 7.00903e-15 1e-20
8409.0 6.73096e-15 1e-20
8410.5 6.67864e-15 1e-20
8412.0 7.02608e-15 1e-20
8413.5 6.94847e-15 1e-20
8415.0 7.13918e-15 1e-20
8416.5 7.09851e-15 1e-20
8418.0 7.17418e-15 1e-20
8419.5 7.18334e-15 1e-20
8421.0 7.36461e-15 1e-20
8422.5 7.18827e-15 1e-20
8424.0 7.09278e-15 1e-20
8425.5 7.42772e-15 1e-20
8427.0 7.44215e-15 1e-20
8428.5 7.66502e-15 1e-20
8430.0 7.85965e-15 1e-20
8431.5 7.80463e-15 1e-20
8433.0 7.82182e-15 1e-20
8434.5 7.69592e-15 1e-20
8436.0 7.65604e-15 1e-20
8437.5 7.87396e-15 1e-20
8439.0 8.0226e-15 1e-20
8440.5 8.06496e-15 1e-20
8442.0 8.14196e-15 1e-20
8443.5 8.19437e-15 1e-20
8445.0 8.1223e-15 1e-20
8446.5 8.11426e-15 1e-20
8448.0 8.16245e-15 1e-20
8449.5 8.49301e-15 1e-20
8451.0 8.59339e-15 1e-20
8452.5 8.42824e-15 1e-20
8454.0 8.52625e-15 1e-20
8455.5 8.65506e-15 1e-20
8457.0 8.68278e-15 1e-20
8458.5 8.76401e-15 1e-20
8460.0 8.79581e-15 1e-20
8461.5 8.78116e-15 1e-20
8463.0 8.9006e-15 1e-20
8464.5 8.78611e-15 1e-20
8466.0 8.80445e-15 1e-20
8467.5 8.86505e-15 1e-20
8469.0 8.85199e-15 1e-20
8470.5 9.02807e-15 1e-20
8472.0 9.14684e-15 1e-20
8473.5 9.11226e-15 1e-20
8475.0 9.16445e-15 1e-20
8476.5 9.2104e-15 1e-20
8478.0 9.21208e-15 1e-20
8479.5 9.27895e-15 1e-20
8481.0 9.35797e-15 1e-20
8482.5 9.31423e-15 1e-20
8484.0 9.283e-15 1e-20
8485.5 9.55171e-15 1e-20
8487.0 9.64522e-15 1e-20
8488.5 9.77474e-15 1e-20
8490.0 9.70692e-15 1e-20
8491.5 9.75515e-15 1e-20
8493.0 9.78494e-15 1e-20
8494.5 9.85365e-15 1e-20
8496.0 9.86647e-15 1e-20
8497.5 9.79052e-15 1e-20
8499.0 9.7089e-15 1e-20
8500.5 1.00863e-14 1e-20
8502.0 1.03794e-14 1e-20
8503.5 1.00226e-14 1e-20
8505.0 1.0361e-14 1e-20
8506.5 9.84427e-15 1e-20
8508.0 1.01135e-14 1e-20
8509.5 1.01252e-14 1e-20
8511.0 1.0085e-14 1e-20
8512.5 9.99881e-15 1e-20
8514.0 1.02556e-14 1e-20
8515.5 1.0296e-14 1e-20
8517.0 1.03349e-14 1e-20
8518.5 1.0313e-14 1e-20
8520.0 1.024e-14 1e-20
8521.5 1.07823e-14 1e-20
8523.0 1.04786e-14 1e-20
8524.5 1.05393e-14 1e-20
8526.0 1.04202e-14 1e-20
8527.5 1.05943e-14 1e-20
8529.0 1.04696e-14 1e-20
8530.5 1.04217e-14 1e-20
8532.0 1.06354e-14 1e-20
8533.5 1.05467e-14 1e-20
8535.0 1.07634e-14 1e-20
8536.5 1.06575e-14 1e-20
8538.0 1.09723e-14 1e-20
8539.5 1.10735e-14 1e-20
8541.0 1.09232e-14 1e-20
8542.5 1.03886e-14 1e-20
8544.0 1.07901e-14 1e-20
8545.5 1.13818e-14 1e-20
8547.0 1.11242e-14 1e-20
8548.5 1.06453e-14 1e-20
8550.0 1.04597e-14 1e-20
8551.5 1.06985e-14 1e-20
8553.0 1.10049e-14 1e-20
8554.5 1.07287e-14 1e-20
8556.0 1.07117e-14 1e-20
8557.5 1.10464e-14 1e-20
8559.0 1.10191e-14 1e-20
8560.5 1.03638e-14 1e-20
8562.0 1.12856e-14 1e-20
8563.5 1.1161e-14 1e-20
8565.0 1.09897e-14 1e-20
8566.5 1.09829e-14 1e-20
8568.0 1.14276e-14 1e-20
8569.5 1.10492e-14 1e-20
8571.0 1.12172e-14 1e-20
8572.5 1.11765e-14 1e-20
8574.0 1.10353e-14 1e-20
8575.5 1.12511e-14 1e-20
8577.0 1.11307e-14 1e-20
8578.5 9.70746e-15 1e-20
8580.0 1.13199e-14 1e-20
8581.5 1.12064e-14 1e-20
8583.0 1.11047e-14 1e-20
8584.5 1.1334e-14 1e-20
8586.0 1.1382e-14 1e-20
8587.5 1.13002e-14 1e-20
8589.0 1.14506e-14 1e-20
8590.5 1.13872e-14 1e-20
8592.0 1.12702e-14 1e-20
8593.5 1.11764e-14 1e-20
8595.0 1.10288e-14 1e-20
8596.5 1.11706e-14 1e-20
8598.0 1.03322e-14 1e-20
8599.5 1.05631e-14 1e-20
8601.0 1.04726e-14 1e-20
8602.5 1.0574e-14 1e-20
8604.0 1.05095e-14 1e-20
8605.5 1.0703e-14 1e-20
8607.0 1.09779e-14 1e-20
8608.5 1.11867e-14 1e-20
8610.0 1.11419e-14 1e-20
8611.5 1.12259e-14 1e-20
8613.0 1.13333e-14 1e-20
8614.5 1.12883e-14 1e-20
8616.0 1.13364e-14 1e-20
8617.5 1.12414e-14 1e-20
8619.0 1.14079e-14 1e-20
8620.5 1.14172e-14 1e-20
8622.0 1.13281e-14 1e-20
8623.5 1.13629e-14 1e-20
8625.0 1.14996e-14 1e-20
8626.5 1.12648e-14 1e-20
8628.0 1.12943e-14 1e-20
8629.5 1.1297e-14 1e-20
8631.0 1.13302e-14 1e-20
8632.5 1.12265e-14 1e-20
8634.0 1.1418e-14 1e-20
8635.5 1.14243e-14 1e-20
8637.0 1.15111e-14 1e-20
8638.5 1.09837e-14 1e-20
8640.0 1.1349e-14 1e-20
8641.5 1.13129e-14 1e-20
8643.0 1.10015e-14 1e-20
8644.5 1.14727e-14 1e-20
8646.0 1.11556e-14 1e-20
8647.5 1.13274e-14 1e-20
8649.0 1.14274e-14 1e-20
8650.5 1.10409e-14 1e-20
8652.0 1.11384e-14 1e-20
8653.5 1.1114e-14 1e-20
8655.0 1.11355e-14 1e-20
8656.5 1.12475e-14 1e-20
8658.0 1.10544e-14 1e-20
8659.5 1.11321e-14 1e-20
8661.0 1.09243e-14 1e-20
8662.5 1.07016e-14 1e-20
8664.0 1.04245e-14 1e-20
8665.5 1.07152e-14 1e-20
8667.0 1.05442e-14 1e-20
8668.5 1.00015e-14 1e-20
8670.0 1.01927e-14 1e-20
8671.5 1.02373e-14 1e-20
8673.0 1.07036e-14 1e-20
8674.5 1.07857e-14 1e-20
8676.0 1.08783e-14 1e-20
8677.5 1.08744e-14 1e-20
8679.0 1.09508e-14 1e-20
8680.5 1.09116e-14 1e-20
8682.0 1.09346e-14 1e-20
8683.5 1.1362e-14 1e-20
8685.0 1.13816e-14 1e-20
8686.5 1.11753e-14 1e-20
8688.0 1.11384e-14 1e-20
8689.5 1.11516e-14 1e-20
8691.0 1.12485e-14 1e-20
8692.5 1.1562e-14 1e-20
8694.0 1.09708e-14 1e-20
8695.5 1.10843e-14 1e-20
8697.0 1.10575e-14 1e-20
8698.5 1.11856e-14 1e-20
8700.0 1.10981e-14 1e-20
8701.5 1.104e-14 1e-20
8703.0 1.10832e-14 1e-20
8704.5 1.08498e-14 1e-20
8706.0 1.11923e-14 1e-20
8707.5 1.10924e-14 1e-20
8709.0 1.10334e-14 1e-20
8710.5 1.10985e-14 1e-20
8712.0 1.12478e-14 1e-20
8713.5 1.08952e-14 1e-20
8715.0 1.11087e-14 1e-20
8716.5 1.0958e-14 1e-20
8718.0 1.08878e-14 1e-20
8719.5 1.07937e-14 1e-20
8721.0 1.10479e-14 1e-20
8722.5 1.12401e-14 1e-20
8724.0 1.10657e-14 1e-20
8725.5 1.08542e-14 1e-20
8727.0 1.10472e-14 1e-20
8728.5 1.10017e-14 1e-20
8730.0 1.1027e-14 1e-20
8731.5 1.09144e-14 1e-20
8733.0 1.09555e-14 1e-20
8734.5 1.08341e-14 1e-20
8736.0 1.09484e-14 1e-20
8737.5 1.08479e-14 1e-20
8739.0 1.06688e-14 1e-20
8740.5 1.06379e-14 1e-20
8742.0 1.06001e-14 1e-20
8743.5 1.05666e-14 1e-20
8745.0 1.03678e-14 1e-20
8746.5 1.03971e-14 1e-20
8748.0 1.00568e-14 1e-20
8749.5 1.00265e-14 1e-20
8751.0 9.64946e-15 1e-20
8752.5 9.63458e-15 1e-20
8754.0 9.61759e-15 1e-20
8755.5 9.61637e-15 1e-20
8757.0 9.72725e-15 1e-20
8758.5 9.90587e-15 1e-20
8760.0 1.00016e-14 1e-20
8761.5 1.02233e-14 1e-20
8763.0 1.02917e-14 1e-20
8764.5 1.01753e-14 1e-20
8766.0 1.01819e-14 1e-20
8767.5 1.05301e-14 1e-20
8769.0 1.02583e-14 1e-20
8770.5 1.04926e-14 1e-20
8772.0 1.04084e-14 1e-20
8773.5 1.04171e-14 1e-20
8775.0 1.04992e-14 1e-20
8776.5 1.05501e-14 1e-20
8778.0 1.04995e-14 1e-20
8779.5 1.04108e-14 1e-20
8781.0 1.04986e-14 1e-20
8782.5 1.04679e-14 1e-20
8784.0 1.02133e-14 1e-20
8785.5 1.04245e-14 1e-20
8787.0 1.02971e-14 1e-20
8788.5 1.03768e-14 1e-20
8790.0 1.04766e-14 1e-20
8791.5 1.025e-14 1e-20
8793.0 1.02595e-14 1e-20
8794.5 1.0461e-14 1e-20
8796.0 1.01402e-14 1e-20
8797.5 1.02363e-14 1e-20
8799.0 1.03465e-14 1e-20
8800.5 1.01649e-14 1e-20
8802.0 1.01393e-14 1e-20
8803.5 1.01428e-14 1e-20
8805.0 1.02137e-14 1e-20
8806.5 9.96278e-15 1e-20
8808.0 9.84756e-15 1e-20
8809.5 1.01901e-14 1e-20
8811.0 1.03762e-14 1e-20
8812.5 1.00386e-14 1e-20
8814.0 1.01135e-14 1e-20
8815.5 1.00318e-14 1e-20
8817.0 9.90591e-15 1e-20
8818.5 9.91819e-15 1e-20
8820.0 9.74626e-15 1e-20
8821.5 9.77159e-15 1e-20
8823.0 9.6561e-15 1e-20
8824.5 9.80346e-15 1e-20
8826.0 9.83859e-15 1e-20
8827.5 9.74364e-15 1e-20
8829.0 9.81216e-15 1e-20
8830.5 9.77062e-15 1e-20
8832.0 9.5698e-15 1e-20
8833.5 9.77943e-15 1e-20
8835.0 9.70633e-15 1e-20
8836.5 9.57391e-15 1e-20
8838.0 9.60814e-15 1e-20
8839.5 9.49222e-15 1e-20
8841.0 9.49311e-15 1e-20
8842.5 9.47687e-15 1e-20
8844.0 9.1868e-15 1e-20
8845.5 9.27183e-15 1e-20
8847.0 9.3533e-15 1e-20
8848.5 9.42299e-15 1e-20
8850.0 9.10067e-15 1e-20
8851.5 9.12816e-15 1e-20
8853.0 8.98978e-15 1e-20
8854.5 8.77036e-15 1e-20
8856.0 8.87284e-15 1e-20
8857.5 8.92138e-15 1e-20
8859.0 8.80543e-15 1e-20
8860.5 8.76124e-15 1e-20
8862.0 8.43331e-15 1e-20
8863.5 8.27982e-15 1e-20
8865.0 8.29951e-15 1e-20
8866.5 8.35872e-15 1e-20
8868.0 8.26899e-15 1e-20
8869.5 8.38057e-15 1e-20
8871.0 8.32001e-15 1e-20
8872.5 8.54053e-15 1e-20
8874.0 8.5464e-15 1e-20
8875.5 8.50412e-15 1e-20
8877.0 8.48053e-15 1e-20
8878.5 8.49437e-15 1e-20
8880.0 8.36517e-15 1e-20
8881.5 8.13035e-15 1e-20
8883.0 8.32069e-15 1e-20
8884.5 8.46664e-15 1e-20
8886.0 8.28487e-15 1e-20
8887.5 8.31062e-15 1e-20
8889.0 8.54373e-15 1e-20
8890.5 8.28135e-15 1e-20
8892.0 8.35043e-15 1e-20
8893.5 8.26279e-15 1e-20
8895.0 8.11244e-15 1e-20
8896.5 8.19704e-15 1e-20
8898.0 8.09612e-15 1e-20
8899.5 8.00341e-15 1e-20
8901.0 8.09563e-15 1e-20
8902.5 7.9779e-15 1e-20
8904.0 7.86553e-15 1e-20
8905.5 7.89338e-15 1e-20
8907.0 7.98576e-15 1e-20
8908.5 7.85795e-15 1e-20
8910.0 7.93477e-15 1e-20
8911.5 7.90406e-15 1e-20
8913.0 7.58246e-15 1e-20
8914.5 7.69477e-15 1e-20
8916.0 7.71253e-15 1e-20
8917.5 7.70223e-15 1e-20
8919.0 8.08284e-15 1e-20
8920.5 7.51569e-15 1e-20
8922.0 7.51032e-15 1e-20
8923.5 7.59164e-15 1e-20
8925.0 7.42554e-15 1e-20
8926.5 7.43056e-15 1e-20
8928.0 7.0627e-15 1e-20
8929.5 7.32099e-15 1e-20
8931.0 7.60955e-15 1e-20
8932.5 7.40409e-15 1e-20
8934.0 7.13268e-15 1e-20
8935.5 7.13964e-15 1e-20
8937.0 7.12279e-15 1e-20
8938.5 7.1041e-15 1e-20
8940.0 7.25017e-15 1e-20
8941.5 7.03137e-15 1e-20
8943.0 7.04952e-15 1e-20
8944.5 6.97591e-15 1e-20
8946.0 7.05986e-15 1e-20
8947.5 6.98604e-15 1e-20
8949.0 7.0023e-15 1e-20
8950.5 6.99569e-15 1e-20
8952.0 6.89119e-15 1e-20
8953.5 6.95975e-15 1e-20
8955.0 6.91002e-15 1e-20
8956.5 6.97956e-15 1e-20
8958.0 6.93733e-15 1e-20
8959.5 6.88308e-15 1e-20
8961.0 6.86147e-15 1e-20
8962.5 6.68435e-15 1e-20
8964.0 6.48864e-15 1e-20
8965.5 6.80083e-15 1e-20
8967.0 6.79359e-15 1e-20
8968.5 6.80666e-15 1e-20
8970.0 7.06846e-15 1e-20
8971.5 6.57444e-15 1e-20
8973.0 6.6648e-15 1e-20
8974.5 6.71646e-15 1e-20
8976.0 6.65204e-15 1e-20
8977.5 6.71223e-15 1e-20
8979.0 6.64279e-15 1e-20
8980.5 6.56803e-15 1e-20
8982.0 6.62009e-15 1e-20
8983.5 6.66725e-15 1e-20
8985.0 6.86617e-15 1e-20
8986.5 6.60398e-15 1e-20
8988.0 6.70475e-15 1e-20
8989.5 6.6297e-15 1e-20
8991.0 6.7313e-15 1e-20
8992.5 6.64257e-15 1e-20
8994.0 6.59203e-15 1e-20
8995.5 6.75894e-15 1e-20
8997.0 6.79095e-15 1e-20
8998.5 6.68229e-15 1e-20
9000.0 6.61338e-15 1e-20
9001.5 6.65925e-15 1e-20
9003.0 6.47447e-15 1e-20
9004.5 6.60233e-15 1e-20
9006.0 6.59401e-15 1e-20
9007.5 6.64474e-15 1e-20
9009.0 6.52027e-15 1e-20
9010.5 6.65242e-15 1e-20
9012.0 6.55629e-15 1e-20
9013.5 6.37029e-15 1e-20
9015.0 6.44573e-15 1e-20
9016.5 6.25697e-15 1e-20
9018.0 6.76588e-15 1e-20
9019.5 6.32278e-15 1e-20
9021.0 6.50581e-15 1e-20
9022.5 6.49409e-15 1e-20
9024.0 6.64126e-15 1e-20
9025.5 6.607e-15 1e-20
9027.0 6.80374e-15 1e-20
9028.5 6.73846e-15 1e-20
9030.0 6.70507e-15 1e-20
9031.5 6.83317e-15 1e-20
9033.0 6.80577e-15 1e-20
9034.5 6.7813e-15 1e-20
9036.0 6.87716e-15 1e-20
9037.5 6.82842e-15 1e-20
9039.0 7.04979e-15 1e-20
9040.5 7.08714e-15 1e-20
9042.0 7.11306e-15 1e-20
9043.5 7.11492e-15 1e-20
9045.0 7.15293e-15 1e-20
9046.5 7.20973e-15 1e-20
9048.0 7.07527e-15 1e-20
9049.5 7.06927e-15 1e-20
9051.0 7.13016e-15 1e-20
9052.5 7.18088e-15 1e-20
9054.0 6.97976e-15 1e-20
9055.5 7.13564e-15 1e-20
9057.0 7.25003e-15 1e-20
9058.5 7.17478e-15 1e-20
9060.0 7.1175e-15 1e-20
9061.5 6.97673e-15 1e-20
9063.0 7.0294e-15 1e-20
9064.5 7.13384e-15 1e-20
9066.0 7.40327e-15 1e-20
9067.5 7.16619e-15 1e-20
9069.0 6.96052e-15 1e-20
9070.5 7.07044e-15 1e-20
9072.0 7.07653e-15 1e-20
9073.5 7.01631e-15 1e-20
9075.0 7.06743e-15 1e-20
9076.5 7.12994e-15 1e-20
9078.0 7.10066e-15 1e-20
9079.5 6.9997e-15 1e-20
9081.0 7.03255e-15 1e-20
9082.5 7.0838e-15 1e-20
9084.0 6.71206e-15 1e-20
9085.5 6.92423e-15 1e-20
9087.0 7.03743e-15 1e-20
9088.5 6.92822e-15 1e-20
9090.0 6.99468e-15 1e-20
9091.5 7.18319e-15 1e-20
9093.0 7.0752e-15 1e-20
9094.5 6.79608e-15 1e-20
9096.0 6.82168e-15 1e-20
9097.5 7.03761e-15 1e-20
9099.0 7.05303e-15 1e-20
9100.5 6.92339e-15 1e-20
9102.0 6.72694e-15 1e-20
9103.5 6.87763e-15 1e-20
9105.0 6.88061e-15 1e-20
9106.5 6.87766e-15 1e-20
9108.0 6.90006e-15 1e-20
9109.5 6.86572e-15 1e-20
9111.0 6.74475e-15 1e-20
9112.5 6.7247e-15 1e-20
9114.0 6.70852e-15 1e-20
9115.5 6.90785e-15 1e-20
9117.0 6.7452e-15 1e-20
9118.5 6.71428e-15 1e-20
9120.0 6.76078e-15 1e-20
9121.5 6.9749e-15 1e-20
9123.0 6.73059e-15 1e-20
9124.5 6.7155e-15 1e-20
9126.0 6.69726e-15 1e-20
9127.5 6.57195e-15 1e-20
9129.0 6.60316e-15 1e-20
9130.5 6.48152e-15 1e-20
9132.0 6.6141e-15 1e-20
9133.5 6.74675e-15 1e-20
9135.0 6.58114e-15 1e-20
9136.5 6.75953e-15 1e-20
9138.0 6.72269e-15 1e-20
9139.5 6.67305e-15 1e-20
9141.0 6.66452e-15 1e-20
9142.5 6.62242e-15 1e-20
9144.0 6.82053e-15 1e-20
9145.5 6.68884e-15 1e-20
9147.0 6.7915e-15 1e-20
9148.5 6.62742e-15 1e-20
9150.0 6.48389e-15 1e-20
9151.5 6.6454e-15 1e-20
9153.0 6.49963e-15 1e-20
9154.5 6.60962e-15 1e-20
9156.0 6.71136e-15 1e-20
9157.5 6.66764e-15 1e-20
9159.0 6.72622e-15 1e-20
9160.5 6.71566e-15 1e-20
9162.0 6.78052e-15 1e-20
9163.5 6.74931e-15 1e-20
9165.0 6.54763e-15 1e-20
9166.5 6.64775e-15 1e-20
9168.0 6.66588e-15 1e-20
9169.5 6.65796e-15 1e-20
9171.0 6.83054e-15 1e-20
9172.5 6.85944e-15 1e-20
9174.0 6.75603e-15 1e-20
9175.5 6.70175e-15 1e-20
9177.0 6.76175e-15 1e-20
9178.5 6.43929e-15 1e-20
9180.0 6.57994e-15 1e-20
9181.5 6.85835e-15 1e-20
9183.0 6.70387e-15 1e-20
9184.5 6.79435e-15 1e-20
9186.0 6.68918e-15 1e-20
9187.5 6.77372e-15 1e-20
9189.0 6.83706e-15 1e-20
9190.5 6.85048e-15 1e-20
9192.0 6.89942e-15 1e-20
9193.5 6.80868e-15 1e-20
9195.0 6.94333e-15 1e-20
9196.5 6.8714e-15 1e-20
9198.0 6.81695e-15 1e-20
9199.5 6.98989e-15 1e-20
9201.0 6.95425e-15 1e-20
9202.5 6.87971e-15 1e-20
9204.0 6.90915e-15 1e-20
9205.5 6.8917e-15 1e-20
9207.0 7.00575e-15 1e-20
9208.5 7.00399e-15 1e-20
9210.0 6.95776e-15 1e-20
9211.5 7.06713e-15 1e-20
9213.0 6.99386e-15 1e-20
9214.5 6.90917e-15 1e-20
9216.0 7.19813e-15 1e-20
9217.5 7.27183e-15 1e-20
9219.0 6.81095e-15 1e-20
9220.5 6.95703e-15 1e-20
9222.0 7.08343e-15 1e-20
9223.5 7.07698e-15 1e-20
9225.0 6.95534e-15 1e-20
9226.5 6.91045e-15 1e-20
9228.0 6.80992e-15 1e-20
9229.5 6.67801e-15 1e-20
9231.0 6.75432e-15 1e-20
9232.5 7.02388e-15 1e-20
9234.0 7.1542e-15 1e-20
9235.5 6.99768e-15 1e-20
9237.0 6.76075e-15 1e-20
9238.5 7.0913e-15 1e-20
9240.0 7.18856e-15 1e-20
9241.5 7.41807e-15 1e-20
9243.0 6.82441e-15 1e-20
9244.5 7.00755e-15 1e-20
9246.0 7.04082e-15 1e-20
9247.5 7.23685e-15 1e-20
9249.0 7.22693e-15 1e-20
9250.5 7.16732e-15 1e-20
9252.0 7.07391e-15 1e-20
9253.5 7.15568e-15 1e-20
9255.0 7.09225e-15 1e-20
9256.5 7.27795e-15 1e-20
9258.0 7.2888e-15 1e-20
9259.5 7.15985e-15 1e-20
9261.0 7.26185e-15 1e-20
9262.5 7.13198e-15 1e-20
9264.0 7.09089e-15 1e-20
9265.5 7.37086e-15 1e-20
9267.0 7.26453e-15 1e-20
9268.5 7.08805e-15 1e-20
9270.0 7.39913e-15 1e-20
9271.5 7.40654e-15 1e-20
9273.0 7.17057e-15 1e-20
9274.5 7.30443e-15 1e-20
9276.0 7.34694e-15 1e-20
9277.5 7.16807e-15 1e-20
9279.0 7.26279e-15 1e-20
9280.5 7.06521e-15 1e-20
9282.0 7.2275e-15 1e-20
9283.5 7.27375e-15 1e-20
9285.0 7.20082e-15 1e-20
9286.5 7.20724e-15 1e-20
9288.0 7.27687e-15 1e-20
9289.5 7.25509e-15 1e-20
9291.0 7.369e-15 1e-20
9292.5 7.58503e-15 1e-20
9294.0 7.3191e-15 1e-20
9295.5 7.35654e-15 1e-20
9297.0 7.11913e-15 1e-20
9298.5 7.45676e-15 1e-20
9300.0 7.17945e-15 1e-20
9301.5 7.46919e-15 1e-20
9303.0 7.16447e-15 1e-20
9304.5 7.3125e-15 1e-20
9306.0 7.27891e-15 1e-20
9307.5 7.36299e-15 1e-20
9309.0 7.27836e-15 1e-20
9310.5 7.31261e-15 1e-20
9312.0 7.42052e-15 1e-20
9313.5 7.32073e-15 1e-20
9315.0 7.30053e-15 1e-20
9316.5 7.25108e-15 1e-20
9318.0 6.71751e-15 1e-20
9319.5 7.56348e-15 1e-20
9321.0 7.22099e-15 1e-20
9322.5 7.45811e-15 1e-20
9324.0 7.31639e-15 1e-20
9325.5 7.18851e-15 1e-20
9327.0 7.02144e-15 1e-20
9328.5 7.37529e-15 1e-20
9330.0 7.09256e-15 1e-20
9331.5 7.36913e-15 1e-20
9333.0 7.29408e-15 1e-20
9334.5 7.32638e-15 1e-20
9336.0 6.85269e-15 1e-20
9337.5 7.50997e-15 1e-20
9339.0 7.23237e-15 1e-20
9340.5 7.15091e-15 1e-20
9342.0 7.39308e-15 1e-20
9343.5 7.07108e-15 1e-20
9345.0 6.76224e-15 1e-20
9346.5 7.35839e-15 1e-20
9348.0 7.39231e-15 1e-20
9349.5 7.41048e-15 1e-20
9351.0 7.26862e-15 1e-20
9352.5 7.25481e-15 1e-20
9354.0 7.24305e-15 1e-20
9355.5 6.9251e-15 1e-20
9357.0 7.21283e-15 1e-20
9358.5 7.18846e-15 1e-20
9360.0 6.76176e-15 1e-20
9361.5 7.2728e-15 1e-20
9363.0 7.23301e-15 1e-20
9364.5 7.30022e-15 1e-20
9366.0 7.08555e-15 1e-20
9367.5 7.09307e-15 1e-20
9369.0 6.96007e-15 1e-20
9370.5 7.17815e-15 1e-20
9372.0 7.20756e-15 1e-20
9373.5 7.11822e-15 1e-20
9375.0 7.13631e-15 1e-20
9376.5 7.16591e-15 1e-20
9378.0 7.27606e-15 1e-20
9379.5 7.05082e-15 1e-20
9381.0 7.0502e-15 1e-20
9382.5 7.05034e-15 1e-20
9384.0 7.04428e-15 1e-20
9385.5 7.0926e-15 1e-20
9387.0 7.20402e-15 1e-20
9388.5 7.01651e-15 1e-20
9390.0 7.19326e-15 1e-20
9391.5 7.11714e-15 1e-20
9393.0 7.01168e-15 1e-20
9394.5 7.08401e-15 1e-20
9396.0 7.16907e-15 1e-20
9397.5 6.94386e-15 1e-20
9399.0 7.04623e-15 1e-20
9400.5 6.96513e-15 1e-20
9402.0 6.9616e-15 1e-20
9403.5 6.9862e-15 1e-20
9405.0 7.13217e-15 1e-20
9406.5 6.78382e-15 1e-20
9408.0 7.38182e-15 1e-20
9409.5 7.15242e-15 1e-20
9411.0 6.97902e-15 1e-20
9412.5 6.2582e-15 1e-20
9414.0 6.91716e-15 1e-20
9415.5 6.97255e-15 1e-20
9417.0 7.08013e-15 1e-20
9418.5 7.16482e-15 1e-20
9420.0 6.80651e-15 1e-20
9421.5 6.86473e-15 1e-20
9423.0 6.95163e-15 1e-20
9424.5 7.03188e-15 1e-20
9426.0 6.86795e-15 1e-20
9427.5 7.04794e-15 1e-20
9429.0 7.03267e-15 1e-20
9430.5 6.67018e-15 1e-20
9432.0 6.92114e-15 1e-20
9433.5 6.7894e-15 1e-20
9435.0 6.86068e-15 1e-20
9436.5 6.8317e-15 1e-20
9438.0 6.89931e-15 1e-20
9439.5 6.7672e-15 1e-20
9441.0 6.95686e-15 1e-20
9442.5 6.98101e-15 1e-20
9444.0 6.717e-15 1e-20
9445.5 6.67193e-15 1e-20
9447.0 6.65777e-15 1e-20
9448.5 6.61262e-15 1e-20
9450.0 6.6934e-15 1e-20
9451.5 6.82427e-15 1e-20
9453.0 6.58455e-15 1e-20
9454.5 6.70205e-15 1e-20
9456.0 6.78069e-15 1e-20
9457.5 6.60106e-15 1e-20
9459.0 6.43069e-15 1e-20
9460.5 6.62619e-15 1e-20
9462.0 6.71736e-15 1e-20
9463.5 6.1119e-15 1e-20
9465.0 6.41634e-15 1e-20
9466.5 6.72532e-15 1e-20
9468.0 6.60463e-15 1e-20
9469.5 6.67302e-15 1e-20
9471.0 6.78976e-15 1e-20
9472.5 6.39069e-15 1e-20
9474.0 6.55169e-15 1e-20
9475.5 6.69224e-15 1e-20
9477.0 6.62322e-15 1e-20
9478.5 6.53463e-15 1e-20
9480.0 6.76081e-15 1e-20
9481.5 6.73822e-15 1e-20
9483.0 6.72544e-15 1e-20
9484.5 6.24215e-15 1e-20
9486.0 6.56766e-15 1e-20
9487.5 6.57278e-15 1e-20
9489.0 6.60989e-15 1e-20
9490.5 6.58186e-15 1e-20
9492.0 6.5068e-15 1e-20
9493.5 6.55351e-15 1e-20
9495.0 6.56679e-15 1e-20
9496.5 6.39616e-15 1e-20
9498.0 6.45588e-15 1e-20
9499.5 6.5659e-15 1e-20
9501.0 6.42211e-15 1e-20
9502.5 6.46399e-15 1e-20
9504.0 6.19988e-15 1e-20
9505.5 6.43797e-15 1e-20
9507.0 6.42142e-15 1e-20
9508.5 6.34242e-15 1e-20
9510.0 6.45131e-15 1e-20
9511.5 6.43018e-15 1e-20
9513.0 6.29593e-15 1e-20
9514.5 6.44259e-15 1e-20
9516.0 6.45667e-15 1e-20
9517.5 6.58525e-15 1e-20
9519.0 6.37796e-15 1e-20
9520.5 6.57013e-15 1e-20
9522.0 6.23942e-15 1e-20
9523.5 6.38906e-15 1e-20
9525.0 6.32883e-15 1e-20
9526.5 6.3476e-15 1e-20
9528.0 6.23864e-15 1e-20
9529.5 6.26352e-15 1e-20
9531.0 6.1525e-15 1e-20
9532.5 6.20856e-15 1e-20
9534.0 6.13499e-15 1e-20
9535.5 6.10608e-15 1e-20
9537.0 6.32747e-15 1e-20
9538.5 6.16669e-15 1e-20
9540.0 6.23204e-15 1e-20
9541.5 6.14984e-15 1e-20
9543.0 6.04566e-15 1e-20
9544.5 6.02974e-15 1e-20
9546.0 5.75302e-15 1e-20
9547.5 5.91218e-15 1e-20
9549.0 6.14001e-15 1e-20
9550.5 6.10519e-15 1e-20
9552.0 5.93186e-15 1e-20
9553.5 5.95307e-15 1e-20
9555.0 6.01736e-15 1e-20
9556.5 5.98687e-15 1e-20
9558.0 5.88887e-15 1e-20
9559.5 5.89832e-15 1e-20
9561.0 5.96942e-15 1e-20
9562.5 5.91601e-15 1e-20
9564.0 5.97731e-15 1e-20
9565.5 5.93095e-15 1e-20
9567.0 5.8983e-15 1e-20
9568.5 5.73802e-15 1e-20
9570.0 6.0653e-15 1e-20
9571.5 5.71984e-15 1e-20
9573.0 5.94675e-15 1e-20
9574.5 6.04385e-15 1e-20
9576.0 5.81176e-15 1e-20
9577.5 5.80979e-15 1e-20
9579.0 5.87021e-15 1e-20
9580.5 5.94589e-15 1e-20
9582.0 5.85503e-15 1e-20
9583.5 5.73868e-15 1e-20
9585.0 5.83131e-15 1e-20
9586.5 5.83823e-15 1e-20
9588.0 5.82648e-15 1e-20
9589.5 5.78621e-15 1e-20
9591.0 5.70958e-15 1e-20
9592.5 5.81574e-15 1e-20
9594.0 5.73986e-15 1e-20
9595.5 5.81193e-15 1e-20
9597.0 5.77274e-15 1e-20
9598.5 5.79319e-15 1e-20
9600.0 5.76578e-15 1e-20
9601.5 5.63601e-15 1e-20
9603.0 5.59335e-15 1e-20
9604.5 5.62327e-15 1e-20
9606.0 5.75107e-15 1e-20
9607.5 5.60451e-15 1e-20
9609.0 5.61904e-15 1e-20
9610.5 5.63124e-15 1e-20
9612.0 5.60531e-15 1e-20
9613.5 5.37559e-15 1e-20
9615.0 5.56475e-15 1e-20
9616.5 5.54933e-15 1e-20
9618.0 5.47246e-15 1e-20
9619.5 5.49923e-15 1e-20
9621.0 5.47238e-15 1e-20
9622.5 5.41907e-15 1e-20
9624.0 5.60403e-15 1e-20
9625.5 5.48685e-15 1e-20
9627.0 5.41845e-15 1e-20
9628.5 5.33062e-15 1e-20
9630.0 5.47075e-15 1e-20
9631.5 5.32086e-15 1e-20
9633.0 5.20361e-15 1e-20
9634.5 5.33511e-15 1e-20
9636.0 5.37883e-15 1e-20
9637.5 5.3808e-15 1e-20
9639.0 5.26401e-15 1e-20
9640.5 5.21608e-15 1e-20
9642.0 5.23552e-15 1e-20
9643.5 5.919e-15 1e-20
9645.0 5.21761e-15 1e-20
9646.5 5.30285e-15 1e-20
9648.0 5.0739e-15 1e-20
9649.5 5.20942e-15 1e-20
9651.0 5.23459e-15 1e-20
9652.5 5.14946e-15 1e-20
9654.0 5.35552e-15 1e-20
9655.5 5.13644e-15 1e-20
9657.0 5.12717e-15 1e-20
9658.5 5.09452e-15 1e-20
9660.0 5.18197e-15 1e-20
9661.5 5.20049e-15 1e-20
9663.0 5.20526e-15 1e-20
9664.5 5.07922e-15 1e-20
9666.0 5.08784e-15 1e-20
9667.5 5.02578e-15 1e-20
9669.0 5.07159e-15 1e-20
9670.5 5.09261e-15 1e-20
9672.0 5.09921e-15 1e-20
9673.5 4.99181e-15 1e-20
9675.0 4.98396e-15 1e-20
9676.5 5.0433e-15 1e-20
9678.0 4.98688e-15 1e-20
9679.5 4.9838e-15 1e-20
9681.0 4.98395e-15 1e-20
9682.5 5.03407e-15 1e-20
9684.0 5.02874e-15 1e-20
9685.5 5.0075e-15 1e-20
9687.0 4.95879e-15 1e-20
9688.5 4.91841e-15 1e-20
9690.0 4.99155e-15 1e-20
9691.5 4.9108e-15 1e-20
9693.0 4.9467e-15 1e-20
9694.5 4.87807e-15 1e-20
9696.0 4.90952e-15 1e-20
9697.5 4.8746e-15 1e-20
9699.0 4.87643e-15 1e-20
9700.5 4.94195e-15 1e-20
9702.0 4.88743e-15 1e-20
9703.5 4.90427e-15 1e-20
9705.0 4.90754e-15 1e-20
9706.5 4.83912e-15 1e-20
9708.0 4.80028e-15 1e-20
9709.5 4.80093e-15 1e-20
9711.0 4.86987e-15 1e-20
9712.5 4.76446e-15 1e-20
9714.0 4.78995e-15 1e-20
9715.5 4.80063e-15 1e-20
9717.0 4.86515e-15 1e-20
9718.5 4.68042e-15 1e-20
9720.0 4.77113e-15 1e-20
9721.5 4.84502e-15 1e-20
9723.0 4.87844e-15 1e-20
9724.5 4.68973e-15 1e-20
9726.0 4.68784e-15 1e-20
9727.5 4.68051e-15 1e-20
9729.0 4.5973e-15 1e-20
9730.5 4.64497e-15 1e-20
9732.0 4.71038e-15 1e-20
9733.5 4.60743e-15 1e-20
9735.0 4.60853e-15 1e-20
9736.5 4.63884e-15 1e-20
9738.0 4.63725e-15 1e-20
9739.5 4.59849e-15 1e-20
9741.0 4.66736e-15 1e-20
9742.5 4.60136e-15 1e-20
9744.0 4.65162e-15 1e-20
9745.5 4.61361e-15 1e-20
9747.0 4.41288e-15 1e-20
9748.5 4.5779e-15 1e-20
9750.0 4.54928e-15 1e-20
9751.5 4.59503e-15 1e-20
9753.0 4.4632e-15 1e-20
9754.5 4.54213e-15 1e-20
9756.0 4.48722e-15 1e-20
9757.5 4.47071e-15 1e-20
9759.0 4.48158e-15 1e-20
9760.5 4.45674e-15 1e-20
9762.0 4.45836e-15 1e-20
9763.5 4.49794e-15 1e-20
9765.0 4.56807e-15 1e-20
9766.5 4.3817e-15 1e-20
9768.0 4.28299e-15 1e-20
9769.5 4.4534e-15 1e-20
9771.0 4.37226e-15 1e-20
9772.5 4.45771e-15 1e-20
9774.0 4.46064e-15 1e-20
9775.5 4.40838e-15 1e-20
9777.0 4.40903e-15 1e-20
9778.5 4.45608e-15 1e-20
9780.0 4.34945e-15 1e-20
9781.5 4.34079e-15 1e-20
9783.0 4.41345e-15 1e-20
9784.5 4.27817e-15 1e-20
9786.0 4.28768e-15 1e-20
9787.5 4.35778e-15 1e-20
9789.0 4.39365e-15 1e-20
9790.5 4.31734e-15 1e-20
9792.0 4.40809e-15 1e-20
9793.5 4.27378e-15 1e-20
9795.0 4.36076e-15 1e-20
9796.5 4.31651e-15 1e-20
9798.0 4.28061e-15 1e-20
9799.5 4.18676e-15 1e-20
9801.0 4.27351e-15 1e-20
9802.5 4.35337e-15 1e-20
9804.0 4.28066e-15 1e-20
9805.5 4.24197e-15 1e-20
9807.0 4.2633e-15 1e-20
9808.5 4.27464e-15 1e-20
9810.0 4.27501e-15 1e-20
9811.5 4.2422e-15 1e-20
9813.0 4.14487e-15 1e-20
9814.5 4.20073e-15 1e-20
9816.0 4.2127e-15 1e-20
9817.5 4.17432e-15 1e-20
9819.0 4.20912e-15 1e-20
9820.5 4.21328e-15 1e-20
9822.0 4.29582e-15 1e-20
9823.5 4.20976e-15 1e-20
9825.0 4.16759e-15 1e-20
9826.5 4.10272e-15 1e-20
9828.0 4.24282e-15 1e-20
9829.5 4.18631e-15 1e-20
9831.0 4.0867e-15 1e-20
9832.5 4.16027e-15 1e-20
9834.0 4.17084e-15 1e-20
9835.5 4.18784e-15 1e-20
9837.0 4.16183e-15 1e-20
9838.5 4.15696e-15 1e-20
9840.0 4.08364e-15 1e-20
9841.5 4.11056e-15 1e-20
9843.0 4.10529e-15 1e-20
9844.5 4.1486e-15 1e-20
9846.0 4.11677e-15 1e-20
9847.5 4.0431e-15 1e-20
9849.0 4.1666e-15 1e-20
9850.5 4.05477e-15 1e-20
9852.0 4.29462e-15 1e-20
9853.5 4.10099e-15 1e-20
9855.0 4.10519e-15 1e-20
9856.5 4.12046e-15 1e-20
9858.0 4.07129e-15 1e-20
9859.5 4.12527e-15 1e-20
9861.0 4.13925e-15 1e-20
9862.5 4.03646e-15 1e-20
9864.0 4.08361e-15 1e-20
9865.5 4.11766e-15 1e-20
9867.0 4.09568e-15 1e-20
9868.5 4.1084e-15 1e-20
9870.0 4.06147e-15 1e-20
9871.5 4.03889e-15 1e-20
9873.0 4.08395e-15 1e-20
9874.5 4.03396e-15 1e-20
9876.0 4.05906e-15 1e-20
9877.5 4.07819e-15 1e-20
9879.0 4.04914e-15 1e-20
9880.5 4.04643e-15 1e-20
9882.0 4.05659e-15 1e-20
9883.5 3.97557e-15 1e-20
9885.0 4.02362e-15 1e-20
9886.5 4.04354e-15 1e-20
9888.0 4.04569e-15 1e-20
9889.5 3.85474e-15 1e-20
9891.0 3.94184e-15 1e-20
9892.5 3.75595e-15 1e-20
9894.0 4.04374e-15 1e-20
9895.5 3.99019e-15 1e-20
9897.0 3.99836e-15 1e-20
9898.5 3.94191e-15 1e-20
9900.0 3.924e-15 1e-20
9901.5 3.94977e-15 1e-20
9903.0 3.99114e-15 1e-20
9904.5 3.88905e-15 1e-20
9906.0 3.97561e-15 1e-20
9907.5 3.99075e-15 1e-20
9909.0 3.94839e-15 1e-20
9910.5 3.92983e-15 1e-20
9912.0 3.95728e-15 1e-20
9913.5 3.90038e-15 1e-20
9915.0 3.87746e-15 1e-20
9916.5 3.85017e-15 1e-20
9918.0 3.82488e-15 1e-20
9919.5 3.88365e-15 1e-20
9921.0 3.89003e-15 1e-20
9922.5 3.88442e-15 1e-20
9924.0 3.87131e-15 1e-20
9925.5 3.85017e-15 1e-20
9927.0 3.89029e-15 1e-20
9928.5 3.91023e-15 1e-20
9930.0 3.89541e-15 1e-20
9931.5 3.86724e-15 1e-20
9933.0 3.84801e-15 1e-20
9934.5 3.8964e-15 1e-20
9936.0 3.94359e-15 1e-20
9937.5 3.79867e-15 1e-20
9939.0 3.80454e-15 1e-20
9940.5 3.81814e-15 1e-20
9942.0 3.77202e-15 1e-20
9943.5 3.86856e-15 1e-20
9945.0 3.91451e-15 1e-20
9946.5 3.72639e-15 1e-20
9948.0 3.84472e-15 1e-20
9949.5 3.84138e-15 1e-20
9951.0 3.82824e-15 1e-20
9952.5 3.90731e-15 1e-20
9954.0 3.83587e-15 1e-20
9955.5 3.83117e-15 1e-20
9957.0 3.81054e-15 1e-20
9958.5 3.80691e-15 1e-20
9960.0 3.86027e-15 1e-20
9961.5 3.83819e-15 1e-20
9963.0 3.90073e-15 1e-20
9964.5 3.85674e-15 1e-20
9966.0 3.82368e-15 1e-20
9967.5 3.80249e-15 1e-20
9969.0 3.80409e-15 1e-20
9970.5 3.83274e-15 1e-20
9972.0 3.84755e-15 1e-20
9973.5 3.87746e-15 1e-20
9975.0 3.84423e-15 1e-20
9976.5 3.80917e-15 1e-20
9978.0 3.76695e-15 1e-20
9979.5 3.7526e-15 1e-20
9981.0 3.77474e-15 1e-20
9982.5 3.7451e-15 1e-20
9984.0 3.78666e-15 1e-20
9985.5 3.80196e-15 1e-20
9987.0 3.77296e-15 1e-20
9988.5 3.81702e-15 1e-20
9990.0 3.8195e-15 1e-20
9991.5 3.74885e-15 1e-20
9993.0 3.8285e-15 1e-20
9994.5 3.80197e-15 1e-20
9996.0 3.8181e-15 1e-20
9997.5 3.80988e-15 1e-20
9999.0 3.7477e-15 1e-20
10000.5 3.84479e-15 1e-20
10002.0 3.68274e-15 1e-20
10003.5 3.85383e-15 1e-20
10005.0 3.71173e-15 1e-20
10006.5 3.78981e-15 1e-20
10008.0 3.73584e-15 1e-20
10009.5 3.78179e-15 1e-20
10011.0 3.77232e-15 1e-20
10012.5 3.76541e-15 1e-20
10014.0 3.75863e-15 1e-20
10015.5 3.87865e-15 1e-20
10017.0 3.80268e-15 1e-20
10018.5 3.76805e-15 1e-20
10020.0 3.77222e-15 1e-20
10021.5 3.74318e-15 1e-20
10023.0 3.75464e-15 1e-20
10024.5 3.78482e-15 1e-20
10026.0 3.81405e-15 1e-20
10027.5 3.8159e-15 1e-20
10029.0 3.84075e-15 1e-20
10030.5 3.8577e-15 1e-20
10032.0 3.77544e-15 1e-20
10033.5 3.81988e-15 1e-20
10035.0 3.81833e-15 1e-20
10036.5 3.82852e-15 1e-20
10038.0 3.82752e-15 1e-20
10039.5 3.87468e-15 1e-20
10041.0 3.8302e-15 1e-20
10042.5 3.87288e-15 1e-20
10044.0 3.91756e-15 1e-20
10045.5 3.9029e-15 1e-20
10047.0 3.90122e-15 1e-20
10048.5 3.95694e-15 1e-20
10050.0 3.79143e-15 1e-20
10051.5 4.10794e-15 1e-20
10053.0 4.17776e-15 1e-20
10054.5 4.28171e-15 1e-20
10056.0 4.14865e-15 1e-20
10057.5 3.919e-15 1e-20
10059.0 3.9522e-15 1e-20
10060.5 3.95389e-15 1e-20
10062.0 3.93739e-15 1e-20
10063.5 3.89536e-15 1e-20
10065.0 3.84487e-15 1e-20
10066.5 3.82705e-15 1e-20
10068.0 3.67113e-15 1e-20
10069.5 3.79121e-15 1e-20
10071.0 3.79986e-15 1e-20
10072.5 3.68595e-15 1e-20
10074.0 3.74424e-15 1e-20
10075.5 3.76843e-15 1e-20
10077.0 3.68386e-15 1e-20
10078.5 3.66879e-15 1e-20
10080.0 3.69341e-15 1e-20
10081.5 3.69658e-15 1e-20
10083.0 3.77561e-15 1e-20
10084.5 3.70112e-15 1e-20
10086.0 3.706e-15 1e-20
10087.5 3.7306e-15 1e-20
10089.0 3.65659e-15 1e-20
10090.5 3.64713e-15 1e-20
10092.0 3.63672e-15 1e-20
10093.5 3.57393e-15 1e-20
10095.0 3.70011e-15 1e-20
10096.5 3.68803e-15 1e-20
10098.0 3.63137e-15 1e-20
10099.5 3.6557e-15 1e-20
10101.0 3.57028e-15 1e-20
10102.5 3.6232e-15 1e-20
10104.0 3.51807e-15 1e-20
10105.5 3.59704e-15 1e-20
10107.0 3.54498e-15 1e-20
10108.5 3.50025e-15 1e-20
10110.0 3.60448e-15 1e-20
10111.5 3.47119e-15 1e-20
10113.0 3.53209e-15 1e-20
10114.5 3.54224e-15 1e-20
10116.0 3.49238e-15 1e-20
10117.5 3.50963e-15 1e-20
10119.0 3.57156e-15 1e-20
10120.5 3.46852e-15 1e-20
10122.0 3.4538e-15 1e-20
10123.5 3.51124e-15 1e-20
10125.0 3.51318e-15 1e-20
10126.5 3.50343e-15 1e-20
10128.0 3.42751e-15 1e-20
10129.5 3.49286e-15 1e-20
10131.0 3.74064e-15 1e-20
10132.5 3.46995e-15 1e-20
10134.0 3.49072e-15 1e-20
10135.5 3.54253e-15 1e-20
10137.0 3.44986e-15 1e-20
10138.5 3.44156e-15 1e-20
10140.0 3.42734e-15 1e-20
10141.5 3.46868e-15 1e-20
10143.0 3.40347e-15 1e-20
10144.5 3.47069e-15 1e-20
10146.0 3.3983e-15 1e-20
10147.5 3.37884e-15 1e-20
10149.0 3.42934e-15 1e-20
10150.5 3.34415e-15 1e-20
10152.0 3.34188e-15 1e-20
10153.5 3.41946e-15 1e-20
10155.0 3.3605e-15 1e-20
10156.5 3.37453e-15 1e-20
10158.0 3.40215e-15 1e-20
10159.5 3.33269e-15 1e-20
10161.0 3.37868e-15 1e-20
10162.5 3.40455e-15 1e-20
10164.0 3.3557e-15 1e-20
10165.5 3.26879e-15 1e-20
10167.0 3.25909e-15 1e-20
10168.5 3.36179e-15 1e-20
10170.0 3.38901e-15 1e-20
10171.5 3.31977e-15 1e-20
10173.0 3.38292e-15 1e-20
10174.5 3.35608e-15 1e-20
10176.0 3.28353e-15 1e-20
10177.5 3.28071e-15 1e-20
10179.0 3.2947e-15 1e-20
10180.5 3.27245e-15 1e-20
10182.0 3.29315e-15 1e-20
10183.5 3.3094e-15 1e-20
10185.0 3.256e-15 1e-20
10186.5 3.32486e-15 1e-20
10188.0 3.28535e-15 1e-20
10189.5 3.22891e-15 1e-20
10191.0 3.25191e-15 1e-20
10192.5 3.29037e-15 1e-20
10194.0 3.31593e-15 1e-20
10195.5 3.25435e-15 1e-20
10197.0 3.22659e-15 1e-20
10198.5 3.24444e-15 1e-20
10200.0 3.25745e-15 1e-20
10201.5 3.2893e-15 1e-20
10203.0 3.31279e-15 1e-20
10204.5 3.20656e-15 1e-20
10206.0 3.24975e-15 1e-20
10207.5 3.22994e-15 1e-20
10209.0 3.17727e-15 1e-20
10210.5 3.25261e-15 1e-20
10212.0 3.19577e-15 1e-20
10213.5 3.1568e-15 1e-20
10215.0 3.22719e-15 1e-20
10216.5 3.18407e-15 1e-20
10218.0 3.16393e-15 1e-20
10219.5 3.24741e-15 1e-20
10221.0 3.10726e-15 1e-20
10222.5 3.21633e-15 1e-20
10224.0 3.12113e-15 1e-20
10225.5 3.19166e-15 1e-20
10227.0 3.11301e-15 1e-20
10228.5 3.22597e-15 1e-20
10230.0 3.25345e-15 1e-20
10231.5 3.20875e-15 1e-20
10233.0 3.18901e-15 1e-20
10234.5 3.19746e-15 1e-20
10236.0 3.1914e-15 1e-20
10237.5 3.18207e-15 1e-20
10239.0 3.16007e-15 1e-20
10240.5 3.10037e-15 1e-20
10242.0 3.25363e-15 1e-20
10243.5 3.1377e-15 1e-20
10245.0 3.43606e-15 1e-20
10246.5 3.1502e-15 1e-20
10248.0 3.18919e-15 1e-20
10249.5 3.10923e-15 1e-20
10251.0 3.19236e-15 1e-20
10252.5 3.16478e-15 1e-20
10254.0 3.11537e-15 1e-20
10255.5 3.09042e-15 1e-20
10257.0 3.11653e-15 1e-20
10258.5 3.1878e-15 1e-20
10260.0 3.10368e-15 1e-20
10261.5 3.15912e-15 1e-20
10263.0 3.05387e-15 1e-20
10264.5 3.22773e-15 1e-20
10266.0 3.05615e-15 1e-20
10267.5 3.12635e-15 1e-20
10269.0 3.1048e-15 1e-20
10270.5 3.01211e-15 1e-20
10272.0 3.17401e-15 1e-20
10273.5 3.14767e-15 1e-20
10275.0 3.09317e-15 1e-20
10276.5 3.09557e-15 1e-20
10278.0 3.14061e-15 1e-20
10279.5 3.0346e-15 1e-20
10281.0 3.14123e-15 1e-20
10282.5 3.11374e-15 1e-20
10284.0 3.14774e-15 1e-20
10285.5 3.04785e-15 1e-20
10287.0 3.10863e-15 1e-20
10288.5 3.13944e-15 1e-20
10290.0 3.10373e-15 1e-20
10291.5 3.15286e-15 1e-20
10293.0 3.04268e-15 1e-20
10294.5 3.13734e-15 1e-20
10296.0 3.1037e-15 1e-20
10297.5 3.10577e-15 1e-20
10299.0 3.11175e-15 1e-20
10300.5 3.09552e-15 1e-20
10302.0 3.07213e-15 1e-20
10303.5 3.07646e-15 1e-20
10305.0 3.05841e-15 1e-20
10306.5 2.96586e-15 1e-20
10308.0 3.04131e-15 1e-20
10309.5 3.0425e-15 1e-20
10311.0 3.01002e-15 1e-20
10312.5 3.03805e-15 1e-20
10314.0 3.0482e-15 1e-20
10315.5 3.02502e-15 1e-20
10317.0 3.03064e-15 1e-20
10318.5 3.02532e-15 1e-20
10320.0 3.06449e-15 1e-20
10321.5 3.03546e-15 1e-20
10323.0 3.09514e-15 1e-20
10324.5 3.01422e-15 1e-20
10326.0 3.05879e-15 1e-20
10327.5 2.92991e-15 1e-20
10329.0 3.04702e-15 1e-20
10330.5 3.1194e-15 1e-20
10332.0 3.13754e-15 1e-20
10333.5 3.12202e-15 1e-20
10335.0 3.08178e-15 1e-20
10336.5 3.00965e-15 1e-20
10338.0 3.015e-15 1e-20
10339.5 3.07017e-15 1e-20
10341.0 3.03608e-15 1e-20
10342.5 3.02467e-15 1e-20
10344.0 2.99771e-15 1e-20
10345.5 3.05689e-15 1e-20
10347.0 3.00201e-15 1e-20
10348.5 3.01783e-15 1e-20
10350.0 2.93975e-15 1e-20
10351.5 3.0443e-15 1e-20
10353.0 2.89974e-15 1e-20
10354.5 2.9623e-15 1e-20
10356.0 3.03969e-15 1e-20
10357.5 2.99865e-15 1e-20
10359.0 3.02625e-15 1e-20
10360.5 3.01405e-15 1e-20
10362.0 3.00886e-15 1e-20
10363.5 3.03105e-15 1e-20
10365.0 3.00086e-15 1e-20
10366.5 2.99861e-15 1e-20
10368.0 2.98562e-15 1e-20
10369.5 3.00441e-15 1e-20
10371.0 2.95106e-15 1e-20
10372.5 2.9768e-15 1e-20
10374.0 2.97202e-15 1e-20
10375.5 2.97319e-15 1e-20
10377.0 3.00022e-15 1e-20
10378.5 2.96536e-15 1e-20
10380.0 2.95364e-15 1e-20
10381.5 2.95757e-15 1e-20
10383.0 3.01128e-15 1e-20
10384.5 3.01188e-15 1e-20
10386.0 2.96939e-15 1e-20
10387.5 2.99672e-15 1e-20
10389.0 2.97245e-15 1e-20
10390.5 2.94533e-15 1e-20
10392.0 2.92005e-15 1e-20
10393.5 3.02954e-15 1e-20
10395.0 2.97465e-15 1e-20
10396.5 2.96614e-15 1e-20
10398.0 2.92573e-15 1e-20
10399.5 2.93282e-15 1e-20
10401.0 2.9408e-15 1e-20
10402.5 2.92095e-15 1e-20
10404.0 2.93331e-15 1e-20
10405.5 2.87262e-15 1e-20
10407.0 2.9451e-15 1e-20
10408.5 2.90821e-15 1e-20
10410.0 2.972e-15 1e-20
10411.5 2.94797e-15 1e-20
10413.0 2.91286e-15 1e-20
10414.5 2.93797e-15 1e-20
10416.0 2.9669e-15 1e-20
10417.5 2.91885e-15 1e-20
10419.0 2.93313e-15 1e-20
10420.5 2.92412e-15 1e-20
10422.0 2.87859e-15 1e-20
10423.5 2.95197e-15 1e-20
10425.0 2.88884e-15 1e-20
10426.5 2.85531e-15 1e-20
10428.0 2.88146e-15 1e-20
10429.5 2.85954e-15 1e-20
10431.0 2.909e-15 1e-20
10432.5 2.88629e-15 1e-20
10434.0 2.87769e-15 1e-20
10435.5 2.87486e-15 1e-20
10437.0 2.90597e-15 1e-20
10438.5 2.96948e-15 1e-20
10440.0 2.82889e-15 1e-20
10441.5 2.8731e-15 1e-20
10443.0 2.8672e-15 1e-20
10444.5 2.93072e-15 1e-20
10446.0 2.90657e-15 1e-20
10447.5 2.85773e-15 1e-20
10449.0 2.84972e-15 1e-20
10450.5 2.83444e-15 1e-20
10452.0 2.89235e-15 1e-20
10453.5 2.82665e-15 1e-20
10455.0 2.8311e-15 1e-20
10456.5 2.85513e-15 1e-20
10458.0 2.86624e-15 1e-20
10459.5 2.97596e-15 1e-20
10461.0 2.93457e-15 1e-20
10462.5 2.94568e-15 1e-20
10464.0 2.94362e-15 1e-20
10465.5 3.00888e-15 1e-20
10467.0 2.83438e-15 1e-20
10468.5 2.78929e-15 1e-20
10470.0 2.73296e-15 1e-20
10471.5 2.81414e-15 1e-20
10473.0 2.76734e-15 1e-20
10474.5 2.77838e-15 1e-20
10476.0 2.81183e-15 1e-20
10477.5 2.7774e-15 1e-20
10479.0 2.7849e-15 1e-20
10480.5 2.7563e-15 1e-20
10482.0 2.68495e-15 1e-20
10483.5 2.70464e-15 1e-20
10485.0 2.70221e-15 1e-20
10486.5 2.69255e-15 1e-20
10488.0 2.68143e-15 1e-20
10489.5 2.74489e-15 1e-20
10491.0 2.72559e-15 1e-20
10492.5 2.68523e-15 1e-20
10494.0 2.70725e-15 1e-20
10495.5 2.72208e-15 1e-20
10497.0 2.68917e-15 1e-20
10498.5 2.85303e-15 1e-20
10500.0 2.69345e-15 1e-20
10501.5 2.65268e-15 1e-20
10503.0 2.6473e-15 1e-20
10504.5 2.66151e-15 1e-20
10506.0 2.65339e-15 1e-20
10507.5 2.63838e-15 1e-20
10509.0 2.56584e-15 1e-20
10510.5 2.63267e-15 1e-20
10512.0 2.64826e-15 1e-20
10513.5 2.62399e-15 1e-20
10515.0 2.57635e-15 1e-20
10516.5 2.53057e-15 1e-20
10518.0 2.61863e-15 1e-20
10519.5 2.55606e-15 1e-20
10521.0 2.49618e-15 1e-20
10522.5 2.52829e-15 1e-20
10524.0 2.55002e-15 1e-20
10525.5 2.57547e-15 1e-20
10527.0 2.53659e-15 1e-20
10528.5 2.55455e-15 1e-20
10530.0 2.54311e-15 1e-20
10531.5 2.46237e-15 1e-20
10533.0 2.5613e-15 1e-20
10534.5 2.54171e-15 1e-20
10536.0 2.49219e-15 1e-20
10537.5 2.52976e-15 1e-20
10539.0 2.51665e-15 1e-20
10540.5 2.48714e-15 1e-20
10542.0 2.51061e-15 1e-20
10543.5 2.52697e-15 1e-20
10545.0 2.49235e-15 1e-20
10546.5 2.47115e-15 1e-20
10548.0 2.46612e-15 1e-20
10549.5 2.4717e-15 1e-20
10551.0 2.50891e-15 1e-20
10552.5 2.42396e-15 1e-20
10554.0 2.32536e-15 1e-20
10555.5 2.39933e-15 1e-20
10557.0 2.42782e-15 1e-20
10558.5 2.47009e-15 1e-20
10560.0 2.4621e-15 1e-20
10561.5 2.42376e-15 1e-20
10563.0 2.4261e-15 1e-20
10564.5 2.41738e-15 1e-20
10566.0 2.42884e-15 1e-20
10567.5 2.44565e-15 1e-20
10569.0 2.4142e-15 1e-20
10570.5 2.39818e-15 1e-20
10572.0 2.41988e-15 1e-20
10573.5 2.46022e-15 1e-20
10575.0 2.45777e-15 1e-20
10576.5 2.40601e-15 1e-20
10578.0 2.43407e-15 1e-20
10579.5 2.42167e-15 1e-20
10581.0 2.42333e-15 1e-20
10582.5 2.45531e-15 1e-20
10584.0 2.42134e-15 1e-20
10585.5 2.41582e-15 1e-20
10587.0 2.40314e-15 1e-20
10588.5 2.41603e-15 1e-20
10590.0 2.41089e-15 1e-20
10591.5 2.41862e-15 1e-20
10593.0 2.40391e-15 1e-20
10594.5 2.41427e-15 1e-20
10596.0 2.41927e-15 1e-20
10597.5 2.39602e-15 1e-20
10599.0 2.44249e-15 1e-20
10600.5 2.36179e-15 1e-20
10602.0 2.44375e-15 1e-20
10603.5 2.37802e-15 1e-20
10605.0 2.4415e-15 1e-20
10606.5 2.40552e-15 1e-20
10608.0 2.44881e-15 1e-20
10609.5 2.43084e-15 1e-20
10611.0 2.43678e-15 1e-20
10612.5 2.40493e-15 1e-20
10614.0 2.41754e-15 1e-20
10615.5 2.41268e-15 1e-20
10617.0 2.38159e-15 1e-20
10618.5 2.38491e-15 1e-20
10620.0 2.37403e-15 1e-20
10621.5 2.45806e-15 1e-20
10623.0 2.42278e-15 1e-20
10624.5 2.36045e-15 1e-20
10626.0 2.40975e-15 1e-20
10627.5 2.4509e-15 1e-20
10629.0 2.459e-15 1e-20
10630.5 2.36421e-15 1e-20
10632.0 2.41436e-15 1e-20
10633.5 2.41064e-15 1e-20
10635.0 2.41044e-15 1e-20
10636.5 2.37797e-15 1e-20
10638.0 2.37242e-15 1e-20
10639.5 2.40697e-15 1e-20
10641.0 2.44359e-15 1e-20
10642.5 2.45617e-15 1e-20
10644.0 2.38869e-15 1e-20
10645.5 2.46908e-15 1e-20
10647.0 2.43046e-15 1e-20
10648.5 2.41933e-15 1e-20
10650.0 2.44153e-15 1e-20
10651.5 2.45651e-15 1e-20
10653.0 2.4452e-15 1e-20
10654.5 2.46869e-15 1e-20
10656.0 2.41824e-15 1e-20
10657.5 2.44615e-15 1e-20
10659.0 2.48593e-15 1e-20
10660.5 2.49796e-15 1e-20
10662.0 2.48529e-15 1e-20
10663.5 2.47543e-15 1e-20
10665.0 2.49945e-15 1e-20
10666.5 2.52139e-15 1e-20
10668.0 2.51849e-15 1e-20
10669.5 2.51607e-15 1e-20
10671.0 2.49896e-15 1e-20
10672.5 2.43937e-15 1e-20
10674.0 2.45358e-15 1e-20
10675.5 2.48178e-15 1e-20
10677.0 2.48654e-15 1e-20
10678.5 2.48267e-15 1e-20
10680.0 2.53145e-15 1e-20
10681.5 2.51431e-15 1e-20
10683.0 2.47091e-15 1e-20
10684.5 2.48108e-15 1e-20
10686.0 2.52673e-15 1e-20
10687.5 2.63153e-15 1e-20
10689.0 2.67977e-15 1e-20
10690.5 2.535e-15 1e-20
10692.0 2.53412e-15 1e-20
10693.5 2.57685e-15 1e-20
10695.0 2.7166e-15 1e-20
10696.5 2.65273e-15 1e-20
10698.0 2.65114e-15 1e-20
10699.5 2.56489e-15 1e-20
10701.0 2.56471e-15 1e-20
10702.5 2.61672e-15 1e-20
10704.0 2.59994e-15 1e-20
10705.5 2.56954e-15 1e-20
10707.0 2.54163e-15 1e-20
10708.5 2.6009e-15 1e-20
10710.0 2.50317e-15 1e-20
10711.5 2.61185e-15 1e-20
10713.0 2.67488e-15 1e-20
10714.5 2.62272e-15 1e-20
10716.0 2.60965e-15 1e-20
10717.5 2.61629e-15 1e-20
10719.0 2.6202e-15 1e-20
10720.5 2.62399e-15 1e-20
10722.0 2.67589e-15 1e-20
10723.5 2.63756e-15 1e-20
10725.0 2.61912e-15 1e-20
10726.5 2.6325e-15 1e-20
10728.0 2.67438e-15 1e-20
10729.5 2.60679e-15 1e-20
10731.0 2.63205e-15 1e-20
10732.5 2.71718e-15 1e-20
10734.0 2.70063e-15 1e-20
10735.5 2.69919e-15 1e-20
10737.0 2.6068e-15 1e-20
10738.5 2.71453e-15 1e-20
10740.0 2.67647e-15 1e-20
10741.5 2.67801e-15 1e-20
10743.0 2.70048e-15 1e-20
10744.5 2.6782e-15 1e-20
10746.0 2.69731e-15 1e-20
10747.5 2.65988e-15 1e-20
10749.0 2.63818e-15 1e-20
10750.5 2.68779e-15 1e-20
10752.0 2.70656e-15 1e-20
10753.5 2.77235e-15 1e-20
10755.0 2.69135e-15 1e-20
10756.5 2.66701e-15 1e-20
10758.0 2.70345e-15 1e-20
10759.5 2.73349e-15 1e-20
10761.0 2.67367e-15 1e-20
10762.5 2.70468e-15 1e-20
10764.0 2.71603e-15 1e-20
10765.5 2.73257e-15 1e-20
10767.0 2.69102e-15 1e-20
10768.5 2.72254e-15 1e-20
10770.0 2.73297e-15 1e-20
10771.5 2.70014e-15 1e-20
10773.0 2.72052e-15 1e-20
10774.5 2.74446e-15 1e-20
10776.0 2.77529e-15 1e-20
10777.5 2.6883e-15 1e-20
10779.0 2.74818e-15 1e-20
10780.5 2.76904e-15 1e-20
10782.0 2.76628e-15 1e-20
10783.5 2.76131e-15 1e-20
10785.0 2.78171e-15 1e-20
10786.5 2.73195e-15 1e-20
10788.0 2.79922e-15 1e-20
10789.5 2.73752e-15 1e-20
10791.0 2.77044e-15 1e-20
10792.5 2.75986e-15 1e-20
10794.0 2.75621e-15 1e-20
10795.5 2.72382e-15 1e-20
10797.0 2.82508e-15 1e-20
10798.5 2.74479e-15 1e-20
10800.0 2.81426e-15 1e-20
10801.5 2.74891e-15 1e-20
10803.0 2.79023e-15 1e-20
10804.5 3.00708e-15 1e-20
10806.0 2.78059e-15 1e-20
10807.5 2.78481e-15 1e-20
10809.0 2.7987e-15 1e-20
10810.5 2.78436e-15 1e-20
10812.0 2.83113e-15 1e-20
10813.5 2.75152e-15 1e-20
10815.0 2.85108e-15 1e-20
10816.5 2.862e-15 1e-20
10818.0 2.81285e-15 1e-20
10819.5 2.83637e-15 1e-20
10821.0 2.80636e-15 1e-20
10822.5 2.80402e-15 1e-20
10824.0 2.81261e-15 1e-20
10825.5 2.76615e-15 1e-20
10827.0 2.80109e-15 1e-20
10828.5 2.86147e-15 1e-20
10830.0 2.85176e-15 1e-20
10831.5 2.91257e-15 1e-20
10833.0 2.86125e-15 1e-20
10834.5 2.80742e-15 1e-20
10836.0 2.79572e-15 1e-20
10837.5 2.84815e-15 1e-20
10839.0 2.86845e-15 1e-20
10840.5 2.73003e-15 1e-20
10842.0 2.87592e-15 1e-20
10843.5 2.84246e-15 1e-20
10845.0 2.8248e-15 1e-20
10846.5 2.8862e-15 1e-20
10848.0 2.86998e-15 1e-20
10849.5 2.90686e-15 1e-20
10851.0 2.85554e-15 1e-20
10852.5 2.83509e-15 1e-20
10854.0 2.86942e-15 1e-20
10855.5 2.95856e-15 1e-20
10857.0 2.88572e-15 1e-20
10858.5 2.89758e-15 1e-20
10860.0 2.80569e-15 1e-20
10861.5 2.62813e-15 1e-20
10863.0 2.86034e-15 1e-20
10864.5 2.91955e-15 1e-20
10866.0 2.92902e-15 1e-20
10867.5 2.87135e-15 1e-20
10869.0 2.93727e-15 1e-20
10870.5 2.86157e-15 1e-20
10872.0 2.9225e-15 1e-20
10873.5 2.92339e-15 1e-20
10875.0 2.87395e-15 1e-20
10876.5 2.85604e-15 1e-20
10878.0 2.82014e-15 1e-20
10879.5 2.84026e-15 1e-20
10881.0 2.85533e-15 1e-20
10882.5 2.84735e-15 1e-20
10884.0 2.84565e-15 1e-20
10885.5 2.89553e-15 1e-20
10887.0 2.87448e-15 1e-20
10888.5 2.86954e-15 1e-20
10890.0 2.84986e-15 1e-20
10891.5 2.84677e-15 1e-20
10893.0 2.85918e-15 1e-20
10894.5 2.81636e-15 1e-20
10896.0 2.86119e-15 1e-20
10897.5 2.85485e-15 1e-20
10899.0 2.80512e-15 1e-20
10900.5 2.81285e-15 1e-20
10902.0 2.84023e-15 1e-20
10903.5 2.80439e-15 1e-20
10905.0 2.81073e-15 1e-20
10906.5 2.85204e-15 1e-20
10908.0 2.82772e-15 1e-20
10909.5 2.81956e-15 1e-20
10911.0 2.81532e-15 1e-20
10912.5 2.81425e-15 1e-20
10914.0 2.79617e-15 1e-20
10915.5 2.78529e-15 1e-20
10917.0 2.84766e-15 1e-20
10918.5 2.89388e-15 1e-20
10920.0 2.91937e-15 1e-20
10921.5 2.82073e-15 1e-20
10923.0 2.7404e-15 1e-20
10924.5 2.76979e-15 1e-20
10926.0 2.78414e-15 1e-20
10927.5 2.77939e-15 1e-20
10929.0 2.7636e-15 1e-20
10930.5 2.81084e-15 1e-20
10932.0 2.7937e-15 1e-20
10933.5 2.80074e-15 1e-20
10935.0 2.74934e-15 1e-20
10936.5 2.74633e-15 1e-20
10938.0 2.42609e-15 1e-20
10939.5 2.68395e-15 1e-20
10941.0 2.82159e-15 1e-20
10942.5 2.87448e-15 1e-20
10944.0 2.91368e-15 1e-20
10945.5 2.77795e-15 1e-20
10947.0 2.81031e-15 1e-20
10948.5 2.82633e-15 1e-20
10950.0 2.83618e-15 1e-20
10951.5 2.77751e-15 1e-20
10953.0 2.7385e-15 1e-20
10954.5 2.81202e-15 1e-20
10956.0 2.77559e-15 1e-20
10957.5 2.74014e-15 1e-20
10959.0 2.73862e-15 1e-20
10960.5 2.78132e-15 1e-20
10962.0 2.73766e-15 1e-20
10963.5 2.78011e-15 1e-20
10965.0 2.75633e-15 1e-20
10966.5 2.80719e-15 1e-20
10968.0 2.767e-15 1e-20
10969.5 2.8731e-15 1e-20
10971.0 2.79877e-15 1e-20
10972.5 2.82954e-15 1e-20
10974.0 2.8332e-15 1e-20
10975.5 2.80336e-15 1e-20
10977.0 2.81648e-15 1e-20
10978.5 2.79334e-15 1e-20
10980.0 2.79888e-15 1e-20
10981.5 2.84289e-15 1e-20
10983.0 2.77692e-15 1e-20
10984.5 2.82454e-15 1e-20
10986.0 2.79365e-15 1e-20
10987.5 2.82636e-15 1e-20
10989.0 2.80718e-15 1e-20
10990.5 2.84215e-15 1e-20
10992.0 2.82721e-15 1e-20
10993.5 2.81659e-15 1e-20
10995.0 2.81504e-15 1e-20
10996.5 2.84232e-15 1e-20
10998.0 2.80707e-15 1e-20
10999.5 2.81892e-15 1e-20
11001.0 2.78181e-15 1e-20
11002.5 2.82736e-15 1e-20
11004.0 2.77536e-15 1e-20
11005.5 2.79938e-15 1e-20
11007.0 2.81364e-15 1e-20
11008.5 2.77751e-15 1e-20
11010.0 2.78885e-15 1e-20
11011.5 2.82185e-15 1e-20
11013.0 2.79954e-15 1e-20
11014.5 2.81794e-15 1e-20
11016.0 2.83465e-15 1e-20
11017.5 2.79892e-15 1e-20
11019.0 2.74784e-15 1e-20
11020.5 2.80129e-15 1e-20
11022.0 2.80582e-15 1e-20
11023.5 2.85682e-15 1e-20
11025.0 2.82764e-15 1e-20
11026.5 2.81111e-15 1e-20
11028.0 2.81952e-15 1e-20
11029.5 2.7966e-15 1e-20
11031.0 2.74802e-15 1e-20
11032.5 2.79446e-15 1e-20
11034.0 2.69831e-15 1e-20
11035.5 2.78426e-15 1e-20
11037.0 2.76333e-15 1e-20
11038.5 2.77232e-15 1e-20
11040.0 2.81616e-15 1e-20
11041.5 2.7963e-15 1e-20
11043.0 2.76752e-15 1e-20
11044.5 2.77979e-15 1e-20
11046.0 2.73784e-15 1e-20
11047.5 2.75112e-15 1e-20
11049.0 2.73942e-15 1e-20
11050.5 2.73587e-15 1e-20
11052.0 2.77328e-15 1e-20
11053.5 2.74921e-15 1e-20
11055.0 2.78525e-15 1e-20
11056.5 2.7246e-15 1e-20
11058.0 2.77214e-15 1e-20
11059.5 2.77271e-15 1e-20
11061.0 2.75879e-15 1e-20
11062.5 2.73887e-15 1e-20
11064.0 2.71557e-15 1e-20
11065.5 2.759e-15 1e-20
11067.0 2.75705e-15 1e-20
11068.5 2.74639e-15 1e-20
11070.0 2.76338e-15 1e-20
11071.5 2.80688e-15 1e-20
11073.0 2.76424e-15 1e-20
11074.5 2.86491e-15 1e-20
11076.0 2.70751e-15 1e-20
11077.5 2.72947e-15 1e-20
11079.0 2.73406e-15 1e-20
11080.5 2.76957e-15 1e-20
11082.0 2.76109e-15 1e-20
11083.5 2.71796e-15 1e-20
11085.0 2.69779e-15 1e-20
11086.5 2.67168e-15 1e-20
11088.0 2.76506e-15 1e-20
11089.5 2.82073e-15 1e-20
11091.0 2.81406e-15 1e-20
11092.5 2.76079e-15 1e-20
11094.0 2.77755e-15 1e-20
11095.5 2.7705e-15 1e-20
11097.0 2.7594e-15 1e-20
11098.5 2.67978e-15 1e-20
11100.0 2.77488e-15 1e-20
11101.5 2.76059e-15 1e-20
11103.0 2.72714e-15 1e-20
11104.5 2.74608e-15 1e-20
11106.0 2.76749e-15 1e-20
11107.5 2.73613e-15 1e-20
11109.0 2.74723e-15 1e-20
11110.5 2.74294e-15 1e-20
11112.0 2.73112e-15 1e-20
11113.5 2.75742e-15 1e-20
11115.0 2.72207e-15 1e-20
11116.5 2.71346e-15 1e-20
11118.0 2.74439e-15 1e-20
11119.5 2.7542e-15 1e-20
11121.0 2.8732e-15 1e-20
11122.5 2.77617e-15 1e-20
11124.0 2.78022e-15 1e-20
11125.5 2.78176e-15 1e-20
11127.0 2.79296e-15 1e-20
11128.5 2.80949e-15 1e-20
11130.0 2.75977e-15 1e-20
11131.5 2.74925e-15 1e-20
11133.0 2.70856e-15 1e-20
11134.5 2.78154e-15 1e-20
11136.0 2.75565e-15 1e-20
11137.5 2.765e-15 1e-20
11139.0 2.73568e-15 1e-20
11140.5 2.75192e-15 1e-20
11142.0 2.70939e-15 1e-20
11143.5 2.76792e-15 1e-20
11145.0 2.69567e-15 1e-20
11146.5 2.77743e-15 1e-20
11148.0 2.74116e-15 1e-20
11149.5 2.80396e-15 1e-20
11151.0 2.58664e-15 1e-20
11152.5 2.79836e-15 1e-20
11154.0 2.71945e-15 1e-20
11155.5 2.71142e-15 1e-20
11157.0 2.75636e-15 1e-20
11158.5 2.71978e-15 1e-20
11160.0 2.67871e-15 1e-20
11161.5 2.72362e-15 1e-20
11163.0 2.70346e-15 1e-20
11164.5 2.69405e-15 1e-20
11166.0 2.61399e-15 1e-20
11167.5 2.77928e-15 1e-20
11169.0 2.76551e-15 1e-20
11170.5 2.74932e-15 1e-20
11172.0 2.69121e-15 1e-20
11173.5 2.76778e-15 1e-20
11175.0 2.7017e-15 1e-20
11176.5 2.78413e-15 1e-20
11178.0 2.76666e-15 1e-20
11179.5 2.71116e-15 1e-20
11181.0 2.77446e-15 1e-20
11182.5 2.75051e-15 1e-20
11184.0 2.75155e-15 1e-20
11185.5 2.74692e-15 1e-20
11187.0 2.62097e-15 1e-20
11188.5 2.7017e-15 1e-20
11190.0 2.72638e-15 1e-20
11191.5 2.70625e-15 1e-20
11193.0 2.71773e-15 1e-20
11194.5 2.68341e-15 1e-20
11196.0 2.74666e-15 1e-20
11197.5 2.7587e-15 1e-20
11199.0 2.70463e-15 1e-20
11200.5 2.68854e-15 1e-20
11202.0 2.75425e-15 1e-20
11203.5 2.66985e-15 1e-20
11205.0 2.83159e-15 1e-20
11206.5 2.71427e-15 1e-20
11208.0 2.71599e-15 1e-20
11209.5 2.69849e-15 1e-20
11211.0 2.72757e-15 1e-20
11212.5 2.60754e-15 1e-20
11214.0 2.67496e-15 1e-20
11215.5 2.76265e-15 1e-20
11217.0 2.71116e-15 1e-20
11218.5 2.75215e-15 1e-20
11220.0 2.4451e-15 1e-20
11221.5 2.82792e-15 1e-20
11223.0 2.73192e-15 1e-20
11224.5 2.58367e-15 1e-20
11226.0 2.80537e-15 1e-20
11227.5 2.55958e-15 1e-20
11229.0 2.76351e-15 1e-20
11230.5 2.73789e-15 1e-20
11232.0 2.70369e-15 1e-20
11233.5 2.72175e-15 1e-20
11235.0 2.67596e-15 1e-20
11236.5 2.83182e-15 1e-20
11238.0 2.72141e-15 1e-20
11239.5 2.19718e-15 1e-20
11241.0 2.70569e-15 1e-20
11242.5 2.65345e-15 1e-20
11244.0 2.64589e-15 1e-20
11245.5 2.64337e-15 1e-20
11247.0 2.66866e-15 1e-20
11248.5 2.7029e-15 1e-20
11250.0 2.69048e-15 1e-20
11251.5 2.66575e-15 1e-20
11253.0 2.69238e-15 1e-20
11254.5 2.43743e-15 1e-20
11256.0 2.69166e-15 1e-20
11257.5 2.82777e-15 1e-20
11259.0 2.74876e-15 1e-20
11260.5 2.68831e-15 1e-20
11262.0 2.42219e-15 1e-20
11263.5 2.73282e-15 1e-20
11265.0 2.65591e-15 1e-20
11266.5 2.70061e-15 1e-20
11268.0 2.60748e-15 1e-20
11269.5 2.64885e-15 1e-20
11271.0 2.60507e-15 1e-20
11272.5 2.68013e-15 1e-20
11274.0 2.5744e-15 1e-20
11275.5 2.65634e-15 1e-20
11277.0 2.68159e-15 1e-20
11278.5 2.5938e-15 1e-20
11280.0 2.70495e-15 1e-20
11281.5 2.63914e-15 1e-20
11283.0 2.68824e-15 1e-20
11284.5 2.68508e-15 1e-20
11286.0 2.55679e-15 1e-20
11287.5 2.70142e-15 1e-20
11289.0 2.57286e-15 1e-20
11290.5 2.74591e-15 1e-20
11292.0 2.67163e-15 1e-20
11293.5 2.65297e-15 1e-20
11295.0 2.64153e-15 1e-20
11296.5 2.61651e-15 1e-20
11298.0 2.64074e-15 1e-20
11299.5 2.71217e-15 1e-20
11301.0 2.56668e-15 1e-20
11302.5 2.54966e-15 1e-20
11304.0 2.55755e-15 1e-20
11305.5 2.59925e-15 1e-20
11307.0 2.59247e-15 1e-20
11308.5 2.61966e-15 1e-20
11310.0 2.57971e-15 1e-20
11311.5 2.57259e-15 1e-20
11313.0 2.5772e-15 1e-20
11314.5 2.53045e-15 1e-20
11316.0 2.55802e-15 1e-20
11317.5 2.50649e-15 1e-20
11319.0 2.59842e-15 1e-20
11320.5 2.58974e-15 1e-20
11322.0 2.58144e-15 1e-20
11323.5 2.57435e-15 1e-20
11325.0 2.49057e-15 1e-20
11326.5 2.56507e-15 1e-20
11328.0 2.60904e-15 1e-20
11329.5 2.54226e-15 1e-20
11331.0 2.55754e-15 1e-20
11332.5 2.46817e-15 1e-20
11334.0 2.58274e-15 1e-20
11335.5 2.46504e-15 1e-20
11337.0 2.41354e-15 1e-20
11338.5 2.53145e-15 1e-20
11340.0 2.72162e-15 1e-20
11341.5 2.43494e-15 1e-20
11343.0 2.48591e-15 1e-20
11344.5 2.76186e-15 1e-20
11346.0 2.45037e-15 1e-20
11347.5 2.47762e-15 1e-20
11349.0 2.5792e-15 1e-20
11350.5 2.63734e-15 1e-20
11352.0 2.33677e-15 1e-20
11353.5 2.6412e-15 1e-20
11355.0 2.5416e-15 1e-20
11356.5 2.41793e-15 1e-20
11358.0 2.431e-15 1e-20
11359.5 2.49559e-15 1e-20
11361.0 2.29008e-15 1e-20
11362.5 2.50198e-15 1e-20
11364.0 2.55237e-15 1e-20
11365.5 2.48707e-15 1e-20
11367.0 2.50268e-15 1e-20
11368.5 2.48755e-15 1e-20
11370.0 2.5639e-15 1e-20
11371.5 2.49348e-15 1e-20
11373.0 2.51867e-15 1e-20
11374.5 2.49221e-15 1e-20
11376.0 2.44282e-15 1e-20
11377.5 2.44148e-15 1e-20
11379.0 2.52172e-15 1e-20
11380.5 2.49964e-15 1e-20
11382.0 2.47875e-15 1e-20
11383.5 2.49075e-15 1e-20
11385.0 2.33749e-15 1e-20
11386.5 2.49617e-15 1e-20
11388.0 2.52464e-15 1e-20
11389.5 2.49849e-15 1e-20
11391.0 2.49132e-15 1e-20
11392.5 2.45089e-15 1e-20
11394.0 2.55016e-15 1e-20
11395.5 2.50797e-15 1e-20
11397.0 2.46531e-15 1e-20
11398.5 2.51513e-15 1e-20
11400.0 2.43608e-15 1e-20
11401.5 2.47551e-15 1e-20
11403.0 2.50868e-15 1e-20
11404.5 2.51707e-15 1e-20
11406.0 2.49862e-15 1e-20
11407.5 2.42468e-15 1e-20
11409.0 2.43324e-15 1e-20
11410.5 2.48787e-15 1e-20
11412.0 2.47009e-15 1e-20
11413.5 2.50241e-15 1e-20
11415.0 2.41437e-15 1e-20
11416.5 2.52645e-15 1e-20
11418.0 2.48701e-15 1e-20
11419.5 2.47604e-15 1e-20
11421.0 2.43576e-15 1e-20
11422.5 2.43988e-15 1e-20
11424.0 2.4771e-15 1e-20
11425.5 2.48741e-15 1e-20
11427.0 2.43739e-15 1e-20
11428.5 2.42409e-15 1e-20
11430.0 2.53155e-15 1e-20
11431.5 2.46887e-15 1e-20
11433.0 2.43527e-15 1e-20
11434.5 2.43924e-15 1e-20
11436.0 2.47885e-15 1e-20
11437.5 2.48482e-15 1e-20
11439.0 2.49205e-15 1e-20
11440.5 2.37887e-15 1e-20
11442.0 2.52885e-15 1e-20
11443.5 2.30661e-15 1e-20
11445.0 2.53188e-15 1e-20
11446.5 2.49392e-15 1e-20
11448.0 2.48049e-15 1e-20
11449.5 2.40063e-15 1e-20
11451.0 2.47868e-15 1e-20
11452.5 2.49567e-15 1e-20
11454.0 2.39633e-15 1e-20
11455.5 2.4769e-15 1e-20
11457.0 2.49675e-15 1e-20
11458.5 2.49949e-15 1e-20
11460.0 2.46794e-15 1e-20
11461.5 2.51062e-15 1e-20
11463.0 2.45102e-15 1e-20
11464.5 2.50276e-15 1e-20
11466.0 2.43071e-15 1e-20
11467.5 2.48195e-15 1e-20
11469.0 2.52415e-15 1e-20
11470.5 2.44407e-15 1e-20
11472.0 2.49288e-15 1e-20
11473.5 2.41181e-15 1e-20
11475.0 2.45214e-15 1e-20
11476.5 2.41627e-15 1e-20
11478.0 2.51233e-15 1e-20
11479.5 2.52474e-15 1e-20
11481.0 2.46293e-15 1e-20
11482.5 2.51153e-15 1e-20
11484.0 2.45261e-15 1e-20
11485.5 2.49018e-15 1e-20
11487.0 2.56004e-15 1e-20
11488.5 2.46807e-15 1e-20
11490.0 2.54306e-15 1e-20
11491.5 2.47252e-15 1e-20
11493.0 2.4795e-15 1e-20
11494.5 2.46055e-15 1e-20
11496.0 2.5253e-15 1e-20
11497.5 2.46755e-15 1e-20
11499.0 2.49601e-15 1e-20
11500.5 2.50958e-15 1e-20
11502.0 2.52865e-15 1e-20
11503.5 2.50391e-15 1e-20
11505.0 2.6748e-15 1e-20
11506.5 2.77591e-15 1e-20
11508.0 2.41789e-15 1e-20
11509.5 2.5033e-15 1e-20
11511.0 2.55505e-15 1e-20
11512.5 2.45307e-15 1e-20
11514.0 2.48077e-15 1e-20
11515.5 2.49441e-15 1e-20
11517.0 2.50939e-15 1e-20
11518.5 2.55312e-15 1e-20
11520.0 2.47842e-15 1e-20
11521.5 2.53324e-15 1e-20
11523.0 2.47387e-15 1e-20
11524.5 2.45654e-15 1e-20
11526.0 2.52743e-15 1e-20
11527.5 2.48454e-15 1e-20
11529.0 2.52947e-15 1e-20
11530.5 2.49977e-15 1e-20
11532.0 2.49479e-15 1e-20
11533.5 2.5218e-15 1e-20
11535.0 2.48554e-15 1e-20
11536.5 2.4832e-15 1e-20
11538.0 2.52677e-15 1e-20
11539.5 2.48245e-15 1e-20
11541.0 2.47218e-15 1e-20
11542.5 2.51917e-15 1e-20
11544.0 2.46914e-15 1e-20
11545.5 2.48266e-15 1e-20
11547.0 2.48422e-15 1e-20
11548.5 2.44595e-15 1e-20
11550.0 2.50622e-15 1e-20
11551.5 2.51742e-15 1e-20
11553.0 2.49908e-15 1e-20
11554.5 2.46379e-15 1e-20
11556.0 2.54053e-15 1e-20
11557.5 2.4577e-15 1e-20
11559.0 2.53627e-15 1e-20
11560.5 2.50761e-15 1e-20
11562.0 2.55886e-15 1e-20
11563.5 2.52611e-15 1e-20
11565.0 2.4557e-15 1e-20
11566.5 2.5172e-15 1e-20
11568.0 2.50791e-15 1e-20
11569.5 2.50439e-15 1e-20
11571.0 2.47371e-15 1e-20
11572.5 2.49456e-15 1e-20
11574.0 2.49546e-15 1e-20
11575.5 2.51452e-15 1e-20
11577.0 2.43229e-15 1e-20
11578.5 2.42885e-15 1e-20
11580.0 2.53021e-15 1e-20
11581.5 2.46998e-15 1e-20
11583.0 2.45926e-15 1e-20
11584.5 2.46778e-15 1e-20
11586.0 2.45309e-15 1e-20
11587.5 2.50436e-15 1e-20
11589.0 2.44427e-15 1e-20
11590.5 2.47328e-15 1e-20
11592.0 2.46501e-15 1e-20
11593.5 2.48507e-15 1e-20
11595.0 2.48695e-15 1e-20
11596.5 2.43282e-15 1e-20
11598.0 2.45439e-15 1e-20
11599.5 2.49733e-15 1e-20
11601.0 2.4768e-15 1e-20
11602.5 2.46017e-15 1e-20
11604.0 2.49793e-15 1e-20
11605.5 2.50513e-15 1e-20
11607.0 2.40939e-15 1e-20
11608.5 2.441e-15 1e-20
11610.0 2.51541e-15 1e-20
11611.5 2.4764e-15 1e-20
11613.0 2.51513e-15 1e-20
11614.5 2.5029e-15 1e-20
11616.0 2.51517e-15 1e-20
11617.5 2.49752e-15 1e-20
11619.0 2.47838e-15 1e-20
11620.5 2.37772e-15 1e-20
11622.0 2.46443e-15 1e-20
11623.5 2.45781e-15 1e-20
11625.0 2.50891e-15 1e-20
11626.5 2.52353e-15 1e-20
11628.0 2.45225e-15 1e-20
11629.5 2.46034e-15 1e-20
11631.0 2.4796e-15 1e-20
11632.5 2.48264e-15 1e-20
11634.0 2.48304e-15 1e-20
11635.5 2.47977e-15 1e-20
11637.0 2.47413e-15 1e-20
11638.5 2.3796e-15 1e-20
11640.0 2.46707e-15 1e-20
11641.5 2.48063e-15 1e-20
11643.0 2.49195e-15 1e-20
11644.5 2.48516e-15 1e-20
11646.0 2.46195e-15 1e-20
11647.5 2.42962e-15 1e-20
11649.0 2.46806e-15 1e-20
11650.5 2.57654e-15 1e-20
11652.0 2.42026e-15 1e-20
11653.5 2.48638e-15 1e-20
11655.0 2.51889e-15 1e-20
11656.5 2.44163e-15 1e-20
11658.0 2.42432e-15 1e-20
11659.5 2.41295e-15 1e-20
11661.0 2.47244e-15 1e-20
11662.5 2.40646e-15 1e-20
11664.0 2.47302e-15 1e-20
11665.5 2.47624e-15 1e-20
11667.0 2.45737e-15 1e-20
11668.5 2.54309e-15 1e-20
11670.0 2.45793e-15 1e-20
11671.5 2.43227e-15 1e-20
11673.0 2.46336e-15 1e-20
11674.5 2.49522e-15 1e-20
11676.0 2.43737e-15 1e-20
11677.5 2.42693e-15 1e-20
11679.0 2.49098e-15 1e-20
11680.5 2.4469e-15 1e-20
11682.0 2.47973e-15 1e-20
11683.5 2.4754e-15 1e-20
11685.0 2.46382e-15 1e-20
11686.5 2.46388e-15 1e-20
11688.0 2.44158e-15 1e-20
11689.5 2.46069e-15 1e-20
11691.0 2.42637e-15 1e-20
11692.5 2.4617e-15 1e-20
11694.0 2.42288e-15 1e-20
11695.5 2.46524e-15 1e-20
11697.0 2.43294e-15 1e-20
11698.5 2.44381e-15 1e-20
11700.0 2.4249e-15 1e-20
11701.5 2.41551e-15 1e-20
11703.0 2.32478e-15 1e-20
11704.5 2.39205e-15 1e-20
11706.0 2.40449e-15 1e-20
11707.5 2.40333e-15 1e-20
11709.0 2.44049e-15 1e-20
11710.5 2.41953e-15 1e-20
11712.0 2.42072e-15 1e-20
11713.5 2.41747e-15 1e-20
11715.0 2.43552e-15 1e-20
11716.5 2.42416e-15 1e-20
11718.0 2.42414e-15 1e-20
11719.5 2.41433e-15 1e-20
11721.0 2.40424e-15 1e-20
11722.5 2.41699e-15 1e-20
11724.0 2.42159e-15 1e-20
11725.5 2.41057e-15 1e-20
11727.0 2.39649e-15 1e-20
11728.5 2.40507e-15 1e-20
11730.0 2.39559e-15 1e-20
11731.5 2.37498e-15 1e-20
11733.0 2.39422e-15 1e-20
11734.5 2.3943e-15 1e-20
11736.0 2.39518e-15 1e-20
11737.5 2.44619e-15 1e-20
11739.0 2.36573e-15 1e-20
11740.5 2.40076e-15 1e-20
11742.0 2.40064e-15 1e-20
11743.5 2.39788e-15 1e-20
11745.0 2.42285e-15 1e-20
11746.5 2.39942e-15 1e-20
11748.0 2.40872e-15 1e-20
11749.5 2.37363e-15 1e-20
11751.0 2.41638e-15 1e-20
11752.5 2.39767e-15 1e-20
11754.0 2.39944e-15 1e-20
11755.5 2.33633e-15 1e-20
11757.0 2.36597e-15 1e-20
11758.5 2.45285e-15 1e-20
11760.0 2.44583e-15 1e-20
11761.5 2.39122e-15 1e-20
11763.0 2.33887e-15 1e-20
11764.5 2.35886e-15 1e-20
11766.0 2.39743e-15 1e-20
11767.5 2.39635e-15 1e-20
11769.0 2.37112e-15 1e-20
11770.5 2.39315e-15 1e-20
11772.0 2.35968e-15 1e-20
11773.5 2.37076e-15 1e-20
11775.0 2.32865e-15 1e-20
11776.5 2.33598e-15 1e-20
11778.0 2.35067e-15 1e-20
11779.5 2.33707e-15 1e-20
11781.0 2.3472e-15 1e-20
11782.5 2.31763e-15 1e-20
11784.0 2.31739e-15 1e-20
11785.5 2.34348e-15 1e-20
11787.0 2.32134e-15 1e-20
11788.5 2.36887e-15 1e-20
11790.0 2.36709e-15 1e-20
11791.5 2.32555e-15 1e-20
11793.0 2.49443e-15 1e-20
11794.5 2.26682e-15 1e-20
11796.0 2.33225e-15 1e-20
11797.5 2.35236e-15 1e-20
11799.0 2.29965e-15 1e-20
11800.5 2.37972e-15 1e-20
11802.0 2.32113e-15 1e-20
11803.5 2.32479e-15 1e-20
11805.0 2.31008e-15 1e-20
11806.5 2.32496e-15 1e-20
11808.0 2.26924e-15 1e-20
11809.5 2.32467e-15 1e-20
11811.0 2.32918e-15 1e-20
11812.5 2.2749e-15 1e-20
11814.0 2.31673e-15 1e-20
11815.5 2.34882e-15 1e-20
11817.0 2.30252e-15 1e-20
11818.5 2.22994e-15 1e-20
11820.0 2.35274e-15 1e-20
11821.5 2.29045e-15 1e-20
11823.0 2.27604e-15 1e-20
11824.5 2.35149e-15 1e-20
11826.0 2.27232e-15 1e-20
11827.5 2.32982e-15 1e-20
11829.0 2.28901e-15 1e-20
11830.5 2.32314e-15 1e-20
11832.0 2.35062e-15 1e-20
11833.5 2.36936e-15 1e-20
11835.0 2.35206e-15 1e-20
11836.5 2.26089e-15 1e-20
11838.0 2.32069e-15 1e-20
11839.5 2.29276e-15 1e-20
11841.0 2.33076e-15 1e-20
11842.5 2.32408e-15 1e-20
11844.0 2.31702e-15 1e-20
11845.5 2.35833e-15 1e-20
11847.0 2.31028e-15 1e-20
11848.5 2.26578e-15 1e-20
11850.0 2.30855e-15 1e-20
11851.5 2.32426e-15 1e-20
11853.0 2.29523e-15 1e-20
11854.5 2.30161e-15 1e-20
11856.0 2.27491e-15 1e-20
11857.5 2.33363e-15 1e-20
11859.0 2.28293e-15 1e-20
11860.5 2.27661e-15 1e-20
11862.0 2.2944e-15 1e-20
11863.5 2.2943e-15 1e-20
11865.0 2.28703e-15 1e-20
11866.5 2.29613e-15 1e-20
11868.0 2.2816e-15 1e-20
11869.5 2.2927e-15 1e-20
11871.0 2.29912e-15 1e-20
11872.5 2.26935e-15 1e-20
11874.0 2.29607e-15 1e-20
11875.5 2.26561e-15 1e-20
11877.0 2.25195e-15 1e-20
11878.5 2.30957e-15 1e-20
11880.0 2.29163e-15 1e-20
11881.5 2.24819e-15 1e-20
11883.0 2.28196e-15 1e-20
11884.5 2.29349e-15 1e-20
11886.0 2.32378e-15 1e-20
11887.5 2.27939e-15 1e-20
11889.0 2.32307e-15 1e-20
11890.5 2.29663e-15 1e-20
11892.0 2.27821e-15 1e-20
11893.5 2.2662e-15 1e-20
11895.0 2.25054e-15 1e-20
11896.5 2.26808e-15 1e-20
11898.0 2.26368e-15 1e-20
11899.5 2.30244e-15 1e-20
11901.0 2.28221e-15 1e-20
11902.5 2.26918e-15 1e-20
11904.0 2.26064e-15 1e-20
11905.5 2.29006e-15 1e-20
11907.0 2.26149e-15 1e-20
11908.5 2.2551e-15 1e-20
11910.0 2.27633e-15 1e-20
11911.5 2.26698e-15 1e-20
11913.0 2.22935e-15 1e-20
11914.5 2.25331e-15 1e-20
11916.0 2.26173e-15 1e-20
11917.5 2.24385e-15 1e-20
11919.0 2.24114e-15 1e-20
11920.5 2.25432e-15 1e-20
11922.0 2.21225e-15 1e-20
11923.5 2.23164e-15 1e-20
11925.0 2.2685e-15 1e-20
11926.5 2.25272e-15 1e-20
11928.0 2.27084e-15 1e-20
11929.5 2.2502e-15 1e-20
11931.0 2.24932e-15 1e-20
11932.5 2.25704e-15 1e-20
11934.0 2.21628e-15 1e-20
11935.5 2.25645e-15 1e-20
11937.0 2.23066e-15 1e-20
11938.5 2.22383e-15 1e-20
11940.0 2.24251e-15 1e-20
11941.5 2.26745e-15 1e-20
11943.0 2.24544e-15 1e-20
11944.5 2.24842e-15 1e-20
11946.0 2.27399e-15 1e-20
11947.5 2.26484e-15 1e-20
11949.0 2.2401e-15 1e-20
11950.5 2.18931e-15 1e-20
11952.0 2.23568e-15 1e-20
11953.5 2.24209e-15 1e-20
11955.0 2.2878e-15 1e-20
11956.5 2.23672e-15 1e-20
11958.0 2.2653e-15 1e-20
11959.5 2.24517e-15 1e-20
11961.0 2.24657e-15 1e-20
11962.5 2.20592e-15 1e-20
11964.0 2.25732e-15 1e-20
11965.5 2.37135e-15 1e-20
11967.0 2.12674e-15 1e-20
11968.5 2.23138e-15 1e-20
11970.0 2.18633e-15 1e-20
11971.5 2.20882e-15 1e-20
11973.0 2.20014e-15 1e-20
11974.5 2.22495e-15 1e-20
11976.0 2.17582e-15 1e-20
11977.5 2.23817e-15 1e-20
11979.0 2.19122e-15 1e-20
11980.5 2.21673e-15 1e-20
11982.0 2.19317e-15 1e-20
11983.5 2.23635e-15 1e-20
11985.0 2.15976e-15 1e-20
11986.5 2.22822e-15 1e-20
11988.0 2.17505e-15 1e-20
11989.5 2.23909e-15 1e-20
11991.0 2.23865e-15 1e-20
11992.5 2.20464e-15 1e-20
11994.0 2.20853e-15 1e-20
11995.5 2.21445e-15 1e-20
11997.0 2.2121e-15 1e-20
11998.5 2.23328e-15 1e-20
12000.0 2.20946e-15 1e-20
12001.5 2.19781e-15 1e-20
12003.0 2.22471e-15 1e-20
12004.5 2.18858e-15 1e-20
12006.0 2.18976e-15 1e-20
12007.5 2.19982e-15 1e-20
12009.0 2.18021e-15 1e-20
12010.5 2.17773e-15 1e-20
12012.0 2.19712e-15 1e-20
12013.5 2.19131e-15 1e-20
12015.0 2.18334e-15 1e-20
12016.5 2.18437e-15 1e-20
12018.0 2.13662e-15 1e-20
12019.5 2.17532e-15 1e-20
12021.0 2.26099e-15 1e-20
12022.5 2.1704e-15 1e-20
12024.0 2.1733e-15 1e-20
12025.5 2.24007e-15 1e-20
12027.0 2.13458e-15 1e-20
12028.5 2.16563e-15 1e-20
12030.0 2.19281e-15 1e-20
12031.5 2.20066e-15 1e-20
12033.0 2.14925e-15 1e-20
12034.5 2.19255e-15 1e-20
12036.0 2.1839e-15 1e-20
12037.5 2.17346e-15 1e-20
12039.0 2.14607e-15 1e-20
12040.5 2.16684e-15 1e-20
12042.0 2.1983e-15 1e-20
12043.5 2.1632e-15 1e-20
12045.0 2.16864e-15 1e-20
12046.5 2.1916e-15 1e-20
12048.0 2.17679e-15 1e-20
12049.5 2.11687e-15 1e-20
12051.0 2.16858e-15 1e-20
12052.5 2.15549e-15 1e-20
12054.0 2.12332e-15 1e-20
12055.5 2.15869e-15 1e-20
12057.0 2.14756e-15 1e-20
12058.5 2.10958e-15 1e-20
12060.0 2.16573e-15 1e-20
12061.5 2.15972e-15 1e-20
12063.0 2.13678e-15 1e-20
12064.5 2.12647e-15 1e-20
12066.0 2.25603e-15 1e-20
12067.5 2.14391e-15 1e-20
12069.0 2.13136e-15 1e-20
12070.5 2.12697e-15 1e-20
12072.0 2.16393e-15 1e-20
12073.5 2.12579e-15 1e-20
12075.0 2.14359e-15 1e-20
12076.5 2.13712e-15 1e-20
12078.0 2.16994e-15 1e-20
12079.5 2.12182e-15 1e-20
12081.0 2.11743e-15 1e-20
12082.5 2.11706e-15 1e-20
12084.0 2.13574e-15 1e-20
12085.5 2.12034e-15 1e-20
12087.0 2.11843e-15 1e-20
12088.5 2.13676e-15 1e-20
12090.0 2.12923e-15 1e-20
12091.5 2.13709e-15 1e-20
12093.0 2.11648e-15 1e-20
12094.5 2.10611e-15 1e-20
12096.0 2.15846e-15 1e-20
12097.5 2.12542e-15 1e-20
12099.0 2.10339e-15 1e-20
12100.5 2.11643e-15 1e-20
12102.0 2.12788e-15 1e-20
12103.5 2.11963e-15 1e-20
12105.0 2.08322e-15 1e-20
12106.5 2.09629e-15 1e-20
12108.0 2.11752e-15 1e-20
12109.5 2.11885e-15 1e-20
12111.0 2.12718e-15 1e-20
12112.5 2.1053e-15 1e-20
12114.0 2.12973e-15 1e-20
12115.5 2.1213e-15 1e-20
12117.0 2.13142e-15 1e-20
12118.5 2.11734e-15 1e-20
12120.0 2.1806e-15 1e-20
12121.5 2.12228e-15 1e-20
12123.0 2.14357e-15 1e-20
12124.5 2.13938e-15 1e-20
12126.0 2.13773e-15 1e-20
12127.5 2.11838e-15 1e-20
12129.0 2.09863e-15 1e-20
12130.5 2.10679e-15 1e-20
12132.0 2.10581e-15 1e-20
12133.5 2.07851e-15 1e-20
12135.0 2.12294e-15 1e-20
12136.5 2.07119e-15 1e-20
12138.0 2.05497e-15 1e-20
12139.5 2.16905e-15 1e-20
12141.0 2.13968e-15 1e-20
12142.5 2.09091e-15 1e-20
12144.0 2.09676e-15 1e-20
12145.5 2.09051e-15 1e-20
12147.0 2.11156e-15 1e-20
12148.5 2.08521e-15 1e-20
12150.0 2.13392e-15 1e-20
12151.5 2.1057e-15 1e-20
12153.0 2.10009e-15 1e-20
12154.5 2.11578e-15 1e-20
12156.0 2.10492e-15 1e-20
12157.5 2.10004e-15 1e-20
12159.0 2.05848e-15 1e-20
12160.5 2.05391e-15 1e-20
12162.0 2.05234e-15 1e-20
12163.5 2.06397e-15 1e-20
12165.0 2.12514e-15 1e-20
12166.5 2.09017e-15 1e-20
12168.0 2.08705e-15 1e-20
12169.5 2.07495e-15 1e-20
12171.0 2.10125e-15 1e-20
12172.5 2.10882e-15 1e-20
12174.0 2.0776e-15 1e-20
12175.5 2.07456e-15 1e-20
12177.0 2.07776e-15 1e-20
12178.5 2.06611e-15 1e-20
12180.0 2.0978e-15 1e-20
12181.5 2.111e-15 1e-20
12183.0 2.09839e-15 1e-20
12184.5 2.06623e-15 1e-20
12186.0 2.10377e-15 1e-20
12187.5 2.08569e-15 1e-20
12189.0 2.07557e-15 1e-20
12190.5 2.09904e-15 1e-20
12192.0 2.08259e-15 1e-20
12193.5 2.10851e-15 1e-20
12195.0 2.14379e-15 1e-20
12196.5 2.11235e-15 1e-20
12198.0 2.09296e-15 1e-20
12199.5 2.09201e-15 1e-20
12201.0 2.06311e-15 1e-20
12202.5 2.0731e-15 1e-20
12204.0 2.09871e-15 1e-20
12205.5 2.07569e-15 1e-20
12207.0 2.06372e-15 1e-20
12208.5 2.08488e-15 1e-20
12210.0 2.11592e-15 1e-20
12211.5 2.08661e-15 1e-20
12213.0 2.06245e-15 1e-20
12214.5 2.08646e-15 1e-20
12216.0 2.07144e-15 1e-20
12217.5 2.12259e-15 1e-20
12219.0 2.11382e-15 1e-20
12220.5 2.09304e-15 1e-20
12222.0 2.10249e-15 1e-20
12223.5 2.11341e-15 1e-20
12225.0 2.06663e-15 1e-20
12226.5 2.11692e-15 1e-20
12228.0 2.10027e-15 1e-20
12229.5 2.06468e-15 1e-20
12231.0 2.07203e-15 1e-20
12232.5 2.07956e-15 1e-20
12234.0 2.09385e-15 1e-20
12235.5 2.08432e-15 1e-20
12237.0 2.08202e-15 1e-20
12238.5 2.07612e-15 1e-20
12240.0 2.09006e-15 1e-20
12241.5 2.09742e-15 1e-20
12243.0 2.09792e-15 1e-20
12244.5 2.10969e-15 1e-20
12246.0 2.09458e-15 1e-20
12247.5 2.11312e-15 1e-20
12249.0 2.05178e-15 1e-20
12250.5 2.0884e-15 1e-20
12252.0 2.01931e-15 1e-20
12253.5 2.10512e-15 1e-20
12255.0 2.08475e-15 1e-20
12256.5 2.08928e-15 1e-20
12258.0 2.06616e-15 1e-20
12259.5 2.09019e-15 1e-20
12261.0 2.08671e-15 1e-20
12262.5 2.09924e-15 1e-20
12264.0 2.10084e-15 1e-20
12265.5 2.06499e-15 1e-20
12267.0 2.08057e-15 1e-20
12268.5 2.07928e-15 1e-20
12270.0 2.06533e-15 1e-20
12271.5 2.08522e-15 1e-20
12273.0 2.06323e-15 1e-20
12274.5 2.10204e-15 1e-20
12276.0 2.09518e-15 1e-20
12277.5 2.10469e-15 1e-20
12279.0 2.07551e-15 1e-20
12280.5 2.1089e-15 1e-20
12282.0 2.13656e-15 1e-20
12283.5 2.09938e-15 1e-20
12285.0 2.10536e-15 1e-20
12286.5 2.15e-15 1e-20
12288.0 2.08879e-15 1e-20
12289.5 2.11275e-15 1e-20
12291.0 2.11522e-15 1e-20
12292.5 2.08213e-15 1e-20
12294.0 2.09936e-15 1e-20
12295.5 2.11412e-15 1e-20
12297.0 2.12702e-15 1e-20
12298.5 2.15055e-15 1e-20
12300.0 2.07941e-15 1e-20
12301.5 2.14523e-15 1e-20
12303.0 2.11737e-15 1e-20
12304.5 2.10797e-15 1e-20
12306.0 2.15306e-15 1e-20
12307.5 2.13705e-15 1e-20
12309.0 2.11009e-15 1e-20
12310.5 2.11482e-15 1e-20
12312.0 2.13979e-15 1e-20
12313.5 2.12731e-15 1e-20
12315.0 2.10902e-15 1e-20
12316.5 2.12006e-15 1e-20
12318.0 2.11288e-15 1e-20
12319.5 2.11232e-15 1e-20
12321.0 2.12255e-15 1e-20
12322.5 2.15875e-15 1e-20
12324.0 2.10093e-15 1e-20
12325.5 2.1338e-15 1e-20
12327.0 2.12308e-15 1e-20
12328.5 2.15095e-15 1e-20
12330.0 2.13349e-15 1e-20
12331.5 2.11444e-15 1e-20
12333.0 2.1492e-15 1e-20
12334.5 2.1364e-15 1e-20
12336.0 2.15836e-15 1e-20
12337.5 2.14265e-15 1e-20
12339.0 2.13205e-15 1e-20
12340.5 2.12438e-15 1e-20
12342.0 2.15384e-15 1e-20
12343.5 2.13556e-15 1e-20
12345.0 2.14325e-15 1e-20
12346.5 2.14229e-15 1e-20
12348.0 2.14255e-15 1e-20
12349.5 2.10377e-15 1e-20
12351.0 2.18506e-15 1e-20
12352.5 2.15057e-15 1e-20
12354.0 2.13092e-15 1e-20
12355.5 2.11261e-15 1e-20
12357.0 2.15126e-15 1e-20
12358.5 2.12285e-15 1e-20
12360.0 2.14273e-15 1e-20
12361.5 2.15404e-15 1e-20
12363.0 2.14671e-15 1e-20
12364.5 2.17285e-15 1e-20
12366.0 2.15797e-15 1e-20
12367.5 2.17027e-15 1e-20
12369.0 2.16144e-15 1e-20
12370.5 2.15185e-15 1e-20
12372.0 2.15622e-15 1e-20
12373.5 2.17631e-15 1e-20
12375.0 2.1699e-15 1e-20
12376.5 2.13078e-15 1e-20
12378.0 2.16083e-15 1e-20
12379.5 2.17359e-15 1e-20
12381.0 2.14997e-15 1e-20
12382.5 2.14883e-15 1e-20
12384.0 2.16928e-15 1e-20
12385.5 2.14792e-15 1e-20
12387.0 2.20319e-15 1e-20
12388.5 2.16497e-15 1e-20
12390.0 2.17837e-15 1e-20
12391.5 2.17839e-15 1e-20
12393.0 2.17737e-15 1e-20
12394.5 2.18206e-15 1e-20
12396.0 2.17814e-15 1e-20
12397.5 2.16779e-15 1e-20
12399.0 2.21852e-15 1e-20
12400.5 2.14454e-15 1e-20
12402.0 2.17697e-15 1e-20
12403.5 2.16551e-15 1e-20
12405.0 2.20683e-15 1e-20
12406.5 2.202e-15 1e-20
12408.0 2.16412e-15 1e-20
12409.5 2.19049e-15 1e-20
12411.0 2.19409e-15 1e-20
12412.5 2.21993e-15 1e-20
12414.0 2.18472e-15 1e-20
12415.5 2.1973e-15 1e-20
12417.0 2.19889e-15 1e-20
12418.5 2.19078e-15 1e-20
12420.0 2.21541e-15 1e-20
12421.5 2.17173e-15 1e-20
12423.0 2.21077e-15 1e-20
12424.5 2.17193e-15 1e-20
12426.0 2.15075e-15 1e-20
12427.5 2.21299e-15 1e-20
12429.0 2.19171e-15 1e-20
12430.5 2.18695e-15 1e-20
12432.0 2.21651e-15 1e-20
12433.5 2.18098e-15 1e-20
12435.0 2.20604e-15 1e-20
12436.5 2.17376e-15 1e-20
12438.0 2.21136e-15 1e-20
12439.5 2.22648e-15 1e-20
12441.0 2.19566e-15 1e-20
12442.5 2.19876e-15 1e-20
12444.0 2.20247e-15 1e-20
12445.5 2.20243e-15 1e-20
12447.0 2.18677e-15 1e-20
12448.5 2.22095e-15 1e-20
12450.0 2.21417e-15 1e-20
12451.5 2.22815e-15 1e-20
12453.0 2.22341e-15 1e-20
12454.5 2.17864e-15 1e-20
12456.0 2.23668e-15 1e-20
12457.5 2.21483e-15 1e-20
12459.0 2.17598e-15 1e-20
12460.5 2.20997e-15 1e-20
12462.0 2.20845e-15 1e-20
12463.5 2.19631e-15 1e-20
12465.0 2.19344e-15 1e-20
12466.5 2.19674e-15 1e-20
12468.0 2.18374e-15 1e-20
12469.5 2.2215e-15 1e-20
12471.0 2.19786e-15 1e-20
12472.5 2.17966e-15 1e-20
12474.0 2.19885e-15 1e-20
12475.5 2.21231e-15 1e-20
12477.0 2.2224e-15 1e-20
12478.5 2.19096e-15 1e-20
12480.0 2.21624e-15 1e-20
12481.5 2.20762e-15 1e-20
12483.0 2.21929e-15 1e-20
12484.5 2.21801e-15 1e-20
12486.0 2.20299e-15 1e-20
12487.5 2.18803e-15 1e-20
12489.0 2.19211e-15 1e-20
12490.5 2.16397e-15 1e-20
12492.0 2.20255e-15 1e-20
12493.5 2.19093e-15 1e-20
12495.0 2.21982e-15 1e-20
12496.5 2.21716e-15 1e-20
12498.0 2.20944e-15 1e-20
12499.5 2.22087e-15 1e-20
12501.0 2.22272e-15 1e-20
12502.5 2.21265e-15 1e-20
12504.0 2.20965e-15 1e-20
12505.5 2.22241e-15 1e-20
12507.0 2.21764e-15 1e-20
12508.5 2.1843e-15 1e-20
12510.0 2.22541e-15 1e-20
12511.5 2.24265e-15 1e-20
12513.0 2.22771e-15 1e-20
12514.5 2.20177e-15 1e-20
12516.0 2.21963e-15 1e-20
12517.5 2.20259e-15 1e-20
12519.0 2.17467e-15 1e-20
12520.5 2.21956e-15 1e-20
12522.0 2.20602e-15 1e-20
12523.5 2.22513e-15 1e-20
12525.0 2.20039e-15 1e-20
12526.5 2.23865e-15 1e-20
12528.0 2.22632e-15 1e-20
12529.5 2.22748e-15 1e-20
12531.0 2.20501e-15 1e-20
12532.5 2.2001e-15 1e-20
12534.0 2.21918e-15 1e-20
12535.5 2.20667e-15 1e-20
12537.0 2.21377e-15 1e-20
12538.5 2.2448e-15 1e-20
12540.0 2.19669e-15 1e-20
12541.5 2.22377e-15 1e-20
12543.0 2.23199e-15 1e-20
12544.5 2.24569e-15 1e-20
12546.0 2.22918e-15 1e-20
12547.5 2.24113e-15 1e-20
12549.0 2.22336e-15 1e-20
12550.5 2.20239e-15 1e-20
12552.0 2.25064e-15 1e-20
12553.5 2.21072e-15 1e-20
12555.0 2.21432e-15 1e-20
12556.5 2.20353e-15 1e-20
12558.0 2.22686e-15 1e-20
12559.5 2.23756e-15 1e-20
12561.0 2.23086e-15 1e-20
12562.5 2.23144e-15 1e-20
12564.0 2.1923e-15 1e-20
12565.5 2.24577e-15 1e-20
12567.0 2.22902e-15 1e-20
12568.5 2.21752e-15 1e-20
12570.0 2.18848e-15 1e-20
12571.5 2.15898e-15 1e-20
12573.0 2.19031e-15 1e-20
12574.5 2.23837e-15 1e-20
12576.0 2.25424e-15 1e-20
12577.5 2.22768e-15 1e-20
12579.0 2.20738e-15 1e-20
12580.5 2.22083e-15 1e-20
12582.0 2.1996e-15 1e-20
12583.5 2.21817e-15 1e-20
12585.0 2.20052e-15 1e-20
12586.5 2.20659e-15 1e-20
12588.0 2.22336e-15 1e-20
12589.5 2.18551e-15 1e-20
12591.0 2.24723e-15 1e-20
12592.5 2.25621e-15 1e-20
12594.0 2.21683e-15 1e-20
12595.5 2.00031e-15 1e-20
12597.0 2.22712e-15 1e-20
12598.5 2.21395e-15 1e-20
12600.0 2.20805e-15 1e-20
12601.5 2.193e-15 1e-20
12603.0 2.19318e-15 1e-20
12604.5 2.20395e-15 1e-20
12606.0 2.26206e-15 1e-20
12607.5 2.2053e-15 1e-20
12609.0 2.26902e-15 1e-20
12610.5 2.23564e-15 1e-20
12612.0 2.23179e-15 1e-20
12613.5 2.20049e-15 1e-20
12615.0 2.20376e-15 1e-20
12616.5 2.18218e-15 1e-20
12618.0 2.20359e-15 1e-20
12619.5 2.23698e-15 1e-20
12621.0 2.18616e-15 1e-20
12622.5 2.20727e-15 1e-20
12624.0 2.1698e-15 1e-20
12625.5 2.22984e-15 1e-20
12627.0 2.23379e-15 1e-20
12628.5 2.2332e-15 1e-20
12630.0 2.21859e-15 1e-20
12631.5 2.20757e-15 1e-20
12633.0 2.22428e-15 1e-20
12634.5 2.18321e-15 1e-20
12636.0 2.20677e-15 1e-20
12637.5 2.20707e-15 1e-20
12639.0 2.18807e-15 1e-20
12640.5 2.19295e-15 1e-20
12642.0 2.17711e-15 1e-20
12643.5 2.19972e-15 1e-20
12645.0 2.22489e-15 1e-20
12646.5 2.20572e-15 1e-20
12648.0 2.16103e-15 1e-20
12649.5 2.21672e-15 1e-20
12651.0 2.18003e-15 1e-20
12652.5 2.18775e-15 1e-20
12654.0 2.28403e-15 1e-20
12655.5 2.15618e-15 1e-20
12657.0 2.16968e-15 1e-20
12658.5 2.16683e-15 1e-20
12660.0 2.17339e-15 1e-20
12661.5 2.23251e-15 1e-20
12663.0 2.18341e-15 1e-20
12664.5 2.17052e-15 1e-20
12666.0 2.18293e-15 1e-20
12667.5 2.15663e-15 1e-20
12669.0 2.17454e-15 1e-20
12670.5 2.1555e-15 1e-20
12672.0 2.16353e-15 1e-20
12673.5 2.13514e-15 1e-20
12675.0 2.17009e-15 1e-20
12676.5 2.15427e-15 1e-20
12678.0 2.15459e-15 1e-20
12679.5 2.16766e-15 1e-20
12681.0 2.16134e-15 1e-20
12682.5 2.12551e-15 1e-20
12684.0 2.13854e-15 1e-20
12685.5 2.16953e-15 1e-20
12687.0 2.14715e-15 1e-20
12688.5 2.20904e-15 1e-20
12690.0 2.16924e-15 1e-20
12691.5 2.17183e-15 1e-20
12693.0 2.17819e-15 1e-20
12694.5 2.18177e-15 1e-20
12696.0 2.10154e-15 1e-20
12697.5 2.13972e-15 1e-20
12699.0 2.1464e-15 1e-20
12700.5 2.1342e-15 1e-20
12702.0 2.14341e-15 1e-20
12703.5 2.14134e-15 1e-20
12705.0 2.12661e-15 1e-20
12706.5 2.09393e-15 1e-20
12708.0 2.18825e-15 1e-20
12709.5 2.10271e-15 1e-20
12711.0 2.12775e-15 1e-20
12712.5 2.09722e-15 1e-20
12714.0 2.09841e-15 1e-20
12715.5 2.11868e-15 1e-20
12717.0 2.12596e-15 1e-20
12718.5 2.14932e-15 1e-20
12720.0 2.08901e-15 1e-20
12721.5 2.12518e-15 1e-20
12723.0 2.08964e-15 1e-20
12724.5 2.11841e-15 1e-20
12726.0 2.1206e-15 1e-20
12727.5 2.09879e-15 1e-20
12729.0 2.14055e-15 1e-20
12730.5 2.11116e-15 1e-20
12732.0 2.1051e-15 1e-20
12733.5 2.06716e-15 1e-20
12735.0 2.08322e-15 1e-20
12736.5 2.10726e-15 1e-20
12738.0 2.09661e-15 1e-20
12739.5 2.11643e-15 1e-20
12741.0 2.08379e-15 1e-20
12742.5 2.11045e-15 1e-20
12744.0 2.07218e-15 1e-20
12745.5 2.08744e-15 1e-20
12747.0 2.09006e-15 1e-20
12748.5 2.07392e-15 1e-20
12750.0 2.09448e-15 1e-20
12751.5 2.0683e-15 1e-20
12753.0 2.08391e-15 1e-20
12754.5 2.08235e-15 1e-20
12756.0 2.06498e-15 1e-20
12757.5 2.05865e-15 1e-20
12759.0 2.03107e-15 1e-20
12760.5 2.06267e-15 1e-20
12762.0 2.05404e-15 1e-20
12763.5 2.06966e-15 1e-20
12765.0 2.07762e-15 1e-20
12766.5 2.0687e-15 1e-20
12768.0 2.03928e-15 1e-20
12769.5 2.07594e-15 1e-20
12771.0 2.0376e-15 1e-20
12772.5 2.05781e-15 1e-20
12774.0 2.05144e-15 1e-20
12775.5 2.09063e-15 1e-20
12777.0 2.0516e-15 1e-20
12778.5 2.04567e-15 1e-20
12780.0 2.04217e-15 1e-20
12781.5 2.05493e-15 1e-20
12783.0 2.05905e-15 1e-20
12784.5 2.03329e-15 1e-20
12786.0 2.03501e-15 1e-20
12787.5 1.97671e-15 1e-20
12789.0 1.99394e-15 1e-20
12790.5 2.03693e-15 1e-20
12792.0 2.00902e-15 1e-20
12793.5 2.01977e-15 1e-20
12795.0 2.01209e-15 1e-20
12796.5 1.98259e-15 1e-20
12798.0 1.98952e-15 1e-20
12799.5 1.98903e-15 1e-20
12801.0 1.98299e-15 1e-20
12802.5 1.99873e-15 1e-20
12804.0 1.98315e-15 1e-20
12805.5 1.98872e-15 1e-20
12807.0 1.98238e-15 1e-20
12808.5 1.98464e-15 1e-20
12810.0 2.00236e-15 1e-20
12811.5 2.01275e-15 1e-20
12813.0 2.03493e-15 1e-20
12814.5 1.99818e-15 1e-20
12816.0 1.98625e-15 1e-20
12817.5 1.951e-15 1e-20
12819.0 1.93017e-15 1e-20
12820.5 1.96862e-15 1e-20
12822.0 2.06005e-15 1e-20
12823.5 2.12094e-15 1e-20
12825.0 2.14656e-15 1e-20
12826.5 2.01604e-15 1e-20
12828.0 2.01627e-15 1e-20
12829.5 1.9982e-15 1e-20
12831.0 2.02118e-15 1e-20
12832.5 1.99786e-15 1e-20
12834.0 1.96435e-15 1e-20
12835.5 1.98364e-15 1e-20
12837.0 1.97651e-15 1e-20
12838.5 1.95607e-15 1e-20
12840.0 1.91798e-15 1e-20
12841.5 1.95833e-15 1e-20
12843.0 1.96287e-15 1e-20
12844.5 1.94942e-15 1e-20
12846.0 1.96332e-15 1e-20
12847.5 1.94182e-15 1e-20
12849.0 1.96971e-15 1e-20
12850.5 1.93521e-15 1e-20
12852.0 1.92622e-15 1e-20
12853.5 1.93894e-15 1e-20
12855.0 1.97344e-15 1e-20
12856.5 2.11671e-15 1e-20
12858.0 1.96158e-15 1e-20
12859.5 1.93741e-15 1e-20
12861.0 1.96938e-15 1e-20
12862.5 1.9342e-15 1e-20
12864.0 1.91422e-15 1e-20
12865.5 1.91538e-15 1e-20
12867.0 1.91203e-15 1e-20
12868.5 1.93331e-15 1e-20
12870.0 1.91097e-15 1e-20
12871.5 1.93148e-15 1e-20
12873.0 1.9184e-15 1e-20
12874.5 1.90587e-15 1e-20
12876.0 1.92911e-15 1e-20
12877.5 1.89442e-15 1e-20
12879.0 1.92658e-15 1e-20
12880.5 1.91563e-15 1e-20
12882.0 1.94902e-15 1e-20
12883.5 1.93179e-15 1e-20
12885.0 1.91354e-15 1e-20
12886.5 1.8911e-15 1e-20
12888.0 1.95783e-15 1e-20
12889.5 1.85834e-15 1e-20
12891.0 1.86756e-15 1e-20
12892.5 1.91161e-15 1e-20
12894.0 1.90771e-15 1e-20
12895.5 1.95016e-15 1e-20
12897.0 1.85917e-15 1e-20
12898.5 1.88774e-15 1e-20
12900.0 1.89134e-15 1e-20
12901.5 1.9117e-15 1e-20
12903.0 1.947e-15 1e-20
12904.5 1.93943e-15 1e-20
12906.0 1.94664e-15 1e-20
12907.5 1.91132e-15 1e-20
12909.0 1.91075e-15 1e-20
12910.5 1.88252e-15 1e-20
12912.0 1.87009e-15 1e-20
12913.5 1.89331e-15 1e-20
12915.0 2.12193e-15 1e-20
12916.5 1.84308e-15 1e-20
12918.0 1.81542e-15 1e-20
12919.5 1.81761e-15 1e-20
12921.0 1.88023e-15 1e-20
12922.5 1.85324e-15 1e-20
12924.0 1.86333e-15 1e-20
12925.5 1.88108e-15 1e-20
12927.0 1.86897e-15 1e-20
12928.5 1.86569e-15 1e-20
12930.0 1.87428e-15 1e-20
12931.5 1.87005e-15 1e-20
12933.0 1.8549e-15 1e-20
12934.5 1.85149e-15 1e-20
12936.0 1.83566e-15 1e-20
12937.5 1.85625e-15 1e-20
12939.0 1.85178e-15 1e-20
12940.5 1.82084e-15 1e-20
12942.0 1.84198e-15 1e-20
12943.5 1.84453e-15 1e-20
12945.0 1.83865e-15 1e-20
12946.5 1.84508e-15 1e-20
12948.0 1.81168e-15 1e-20
12949.5 1.82896e-15 1e-20
12951.0 1.83773e-15 1e-20
12952.5 1.83176e-15 1e-20
12954.0 1.83136e-15 1e-20
12955.5 1.845e-15 1e-20
12957.0 1.84368e-15 1e-20
12958.5 1.81745e-15 1e-20
12960.0 1.81494e-15 1e-20
12961.5 1.84143e-15 1e-20
12963.0 1.80489e-15 1e-20
12966.0 1.81277e-15 1e-20
12967.5 1.81306e-15 1e-20
12969.0 1.8272e-15 1e-20
12970.5 1.80204e-15 1e-20
12972.0 1.79924e-15 1e-20
12973.5 1.80108e-15 1e-20
12975.0 1.80396e-15 1e-20
12976.5 1.79957e-15 1e-20
12978.0 1.80164e-15 1e-20
12979.5 1.82622e-15 1e-20
12981.0 1.79344e-15 1e-20
12982.5 1.80501e-15 1e-20
12984.0 1.77696e-15 1e-20
12985.5 1.80387e-15 1e-20
12987.0 1.77917e-15 1e-20
12988.5 1.79782e-15 1e-20
12990.0 1.79439e-15 1e-20
12991.5 1.78588e-15 1e-20
12993.0 1.77229e-15 1e-20
12994.5 1.79019e-15 1e-20
12996.0 1.80108e-15 1e-20
12997.5 1.81212e-15 1e-20
12999.0 1.79054e-15 1e-20
13000.5 1.7836e-15 1e-20
13002.0 1.78852e-15 1e-20
13003.5 1.77145e-15 1e-20
13005.0 1.76746e-15 1e-20
13006.5 1.76551e-15 1e-20
13008.0 1.75814e-15 1e-20
13009.5 1.7854e-15 1e-20
13011.0 1.7549e-15 1e-20
13012.5 1.76615e-15 1e-20
13014.0 1.76685e-15 1e-20
13015.5 1.75161e-15 1e-20
13017.0 1.76289e-15 1e-20
13018.5 1.78569e-15 1e-20
13020.0 1.7791e-15 1e-20
13021.5 1.76253e-15 1e-20
13023.0 1.74907e-15 1e-20
13024.5 1.73265e-15 1e-20
13026.0 1.76319e-15 1e-20
13027.5 1.75242e-15 1e-20
13029.0 1.74714e-15 1e-20
13030.5 1.78311e-15 1e-20
13032.0 1.75007e-15 1e-20
13033.5 1.71743e-15 1e-20
13035.0 1.72926e-15 1e-20
13036.5 1.76468e-15 1e-20
13038.0 1.74824e-15 1e-20
13039.5 1.75558e-15 1e-20
13041.0 1.75806e-15 1e-20
13042.5 1.70018e-15 1e-20
13044.0 1.74405e-15 1e-20
13045.5 1.72458e-15 1e-20
13047.0 1.72526e-15 1e-20
13048.5 1.69642e-15 1e-20
13050.0 1.75112e-15 1e-20
13051.5 1.74942e-15 1e-20
13053.0 1.7434e-15 1e-20
13054.5 1.71357e-15 1e-20
13056.0 1.77438e-15 1e-20
13057.5 1.73946e-15 1e-20
13059.0 1.72814e-15 1e-20
13060.5 1.71923e-15 1e-20
13062.0 1.735e-15 1e-20
13063.5 1.73217e-15 1e-20
13065.0 1.71147e-15 1e-20
13066.5 1.70263e-15 1e-20
13068.0 1.71463e-15 1e-20
13069.5 1.71742e-15 1e-20
13071.0 1.69544e-15 1e-20
13072.5 1.68846e-15 1e-20
13074.0 1.71869e-15 1e-20
13075.5 1.69333e-15 1e-20
13077.0 1.71855e-15 1e-20
13078.5 1.69885e-15 1e-20
13080.0 1.69134e-15 1e-20
13081.5 1.67188e-15 1e-20
13083.0 1.73157e-15 1e-20
13084.5 1.7179e-15 1e-20
13086.0 1.71527e-15 1e-20
13087.5 1.65933e-15 1e-20
13089.0 1.64607e-15 1e-20
13090.5 1.66072e-15 1e-20
13092.0 1.68406e-15 1e-20
13093.5 1.68714e-15 1e-20
13095.0 1.70655e-15 1e-20
13096.5 1.67361e-15 1e-20
13098.0 1.68007e-15 1e-20
13099.5 1.72743e-15 1e-20
13101.0 1.70337e-15 1e-20
13102.5 1.69677e-15 1e-20
13104.0 1.67785e-15 1e-20
13105.5 1.69531e-15 1e-20
13107.0 1.67729e-15 1e-20
13108.5 1.70355e-15 1e-20
13110.0 1.68497e-15 1e-20
13111.5 1.63738e-15 1e-20
13113.0 1.65577e-15 1e-20
13114.5 1.65866e-15 1e-20
13116.0 1.67438e-15 1e-20
13117.5 1.68612e-15 1e-20
13119.0 1.64418e-15 1e-20
13120.5 1.63811e-15 1e-20
13122.0 1.67717e-15 1e-20
13123.5 1.61629e-15 1e-20
13125.0 1.6593e-15 1e-20
13126.5 1.66046e-15 1e-20
13128.0 1.65968e-15 1e-20
13129.5 1.64648e-15 1e-20
13131.0 1.74991e-15 1e-20
13132.5 1.67821e-15 1e-20
13134.0 1.67446e-15 1e-20
13135.5 1.64956e-15 1e-20
13137.0 1.60147e-15 1e-20
13138.5 1.68935e-15 1e-20
13140.0 1.56915e-15 1e-20
13141.5 1.63743e-15 1e-20
13143.0 1.65107e-15 1e-20
13144.5 1.62742e-15 1e-20
13146.0 1.62265e-15 1e-20
13147.5 1.66533e-15 1e-20
13149.0 1.62772e-15 1e-20
13150.5 1.64997e-15 1e-20
13152.0 1.61389e-15 1e-20
13153.5 1.59956e-15 1e-20
13155.0 1.64307e-15 1e-20
13156.5 1.62753e-15 1e-20
13158.0 1.64055e-15 1e-20
13159.5 1.59865e-15 1e-20
13161.0 1.63321e-15 1e-20
13162.5 1.59399e-15 1e-20
13164.0 1.61397e-15 1e-20
13165.5 1.61279e-15 1e-20
13167.0 1.59167e-15 1e-20
13168.5 1.61939e-15 1e-20
13170.0 1.60259e-15 1e-20
13171.5 1.63295e-15 1e-20
13173.0 1.57443e-15 1e-20
13174.5 1.57198e-15 1e-20
13176.0 1.60981e-15 1e-20
13177.5 1.61107e-15 1e-20
13179.0 1.6253e-15 1e-20
13180.5 1.62511e-15 1e-20
13182.0 1.65576e-15 1e-20
13183.5 1.5979e-15 1e-20
13185.0 1.57964e-15 1e-20
13186.5 1.60884e-15 1e-20
13188.0 1.59541e-15 1e-20
13189.5 1.57651e-15 1e-20
13191.0 1.57886e-15 1e-20
13192.5 1.58567e-15 1e-20
13194.0 1.58699e-15 1e-20
13195.5 1.59337e-15 1e-20
13197.0 1.6064e-15 1e-20
13198.5 1.59658e-15 1e-20
13200.0 1.56886e-15 1e-20
13201.5 1.57735e-15 1e-20
13203.0 1.58579e-15 1e-20
13204.5 1.57654e-15 1e-20
13206.0 1.59211e-15 1e-20
13207.5 1.56934e-15 1e-20
13209.0 1.63388e-15 1e-20
13210.5 1.55074e-15 1e-20
13212.0 1.58905e-15 1e-20
13213.5 1.54415e-15 1e-20
13215.0 1.55546e-15 1e-20
13216.5 1.59279e-15 1e-20
13218.0 1.53488e-15 1e-20
13219.5 1.57022e-15 1e-20
13221.0 1.56413e-15 1e-20
13222.5 1.55649e-15 1e-20
13224.0 1.55751e-15 1e-20
13225.5 1.53759e-15 1e-20
13227.0 1.57443e-15 1e-20
13228.5 1.52727e-15 1e-20
13230.0 1.55095e-15 1e-20
13231.5 1.55337e-15 1e-20
13233.0 1.54245e-15 1e-20
13234.5 1.57383e-15 1e-20
13236.0 1.55047e-15 1e-20
13237.5 1.57435e-15 1e-20
13239.0 1.54742e-15 1e-20
13240.5 1.51809e-15 1e-20
13242.0 1.54284e-15 1e-20
13243.5 1.52964e-15 1e-20
13245.0 1.55053e-15 1e-20
13246.5 1.54006e-15 1e-20
13248.0 1.55807e-15 1e-20
13249.5 1.53094e-15 1e-20
13251.0 1.56218e-15 1e-20
13252.5 1.56111e-15 1e-20
13254.0 1.5472e-15 1e-20
13255.5 1.53351e-15 1e-20
13257.0 1.55362e-15 1e-20
13258.5 1.52744e-15 1e-20
13260.0 1.50185e-15 1e-20
13261.5 1.56637e-15 1e-20
13263.0 1.49246e-15 1e-20
13264.5 1.5298e-15 1e-20
13266.0 1.53644e-15 1e-20
13267.5 1.63135e-15 1e-20
13269.0 1.55167e-15 1e-20
13270.5 1.53104e-15 1e-20
13272.0 1.53057e-15 1e-20
13273.5 1.56576e-15 1e-20
13275.0 1.55078e-15 1e-20
13276.5 1.55866e-15 1e-20
13278.0 1.53167e-15 1e-20
13279.5 1.5607e-15 1e-20
13281.0 1.49321e-15 1e-20
13282.5 1.53228e-15 1e-20
13284.0 1.49488e-15 1e-20
13285.5 1.54638e-15 1e-20
13287.0 1.49598e-15 1e-20
13288.5 1.48614e-15 1e-20
13290.0 1.51941e-15 1e-20
13291.5 1.52233e-15 1e-20
13293.0 1.48604e-15 1e-20
13294.5 1.54192e-15 1e-20
13296.0 1.50384e-15 1e-20
13297.5 1.54352e-15 1e-20
13299.0 1.5372e-15 1e-20
13300.5 1.54935e-15 1e-20
13302.0 1.52126e-15 1e-20
13303.5 1.55048e-15 1e-20
13305.0 1.52209e-15 1e-20
13306.5 1.53213e-15 1e-20
13308.0 1.51368e-15 1e-20
13309.5 1.5126e-15 1e-20
13311.0 1.54192e-15 1e-20
13312.5 1.51958e-15 1e-20
13314.0 1.46089e-15 1e-20
13315.5 1.51133e-15 1e-20
13317.0 1.51608e-15 1e-20
13318.5 1.50403e-15 1e-20
13320.0 1.51539e-15 1e-20
13321.5 1.50634e-15 1e-20
13323.0 1.4978e-15 1e-20
13324.5 1.49743e-15 1e-20
13326.0 1.50951e-15 1e-20
13327.5 1.58446e-15 1e-20
13329.0 1.51022e-15 1e-20
13330.5 1.50673e-15 1e-20
13332.0 1.5262e-15 1e-20
13333.5 1.52835e-15 1e-20
13335.0 1.52586e-15 1e-20
13336.5 1.51954e-15 1e-20
13338.0 1.51069e-15 1e-20
13339.5 1.52053e-15 1e-20
13341.0 1.66271e-15 1e-20
13342.5 1.51038e-15 1e-20
13344.0 1.51207e-15 1e-20
13345.5 1.51157e-15 1e-20
13347.0 1.54188e-15 1e-20
13348.5 1.50245e-15 1e-20
13350.0 1.5512e-15 1e-20
13351.5 1.52648e-15 1e-20
13353.0 1.51135e-15 1e-20
13354.5 1.51462e-15 1e-20
13356.0 1.50229e-15 1e-20
13357.5 1.52787e-15 1e-20
13359.0 1.45875e-15 1e-20
13360.5 1.47896e-15 1e-20
13362.0 1.50768e-15 1e-20
13363.5 1.52329e-15 1e-20
13365.0 1.50783e-15 1e-20
13366.5 1.52688e-15 1e-20
13368.0 1.51314e-15 1e-20
13369.5 1.49993e-15 1e-20
13371.0 1.50082e-15 1e-20
13372.5 1.5426e-15 1e-20
13374.0 1.49863e-15 1e-20
13375.5 1.47348e-15 1e-20
13377.0 1.52391e-15 1e-20
13378.5 1.51911e-15 1e-20
13380.0 1.48241e-15 1e-20
13381.5 1.49914e-15 1e-20
13383.0 1.50686e-15 1e-20
13384.5 1.55218e-15 1e-20
13386.0 1.49423e-15 1e-20
13387.5 1.51773e-15 1e-20
13389.0 1.51075e-15 1e-20
13390.5 1.56068e-15 1e-20
13392.0 1.49198e-15 1e-20
13393.5 1.48085e-15 1e-20
13395.0 1.54839e-15 1e-20
13396.5 1.53327e-15 1e-20
13398.0 1.52499e-15 1e-20
13399.5 1.52153e-15 1e-20
13401.0 1.52946e-15 1e-20
13402.5 1.53774e-15 1e-20
13404.0 1.52851e-15 1e-20
13405.5 1.52776e-15 1e-20
13407.0 1.54644e-15 1e-20
13408.5 1.5503e-15 1e-20
13410.0 1.52956e-15 1e-20
13411.5 1.54838e-15 1e-20
13413.0 1.5308e-15 1e-20
13414.5 1.50744e-15 1e-20
13416.0 1.51981e-15 1e-20
13417.5 1.55505e-15 1e-20
13419.0 1.54314e-15 1e-20
13420.5 1.54006e-15 1e-20
13422.0 1.55619e-15 1e-20
13423.5 1.5587e-15 1e-20
13425.0 1.55613e-15 1e-20
13426.5 1.5204e-15 1e-20
13428.0 1.52991e-15 1e-20
13429.5 1.54304e-15 1e-20
13431.0 1.53805e-15 1e-20
13432.5 1.5271e-15 1e-20
13434.0 1.54381e-15 1e-20
13435.5 1.55232e-15 1e-20
13437.0 1.54255e-15 1e-20
13438.5 1.56955e-15 1e-20
13440.0 1.51224e-15 1e-20
13441.5 1.52411e-15 1e-20
13443.0 1.60105e-15 1e-20
13444.5 1.56085e-15 1e-20
13446.0 1.57412e-15 1e-20
13447.5 1.57679e-15 1e-20
13449.0 1.53988e-15 1e-20
13450.5 1.57766e-15 1e-20
13452.0 1.57451e-15 1e-20
13453.5 1.55319e-15 1e-20
13455.0 1.54329e-15 1e-20
13456.5 1.6086e-15 1e-20
13458.0 1.58701e-15 1e-20
13459.5 1.55591e-15 1e-20
13461.0 1.56081e-15 1e-20
13462.5 1.57639e-15 1e-20
13464.0 1.55024e-15 1e-20
13465.5 1.5091e-15 1e-20
13467.0 1.59671e-15 1e-20
13468.5 1.57225e-15 1e-20
13470.0 1.58798e-15 1e-20
13471.5 1.5781e-15 1e-20
13473.0 1.56192e-15 1e-20
13474.5 1.5704e-15 1e-20
13476.0 1.52813e-15 1e-20
13477.5 1.44722e-15 1e-20
13479.0 1.49569e-15 1e-20
13480.5 1.57311e-15 1e-20
13482.0 1.57491e-15 1e-20
13483.5 1.55532e-15 1e-20
13485.0 1.5599e-15 1e-20
13486.5 1.67182e-15 1e-20
13488.0 1.57089e-15 1e-20
13489.5 1.54684e-15 1e-20
13491.0 1.62255e-15 1e-20
13492.5 1.57335e-15 1e-20
13494.0 1.62265e-15 1e-20
13495.5 1.60126e-15 1e-20
13497.0 1.64446e-15 1e-20
13498.5 1.59603e-15 1e-20
13500.0 1.62586e-15 1e-20
13501.5 1.57723e-15 1e-20
13503.0 1.64574e-15 1e-20
13504.5 1.56503e-15 1e-20
13506.0 1.65765e-15 1e-20
13507.5 1.64894e-15 1e-20
13509.0 1.63153e-15 1e-20
13510.5 1.67471e-15 1e-20
13512.0 1.62021e-15 1e-20
13513.5 1.57739e-15 1e-20
13515.0 1.6437e-15 1e-20
13516.5 1.58631e-15 1e-20
13518.0 1.60303e-15 1e-20
13519.5 1.60189e-15 1e-20
13521.0 1.60076e-15 1e-20
13522.5 1.59961e-15 1e-20
13524.0 1.59849e-15 1e-20
13525.5 1.59736e-15 1e-20
13527.0 1.59622e-15 1e-20
13528.5 1.59508e-15 1e-20
13530.0 1.59394e-15 1e-20
13531.5 1.59282e-15 1e-20
13533.0 1.59167e-15 1e-20
13534.5 1.59054e-15 1e-20
13536.0 1.58941e-15 1e-20
13537.5 1.5883e-15 1e-20
13539.0 1.58713e-15 1e-20
13540.5 1.586e-15 1e-20
13542.0 1.58489e-15 1e-20
13543.5 1.58379e-15 1e-20
13545.0 1.58267e-15 1e-20
13546.5 1.58149e-15 1e-20
13548.0 1.58038e-15 1e-20
13549.5 1.57927e-15 1e-20
13551.0 1.57813e-15 1e-20
13552.5 1.577e-15 1e-20
13554.0 1.57587e-15 1e-20
13555.5 1.57472e-15 1e-20
13557.0 1.57359e-15 1e-20
13558.5 1.57246e-15 1e-20
13560.0 1.57132e-15 1e-20
13561.5 1.57018e-15 1e-20
13563.0 1.56906e-15 1e-20
13564.5 1.56796e-15 1e-20
13566.0 1.56685e-15 1e-20
13567.5 1.56572e-15 1e-20
13569.0 1.56458e-15 1e-20
13570.5 1.56345e-15 1e-20
13572.0 1.56232e-15 1e-20
13573.5 1.56117e-15 1e-20
13575.0 1.56004e-15 1e-20
13576.5 1.55893e-15 1e-20
13578.0 1.55783e-15 1e-20
13579.5 1.55664e-15 1e-20
13581.0 1.55553e-15 1e-20
13582.5 1.55443e-15 1e-20
13584.0 1.55331e-15 1e-20
13585.5 1.55218e-15 1e-20
13587.0 1.55103e-15 1e-20
13588.5 1.5499e-15 1e-20
13590.0 1.54876e-15 1e-20
13591.5 1.54762e-15 1e-20
13593.0 1.5465e-15 1e-20
13594.5 1.5454e-15 1e-20
13596.0 1.54429e-15 1e-20
13597.5 1.54316e-15 1e-20
13599.0 1.54203e-15 1e-20
13600.5 1.5409e-15 1e-20
13602.0 1.53975e-15 1e-20
13603.5 1.53868e-15 1e-20
13605.0 1.53756e-15 1e-20
13606.5 1.53643e-15 1e-20
13608.0 1.5353e-15 1e-20
13609.5 1.53416e-15 1e-20
13611.0 1.53302e-15 1e-20
13612.5 1.53187e-15 1e-20
13614.0 1.53075e-15 1e-20
13615.5 1.52965e-15 1e-20
13617.0 1.52854e-15 1e-20
13618.5 1.52742e-15 1e-20
13620.0 1.52628e-15 1e-20
13621.5 1.52515e-15 1e-20
13623.0 1.52401e-15 1e-20
13624.5 1.52293e-15 1e-20
13626.0 1.52182e-15 1e-20
13627.5 1.52068e-15 1e-20
13629.0 1.51955e-15 1e-20
13630.5 1.51841e-15 1e-20
13632.0 1.51727e-15 1e-20
13633.5 1.51613e-15 1e-20
13635.0 1.51508e-15 1e-20
13636.5 1.51395e-15 1e-20
13638.0 1.5128e-15 1e-20
13639.5 1.51167e-15 1e-20
13641.0 1.51053e-15 1e-20
13642.5 1.5094e-15 1e-20
13644.0 1.50829e-15 1e-20
13645.5 1.5072e-15 1e-20
13647.0 1.50607e-15 1e-20
13648.5 1.50492e-15 1e-20
13650.0 1.50379e-15 1e-20
13651.5 1.50267e-15 1e-20
13653.0 1.5016e-15 1e-20
13654.5 1.50047e-15 1e-20
13656.0 1.49932e-15 1e-20
13657.5 1.49819e-15 1e-20
13659.0 1.49706e-15 1e-20
13660.5 1.496e-15 1e-20
13662.0 1.49487e-15 1e-20
13663.5 1.49372e-15 1e-20
13665.0 1.49258e-15 1e-20
13666.5 1.49152e-15 1e-20
13668.0 1.49039e-15 1e-20
13669.5 1.48926e-15 1e-20
13671.0 1.48812e-15 1e-20
13672.5 1.48701e-15 1e-20
13674.0 1.48591e-15 1e-20
13675.5 1.48479e-15 1e-20
13677.0 1.48366e-15 1e-20
13678.5 1.48251e-15 1e-20
13680.0 1.48139e-15 1e-20
13681.5 1.48028e-15 1e-20
13683.0 1.47919e-15 1e-20
13684.5 1.47805e-15 1e-20
13686.0 1.4769e-15 1e-20
13687.5 1.47586e-15 1e-20
13689.0 1.47471e-15 1e-20
13690.5 1.47358e-15 1e-20
13692.0 1.47245e-15 1e-20
13693.5 1.47135e-15 1e-20
13695.0 1.47024e-15 1e-20
13696.5 1.46911e-15 1e-20
13698.0 1.46797e-15 1e-20
13699.5 1.46683e-15 1e-20
13701.0 1.46578e-15 1e-20
13702.5 1.46465e-15 1e-20
13704.0 1.46351e-15 1e-20
13705.5 1.46242e-15 1e-20
13707.0 1.4613e-15 1e-20
13708.5 1.46018e-15 1e-20
13710.0 1.45904e-15 1e-20
13711.5 1.4579e-15 1e-20
13713.0 1.45685e-15 1e-20
13714.5 1.4557e-15 1e-20
13716.0 1.45458e-15 1e-20
13717.5 1.45348e-15 1e-20
13719.0 1.45237e-15 1e-20
13720.5 1.45124e-15 1e-20
13722.0 1.45009e-15 1e-20
13723.5 1.44904e-15 1e-20
13725.0 1.44791e-15 1e-20
13726.5 1.44677e-15 1e-20
13728.0 1.44564e-15 1e-20
13729.5 1.44457e-15 1e-20
13731.0 1.44344e-15 1e-20
13732.5 1.4423e-15 1e-20
13734.0 1.44122e-15 1e-20
13735.5 1.44011e-15 1e-20
13737.0 1.43896e-15 1e-20
13738.5 1.43783e-15 1e-20
13740.0 1.43677e-15 1e-20
13741.5 1.43564e-15 1e-20
13743.0 1.4345e-15 1e-20
13744.5 1.43338e-15 1e-20
13746.0 1.43231e-15 1e-20
13747.5 1.43116e-15 1e-20
13749.0 1.43007e-15 1e-20
13750.5 1.42897e-15 1e-20
13752.0 1.42783e-15 1e-20
13753.5 1.42669e-15 1e-20
13755.0 1.42563e-15 1e-20
13756.5 1.4245e-15 1e-20
13758.0 1.42336e-15 1e-20
13759.5 1.4223e-15 1e-20
13761.0 1.42117e-15 1e-20
13762.5 1.42003e-15 1e-20
13764.0 1.41892e-15 1e-20
13765.5 1.41784e-15 1e-20
13767.0 1.4167e-15 1e-20
13768.5 1.4156e-15 1e-20
13770.0 1.4145e-15 1e-20
13771.5 1.41336e-15 1e-20
13773.0 1.41227e-15 1e-20
13774.5 1.41117e-15 1e-20
13776.0 1.41003e-15 1e-20
13777.5 1.40888e-15 1e-20
13779.0 1.40783e-15 1e-20
13780.5 1.40669e-15 1e-20
13782.0 1.40556e-15 1e-20
13783.5 1.4045e-15 1e-20
13785.0 1.40336e-15 1e-20
13786.5 1.40223e-15 1e-20
13788.0 1.40116e-15 1e-20
13789.5 1.40003e-15 1e-20
13791.0 1.39891e-15 1e-20
13792.5 1.39783e-15 1e-20
13794.0 1.3967e-15 1e-20
13795.5 1.39559e-15 1e-20
13797.0 1.3945e-15 1e-20
13798.5 1.39335e-15 1e-20
13800.0 1.39228e-15 1e-20
13801.5 1.39117e-15 1e-20
13803.0 1.39002e-15 1e-20
13804.5 1.38897e-15 1e-20
13806.0 1.38782e-15 1e-20
13807.5 1.38675e-15 1e-20
13809.0 1.38564e-15 1e-20
13810.5 1.38448e-15 1e-20
13812.0 1.38343e-15 1e-20
13813.5 1.3823e-15 1e-20
13815.0 1.38115e-15 1e-20
13816.5 1.3801e-15 1e-20
13818.0 1.37896e-15 1e-20
13819.5 1.37782e-15 1e-20
13821.0 1.37676e-15 1e-20
13822.5 1.37562e-15 1e-20
13824.0 1.37457e-15 1e-20
13825.5 1.37343e-15 1e-20
13827.0 1.37229e-15 1e-20
13828.5 1.37123e-15 1e-20
13830.0 1.3701e-15 1e-20
13831.5 1.36904e-15 1e-20
13833.0 1.3679e-15 1e-20
13834.5 1.36676e-15 1e-20
13836.0 1.3657e-15 1e-20
13837.5 1.36457e-15 1e-20
13839.0 1.3635e-15 1e-20
13840.5 1.36237e-15 1e-20
13842.0 1.36123e-15 1e-20
13843.5 1.36016e-15 1e-20
13845.0 1.35903e-15 1e-20
13846.5 1.35796e-15 1e-20
13848.0 1.35683e-15 1e-20
13849.5 1.35569e-15 1e-20
13851.0 1.35463e-15 1e-20
13852.5 1.35349e-15 1e-20
13854.0 1.35243e-15 1e-20
13855.5 1.3513e-15 1e-20
13857.0 1.35023e-15 1e-20
13858.5 1.3491e-15 1e-20
13860.0 1.34796e-15 1e-20
13861.5 1.3469e-15 1e-20
13863.0 1.34576e-15 1e-20
13864.5 1.3447e-15 1e-20
13866.0 1.34357e-15 1e-20
13867.5 1.34249e-15 1e-20
13869.0 1.34137e-15 1e-20
13870.5 1.34023e-15 1e-20
13872.0 1.33918e-15 1e-20
13873.5 1.33803e-15 1e-20
13875.0 1.33698e-15 1e-20
13876.5 1.33584e-15 1e-20
13878.0 1.33474e-15 1e-20
13879.5 1.33364e-15 1e-20
13881.0 1.33252e-15 1e-20
13882.5 1.33144e-15 1e-20
13884.0 1.3303e-15 1e-20
13885.5 1.32924e-15 1e-20
13887.0 1.32811e-15 1e-20
13888.5 1.32704e-15 1e-20
13890.0 1.32591e-15 1e-20
13891.5 1.32484e-15 1e-20
13893.0 1.32371e-15 1e-20
13894.5 1.32264e-15 1e-20
13896.0 1.32151e-15 1e-20
13897.5 1.32044e-15 1e-20
13899.0 1.31931e-15 1e-20
13900.5 1.31823e-15 1e-20
13902.0 1.31711e-15 1e-20
13903.5 1.31601e-15 1e-20
13905.0 1.31492e-15 1e-20
13906.5 1.31377e-15 1e-20
13908.0 1.31272e-15 1e-20
13909.5 1.31158e-15 1e-20
13911.0 1.31052e-15 1e-20
13912.5 1.30939e-15 1e-20
13914.0 1.30832e-15 1e-20
13915.5 1.30719e-15 1e-20
13917.0 1.30612e-15 1e-20
13918.5 1.30497e-15 1e-20
13920.0 1.30392e-15 1e-20
13921.5 1.30277e-15 1e-20
13923.0 1.30172e-15 1e-20
13924.5 1.30058e-15 1e-20
13926.0 1.29952e-15 1e-20
13927.5 1.29839e-15 1e-20
13929.0 1.29732e-15 1e-20
13930.5 1.29619e-15 1e-20
13932.0 1.29512e-15 1e-20
13933.5 1.29399e-15 1e-20
13935.0 1.29293e-15 1e-20
13936.5 1.29178e-15 1e-20
13938.0 1.29073e-15 1e-20
13939.5 1.28958e-15 1e-20
13941.0 1.28853e-15 1e-20
13942.5 1.28738e-15 1e-20
13944.0 1.28633e-15 1e-20
13945.5 1.2852e-15 1e-20
13947.0 1.28413e-15 1e-20
13948.5 1.28299e-15 1e-20
13950.0 1.28193e-15 1e-20
13951.5 1.28079e-15 1e-20
13953.0 1.27974e-15 1e-20
13954.5 1.27864e-15 1e-20
13956.0 1.27754e-15 1e-20
13957.5 1.27644e-15 1e-20
13959.0 1.27534e-15 1e-20
13960.5 1.27428e-15 1e-20
13962.0 1.27313e-15 1e-20
13963.5 1.27207e-15 1e-20
13965.0 1.27093e-15 1e-20
13966.5 1.26987e-15 1e-20
13968.0 1.26873e-15 1e-20
13969.5 1.26767e-15 1e-20
13971.0 1.26656e-15 1e-20
13972.5 1.26548e-15 1e-20
13974.0 1.26441e-15 1e-20
13975.5 1.26328e-15 1e-20
13977.0 1.26221e-15 1e-20
13978.5 1.26107e-15 1e-20
13980.0 1.26001e-15 1e-20
13981.5 1.25887e-15 1e-20
13983.0 1.25782e-15 1e-20
13984.5 1.25668e-15 1e-20
13986.0 1.25562e-15 1e-20
13987.5 1.25455e-15 1e-20
13989.0 1.25342e-15 1e-20
13990.5 1.25236e-15 1e-20
13992.0 1.25121e-15 1e-20
13993.5 1.25016e-15 1e-20
13995.0 1.24902e-15 1e-20
13996.5 1.24796e-15 1e-20
13998.0 1.2469e-15 1e-20
13999.5 1.24576e-15 1e-20
14001.0 1.2447e-15 1e-20
14002.5 1.24358e-15 1e-20
14004.0 1.2425e-15 1e-20
14005.5 1.24144e-15 1e-20
14007.0 1.24029e-15 1e-20
14008.5 1.23923e-15 1e-20
14010.0 1.23809e-15 1e-20
14011.5 1.23703e-15 1e-20
14013.0 1.23592e-15 1e-20
14014.5 1.23483e-15 1e-20
14016.0 1.23377e-15 1e-20
14017.5 1.23262e-15 1e-20
14019.0 1.23157e-15 1e-20
14020.5 1.23048e-15 1e-20
14022.0 1.22937e-15 1e-20
14023.5 1.22831e-15 1e-20
14025.0 1.22716e-15 1e-20
14026.5 1.22611e-15 1e-20
14028.0 1.22503e-15 1e-20
14029.5 1.22391e-15 1e-20
14031.0 1.22285e-15 1e-20
14032.5 1.2217e-15 1e-20
14034.0 1.22065e-15 1e-20
14035.5 1.21959e-15 1e-20
14037.0 1.21844e-15 1e-20
14038.5 1.21739e-15 1e-20
14040.0 1.21632e-15 1e-20
14041.5 1.21519e-15 1e-20
14043.0 1.21413e-15 1e-20
14044.5 1.21298e-15 1e-20
14046.0 1.21193e-15 1e-20
14047.5 1.21086e-15 1e-20
14049.0 1.20973e-15 1e-20
14050.5 1.20867e-15 1e-20
14052.0 1.20758e-15 1e-20
14053.5 1.20647e-15 1e-20
14055.0 1.20539e-15 1e-20
14056.5 1.20434e-15 1e-20
14058.0 1.2032e-15 1e-20
14059.5 1.20213e-15 1e-20
14061.0 1.20102e-15 1e-20
14062.5 1.19993e-15 1e-20
14064.0 1.19887e-15 1e-20
14065.5 1.19773e-15 1e-20
14067.0 1.19667e-15 1e-20
14068.5 1.19561e-15 1e-20
14070.0 1.19446e-15 1e-20
14071.5 1.19341e-15 1e-20
14073.0 1.19235e-15 1e-20
14074.5 1.1912e-15 1e-20
14076.0 1.19015e-15 1e-20
14077.5 1.18908e-15 1e-20
14079.0 1.18794e-15 1e-20
14080.5 1.18689e-15 1e-20
14082.0 1.18582e-15 1e-20
14083.5 1.18468e-15 1e-20
14085.0 1.18362e-15 1e-20
14086.5 1.18256e-15 1e-20
14088.0 1.18142e-15 1e-20
14089.5 1.18036e-15 1e-20
14091.0 1.1793e-15 1e-20
14092.5 1.17814e-15 1e-20
14094.0 1.1771e-15 1e-20
14095.5 1.17603e-15 1e-20
14097.0 1.17489e-15 1e-20
14098.5 1.17384e-15 1e-20
14100.0 1.17277e-15 1e-20
14101.5 1.17171e-15 1e-20
14103.0 1.17057e-15 1e-20
14104.5 1.16951e-15 1e-20
14106.0 1.16845e-15 1e-20
14107.5 1.16731e-15 1e-20
14109.0 1.16625e-15 1e-20
14110.5 1.15527e-15 1e-20
14112.0 1.09316e-15 1e-20
14113.5 1.14136e-15 1e-20
14115.0 1.10279e-15 1e-20
14116.5 1.15551e-15 1e-20
14118.0 1.20865e-15 1e-20
14119.5 1.17694e-15 1e-20
14121.0 1.18141e-15 1e-20
14122.5 1.11025e-15 1e-20
14124.0 1.04538e-15 1e-20
14125.5 1.17696e-15 1e-20
14127.0 1.17019e-15 1e-20
14128.5 1.198e-15 1e-20
14130.0 1.17947e-15 1e-20
14131.5 1.17634e-15 1e-20
14133.0 1.19604e-15 1e-20
14134.5 1.21153e-15 1e-20
14136.0 1.10462e-15 1e-20
14137.5 1.14137e-15 1e-20
14139.0 1.1475e-15 1e-20
14140.5 1.07239e-15 1e-20
14142.0 1.20552e-15 1e-20
14143.5 1.41993e-15 1e-20
14145.0 1.10574e-15 1e-20
14146.5 1.29634e-15 1e-20
14148.0 1.02183e-15 1e-20
14149.5 1.32017e-15 1e-20
14151.0 1.18904e-15 1e-20
14152.5 1.10383e-15 1e-20
14154.0 1.08172e-15 1e-20
14155.5 1.1321e-15 1e-20
14157.0 1.15876e-15 1e-20
14158.5 1.23504e-15 1e-20
14160.0 1.168e-15 1e-20
14161.5 1.17828e-15 1e-20
14163.0 1.17891e-15 1e-20
14164.5 1.18238e-15 1e-20
14166.0 1.14529e-15 1e-20
14167.5 1.1595e-15 1e-20
14169.0 1.18173e-15 1e-20
14170.5 1.13152e-15 1e-20
14172.0 1.16291e-15 1e-20
14173.5 1.149e-15 1e-20
14175.0 1.12392e-15 1e-20
14176.5 1.15777e-15 1e-20
14178.0 1.22377e-15 1e-20
14179.5 1.08918e-15 1e-20
14181.0 1.10659e-15 1e-20
14182.5 1.15716e-15 1e-20
14184.0 1.1436e-15 1e-20
14185.5 1.12902e-15 1e-20
14187.0 1.09114e-15 1e-20
14188.5 9.2179e-16 1e-20
14190.0 9.72919e-16 1e-20
14191.5 1.41822e-15 1e-20
14193.0 1.06309e-15 1e-20
14194.5 8.91774e-16 1e-20
14196.0 8.66466e-16 1e-20
14197.5 1.14472e-15 1e-20
14199.0 1.18568e-15 1e-20
14200.5 1.05013e-15 1e-20
14202.0 1.18071e-15 1e-20
14203.5 1.13866e-15 1e-20
14205.0 1.12371e-15 1e-20
14206.5 1.03833e-15 1e-20
14208.0 1.12863e-15 1e-20
14209.5 1.15296e-15 1e-20
14211.0 1.09016e-15 1e-20
14212.5 1.11042e-15 1e-20
14214.0 1.09616e-15 1e-20
14215.5 1.07029e-15 1e-20
14217.0 1.14247e-15 1e-20
14218.5 1.13202e-15 1e-20
14220.0 1.12919e-15 1e-20
14221.5 1.11374e-15 1e-20
14223.0 1.10585e-15 1e-20
14224.5 1.11546e-15 1e-20
14226.0 1.08333e-15 1e-20
14227.5 1.02503e-15 1e-20
14229.0 1.12106e-15 1e-20
14230.5 1.09696e-15 1e-20
14232.0 1.06719e-15 1e-20
14233.5 9.8693e-16 1e-20
14235.0 1.12272e-15 1e-20
14236.5 1.17376e-15 1e-20
14238.0 1.1225e-15 1e-20
14239.5 1.10214e-15 1e-20
14241.0 1.15134e-15 1e-20
14242.5 1.11935e-15 1e-20
14244.0 1.10894e-15 1e-20
14245.5 1.10148e-15 1e-20
14247.0 1.1174e-15 1e-20
14248.5 1.08569e-15 1e-20
14250.0 1.11766e-15 1e-20
14251.5 1.13111e-15 1e-20
14253.0 1.04951e-15 1e-20
14254.5 1.11419e-15 1e-20
14256.0 1.07383e-15 1e-20
14257.5 1.07492e-15 1e-20
14259.0 1.01289e-15 1e-20
14260.5 1.10063e-15 1e-20
14262.0 1.09782e-15 1e-20
14263.5 1.07443e-15 1e-20
14265.0 1.09698e-15 1e-20
14266.5 1.10548e-15 1e-20
14268.0 1.05739e-15 1e-20
14269.5 1.09441e-15 1e-20
14271.0 1.1109e-15 1e-20
14272.5 1.04494e-15 1e-20
14274.0 1.0819e-15 1e-20
14275.5 1.1157e-15 1e-20
14277.0 1.05239e-15 1e-20
14278.5 1.11907e-15 1e-20
14280.0 1.11348e-15 1e-20
14281.5 1.00979e-15 1e-20
14283.0 1.08277e-15 1e-20
14284.5 1.04057e-15 1e-20
14286.0 1.08667e-15 1e-20
14287.5 1.11092e-15 1e-20
14289.0 9.9851e-16 1e-20
14290.5 1.08081e-15 1e-20
14292.0 1.10918e-15 1e-20
14293.5 1.07297e-15 1e-20
14295.0 1.05383e-15 1e-20
14296.5 1.09492e-15 1e-20
14298.0 1.06365e-15 1e-20
14299.5 1.01732e-15 1e-20
14301.0 1.0862e-15 1e-20
14302.5 1.09987e-15 1e-20
14304.0 1.08272e-15 1e-20
14305.5 1.09698e-15 1e-20
14307.0 1.09535e-15 1e-20
14308.5 1.0818e-15 1e-20
14310.0 1.11327e-15 1e-20
14311.5 1.0529e-15 1e-20
14313.0 1.09578e-15 1e-20
14314.5 1.11617e-15 1e-20
14316.0 1.04856e-15 1e-20
14317.5 1.02441e-15 1e-20
14319.0 1.06846e-15 1e-20
14320.5 1.11046e-15 1e-20
14322.0 1.12085e-15 1e-20
14323.5 1.26125e-15 1e-20
14325.0 9.8857e-16 1e-20
14326.5 1.16598e-15 1e-20
14328.0 1.06277e-15 1e-20
14329.5 1.02628e-15 1e-20
14331.0 1.07781e-15 1e-20
14332.5 1.08118e-15 1e-20
14334.0 1.0705e-15 1e-20
14335.5 1.08924e-15 1e-20
14337.0 1.02611e-15 1e-20
14338.5 1.07799e-15 1e-20
14340.0 1.03396e-15 1e-20
14341.5 1.14204e-15 1e-20
14343.0 1.0767e-15 1e-20
14344.5 8.92688e-16 1e-20
14346.0 1.06583e-15 1e-20
14347.5 1.0325e-15 1e-20
14349.0 1.06281e-15 1e-20
14350.5 1.04968e-15 1e-20
14352.0 1.03245e-15 1e-20
14353.5 1.04414e-15 1e-20
14355.0 1.06773e-15 1e-20
14356.5 1.07525e-15 1e-20
14358.0 1.04838e-15 1e-20
14359.5 9.94782e-16 1e-20
14361.0 1.00582e-15 1e-20
14362.5 1.04333e-15 1e-20
14364.0 1.06356e-15 1e-20
14365.5 1.07968e-15 1e-20
14367.0 1.07632e-15 1e-20
14368.5 1.06536e-15 1e-20
14370.0 1.0682e-15 1e-20
14371.5 1.06861e-15 1e-20
14373.0 1.0513e-15 1e-20
14374.5 1.04089e-15 1e-20
14376.0 1.07159e-15 1e-20
14377.5 8.83496e-16 1e-20
14379.0 1.20936e-15 1e-20
14380.5 1.09753e-15 1e-20
14382.0 1.0794e-15 1e-20
14383.5 1.03953e-15 1e-20
14385.0 1.02338e-15 1e-20
14386.5 1.05681e-15 1e-20
14388.0 1.07136e-15 1e-20
14389.5 1.06122e-15 1e-20
14391.0 1.04266e-15 1e-20
14392.5 1.075e-15 1e-20
14394.0 1.07944e-15 1e-20
14395.5 9.98808e-16 1e-20
14397.0 1.08488e-15 1e-20
14398.5 1.06843e-15 1e-20
14400.0 1.07008e-15 1e-20
14401.5 1.05569e-15 1e-20
14403.0 1.03885e-15 1e-20
14404.5 9.97854e-16 1e-20
14406.0 1.04894e-15 1e-20
14407.5 1.04334e-15 1e-20
14409.0 1.10489e-15 1e-20
14410.5 1.03374e-15 1e-20
14412.0 1.04931e-15 1e-20
14413.5 1.05107e-15 1e-20
14415.0 1.02485e-15 1e-20
14416.5 1.04584e-15 1e-20
14418.0 1.06103e-15 1e-20
14419.5 1.05101e-15 1e-20
14421.0 1.05467e-15 1e-20
14422.5 9.97412e-16 1e-20
14424.0 1.04674e-15 1e-20
14425.5 1.06958e-15 1e-20
14427.0 1.05473e-15 1e-20
14428.5 9.63721e-16 1e-20
14430.0 1.029e-15 1e-20
14431.5 1.03691e-15 1e-20
14433.0 1.04368e-15 1e-20
14434.5 1.04969e-15 1e-20
14436.0 1.04179e-15 1e-20
14437.5 1.04394e-15 1e-20
14439.0 1.01679e-15 1e-20
14440.5 1.02305e-15 1e-20
14442.0 1.04722e-15 1e-20
14443.5 1.02184e-15 1e-20
14445.0 1.01217e-15 1e-20
14446.5 1.05224e-15 1e-20
14448.0 1.04347e-15 1e-20
14449.5 1.04229e-15 1e-20
14451.0 1.0168e-15 1e-20
14452.5 9.99122e-16 1e-20
14454.0 1.0426e-15 1e-20
14455.5 1.04568e-15 1e-20
14457.0 1.24601e-15 1e-20
14458.5 1.12836e-15 1e-20
14460.0 1.04055e-15 1e-20
14461.5 9.93561e-16 1e-20
14463.0 1.03425e-15 1e-20
14464.5 1.0458e-15 1e-20
14466.0 1.0326e-15 1e-20
14467.5 9.91179e-16 1e-20
14469.0 1.02059e-15 1e-20
14470.5 9.79086e-16 1e-20
14472.0 1.01266e-15 1e-20
14473.5 1.03623e-15 1e-20
14475.0 1.04241e-15 1e-20
14476.5 1.05753e-15 1e-20
14478.0 1.02595e-15 1e-20
14479.5 1.02405e-15 1e-20
14481.0 1.0184e-15 1e-20
14482.5 9.8828e-16 1e-20
14484.0 1.02957e-15 1e-20
14485.5 1.01549e-15 1e-20
14487.0 1.04409e-15 1e-20
14488.5 1.04328e-15 1e-20
14490.0 1.0396e-15 1e-20
14491.5 1.01485e-15 1e-20
14493.0 1.0217e-15 1e-20
14494.5 1.05098e-15 1e-20
14496.0 1.01706e-15 1e-20
14497.5 9.83222e-16 1e-20
14499.0 1.00122e-15 1e-20
14500.5 1.03356e-15 1e-20
14502.0 1.03316e-15 1e-20
14503.5 9.82551e-16 1e-20
14505.0 1.06978e-15 1e-20
14506.5 8.13872e-16 1e-20
14508.0 1.02996e-15 1e-20
14509.5 1.00963e-15 1e-20
14511.0 8.49704e-16 1e-20
14512.5 1.01297e-15 1e-20
14514.0 1.03401e-15 1e-20
14515.5 1.05152e-15 1e-20
14517.0 8.67035e-16 1e-20
14518.5 7.9132e-16 1e-20
14520.0 1.00424e-15 1e-20
14521.5 1.05847e-15 1e-20
14523.0 9.94805e-16 1e-20
14524.5 9.9306e-16 1e-20
14526.0 1.01836e-15 1e-20
14527.5 1.02425e-15 1e-20
14529.0 9.91041e-16 1e-20
14530.5 9.92124e-16 1e-20
14532.0 1.01389e-15 1e-20
14533.5 1.01493e-15 1e-20
14535.0 1.01827e-15 1e-20
14536.5 1.03189e-15 1e-20
14538.0 1.03306e-15 1e-20
14539.5 1.02095e-15 1e-20
14541.0 1.02642e-15 1e-20
14542.5 1.00976e-15 1e-20
14544.0 9.94839e-16 1e-20
14545.5 1.00856e-15 1e-20
14547.0 1.026e-15 1e-20
14548.5 1.01925e-15 1e-20
14550.0 1.03975e-15 1e-20
14551.5 1.03051e-15 1e-20
14553.0 9.74221e-16 1e-20
14554.5 1.01341e-15 1e-20
14556.0 1.00359e-15 1e-20
14557.5 1.02846e-15 1e-20
14559.0 1.01587e-15 1e-20
14560.5 1.00116e-15 1e-20
14562.0 1.03008e-15 1e-20
14563.5 9.36985e-16 1e-20
14565.0 1.00282e-15 1e-20
14566.5 9.9174e-16 1e-20
14568.0 9.97282e-16 1e-20
14569.5 1.01205e-15 1e-20
14571.0 1.02045e-15 1e-20
14572.5 9.87414e-16 1e-20
14574.0 1.01444e-15 1e-20
14575.5 1.06616e-15 1e-20
14577.0 9.69341e-16 1e-20
14578.5 9.85691e-16 1e-20
14580.0 1.02269e-15 1e-20
14581.5 1.01008e-15 1e-20
14583.0 1.00813e-15 1e-20
14584.5 1.01595e-15 1e-20
14586.0 1.03147e-15 1e-20
14587.5 1.0049e-15 1e-20
14589.0 1.0028e-15 1e-20
14590.5 9.93386e-16 1e-20
14592.0 1.00117e-15 1e-20
14593.5 9.99477e-16 1e-20
14595.0 1.02249e-15 1e-20
14596.5 9.51576e-16 1e-20
14598.0 9.85608e-16 1e-20
14599.5 1.00465e-15 1e-20
14601.0 1.01232e-15 1e-20
14602.5 1.06582e-15 1e-20
14604.0 9.71045e-16 1e-20
14605.5 9.90656e-16 1e-20
14607.0 9.73507e-16 1e-20
14608.5 1.00646e-15 1e-20
14610.0 1.01776e-15 1e-20
14611.5 9.90814e-16 1e-20
14613.0 9.95854e-16 1e-20
14614.5 9.98238e-16 1e-20
14616.0 1.0138e-15 1e-20
14617.5 1.00205e-15 1e-20
14619.0 9.95929e-16 1e-20
14620.5 9.5266e-16 1e-20
14622.0 9.93985e-16 1e-20
14623.5 1.01421e-15 1e-20
14625.0 9.75033e-16 1e-20
14626.5 1.01136e-15 1e-20
14628.0 1.02111e-15 1e-20
14629.5 9.98763e-16 1e-20
14631.0 9.90404e-16 1e-20
14632.5 9.37535e-16 1e-20
14634.0 9.62711e-16 1e-20
14635.5 9.68863e-16 1e-20
14637.0 9.91157e-16 1e-20
14638.5 9.98757e-16 1e-20
14640.0 9.98301e-16 1e-20
14641.5 1.01503e-15 1e-20
14643.0 1.0055e-15 1e-20
14644.5 9.84285e-16 1e-20
14646.0 9.81774e-16 1e-20
14647.5 9.9622e-16 1e-20
14649.0 9.92208e-16 1e-20
14650.5 1.00315e-15 1e-20
14652.0 9.06257e-16 1e-20
14653.5 9.50922e-16 1e-20
14655.0 1.0098e-15 1e-20
14656.5 1.009e-15 1e-20
14658.0 1.0028e-15 1e-20
14659.5 9.43775e-16 1e-20
14661.0 9.74824e-16 1e-20
14662.5 9.87187e-16 1e-20
14664.0 9.21403e-16 1e-20
14665.5 9.51795e-16 1e-20
14667.0 1.00333e-15 1e-20
14668.5 1.00323e-15 1e-20
14670.0 9.46372e-16 1e-20
14671.5 9.59836e-16 1e-20
14673.0 9.90242e-16 1e-20
14674.5 1.00045e-15 1e-20
14676.0 9.89802e-16 1e-20
14677.5 9.63321e-16 1e-20
14679.0 9.58087e-16 1e-20
14680.5 9.8938e-16 1e-20
14682.0 9.94872e-16 1e-20
14683.5 9.73631e-16 1e-20
14685.0 1.00386e-15 1e-20
14686.5 9.90085e-16 1e-20
14688.0 9.79958e-16 1e-20
14689.5 1.01129e-15 1e-20
14691.0 1.01313e-15 1e-20
14692.5 9.75283e-16 1e-20
14694.0 9.84894e-16 1e-20
14695.5 1.02644e-15 1e-20
14697.0 8.279e-16 1e-20
14698.5 8.26329e-16 1e-20
14700.0 9.55494e-16 1e-20
14701.5 9.69275e-16 1e-20
14703.0 9.84964e-16 1e-20
14704.5 9.86431e-16 1e-20
14706.0 1.04582e-15 1e-20
14707.5 9.09615e-16 1e-20
14709.0 9.62702e-16 1e-20
14710.5 9.89083e-16 1e-20
14712.0 9.66213e-16 1e-20
14713.5 9.97339e-16 1e-20
14715.0 9.78306e-16 1e-20
14716.5 9.73208e-16 1e-20
14718.0 9.67765e-16 1e-20
14719.5 9.76344e-16 1e-20
14721.0 9.48348e-16 1e-20
14722.5 9.37669e-16 1e-20
14724.0 9.05465e-16 1e-20
14725.5 9.38433e-16 1e-20
14727.0 9.25222e-16 1e-20
14728.5 9.58211e-16 1e-20
14730.0 9.65293e-16 1e-20
14731.5 9.42967e-16 1e-20
14733.0 1.01065e-15 1e-20
14734.5 9.71168e-16 1e-20
14736.0 9.5476e-16 1e-20
14737.5 9.57698e-16 1e-20
14739.0 9.54293e-16 1e-20
14740.5 9.66913e-16 1e-20
14742.0 9.9097e-16 1e-20
14743.5 9.68314e-16 1e-20
14745.0 9.76727e-16 1e-20
14746.5 9.6116e-16 1e-20
14748.0 9.70762e-16 1e-20
14749.5 9.05581e-16 1e-20
14751.0 9.53997e-16 1e-20
14752.5 9.65357e-16 1e-20
14754.0 9.5942e-16 1e-20
14755.5 9.47775e-16 1e-20
14757.0 9.666e-16 1e-20
14758.5 9.09636e-16 1e-20
14760.0 9.3482e-16 1e-20
14761.5 9.45562e-16 1e-20
14763.0 9.60645e-16 1e-20
14764.5 9.70388e-16 1e-20
14766.0 9.58551e-16 1e-20
14767.5 9.40032e-16 1e-20
14769.0 9.70899e-16 1e-20
14770.5 9.40262e-16 1e-20
14772.0 9.39107e-16 1e-20
14773.5 9.71826e-16 1e-20
14775.0 9.50895e-16 1e-20
14776.5 9.2963e-16 1e-20
14778.0 9.79812e-16 1e-20
14779.5 9.1629e-16 1e-20
14781.0 9.53791e-16 1e-20
14782.5 9.56468e-16 1e-20
14784.0 9.74585e-16 1e-20
14785.5 9.27121e-16 1e-20
14787.0 9.35912e-16 1e-20
14788.5 9.36158e-16 1e-20
14790.0 9.35957e-16 1e-20
14791.5 9.66734e-16 1e-20
14793.0 9.51532e-16 1e-20
14794.5 9.20555e-16 1e-20
14796.0 9.20232e-16 1e-20
14797.5 9.64818e-16 1e-20
14799.0 9.73684e-16 1e-20
14800.5 9.52783e-16 1e-20
14802.0 9.08487e-16 1e-20
14803.5 9.12615e-16 1e-20
14805.0 9.60184e-16 1e-20
14806.5 9.21759e-16 1e-20
14808.0 9.4564e-16 1e-20
14809.5 9.45911e-16 1e-20
14811.0 9.43808e-16 1e-20
14812.5 9.36574e-16 1e-20
14814.0 9.43528e-16 1e-20
14815.5 9.34406e-16 1e-20
14817.0 9.19691e-16 1e-20
14818.5 8.68809e-16 1e-20
14820.0 9.28495e-16 1e-20
14821.5 8.9443e-16 1e-20
14823.0 9.3132e-16 1e-20
14824.5 9.44279e-16 1e-20
14826.0 9.33945e-16 1e-20
14827.5 9.24099e-16 1e-20
14829.0 9.11569e-16 1e-20
14830.5 9.31317e-16 1e-20
14832.0 9.34924e-16 1e-20
14833.5 9.74269e-16 1e-20
14835.0 9.14888e-16 1e-20
14836.5 9.20372e-16 1e-20
14838.0 9.23709e-16 1e-20
14839.5 9.24219e-16 1e-20
14841.0 9.19464e-16 1e-20
14842.5 9.21375e-16 1e-20
14844.0 9.02644e-16 1e-20
14845.5 9.30188e-16 1e-20
14847.0 9.35872e-16 1e-20
14848.5 9.33141e-16 1e-20
14850.0 9.23877e-16 1e-20
14851.5 9.05691e-16 1e-20
14853.0 9.1602e-16 1e-20
14854.5 9.05561e-16 1e-20
14856.0 9.02652e-16 1e-20
14857.5 8.92232e-16 1e-20
14859.0 9.11026e-16 1e-20
14860.5 9.09527e-16 1e-20
14862.0 9.30072e-16 1e-20
14863.5 9.26253e-16 1e-20
14865.0 9.04161e-16 1e-20
14866.5 8.9045e-16 1e-20
14868.0 9.0096e-16 1e-20
14869.5 9.16772e-16 1e-20
14871.0 8.94107e-16 1e-20
14872.5 8.93586e-16 1e-20
14874.0 8.96159e-16 1e-20
14875.5 9.19253e-16 1e-20
14877.0 9.16304e-16 1e-20
14878.5 8.65179e-16 1e-20
14880.0 8.94752e-16 1e-20
14881.5 9.13112e-16 1e-20
14883.0 8.99741e-16 1e-20
14884.5 9.17603e-16 1e-20
14886.0 8.98466e-16 1e-20
14887.5 9.98813e-16 1e-20
14889.0 8.96877e-16 1e-20
14890.5 8.70828e-16 1e-20
14892.0 8.92645e-16 1e-20
14893.5 8.78984e-16 1e-20
14895.0 8.80522e-16 1e-20
14896.5 8.81895e-16 1e-20
14898.0 9.03565e-16 1e-20
14899.5 8.92779e-16 1e-20
14901.0 8.8662e-16 1e-20
14902.5 8.96277e-16 1e-20
14904.0 8.82203e-16 1e-20
14905.5 8.78691e-16 1e-20
14907.0 8.78721e-16 1e-20
14908.5 8.92779e-16 1e-20
14910.0 9.16068e-16 1e-20
14911.5 8.49929e-16 1e-20
14913.0 8.69011e-16 1e-20
14914.5 8.63973e-16 1e-20
14916.0 8.60798e-16 1e-20
14917.5 8.77145e-16 1e-20
14919.0 8.73731e-16 1e-20
14920.5 8.74268e-16 1e-20
14922.0 8.81428e-16 1e-20
14923.5 8.87825e-16 1e-20
14925.0 8.80308e-16 1e-20
14926.5 8.69728e-16 1e-20
14928.0 8.78966e-16 1e-20
14929.5 8.62846e-16 1e-20
14931.0 9.13644e-16 1e-20
14932.5 8.99541e-16 1e-20
14934.0 8.68053e-16 1e-20
14935.5 8.78757e-16 1e-20
14937.0 8.53833e-16 1e-20
14938.5 8.70657e-16 1e-20
14940.0 8.67128e-16 1e-20
14941.5 8.7184e-16 1e-20
14943.0 8.74552e-16 1e-20
14944.5 8.81603e-16 1e-20
14946.0 8.66832e-16 1e-20
14947.5 8.66016e-16 1e-20
14949.0 8.58631e-16 1e-20
14950.5 8.71817e-16 1e-20
14952.0 8.53614e-16 1e-20
14953.5 8.91928e-16 1e-20
14955.0 8.66564e-16 1e-20
14956.5 8.54965e-16 1e-20
14958.0 8.62403e-16 1e-20
14959.5 8.7189e-16 1e-20
14961.0 8.69796e-16 1e-20
14962.5 8.60402e-16 1e-20
14964.0 8.43088e-16 1e-20
14965.5 8.65181e-16 1e-20
14967.0 8.53076e-16 1e-20
14968.5 8.56447e-16 1e-20
14970.0 8.68936e-16 1e-20
14971.5 8.53416e-16 1e-20
14973.0 8.582e-16 1e-20
14974.5 8.45912e-16 1e-20
14976.0 8.45492e-16 1e-20
14977.5 8.55667e-16 1e-20
14979.0 8.49453e-16 1e-20
14980.5 8.51067e-16 1e-20
14982.0 8.72141e-16 1e-20
14983.5 8.66059e-16 1e-20
14985.0 8.47289e-16 1e-20
14986.5 8.56308e-16 1e-20
14988.0 8.66108e-16 1e-20
14989.5 8.53174e-16 1e-20
14991.0 8.30423e-16 1e-20
14992.5 8.48725e-16 1e-20
14994.0 8.41361e-16 1e-20
14995.5 8.43989e-16 1e-20
14997.0 8.34396e-16 1e-20
14998.5 8.41868e-16 1e-20
15000.0 8.44468e-16 1e-20
15001.5 8.39387e-16 1e-20
15003.0 8.44682e-16 1e-20
15004.5 8.30709e-16 1e-20
15006.0 8.31174e-16 1e-20
15007.5 8.40783e-16 1e-20
15009.0 8.43642e-16 1e-20
15010.5 8.37309e-16 1e-20
15012.0 8.40036e-16 1e-20
15013.5 8.34442e-16 1e-20
15015.0 8.23084e-16 1e-20
15016.5 8.37276e-16 1e-20
15018.0 8.20346e-16 1e-20
15019.5 8.61196e-16 1e-20
15021.0 8.48207e-16 1e-20
15022.5 8.31323e-16 1e-20
15024.0 8.3505e-16 1e-20
15025.5 8.22568e-16 1e-20
15027.0 8.06682e-16 1e-20
15028.5 8.42782e-16 1e-20
15030.0 8.43408e-16 1e-20
15031.5 8.31897e-16 1e-20
15033.0 8.29882e-16 1e-20
15034.5 8.29172e-16 1e-20
15036.0 8.22017e-16 1e-20
15037.5 8.04104e-16 1e-20
15039.0 8.03672e-16 1e-20
15040.5 8.49925e-16 1e-20
15042.0 8.31732e-16 1e-20
15043.5 8.12918e-16 1e-20
15045.0 8.24882e-16 1e-20
15046.5 7.88204e-16 1e-20
15048.0 8.42676e-16 1e-20
15049.5 8.19976e-16 1e-20
15051.0 8.09259e-16 1e-20
15052.5 8.44479e-16 1e-20
15054.0 7.85574e-16 1e-20
15055.5 8.1731e-16 1e-20
15057.0 8.88518e-16 1e-20
15058.5 7.59699e-16 1e-20
15060.0 8.18573e-16 1e-20
15061.5 8.23565e-16 1e-20
15063.0 8.09154e-16 1e-20
15064.5 8.09936e-16 1e-20
15066.0 8.00287e-16 1e-20
15067.5 7.99474e-16 1e-20
15069.0 8.62941e-16 1e-20
15070.5 8.01236e-16 1e-20
15072.0 7.6224e-16 1e-20
15073.5 8.18343e-16 1e-20
15075.0 8.08381e-16 1e-20
15076.5 8.0595e-16 1e-20
15078.0 8.1332e-16 1e-20
15079.5 8.25289e-16 1e-20
15081.0 7.98959e-16 1e-20
15082.5 7.94723e-16 1e-20
15084.0 8.07353e-16 1e-20
15085.5 8.09302e-16 1e-20
15087.0 8.05244e-16 1e-20
15088.5 7.99386e-16 1e-20
15090.0 8.04627e-16 1e-20
15091.5 7.9401e-16 1e-20
15093.0 8.09344e-16 1e-20
15094.5 7.92881e-16 1e-20
15096.0 7.92405e-16 1e-20
15097.5 7.98179e-16 1e-20
15099.0 7.77496e-16 1e-20
15100.5 7.81976e-16 1e-20
15102.0 8.05156e-16 1e-20
15103.5 7.93078e-16 1e-20
15105.0 8.17281e-16 1e-20
15106.5 8.02146e-16 1e-20
15108.0 7.83111e-16 1e-20
15109.5 8.02652e-16 1e-20
15111.0 7.93758e-16 1e-20
15112.5 8.0235e-16 1e-20
15114.0 8.17576e-16 1e-20
15115.5 7.93538e-16 1e-20
15117.0 8.1674e-16 1e-20
15118.5 7.94177e-16 1e-20
15120.0 7.89701e-16 1e-20
15121.5 7.81575e-16 1e-20
15123.0 7.88641e-16 1e-20
15124.5 8.08915e-16 1e-20
15126.0 8.10429e-16 1e-20
15127.5 7.62882e-16 1e-20
15129.0 8.28381e-16 1e-20
15130.5 8.05863e-16 1e-20
15132.0 7.96799e-16 1e-20
15133.5 7.9494e-16 1e-20
15135.0 7.83643e-16 1e-20
15136.5 7.79754e-16 1e-20
15138.0 8.01705e-16 1e-20
15139.5 7.85027e-16 1e-20
15141.0 7.68974e-16 1e-20
15142.5 8.07205e-16 1e-20
15144.0 7.87904e-16 1e-20
15145.5 8.01824e-16 1e-20
15147.0 7.98081e-16 1e-20
15148.5 7.88875e-16 1e-20
15150.0 7.88553e-16 1e-20
15151.5 8.10105e-16 1e-20
15153.0 7.84606e-16 1e-20
15154.5 8.03736e-16 1e-20
15156.0 7.8797e-16 1e-20
15157.5 7.93821e-16 1e-20
15159.0 7.88937e-16 1e-20
15160.5 7.92606e-16 1e-20
15162.0 7.64059e-16 1e-20
15163.5 7.99974e-16 1e-20
15165.0 8.02097e-16 1e-20
15166.5 7.83247e-16 1e-20
15168.0 7.99958e-16 1e-20
15169.5 7.97241e-16 1e-20
15171.0 7.79143e-16 1e-20
15172.5 7.99795e-16 1e-20
15174.0 7.82179e-16 1e-20
15175.5 7.80073e-16 1e-20
15177.0 8.15088e-16 1e-20
15178.5 8.11373e-16 1e-20
15180.0 7.89804e-16 1e-20
15181.5 7.8531e-16 1e-20
15183.0 7.90175e-16 1e-20
15184.5 7.97016e-16 1e-20
15186.0 7.54743e-16 1e-20
15187.5 8.14731e-16 1e-20
15189.0 7.92541e-16 1e-20
15190.5 7.95588e-16 1e-20
15192.0 8.01749e-16 1e-20
15193.5 7.91362e-16 1e-20
15195.0 7.94757e-16 1e-20
15196.5 8.05278e-16 1e-20
15198.0 7.85863e-16 1e-20
15199.5 7.82055e-16 1e-20
15201.0 8.09866e-16 1e-20
15202.5 7.71114e-16 1e-20
15204.0 7.87074e-16 1e-20
15205.5 7.64875e-16 1e-20
15207.0 7.89276e-16 1e-20
15208.5 7.91284e-16 1e-20
15210.0 7.85076e-16 1e-20
15211.5 7.9507e-16 1e-20
15213.0 7.97753e-16 1e-20
15214.5 7.78629e-16 1e-20
15216.0 7.96372e-16 1e-20
15217.5 7.81048e-16 1e-20
15219.0 7.8525e-16 1e-20
15220.5 7.82981e-16 1e-20
15222.0 7.83558e-16 1e-20
15223.5 7.81167e-16 1e-20
15225.0 7.96184e-16 1e-20
15226.5 7.96229e-16 1e-20
15228.0 7.85087e-16 1e-20
15229.5 7.72087e-16 1e-20
15231.0 7.80099e-16 1e-20
15232.5 7.65998e-16 1e-20
15234.0 7.78298e-16 1e-20
15235.5 7.93601e-16 1e-20
15237.0 7.78979e-16 1e-20
15238.5 7.69214e-16 1e-20
15240.0 7.75749e-16 1e-20
15241.5 6.91797e-16 1e-20
15243.0 8.32254e-16 1e-20
15244.5 7.43344e-16 1e-20
15246.0 7.83638e-16 1e-20
15247.5 7.84971e-16 1e-20
15249.0 7.7023e-16 1e-20
15250.5 7.87618e-16 1e-20
15252.0 7.78162e-16 1e-20
15253.5 7.54787e-16 1e-20
15255.0 7.75012e-16 1e-20
15256.5 7.6755e-16 1e-20
15258.0 7.53936e-16 1e-20
15259.5 7.76724e-16 1e-20
15261.0 7.73318e-16 1e-20
15262.5 7.74703e-16 1e-20
15264.0 7.49129e-16 1e-20
15265.5 7.71359e-16 1e-20
15267.0 7.69024e-16 1e-20
15268.5 7.76497e-16 1e-20
15270.0 7.60738e-16 1e-20
15271.5 7.59254e-16 1e-20
15273.0 7.69046e-16 1e-20
15274.5 7.60951e-16 1e-20
15276.0 7.57737e-16 1e-20
15277.5 7.70672e-16 1e-20
15279.0 7.70446e-16 1e-20
15280.5 7.63356e-16 1e-20
15282.0 7.54882e-16 1e-20
15283.5 7.67094e-16 1e-20
15285.0 7.87979e-16 1e-20
15286.5 7.68226e-16 1e-20
15288.0 7.13321e-16 1e-20
15289.5 7.42546e-16 1e-20
15291.0 7.4137e-16 1e-20
15292.5 7.53261e-16 1e-20
15294.0 7.4309e-16 1e-20
15295.5 7.63951e-16 1e-20
15297.0 7.67063e-16 1e-20
15298.5 7.62062e-16 1e-20
15300.0 7.61615e-16 1e-20
15301.5 7.62636e-16 1e-20
15303.0 7.71429e-16 1e-20
15304.5 7.52757e-16 1e-20
15306.0 7.4924e-16 1e-20
15307.5 7.4925e-16 1e-20
15309.0 7.73821e-16 1e-20
15310.5 7.48731e-16 1e-20
15312.0 7.5339e-16 1e-20
15313.5 7.55937e-16 1e-20
15315.0 7.68508e-16 1e-20
15316.5 7.3416e-16 1e-20
15318.0 7.37663e-16 1e-20
15319.5 7.52585e-16 1e-20
15321.0 7.58973e-16 1e-20
15322.5 7.54887e-16 1e-20
15324.0 7.36078e-16 1e-20
15325.5 7.43854e-16 1e-20
15327.0 7.47812e-16 1e-20
15328.5 7.62368e-16 1e-20
15330.0 6.76442e-16 1e-20
15331.5 5.71346e-16 1e-20
15333.0 7.74804e-16 1e-20
15334.5 7.75629e-16 1e-20
15336.0 7.17062e-16 1e-20
15337.5 7.21406e-16 1e-20
15339.0 7.45985e-16 1e-20
15340.5 7.5075e-16 1e-20
15342.0 7.54725e-16 1e-20
15343.5 7.40138e-16 1e-20
15345.0 7.38152e-16 1e-20
15346.5 7.375e-16 1e-20
15348.0 7.57397e-16 1e-20
15349.5 7.473e-16 1e-20
15351.0 7.3312e-16 1e-20
15352.5 7.44575e-16 1e-20
15354.0 7.42409e-16 1e-20
15355.5 7.50037e-16 1e-20
15357.0 7.24105e-16 1e-20
15358.5 7.45046e-16 1e-20
15360.0 7.16621e-16 1e-20
15361.5 7.38708e-16 1e-20
15363.0 7.45825e-16 1e-20
15364.5 7.36991e-16 1e-20
15366.0 6.53708e-16 1e-20
15367.5 7.2898e-16 1e-20
15369.0 7.29017e-16 1e-20
15370.5 7.43854e-16 1e-20
15372.0 7.35561e-16 1e-20
15373.5 7.20039e-16 1e-20
15375.0 7.17463e-16 1e-20
15376.5 7.26068e-16 1e-20
15378.0 6.47342e-16 1e-20
15379.5 7.23939e-16 1e-20
15381.0 7.20213e-16 1e-20
15382.5 7.12329e-16 1e-20
15384.0 7.33558e-16 1e-20
15385.5 7.34576e-16 1e-20
15387.0 7.24197e-16 1e-20
15388.5 7.25875e-16 1e-20
15390.0 7.17479e-16 1e-20
15391.5 7.27256e-16 1e-20
15393.0 7.43504e-16 1e-20
15394.5 7.1379e-16 1e-20
15396.0 7.32448e-16 1e-20
15397.5 6.82165e-16 1e-20
15399.0 7.10966e-16 1e-20
15400.5 7.2148e-16 1e-20
15402.0 7.29848e-16 1e-20
15403.5 7.17383e-16 1e-20
15405.0 7.28945e-16 1e-20
15406.5 7.30432e-16 1e-20
15408.0 7.23075e-16 1e-20
15409.5 7.39537e-16 1e-20
15411.0 7.36303e-16 1e-20
15412.5 7.21109e-16 1e-20
15414.0 6.58022e-16 1e-20
15415.5 7.08459e-16 1e-20
15417.0 7.20787e-16 1e-20
15418.5 6.99352e-16 1e-20
15420.0 7.06935e-16 1e-20
15421.5 7.05148e-16 1e-20
15423.0 7.03847e-16 1e-20
15424.5 6.94309e-16 1e-20
15426.0 7.15122e-16 1e-20
15427.5 7.19534e-16 1e-20
15429.0 7.20708e-16 1e-20
15430.5 6.88761e-16 1e-20
15432.0 7.9232e-16 1e-20
15433.5 7.03828e-16 1e-20
15435.0 5.91173e-16 1e-20
15436.5 7.06767e-16 1e-20
15438.0 7.11384e-16 1e-20
15439.5 6.94519e-16 1e-20
15441.0 6.98777e-16 1e-20
15442.5 6.97571e-16 1e-20
15444.0 6.9951e-16 1e-20
15445.5 7.05218e-16 1e-20
15447.0 7.04653e-16 1e-20
15448.5 7.14635e-16 1e-20
15450.0 7.07513e-16 1e-20
15451.5 6.87936e-16 1e-20
15453.0 6.89771e-16 1e-20
15454.5 6.97491e-16 1e-20
15456.0 7.02165e-16 1e-20
15457.5 7.0523e-16 1e-20
15459.0 6.95884e-16 1e-20
15460.5 6.99788e-16 1e-20
15462.0 6.93796e-16 1e-20
15463.5 6.86307e-16 1e-20
15465.0 6.49298e-16 1e-20
15466.5 6.79864e-16 1e-20
15468.0 6.90203e-16 1e-20
15469.5 6.97531e-16 1e-20
15471.0 6.85785e-16 1e-20
15472.5 6.9864e-16 1e-20
15474.0 6.88068e-16 1e-20
15475.5 6.92713e-16 1e-20
15477.0 6.92749e-16 1e-20
15478.5 6.88384e-16 1e-20
15480.0 6.93189e-16 1e-20
15481.5 6.98752e-16 1e-20
15483.0 6.94704e-16 1e-20
15484.5 6.88807e-16 1e-20
15486.0 6.84504e-16 1e-20
15487.5 6.81372e-16 1e-20
15489.0 6.84921e-16 1e-20
15490.5 6.84798e-16 1e-20
15492.0 6.92314e-16 1e-20
15493.5 6.97072e-16 1e-20
15495.0 6.91409e-16 1e-20
15496.5 6.72547e-16 1e-20
15498.0 6.75818e-16 1e-20
15499.5 6.78862e-16 1e-20
15501.0 6.71203e-16 1e-20
15502.5 6.78945e-16 1e-20
15504.0 6.76094e-16 1e-20
15505.5 6.76966e-16 1e-20
15507.0 6.92384e-16 1e-20
15508.5 7.08674e-16 1e-20
15510.0 7.12129e-16 1e-20
15511.5 6.31757e-16 1e-20
15513.0 6.73092e-16 1e-20
15514.5 6.64847e-16 1e-20
15516.0 6.79435e-16 1e-20
15517.5 6.68049e-16 1e-20
15519.0 6.85201e-16 1e-20
15520.5 7.04884e-16 1e-20
15522.0 6.80186e-16 1e-20
15523.5 6.71923e-16 1e-20
15525.0 6.75848e-16 1e-20
15526.5 6.66271e-16 1e-20
15528.0 6.75938e-16 1e-20
15529.5 6.66863e-16 1e-20
15531.0 6.72479e-16 1e-20
15532.5 6.60618e-16 1e-20
15534.0 6.56524e-16 1e-20
15535.5 6.82709e-16 1e-20
15537.0 6.76133e-16 1e-20
15538.5 6.94432e-16 1e-20
15540.0 6.25272e-16 1e-20
15541.5 6.52041e-16 1e-20
15543.0 6.4646e-16 1e-20
15544.5 6.28524e-16 1e-20
15546.0 6.29191e-16 1e-20
15547.5 6.68495e-16 1e-20
15549.0 6.09951e-16 1e-20
15550.5 6.50323e-16 1e-20
15552.0 6.60442e-16 1e-20
15553.5 6.58723e-16 1e-20
15555.0 6.55604e-16 1e-20
15556.5 6.59314e-16 1e-20
15558.0 6.72415e-16 1e-20
15559.5 6.703e-16 1e-20
15561.0 6.62601e-16 1e-20
15562.5 6.67e-16 1e-20
15564.0 6.62387e-16 1e-20
15565.5 6.53456e-16 1e-20
15567.0 6.59043e-16 1e-20
15568.5 6.49828e-16 1e-20
15570.0 6.65084e-16 1e-20
15571.5 6.4547e-16 1e-20
15573.0 6.47438e-16 1e-20
15574.5 6.47553e-16 1e-20
15576.0 6.92773e-16 1e-20
15577.5 6.49412e-16 1e-20
15579.0 6.51553e-16 1e-20
15580.5 6.51883e-16 1e-20
15582.0 6.59078e-16 1e-20
15583.5 6.51221e-16 1e-20
15585.0 6.59193e-16 1e-20
15586.5 6.61792e-16 1e-20
15588.0 6.62997e-16 1e-20
15589.5 6.64825e-16 1e-20
15591.0 6.57086e-16 1e-20
15592.5 6.51338e-16 1e-20
15594.0 6.47537e-16 1e-20
15595.5 5.80324e-16 1e-20
15597.0 5.63542e-16 1e-20
15598.5 7.03076e-16 1e-20
15600.0 6.25802e-16 1e-20
15601.5 6.36586e-16 1e-20
15603.0 6.38433e-16 1e-20
15604.5 6.454e-16 1e-20
15606.0 6.27952e-16 1e-20
15607.5 6.45315e-16 1e-20
15609.0 6.39745e-16 1e-20
15610.5 6.3175e-16 1e-20
15612.0 6.37326e-16 1e-20
15613.5 6.45538e-16 1e-20
15615.0 6.23414e-16 1e-20
15616.5 6.37864e-16 1e-20
15618.0 6.40152e-16 1e-20
15619.5 6.2847e-16 1e-20
15621.0 6.28099e-16 1e-20
15622.5 6.43607e-16 1e-20
15624.0 6.33377e-16 1e-20
15625.5 6.44218e-16 1e-20
15627.0 6.2736e-16 1e-20
15628.5 6.34577e-16 1e-20
15630.0 5.93755e-16 1e-20
15631.5 6.36747e-16 1e-20
15633.0 6.14701e-16 1e-20
15634.5 6.15424e-16 1e-20
15636.0 6.2101e-16 1e-20
15637.5 6.43035e-16 1e-20
15639.0 6.22032e-16 1e-20
15640.5 6.26095e-16 1e-20
15642.0 6.2999e-16 1e-20
15643.5 6.32831e-16 1e-20
15645.0 6.22331e-16 1e-20
15646.5 6.3169e-16 1e-20
15648.0 6.26533e-16 1e-20
15649.5 6.29596e-16 1e-20
15651.0 6.34261e-16 1e-20
15652.5 6.34361e-16 1e-20
15654.0 5.93672e-16 1e-20
15655.5 6.90035e-16 1e-20
15657.0 6.08408e-16 1e-20
15658.5 6.09378e-16 1e-20
15660.0 6.18852e-16 1e-20
15661.5 6.23364e-16 1e-20
15663.0 6.19096e-16 1e-20
15664.5 6.28037e-16 1e-20
15666.0 6.25356e-16 1e-20
15667.5 6.14662e-16 1e-20
15669.0 6.14052e-16 1e-20
15670.5 6.02628e-16 1e-20
15672.0 6.18346e-16 1e-20
15673.5 6.08947e-16 1e-20
15675.0 6.00402e-16 1e-20
15676.5 6.17572e-16 1e-20
15678.0 6.05787e-16 1e-20
15679.5 6.05948e-16 1e-20
15681.0 6.12119e-16 1e-20
15682.5 6.06545e-16 1e-20
15684.0 5.9474e-16 1e-20
15685.5 6.04452e-16 1e-20
15687.0 6.13272e-16 1e-20
15688.5 6.07541e-16 1e-20
15690.0 6.0178e-16 1e-20
15691.5 5.95122e-16 1e-20
15693.0 6.00965e-16 1e-20
15694.5 6.04073e-16 1e-20
15696.0 6.01243e-16 1e-20
15697.5 5.94206e-16 1e-20
15699.0 5.87219e-16 1e-20
15700.5 6.0889e-16 1e-20
15702.0 6.13374e-16 1e-20
15703.5 5.79967e-16 1e-20
15705.0 5.76138e-16 1e-20
15706.5 5.88057e-16 1e-20
15708.0 5.94209e-16 1e-20
15709.5 5.90608e-16 1e-20
15711.0 5.94856e-16 1e-20
15712.5 5.89135e-16 1e-20
15714.0 5.95088e-16 1e-20
15715.5 5.9662e-16 1e-20
15717.0 5.91066e-16 1e-20
15718.5 5.8167e-16 1e-20
15720.0 5.8227e-16 1e-20
15721.5 5.90008e-16 1e-20
15723.0 5.88494e-16 1e-20
15724.5 6.00547e-16 1e-20
15726.0 5.8101e-16 1e-20
15727.5 5.81591e-16 1e-20
15729.0 5.82167e-16 1e-20
15730.5 5.86463e-16 1e-20
15732.0 5.87156e-16 1e-20
15733.5 5.92752e-16 1e-20
15735.0 5.94473e-16 1e-20
15736.5 5.86038e-16 1e-20
15738.0 5.93905e-16 1e-20
15739.5 5.83288e-16 1e-20
15741.0 5.91291e-16 1e-20
15742.5 5.78166e-16 1e-20
15744.0 5.90414e-16 1e-20
15745.5 5.7808e-16 1e-20
15747.0 5.89419e-16 1e-20
15748.5 5.86708e-16 1e-20
15750.0 5.79942e-16 1e-20
15751.5 5.87614e-16 1e-20
15753.0 5.83914e-16 1e-20
15754.5 5.89777e-16 1e-20
15756.0 5.96973e-16 1e-20
15757.5 5.9263e-16 1e-20
15759.0 5.80518e-16 1e-20
15760.5 5.79021e-16 1e-20
15762.0 5.85246e-16 1e-20
15763.5 5.72222e-16 1e-20
15765.0 5.78058e-16 1e-20
15766.5 5.73132e-16 1e-20
15768.0 5.82236e-16 1e-20
15769.5 5.77639e-16 1e-20
15771.0 5.83335e-16 1e-20
15772.5 5.83102e-16 1e-20
15774.0 5.95366e-16 1e-20
15775.5 5.80955e-16 1e-20
15777.0 5.70868e-16 1e-20
15778.5 5.7124e-16 1e-20
15780.0 5.62292e-16 1e-20
15781.5 5.75339e-16 1e-20
15783.0 5.82621e-16 1e-20
15784.5 5.71264e-16 1e-20
15786.0 5.62857e-16 1e-20
15787.5 5.71496e-16 1e-20
15789.0 5.66315e-16 1e-20
15790.5 5.70228e-16 1e-20
15792.0 5.67946e-16 1e-20
15793.5 5.87907e-16 1e-20
15795.0 5.71772e-16 1e-20
15796.5 5.69073e-16 1e-20
15798.0 5.68343e-16 1e-20
15799.5 5.73142e-16 1e-20
15801.0 5.76532e-16 1e-20
15802.5 5.75748e-16 1e-20
15804.0 5.72117e-16 1e-20
15805.5 5.63279e-16 1e-20
15807.0 5.681e-16 1e-20
15808.5 5.64024e-16 1e-20
15810.0 5.65714e-16 1e-20
15811.5 5.53887e-16 1e-20
15813.0 5.45396e-16 1e-20
15814.5 5.40087e-16 1e-20
15816.0 5.52464e-16 1e-20
15817.5 5.61668e-16 1e-20
15819.0 5.40071e-16 1e-20
15820.5 5.51753e-16 1e-20
15822.0 5.60729e-16 1e-20
15823.5 5.55116e-16 1e-20
15825.0 5.54241e-16 1e-20
15826.5 5.50065e-16 1e-20
15828.0 5.57667e-16 1e-20
15829.5 5.56813e-16 1e-20
15831.0 5.01586e-16 1e-20
15832.5 5.55859e-16 1e-20
15834.0 4.1718e-16 1e-20
15835.5 5.25709e-16 1e-20
15837.0 5.58353e-16 1e-20
15838.5 5.47523e-16 1e-20
15840.0 5.54021e-16 1e-20
15841.5 5.50132e-16 1e-20
15843.0 5.66967e-16 1e-20
15844.5 5.62881e-16 1e-20
15846.0 5.68217e-16 1e-20
15847.5 6.58753e-16 1e-20
15849.0 5.71173e-16 1e-20
15850.5 5.40665e-16 1e-20
15852.0 5.48035e-16 1e-20
15853.5 5.46342e-16 1e-20
15855.0 5.45321e-16 1e-20
15856.5 5.46709e-16 1e-20
15858.0 5.40641e-16 1e-20
15859.5 5.517e-16 1e-20
15861.0 5.38789e-16 1e-20
15862.5 5.44483e-16 1e-20
15864.0 5.34577e-16 1e-20
15865.5 5.43152e-16 1e-20
15867.0 5.3447e-16 1e-20
15868.5 5.55159e-16 1e-20
15870.0 5.31599e-16 1e-20
15871.5 5.28601e-16 1e-20
15873.0 5.30171e-16 1e-20
15874.5 5.30602e-16 1e-20
15876.0 5.36437e-16 1e-20
15877.5 5.30832e-16 1e-20
15879.0 5.19601e-16 1e-20
15880.5 5.14392e-16 1e-20
15882.0 5.22776e-16 1e-20
15883.5 5.10813e-16 1e-20
15885.0 5.03439e-16 1e-20
15886.5 5.20695e-16 1e-20
15888.0 5.30482e-16 1e-20
15889.5 5.09867e-16 1e-20
15891.0 5.18985e-16 1e-20
15892.5 5.13715e-16 1e-20
15894.0 5.16042e-16 1e-20
15895.5 5.25409e-16 1e-20
15897.0 5.3159e-16 1e-20
15898.5 5.18918e-16 1e-20
15900.0 5.25082e-16 1e-20
15901.5 5.16228e-16 1e-20
15903.0 5.28721e-16 1e-20
15904.5 5.16097e-16 1e-20
15906.0 5.24451e-16 1e-20
15907.5 5.26322e-16 1e-20
15909.0 5.2253e-16 1e-20
15910.5 5.34163e-16 1e-20
15912.0 5.10841e-16 1e-20
15913.5 5.30153e-16 1e-20
15915.0 5.30593e-16 1e-20
15916.5 5.20207e-16 1e-20
15918.0 5.15664e-16 1e-20
15919.5 5.2062e-16 1e-20
15921.0 5.30138e-16 1e-20
15922.5 5.18052e-16 1e-20
15924.0 5.21812e-16 1e-20
15925.5 5.18196e-16 1e-20
15927.0 5.21563e-16 1e-20
15928.5 5.20887e-16 1e-20
15930.0 5.12125e-16 1e-20
15931.5 5.21448e-16 1e-20
15933.0 5.14817e-16 1e-20
15934.5 5.23726e-16 1e-20
15936.0 5.1743e-16 1e-20
15937.5 5.16343e-16 1e-20
15939.0 5.07687e-16 1e-20
15940.5 5.19364e-16 1e-20
15942.0 5.20147e-16 1e-20
15943.5 5.14234e-16 1e-20
15945.0 5.09402e-16 1e-20
15946.5 5.06317e-16 1e-20
15948.0 5.10095e-16 1e-20
15949.5 5.19908e-16 1e-20
15951.0 5.13532e-16 1e-20
15952.5 5.1902e-16 1e-20
15954.0 5.12995e-16 1e-20
15955.5 5.13985e-16 1e-20
15957.0 5.14366e-16 1e-20
15958.5 5.20373e-16 1e-20
15960.0 5.14755e-16 1e-20
15961.5 5.06162e-16 1e-20
15963.0 5.09164e-16 1e-20
15964.5 5.16208e-16 1e-20
15966.0 5.17094e-16 1e-20
15967.5 5.16377e-16 1e-20
15969.0 5.17283e-16 1e-20
15970.5 5.20249e-16 1e-20
15972.0 4.77109e-16 1e-20
15973.5 4.80777e-16 1e-20
15975.0 4.97578e-16 1e-20
15976.5 5.05746e-16 1e-20
15978.0 5.05997e-16 1e-20
15979.5 5.11405e-16 1e-20
15981.0 5.04063e-16 1e-20
15982.5 5.13848e-16 1e-20
15984.0 5.06226e-16 1e-20
15985.5 5.04698e-16 1e-20
15987.0 5.14691e-16 1e-20
15988.5 5.08094e-16 1e-20
15990.0 5.15194e-16 1e-20
15991.5 5.19045e-16 1e-20
15993.0 5.04863e-16 1e-20
15994.5 5.04472e-16 1e-20
15996.0 4.9735e-16 1e-20
15997.5 5.05881e-16 1e-20
15999.0 5.15907e-16 1e-20
16000.5 5.0451e-16 1e-20
16002.0 5.00102e-16 1e-20
16003.5 5.0853e-16 1e-20
16005.0 4.99725e-16 1e-20
16006.5 5.13405e-16 1e-20
16008.0 5.14614e-16 1e-20
16009.5 5.13405e-16 1e-20
16011.0 5.09137e-16 1e-20
16012.5 4.97935e-16 1e-20
16014.0 5.12628e-16 1e-20
16015.5 5.1952e-16 1e-20
16017.0 4.97538e-16 1e-20
16018.5 5.08288e-16 1e-20
16020.0 5.07023e-16 1e-20
16021.5 5.06726e-16 1e-20
16023.0 5.03625e-16 1e-20
16024.5 4.96079e-16 1e-20
16026.0 5.15782e-16 1e-20
16027.5 5.06644e-16 1e-20
16029.0 6.25259e-16 1e-20
16030.5 4.9468e-16 1e-20
16032.0 5.36843e-16 1e-20
16033.5 5.79132e-16 1e-20
16035.0 4.86131e-16 1e-20
16036.5 5.02392e-16 1e-20
16038.0 4.99452e-16 1e-20
16039.5 5.0054e-16 1e-20
16041.0 4.86731e-16 1e-20
16042.5 5.01941e-16 1e-20
16044.0 4.98681e-16 1e-20
16045.5 4.95348e-16 1e-20
16047.0 4.99893e-16 1e-20
16048.5 5.14894e-16 1e-20
16050.0 4.98027e-16 1e-20
16051.5 4.81126e-16 1e-20
16053.0 5.02219e-16 1e-20
16054.5 4.99594e-16 1e-20
16056.0 5.00783e-16 1e-20
16057.5 4.87583e-16 1e-20
16059.0 4.81888e-16 1e-20
16060.5 4.87004e-16 1e-20
16062.0 4.91146e-16 1e-20
16063.5 4.94179e-16 1e-20
16065.0 4.87811e-16 1e-20
16066.5 4.84446e-16 1e-20
16068.0 4.84782e-16 1e-20
16069.5 4.98589e-16 1e-20
16071.0 4.78972e-16 1e-20
16072.5 4.88247e-16 1e-20
16074.0 5.03104e-16 1e-20
16075.5 4.87064e-16 1e-20
16077.0 4.83234e-16 1e-20
16078.5 4.29984e-16 1e-20
16080.0 3.89758e-16 1e-20
16081.5 4.88539e-16 1e-20
16083.0 4.84729e-16 1e-20
16084.5 4.98144e-16 1e-20
16086.0 4.84021e-16 1e-20
16087.5 4.92909e-16 1e-20
16089.0 4.87347e-16 1e-20
16090.5 4.87286e-16 1e-20
16092.0 4.99189e-16 1e-20
16093.5 4.7686e-16 1e-20
16095.0 4.8041e-16 1e-20
16096.5 4.9096e-16 1e-20
16098.0 4.74938e-16 1e-20
16099.5 4.71471e-16 1e-20
16101.0 4.80328e-16 1e-20
16102.5 4.8283e-16 1e-20
16104.0 4.76559e-16 1e-20
16105.5 4.82215e-16 1e-20
16107.0 4.71375e-16 1e-20
16108.5 4.58275e-16 1e-20
16110.0 4.64731e-16 1e-20
16111.5 4.68863e-16 1e-20
16113.0 4.51443e-16 1e-20
16114.5 4.61816e-16 1e-20
16116.0 4.746e-16 1e-20
16117.5 4.6058e-16 1e-20
16119.0 4.62934e-16 1e-20
16120.5 4.78743e-16 1e-20
16122.0 4.63513e-16 1e-20
16123.5 4.47731e-16 1e-20
16125.0 4.83419e-16 1e-20
16126.5 4.52813e-16 1e-20
16128.0 4.58869e-16 1e-20
16129.5 4.83184e-16 1e-20
16131.0 4.93401e-16 1e-20
16132.5 3.63073e-16 1e-20
16134.0 4.75132e-16 1e-20
16135.5 4.76453e-16 1e-20
16137.0 4.72831e-16 1e-20
16138.5 4.67276e-16 1e-20
16140.0 4.7278e-16 1e-20
16141.5 4.71942e-16 1e-20
16143.0 4.76604e-16 1e-20
16144.5 4.71839e-16 1e-20
16146.0 4.69483e-16 1e-20
16147.5 4.54594e-16 1e-20
16149.0 4.81079e-16 1e-20
16150.5 4.77895e-16 1e-20
16152.0 4.62499e-16 1e-20
16153.5 4.71073e-16 1e-20
16155.0 4.82489e-16 1e-20
16156.5 4.76358e-16 1e-20
16158.0 4.7891e-16 1e-20
16159.5 4.8576e-16 1e-20
16161.0 4.81053e-16 1e-20
16162.5 4.74846e-16 1e-20
16164.0 4.75137e-16 1e-20
16165.5 4.69669e-16 1e-20
16167.0 4.83137e-16 1e-20
16168.5 4.67532e-16 1e-20
16170.0 4.78544e-16 1e-20
16171.5 4.79974e-16 1e-20
16173.0 4.64841e-16 1e-20
16174.5 4.63004e-16 1e-20
16176.0 4.78543e-16 1e-20
16177.5 4.66039e-16 1e-20
16179.0 4.69229e-16 1e-20
16180.5 4.74789e-16 1e-20
16182.0 4.6782e-16 1e-20
16183.5 4.77444e-16 1e-20
16185.0 4.66579e-16 1e-20
16186.5 4.58282e-16 1e-20
16188.0 4.67034e-16 1e-20
16189.5 4.62379e-16 1e-20
16191.0 4.66497e-16 1e-20
16192.5 4.50071e-16 1e-20
16194.0 4.58287e-16 1e-20
16195.5 4.74448e-16 1e-20
16197.0 4.37414e-16 1e-20
16198.5 4.646e-16 1e-20
16200.0 4.67206e-16 1e-20
16201.5 4.69256e-16 1e-20
16203.0 4.70385e-16 1e-20
16204.5 4.78628e-16 1e-20
16206.0 4.62188e-16 1e-20
16207.5 4.69846e-16 1e-20
16209.0 4.76662e-16 1e-20
16210.5 4.57392e-16 1e-20
16212.0 4.72416e-16 1e-20
16213.5 4.62524e-16 1e-20
16215.0 4.68969e-16 1e-20
16216.5 4.69816e-16 1e-20
16218.0 4.60285e-16 1e-20
16219.5 4.67819e-16 1e-20
16221.0 4.91422e-16 1e-20
16222.5 4.75509e-16 1e-20
16224.0 4.54921e-16 1e-20
16225.5 4.66977e-16 1e-20
16227.0 4.60807e-16 1e-20
16228.5 4.71243e-16 1e-20
16230.0 4.63956e-16 1e-20
16231.5 4.70627e-16 1e-20
16233.0 3.73245e-16 1e-20
16234.5 3.9281e-16 1e-20
16236.0 4.60624e-16 1e-20
16237.5 5.34921e-16 1e-20
16239.0 4.66659e-16 1e-20
16240.5 4.72004e-16 1e-20
16242.0 4.64057e-16 1e-20
16243.5 4.64689e-16 1e-20
16245.0 4.66043e-16 1e-20
16246.5 4.7096e-16 1e-20
16248.0 4.59837e-16 1e-20
16249.5 4.61519e-16 1e-20
16251.0 4.54671e-16 1e-20
16252.5 4.69799e-16 1e-20
16254.0 4.59929e-16 1e-20
16255.5 4.5313e-16 1e-20
16257.0 4.54617e-16 1e-20
16258.5 4.58454e-16 1e-20
16260.0 4.62306e-16 1e-20
16261.5 4.48693e-16 1e-20
16263.0 4.55094e-16 1e-20
16264.5 4.57871e-16 1e-20
16266.0 4.51928e-16 1e-20
16267.5 4.58079e-16 1e-20
16269.0 4.55691e-16 1e-20
16270.5 4.5561e-16 1e-20
16272.0 4.60704e-16 1e-20
16273.5 4.6505e-16 1e-20
16275.0 4.61775e-16 1e-20
16276.5 4.55128e-16 1e-20
16278.0 4.51721e-16 1e-20
16279.5 4.6962e-16 1e-20
16281.0 4.53351e-16 1e-20
16282.5 4.5686e-16 1e-20
16284.0 4.57108e-16 1e-20
16285.5 4.62395e-16 1e-20
16287.0 4.627e-16 1e-20
16288.5 4.59682e-16 1e-20
16290.0 4.53804e-16 1e-20
16291.5 4.63118e-16 1e-20
16293.0 4.62714e-16 1e-20
16294.5 4.55568e-16 1e-20
16296.0 4.56997e-16 1e-20
16297.5 4.51228e-16 1e-20
16299.0 4.51174e-16 1e-20
16300.5 4.58112e-16 1e-20
16302.0 4.7407e-16 1e-20
16303.5 4.61938e-16 1e-20
16305.0 4.62589e-16 1e-20
16306.5 4.56478e-16 1e-20
16308.0 4.63337e-16 1e-20
16309.5 4.61522e-16 1e-20
16311.0 4.5211e-16 1e-20
16312.5 4.64877e-16 1e-20
16314.0 4.74714e-16 1e-20
16315.5 4.86637e-16 1e-20
16317.0 4.47678e-16 1e-20
16318.5 4.47599e-16 1e-20
16320.0 4.4566e-16 1e-20
16321.5 4.69788e-16 1e-20
16323.0 4.71587e-16 1e-20
16324.5 4.6396e-16 1e-20
16326.0 4.63037e-16 1e-20
16327.5 4.67562e-16 1e-20
16329.0 4.60795e-16 1e-20
16330.5 4.74358e-16 1e-20
16332.0 4.66176e-16 1e-20
16333.5 4.77272e-16 1e-20
16335.0 4.53762e-16 1e-20
16336.5 4.81239e-16 1e-20
16338.0 4.68001e-16 1e-20
16339.5 3.59915e-16 1e-20
16341.0 4.76162e-16 1e-20
16342.5 4.57315e-16 1e-20
16344.0 4.58599e-16 1e-20
16345.5 4.68565e-16 1e-20
16347.0 4.68961e-16 1e-20
16348.5 4.79464e-16 1e-20
16350.0 4.59829e-16 1e-20
16351.5 4.62837e-16 1e-20
16353.0 4.23905e-16 1e-20
16354.5 4.76157e-16 1e-20
16356.0 4.78357e-16 1e-20
16357.5 4.8912e-16 1e-20
16359.0 4.83491e-16 1e-20
16360.5 4.78359e-16 1e-20
16362.0 4.77841e-16 1e-20
16363.5 4.83888e-16 1e-20
16365.0 4.88153e-16 1e-20
16366.5 4.80477e-16 1e-20
16368.0 4.83023e-16 1e-20
16369.5 4.82525e-16 1e-20
16371.0 4.76951e-16 1e-20
16372.5 4.8632e-16 1e-20
16374.0 4.9124e-16 1e-20
16375.5 4.81405e-16 1e-20
16377.0 4.81187e-16 1e-20
16378.5 4.86936e-16 1e-20
16380.0 4.95421e-16 1e-20
16381.5 5.00945e-16 1e-20
16383.0 4.99276e-16 1e-20
16384.5 4.93613e-16 1e-20
16386.0 4.97766e-16 1e-20
16387.5 4.28053e-16 1e-20
16389.0 4.83296e-16 1e-20
16390.5 4.6727e-16 1e-20
16392.0 5.00028e-16 1e-20
16393.5 4.96119e-16 1e-20
16395.0 5.06299e-16 1e-20
16396.5 5.08003e-16 1e-20
16398.0 5.0979e-16 1e-20
16399.5 4.94032e-16 1e-20
16401.0 5.00325e-16 1e-20
16402.5 5.17777e-16 1e-20
16404.0 5.12143e-16 1e-20
16405.5 5.03977e-16 1e-20
16407.0 5.15049e-16 1e-20
16408.5 5.05053e-16 1e-20
16410.0 4.99751e-16 1e-20
16411.5 5.09171e-16 1e-20
16413.0 5.25441e-16 1e-20
16414.5 5.3312e-16 1e-20
16416.0 5.08956e-16 1e-20
16417.5 5.04319e-16 1e-20
16419.0 5.13085e-16 1e-20
16420.5 5.25537e-16 1e-20
16422.0 5.1361e-16 1e-20
16423.5 5.24914e-16 1e-20
16425.0 5.40724e-16 1e-20
16426.5 5.27176e-16 1e-20
16428.0 5.33736e-16 1e-20
16429.5 5.34949e-16 1e-20
16431.0 5.41598e-16 1e-20
16432.5 5.3614e-16 1e-20
16434.0 5.44268e-16 1e-20
16435.5 5.46499e-16 1e-20
16437.0 5.53387e-16 1e-20
16438.5 5.42241e-16 1e-20
16440.0 5.33052e-16 1e-20
16441.5 5.2944e-16 1e-20
16443.0 5.27583e-16 1e-20
16444.5 5.30107e-16 1e-20
16446.0 5.57697e-16 1e-20
16447.5 5.7299e-16 1e-20
16449.0 5.63986e-16 1e-20
16450.5 5.52518e-16 1e-20
16452.0 5.57913e-16 1e-20
16453.5 5.6015e-16 1e-20
16455.0 5.62548e-16 1e-20
16456.5 5.75822e-16 1e-20
16458.0 5.83728e-16 1e-20
16459.5 5.78407e-16 1e-20
16461.0 5.76564e-16 1e-20
16462.5 5.74039e-16 1e-20
16464.0 5.77368e-16 1e-20
16465.5 5.79872e-16 1e-20
16467.0 5.76117e-16 1e-20
16468.5 5.78647e-16 1e-20
16470.0 5.89948e-16 1e-20
16471.5 5.8211e-16 1e-20
16473.0 5.84592e-16 1e-20
16474.5 6.08995e-16 1e-20
16476.0 6.02584e-16 1e-20
16477.5 5.5806e-16 1e-20
16479.0 6.10894e-16 1e-20
16480.5 5.62185e-16 1e-20
16482.0 5.82749e-16 1e-20
16483.5 6.14711e-16 1e-20
16485.0 6.13368e-16 1e-20
16486.5 6.05753e-16 1e-20
16488.0 6.01916e-16 1e-20
16489.5 6.03174e-16 1e-20
16491.0 6.18716e-16 1e-20
16492.5 6.43866e-16 1e-20
16494.0 5.99496e-16 1e-20
16495.5 6.05434e-16 1e-20
16497.0 6.0778e-16 1e-20
16498.5 6.20906e-16 1e-20
16500.0 6.78115e-16 1e-20
16501.5 6.167e-16 1e-20
16503.0 6.43949e-16 1e-20
16504.5 6.24968e-16 1e-20
16506.0 5.8836e-16 1e-20
16507.5 6.29757e-16 1e-20
16509.0 6.30908e-16 1e-20
16510.5 6.36579e-16 1e-20
16512.0 6.42282e-16 1e-20
16513.5 6.29058e-16 1e-20
16515.0 6.31931e-16 1e-20
16516.5 6.24147e-16 1e-20
16518.0 6.34968e-16 1e-20
16519.5 6.28269e-16 1e-20
16521.0 6.38939e-16 1e-20
16522.5 6.36901e-16 1e-20
16524.0 6.31776e-16 1e-20
16525.5 6.28047e-16 1e-20
16527.0 6.44783e-16 1e-20
16528.5 6.38779e-16 1e-20
16530.0 6.38198e-16 1e-20
16531.5 6.57743e-16 1e-20
16533.0 6.60962e-16 1e-20
16534.5 6.45849e-16 1e-20
16536.0 6.4421e-16 1e-20
16537.5 6.56832e-16 1e-20
16539.0 6.58166e-16 1e-20
16540.5 6.46689e-16 1e-20
16542.0 6.43103e-16 1e-20
16543.5 6.40691e-16 1e-20
16545.0 6.67558e-16 1e-20
16546.5 6.49279e-16 1e-20
16548.0 6.51685e-16 1e-20
16549.5 6.60713e-16 1e-20
16551.0 6.5266e-16 1e-20
16552.5 6.63961e-16 1e-20
16554.0 6.87089e-16 1e-20
16555.5 6.67238e-16 1e-20
16557.0 6.37755e-16 1e-20
16558.5 6.68687e-16 1e-20
16560.0 6.64925e-16 1e-20
16561.5 6.61395e-16 1e-20
16563.0 6.75268e-16 1e-20
16564.5 6.62294e-16 1e-20
16566.0 6.68887e-16 1e-20
16567.5 6.85239e-16 1e-20
16569.0 6.6598e-16 1e-20
16570.5 6.61713e-16 1e-20
16572.0 6.56809e-16 1e-20
16573.5 6.49846e-16 1e-20
16575.0 6.70803e-16 1e-20
16576.5 6.86459e-16 1e-20
16578.0 6.622e-16 1e-20
16579.5 6.80388e-16 1e-20
16581.0 6.80996e-16 1e-20
16582.5 6.77368e-16 1e-20
16584.0 6.67083e-16 1e-20
16585.5 6.66132e-16 1e-20
16587.0 6.78203e-16 1e-20
16588.5 6.56573e-16 1e-20
16590.0 6.60292e-16 1e-20
16591.5 6.66267e-16 1e-20
16593.0 6.72312e-16 1e-20
16594.5 6.696e-16 1e-20
16596.0 6.81251e-16 1e-20
16597.5 6.80332e-16 1e-20
16599.0 6.9384e-16 1e-20
16600.5 6.88151e-16 1e-20
16602.0 6.81041e-16 1e-20
16603.5 6.96141e-16 1e-20
16605.0 6.88701e-16 1e-20
16606.5 6.91597e-16 1e-20
16608.0 6.94509e-16 1e-20
16609.5 6.9587e-16 1e-20
16611.0 6.84616e-16 1e-20
16612.5 6.98719e-16 1e-20
16614.0 6.97519e-16 1e-20
16615.5 6.96165e-16 1e-20
16617.0 6.92275e-16 1e-20
16618.5 6.84527e-16 1e-20
16620.0 6.92591e-16 1e-20
16621.5 7.04296e-16 1e-20
16623.0 6.83341e-16 1e-20
16624.5 7.09216e-16 1e-20
16626.0 6.97776e-16 1e-20
16627.5 6.98327e-16 1e-20
16629.0 6.99637e-16 1e-20
16630.5 6.94058e-16 1e-20
16632.0 6.94312e-16 1e-20
16633.5 6.98849e-16 1e-20
16635.0 6.88459e-16 1e-20
16636.5 6.9749e-16 1e-20
16638.0 7.01406e-16 1e-20
16639.5 7.05023e-16 1e-20
16641.0 7.01194e-16 1e-20
16642.5 6.65456e-16 1e-20
16644.0 6.93309e-16 1e-20
16645.5 7.0202e-16 1e-20
16647.0 7.20583e-16 1e-20
16648.5 7.23196e-16 1e-20
16650.0 7.062e-16 1e-20
16651.5 6.97626e-16 1e-20
16653.0 6.9427e-16 1e-20
16654.5 6.88947e-16 1e-20
16656.0 7.02893e-16 1e-20
16657.5 7.03017e-16 1e-20
16659.0 7.14951e-16 1e-20
16660.5 7.00217e-16 1e-20
16662.0 7.00133e-16 1e-20
16663.5 6.96092e-16 1e-20
16665.0 7.06891e-16 1e-20
16666.5 7.03891e-16 1e-20
16668.0 6.91382e-16 1e-20
16669.5 6.8958e-16 1e-20
16671.0 7.03409e-16 1e-20
16672.5 6.4082e-16 1e-20
16674.0 6.46539e-16 1e-20
16675.5 7.09525e-16 1e-20
16677.0 7.05999e-16 1e-20
16678.5 6.98687e-16 1e-20
16680.0 6.89894e-16 1e-20
16681.5 7.06326e-16 1e-20
16683.0 7.09872e-16 1e-20
16684.5 7.01655e-16 1e-20
16686.0 7.05915e-16 1e-20
16687.5 7.09658e-16 1e-20
16689.0 7.0592e-16 1e-20
16690.5 6.69883e-16 1e-20
16692.0 6.83936e-16 1e-20
16693.5 7.05167e-16 1e-20
16695.0 6.94975e-16 1e-20
16696.5 6.77496e-16 1e-20
16698.0 7.14631e-16 1e-20
16699.5 7.05349e-16 1e-20
16701.0 7.18296e-16 1e-20
16702.5 6.98598e-16 1e-20
16704.0 7.11108e-16 1e-20
16705.5 7.1505e-16 1e-20
16707.0 6.4337e-16 1e-20
16708.5 6.48866e-16 1e-20
16710.0 7.13193e-16 1e-20
16711.5 6.86056e-16 1e-20
16713.0 6.94586e-16 1e-20
16714.5 7.0388e-16 1e-20
16716.0 7.00336e-16 1e-20
16717.5 7.05087e-16 1e-20
16719.0 6.93048e-16 1e-20
16720.5 6.97118e-16 1e-20
16722.0 7.1392e-16 1e-20
16723.5 7.10716e-16 1e-20
16725.0 7.08879e-16 1e-20
16726.5 7.1646e-16 1e-20
16728.0 6.95152e-16 1e-20
16729.5 7.1441e-16 1e-20
16731.0 7.09007e-16 1e-20
16732.5 7.22016e-16 1e-20
16734.0 7.05475e-16 1e-20
16735.5 6.92921e-16 1e-20
16737.0 7.04062e-16 1e-20
16738.5 7.0821e-16 1e-20
16740.0 7.09356e-16 1e-20
16741.5 7.06781e-16 1e-20
16743.0 7.08244e-16 1e-20
16744.5 7.19947e-16 1e-20
16746.0 7.21991e-16 1e-20
16747.5 7.25971e-16 1e-20
16749.0 7.01962e-16 1e-20
16750.5 7.10937e-16 1e-20
16752.0 7.10922e-16 1e-20
16753.5 7.09083e-16 1e-20
16755.0 7.04895e-16 1e-20
16756.5 7.13884e-16 1e-20
16758.0 7.12083e-16 1e-20
16759.5 7.14676e-16 1e-20
16761.0 7.14103e-16 1e-20
16762.5 7.20406e-16 1e-20
16764.0 7.21978e-16 1e-20
16765.5 7.21984e-16 1e-20
16767.0 7.14437e-16 1e-20
16768.5 7.16014e-16 1e-20
16770.0 7.13323e-16 1e-20
16771.5 7.12111e-16 1e-20
16773.0 7.16645e-16 1e-20
16774.5 7.10157e-16 1e-20
16776.0 7.1346e-16 1e-20
16777.5 7.1973e-16 1e-20
16779.0 7.16122e-16 1e-20
16780.5 7.17472e-16 1e-20
16782.0 7.14234e-16 1e-20
16783.5 7.00132e-16 1e-20
16785.0 7.13491e-16 1e-20
16786.5 6.99734e-16 1e-20
16788.0 6.94682e-16 1e-20
16789.5 7.09907e-16 1e-20
16791.0 7.07506e-16 1e-20
16792.5 7.11399e-16 1e-20
16794.0 7.3051e-16 1e-20
16795.5 7.16619e-16 1e-20
16797.0 7.09143e-16 1e-20
16798.5 7.14989e-16 1e-20
16800.0 7.23967e-16 1e-20
16801.5 7.03826e-16 1e-20
16803.0 7.02978e-16 1e-20
16804.5 7.12601e-16 1e-20
16806.0 7.09076e-16 1e-20
16807.5 7.03675e-16 1e-20
16809.0 7.03182e-16 1e-20
16810.5 7.07279e-16 1e-20
16812.0 7.00126e-16 1e-20
16813.5 7.04772e-16 1e-20
16815.0 7.10913e-16 1e-20
16816.5 7.07946e-16 1e-20
16818.0 7.17855e-16 1e-20
16819.5 7.19433e-16 1e-20
16821.0 7.18891e-16 1e-20
16822.5 7.19367e-16 1e-20
16824.0 7.13064e-16 1e-20
16825.5 7.09194e-16 1e-20
16827.0 7.19712e-16 1e-20
16828.5 7.32738e-16 1e-20
16830.0 7.26929e-16 1e-20
16831.5 7.21707e-16 1e-20
16833.0 7.14265e-16 1e-20
16834.5 7.12444e-16 1e-20
16836.0 7.21204e-16 1e-20
16837.5 7.05703e-16 1e-20
16839.0 7.40097e-16 1e-20
16840.5 7.1501e-16 1e-20
16842.0 7.25447e-16 1e-20
16843.5 7.04695e-16 1e-20
16845.0 6.98991e-16 1e-20
16846.5 7.22016e-16 1e-20
16848.0 7.14367e-16 1e-20
16849.5 7.26942e-16 1e-20
16851.0 7.13574e-16 1e-20
16852.5 7.31116e-16 1e-20
16854.0 7.30729e-16 1e-20
16855.5 7.24335e-16 1e-20
16857.0 7.17467e-16 1e-20
16858.5 7.24171e-16 1e-20
16860.0 6.69228e-16 1e-20
16861.5 7.29024e-16 1e-20
16863.0 7.18281e-16 1e-20
16864.5 7.14668e-16 1e-20
16866.0 7.27479e-16 1e-20
16867.5 7.32715e-16 1e-20
16869.0 7.37327e-16 1e-20
16870.5 7.1788e-16 1e-20
16872.0 7.21875e-16 1e-20
16873.5 7.23466e-16 1e-20
16875.0 7.27671e-16 1e-20
16876.5 7.22484e-16 1e-20
16878.0 7.28238e-16 1e-20
16879.5 7.15728e-16 1e-20
16881.0 7.27015e-16 1e-20
16882.5 7.22464e-16 1e-20
16884.0 7.14199e-16 1e-20
16885.5 7.25425e-16 1e-20
16887.0 7.29378e-16 1e-20
16888.5 7.23962e-16 1e-20
16890.0 7.19757e-16 1e-20
16891.5 7.19514e-16 1e-20
16893.0 7.05497e-16 1e-20
16894.5 7.22178e-16 1e-20
16896.0 7.25183e-16 1e-20
16897.5 7.21174e-16 1e-20
16899.0 7.14283e-16 1e-20
16900.5 7.20666e-16 1e-20
16902.0 6.65177e-16 1e-20
16903.5 5.9173e-16 1e-20
16905.0 5.44665e-16 1e-20
16906.5 7.23472e-16 1e-20
16908.0 7.0666e-16 1e-20
16909.5 7.14931e-16 1e-20
16911.0 7.28633e-16 1e-20
16912.5 7.23931e-16 1e-20
16914.0 7.21104e-16 1e-20
16915.5 7.14487e-16 1e-20
16917.0 7.16667e-16 1e-20
16918.5 7.17088e-16 1e-20
16920.0 7.31446e-16 1e-20
16921.5 7.21195e-16 1e-20
16923.0 7.20939e-16 1e-20
16924.5 7.15253e-16 1e-20
16926.0 7.21009e-16 1e-20
16927.5 7.2292e-16 1e-20
16929.0 7.12559e-16 1e-20
16930.5 7.14134e-16 1e-20
16932.0 7.1871e-16 1e-20
16933.5 7.25916e-16 1e-20
16935.0 7.18454e-16 1e-20
16936.5 7.17131e-16 1e-20
16938.0 7.15291e-16 1e-20
16939.5 7.20304e-16 1e-20
16941.0 7.18152e-16 1e-20
16942.5 7.25668e-16 1e-20
16944.0 7.11803e-16 1e-20
16945.5 7.30882e-16 1e-20
16947.0 7.21126e-16 1e-20
16948.5 7.0812e-16 1e-20
16950.0 7.30959e-16 1e-20
16951.5 7.14055e-16 1e-20
16953.0 7.22948e-16 1e-20
16954.5 7.23781e-16 1e-20
16956.0 6.21017e-16 1e-20
16957.5 6.9888e-16 1e-20
16959.0 7.04277e-16 1e-20
16960.5 6.9659e-16 1e-20
16962.0 7.16007e-16 1e-20
16963.5 7.06806e-16 1e-20
16965.0 7.19911e-16 1e-20
16966.5 7.13763e-16 1e-20
16968.0 7.13223e-16 1e-20
16969.5 7.09379e-16 1e-20
16971.0 7.16802e-16 1e-20
16972.5 7.13775e-16 1e-20
16974.0 7.08206e-16 1e-20
16975.5 7.02808e-16 1e-20
16977.0 7.053e-16 1e-20
16978.5 7.10987e-16 1e-20
16980.0 7.11757e-16 1e-20
16981.5 7.01551e-16 1e-20
16983.0 7.02901e-16 1e-20
16984.5 7.08952e-16 1e-20
16986.0 6.98233e-16 1e-20
16987.5 7.02554e-16 1e-20
16989.0 7.02215e-16 1e-20
16990.5 7.11132e-16 1e-20
16992.0 6.95653e-16 1e-20
16993.5 6.97726e-16 1e-20
16995.0 7.11374e-16 1e-20
16996.5 6.98798e-16 1e-20
16998.0 7.03158e-16 1e-20
16999.5 7.01968e-16 1e-20
17001.0 7.02453e-16 1e-20
17002.5 7.03537e-16 1e-20
17004.0 6.97728e-16 1e-20
17005.5 6.9633e-16 1e-20
17007.0 6.67873e-16 1e-20
17008.5 8.07768e-16 1e-20
17010.0 7.35034e-16 1e-20
17011.5 6.78479e-16 1e-20
17013.0 6.87225e-16 1e-20
17014.5 6.96303e-16 1e-20
17016.0 6.94414e-16 1e-20
17017.5 6.96195e-16 1e-20
17019.0 7.01117e-16 1e-20
17020.5 6.98207e-16 1e-20
17022.0 7.04011e-16 1e-20
17023.5 6.97839e-16 1e-20
17025.0 6.98026e-16 1e-20
17026.5 7.11306e-16 1e-20
17028.0 7.01555e-16 1e-20
17029.5 6.9563e-16 1e-20
17031.0 7.12021e-16 1e-20
17032.5 6.90182e-16 1e-20
17034.0 7.09779e-16 1e-20
17035.5 7.06536e-16 1e-20
17037.0 6.9977e-16 1e-20
17038.5 7.07282e-16 1e-20
17040.0 7.11578e-16 1e-20
17041.5 7.06928e-16 1e-20
17043.0 7.07317e-16 1e-20
17044.5 7.06151e-16 1e-20
17046.0 7.07758e-16 1e-20
17047.5 7.12398e-16 1e-20
17049.0 7.03272e-16 1e-20
17050.5 7.13117e-16 1e-20
17052.0 7.03689e-16 1e-20
17053.5 7.00979e-16 1e-20
17055.0 7.20356e-16 1e-20
17056.5 7.13341e-16 1e-20
17058.0 7.01477e-16 1e-20
17059.5 7.07261e-16 1e-20
17061.0 7.00362e-16 1e-20
17062.5 7.01667e-16 1e-20
17064.0 7.04913e-16 1e-20
17065.5 7.05601e-16 1e-20
17067.0 7.07468e-16 1e-20
17068.5 7.03928e-16 1e-20
17070.0 6.90481e-16 1e-20
17071.5 7.09917e-16 1e-20
17073.0 6.92679e-16 1e-20
17074.5 7.01393e-16 1e-20
17076.0 7.20773e-16 1e-20
17077.5 7.00589e-16 1e-20
17079.0 6.84426e-16 1e-20
17080.5 6.94686e-16 1e-20
17082.0 6.92145e-16 1e-20
17083.5 7.00257e-16 1e-20
17085.0 7.11403e-16 1e-20
17086.5 6.97206e-16 1e-20
17088.0 6.8621e-16 1e-20
17089.5 7.05769e-16 1e-20
17091.0 6.87678e-16 1e-20
17092.5 6.93473e-16 1e-20
17094.0 7.01067e-16 1e-20
17095.5 6.79951e-16 1e-20
17097.0 7.18272e-16 1e-20
17098.5 6.80579e-16 1e-20
17100.0 6.90176e-16 1e-20
17101.5 6.7181e-16 1e-20
17103.0 6.95044e-16 1e-20
17104.5 6.9073e-16 1e-20
17106.0 6.96193e-16 1e-20
17107.5 7.05018e-16 1e-20
17109.0 6.78554e-16 1e-20
17110.5 6.96073e-16 1e-20
17112.0 6.98179e-16 1e-20
17113.5 6.85931e-16 1e-20
17115.0 6.92215e-16 1e-20
17116.5 7.04024e-16 1e-20
17118.0 6.98844e-16 1e-20
17119.5 7.10365e-16 1e-20
17121.0 7.19033e-16 1e-20
17122.5 6.98386e-16 1e-20
17124.0 6.75344e-16 1e-20
17125.5 7.46393e-16 1e-20
17127.0 6.6658e-16 1e-20
17128.5 6.70741e-16 1e-20
17130.0 6.97566e-16 1e-20
17131.5 6.90174e-16 1e-20
17133.0 6.74091e-16 1e-20
17134.5 6.90355e-16 1e-20
17136.0 6.83654e-16 1e-20
17137.5 6.76022e-16 1e-20
17139.0 6.83519e-16 1e-20
17140.5 6.89767e-16 1e-20
17142.0 7.00516e-16 1e-20
17143.5 7.49148e-16 1e-20
17145.0 6.63764e-16 1e-20
17146.5 6.75251e-16 1e-20
17148.0 6.79976e-16 1e-20
17149.5 6.8576e-16 1e-20
17151.0 6.77641e-16 1e-20
17152.5 6.83355e-16 1e-20
17154.0 6.90894e-16 1e-20
17155.5 6.78419e-16 1e-20
17157.0 6.79609e-16 1e-20
17158.5 6.93235e-16 1e-20
17160.0 6.81305e-16 1e-20
17161.5 6.78359e-16 1e-20
17163.0 6.79435e-16 1e-20
17164.5 6.80105e-16 1e-20
17166.0 6.76319e-16 1e-20
17167.5 6.70962e-16 1e-20
17169.0 6.84593e-16 1e-20
17170.5 6.81769e-16 1e-20
17172.0 6.74678e-16 1e-20
17173.5 6.86026e-16 1e-20
17175.0 6.83207e-16 1e-20
17176.5 6.68998e-16 1e-20
17178.0 6.83855e-16 1e-20
17179.5 6.8348e-16 1e-20
17181.0 6.72041e-16 1e-20
17182.5 6.73053e-16 1e-20
17184.0 6.92044e-16 1e-20
17185.5 6.65896e-16 1e-20
17187.0 6.65737e-16 1e-20
17188.5 6.77818e-16 1e-20
17190.0 6.77892e-16 1e-20
17191.5 6.67297e-16 1e-20
17193.0 6.76803e-16 1e-20
17194.5 6.8053e-16 1e-20
17196.0 6.68646e-16 1e-20
17197.5 6.78169e-16 1e-20
17199.0 6.84135e-16 1e-20
17200.5 6.77276e-16 1e-20
17202.0 6.58916e-16 1e-20
17203.5 6.59462e-16 1e-20
17205.0 6.88984e-16 1e-20
17206.5 6.60045e-16 1e-20
17208.0 6.77496e-16 1e-20
17209.5 7.00615e-16 1e-20
17211.0 7.07563e-16 1e-20
17212.5 6.43561e-16 1e-20
17214.0 6.52782e-16 1e-20
17215.5 6.56991e-16 1e-20
17217.0 6.57489e-16 1e-20
17218.5 6.6509e-16 1e-20
17220.0 6.70383e-16 1e-20
17221.5 6.68438e-16 1e-20
17223.0 6.59849e-16 1e-20
17224.5 6.652e-16 1e-20
17226.0 6.71343e-16 1e-20
17227.5 6.60776e-16 1e-20
17229.0 6.53437e-16 1e-20
17230.5 6.74396e-16 1e-20
17232.0 6.74107e-16 1e-20
17233.5 6.58183e-16 1e-20
17235.0 6.66095e-16 1e-20
17236.5 6.59906e-16 1e-20
17238.0 6.61985e-16 1e-20
17239.5 6.68613e-16 1e-20
17241.0 6.70202e-16 1e-20
17242.5 6.84257e-16 1e-20
17244.0 6.69722e-16 1e-20
17245.5 6.61457e-16 1e-20
17247.0 6.95722e-16 1e-20
17248.5 5.59411e-16 1e-20
17250.0 6.83428e-16 1e-20
17251.5 6.51158e-16 1e-20
17253.0 6.67342e-16 1e-20
17254.5 6.72516e-16 1e-20
17256.0 6.63387e-16 1e-20
17257.5 6.61737e-16 1e-20
17259.0 6.64539e-16 1e-20
17260.5 6.6058e-16 1e-20
17262.0 6.61339e-16 1e-20
17263.5 6.62849e-16 1e-20
17265.0 6.73874e-16 1e-20
17266.5 6.57509e-16 1e-20
17268.0 6.52057e-16 1e-20
17269.5 6.60446e-16 1e-20
17271.0 6.7791e-16 1e-20
17272.5 6.60681e-16 1e-20
17274.0 6.67412e-16 1e-20
17275.5 6.59467e-16 1e-20
17277.0 6.65816e-16 1e-20
17278.5 6.6913e-16 1e-20
17280.0 6.56789e-16 1e-20
17281.5 6.6618e-16 1e-20
17283.0 6.88614e-16 1e-20
17284.5 6.67531e-16 1e-20
17286.0 6.53589e-16 1e-20
17287.5 6.61464e-16 1e-20
17289.0 6.73253e-16 1e-20
17290.5 6.66973e-16 1e-20
17292.0 6.62739e-16 1e-20
17293.5 6.50383e-16 1e-20
17295.0 6.7567e-16 1e-20
17296.5 6.60983e-16 1e-20
17298.0 6.67253e-16 1e-20
17299.5 6.64862e-16 1e-20
17301.0 6.68074e-16 1e-20
17302.5 6.77596e-16 1e-20
17304.0 6.71395e-16 1e-20
17305.5 6.64124e-16 1e-20
17307.0 6.56961e-16 1e-20
17308.5 6.74446e-16 1e-20
17310.0 6.73745e-16 1e-20
17311.5 6.61003e-16 1e-20
17313.0 6.61628e-16 1e-20
17314.5 6.80061e-16 1e-20
17316.0 6.73389e-16 1e-20
17317.5 6.71901e-16 1e-20
17319.0 6.62493e-16 1e-20
17320.5 6.48522e-16 1e-20
17322.0 6.70232e-16 1e-20
17323.5 6.50352e-16 1e-20
17325.0 6.39189e-16 1e-20
17326.5 6.64373e-16 1e-20
17328.0 6.62581e-16 1e-20
17329.5 6.77384e-16 1e-20
17331.0 6.13458e-16 1e-20
17332.5 6.43076e-16 1e-20
17334.0 6.3963e-16 1e-20
17335.5 6.65176e-16 1e-20
17337.0 6.3214e-16 1e-20
17338.5 6.30793e-16 1e-20
17340.0 6.48833e-16 1e-20
17341.5 6.72223e-16 1e-20
17343.0 6.5248e-16 1e-20
17344.5 6.46186e-16 1e-20
17346.0 6.49096e-16 1e-20
17347.5 6.56529e-16 1e-20
17349.0 6.59127e-16 1e-20
17350.5 6.67196e-16 1e-20
17352.0 6.5588e-16 1e-20
17353.5 6.47955e-16 1e-20
17355.0 6.64599e-16 1e-20
17356.5 6.53735e-16 1e-20
17358.0 6.65328e-16 1e-20
17359.5 6.6529e-16 1e-20
17361.0 6.3106e-16 1e-20
17362.5 6.27531e-16 1e-20
17364.0 6.32972e-16 1e-20
17365.5 6.37174e-16 1e-20
17367.0 6.46351e-16 1e-20
17368.5 6.35016e-16 1e-20
17370.0 6.44886e-16 1e-20
17371.5 6.481e-16 1e-20
17373.0 6.52402e-16 1e-20
17374.5 6.48027e-16 1e-20
17376.0 6.52564e-16 1e-20
17377.5 6.53991e-16 1e-20
17379.0 6.64738e-16 1e-20
17380.5 6.4935e-16 1e-20
17382.0 6.57367e-16 1e-20
17383.5 6.90041e-16 1e-20
17385.0 7.83188e-16 1e-20
17386.5 7.31323e-16 1e-20
17388.0 6.17483e-16 1e-20
17389.5 5.90912e-16 1e-20
17391.0 6.47827e-16 1e-20
17392.5 6.59944e-16 1e-20
17394.0 6.43155e-16 1e-20
17395.5 6.56564e-16 1e-20
17397.0 6.5561e-16 1e-20
17398.5 6.41337e-16 1e-20
17400.0 6.49656e-16 1e-20
17401.5 6.60855e-16 1e-20
17403.0 6.45032e-16 1e-20
17404.5 6.48161e-16 1e-20
17406.0 6.53733e-16 1e-20
17407.5 6.44974e-16 1e-20
17409.0 6.63682e-16 1e-20
17410.5 6.6929e-16 1e-20
17412.0 6.61947e-16 1e-20
17413.5 6.36954e-16 1e-20
17415.0 6.47326e-16 1e-20
17416.5 6.54191e-16 1e-20
17418.0 6.51619e-16 1e-20
17419.5 6.3983e-16 1e-20
17421.0 6.47884e-16 1e-20
17422.5 6.40753e-16 1e-20
17424.0 6.55485e-16 1e-20
17425.5 6.64115e-16 1e-20
17427.0 6.74567e-16 1e-20
17428.5 6.2761e-16 1e-20
17430.0 6.2866e-16 1e-20
17431.5 6.29091e-16 1e-20
17433.0 6.37849e-16 1e-20
17434.5 6.47307e-16 1e-20
17436.0 6.47034e-16 1e-20
17437.5 6.41126e-16 1e-20
17439.0 6.39479e-16 1e-20
17440.5 6.39995e-16 1e-20
17442.0 6.54274e-16 1e-20
17443.5 6.46865e-16 1e-20
17445.0 6.24073e-16 1e-20
17446.5 6.32631e-16 1e-20
17448.0 6.0923e-16 1e-20
17449.5 5.05777e-16 1e-20
17451.0 6.2427e-16 1e-20
17452.5 5.95701e-16 1e-20
17454.0 6.32858e-16 1e-20
17455.5 6.37906e-16 1e-20
17457.0 6.23276e-16 1e-20
17458.5 6.11871e-16 1e-20
17460.0 6.34277e-16 1e-20
17461.5 6.39828e-16 1e-20
17463.0 6.39289e-16 1e-20
17464.5 6.4305e-16 1e-20
17466.0 6.38738e-16 1e-20
17467.5 6.15641e-16 1e-20
17469.0 6.26402e-16 1e-20
17470.5 6.34223e-16 1e-20
17472.0 6.30687e-16 1e-20
17473.5 6.27634e-16 1e-20
17475.0 6.19149e-16 1e-20
17476.5 6.24951e-16 1e-20
17478.0 6.25257e-16 1e-20
17479.5 6.24576e-16 1e-20
17481.0 6.34231e-16 1e-20
17482.5 6.41888e-16 1e-20
17484.0 6.32899e-16 1e-20
17485.5 6.19364e-16 1e-20
17487.0 6.25928e-16 1e-20
17488.5 6.19051e-16 1e-20
17490.0 6.18309e-16 1e-20
17491.5 6.28366e-16 1e-20
17493.0 6.36918e-16 1e-20
17494.5 6.30135e-16 1e-20
17496.0 6.26552e-16 1e-20
17497.5 6.31216e-16 1e-20
17499.0 6.1608e-16 1e-20
17500.5 6.35141e-16 1e-20
17502.0 6.30973e-16 1e-20
17503.5 6.33668e-16 1e-20
17505.0 6.37973e-16 1e-20
17506.5 6.18356e-16 1e-20
17508.0 6.06328e-16 1e-20
17509.5 6.09989e-16 1e-20
17511.0 6.17628e-16 1e-20
17512.5 6.30207e-16 1e-20
17514.0 6.21512e-16 1e-20
17515.5 6.17619e-16 1e-20
17517.0 6.1884e-16 1e-20
17518.5 6.16429e-16 1e-20
17520.0 6.11448e-16 1e-20
17521.5 6.21453e-16 1e-20
17523.0 6.18125e-16 1e-20
17524.5 6.21732e-16 1e-20
17526.0 6.25566e-16 1e-20
17527.5 6.32671e-16 1e-20
17529.0 6.31968e-16 1e-20
17530.5 6.2902e-16 1e-20
17532.0 6.16305e-16 1e-20
17533.5 6.0263e-16 1e-20
17535.0 6.20284e-16 1e-20
17536.5 6.22421e-16 1e-20
17538.0 6.16674e-16 1e-20
17539.5 6.26945e-16 1e-20
17541.0 6.35699e-16 1e-20
17542.5 6.27332e-16 1e-20
17544.0 6.10251e-16 1e-20
17545.5 6.18848e-16 1e-20
17547.0 6.16241e-16 1e-20
17548.5 6.17447e-16 1e-20
17550.0 6.06427e-16 1e-20
17551.5 6.13921e-16 1e-20
17553.0 6.02716e-16 1e-20
17554.5 6.16788e-16 1e-20
17556.0 6.21852e-16 1e-20
17557.5 6.17332e-16 1e-20
17559.0 6.16042e-16 1e-20
17560.5 6.1332e-16 1e-20
17562.0 6.18748e-16 1e-20
17563.5 6.21372e-16 1e-20
17565.0 5.8428e-16 1e-20
17566.5 6.07374e-16 1e-20
17568.0 6.02914e-16 1e-20
17569.5 6.26204e-16 1e-20
17571.0 6.31221e-16 1e-20
17572.5 6.22742e-16 1e-20
17574.0 6.03957e-16 1e-20
17575.5 5.85495e-16 1e-20
17577.0 6.15827e-16 1e-20
17578.5 6.11862e-16 1e-20
17580.0 6.19695e-16 1e-20
17581.5 6.19262e-16 1e-20
17583.0 6.12301e-16 1e-20
17584.5 6.27474e-16 1e-20
17586.0 6.21916e-16 1e-20
17587.5 6.28223e-16 1e-20
17589.0 6.17799e-16 1e-20
17590.5 6.08827e-16 1e-20
17592.0 6.12479e-16 1e-20
17593.5 6.16766e-16 1e-20
17595.0 6.18944e-16 1e-20
17596.5 6.15122e-16 1e-20
17598.0 6.29093e-16 1e-20
17599.5 6.24275e-16 1e-20
17601.0 6.19428e-16 1e-20
17602.5 6.14683e-16 1e-20
17604.0 6.26473e-16 1e-20
17605.5 6.18389e-16 1e-20
17607.0 6.1969e-16 1e-20
17608.5 5.94819e-16 1e-20
17610.0 5.94628e-16 1e-20
17611.5 5.95533e-16 1e-20
17613.0 6.08957e-16 1e-20
17614.5 6.12361e-16 1e-20
17616.0 6.14615e-16 1e-20
17617.5 6.1929e-16 1e-20
17619.0 6.06751e-16 1e-20
17620.5 6.12313e-16 1e-20
17622.0 6.36426e-16 1e-20
17623.5 6.26527e-16 1e-20
17625.0 5.90539e-16 1e-20
17626.5 6.03069e-16 1e-20
17628.0 6.21129e-16 1e-20
17629.5 6.18447e-16 1e-20
17631.0 6.05508e-16 1e-20
17632.5 6.03928e-16 1e-20
17634.0 6.16275e-16 1e-20
17635.5 6.16711e-16 1e-20
17637.0 6.16669e-16 1e-20
17638.5 6.20136e-16 1e-20
17640.0 6.11692e-16 1e-20
17641.5 6.0703e-16 1e-20
17643.0 6.13345e-16 1e-20
17644.5 6.24238e-16 1e-20
17646.0 6.15632e-16 1e-20
17647.5 6.23531e-16 1e-20
17649.0 6.26282e-16 1e-20
17650.5 6.61043e-16 1e-20
17652.0 6.81712e-16 1e-20
17653.5 7.27998e-16 1e-20
17655.0 6.90117e-16 1e-20
17656.5 7.50521e-16 1e-20
17658.0 5.89401e-16 1e-20
17659.5 5.68641e-16 1e-20
17661.0 5.89321e-16 1e-20
17662.5 6.1264e-16 1e-20
17664.0 6.1046e-16 1e-20
17665.5 6.14801e-16 1e-20
17667.0 6.18954e-16 1e-20
17668.5 6.26986e-16 1e-20
17670.0 5.09487e-16 1e-20
17671.5 5.1338e-16 1e-20
17673.0 6.10548e-16 1e-20
17674.5 6.10052e-16 1e-20
17676.0 6.14949e-16 1e-20
17677.5 6.23836e-16 1e-20
17679.0 6.17506e-16 1e-20
17680.5 6.2231e-16 1e-20
17682.0 6.17968e-16 1e-20
17683.5 6.09464e-16 1e-20
17685.0 6.23636e-16 1e-20
17686.5 6.21567e-16 1e-20
17688.0 6.22684e-16 1e-20
17689.5 6.18567e-16 1e-20
17691.0 6.16056e-16 1e-20
17692.5 6.15496e-16 1e-20
17694.0 6.22606e-16 1e-20
17695.5 6.14206e-16 1e-20
17697.0 6.21808e-16 1e-20
17698.5 6.07642e-16 1e-20
17700.0 6.07794e-16 1e-20
17701.5 6.01013e-16 1e-20
17703.0 6.09022e-16 1e-20
17704.5 6.16568e-16 1e-20
17706.0 5.96598e-16 1e-20
17707.5 6.04136e-16 1e-20
17709.0 6.18649e-16 1e-20
17710.5 6.09985e-16 1e-20
17712.0 6.08495e-16 1e-20
17713.5 6.27967e-16 1e-20
17715.0 6.23555e-16 1e-20
17716.5 6.18609e-16 1e-20
17718.0 6.2325e-16 1e-20
17719.5 6.16532e-16 1e-20
17721.0 6.23256e-16 1e-20
17722.5 6.15647e-16 1e-20
17724.0 6.18252e-16 1e-20
17725.5 6.24646e-16 1e-20
17727.0 6.09097e-16 1e-20
17728.5 6.05688e-16 1e-20
17730.0 6.20702e-16 1e-20
17731.5 6.2074e-16 1e-20
17733.0 6.14486e-16 1e-20
17734.5 6.11277e-16 1e-20
17736.0 6.21639e-16 1e-20
17737.5 6.19831e-16 1e-20
17739.0 6.15618e-16 1e-20
17740.5 6.13141e-16 1e-20
17742.0 6.18072e-16 1e-20
17743.5 6.13053e-16 1e-20
17745.0 6.26815e-16 1e-20
17746.5 6.22784e-16 1e-20
17748.0 6.15053e-16 1e-20
17749.5 6.20945e-16 1e-20
17751.0 6.16732e-16 1e-20
17752.5 6.16832e-16 1e-20
17754.0 6.21003e-16 1e-20
17755.5 6.39481e-16 1e-20
17757.0 6.20897e-16 1e-20
17758.5 6.0544e-16 1e-20
17760.0 6.21835e-16 1e-20
17761.5 6.095e-16 1e-20
17763.0 6.10954e-16 1e-20
17764.5 6.12899e-16 1e-20
17766.0 6.24064e-16 1e-20
17767.5 6.14917e-16 1e-20
17769.0 6.20619e-16 1e-20
17770.5 6.0722e-16 1e-20
17772.0 5.5956e-16 1e-20
17773.5 6.19264e-16 1e-20
17775.0 6.14156e-16 1e-20
17776.5 6.25012e-16 1e-20
17778.0 6.22161e-16 1e-20
17779.5 6.16133e-16 1e-20
17781.0 6.22328e-16 1e-20
17782.5 6.05935e-16 1e-20
17784.0 6.07593e-16 1e-20
17785.5 6.18109e-16 1e-20
17787.0 6.03882e-16 1e-20
17788.5 6.08072e-16 1e-20
17790.0 6.07118e-16 1e-20
17791.5 6.17142e-16 1e-20
17793.0 6.10355e-16 1e-20
17794.5 6.1446e-16 1e-20
17796.0 6.09711e-16 1e-20
17797.5 6.06103e-16 1e-20
17799.0 6.10554e-16 1e-20
17800.5 6.21386e-16 1e-20
17802.0 6.14305e-16 1e-20
17803.5 6.23117e-16 1e-20
17805.0 6.05589e-16 1e-20
17806.5 6.16197e-16 1e-20
17808.0 6.12143e-16 1e-20
17809.5 6.07849e-16 1e-20
17811.0 6.12298e-16 1e-20
17812.5 5.73681e-16 1e-20
17814.0 6.14218e-16 1e-20
17815.5 5.87288e-16 1e-20
17817.0 6.11658e-16 1e-20
17818.5 6.25503e-16 1e-20
17820.0 6.19737e-16 1e-20
17821.5 6.20376e-16 1e-20
17823.0 6.21203e-16 1e-20
17824.5 6.28614e-16 1e-20
17826.0 6.14521e-16 1e-20
17827.5 6.10556e-16 1e-20
17829.0 6.04836e-16 1e-20
17830.5 6.26947e-16 1e-20
17832.0 6.18291e-16 1e-20
17833.5 6.11394e-16 1e-20
17835.0 6.07951e-16 1e-20
17836.5 6.22549e-16 1e-20
17838.0 6.23671e-16 1e-20
17839.5 6.06545e-16 1e-20
17841.0 6.01489e-16 1e-20
17842.5 6.0893e-16 1e-20
17844.0 6.05769e-16 1e-20
17845.5 6.2051e-16 1e-20
17847.0 6.17501e-16 1e-20
17848.5 5.79989e-16 1e-20
17850.0 6.06156e-16 1e-20
17851.5 6.18472e-16 1e-20
17853.0 6.26364e-16 1e-20
17854.5 6.03039e-16 1e-20
17856.0 5.84237e-16 1e-20
17857.5 6.15049e-16 1e-20
17859.0 5.98472e-16 1e-20
17860.5 5.91902e-16 1e-20
17862.0 6.12951e-16 1e-20
17863.5 6.12779e-16 1e-20
17865.0 6.0597e-16 1e-20
17866.5 6.26026e-16 1e-20
17868.0 6.15993e-16 1e-20
17869.5 6.10193e-16 1e-20
17871.0 6.11992e-16 1e-20
17872.5 6.03315e-16 1e-20
17874.0 6.19663e-16 1e-20
17875.5 5.99013e-16 1e-20
17877.0 5.93705e-16 1e-20
17878.5 5.06773e-16 1e-20
17880.0 5.71254e-16 1e-20
17881.5 5.97659e-16 1e-20
17883.0 6.13673e-16 1e-20
17884.5 6.29897e-16 1e-20
17886.0 6.04339e-16 1e-20
17887.5 6.08456e-16 1e-20
17889.0 6.21188e-16 1e-20
17890.5 6.26731e-16 1e-20
17892.0 6.14079e-16 1e-20
17893.5 6.21051e-16 1e-20
17895.0 6.23336e-16 1e-20
17896.5 6.20404e-16 1e-20
17898.0 6.05684e-16 1e-20
17899.5 6.1157e-16 1e-20
17901.0 6.18332e-16 1e-20
17902.5 6.13343e-16 1e-20
17904.0 6.2179e-16 1e-20
17905.5 6.24589e-16 1e-20
17907.0 6.24625e-16 1e-20
17908.5 6.12478e-16 1e-20
17910.0 6.31029e-16 1e-20
17911.5 6.14674e-16 1e-20
17913.0 6.17628e-16 1e-20
17914.5 6.13117e-16 1e-20
17916.0 6.22487e-16 1e-20
17917.5 6.0665e-16 1e-20
17919.0 6.11691e-16 1e-20
17920.5 6.25449e-16 1e-20
17922.0 6.18975e-16 1e-20
17923.5 6.32777e-16 1e-20
17925.0 6.20575e-16 1e-20
17926.5 6.04894e-16 1e-20
17928.0 6.14662e-16 1e-20
17929.5 6.28377e-16 1e-20
17931.0 6.27825e-16 1e-20
17932.5 6.09077e-16 1e-20
17934.0 6.11567e-16 1e-20
17935.5 6.34603e-16 1e-20
17937.0 6.21145e-16 1e-20
17938.5 6.19505e-16 1e-20
17940.0 5.92682e-16 1e-20
17941.5 6.40349e-16 1e-20
17943.0 6.26317e-16 1e-20
17944.5 6.11801e-16 1e-20
17946.0 6.30209e-16 1e-20
17947.5 6.2317e-16 1e-20
17949.0 6.31763e-16 1e-20
17950.5 6.25124e-16 1e-20
17952.0 6.08124e-16 1e-20
17953.5 6.14046e-16 1e-20
17955.0 6.31279e-16 1e-20
17956.5 6.33385e-16 1e-20
17958.0 6.27641e-16 1e-20
17959.5 6.12589e-16 1e-20
17961.0 6.13265e-16 1e-20
17962.5 6.1741e-16 1e-20
17964.0 6.23839e-16 1e-20
17965.5 6.34505e-16 1e-20
17967.0 6.11138e-16 1e-20
17968.5 6.03763e-16 1e-20
17970.0 6.13288e-16 1e-20
17971.5 6.28524e-16 1e-20
17973.0 6.39701e-16 1e-20
17974.5 6.3247e-16 1e-20
17976.0 6.29186e-16 1e-20
17977.5 6.22026e-16 1e-20
17979.0 6.14069e-16 1e-20
17980.5 6.02727e-16 1e-20
17982.0 6.41293e-16 1e-20
17983.5 6.4243e-16 1e-20
17985.0 6.41556e-16 1e-20
17986.5 6.34784e-16 1e-20
17988.0 6.35932e-16 1e-20
17989.5 6.31751e-16 1e-20
17991.0 5.78496e-16 1e-20
17992.5 5.40569e-16 1e-20
17994.0 5.78201e-16 1e-20
17995.5 6.81646e-16 1e-20
17997.0 6.775e-16 1e-20
17998.5 6.35727e-16 1e-20
18000.0 6.35432e-16 1e-20
18001.5 6.20497e-16 1e-20
18003.0 6.1371e-16 1e-20
18004.5 6.57845e-16 1e-20
18006.0 6.59261e-16 1e-20
18007.5 6.41332e-16 1e-20
18009.0 6.37547e-16 1e-20
18010.5 6.25625e-16 1e-20
18012.0 7.1385e-16 1e-20
18013.5 6.59725e-16 1e-20
18015.0 6.21625e-16 1e-20
18016.5 6.57321e-16 1e-20
18018.0 6.449e-16 1e-20
18019.5 6.42762e-16 1e-20
18021.0 6.15069e-16 1e-20
18022.5 6.30536e-16 1e-20
18024.0 6.43765e-16 1e-20
18025.5 6.05449e-16 1e-20
18027.0 6.11429e-16 1e-20
18028.5 6.57725e-16 1e-20
18030.0 6.56487e-16 1e-20
18031.5 6.57624e-16 1e-20
18033.0 6.42536e-16 1e-20
18034.5 6.31395e-16 1e-20
18036.0 6.31413e-16 1e-20
18037.5 6.38304e-16 1e-20
18039.0 6.31331e-16 1e-20
18040.5 6.49234e-16 1e-20
18042.0 6.52609e-16 1e-20
18043.5 6.47567e-16 1e-20
18045.0 6.47807e-16 1e-20
18046.5 6.35598e-16 1e-20
18048.0 6.74005e-16 1e-20
18049.5 6.38433e-16 1e-20
18051.0 6.33046e-16 1e-20
18052.5 6.33545e-16 1e-20
18054.0 6.35918e-16 1e-20
18055.5 6.21483e-16 1e-20
18057.0 6.0555e-16 1e-20
18058.5 6.19145e-16 1e-20
18060.0 6.68019e-16 1e-20
18061.5 6.73831e-16 1e-20
18063.0 7.32236e-16 1e-20
18064.5 7.05226e-16 1e-20
18066.0 6.95607e-16 1e-20
18067.5 7.19445e-16 1e-20
18069.0 6.83135e-16 1e-20
18070.5 6.52646e-16 1e-20
18072.0 6.45479e-16 1e-20
18073.5 6.39971e-16 1e-20
18075.0 6.11543e-16 1e-20
18076.5 6.34367e-16 1e-20
18078.0 6.57814e-16 1e-20
18079.5 6.45821e-16 1e-20
18081.0 6.66947e-16 1e-20
18082.5 6.48609e-16 1e-20
18084.0 6.26172e-16 1e-20
18085.5 6.36957e-16 1e-20
18087.0 6.54184e-16 1e-20
18088.5 6.31805e-16 1e-20
18090.0 6.0678e-16 1e-20
18091.5 6.46654e-16 1e-20
18093.0 6.36904e-16 1e-20
18094.5 6.37093e-16 1e-20
18096.0 6.45387e-16 1e-20
18097.5 6.47915e-16 1e-20
18099.0 6.30549e-16 1e-20
18100.5 6.421e-16 1e-20
18102.0 6.555e-16 1e-20
18103.5 6.11305e-16 1e-20
18105.0 6.33331e-16 1e-20
18106.5 6.28989e-16 1e-20
18108.0 6.3746e-16 1e-20
18109.5 7.23256e-16 1e-20
18111.0 6.74741e-16 1e-20
18112.5 6.41668e-16 1e-20
18114.0 6.55967e-16 1e-20
18115.5 6.74035e-16 1e-20
18117.0 6.53996e-16 1e-20
18118.5 5.03276e-16 1e-20
18120.0 6.50588e-16 1e-20
18121.5 5.33153e-16 1e-20
18123.0 6.27474e-16 1e-20
18124.5 6.45938e-16 1e-20
18126.0 6.56967e-16 1e-20
18127.5 6.41983e-16 1e-20
18129.0 5.89708e-16 1e-20
18130.5 6.86872e-16 1e-20
18132.0 6.73541e-16 1e-20
18133.5 6.53196e-16 1e-20
18135.0 6.26021e-16 1e-20
18136.5 6.20964e-16 1e-20
18138.0 6.49843e-16 1e-20
18139.5 6.54414e-16 1e-20
18141.0 6.45347e-16 1e-20
18142.5 6.3691e-16 1e-20
18144.0 6.41651e-16 1e-20
18145.5 6.32742e-16 1e-20
18147.0 6.30703e-16 1e-20
18148.5 6.30744e-16 1e-20
18150.0 6.25818e-16 1e-20
18151.5 6.56671e-16 1e-20
18153.0 6.135e-16 1e-20
18154.5 6.81064e-16 1e-20
18156.0 4.34989e-16 1e-20
18157.5 5.33646e-16 1e-20
18159.0 6.37751e-16 1e-20
18160.5 6.33635e-16 1e-20
18162.0 5.45397e-16 1e-20
18163.5 6.58638e-16 1e-20
18165.0 6.47803e-16 1e-20
18166.5 6.25101e-16 1e-20
18168.0 6.14801e-16 1e-20
18169.5 6.40292e-16 1e-20
18171.0 6.1079e-16 1e-20
18172.5 6.06648e-16 1e-20
18174.0 6.46445e-16 1e-20
18175.5 6.40705e-16 1e-20
18177.0 6.31719e-16 1e-20
18178.5 6.38486e-16 1e-20
18180.0 6.57626e-16 1e-20
18181.5 6.22166e-16 1e-20
18183.0 6.49895e-16 1e-20
18184.5 6.24222e-16 1e-20
18186.0 6.81054e-16 1e-20
18187.5 6.34961e-16 1e-20
18189.0 6.62113e-16 1e-20
18190.5 6.42401e-16 1e-20
18192.0 6.4907e-16 1e-20
18193.5 6.38039e-16 1e-20
18195.0 6.5625e-16 1e-20
18196.5 6.45913e-16 1e-20
18198.0 6.47012e-16 1e-20
18199.5 6.46731e-16 1e-20
18201.0 6.46469e-16 1e-20
18202.5 6.46187e-16 1e-20
18204.0 6.45907e-16 1e-20
18205.5 6.45628e-16 1e-20
18207.0 6.45345e-16 1e-20
18208.5 6.45065e-16 1e-20
18210.0 6.44803e-16 1e-20
18211.5 6.44522e-16 1e-20
18213.0 6.44241e-16 1e-20
18214.5 6.43961e-16 1e-20
18216.0 6.43679e-16 1e-20
18217.5 6.43416e-16 1e-20
18219.0 6.43135e-16 1e-20
18220.5 6.42853e-16 1e-20
18222.0 6.42578e-16 1e-20
18223.5 6.42297e-16 1e-20
18225.0 6.4203e-16 1e-20
18226.5 6.41747e-16 1e-20
18228.0 6.41467e-16 1e-20
18229.5 6.41194e-16 1e-20
18231.0 6.40914e-16 1e-20
18232.5 6.40644e-16 1e-20
18234.0 6.4036e-16 1e-20
18235.5 6.4008e-16 1e-20
18237.0 6.39811e-16 1e-20
18238.5 6.3953e-16 1e-20
18240.0 6.39257e-16 1e-20
18241.5 6.38974e-16 1e-20
18243.0 6.38693e-16 1e-20
18244.5 6.38427e-16 1e-20
18246.0 6.38147e-16 1e-20
18247.5 6.37871e-16 1e-20
18249.0 6.37588e-16 1e-20
18250.5 6.37307e-16 1e-20
18252.0 6.37043e-16 1e-20
18253.5 6.36766e-16 1e-20
18255.0 6.36483e-16 1e-20
18256.5 6.36202e-16 1e-20
18258.0 6.35939e-16 1e-20
18259.5 6.35659e-16 1e-20
18261.0 6.3538e-16 1e-20
18262.5 6.35097e-16 1e-20
18264.0 6.34836e-16 1e-20
18265.5 6.34555e-16 1e-20
18267.0 6.34274e-16 1e-20
18268.5 6.33993e-16 1e-20
18270.0 6.33713e-16 1e-20
18271.5 6.33449e-16 1e-20
18273.0 6.33167e-16 1e-20
18274.5 6.32892e-16 1e-20
18276.0 6.3261e-16 1e-20
18277.5 6.32344e-16 1e-20
18279.0 6.32061e-16 1e-20
18280.5 6.31788e-16 1e-20
18282.0 6.31508e-16 1e-20
18283.5 6.31238e-16 1e-20
18285.0 6.30954e-16 1e-20
18286.5 6.30674e-16 1e-20
18288.0 6.30406e-16 1e-20
18289.5 6.30132e-16 1e-20
18291.0 6.29849e-16 1e-20
18292.5 6.29569e-16 1e-20
18294.0 6.29302e-16 1e-20
18295.5 6.29027e-16 1e-20
18297.0 6.28744e-16 1e-20
18298.5 6.28479e-16 1e-20
18300.0 6.28199e-16 1e-20
18301.5 6.27922e-16 1e-20
18303.0 6.27638e-16 1e-20
18304.5 6.27376e-16 1e-20
18306.0 6.27096e-16 1e-20
18307.5 6.26815e-16 1e-20
18309.0 6.26534e-16 1e-20
18310.5 6.26272e-16 1e-20
18312.0 6.25991e-16 1e-20
18313.5 6.2571e-16 1e-20
18315.0 6.2543e-16 1e-20
18316.5 6.25166e-16 1e-20
18318.0 6.24884e-16 1e-20
18319.5 6.24609e-16 1e-20
18321.0 6.24341e-16 1e-20
18322.5 6.24059e-16 1e-20
18324.0 6.23778e-16 1e-20
18325.5 6.23506e-16 1e-20
18327.0 6.23236e-16 1e-20
18328.5 6.22953e-16 1e-20
18330.0 6.22684e-16 1e-20
18331.5 6.22411e-16 1e-20
18333.0 6.22128e-16 1e-20
18334.5 6.21847e-16 1e-20
18336.0 6.21581e-16 1e-20
18337.5 6.21306e-16 1e-20
18339.0 6.21023e-16 1e-20
18340.5 6.20758e-16 1e-20
18342.0 6.20481e-16 1e-20
18343.5 6.20199e-16 1e-20
18345.0 6.19935e-16 1e-20
18346.5 6.19655e-16 1e-20
18348.0 6.19376e-16 1e-20
18349.5 6.19093e-16 1e-20
18351.0 6.18832e-16 1e-20
18352.5 6.18551e-16 1e-20
18354.0 6.1827e-16 1e-20
18355.5 6.18007e-16 1e-20
18357.0 6.17725e-16 1e-20
18358.5 6.17448e-16 1e-20
18360.0 6.17182e-16 1e-20
18361.5 6.16899e-16 1e-20
18363.0 6.16627e-16 1e-20
18364.5 6.16357e-16 1e-20
18366.0 6.16074e-16 1e-20
18367.5 6.15793e-16 1e-20
18369.0 6.15524e-16 1e-20
18370.5 6.15252e-16 1e-20
18372.0 6.14968e-16 1e-20
18373.5 6.14702e-16 1e-20
18375.0 6.14427e-16 1e-20
18376.5 6.14144e-16 1e-20
18378.0 6.1388e-16 1e-20
18379.5 6.13602e-16 1e-20
18381.0 6.1332e-16 1e-20
18382.5 6.13057e-16 1e-20
18384.0 6.12778e-16 1e-20
18385.5 6.12496e-16 1e-20
18387.0 6.12233e-16 1e-20
18388.5 6.11953e-16 1e-20
18390.0 6.11672e-16 1e-20
18391.5 6.11408e-16 1e-20
18393.0 6.11127e-16 1e-20
18394.5 6.10851e-16 1e-20
18396.0 6.10583e-16 1e-20
18397.5 6.10301e-16 1e-20
18399.0 6.10029e-16 1e-20
18400.5 6.09759e-16 1e-20
18402.0 6.09476e-16 1e-20
18403.5 6.09207e-16 1e-20
18405.0 6.08934e-16 1e-20
18406.5 6.08651e-16 1e-20
18408.0 6.08385e-16 1e-20
18409.5 6.08109e-16 1e-20
18411.0 6.07843e-16 1e-20
18412.5 6.07566e-16 1e-20
18414.0 6.07282e-16 1e-20
18415.5 6.0702e-16 1e-20
18417.0 6.06741e-16 1e-20
18418.5 6.06459e-16 1e-20
18420.0 6.06197e-16 1e-20
18421.5 6.05916e-16 1e-20
18423.0 6.05635e-16 1e-20
18424.5 6.05372e-16 1e-20
18426.0 6.0509e-16 1e-20
18427.5 6.04814e-16 1e-20
18429.0 6.04547e-16 1e-20
18430.5 6.04273e-16 1e-20
18432.0 6.04004e-16 1e-20
18433.5 6.0372e-16 1e-20
18435.0 6.03451e-16 1e-20
18436.5 6.03179e-16 1e-20
18438.0 6.02894e-16 1e-20
18439.5 6.02629e-16 1e-20
18441.0 6.02354e-16 1e-20
18442.5 6.02087e-16 1e-20
18444.0 6.0181e-16 1e-20
18445.5 6.01527e-16 1e-20
18447.0 6.01264e-16 1e-20
18448.5 6.00985e-16 1e-20
18450.0 6.00703e-16 1e-20
18451.5 6.00441e-16 1e-20
18453.0 6.0016e-16 1e-20
18454.5 5.99897e-16 1e-20
18456.0 5.99615e-16 1e-20
18457.5 5.99339e-16 1e-20
18459.0 5.99072e-16 1e-20
18460.5 5.98789e-16 1e-20
18462.0 5.98528e-16 1e-20
18463.5 5.98245e-16 1e-20
18465.0 5.97976e-16 1e-20
18466.5 5.97703e-16 1e-20
18468.0 5.9742e-16 1e-20
18469.5 5.9716e-16 1e-20
18471.0 5.96876e-16 1e-20
18472.5 5.96612e-16 1e-20
18474.0 5.96335e-16 1e-20
18475.5 5.96052e-16 1e-20
18477.0 5.95791e-16 1e-20
18478.5 5.95509e-16 1e-20
18480.0 5.95247e-16 1e-20
18481.5 5.94966e-16 1e-20
18483.0 5.94703e-16 1e-20
18484.5 5.9442e-16 1e-20
18486.0 5.94145e-16 1e-20
18487.5 5.93878e-16 1e-20
18489.0 5.93595e-16 1e-20
18490.5 5.93334e-16 1e-20
18492.0 5.93051e-16 1e-20
18493.5 5.92782e-16 1e-20
18495.0 5.92509e-16 1e-20
18496.5 5.92241e-16 1e-20
18498.0 5.91965e-16 1e-20
18499.5 5.91682e-16 1e-20
18501.0 5.91422e-16 1e-20
18502.5 5.91138e-16 1e-20
18504.0 5.90876e-16 1e-20
18505.5 5.90597e-16 1e-20
18507.0 5.90334e-16 1e-20
18508.5 5.90052e-16 1e-20
18510.0 5.89772e-16 1e-20
18511.5 5.89508e-16 1e-20
18513.0 5.89231e-16 1e-20
18514.5 5.88965e-16 1e-20
18516.0 5.88681e-16 1e-20
18517.5 5.8842e-16 1e-20
18519.0 5.88137e-16 1e-20
18520.5 5.87877e-16 1e-20
18522.0 5.87593e-16 1e-20
18523.5 5.87327e-16 1e-20
18525.0 5.87052e-16 1e-20
18526.5 5.86785e-16 1e-20
18528.0 5.86508e-16 1e-20
18529.5 5.86226e-16 1e-20
18531.0 5.85963e-16 1e-20
18532.5 5.85682e-16 1e-20
18534.0 5.8542e-16 1e-20
18535.5 5.85139e-16 1e-20
18537.0 5.84876e-16 1e-20
18538.5 5.84594e-16 1e-20
18540.0 5.84332e-16 1e-20
18541.5 5.84049e-16 1e-20
18543.0 5.83788e-16 1e-20
18544.5 5.83505e-16 1e-20
18546.0 5.83244e-16 1e-20
18547.5 5.82961e-16 1e-20
18549.0 5.82694e-16 1e-20
18550.5 5.82419e-16 1e-20
18552.0 5.82153e-16 1e-20
18553.5 5.81875e-16 1e-20
18555.0 5.8161e-16 1e-20
18556.5 5.81331e-16 1e-20
18558.0 5.81068e-16 1e-20
18559.5 5.80787e-16 1e-20
18561.0 5.80524e-16 1e-20
18562.5 5.80242e-16 1e-20
18564.0 5.79965e-16 1e-20
18565.5 5.79699e-16 1e-20
18567.0 5.79425e-16 1e-20
18568.5 5.79155e-16 1e-20
18570.0 5.78884e-16 1e-20
18571.5 5.78611e-16 1e-20
18573.0 5.78342e-16 1e-20
18574.5 5.78067e-16 1e-20
18576.0 5.77801e-16 1e-20
18577.5 5.77523e-16 1e-20
18579.0 5.77258e-16 1e-20
18580.5 5.76979e-16 1e-20
18582.0 5.76715e-16 1e-20
18583.5 5.76435e-16 1e-20
18585.0 5.76172e-16 1e-20
18586.5 5.7589e-16 1e-20
18588.0 5.75628e-16 1e-20
18589.5 5.75345e-16 1e-20
18591.0 5.75084e-16 1e-20
18592.5 5.748e-16 1e-20
18594.0 5.7454e-16 1e-20
18595.5 5.74257e-16 1e-20
18597.0 5.73995e-16 1e-20
18598.5 5.73713e-16 1e-20
18600.0 5.73452e-16 1e-20
18601.5 5.73169e-16 1e-20
18603.0 5.72908e-16 1e-20
18604.5 5.72626e-16 1e-20
18606.0 5.72364e-16 1e-20
18607.5 5.72083e-16 1e-20
18609.0 5.7182e-16 1e-20
18610.5 5.71542e-16 1e-20
18612.0 5.71276e-16 1e-20
18613.5 5.71013e-16 1e-20
18615.0 5.7073e-16 1e-20
18616.5 5.70469e-16 1e-20
18618.0 5.70186e-16 1e-20
18619.5 5.69925e-16 1e-20
18621.0 5.69641e-16 1e-20
18622.5 5.69381e-16 1e-20
18624.0 5.69099e-16 1e-20
18625.5 5.68837e-16 1e-20
18627.0 5.68574e-16 1e-20
18628.5 5.68293e-16 1e-20
18630.0 5.68029e-16 1e-20
18631.5 5.67748e-16 1e-20
18633.0 5.67486e-16 1e-20
18634.5 5.67202e-16 1e-20
18636.0 5.66942e-16 1e-20
18637.5 5.66671e-16 1e-20
18639.0 5.66397e-16 1e-20
18640.5 5.66129e-16 1e-20
18642.0 5.65854e-16 1e-20
18643.5 5.65587e-16 1e-20
18645.0 5.6531e-16 1e-20
18646.5 5.65047e-16 1e-20
18648.0 5.64764e-16 1e-20
18649.5 5.64502e-16 1e-20
18651.0 5.64222e-16 1e-20
18652.5 5.63958e-16 1e-20
18654.0 5.63695e-16 1e-20
18655.5 5.63413e-16 1e-20
18657.0 5.63151e-16 1e-20
18658.5 5.62868e-16 1e-20
18660.0 5.62607e-16 1e-20
18661.5 5.62339e-16 1e-20
18663.0 5.62063e-16 1e-20
18664.5 5.61797e-16 1e-20
18666.0 5.6152e-16 1e-20
18667.5 5.61256e-16 1e-20
18669.0 5.60974e-16 1e-20
18670.5 5.60712e-16 1e-20
18672.0 5.60448e-16 1e-20
18673.5 5.60167e-16 1e-20
18675.0 5.59905e-16 1e-20
18676.5 5.59621e-16 1e-20
18678.0 5.59361e-16 1e-20
18679.5 5.5909e-16 1e-20
18681.0 5.58817e-16 1e-20
18682.5 5.58553e-16 1e-20
18684.0 5.5827e-16 1e-20
18685.5 5.5801e-16 1e-20
18687.0 5.57745e-16 1e-20
18688.5 5.57466e-16 1e-20
18690.0 5.57202e-16 1e-20
18691.5 5.56921e-16 1e-20
18693.0 5.56658e-16 1e-20
18694.5 5.56382e-16 1e-20
18696.0 5.56114e-16 1e-20
18697.5 5.55851e-16 1e-20
18699.0 5.55568e-16 1e-20
18700.5 5.55307e-16 1e-20
18702.0 5.55038e-16 1e-20
18703.5 5.54763e-16 1e-20
18705.0 5.545e-16 1e-20
18706.5 5.54217e-16 1e-20
18708.0 5.53956e-16 1e-20
18709.5 5.53692e-16 1e-20
18711.0 5.53412e-16 1e-20
18712.5 5.53149e-16 1e-20
18714.0 5.52871e-16 1e-20
18715.5 5.52605e-16 1e-20
18717.0 5.52342e-16 1e-20
18718.5 5.52058e-16 1e-20
18720.0 5.51797e-16 1e-20
18721.5 5.51529e-16 1e-20
18723.0 5.51254e-16 1e-20
18724.5 5.5099e-16 1e-20
18726.0 5.50708e-16 1e-20
18727.5 5.50447e-16 1e-20
18729.0 5.50183e-16 1e-20
18730.5 5.49902e-16 1e-20
18732.0 5.49639e-16 1e-20
18733.5 5.49375e-16 1e-20
18735.0 5.49093e-16 1e-20
18736.5 5.48832e-16 1e-20
18738.0 5.4856e-16 1e-20
18739.5 5.48288e-16 1e-20
18741.0 5.48025e-16 1e-20
18742.5 5.47758e-16 1e-20
18744.0 5.47481e-16 1e-20
18745.5 5.47218e-16 1e-20
18747.0 5.46935e-16 1e-20
18748.5 5.46673e-16 1e-20
18750.0 5.4641e-16 1e-20
18751.5 5.46133e-16 1e-20
18753.0 5.45866e-16 1e-20
18754.5 5.45603e-16 1e-20
18756.0 5.4532e-16 1e-20
18757.5 5.45059e-16 1e-20
18759.0 5.44796e-16 1e-20
18760.5 5.44513e-16 1e-20
18762.0 5.44252e-16 1e-20
18763.5 5.43987e-16 1e-20
18765.0 5.43708e-16 1e-20
18766.5 5.43444e-16 1e-20
18768.0 5.43181e-16 1e-20
18769.5 5.429e-16 1e-20
18771.0 5.42637e-16 1e-20
18772.5 5.42374e-16 1e-20
18774.0 5.42091e-16 1e-20
18775.5 5.4183e-16 1e-20
18777.0 5.41567e-16 1e-20
18778.5 5.41284e-16 1e-20
18780.0 5.41022e-16 1e-20
18781.5 5.40758e-16 1e-20
18783.0 5.40479e-16 1e-20
18784.5 5.40216e-16 1e-20
18786.0 5.39952e-16 1e-20
18787.5 5.39671e-16 1e-20
18789.0 5.39409e-16 1e-20
18790.5 5.39145e-16 1e-20
18792.0 5.38874e-16 1e-20
18793.5 5.38602e-16 1e-20
18795.0 5.38338e-16 1e-20
18796.5 5.38072e-16 1e-20
18798.0 5.37795e-16 1e-20
18799.5 5.3753e-16 1e-20
18801.0 5.37268e-16 1e-20
18802.5 5.36987e-16 1e-20
18804.0 5.36723e-16 1e-20
18805.5 5.3646e-16 1e-20
18807.0 5.36178e-16 1e-20
18808.5 5.35916e-16 1e-20
18810.0 5.35653e-16 1e-20
18811.5 5.3537e-16 1e-20
18813.0 5.35109e-16 1e-20
18814.5 5.34846e-16 1e-20
18816.0 5.34581e-16 1e-20
18817.5 5.34303e-16 1e-20
18819.0 5.34038e-16 1e-20
18820.5 5.33776e-16 1e-20
18822.0 5.33494e-16 1e-20
18823.5 5.33231e-16 1e-20
18825.0 5.32968e-16 1e-20
18826.5 5.32697e-16 1e-20
18828.0 5.32424e-16 1e-20
18829.5 5.32161e-16 1e-20
18831.0 5.31898e-16 1e-20
18832.5 5.31615e-16 1e-20
18834.0 5.31354e-16 1e-20
18835.5 5.31091e-16 1e-20
18837.0 5.30809e-16 1e-20
18838.5 5.30546e-16 1e-20
18840.0 5.30284e-16 1e-20
18841.5 5.30021e-16 1e-20
18843.0 5.29737e-16 1e-20
18844.5 5.29476e-16 1e-20
18846.0 5.29213e-16 1e-20
18847.5 5.28946e-16 1e-20
18849.0 5.28669e-16 1e-20
18850.5 5.28406e-16 1e-20
18852.0 5.28142e-16 1e-20
18853.5 5.27862e-16 1e-20
18855.0 5.27599e-16 1e-20
18856.5 5.27335e-16 1e-20
18858.0 5.27072e-16 1e-20
18859.5 5.26801e-16 1e-20
18861.0 5.26528e-16 1e-20
18862.5 5.26265e-16 1e-20
18864.0 5.26002e-16 1e-20
18865.5 5.2572e-16 1e-20
18867.0 5.25458e-16 1e-20
18868.5 5.25195e-16 1e-20
18870.0 5.24932e-16 1e-20
18871.5 5.24654e-16 1e-20
18873.0 5.24387e-16 1e-20
18874.5 5.24125e-16 1e-20
18876.0 5.2386e-16 1e-20
18877.5 5.23577e-16 1e-20
18879.0 5.23317e-16 1e-20
18880.5 5.23053e-16 1e-20
18882.0 5.2279e-16 1e-20
18883.5 5.22509e-16 1e-20
18885.0 5.22246e-16 1e-20
18886.5 5.21983e-16 1e-20
18888.0 5.2172e-16 1e-20
18889.5 5.21446e-16 1e-20
18891.0 5.21176e-16 1e-20
18892.5 5.20913e-16 1e-20
18894.0 5.2065e-16 1e-20
18895.5 5.20383e-16 1e-20
18897.0 5.20106e-16 1e-20
18898.5 5.19843e-16 1e-20
18900.0 5.19579e-16 1e-20
18901.5 5.19316e-16 1e-20
18903.0 5.19039e-16 1e-20
18904.5 5.18771e-16 1e-20
18906.0 5.18509e-16 1e-20
18907.5 5.18246e-16 1e-20
18909.0 5.17976e-16 1e-20
18910.5 5.17701e-16 1e-20
18912.0 5.17439e-16 1e-20
18913.5 5.17174e-16 1e-20
18915.0 5.16912e-16 1e-20
18916.5 5.16631e-16 1e-20
18918.0 5.16367e-16 1e-20
18919.5 5.16104e-16 1e-20
18921.0 5.15842e-16 1e-20
18922.5 5.15578e-16 1e-20
18924.0 5.15294e-16 1e-20
18925.5 5.15034e-16 1e-20
18927.0 5.14771e-16 1e-20
18928.5 5.14507e-16 1e-20
18930.0 5.14244e-16 1e-20
18931.5 5.13964e-16 1e-20
18933.0 5.137e-16 1e-20
18934.5 5.13437e-16 1e-20
18936.0 5.13174e-16 1e-20
18937.5 5.1291e-16 1e-20
18939.0 5.12627e-16 1e-20
18940.5 5.12367e-16 1e-20
18942.0 5.12103e-16 1e-20
18943.5 5.1184e-16 1e-20
18945.0 5.11577e-16 1e-20
18946.5 5.11297e-16 1e-20
18948.0 5.11033e-16 1e-20
18949.5 5.1077e-16 1e-20
18951.0 5.10507e-16 1e-20
18952.5 5.10243e-16 1e-20
18954.0 5.09975e-16 1e-20
18955.5 5.097e-16 1e-20
18957.0 5.09436e-16 1e-20
18958.5 5.09173e-16 1e-20
18960.0 5.0891e-16 1e-20
18961.5 5.08646e-16 1e-20
18963.0 5.08365e-16 1e-20
18964.5 5.08103e-16 1e-20
18966.0 5.07839e-16 1e-20
18967.5 5.07576e-16 1e-20
18969.0 5.07313e-16 1e-20
18970.5 5.07047e-16 1e-20
18972.0 5.06769e-16 1e-20
18973.5 5.06506e-16 1e-20
18975.0 5.06243e-16 1e-20
18976.5 5.05979e-16 1e-20
18978.0 5.05716e-16 1e-20
18979.5 5.05442e-16 1e-20
18981.0 5.05172e-16 1e-20
18982.5 5.04909e-16 1e-20
18984.0 5.04646e-16 1e-20
18985.5 5.04382e-16 1e-20
18987.0 5.04119e-16 1e-20
18988.5 5.03856e-16 1e-20
18990.0 5.03575e-16 1e-20
18991.5 5.03312e-16 1e-20
18993.0 5.03049e-16 1e-20
18994.5 5.02786e-16 1e-20
18996.0 5.02522e-16 1e-20
18997.5 5.02259e-16 1e-20
18999.0 5.01993e-16 1e-20
19000.5 5.01715e-16 1e-20
19002.0 5.01452e-16 1e-20
19003.5 5.01189e-16 1e-20
19005.0 5.00925e-16 1e-20
19006.5 5.00662e-16 1e-20
19008.0 5.00399e-16 1e-20
19009.5 5.00127e-16 1e-20
19011.0 4.99855e-16 1e-20
19012.5 4.99592e-16 1e-20
19014.0 4.99328e-16 1e-20
19015.5 4.99065e-16 1e-20
19017.0 4.98802e-16 1e-20
19018.5 4.98538e-16 1e-20
19020.0 4.98275e-16 1e-20
19021.5 4.97993e-16 1e-20
19023.0 4.97732e-16 1e-20
19024.5 4.97468e-16 1e-20
19026.0 4.97205e-16 1e-20
19027.5 4.96942e-16 1e-20
19029.0 4.96678e-16 1e-20
19030.5 4.96416e-16 1e-20
19032.0 4.96153e-16 1e-20
19033.5 4.9587e-16 1e-20
19035.0 4.95608e-16 1e-20
19036.5 4.95346e-16 1e-20
19038.0 4.95082e-16 1e-20
19039.5 4.94818e-16 1e-20
19041.0 4.94556e-16 1e-20
19042.5 4.94293e-16 1e-20
19044.0 4.94029e-16 1e-20
19045.5 4.93748e-16 1e-20
19047.0 4.93485e-16 1e-20
19048.5 4.93221e-16 1e-20
19050.0 4.92959e-16 1e-20
19051.5 4.92696e-16 1e-20
19053.0 4.92431e-16 1e-20
19054.5 4.92169e-16 1e-20
19056.0 4.91906e-16 1e-20
19057.5 4.91642e-16 1e-20
19059.0 4.91379e-16 1e-20
19060.5 4.91097e-16 1e-20
19062.0 4.90835e-16 1e-20
19063.5 4.90572e-16 1e-20
19065.0 4.90309e-16 1e-20
19066.5 4.90046e-16 1e-20
19068.0 4.89782e-16 1e-20
19069.5 4.89519e-16 1e-20
19071.0 4.89256e-16 1e-20
19072.5 4.88992e-16 1e-20
19074.0 4.88729e-16 1e-20
19075.5 4.88456e-16 1e-20
19077.0 4.88185e-16 1e-20
19078.5 4.87922e-16 1e-20
19080.0 4.87659e-16 1e-20
19081.5 4.87395e-16 1e-20
19083.0 4.87132e-16 1e-20
19084.5 4.8687e-16 1e-20
19086.0 4.86606e-16 1e-20
19087.5 4.86343e-16 1e-20
19089.0 4.8608e-16 1e-20
19090.5 4.85816e-16 1e-20
19092.0 4.85553e-16 1e-20
19093.5 4.85287e-16 1e-20
19095.0 4.8501e-16 1e-20
19096.5 4.84746e-16 1e-20
19098.0 4.84483e-16 1e-20
19099.5 4.8422e-16 1e-20
19101.0 4.83956e-16 1e-20
19102.5 4.83693e-16 1e-20
19104.0 4.8343e-16 1e-20
19105.5 4.83166e-16 1e-20
19107.0 4.82903e-16 1e-20
19108.5 4.8264e-16 1e-20
19110.0 4.82378e-16 1e-20
19111.5 4.82114e-16 1e-20
19113.0 4.81851e-16 1e-20
19114.5 4.81588e-16 1e-20
19116.0 4.81324e-16 1e-20
19117.5 4.81055e-16 1e-20
19119.0 4.8078e-16 1e-20
19120.5 4.80517e-16 1e-20
19122.0 4.80254e-16 1e-20
19123.5 4.79991e-16 1e-20
19125.0 4.79727e-16 1e-20
19126.5 4.79464e-16 1e-20
19128.0 4.79201e-16 1e-20
19129.5 4.78938e-16 1e-20
19131.0 4.78674e-16 1e-20
19132.5 4.78411e-16 1e-20
19134.0 4.78148e-16 1e-20
19135.5 4.77884e-16 1e-20
19137.0 4.77621e-16 1e-20
19138.5 4.77359e-16 1e-20
19140.0 4.77095e-16 1e-20
19141.5 4.76832e-16 1e-20
19143.0 4.76569e-16 1e-20
19144.5 4.76305e-16 1e-20
19146.0 4.76042e-16 1e-20
19147.5 4.75779e-16 1e-20
19149.0 4.75515e-16 1e-20
19150.5 4.75252e-16 1e-20
19152.0 4.7499e-16 1e-20
19153.5 4.74726e-16 1e-20
19155.0 4.74442e-16 1e-20
19156.5 4.74182e-16 1e-20
19158.0 4.73919e-16 1e-20
19159.5 4.73655e-16 1e-20
19161.0 4.73392e-16 1e-20
19162.5 4.7313e-16 1e-20
19164.0 4.72865e-16 1e-20
19165.5 4.72603e-16 1e-20
19167.0 4.7234e-16 1e-20
19168.5 4.72076e-16 1e-20
19170.0 4.71813e-16 1e-20
19171.5 4.7155e-16 1e-20
19173.0 4.71286e-16 1e-20
19174.5 4.71023e-16 1e-20
19176.0 4.7076e-16 1e-20
19177.5 4.70497e-16 1e-20
19179.0 4.70233e-16 1e-20
19180.5 4.6997e-16 1e-20
19182.0 4.69708e-16 1e-20
19183.5 4.69444e-16 1e-20
19185.0 4.69181e-16 1e-20
19186.5 4.68918e-16 1e-20
19188.0 4.68654e-16 1e-20
19189.5 4.68391e-16 1e-20
19191.0 4.68128e-16 1e-20
19192.5 4.67864e-16 1e-20
19194.0 4.67601e-16 1e-20
19195.5 4.67339e-16 1e-20
19197.0 4.67074e-16 1e-20
19198.5 4.66812e-16 1e-20
19200.0 4.66549e-16 1e-20
19201.5 4.66286e-16 1e-20
19203.0 4.66022e-16 1e-20
19204.5 4.65759e-16 1e-20
19206.0 4.65496e-16 1e-20
19207.5 4.65232e-16 1e-20
19209.0 4.64969e-16 1e-20
19210.5 4.64706e-16 1e-20
19212.0 4.64443e-16 1e-20
19213.5 4.6418e-16 1e-20
19215.0 4.63917e-16 1e-20
19216.5 4.63653e-16 1e-20
19218.0 4.6339e-16 1e-20
19219.5 4.63144e-16 1e-20
19221.0 4.62881e-16 1e-20
19222.5 4.62617e-16 1e-20
19224.0 4.62355e-16 1e-20
19225.5 4.62092e-16 1e-20
19227.0 4.61828e-16 1e-20
19228.5 4.61565e-16 1e-20
19230.0 4.61302e-16 1e-20
19231.5 4.61038e-16 1e-20
19233.0 4.60775e-16 1e-20
19234.5 4.60512e-16 1e-20
19236.0 4.60249e-16 1e-20
19237.5 4.59985e-16 1e-20
19239.0 4.59722e-16 1e-20
19240.5 4.5946e-16 1e-20
19242.0 4.59196e-16 1e-20
19243.5 4.58933e-16 1e-20
19245.0 4.5867e-16 1e-20
19246.5 4.58406e-16 1e-20
19248.0 4.58143e-16 1e-20
19249.5 4.5788e-16 1e-20
19251.0 4.57616e-16 1e-20
19252.5 4.57353e-16 1e-20
19254.0 4.5709e-16 1e-20
19255.5 4.56826e-16 1e-20
19257.0 4.56576e-16 1e-20
19258.5 4.56318e-16 1e-20
19260.0 4.56055e-16 1e-20
19261.5 4.55791e-16 1e-20
19263.0 4.55528e-16 1e-20
19264.5 4.55265e-16 1e-20
19266.0 4.55002e-16 1e-20
19267.5 4.54739e-16 1e-20
19269.0 4.54476e-16 1e-20
19270.5 4.54212e-16 1e-20
19272.0 4.53949e-16 1e-20
19273.5 4.53686e-16 1e-20
19275.0 4.53422e-16 1e-20
19276.5 4.53159e-16 1e-20
19278.0 4.52896e-16 1e-20
19279.5 4.52632e-16 1e-20
19281.0 4.52389e-16 1e-20
19282.5 4.52124e-16 1e-20
19284.0 4.51861e-16 1e-20
19285.5 4.51597e-16 1e-20
19287.0 4.51334e-16 1e-20
19288.5 4.51071e-16 1e-20
19290.0 4.50808e-16 1e-20
19291.5 4.63978e-16 1e-20
19293.0 4.39901e-16 1e-20
19294.5 4.67855e-16 1e-20
19296.0 4.57876e-16 1e-20
19297.5 4.50606e-16 1e-20
19299.0 4.08483e-16 1e-20
19300.5 3.45445e-16 1e-20
19302.0 4.05464e-16 1e-20
19303.5 4.25112e-16 1e-20
19305.0 4.97947e-16 1e-20
19306.5 4.67411e-16 1e-20
19308.0 5.39119e-16 1e-20
19309.5 3.25119e-16 1e-20
19311.0 5.75181e-16 1e-20
19312.5 4.6754e-16 1e-20
19314.0 4.41078e-16 1e-20
19315.5 4.72196e-16 1e-20
19317.0 3.97129e-16 1e-20
19318.5 3.93723e-16 1e-20
19320.0 4.50133e-16 1e-20
19321.5 4.74558e-16 1e-20
19323.0 4.74379e-16 1e-20
19324.5 4.39212e-16 1e-20
19326.0 3.9973e-16 1e-20
19327.5 4.48187e-16 1e-20
19329.0 4.19553e-16 1e-20
19330.5 4.54002e-16 1e-20
19332.0 4.92944e-16 1e-20
19333.5 4.60566e-16 1e-20
19335.0 4.23732e-16 1e-20
19336.5 4.0622e-16 1e-20
19338.0 3.33249e-16 1e-20
19339.5 3.51279e-16 1e-20
19341.0 4.92165e-16 1e-20
19342.5 4.04246e-16 1e-20
19344.0 4.00709e-16 1e-20
19345.5 4.32124e-16 1e-20
19347.0 4.79819e-16 1e-20
19348.5 4.71806e-16 1e-20
19350.0 4.60637e-16 1e-20
19351.5 4.67399e-16 1e-20
19353.0 4.51637e-16 1e-20
19354.5 4.17412e-16 1e-20
19356.0 4.61163e-16 1e-20
19357.5 4.63347e-16 1e-20
19359.0 4.58775e-16 1e-20
19360.5 4.37971e-16 1e-20
19362.0 3.62506e-16 1e-20
19363.5 3.51878e-16 1e-20
19365.0 3.42985e-16 1e-20
19366.5 4.4665e-16 1e-20
19368.0 4.87351e-16 1e-20
19369.5 4.65076e-16 1e-20
19371.0 4.26571e-16 1e-20
19372.5 4.54233e-16 1e-20
19374.0 4.8948e-16 1e-20
19375.5 4.50163e-16 1e-20
19377.0 3.85452e-16 1e-20
19378.5 3.81556e-16 1e-20
19380.0 3.75753e-16 1e-20
19381.5 3.75841e-16 1e-20
19383.0 5.05739e-16 1e-20
19384.5 4.523e-16 1e-20
19386.0 4.52896e-16 1e-20
19387.5 3.85041e-16 1e-20
19389.0 3.5415e-16 1e-20
19390.5 4.15323e-16 1e-20
19392.0 5.55859e-16 1e-20
19393.5 3.7772e-16 1e-20
19395.0 3.31019e-16 1e-20
19396.5 3.51833e-16 1e-20
19398.0 4.08916e-16 1e-20
19399.5 4.72976e-16 1e-20
19401.0 4.7675e-16 1e-20
19402.5 4.6555e-16 1e-20
19404.0 4.76441e-16 1e-20
19405.5 4.00418e-16 1e-20
19407.0 3.69404e-16 1e-20
19408.5 4.24895e-16 1e-20
19410.0 5.02736e-16 1e-20
19411.5 4.11377e-16 1e-20
19413.0 3.77748e-16 1e-20
19414.5 4.1888e-16 1e-20
19416.0 4.13188e-16 1e-20
19417.5 4.03465e-16 1e-20
19419.0 4.3986e-16 1e-20
19420.5 4.57295e-16 1e-20
19422.0 4.71976e-16 1e-20
19423.5 4.68971e-16 1e-20
19425.0 4.41849e-16 1e-20
19426.5 4.26823e-16 1e-20
19428.0 4.42557e-16 1e-20
19429.5 4.76502e-16 1e-20
19431.0 4.61469e-16 1e-20
19432.5 4.36861e-16 1e-20
19434.0 3.70554e-16 1e-20
19435.5 4.01343e-16 1e-20
19437.0 5.0421e-16 1e-20
19438.5 5.33166e-16 1e-20
19440.0 4.84622e-16 1e-20
19441.5 4.27894e-16 1e-20
19443.0 4.24649e-16 1e-20
19444.5 4.12204e-16 1e-20
19446.0 4.00414e-16 1e-20
19447.5 3.9493e-16 1e-20
19449.0 4.37458e-16 1e-20
19450.5 4.76177e-16 1e-20
19452.0 4.74007e-16 1e-20
19453.5 4.89703e-16 1e-20
19455.0 5.04903e-16 1e-20
19456.5 4.75924e-16 1e-20
19458.0 4.42378e-16 1e-20
19459.5 4.27034e-16 1e-20
19461.0 4.18062e-16 1e-20
19462.5 4.64738e-16 1e-20
19464.0 4.86621e-16 1e-20
19465.5 4.74841e-16 1e-20
19467.0 4.51993e-16 1e-20
19468.5 4.22538e-16 1e-20
19470.0 3.99663e-16 1e-20
19471.5 4.00465e-16 1e-20
19473.0 4.13461e-16 1e-20
19474.5 4.76274e-16 1e-20
19476.0 5.20685e-16 1e-20
19477.5 5.04606e-16 1e-20
19479.0 4.1098e-16 1e-20
19480.5 3.94228e-16 1e-20
19482.0 4.1596e-16 1e-20
19483.5 3.99778e-16 1e-20
19485.0 4.8474e-16 1e-20
19486.5 4.92767e-16 1e-20
19488.0 4.59699e-16 1e-20
19489.5 3.99156e-16 1e-20
19491.0 3.819e-16 1e-20
19492.5 4.06258e-16 1e-20
19494.0 4.79708e-16 1e-20
19495.5 4.77866e-16 1e-20
19497.0 4.03169e-16 1e-20
19498.5 4.30133e-16 1e-20
19500.0 4.50097e-16 1e-20
19501.5 4.35746e-16 1e-20
19503.0 4.46827e-16 1e-20
19504.5 4.09419e-16 1e-20
19506.0 3.7686e-16 1e-20
19507.5 4.05935e-16 1e-20
19509.0 4.47978e-16 1e-20
19510.5 4.41453e-16 1e-20
19512.0 4.42647e-16 1e-20
19513.5 4.44916e-16 1e-20
19515.0 4.27589e-16 1e-20
19516.5 4.20608e-16 1e-20
19518.0 4.36061e-16 1e-20
19519.5 4.18887e-16 1e-20
19521.0 4.20084e-16 1e-20
19522.5 4.31728e-16 1e-20
19524.0 4.21647e-16 1e-20
19525.5 4.41633e-16 1e-20
19527.0 4.60059e-16 1e-20
19528.5 4.20817e-16 1e-20
19530.0 3.85262e-16 1e-20
19531.5 3.70649e-16 1e-20
19533.0 4.25005e-16 1e-20
19534.5 4.97413e-16 1e-20
19536.0 4.86087e-16 1e-20
19537.5 4.64594e-16 1e-20
19539.0 4.20774e-16 1e-20
19540.5 4.0286e-16 1e-20
19542.0 4.0737e-16 1e-20
19543.5 4.31597e-16 1e-20
19545.0 4.69968e-16 1e-20
19546.5 4.68445e-16 1e-20
19548.0 4.24609e-16 1e-20
19549.5 4.01496e-16 1e-20
19551.0 4.31191e-16 1e-20
19552.5 3.94154e-16 1e-20
19554.0 3.96181e-16 1e-20
19555.5 4.58625e-16 1e-20
19557.0 5.04099e-16 1e-20
19558.5 4.49942e-16 1e-20
19560.0 4.16991e-16 1e-20
19561.5 4.20364e-16 1e-20
19563.0 4.09259e-16 1e-20
19564.5 4.49764e-16 1e-20
19566.0 4.48594e-16 1e-20
19567.5 4.2098e-16 1e-20
19569.0 4.28823e-16 1e-20
19570.5 4.59425e-16 1e-20
19572.0 4.62536e-16 1e-20
19573.5 4.53382e-16 1e-20
19575.0 4.21224e-16 1e-20
19576.5 3.95235e-16 1e-20
19578.0 4.30601e-16 1e-20
19579.5 4.41217e-16 1e-20
19581.0 4.44686e-16 1e-20
19582.5 4.49278e-16 1e-20
19584.0 4.58479e-16 1e-20
19585.5 4.37571e-16 1e-20
19587.0 4.09627e-16 1e-20
19588.5 4.19397e-16 1e-20
19590.0 3.59896e-16 1e-20
19591.5 3.84307e-16 1e-20
19593.0 4.12995e-16 1e-20
19594.5 4.33511e-16 1e-20
19596.0 4.54698e-16 1e-20
19597.5 4.22826e-16 1e-20
19599.0 4.12234e-16 1e-20
19600.5 4.30302e-16 1e-20
19602.0 4.23398e-16 1e-20
19603.5 4.08437e-16 1e-20
19605.0 3.96161e-16 1e-20
19606.5 3.9454e-16 1e-20
19608.0 3.88679e-16 1e-20
19609.5 4.06297e-16 1e-20
19611.0 4.36061e-16 1e-20
19612.5 4.25634e-16 1e-20
19614.0 4.16045e-16 1e-20
19615.5 4.2561e-16 1e-20
19617.0 4.01678e-16 1e-20
19618.5 4.0601e-16 1e-20
19620.0 3.96162e-16 1e-20
19621.5 4.12574e-16 1e-20
19623.0 4.03086e-16 1e-20
19624.5 4.15779e-16 1e-20
19626.0 3.79776e-16 1e-20
19627.5 4.09039e-16 1e-20
19629.0 4.2421e-16 1e-20
19630.5 3.93081e-16 1e-20
19632.0 3.9498e-16 1e-20
19633.5 3.97648e-16 1e-20
19635.0 3.92352e-16 1e-20
19636.5 4.16422e-16 1e-20
19638.0 4.1657e-16 1e-20
19639.5 3.96061e-16 1e-20
19641.0 3.71538e-16 1e-20
19642.5 3.97234e-16 1e-20
19644.0 3.98652e-16 1e-20
19645.5 4.04212e-16 1e-20
19647.0 4.07419e-16 1e-20
19648.5 4.15113e-16 1e-20
19650.0 4.08091e-16 1e-20
19651.5 3.85637e-16 1e-20
19653.0 3.91612e-16 1e-20
19654.5 3.55248e-16 1e-20
19656.0 4.05802e-16 1e-20
19657.5 4.04799e-16 1e-20
19659.0 3.86203e-16 1e-20
19660.5 4.13294e-16 1e-20
19662.0 4.0599e-16 1e-20
19663.5 4.00219e-16 1e-20
19665.0 4.01163e-16 1e-20
19666.5 4.06999e-16 1e-20
19668.0 4.10304e-16 1e-20
19669.5 4.27615e-16 1e-20
19671.0 4.04624e-16 1e-20
19672.5 4.03816e-16 1e-20
19674.0 3.87948e-16 1e-20
19675.5 4.16735e-16 1e-20
19677.0 3.99735e-16 1e-20
19678.5 3.89375e-16 1e-20
19680.0 3.95943e-16 1e-20
19681.5 4.17352e-16 1e-20
19683.0 4.08736e-16 1e-20
19684.5 4.11624e-16 1e-20
19686.0 4.00627e-16 1e-20
19687.5 4.06383e-16 1e-20
19689.0 4.14751e-16 1e-20
19690.5 4.08035e-16 1e-20
19692.0 3.92107e-16 1e-20
19693.5 3.91804e-16 1e-20
19695.0 4.06026e-16 1e-20
19696.5 4.04923e-16 1e-20
19698.0 4.13559e-16 1e-20
19699.5 4.31878e-16 1e-20
19701.0 3.36724e-16 1e-20
19702.5 3.84502e-16 1e-20
19704.0 3.96035e-16 1e-20
19705.5 3.83889e-16 1e-20
19707.0 3.9096e-16 1e-20
19708.5 3.9822e-16 1e-20
19710.0 3.9019e-16 1e-20
19711.5 4.05359e-16 1e-20
19713.0 4.09152e-16 1e-20
19714.5 3.90936e-16 1e-20
19716.0 3.95403e-16 1e-20
19717.5 3.98286e-16 1e-20
19719.0 4.04518e-16 1e-20
19720.5 4.03172e-16 1e-20
19722.0 3.92572e-16 1e-20
19723.5 3.93088e-16 1e-20
19725.0 4.0001e-16 1e-20
19726.5 4.00855e-16 1e-20
19728.0 4.03278e-16 1e-20
19729.5 3.91381e-16 1e-20
19731.0 4.03551e-16 1e-20
19732.5 4.07794e-16 1e-20
19734.0 4.06427e-16 1e-20
19735.5 4.07241e-16 1e-20
19737.0 3.97434e-16 1e-20
19738.5 3.9458e-16 1e-20
19740.0 3.91322e-16 1e-20
19741.5 3.85976e-16 1e-20
19743.0 4.09893e-16 1e-20
19744.5 4.13938e-16 1e-20
19746.0 4.07649e-16 1e-20
19747.5 4.05364e-16 1e-20
19749.0 4.10888e-16 1e-20
19750.5 4.08172e-16 1e-20
19752.0 3.93599e-16 1e-20
19753.5 3.99662e-16 1e-20
19755.0 3.9768e-16 1e-20
19756.5 4.08261e-16 1e-20
19758.0 4.02812e-16 1e-20
19759.5 3.99434e-16 1e-20
19761.0 3.98116e-16 1e-20
19762.5 4.04351e-16 1e-20
19764.0 3.98608e-16 1e-20
19765.5 3.99379e-16 1e-20
19767.0 4.00749e-16 1e-20
19768.5 4.10577e-16 1e-20
19770.0 3.67821e-16 1e-20
19771.5 4.09082e-16 1e-20
19773.0 4.03079e-16 1e-20
19774.5 3.8132e-16 1e-20
19776.0 4.03558e-16 1e-20
19777.5 3.98781e-16 1e-20
19779.0 3.93464e-16 1e-20
19780.5 3.97546e-16 1e-20
19782.0 3.97868e-16 1e-20
19783.5 4.03965e-16 1e-20
19785.0 4.03166e-16 1e-20
19786.5 3.9897e-16 1e-20
19788.0 3.98065e-16 1e-20
19789.5 3.9709e-16 1e-20
19791.0 3.90937e-16 1e-20
19792.5 4.01135e-16 1e-20
19794.0 4.01524e-16 1e-20
19795.5 4.03331e-16 1e-20
19797.0 3.93233e-16 1e-20
19798.5 3.7151e-16 1e-20
19800.0 3.88378e-16 1e-20
19801.5 3.95595e-16 1e-20
19803.0 3.96588e-16 1e-20
19804.5 3.73998e-16 1e-20
19806.0 3.96002e-16 1e-20
19807.5 3.94376e-16 1e-20
19809.0 4.06688e-16 1e-20
19810.5 3.9618e-16 1e-20
19812.0 3.93845e-16 1e-20
19813.5 4.02862e-16 1e-20
19815.0 4.00242e-16 1e-20
19816.5 3.99266e-16 1e-20
19818.0 3.95433e-16 1e-20
19819.5 3.96737e-16 1e-20
19821.0 3.90143e-16 1e-20
19822.5 3.98687e-16 1e-20
19824.0 3.93644e-16 1e-20
19825.5 3.97334e-16 1e-20
19827.0 4.04153e-16 1e-20
19828.5 3.98118e-16 1e-20
19830.0 3.9275e-16 1e-20
19831.5 3.90094e-16 1e-20
19833.0 3.97034e-16 1e-20
19834.5 3.99185e-16 1e-20
19836.0 4.00436e-16 1e-20
19837.5 4.05944e-16 1e-20
19839.0 4.17272e-16 1e-20
19840.5 4.01127e-16 1e-20
19842.0 3.9356e-16 1e-20
19843.5 3.96749e-16 1e-20
19845.0 3.91428e-16 1e-20
19846.5 3.97978e-16 1e-20
19848.0 3.943e-16 1e-20
19849.5 3.97011e-16 1e-20
19851.0 3.95893e-16 1e-20
19852.5 3.78272e-16 1e-20
19854.0 3.9387e-16 1e-20
19855.5 3.90618e-16 1e-20
19857.0 3.95424e-16 1e-20
19858.5 3.91153e-16 1e-20
19860.0 3.97406e-16 1e-20
19861.5 3.94641e-16 1e-20
19863.0 3.92165e-16 1e-20
19864.5 3.97e-16 1e-20
19866.0 3.94765e-16 1e-20
19867.5 3.86103e-16 1e-20
19869.0 4.07658e-16 1e-20
19870.5 3.80773e-16 1e-20
19872.0 3.80363e-16 1e-20
19873.5 3.92756e-16 1e-20
19875.0 3.96623e-16 1e-20
19876.5 4.00863e-16 1e-20
19878.0 3.87497e-16 1e-20
19879.5 3.9316e-16 1e-20
19881.0 3.99328e-16 1e-20
19882.5 3.93477e-16 1e-20
19884.0 3.90452e-16 1e-20
19885.5 3.97026e-16 1e-20
19887.0 3.90352e-16 1e-20
19888.5 3.97162e-16 1e-20
19890.0 3.92304e-16 1e-20
19891.5 3.89787e-16 1e-20
19893.0 3.92992e-16 1e-20
19894.5 3.90301e-16 1e-20
19896.0 3.99476e-16 1e-20
19897.5 3.86845e-16 1e-20
19899.0 3.95418e-16 1e-20
19900.5 3.91085e-16 1e-20
19902.0 3.74569e-16 1e-20
19903.5 3.84225e-16 1e-20
19905.0 3.91376e-16 1e-20
19906.5 3.82236e-16 1e-20
19908.0 3.88124e-16 1e-20
19909.5 3.85046e-16 1e-20
19911.0 3.95703e-16 1e-20
19912.5 3.93611e-16 1e-20
19914.0 3.85502e-16 1e-20
19915.5 3.93894e-16 1e-20
19917.0 3.8423e-16 1e-20
19918.5 3.91484e-16 1e-20
19920.0 3.87959e-16 1e-20
19921.5 3.90955e-16 1e-20
19923.0 3.93706e-16 1e-20
19924.5 3.90079e-16 1e-20
19926.0 3.8668e-16 1e-20
19927.5 3.86742e-16 1e-20
19929.0 3.86443e-16 1e-20
19930.5 3.99485e-16 1e-20
19932.0 3.93505e-16 1e-20
19933.5 3.82591e-16 1e-20
19935.0 3.91033e-16 1e-20
19936.5 3.90189e-16 1e-20
19938.0 3.88427e-16 1e-20
19939.5 3.95795e-16 1e-20
19941.0 3.90521e-16 1e-20
19942.5 3.83168e-16 1e-20
19944.0 3.88242e-16 1e-20
19945.5 3.86094e-16 1e-20
19947.0 3.83208e-16 1e-20
19948.5 3.87006e-16 1e-20
19950.0 3.8606e-16 1e-20
19951.5 3.90136e-16 1e-20
19953.0 3.93631e-16 1e-20
19954.5 3.8658e-16 1e-20
19956.0 3.82747e-16 1e-20
19957.5 3.83454e-16 1e-20
19959.0 3.92715e-16 1e-20
19960.5 3.87537e-16 1e-20
19962.0 3.88035e-16 1e-20
19963.5 3.92982e-16 1e-20
19965.0 3.93427e-16 1e-20
19966.5 3.96939e-16 1e-20
19968.0 3.91556e-16 1e-20
19969.5 3.87235e-16 1e-20
19971.0 3.86683e-16 1e-20
19972.5 3.92948e-16 1e-20
19974.0 3.92172e-16 1e-20
19975.5 3.88846e-16 1e-20
19977.0 3.93828e-16 1e-20
19978.5 3.94798e-16 1e-20
19980.0 4.07068e-16 1e-20
19981.5 3.83322e-16 1e-20
19983.0 3.84902e-16 1e-20
19984.5 4.08786e-16 1e-20
19986.0 3.86464e-16 1e-20
19987.5 4.08703e-16 1e-20
19989.0 3.95884e-16 1e-20
19990.5 3.91725e-16 1e-20
19992.0 3.94584e-16 1e-20
19993.5 3.78748e-16 1e-20
19995.0 4.08989e-16 1e-20
19996.5 4.01006e-16 1e-20
19998.0 4.23263e-16 1e-20
19999.5 3.82448e-16 1e-20
20001.0 3.98612e-16 1e-20
20002.5 3.95946e-16 1e-20
20004.0 3.93701e-16 1e-20
20005.5 2.96066e-16 1e-20
20007.0 2.97973e-16 1e-20
20008.5 4.72272e-16 1e-20
20010.0 5.36135e-16 1e-20
20011.5 3.58045e-16 1e-20
20013.0 3.79003e-16 1e-20
20014.5 3.97377e-16 1e-20
20016.0 3.88072e-16 1e-20
20017.5 4.04145e-16 1e-20
20019.0 4.17998e-16 1e-20
20020.5 3.94592e-16 1e-20
20022.0 4.12876e-16 1e-20
20023.5 4.01254e-16 1e-20
20025.0 4.23479e-16 1e-20
20026.5 4.12819e-16 1e-20
20028.0 4.43745e-16 1e-20
20029.5 4.0363e-16 1e-20
20031.0 5.31246e-16 1e-20
20032.5 2.92737e-16 1e-20
20034.0 3.94885e-16 1e-20
20035.5 3.43121e-16 1e-20
20037.0 3.79045e-16 1e-20
20038.5 4.12974e-16 1e-20
20040.0 3.88184e-16 1e-20
20041.5 4.08569e-16 1e-20
20043.0 4.23463e-16 1e-20
20044.5 4.55999e-16 1e-20
20046.0 3.19475e-16 1e-20
20047.5 4.17092e-16 1e-20
20049.0 4.37585e-16 1e-20
20050.5 4.0613e-16 1e-20
20052.0 4.0694e-16 1e-20
20053.5 4.13628e-16 1e-20
20055.0 4.22563e-16 1e-20
20056.5 3.94788e-16 1e-20
20058.0 3.98247e-16 1e-20
20059.5 3.82435e-16 1e-20
20061.0 3.92844e-16 1e-20
20062.5 3.59682e-16 1e-20
20064.0 3.91716e-16 1e-20
20065.5 4.08591e-16 1e-20
20067.0 3.91383e-16 1e-20
20068.5 3.81039e-16 1e-20
20070.0 3.91874e-16 1e-20
20071.5 3.82633e-16 1e-20
20073.0 3.77128e-16 1e-20
20074.5 3.86374e-16 1e-20
20076.0 3.96027e-16 1e-20
20077.5 4.07258e-16 1e-20
20079.0 3.97855e-16 1e-20
20080.5 3.64151e-16 1e-20
20082.0 3.84491e-16 1e-20
20083.5 3.87298e-16 1e-20
20085.0 3.92104e-16 1e-20
20086.5 3.86211e-16 1e-20
20088.0 3.7945e-16 1e-20
20089.5 3.69602e-16 1e-20
20091.0 3.81098e-16 1e-20
20092.5 3.91856e-16 1e-20
20094.0 3.84991e-16 1e-20
20095.5 3.86303e-16 1e-20
20097.0 3.78106e-16 1e-20
20098.5 3.89633e-16 1e-20
20100.0 3.897e-16 1e-20
20101.5 3.7377e-16 1e-20
20103.0 3.77405e-16 1e-20
20104.5 3.82639e-16 1e-20
20106.0 3.80646e-16 1e-20
20107.5 3.4623e-16 1e-20
20109.0 3.42117e-16 1e-20
20110.5 3.77678e-16 1e-20
20112.0 4.01142e-16 1e-20
20113.5 3.95055e-16 1e-20
20115.0 3.86311e-16 1e-20
20116.5 3.73689e-16 1e-20
20118.0 3.82885e-16 1e-20
20119.5 4.05163e-16 1e-20
20121.0 3.94952e-16 1e-20
20122.5 3.61345e-16 1e-20
20124.0 3.79243e-16 1e-20
20125.5 3.9723e-16 1e-20
20127.0 4.1694e-16 1e-20
20128.5 3.70606e-16 1e-20
20130.0 3.69457e-16 1e-20
20131.5 3.82915e-16 1e-20
20133.0 3.92436e-16 1e-20
20134.5 4.11392e-16 1e-20
20136.0 3.472e-16 1e-20
20137.5 3.70507e-16 1e-20
20139.0 3.70884e-16 1e-20
20140.5 4.00248e-16 1e-20
20142.0 3.86325e-16 1e-20
20143.5 2.19158e-16 1e-20
20145.0 3.84499e-16 1e-20
20146.5 4.06501e-16 1e-20
20148.0 4.57183e-16 1e-20
20149.5 2.65395e-16 1e-20
20151.0 3.18813e-16 1e-20
20152.5 3.62679e-16 1e-20
20154.0 3.82757e-16 1e-20
20155.5 4.07212e-16 1e-20
20157.0 3.9746e-16 1e-20
20158.5 3.38022e-16 1e-20
20160.0 3.55842e-16 1e-20
20161.5 3.75124e-16 1e-20
20163.0 3.89592e-16 1e-20
20164.5 4.05188e-16 1e-20
20166.0 3.64849e-16 1e-20
20167.5 3.7458e-16 1e-20
20169.0 3.6684e-16 1e-20
20170.5 3.85832e-16 1e-20
20172.0 3.88315e-16 1e-20
20173.5 3.64559e-16 1e-20
20175.0 3.67085e-16 1e-20
20176.5 3.72988e-16 1e-20
20178.0 3.8758e-16 1e-20
20179.5 3.88878e-16 1e-20
20181.0 3.51243e-16 1e-20
20182.5 3.50601e-16 1e-20
20184.0 3.65412e-16 1e-20
20185.5 3.70203e-16 1e-20
20187.0 3.97405e-16 1e-20
20188.5 3.74273e-16 1e-20
20190.0 3.59339e-16 1e-20
20191.5 3.60411e-16 1e-20
20193.0 3.80074e-16 1e-20
20194.5 3.63322e-16 1e-20
20196.0 3.67852e-16 1e-20
20197.5 3.49482e-16 1e-20
20199.0 3.60429e-16 1e-20
20200.5 3.65688e-16 1e-20
20202.0 3.68893e-16 1e-20
20203.5 3.64003e-16 1e-20
20205.0 3.5635e-16 1e-20
20206.5 3.62899e-16 1e-20
20208.0 3.52195e-16 1e-20
20209.5 3.56878e-16 1e-20
20211.0 3.69214e-16 1e-20
20212.5 3.70406e-16 1e-20
20214.0 3.65811e-16 1e-20
20215.5 3.5437e-16 1e-20
20217.0 3.55783e-16 1e-20
20218.5 3.58338e-16 1e-20
20220.0 3.71555e-16 1e-20
20221.5 3.56923e-16 1e-20
20223.0 3.48439e-16 1e-20
20224.5 3.5428e-16 1e-20
20226.0 3.57131e-16 1e-20
20227.5 3.57073e-16 1e-20
20229.0 3.66091e-16 1e-20
20230.5 3.51559e-16 1e-20
20232.0 3.47735e-16 1e-20
20233.5 3.55608e-16 1e-20
20235.0 3.63999e-16 1e-20
20236.5 3.63158e-16 1e-20
20238.0 3.36119e-16 1e-20
20239.5 3.54079e-16 1e-20
20241.0 3.51237e-16 1e-20
20242.5 3.47757e-16 1e-20
20244.0 3.56178e-16 1e-20
20245.5 3.62044e-16 1e-20
20247.0 3.47736e-16 1e-20
20248.5 3.54305e-16 1e-20
20250.0 3.58124e-16 1e-20
20251.5 3.61685e-16 1e-20
20253.0 3.4114e-16 1e-20
20254.5 3.53223e-16 1e-20
20256.0 3.52498e-16 1e-20
20257.5 3.48472e-16 1e-20
20259.0 3.43278e-16 1e-20
20260.5 3.43914e-16 1e-20
20262.0 3.45124e-16 1e-20
20263.5 3.53264e-16 1e-20
20265.0 3.49382e-16 1e-20
20266.5 3.47899e-16 1e-20
20268.0 3.47364e-16 1e-20
20269.5 3.46303e-16 1e-20
20271.0 3.4767e-16 1e-20
20272.5 3.51034e-16 1e-20
20274.0 2.98241e-16 1e-20
20275.5 3.42308e-16 1e-20
20277.0 3.22764e-16 1e-20
20278.5 3.48944e-16 1e-20
20280.0 3.75738e-16 1e-20
20281.5 3.38634e-16 1e-20
20283.0 3.44746e-16 1e-20
20284.5 3.45313e-16 1e-20
20286.0 3.42588e-16 1e-20
20287.5 3.44425e-16 1e-20
20289.0 3.34495e-16 1e-20
20290.5 3.42219e-16 1e-20
20292.0 3.379e-16 1e-20
20293.5 3.36126e-16 1e-20
20295.0 3.41135e-16 1e-20
20296.5 3.38027e-16 1e-20
20298.0 3.42608e-16 1e-20
20299.5 3.44544e-16 1e-20
20301.0 3.40451e-16 1e-20
20302.5 3.37461e-16 1e-20
20304.0 3.32579e-16 1e-20
20305.5 3.36349e-16 1e-20
20307.0 3.31775e-16 1e-20
20308.5 3.37233e-16 1e-20
20310.0 3.29403e-16 1e-20
20311.5 3.40393e-16 1e-20
20313.0 3.33934e-16 1e-20
20314.5 3.34717e-16 1e-20
20316.0 3.42707e-16 1e-20
20317.5 3.34081e-16 1e-20
20319.0 3.33487e-16 1e-20
20320.5 3.35454e-16 1e-20
20322.0 3.36308e-16 1e-20
20323.5 3.37868e-16 1e-20
20325.0 3.3774e-16 1e-20
20326.5 3.25588e-16 1e-20
20328.0 3.36721e-16 1e-20
20329.5 3.42686e-16 1e-20
20331.0 3.39238e-16 1e-20
20332.5 3.29059e-16 1e-20
20334.0 3.28604e-16 1e-20
20335.5 3.38689e-16 1e-20
20337.0 3.25406e-16 1e-20
20338.5 2.85881e-16 1e-20
20340.0 3.05581e-16 1e-20
20341.5 3.1724e-16 1e-20
20343.0 3.20342e-16 1e-20
20344.5 3.36866e-16 1e-20
20346.0 3.33592e-16 1e-20
20347.5 3.30737e-16 1e-20
20349.0 3.28115e-16 1e-20
20350.5 3.26049e-16 1e-20
20352.0 3.25959e-16 1e-20
20353.5 3.32709e-16 1e-20
20355.0 3.30706e-16 1e-20
20356.5 3.32312e-16 1e-20
20358.0 3.34252e-16 1e-20
20359.5 3.27923e-16 1e-20
20361.0 3.31789e-16 1e-20
20362.5 3.34795e-16 1e-20
20364.0 3.30759e-16 1e-20
20365.5 3.31245e-16 1e-20
20367.0 3.30187e-16 1e-20
20368.5 3.32922e-16 1e-20
20370.0 3.14892e-16 1e-20
20371.5 3.32623e-16 1e-20
20373.0 3.25977e-16 1e-20
20374.5 3.31389e-16 1e-20
20376.0 3.2943e-16 1e-20
20377.5 3.30053e-16 1e-20
20379.0 3.21497e-16 1e-20
20380.5 3.31149e-16 1e-20
20382.0 3.32198e-16 1e-20
20383.5 3.26892e-16 1e-20
20385.0 3.2346e-16 1e-20
20386.5 3.28186e-16 1e-20
20388.0 3.23108e-16 1e-20
20389.5 3.30525e-16 1e-20
20391.0 3.2309e-16 1e-20
20392.5 3.25567e-16 1e-20
20394.0 3.2712e-16 1e-20
20395.5 3.23734e-16 1e-20
20397.0 3.3127e-16 1e-20
20398.5 3.23738e-16 1e-20
20400.0 3.25994e-16 1e-20
20401.5 3.22461e-16 1e-20
20403.0 3.26777e-16 1e-20
20404.5 3.26989e-16 1e-20
20406.0 3.19776e-16 1e-20
20407.5 3.25136e-16 1e-20
20409.0 3.17555e-16 1e-20
20410.5 3.23992e-16 1e-20
20412.0 3.2377e-16 1e-20
20413.5 3.28747e-16 1e-20
20415.0 3.43819e-16 1e-20
20416.5 3.7525e-16 1e-20
20418.0 3.14051e-16 1e-20
20419.5 3.19008e-16 1e-20
20421.0 3.28621e-16 1e-20
20422.5 3.20122e-16 1e-20
20424.0 3.21892e-16 1e-20
20425.5 3.27154e-16 1e-20
20427.0 3.29126e-16 1e-20
20428.5 3.24148e-16 1e-20
20430.0 3.21826e-16 1e-20
20431.5 3.24351e-16 1e-20
20433.0 3.23929e-16 1e-20
20434.5 3.22674e-16 1e-20
20436.0 3.19505e-16 1e-20
20437.5 3.21055e-16 1e-20
20439.0 3.18604e-16 1e-20
20440.5 3.22305e-16 1e-20
20442.0 3.22553e-16 1e-20
20443.5 3.20078e-16 1e-20
20445.0 3.13179e-16 1e-20
20446.5 3.12529e-16 1e-20
20448.0 3.14305e-16 1e-20
20449.5 3.20496e-16 1e-20
20451.0 3.19625e-16 1e-20
20452.5 3.27087e-16 1e-20
20454.0 3.35762e-16 1e-20
20455.5 3.12443e-16 1e-20
20457.0 3.2307e-16 1e-20
20458.5 3.26844e-16 1e-20
20460.0 3.17155e-16 1e-20
20461.5 3.15082e-16 1e-20
20463.0 3.21626e-16 1e-20
20464.5 3.23638e-16 1e-20
20466.0 3.20309e-16 1e-20
20467.5 3.29184e-16 1e-20
20469.0 3.19034e-16 1e-20
20470.5 3.24675e-16 1e-20
20472.0 3.25004e-16 1e-20
20473.5 3.16049e-16 1e-20
20475.0 3.11773e-16 1e-20
20476.5 3.16668e-16 1e-20
20478.0 3.17721e-16 1e-20
20479.5 3.20158e-16 1e-20
20481.0 3.20698e-16 1e-20
20482.5 3.19764e-16 1e-20
20484.0 3.18418e-16 1e-20
20485.5 3.22415e-16 1e-20
20487.0 3.19349e-16 1e-20
20488.5 3.16944e-16 1e-20
20490.0 3.13282e-16 1e-20
20491.5 3.18417e-16 1e-20
20493.0 3.12027e-16 1e-20
20494.5 3.19965e-16 1e-20
20496.0 3.25974e-16 1e-20
20497.5 3.34113e-16 1e-20
20499.0 3.17839e-16 1e-20
20500.5 3.25284e-16 1e-20
20502.0 3.11029e-16 1e-20
20503.5 3.10297e-16 1e-20
20505.0 3.21821e-16 1e-20
20506.5 3.1288e-16 1e-20
20508.0 3.27423e-16 1e-20
20509.5 3.13557e-16 1e-20
20511.0 3.17605e-16 1e-20
20512.5 3.21549e-16 1e-20
20514.0 3.23545e-16 1e-20
20515.5 2.95958e-16 1e-20
20517.0 3.14663e-16 1e-20
20518.5 3.19957e-16 1e-20
20520.0 3.14519e-16 1e-20
20521.5 3.16588e-16 1e-20
20523.0 3.21897e-16 1e-20
20524.5 3.19097e-16 1e-20
20526.0 3.04711e-16 1e-20
20527.5 3.11779e-16 1e-20
20529.0 3.13265e-16 1e-20
20530.5 3.13899e-16 1e-20
20532.0 3.08834e-16 1e-20
20533.5 3.18079e-16 1e-20
20535.0 3.16095e-16 1e-20
20536.5 3.19944e-16 1e-20
20538.0 3.10756e-16 1e-20
20539.5 3.17427e-16 1e-20
20541.0 3.15776e-16 1e-20
20542.5 3.17118e-16 1e-20
20544.0 3.10219e-16 1e-20
20545.5 3.04268e-16 1e-20
20547.0 3.15474e-16 1e-20
20548.5 3.26785e-16 1e-20
20550.0 3.26362e-16 1e-20
20551.5 3.11521e-16 1e-20
20553.0 3.18925e-16 1e-20
20554.5 3.1145e-16 1e-20
20556.0 3.21169e-16 1e-20
20557.5 3.12984e-16 1e-20
20559.0 3.17728e-16 1e-20
20560.5 3.0426e-16 1e-20
20562.0 2.5703e-16 1e-20
20563.5 2.46456e-16 1e-20
20565.0 3.19723e-16 1e-20
20566.5 3.0597e-16 1e-20
20568.0 3.25654e-16 1e-20
20569.5 3.04415e-16 1e-20
20571.0 3.15045e-16 1e-20
20572.5 3.13625e-16 1e-20
20574.0 3.05876e-16 1e-20
20575.5 3.13748e-16 1e-20
20577.0 3.07281e-16 1e-20
20578.5 3.06568e-16 1e-20
20580.0 3.13039e-16 1e-20
20581.5 3.06891e-16 1e-20
20583.0 3.10234e-16 1e-20
20584.5 3.12413e-16 1e-20
20586.0 3.09235e-16 1e-20
20587.5 3.11901e-16 1e-20
20589.0 3.00425e-16 1e-20
20590.5 3.11203e-16 1e-20
20592.0 3.02944e-16 1e-20
20593.5 3.07796e-16 1e-20
20595.0 2.99413e-16 1e-20
20596.5 3.09034e-16 1e-20
20598.0 3.0658e-16 1e-20
20599.5 3.05379e-16 1e-20
20601.0 3.00036e-16 1e-20
20602.5 3.08269e-16 1e-20
20604.0 3.07132e-16 1e-20
20605.5 3.04075e-16 1e-20
20607.0 3.10203e-16 1e-20
20608.5 3.07004e-16 1e-20
20610.0 3.05036e-16 1e-20
20611.5 3.07013e-16 1e-20
20613.0 3.03739e-16 1e-20
20614.5 3.10472e-16 1e-20
20616.0 3.04126e-16 1e-20
20617.5 3.00206e-16 1e-20
20619.0 3.01976e-16 1e-20
20620.5 2.99083e-16 1e-20
20622.0 3.02762e-16 1e-20
20623.5 2.96213e-16 1e-20
20625.0 3.11709e-16 1e-20
20626.5 3.07779e-16 1e-20
20628.0 3.18718e-16 1e-20
20629.5 3.08556e-16 1e-20
20631.0 2.95353e-16 1e-20
20632.5 3.02511e-16 1e-20
20634.0 3.02539e-16 1e-20
20635.5 2.96738e-16 1e-20
20637.0 3.10501e-16 1e-20
20638.5 3.08095e-16 1e-20
20640.0 2.99643e-16 1e-20
20641.5 3.08455e-16 1e-20
20643.0 3.0504e-16 1e-20
20644.5 3.02769e-16 1e-20
20646.0 2.97577e-16 1e-20
20647.5 2.98226e-16 1e-20
20649.0 3.09454e-16 1e-20
20650.5 3.01979e-16 1e-20
20652.0 2.92276e-16 1e-20
20653.5 2.99549e-16 1e-20
20655.0 3.12885e-16 1e-20
20656.5 3.13634e-16 1e-20
20658.0 3.05926e-16 1e-20
20659.5 2.88007e-16 1e-20
20661.0 3.02943e-16 1e-20
20662.5 3.08695e-16 1e-20
20664.0 3.09904e-16 1e-20
20665.5 2.96415e-16 1e-20
20667.0 3.10472e-16 1e-20
20668.5 2.99735e-16 1e-20
20670.0 3.04277e-16 1e-20
20671.5 2.92488e-16 1e-20
20673.0 2.87747e-16 1e-20
20674.5 2.95899e-16 1e-20
20676.0 3.04243e-16 1e-20
20677.5 3.03128e-16 1e-20
20679.0 3.02288e-16 1e-20
20680.5 3.02257e-16 1e-20
20682.0 3.46104e-16 1e-20
20683.5 3.15576e-16 1e-20
20685.0 3.07808e-16 1e-20
20686.5 3.05796e-16 1e-20
20688.0 2.89147e-16 1e-20
20689.5 2.94844e-16 1e-20
20691.0 2.97193e-16 1e-20
20692.5 3.05105e-16 1e-20
20694.0 3.04162e-16 1e-20
20695.5 3.06648e-16 1e-20
20697.0 2.91622e-16 1e-20
20698.5 2.89989e-16 1e-20
20700.0 3.08615e-16 1e-20
20701.5 2.98358e-16 1e-20
20703.0 3.03185e-16 1e-20
20704.5 2.8934e-16 1e-20
20706.0 2.96151e-16 1e-20
20707.5 3.05253e-16 1e-20
20709.0 2.96466e-16 1e-20
20710.5 2.97712e-16 1e-20
20712.0 3.05651e-16 1e-20
20713.5 2.98809e-16 1e-20
20715.0 3.01462e-16 1e-20
20716.5 2.99177e-16 1e-20
20718.0 3.05035e-16 1e-20
20719.5 3.04418e-16 1e-20
20721.0 3.02341e-16 1e-20
20722.5 2.92794e-16 1e-20
20724.0 3.01187e-16 1e-20
20725.5 2.9902e-16 1e-20
20727.0 3.01663e-16 1e-20
20728.5 3.37679e-16 1e-20
20730.0 3.10527e-16 1e-20
20731.5 2.90051e-16 1e-20
20733.0 2.77988e-16 1e-20
20734.5 2.95086e-16 1e-20
20736.0 3.02937e-16 1e-20
20737.5 2.91803e-16 1e-20
20739.0 3.03009e-16 1e-20
20740.5 3.04463e-16 1e-20
20742.0 3.03706e-16 1e-20
20743.5 2.97109e-16 1e-20
20745.0 3.12163e-16 1e-20
20746.5 3.06031e-16 1e-20
20748.0 3.06483e-16 1e-20
20749.5 3.10323e-16 1e-20
20751.0 2.96503e-16 1e-20
20752.5 3.02087e-16 1e-20
20754.0 3.02311e-16 1e-20
20757.0 3.03963e-16 1e-20
20758.5 3.01062e-16 1e-20
20760.0 3.11827e-16 1e-20
20761.5 3.03313e-16 1e-20
20763.0 3.07445e-16 1e-20
20764.5 3.1139e-16 1e-20
20766.0 2.99788e-16 1e-20
20767.5 3.00067e-16 1e-20
20769.0 2.99901e-16 1e-20
20770.5 2.99892e-16 1e-20
20772.0 3.07788e-16 1e-20
20773.5 3.0786e-16 1e-20
20775.0 3.02044e-16 1e-20
20776.5 3.07469e-16 1e-20
20778.0 3.0966e-16 1e-20
20779.5 3.04253e-16 1e-20
20781.0 3.02259e-16 1e-20
20782.5 3.08103e-16 1e-20
20784.0 3.08073e-16 1e-20
20785.5 3.01586e-16 1e-20
20787.0 3.02819e-16 1e-20
20788.5 3.03213e-16 1e-20
20790.0 3.05355e-16 1e-20
20791.5 3.08587e-16 1e-20
20793.0 3.023e-16 1e-20
20794.5 2.95607e-16 1e-20
20796.0 3.03053e-16 1e-20
20797.5 3.02322e-16 1e-20
20799.0 2.9346e-16 1e-20
20800.5 3.05711e-16 1e-20
20802.0 3.10461e-16 1e-20
20803.5 3.12943e-16 1e-20
20805.0 3.01079e-16 1e-20
20806.5 3.03061e-16 1e-20
20808.0 3.05444e-16 1e-20
20809.5 3.05803e-16 1e-20
20811.0 3.08672e-16 1e-20
20812.5 3.04769e-16 1e-20
20814.0 3.02959e-16 1e-20
20815.5 3.01596e-16 1e-20
20817.0 2.99459e-16 1e-20
20818.5 3.15919e-16 1e-20
20820.0 2.99959e-16 1e-20
20821.5 3.12939e-16 1e-20
20823.0 3.07222e-16 1e-20
20824.5 3.08757e-16 1e-20
20826.0 3.06595e-16 1e-20
20827.5 3.06776e-16 1e-20
20829.0 3.00716e-16 1e-20
20830.5 3.15383e-16 1e-20
20832.0 3.11346e-16 1e-20
20833.5 3.04673e-16 1e-20
20835.0 3.16029e-16 1e-20
20836.5 3.0585e-16 1e-20
20838.0 3.0836e-16 1e-20
20839.5 3.08061e-16 1e-20
20841.0 3.01356e-16 1e-20
20842.5 3.0384e-16 1e-20
20844.0 3.1981e-16 1e-20
20845.5 3.06121e-16 1e-20
20847.0 3.03594e-16 1e-20
20848.5 3.09961e-16 1e-20
20850.0 3.14143e-16 1e-20
20851.5 3.02686e-16 1e-20
20853.0 2.96975e-16 1e-20
20854.5 3.1242e-16 1e-20
20856.0 3.10733e-16 1e-20
20857.5 3.09361e-16 1e-20
20859.0 3.14634e-16 1e-20
20860.5 3.17461e-16 1e-20
20862.0 2.998e-16 1e-20
20863.5 3.02662e-16 1e-20
20865.0 3.10117e-16 1e-20
20866.5 2.99498e-16 1e-20
20868.0 3.0453e-16 1e-20
20869.5 3.07636e-16 1e-20
20871.0 3.00867e-16 1e-20
20872.5 3.05597e-16 1e-20
20874.0 3.09767e-16 1e-20
20875.5 3.11822e-16 1e-20
20877.0 3.0501e-16 1e-20
20878.5 3.10416e-16 1e-20
20880.0 3.07563e-16 1e-20
20881.5 3.0164e-16 1e-20
20883.0 3.13281e-16 1e-20
20884.5 3.03903e-16 1e-20
20886.0 3.07258e-16 1e-20
20887.5 3.19418e-16 1e-20
20889.0 3.09657e-16 1e-20
20890.5 3.06237e-16 1e-20
20892.0 3.01333e-16 1e-20
20893.5 3.10209e-16 1e-20
20895.0 3.03098e-16 1e-20
20896.5 3.06915e-16 1e-20
20898.0 3.03235e-16 1e-20
20899.5 3.08411e-16 1e-20
20901.0 3.11501e-16 1e-20
20902.5 3.03411e-16 1e-20
20904.0 3.01291e-16 1e-20
20905.5 3.01583e-16 1e-20
20907.0 3.08599e-16 1e-20
20908.5 3.15032e-16 1e-20
20910.0 3.06912e-16 1e-20
20911.5 3.05033e-16 1e-20
20913.0 3.08165e-16 1e-20
20914.5 3.04691e-16 1e-20
20916.0 3.07256e-16 1e-20
20917.5 3.15792e-16 1e-20
20919.0 3.05051e-16 1e-20
20920.5 3.07304e-16 1e-20
20922.0 3.12343e-16 1e-20
20923.5 3.13388e-16 1e-20
20925.0 3.09854e-16 1e-20
20926.5 3.13668e-16 1e-20
20928.0 3.08748e-16 1e-20
20929.5 3.07881e-16 1e-20
20931.0 3.14681e-16 1e-20
20932.5 3.12708e-16 1e-20
20934.0 3.1429e-16 1e-20
20935.5 3.09506e-16 1e-20
20937.0 3.0952e-16 1e-20
20938.5 3.0772e-16 1e-20
20940.0 3.10096e-16 1e-20
20941.5 3.12507e-16 1e-20
20943.0 3.12667e-16 1e-20
20944.5 3.07678e-16 1e-20
20946.0 3.07069e-16 1e-20
20947.5 3.12803e-16 1e-20
20949.0 3.17046e-16 1e-20
20950.5 3.12416e-16 1e-20
20952.0 3.20178e-16 1e-20
20953.5 3.11653e-16 1e-20
20955.0 3.14277e-16 1e-20
20956.5 3.08685e-16 1e-20
20958.0 3.11319e-16 1e-20
20959.5 3.18104e-16 1e-20
20961.0 3.17742e-16 1e-20
20962.5 3.19987e-16 1e-20
20964.0 3.20385e-16 1e-20
20965.5 3.13881e-16 1e-20
20967.0 3.21085e-16 1e-20
20968.5 3.10985e-16 1e-20
20970.0 3.13462e-16 1e-20
20971.5 3.18151e-16 1e-20
20973.0 3.19091e-16 1e-20
20974.5 3.16872e-16 1e-20
20976.0 3.15213e-16 1e-20
20977.5 3.11614e-16 1e-20
20979.0 3.13914e-16 1e-20
20980.5 3.24603e-16 1e-20
20982.0 3.14382e-16 1e-20
20983.5 3.13164e-16 1e-20
20985.0 3.11288e-16 1e-20
20986.5 3.17949e-16 1e-20
20988.0 3.18832e-16 1e-20
20989.5 3.19181e-16 1e-20
20991.0 3.14268e-16 1e-20
20992.5 3.18032e-16 1e-20
20994.0 3.20788e-16 1e-20
20995.5 3.15996e-16 1e-20
20997.0 3.13312e-16 1e-20
20998.5 3.18601e-16 1e-20
21000.0 3.12229e-16 1e-20
21001.5 3.14635e-16 1e-20
21003.0 3.14617e-16 1e-20
21004.5 3.17188e-16 1e-20
21006.0 3.18479e-16 1e-20
21007.5 3.14962e-16 1e-20
21009.0 3.16854e-16 1e-20
21010.5 3.1497e-16 1e-20
21012.0 3.17922e-16 1e-20
21013.5 3.16748e-16 1e-20
21015.0 3.18857e-16 1e-20
21016.5 3.14592e-16 1e-20
21018.0 3.23291e-16 1e-20
21019.5 3.1759e-16 1e-20
21021.0 3.16387e-16 1e-20
21022.5 3.15106e-16 1e-20
21024.0 3.11778e-16 1e-20
21025.5 3.18495e-16 1e-20
21027.0 3.18037e-16 1e-20
21028.5 3.2086e-16 1e-20
21030.0 3.1249e-16 1e-20
21031.5 3.22095e-16 1e-20
21033.0 3.20753e-16 1e-20
21034.5 3.24363e-16 1e-20
21036.0 3.20243e-16 1e-20
21037.5 3.20264e-16 1e-20
21039.0 3.15161e-16 1e-20
21040.5 3.13855e-16 1e-20
21042.0 3.12526e-16 1e-20
21043.5 3.26803e-16 1e-20
21045.0 3.21171e-16 1e-20
21046.5 3.24561e-16 1e-20
21048.0 3.22901e-16 1e-20
21049.5 3.18524e-16 1e-20
21051.0 3.20415e-16 1e-20
21052.5 3.13624e-16 1e-20
21054.0 3.24009e-16 1e-20
21055.5 3.18638e-16 1e-20
21057.0 3.16908e-16 1e-20
21058.5 3.18582e-16 1e-20
21060.0 3.26122e-16 1e-20
21061.5 3.08916e-16 1e-20
21063.0 3.21505e-16 1e-20
21064.5 3.2298e-16 1e-20
21066.0 3.24349e-16 1e-20
21067.5 3.23089e-16 1e-20
21069.0 3.19707e-16 1e-20
21070.5 3.28468e-16 1e-20
21072.0 3.20594e-16 1e-20
21073.5 3.24525e-16 1e-20
21075.0 3.12159e-16 1e-20
21076.5 3.24834e-16 1e-20
21078.0 3.18008e-16 1e-20
21079.5 3.16726e-16 1e-20
21081.0 3.18303e-16 1e-20
21082.5 3.16366e-16 1e-20
21084.0 3.21495e-16 1e-20
21085.5 3.20088e-16 1e-20
21087.0 3.14166e-16 1e-20
21088.5 3.18081e-16 1e-20
21090.0 3.2038e-16 1e-20
21091.5 3.16433e-16 1e-20
21093.0 3.18038e-16 1e-20
21094.5 3.14157e-16 1e-20
21096.0 3.25709e-16 1e-20
21097.5 3.19547e-16 1e-20
21099.0 3.23704e-16 1e-20
21100.5 3.20943e-16 1e-20
21102.0 3.12378e-16 1e-20
21103.5 3.20316e-16 1e-20
21105.0 3.24515e-16 1e-20
21106.5 3.27437e-16 1e-20
21108.0 3.18126e-16 1e-20
21109.5 3.25747e-16 1e-20
21111.0 3.11372e-16 1e-20
21112.5 3.20497e-16 1e-20
21114.0 3.20255e-16 1e-20
21115.5 3.25143e-16 1e-20
21117.0 3.3291e-16 1e-20
21118.5 3.26327e-16 1e-20
21120.0 3.2188e-16 1e-20
21121.5 3.20596e-16 1e-20
21123.0 3.1583e-16 1e-20
21124.5 3.20768e-16 1e-20
21126.0 3.23777e-16 1e-20
21127.5 3.23522e-16 1e-20
21129.0 3.19699e-16 1e-20
21130.5 3.21574e-16 1e-20
21132.0 3.15847e-16 1e-20
21133.5 3.17273e-16 1e-20
21135.0 3.18279e-16 1e-20
21136.5 3.19362e-16 1e-20
21138.0 3.18818e-16 1e-20
21139.5 3.18007e-16 1e-20
21141.0 3.17675e-16 1e-20
21142.5 3.18243e-16 1e-20
21144.0 3.1832e-16 1e-20
21145.5 3.11579e-16 1e-20
21147.0 3.06472e-16 1e-20
21148.5 3.08839e-16 1e-20
21150.0 3.17512e-16 1e-20
21151.5 3.12903e-16 1e-20
21153.0 3.09327e-16 1e-20
21154.5 3.1437e-16 1e-20
21156.0 3.18112e-16 1e-20
21157.5 3.13604e-16 1e-20
21159.0 3.17861e-16 1e-20
21160.5 3.11188e-16 1e-20
21162.0 3.18587e-16 1e-20
21163.5 3.17361e-16 1e-20
21165.0 3.13083e-16 1e-20
21166.5 3.09434e-16 1e-20
21168.0 3.06833e-16 1e-20
21169.5 3.07281e-16 1e-20
21171.0 3.22167e-16 1e-20
21172.5 3.09985e-16 1e-20
21174.0 3.09724e-16 1e-20
21175.5 3.23704e-16 1e-20
21177.0 2.96058e-16 1e-20
21178.5 3.23527e-16 1e-20
21180.0 3.18572e-16 1e-20
21181.5 3.12076e-16 1e-20
21183.0 3.11947e-16 1e-20
21184.5 3.17231e-16 1e-20
21186.0 3.22492e-16 1e-20
21187.5 3.11019e-16 1e-20
21189.0 3.20974e-16 1e-20
21190.5 3.14425e-16 1e-20
21192.0 3.13133e-16 1e-20
21193.5 3.14835e-16 1e-20
21195.0 3.11177e-16 1e-20
21196.5 3.18279e-16 1e-20
21198.0 3.17065e-16 1e-20
21199.5 3.11156e-16 1e-20
21201.0 3.13394e-16 1e-20
21202.5 3.14496e-16 1e-20
21204.0 3.15384e-16 1e-20
21205.5 3.07286e-16 1e-20
21207.0 3.12627e-16 1e-20
21208.5 3.08937e-16 1e-20
21210.0 3.12296e-16 1e-20
21211.5 3.1854e-16 1e-20
21213.0 3.09339e-16 1e-20
21214.5 3.12631e-16 1e-20
21216.0 3.10968e-16 1e-20
21217.5 3.10146e-16 1e-20
21219.0 3.10234e-16 1e-20
21220.5 3.12823e-16 1e-20
21222.0 3.10626e-16 1e-20
21223.5 3.04328e-16 1e-20
21225.0 3.10843e-16 1e-20
21226.5 3.07554e-16 1e-20
21228.0 3.05205e-16 1e-20
21229.5 3.16273e-16 1e-20
21231.0 3.16751e-16 1e-20
21232.5 3.17748e-16 1e-20
21234.0 3.14896e-16 1e-20
21235.5 3.17027e-16 1e-20
21237.0 3.08723e-16 1e-20
21238.5 3.10287e-16 1e-20
21240.0 3.09682e-16 1e-20
21241.5 3.05407e-16 1e-20
21243.0 2.98525e-16 1e-20
21244.5 3.06184e-16 1e-20
21246.0 3.0343e-16 1e-20
21247.5 2.96539e-16 1e-20
21249.0 2.91784e-16 1e-20
21250.5 3.01571e-16 1e-20
21252.0 3.11007e-16 1e-20
21253.5 3.01816e-16 1e-20
21255.0 3.08875e-16 1e-20
21256.5 3.10086e-16 1e-20
21258.0 3.02486e-16 1e-20
21259.5 3.13058e-16 1e-20
21261.0 3.0736e-16 1e-20
21262.5 3.07106e-16 1e-20
21264.0 3.05097e-16 1e-20
21265.5 3.04146e-16 1e-20
21267.0 3.03e-16 1e-20
21268.5 3.00184e-16 1e-20
21270.0 3.01713e-16 1e-20
21271.5 3.02868e-16 1e-20
21273.0 3.02865e-16 1e-20
21274.5 3.09788e-16 1e-20
21276.0 3.04051e-16 1e-20
21277.5 3.02886e-16 1e-20
21279.0 3.07584e-16 1e-20
21280.5 3.05011e-16 1e-20
21282.0 2.99761e-16 1e-20
21283.5 2.99752e-16 1e-20
21285.0 3.10619e-16 1e-20
21286.5 3.05691e-16 1e-20
21288.0 2.9393e-16 1e-20
21289.5 3.00833e-16 1e-20
21291.0 3.04925e-16 1e-20
21292.5 2.9801e-16 1e-20
21294.0 3.03897e-16 1e-20
21295.5 2.93204e-16 1e-20
21297.0 3.00873e-16 1e-20
21298.5 3.07625e-16 1e-20
21300.0 3.01934e-16 1e-20
21301.5 2.99879e-16 1e-20
21303.0 3.01653e-16 1e-20
21304.5 2.99167e-16 1e-20
21306.0 2.99483e-16 1e-20
21307.5 2.95939e-16 1e-20
21309.0 3.07008e-16 1e-20
21310.5 2.92356e-16 1e-20
21312.0 2.94807e-16 1e-20
21313.5 2.97856e-16 1e-20
21315.0 3.07254e-16 1e-20
21316.5 3.00081e-16 1e-20
21318.0 3.01467e-16 1e-20
21319.5 2.99658e-16 1e-20
21321.0 2.99777e-16 1e-20
21322.5 2.93424e-16 1e-20
21324.0 2.94949e-16 1e-20
21325.5 2.99195e-16 1e-20
21327.0 2.98938e-16 1e-20
21328.5 2.98074e-16 1e-20
21330.0 2.99923e-16 1e-20
21331.5 2.96609e-16 1e-20
21333.0 2.99159e-16 1e-20
21334.5 2.91711e-16 1e-20
21336.0 2.92896e-16 1e-20
21337.5 2.95221e-16 1e-20
21339.0 2.98506e-16 1e-20
21340.5 2.98513e-16 1e-20
21342.0 2.96125e-16 1e-20
21343.5 2.91071e-16 1e-20
21345.0 2.95043e-16 1e-20
21346.5 2.91891e-16 1e-20
21348.0 2.9592e-16 1e-20
21349.5 2.92456e-16 1e-20
21351.0 2.9615e-16 1e-20
21352.5 2.92932e-16 1e-20
21354.0 2.95323e-16 1e-20
21355.5 2.97826e-16 1e-20
21357.0 2.93015e-16 1e-20
21358.5 2.96662e-16 1e-20
21360.0 2.98363e-16 1e-20
21361.5 2.94663e-16 1e-20
21363.0 2.90889e-16 1e-20
21364.5 2.89772e-16 1e-20
21366.0 2.90306e-16 1e-20
21367.5 2.90333e-16 1e-20
21369.0 2.95811e-16 1e-20
21370.5 2.87959e-16 1e-20
21372.0 2.91975e-16 1e-20
21373.5 2.86588e-16 1e-20
21375.0 2.90371e-16 1e-20
21376.5 2.85124e-16 1e-20
21378.0 2.9235e-16 1e-20
21379.5 2.94751e-16 1e-20
21381.0 2.93475e-16 1e-20
21382.5 2.88432e-16 1e-20
21384.0 2.92608e-16 1e-20
21385.5 2.91706e-16 1e-20
21387.0 2.94734e-16 1e-20
21388.5 2.91408e-16 1e-20
21390.0 2.88527e-16 1e-20
21391.5 2.83853e-16 1e-20
21393.0 2.88013e-16 1e-20
21394.5 2.88407e-16 1e-20
21396.0 2.85996e-16 1e-20
21397.5 2.87207e-16 1e-20
21399.0 2.82346e-16 1e-20
21400.5 2.88524e-16 1e-20
21402.0 2.86786e-16 1e-20
21403.5 2.84427e-16 1e-20
21405.0 2.95569e-16 1e-20
21406.5 2.82936e-16 1e-20
21408.0 2.89897e-16 1e-20
21409.5 2.82684e-16 1e-20
21411.0 2.84233e-16 1e-20
21412.5 2.8595e-16 1e-20
21414.0 2.87452e-16 1e-20
21415.5 2.87038e-16 1e-20
21417.0 2.88589e-16 1e-20
21418.5 2.87639e-16 1e-20
21420.0 2.85607e-16 1e-20
21421.5 2.86335e-16 1e-20
21423.0 2.89783e-16 1e-20
21424.5 2.86994e-16 1e-20
21426.0 2.84508e-16 1e-20
21427.5 2.86038e-16 1e-20
21429.0 2.87754e-16 1e-20
21430.5 2.87403e-16 1e-20
21432.0 2.8108e-16 1e-20
21433.5 2.90181e-16 1e-20
21435.0 2.81004e-16 1e-20
21436.5 2.78823e-16 1e-20
21438.0 2.85896e-16 1e-20
21439.5 2.89767e-16 1e-20
21441.0 2.85459e-16 1e-20
21442.5 2.80963e-16 1e-20
21444.0 2.81576e-16 1e-20
21445.5 2.92034e-16 1e-20
21447.0 2.78573e-16 1e-20
21448.5 2.83287e-16 1e-20
21450.0 2.83196e-16 1e-20
21451.5 2.86921e-16 1e-20
21453.0 2.79706e-16 1e-20
21454.5 2.84706e-16 1e-20
21456.0 2.78575e-16 1e-20
21457.5 2.83456e-16 1e-20
21459.0 2.82195e-16 1e-20
21460.5 2.83723e-16 1e-20
21462.0 2.80249e-16 1e-20
21463.5 2.81796e-16 1e-20
21465.0 2.83632e-16 1e-20
21466.5 2.81295e-16 1e-20
21468.0 2.83284e-16 1e-20
21469.5 2.88462e-16 1e-20
21471.0 2.785e-16 1e-20
21472.5 2.77778e-16 1e-20
21474.0 2.83089e-16 1e-20
21475.5 2.81554e-16 1e-20
21477.0 2.78953e-16 1e-20
21478.5 2.84437e-16 1e-20
21480.0 2.78067e-16 1e-20
21481.5 2.81168e-16 1e-20
21483.0 2.79143e-16 1e-20
21484.5 2.84715e-16 1e-20
21486.0 2.81513e-16 1e-20
21487.5 2.81788e-16 1e-20
21489.0 2.82774e-16 1e-20
21490.5 2.79436e-16 1e-20
21492.0 2.80193e-16 1e-20
21493.5 2.83314e-16 1e-20
21495.0 2.73938e-16 1e-20
21496.5 2.76691e-16 1e-20
21498.0 2.80457e-16 1e-20
21499.5 2.829e-16 1e-20
21501.0 2.80349e-16 1e-20
21502.5 2.80216e-16 1e-20
21504.0 2.9472e-16 1e-20
21505.5 2.31969e-16 1e-20
21507.0 2.65041e-16 1e-20
21508.5 2.68342e-16 1e-20
21510.0 2.81616e-16 1e-20
21511.5 2.67077e-16 1e-20
21513.0 2.78707e-16 1e-20
21514.5 2.82682e-16 1e-20
21516.0 2.84219e-16 1e-20
21517.5 2.8094e-16 1e-20
21519.0 2.84247e-16 1e-20
21520.5 2.84154e-16 1e-20
21522.0 2.7963e-16 1e-20
21523.5 2.76503e-16 1e-20
21525.0 2.77621e-16 1e-20
21526.5 2.80612e-16 1e-20
21528.0 2.78431e-16 1e-20
21529.5 2.84254e-16 1e-20
21531.0 2.87458e-16 1e-20
21532.5 2.86911e-16 1e-20
21534.0 2.8211e-16 1e-20
21535.5 2.81024e-16 1e-20
21537.0 2.54141e-16 1e-20
21538.5 2.8471e-16 1e-20
21540.0 2.74009e-16 1e-20
21541.5 2.7187e-16 1e-20
21543.0 2.8057e-16 1e-20
21544.5 2.85111e-16 1e-20
21546.0 2.82149e-16 1e-20
21547.5 2.8124e-16 1e-20
21549.0 2.76897e-16 1e-20
21550.5 2.73462e-16 1e-20
21552.0 2.80566e-16 1e-20
21553.5 2.77388e-16 1e-20
21555.0 2.77709e-16 1e-20
21556.5 2.88826e-16 1e-20
21558.0 2.86447e-16 1e-20
21559.5 2.80652e-16 1e-20
21561.0 2.82583e-16 1e-20
21562.5 2.77963e-16 1e-20
21564.0 2.7209e-16 1e-20
21565.5 2.78989e-16 1e-20
21567.0 2.85776e-16 1e-20
21568.5 2.79564e-16 1e-20
21570.0 2.7372e-16 1e-20
21571.5 2.78128e-16 1e-20
21573.0 2.80842e-16 1e-20
21574.5 2.78754e-16 1e-20
21576.0 2.7662e-16 1e-20
21577.5 2.86503e-16 1e-20
21579.0 2.89701e-16 1e-20
21580.5 2.82301e-16 1e-20
21582.0 2.80839e-16 1e-20
21583.5 2.77911e-16 1e-20
21585.0 2.80989e-16 1e-20
21586.5 2.77313e-16 1e-20
21588.0 2.76359e-16 1e-20
21589.5 2.76598e-16 1e-20
21591.0 2.78567e-16 1e-20
21592.5 2.83966e-16 1e-20
21594.0 2.81314e-16 1e-20
21595.5 2.76835e-16 1e-20
21597.0 2.81015e-16 1e-20
21598.5 2.77281e-16 1e-20
21600.0 2.79458e-16 1e-20
21601.5 2.76621e-16 1e-20
21603.0 2.76637e-16 1e-20
21604.5 2.71563e-16 1e-20
21606.0 2.72209e-16 1e-20
21607.5 2.82103e-16 1e-20
21609.0 2.81092e-16 1e-20
21610.5 2.77936e-16 1e-20
21612.0 2.76433e-16 1e-20
21613.5 2.7827e-16 1e-20
21615.0 2.82703e-16 1e-20
21616.5 2.8086e-16 1e-20
21618.0 2.75102e-16 1e-20
21619.5 2.79427e-16 1e-20
21621.0 2.78623e-16 1e-20
21622.5 2.75219e-16 1e-20
21624.0 2.74583e-16 1e-20
21625.5 2.73014e-16 1e-20
21627.0 2.82112e-16 1e-20
21628.5 2.75781e-16 1e-20
21630.0 2.75462e-16 1e-20
21631.5 2.74371e-16 1e-20
21633.0 2.72132e-16 1e-20
21634.5 2.67378e-16 1e-20
21636.0 2.86102e-16 1e-20
21637.5 2.9056e-16 1e-20
21639.0 2.79511e-16 1e-20
21640.5 2.81134e-16 1e-20
21642.0 2.73384e-16 1e-20
21643.5 2.7991e-16 1e-20
21645.0 2.84425e-16 1e-20
21646.5 2.81573e-16 1e-20
21648.0 2.84612e-16 1e-20
21649.5 2.82731e-16 1e-20
21651.0 2.75759e-16 1e-20
21652.5 2.82148e-16 1e-20
21654.0 2.77565e-16 1e-20
21655.5 2.86315e-16 1e-20
21657.0 2.84972e-16 1e-20
21658.5 2.83135e-16 1e-20
21660.0 2.88318e-16 1e-20
21661.5 2.8851e-16 1e-20
21663.0 2.98325e-16 1e-20
21664.5 2.99017e-16 1e-20
21666.0 2.97631e-16 1e-20
21667.5 2.98014e-16 1e-20
21669.0 2.9964e-16 1e-20
21670.5 2.92398e-16 1e-20
21672.0 2.89288e-16 1e-20
21673.5 2.90506e-16 1e-20
21675.0 2.81563e-16 1e-20
21676.5 2.80451e-16 1e-20
21678.0 2.83878e-16 1e-20
21679.5 2.76768e-16 1e-20
21681.0 2.78312e-16 1e-20
21682.5 2.76298e-16 1e-20
21684.0 2.72811e-16 1e-20
21685.5 2.52863e-16 1e-20
21687.0 2.71719e-16 1e-20
21688.5 2.7789e-16 1e-20
21690.0 2.72627e-16 1e-20
21691.5 2.82517e-16 1e-20
21693.0 2.747e-16 1e-20
21694.5 2.76495e-16 1e-20
21696.0 2.71292e-16 1e-20
21697.5 2.75872e-16 1e-20
21699.0 2.69287e-16 1e-20
21700.5 2.76589e-16 1e-20
21702.0 2.71869e-16 1e-20
21703.5 2.67403e-16 1e-20
21705.0 2.70971e-16 1e-20
21706.5 2.47318e-16 1e-20
21708.0 2.61494e-16 1e-20
21709.5 2.19554e-16 1e-20
21711.0 2.84761e-16 1e-20
21712.5 2.65444e-16 1e-20
21714.0 2.60869e-16 1e-20
21715.5 2.65245e-16 1e-20
21717.0 2.7043e-16 1e-20
21718.5 2.69095e-16 1e-20
21720.0 2.71336e-16 1e-20
21721.5 2.72879e-16 1e-20
21723.0 2.67976e-16 1e-20
21724.5 2.58589e-16 1e-20
21726.0 2.67232e-16 1e-20
21727.5 2.722e-16 1e-20
21729.0 2.67806e-16 1e-20
21730.5 2.6436e-16 1e-20
21732.0 2.66035e-16 1e-20
21733.5 2.68121e-16 1e-20
21735.0 2.70472e-16 1e-20
21736.5 2.69819e-16 1e-20
21738.0 2.65927e-16 1e-20
21739.5 2.62489e-16 1e-20
21741.0 2.65184e-16 1e-20
21742.5 2.64861e-16 1e-20
21744.0 2.63305e-16 1e-20
21745.5 2.67581e-16 1e-20
21747.0 2.68459e-16 1e-20
21748.5 2.5529e-16 1e-20
21750.0 2.65085e-16 1e-20
21751.5 2.66529e-16 1e-20
21753.0 2.64111e-16 1e-20
21754.5 2.6139e-16 1e-20
21756.0 2.64982e-16 1e-20
21757.5 2.60266e-16 1e-20
21759.0 2.62209e-16 1e-20
21760.5 2.63994e-16 1e-20
21762.0 2.67034e-16 1e-20
21763.5 2.62623e-16 1e-20
21765.0 2.67204e-16 1e-20
21766.5 2.65404e-16 1e-20
21768.0 2.68335e-16 1e-20
21769.5 2.60394e-16 1e-20
21771.0 2.60818e-16 1e-20
21772.5 2.64325e-16 1e-20
21774.0 2.6061e-16 1e-20
21775.5 2.56501e-16 1e-20
21777.0 2.6389e-16 1e-20
21778.5 2.56728e-16 1e-20
21780.0 2.61042e-16 1e-20
21781.5 2.6214e-16 1e-20
21783.0 2.56786e-16 1e-20
21784.5 2.58809e-16 1e-20
21786.0 2.59955e-16 1e-20
21787.5 2.59865e-16 1e-20
21789.0 2.61801e-16 1e-20
21790.5 2.56907e-16 1e-20
21792.0 2.53018e-16 1e-20
21793.5 2.55956e-16 1e-20
21795.0 2.58936e-16 1e-20
21796.5 2.6244e-16 1e-20
21798.0 2.59057e-16 1e-20
21799.5 2.19325e-16 1e-20
21801.0 1.71931e-16 1e-20
21802.5 2.03492e-16 1e-20
21804.0 2.51149e-16 1e-20
21805.5 2.84999e-16 1e-20
21807.0 2.47538e-16 1e-20
21808.5 2.57493e-16 1e-20
21810.0 2.59469e-16 1e-20
21811.5 2.64423e-16 1e-20
21813.0 2.60458e-16 1e-20
21814.5 2.58774e-16 1e-20
21816.0 2.58162e-16 1e-20
21817.5 2.55633e-16 1e-20
21819.0 2.55422e-16 1e-20
21820.5 2.56757e-16 1e-20
21822.0 2.61273e-16 1e-20
21823.5 2.57051e-16 1e-20
21825.0 2.49921e-16 1e-20
21826.5 2.59217e-16 1e-20
21828.0 2.55989e-16 1e-20
21829.5 2.55157e-16 1e-20
21831.0 2.50394e-16 1e-20
21832.5 2.54611e-16 1e-20
21834.0 2.55191e-16 1e-20
21835.5 2.65482e-16 1e-20
21837.0 2.56438e-16 1e-20
21838.5 2.55145e-16 1e-20
21840.0 2.535e-16 1e-20
21841.5 2.52613e-16 1e-20
21843.0 2.56461e-16 1e-20
21844.5 2.54245e-16 1e-20
21846.0 2.52982e-16 1e-20
21847.5 2.45878e-16 1e-20
21849.0 2.52945e-16 1e-20
21850.5 2.63078e-16 1e-20
21852.0 2.6062e-16 1e-20
21853.5 2.6284e-16 1e-20
21855.0 2.56695e-16 1e-20
21856.5 2.53889e-16 1e-20
21858.0 2.57015e-16 1e-20
21859.5 2.5757e-16 1e-20
21861.0 2.46325e-16 1e-20
21862.5 2.54867e-16 1e-20
21864.0 2.52136e-16 1e-20
21865.5 2.52609e-16 1e-20
21867.0 2.51962e-16 1e-20
21868.5 2.52299e-16 1e-20
21870.0 2.44208e-16 1e-20
21871.5 2.20631e-16 1e-20
21873.0 2.12573e-16 1e-20
21874.5 2.54447e-16 1e-20
21876.0 2.42118e-16 1e-20
21877.5 2.54758e-16 1e-20
21879.0 2.5562e-16 1e-20
21880.5 2.45031e-16 1e-20
21882.0 2.50413e-16 1e-20
21883.5 2.54791e-16 1e-20
21885.0 2.52812e-16 1e-20
21886.5 2.49416e-16 1e-20
21888.0 2.46829e-16 1e-20
21889.5 2.47081e-16 1e-20
21891.0 2.37982e-16 1e-20
21892.5 2.53714e-16 1e-20
21894.0 2.48513e-16 1e-20
21895.5 2.49046e-16 1e-20
21897.0 2.51204e-16 1e-20
21898.5 2.51019e-16 1e-20
21900.0 2.48999e-16 1e-20
21901.5 2.50301e-16 1e-20
21903.0 2.52463e-16 1e-20
21904.5 2.47233e-16 1e-20
21906.0 2.49436e-16 1e-20
21907.5 2.47483e-16 1e-20
21909.0 2.54305e-16 1e-20
21910.5 2.47149e-16 1e-20
21912.0 2.49394e-16 1e-20
21913.5 2.45084e-16 1e-20
21915.0 2.42669e-16 1e-20
21916.5 2.53799e-16 1e-20
21918.0 2.50808e-16 1e-20
21919.5 2.45183e-16 1e-20
21921.0 2.39988e-16 1e-20
21922.5 2.40704e-16 1e-20
21924.0 2.4226e-16 1e-20
21925.5 2.41326e-16 1e-20
21927.0 2.45157e-16 1e-20
21928.5 2.4381e-16 1e-20
21930.0 2.41069e-16 1e-20
21931.5 2.47378e-16 1e-20
21933.0 2.41618e-16 1e-20
21934.5 2.46087e-16 1e-20
21936.0 2.33748e-16 1e-20
21937.5 2.43008e-16 1e-20
21939.0 2.2289e-16 1e-20
21940.5 2.43372e-16 1e-20
21942.0 2.4322e-16 1e-20
21943.5 2.44708e-16 1e-20
21945.0 2.3991e-16 1e-20
21946.5 2.40087e-16 1e-20
21948.0 2.39174e-16 1e-20
21949.5 2.45304e-16 1e-20
21951.0 2.43883e-16 1e-20
21952.5 2.2452e-16 1e-20
21954.0 2.36152e-16 1e-20
21955.5 2.36733e-16 1e-20
21957.0 2.38142e-16 1e-20
21958.5 2.36702e-16 1e-20
21960.0 2.65653e-16 1e-20
21961.5 2.37595e-16 1e-20
21963.0 2.39569e-16 1e-20
21964.5 2.41149e-16 1e-20
21966.0 2.38485e-16 1e-20
21967.5 2.40958e-16 1e-20
21969.0 2.39519e-16 1e-20
21970.5 2.40213e-16 1e-20
21972.0 2.34454e-16 1e-20
21973.5 2.39322e-16 1e-20
21975.0 2.3967e-16 1e-20
21976.5 2.4362e-16 1e-20
21978.0 2.37448e-16 1e-20
21979.5 2.33086e-16 1e-20
21981.0 2.2814e-16 1e-20
21982.5 2.30442e-16 1e-20
21984.0 2.41157e-16 1e-20
21985.5 2.42597e-16 1e-20
21987.0 2.35891e-16 1e-20
21988.5 2.42052e-16 1e-20
21990.0 2.39939e-16 1e-20
21991.5 2.38543e-16 1e-20
21993.0 2.35945e-16 1e-20
21994.5 2.41998e-16 1e-20
21996.0 2.35453e-16 1e-20
21997.5 2.33652e-16 1e-20
21999.0 2.31137e-16 1e-20
22000.5 2.4044e-16 1e-20
22002.0 2.36811e-16 1e-20
22003.5 2.34686e-16 1e-20
22005.0 2.38571e-16 1e-20
22006.5 2.38713e-16 1e-20
22008.0 2.40311e-16 1e-20
22009.5 2.34117e-16 1e-20
22011.0 2.35319e-16 1e-20
22012.5 2.39976e-16 1e-20
22014.0 2.30989e-16 1e-20
22015.5 2.33149e-16 1e-20
22017.0 2.35564e-16 1e-20
22018.5 2.33768e-16 1e-20
22020.0 2.32352e-16 1e-20
22021.5 2.3542e-16 1e-20
22023.0 2.3933e-16 1e-20
22024.5 2.41314e-16 1e-20
22026.0 2.32621e-16 1e-20
22027.5 2.31504e-16 1e-20
22029.0 2.3517e-16 1e-20
22030.5 2.332e-16 1e-20
22032.0 2.28555e-16 1e-20
22033.5 2.2704e-16 1e-20
22035.0 2.30948e-16 1e-20
22036.5 2.31474e-16 1e-20
22038.0 2.28465e-16 1e-20
22039.5 2.30644e-16 1e-20
22041.0 2.29276e-16 1e-20
22042.5 2.30978e-16 1e-20
22044.0 2.31084e-16 1e-20
22045.5 2.30955e-16 1e-20
22047.0 2.26814e-16 1e-20
22048.5 2.21726e-16 1e-20
22050.0 1.90994e-16 1e-20
22051.5 1.92481e-16 1e-20
22053.0 2.42809e-16 1e-20
22054.5 2.17809e-16 1e-20
22056.0 2.27974e-16 1e-20
22057.5 2.23417e-16 1e-20
22059.0 2.26044e-16 1e-20
22060.5 2.25633e-16 1e-20
22062.0 2.27578e-16 1e-20
22063.5 2.30204e-16 1e-20
22065.0 2.22813e-16 1e-20
22066.5 2.25453e-16 1e-20
22068.0 2.21617e-16 1e-20
22069.5 2.31638e-16 1e-20
22071.0 2.31458e-16 1e-20
22072.5 2.25093e-16 1e-20
22074.0 2.25767e-16 1e-20
22075.5 2.29685e-16 1e-20
22077.0 2.28326e-16 1e-20
22078.5 2.2649e-16 1e-20
22080.0 2.27553e-16 1e-20
22081.5 2.24432e-16 1e-20
22083.0 2.25125e-16 1e-20
22084.5 2.29074e-16 1e-20
22086.0 2.23509e-16 1e-20
22087.5 2.2359e-16 1e-20
22089.0 2.27313e-16 1e-20
22090.5 2.26223e-16 1e-20
22092.0 2.25925e-16 1e-20
22093.5 2.23055e-16 1e-20
22095.0 2.26674e-16 1e-20
22096.5 2.26965e-16 1e-20
22098.0 2.25734e-16 1e-20
22099.5 2.25619e-16 1e-20
22101.0 2.27616e-16 1e-20
22102.5 2.17098e-16 1e-20
22104.0 2.25178e-16 1e-20
22105.5 2.24288e-16 1e-20
22107.0 2.27169e-16 1e-20
22108.5 2.23421e-16 1e-20
22110.0 2.19151e-16 1e-20
22111.5 2.2539e-16 1e-20
22113.0 2.30295e-16 1e-20
22114.5 2.24866e-16 1e-20
22116.0 2.24054e-16 1e-20
22117.5 2.17536e-16 1e-20
22119.0 2.22975e-16 1e-20
22120.5 2.25499e-16 1e-20
22122.0 1.99988e-16 1e-20
22123.5 1.62079e-16 1e-20
22125.0 1.65589e-16 1e-20
22126.5 2.13364e-16 1e-20
22128.0 2.05791e-16 1e-20
22129.5 2.17183e-16 1e-20
22131.0 2.13433e-16 1e-20
22132.5 2.24099e-16 1e-20
22134.0 2.23047e-16 1e-20
22135.5 2.24312e-16 1e-20
22137.0 2.19138e-16 1e-20
22138.5 2.17388e-16 1e-20
22140.0 2.20756e-16 1e-20
22141.5 2.24818e-16 1e-20
22143.0 2.24147e-16 1e-20
22144.5 2.24683e-16 1e-20
22146.0 2.23558e-16 1e-20
22147.5 2.21703e-16 1e-20
22149.0 2.1912e-16 1e-20
22150.5 2.2213e-16 1e-20
22152.0 2.21089e-16 1e-20
22153.5 2.2336e-16 1e-20
22155.0 2.22669e-16 1e-20
22156.5 2.2116e-16 1e-20
22158.0 2.19049e-16 1e-20
22159.5 2.20541e-16 1e-20
22161.0 2.24598e-16 1e-20
22162.5 2.21853e-16 1e-20
22164.0 2.1757e-16 1e-20
22165.5 2.21434e-16 1e-20
22167.0 2.16275e-16 1e-20
22168.5 2.1778e-16 1e-20
22170.0 2.15181e-16 1e-20
22171.5 2.21263e-16 1e-20
22173.0 2.22881e-16 1e-20
22174.5 2.1751e-16 1e-20
22176.0 2.19693e-16 1e-20
22177.5 2.18926e-16 1e-20
22179.0 2.15838e-16 1e-20
22180.5 2.17478e-16 1e-20
22182.0 2.20858e-16 1e-20
22183.5 2.1483e-16 1e-20
22185.0 2.11845e-16 1e-20
22186.5 2.20603e-16 1e-20
22188.0 2.14394e-16 1e-20
22189.5 2.15356e-16 1e-20
22191.0 2.11625e-16 1e-20
22192.5 2.14966e-16 1e-20
22194.0 2.11843e-16 1e-20
22195.5 2.10391e-16 1e-20
22197.0 2.11231e-16 1e-20
22198.5 2.17484e-16 1e-20
22200.0 2.16301e-16 1e-20
22201.5 2.14921e-16 1e-20
22203.0 2.15702e-16 1e-20
22204.5 2.12873e-16 1e-20
22206.0 2.15172e-16 1e-20
22207.5 2.16221e-16 1e-20
22209.0 2.1147e-16 1e-20
22210.5 2.1659e-16 1e-20
22212.0 2.11832e-16 1e-20
22213.5 2.15851e-16 1e-20
22215.0 2.13809e-16 1e-20
22216.5 2.20398e-16 1e-20
22218.0 2.21493e-16 1e-20
22219.5 2.17094e-16 1e-20
22221.0 2.14345e-16 1e-20
22222.5 2.11429e-16 1e-20
22224.0 2.148e-16 1e-20
22225.5 2.08481e-16 1e-20
22227.0 2.10844e-16 1e-20
22228.5 2.06979e-16 1e-20
22230.0 2.12245e-16 1e-20
22231.5 2.1237e-16 1e-20
22233.0 2.09591e-16 1e-20
22234.5 2.11357e-16 1e-20
22236.0 2.15533e-16 1e-20
22237.5 2.1296e-16 1e-20
22239.0 2.08515e-16 1e-20
22240.5 2.08355e-16 1e-20
22242.0 2.09612e-16 1e-20
22243.5 2.13632e-16 1e-20
22245.0 2.0185e-16 1e-20
22246.5 1.75752e-16 1e-20
22248.0 1.9044e-16 1e-20
22249.5 2.0316e-16 1e-20
22251.0 1.93931e-16 1e-20
22252.5 2.05217e-16 1e-20
22254.0 2.09663e-16 1e-20
22255.5 2.10584e-16 1e-20
22257.0 2.05085e-16 1e-20
22258.5 2.07396e-16 1e-20
22260.0 2.04818e-16 1e-20
22261.5 2.12437e-16 1e-20
22263.0 2.15741e-16 1e-20
22264.5 1.97845e-16 1e-20
22266.0 1.96908e-16 1e-20
22267.5 2.08479e-16 1e-20
22269.0 2.0636e-16 1e-20
22270.5 2.05375e-16 1e-20
22272.0 2.05018e-16 1e-20
22273.5 2.13252e-16 1e-20
22275.0 2.08428e-16 1e-20
22276.5 2.06669e-16 1e-20
22278.0 2.05761e-16 1e-20
22279.5 2.06425e-16 1e-20
22281.0 2.07729e-16 1e-20
22282.5 2.05901e-16 1e-20
22284.0 2.0466e-16 1e-20
22285.5 2.08977e-16 1e-20
22287.0 2.10277e-16 1e-20
22288.5 2.07858e-16 1e-20
22290.0 2.04848e-16 1e-20
22291.5 2.05792e-16 1e-20
22293.0 2.02287e-16 1e-20
22294.5 2.0376e-16 1e-20
22296.0 2.04864e-16 1e-20
22297.5 2.04934e-16 1e-20
22299.0 2.0653e-16 1e-20
22300.5 2.00499e-16 1e-20
22302.0 1.98313e-16 1e-20
22303.5 2.0088e-16 1e-20
22305.0 2.00248e-16 1e-20
22306.5 2.04791e-16 1e-20
22308.0 2.04431e-16 1e-20
22309.5 1.68447e-16 1e-20
22311.0 1.58729e-16 1e-20
22312.5 1.67528e-16 1e-20
22314.0 1.96994e-16 1e-20
22315.5 2.27142e-16 1e-20
22317.0 2.04516e-16 1e-20
22318.5 2.09232e-16 1e-20
22320.0 1.99767e-16 1e-20
22321.5 2.00469e-16 1e-20
22323.0 2.07587e-16 1e-20
22324.5 2.01338e-16 1e-20
22326.0 1.9847e-16 1e-20
22327.5 2.08144e-16 1e-20
22329.0 1.99742e-16 1e-20
22330.5 2.07784e-16 1e-20
22332.0 2.08248e-16 1e-20
22333.5 2.04054e-16 1e-20
22335.0 2.08932e-16 1e-20
22336.5 2.10107e-16 1e-20
22338.0 2.09539e-16 1e-20
22339.5 1.97809e-16 1e-20
22341.0 1.96603e-16 1e-20
22342.5 1.98404e-16 1e-20
22344.0 1.98995e-16 1e-20
22345.5 1.98815e-16 1e-20
22347.0 2.05068e-16 1e-20
22348.5 1.98709e-16 1e-20
22350.0 2.02946e-16 1e-20
22351.5 1.99523e-16 1e-20
22353.0 1.98954e-16 1e-20
22354.5 1.99973e-16 1e-20
22356.0 2.02459e-16 1e-20
22357.5 1.99864e-16 1e-20
22359.0 2.00914e-16 1e-20
22360.5 2.01148e-16 1e-20
22362.0 1.94258e-16 1e-20
22363.5 1.97806e-16 1e-20
22365.0 2.00209e-16 1e-20
22366.5 2.02282e-16 1e-20
22368.0 2.00464e-16 1e-20
22369.5 2.03954e-16 1e-20
22371.0 2.0119e-16 1e-20
22372.5 1.99976e-16 1e-20
22374.0 1.95388e-16 1e-20
22375.5 1.99974e-16 1e-20
22377.0 1.95874e-16 1e-20
22378.5 1.97632e-16 1e-20
22380.0 1.96454e-16 1e-20
22381.5 1.98816e-16 1e-20
22383.0 2.07716e-16 1e-20
22384.5 1.8209e-16 1e-20
22386.0 1.93323e-16 1e-20
22387.5 1.94934e-16 1e-20
22389.0 1.92363e-16 1e-20
22390.5 2.01675e-16 1e-20
22392.0 1.94943e-16 1e-20
22393.5 2.01174e-16 1e-20
22395.0 2.00174e-16 1e-20
22396.5 1.96456e-16 1e-20
22398.0 2.09881e-16 1e-20
22399.5 1.96487e-16 1e-20
22401.0 1.94934e-16 1e-20
22402.5 1.96979e-16 1e-20
22404.0 1.99889e-16 1e-20
22405.5 2.01323e-16 1e-20
22407.0 1.98077e-16 1e-20
22408.5 1.9648e-16 1e-20
22410.0 1.97477e-16 1e-20
22411.5 2.00019e-16 1e-20
22413.0 2.01337e-16 1e-20
22414.5 1.9602e-16 1e-20
22416.0 1.94991e-16 1e-20
22417.5 1.97537e-16 1e-20
22419.0 1.95873e-16 1e-20
22420.5 1.96735e-16 1e-20
22422.0 1.96816e-16 1e-20
22423.5 1.95263e-16 1e-20
22425.0 1.95907e-16 1e-20
22426.5 1.90311e-16 1e-20
22428.0 1.95813e-16 1e-20
22429.5 2.00382e-16 1e-20
22431.0 1.93738e-16 1e-20
22432.5 1.96258e-16 1e-20
22434.0 1.96927e-16 1e-20
22435.5 1.91006e-16 1e-20
22437.0 1.972e-16 1e-20
22438.5 1.88616e-16 1e-20
22440.0 1.96652e-16 1e-20
22441.5 1.88252e-16 1e-20
22443.0 2.01598e-16 1e-20
22444.5 1.97951e-16 1e-20
22446.0 1.98379e-16 1e-20
22447.5 1.91149e-16 1e-20
22449.0 1.94136e-16 1e-20
22450.5 1.93029e-16 1e-20
22452.0 1.94474e-16 1e-20
22453.5 1.89738e-16 1e-20
22455.0 1.95623e-16 1e-20
22456.5 1.91627e-16 1e-20
22458.0 1.9622e-16 1e-20
22459.5 2.07777e-16 1e-20
22461.0 1.97611e-16 1e-20
22462.5 1.83038e-16 1e-20
22464.0 1.87734e-16 1e-20
22465.5 1.90018e-16 1e-20
22467.0 1.93662e-16 1e-20
22468.5 1.87736e-16 1e-20
22470.0 2.0096e-16 1e-20
22471.5 1.95086e-16 1e-20
22473.0 1.89971e-16 1e-20
22474.5 1.89978e-16 1e-20
22476.0 1.86624e-16 1e-20
22477.5 1.91181e-16 1e-20
22479.0 1.93496e-16 1e-20
22480.5 1.917e-16 1e-20
22482.0 1.91336e-16 1e-20
22483.5 1.91782e-16 1e-20
22485.0 1.88329e-16 1e-20
22486.5 1.90302e-16 1e-20
22488.0 1.90724e-16 1e-20
22489.5 1.88815e-16 1e-20
22491.0 1.85675e-16 1e-20
22492.5 1.8962e-16 1e-20
22494.0 1.89866e-16 1e-20
22495.5 1.85214e-16 1e-20
22497.0 1.88308e-16 1e-20
22498.5 1.88325e-16 1e-20
22500.0 1.91193e-16 1e-20
22501.5 1.851e-16 1e-20
22503.0 1.89155e-16 1e-20
22504.5 1.95317e-16 1e-20
22506.0 1.9448e-16 1e-20
22507.5 1.88035e-16 1e-20
22509.0 1.77631e-16 1e-20
22510.5 1.87206e-16 1e-20
22512.0 1.97042e-16 1e-20
22513.5 1.94245e-16 1e-20
22515.0 2.24174e-16 1e-20
22516.5 2.32424e-16 1e-20
22518.0 1.77753e-16 1e-20
22519.5 1.81774e-16 1e-20
22521.0 1.80419e-16 1e-20
22522.5 1.80008e-16 1e-20
22524.0 1.84746e-16 1e-20
22525.5 1.90528e-16 1e-20
22527.0 1.86954e-16 1e-20
22528.5 1.92667e-16 1e-20
22530.0 1.85655e-16 1e-20
22531.5 1.90026e-16 1e-20
22533.0 1.79902e-16 1e-20
22534.5 1.83791e-16 1e-20
22536.0 1.82604e-16 1e-20
22537.5 1.82261e-16 1e-20
22539.0 1.89374e-16 1e-20
22540.5 1.75835e-16 1e-20
22542.0 1.86389e-16 1e-20
22543.5 1.88455e-16 1e-20
22545.0 1.81424e-16 1e-20
22546.5 1.89509e-16 1e-20
22548.0 1.86639e-16 1e-20
22549.5 1.88869e-16 1e-20
22551.0 1.83845e-16 1e-20
22552.5 1.86166e-16 1e-20
22554.0 1.82453e-16 1e-20
22555.5 1.89548e-16 1e-20
22557.0 1.88186e-16 1e-20
22558.5 1.85683e-16 1e-20
22560.0 1.86062e-16 1e-20
22561.5 1.89956e-16 1e-20
22563.0 1.88812e-16 1e-20
22564.5 1.90856e-16 1e-20
22566.0 1.79839e-16 1e-20
22567.5 1.89699e-16 1e-20
22569.0 1.85005e-16 1e-20
22570.5 1.88231e-16 1e-20
22572.0 2.0308e-16 1e-20
22573.5 1.56753e-16 1e-20
22575.0 1.84629e-16 1e-20
22576.5 1.85211e-16 1e-20
22578.0 1.8026e-16 1e-20
22579.5 1.82226e-16 1e-20
22581.0 1.86312e-16 1e-20
22582.5 1.86442e-16 1e-20
22584.0 1.82147e-16 1e-20
22585.5 1.77553e-16 1e-20
22587.0 1.77397e-16 1e-20
22588.5 1.83909e-16 1e-20
22590.0 1.82242e-16 1e-20
22591.5 1.78099e-16 1e-20
22593.0 1.81482e-16 1e-20
22594.5 1.85547e-16 1e-20
22596.0 1.82287e-16 1e-20
22597.5 1.89505e-16 1e-20
22599.0 1.88917e-16 1e-20
22600.5 1.87814e-16 1e-20
22602.0 1.85307e-16 1e-20
22603.5 1.79522e-16 1e-20
22605.0 1.86032e-16 1e-20
22606.5 1.83257e-16 1e-20
22608.0 1.86837e-16 1e-20
22609.5 1.89929e-16 1e-20
22611.0 1.86361e-16 1e-20
22612.5 1.87502e-16 1e-20
22614.0 1.76948e-16 1e-20
22615.5 1.88151e-16 1e-20
22617.0 1.85846e-16 1e-20
22618.5 1.84229e-16 1e-20
22620.0 1.85856e-16 1e-20
22621.5 1.74161e-16 1e-20
22623.0 1.80109e-16 1e-20
22624.5 1.75988e-16 1e-20
22626.0 1.76478e-16 1e-20
22627.5 1.82538e-16 1e-20
22629.0 1.8071e-16 1e-20
22630.5 1.88868e-16 1e-20
22632.0 1.83369e-16 1e-20
22633.5 1.93929e-16 1e-20
22635.0 1.92565e-16 1e-20
22636.5 1.71851e-16 1e-20
22638.0 1.79943e-16 1e-20
22639.5 1.76541e-16 1e-20
22641.0 1.77084e-16 1e-20
22642.5 1.85693e-16 1e-20
22644.0 1.83535e-16 1e-20
22645.5 1.79457e-16 1e-20
22647.0 1.83673e-16 1e-20
22648.5 1.77543e-16 1e-20
22650.0 1.72509e-16 1e-20
22651.5 1.67232e-16 1e-20
22653.0 1.7523e-16 1e-20
22654.5 1.75235e-16 1e-20
22656.0 1.74737e-16 1e-20
22657.5 1.78423e-16 1e-20
22659.0 1.8374e-16 1e-20
22660.5 1.72826e-16 1e-20
22662.0 1.72264e-16 1e-20
22663.5 1.78566e-16 1e-20
22665.0 1.76088e-16 1e-20
22666.5 1.76178e-16 1e-20
22668.0 1.74514e-16 1e-20
22669.5 1.77941e-16 1e-20
22671.0 1.77085e-16 1e-20
22672.5 1.80323e-16 1e-20
22674.0 1.78791e-16 1e-20
22675.5 1.76179e-16 1e-20
22677.0 1.7351e-16 1e-20
22678.5 1.73866e-16 1e-20
22680.0 1.82142e-16 1e-20
22681.5 1.77702e-16 1e-20
22683.0 1.83446e-16 1e-20
22684.5 1.80973e-16 1e-20
22686.0 1.92246e-16 1e-20
22687.5 1.68111e-16 1e-20
22689.0 1.72894e-16 1e-20
22690.5 1.74269e-16 1e-20
22692.0 1.72682e-16 1e-20
22693.5 1.72514e-16 1e-20
22695.0 1.7313e-16 1e-20
22696.5 1.74031e-16 1e-20
22698.0 1.66885e-16 1e-20
22699.5 1.86661e-16 1e-20
22701.0 1.84223e-16 1e-20
22702.5 1.7433e-16 1e-20
22704.0 1.67443e-16 1e-20
22705.5 1.67811e-16 1e-20
22707.0 1.69234e-16 1e-20
22708.5 1.71711e-16 1e-20
22710.0 1.77094e-16 1e-20
22711.5 1.75058e-16 1e-20
22713.0 1.76387e-16 1e-20
22714.5 1.6911e-16 1e-20
22716.0 1.68804e-16 1e-20
22717.5 1.80373e-16 1e-20
22719.0 1.75335e-16 1e-20
22720.5 1.7544e-16 1e-20
22722.0 1.75106e-16 1e-20
22723.5 1.67756e-16 1e-20
22725.0 1.76648e-16 1e-20
22726.5 1.60162e-16 1e-20
22728.0 1.68268e-16 1e-20
22729.5 1.59551e-16 1e-20
22731.0 1.79805e-16 1e-20
22732.5 1.87772e-16 1e-20
22734.0 1.75688e-16 1e-20
22735.5 1.73037e-16 1e-20
22737.0 1.74297e-16 1e-20
22738.5 1.77855e-16 1e-20
22740.0 1.63029e-16 1e-20
22741.5 1.77054e-16 1e-20
22743.0 1.73263e-16 1e-20
22744.5 1.64155e-16 1e-20
22746.0 1.76522e-16 1e-20
22747.5 1.72005e-16 1e-20
22749.0 1.68126e-16 1e-20
22750.5 1.65467e-16 1e-20
22752.0 1.89912e-16 1e-20
22753.5 1.82888e-16 1e-20
22755.0 1.83787e-16 1e-20
22756.5 1.74703e-16 1e-20
22758.0 1.72523e-16 1e-20
22759.5 1.53316e-16 1e-20
22761.0 1.64508e-16 1e-20
22762.5 1.73205e-16 1e-20
22764.0 1.80253e-16 1e-20
22765.5 1.67455e-16 1e-20
22767.0 1.6704e-16 1e-20
22768.5 1.62803e-16 1e-20
22770.0 1.62706e-16 1e-20
22771.5 1.73852e-16 1e-20
22773.0 1.64198e-16 1e-20
22774.5 1.65128e-16 1e-20
22776.0 1.62773e-16 1e-20
22777.5 1.67441e-16 1e-20
22779.0 1.69536e-16 1e-20
22780.5 1.65694e-16 1e-20
22782.0 1.58617e-16 1e-20
22783.5 1.63676e-16 1e-20
22785.0 1.76131e-16 1e-20
22786.5 1.77604e-16 1e-20
22788.0 1.7701e-16 1e-20
22789.5 1.81614e-16 1e-20
22791.0 1.6502e-16 1e-20
22792.5 1.72712e-16 1e-20
22794.0 1.76248e-16 1e-20
22795.5 1.66978e-16 1e-20
22797.0 1.65746e-16 1e-20
22798.5 1.68329e-16 1e-20
22800.0 1.6991e-16 1e-20
22801.5 1.76693e-16 1e-20
22803.0 1.67634e-16 1e-20
22804.5 1.78116e-16 1e-20
22806.0 1.7305e-16 1e-20
22807.5 1.63547e-16 1e-20
22809.0 1.6045e-16 1e-20
22810.5 1.57578e-16 1e-20
22812.0 1.57809e-16 1e-20
22813.5 1.74554e-16 1e-20
22815.0 1.74828e-16 1e-20
22816.5 1.67961e-16 1e-20
22818.0 1.66002e-16 1e-20
22819.5 1.67921e-16 1e-20
22821.0 1.69691e-16 1e-20
22822.5 1.65726e-16 1e-20
22824.0 1.59327e-16 1e-20
22825.5 2.19476e-16 1e-20
22827.0 1.75028e-16 1e-20
22828.5 1.67542e-16 1e-20
22830.0 1.63435e-16 1e-20
22831.5 1.59193e-16 1e-20
22833.0 1.61188e-16 1e-20
22834.5 1.70288e-16 1e-20
22836.0 1.72852e-16 1e-20
22837.5 1.70791e-16 1e-20
22839.0 1.66505e-16 1e-20
22840.5 1.70514e-16 1e-20
22842.0 1.68739e-16 1e-20
22843.5 1.62616e-16 1e-20
22845.0 1.66995e-16 1e-20
22846.5 1.67646e-16 1e-20
22848.0 1.70905e-16 1e-20
22849.5 1.71031e-16 1e-20
22851.0 1.67826e-16 1e-20
22852.5 1.72315e-16 1e-20
22854.0 1.66779e-16 1e-20
22855.5 1.53952e-16 1e-20
22857.0 1.70332e-16 1e-20
22858.5 1.65743e-16 1e-20
22860.0 1.62066e-16 1e-20
22861.5 1.69961e-16 1e-20
22863.0 1.66838e-16 1e-20
22864.5 1.73915e-16 1e-20
22866.0 1.64418e-16 1e-20
22867.5 1.65259e-16 1e-20
22869.0 1.63173e-16 1e-20
22870.5 1.62196e-16 1e-20
22872.0 1.64227e-16 1e-20
22873.5 1.65991e-16 1e-20
22875.0 1.61458e-16 1e-20
22876.5 1.67056e-16 1e-20
22878.0 1.75116e-16 1e-20
22879.5 1.58678e-16 1e-20
22881.0 1.59768e-16 1e-20
22882.5 1.65287e-16 1e-20
22884.0 1.62588e-16 1e-20
22885.5 1.65766e-16 1e-20
22887.0 1.6324e-16 1e-20
22888.5 1.65174e-16 1e-20
22890.0 1.73585e-16 1e-20
22891.5 1.7173e-16 1e-20
22893.0 1.67223e-16 1e-20
22894.5 1.62716e-16 1e-20
22896.0 1.60413e-16 1e-20
22897.5 1.67517e-16 1e-20
22899.0 1.53185e-16 1e-20
22900.5 1.55249e-16 1e-20
22902.0 1.63495e-16 1e-20
22903.5 1.6297e-16 1e-20
22905.0 1.59467e-16 1e-20
22906.5 1.75525e-16 1e-20
22908.0 1.60221e-16 1e-20
22909.5 1.75722e-16 1e-20
22911.0 1.62021e-16 1e-20
22912.5 1.60778e-16 1e-20
22914.0 1.62758e-16 1e-20
22915.5 1.63718e-16 1e-20
22917.0 1.6027e-16 1e-20
22918.5 1.65791e-16 1e-20
22920.0 1.68741e-16 1e-20
22921.5 1.65538e-16 1e-20
22923.0 1.67979e-16 1e-20
22924.5 1.58758e-16 1e-20
22926.0 1.67246e-16 1e-20
22927.5 1.59351e-16 1e-20
22929.0 1.61518e-16 1e-20
22930.5 1.71051e-16 1e-20
22932.0 1.68105e-16 1e-20
22933.5 1.66483e-16 1e-20
22935.0 1.63211e-16 1e-20
22936.5 1.7146e-16 1e-20
22938.0 1.6701e-16 1e-20
22939.5 1.63663e-16 1e-20
22941.0 1.59408e-16 1e-20
22942.5 1.57302e-16 1e-20
22944.0 1.69351e-16 1e-20
22945.5 1.66753e-16 1e-20
22947.0 1.64783e-16 1e-20
22948.5 1.5418e-16 1e-20
22950.0 1.56874e-16 1e-20
22951.5 1.61964e-16 1e-20
22953.0 1.60413e-16 1e-20
22954.5 1.60417e-16 1e-20
22956.0 1.6465e-16 1e-20
22957.5 1.63814e-16 1e-20
22959.0 1.64507e-16 1e-20
22960.5 1.71683e-16 1e-20
22962.0 1.53573e-16 1e-20
22963.5 1.60941e-16 1e-20
22965.0 1.68211e-16 1e-20
22966.5 1.67803e-16 1e-20
22968.0 1.73357e-16 1e-20
22969.5 1.6232e-16 1e-20
22971.0 1.66532e-16 1e-20
22972.5 1.57762e-16 1e-20
22974.0 1.66269e-16 1e-20
22975.5 1.62402e-16 1e-20
22977.0 1.6325e-16 1e-20
22978.5 1.58191e-16 1e-20
22980.0 1.65872e-16 1e-20
22981.5 1.65029e-16 1e-20
22983.0 1.60727e-16 1e-20
22984.5 1.55748e-16 1e-20
22986.0 1.65229e-16 1e-20
22987.5 1.57143e-16 1e-20
22989.0 1.57776e-16 1e-20
22990.5 1.66229e-16 1e-20
22992.0 1.67201e-16 1e-20
22993.5 1.72962e-16 1e-20
22995.0 1.63231e-16 1e-20
22996.5 1.61388e-16 1e-20
22998.0 1.64678e-16 1e-20
22999.5 1.67896e-16 1e-20
23001.0 1.63791e-16 1e-20
23002.5 1.62275e-16 1e-20
23004.0 1.62132e-16 1e-20
23005.5 1.64344e-16 1e-20
23007.0 1.63095e-16 1e-20
23008.5 1.64139e-16 1e-20
23010.0 1.56617e-16 1e-20
23011.5 1.63723e-16 1e-20
23013.0 1.60902e-16 1e-20
23014.5 1.60377e-16 1e-20
23016.0 1.6549e-16 1e-20
23017.5 1.58744e-16 1e-20
23019.0 1.60624e-16 1e-20
23020.5 1.65986e-16 1e-20
23022.0 1.63795e-16 1e-20
23023.5 1.59765e-16 1e-20
23025.0 1.5758e-16 1e-20
23026.5 1.59534e-16 1e-20
23028.0 1.63893e-16 1e-20
23029.5 1.71589e-16 1e-20
23031.0 1.69886e-16 1e-20
23032.5 1.32907e-16 1e-20
23034.0 1.75564e-16 1e-20
23035.5 1.64493e-16 1e-20
23037.0 1.59271e-16 1e-20
23038.5 1.58427e-16 1e-20
23040.0 1.60365e-16 1e-20
23041.5 1.64876e-16 1e-20
23043.0 1.64547e-16 1e-20
23044.5 1.57129e-16 1e-20
23046.0 1.56461e-16 1e-20
23047.5 1.68846e-16 1e-20
23049.0 1.60016e-16 1e-20
23050.5 1.63463e-16 1e-20
23052.0 1.69252e-16 1e-20
23053.5 1.59607e-16 1e-20
23055.0 1.62854e-16 1e-20
23056.5 1.62735e-16 1e-20
23058.0 1.60627e-16 1e-20
23059.5 1.57109e-16 1e-20
23061.0 1.63315e-16 1e-20
23062.5 1.59773e-16 1e-20
23064.0 1.67317e-16 1e-20
23065.5 1.68255e-16 1e-20
23067.0 1.58776e-16 1e-20
23068.5 1.5846e-16 1e-20
23070.0 1.66716e-16 1e-20
23071.5 1.62856e-16 1e-20
23073.0 1.68431e-16 1e-20
23074.5 1.65483e-16 1e-20
23076.0 1.60412e-16 1e-20
23077.5 1.61376e-16 1e-20
23079.0 1.66285e-16 1e-20
23080.5 1.58191e-16 1e-20
23082.0 1.54251e-16 1e-20
23083.5 1.59439e-16 1e-20
23085.0 1.59698e-16 1e-20
23086.5 1.59201e-16 1e-20
23088.0 1.62965e-16 1e-20
23089.5 1.56903e-16 1e-20
23091.0 1.60327e-16 1e-20
23092.5 1.66417e-16 1e-20
23094.0 1.60035e-16 1e-20
23095.5 1.57335e-16 1e-20
23097.0 1.62728e-16 1e-20
23098.5 1.59241e-16 1e-20
23100.0 1.61106e-16 1e-20
23101.5 1.67418e-16 1e-20
23103.0 1.61398e-16 1e-20
23104.5 1.66439e-16 1e-20
23106.0 1.63085e-16 1e-20
23107.5 1.66013e-16 1e-20
23109.0 1.62121e-16 1e-20
23110.5 1.5981e-16 1e-20
23112.0 1.6217e-16 1e-20
23113.5 1.58366e-16 1e-20
23115.0 1.58008e-16 1e-20
23116.5 1.62905e-16 1e-20
23118.0 1.5659e-16 1e-20
23119.5 1.55425e-16 1e-20
23121.0 1.5986e-16 1e-20
23122.5 1.68027e-16 1e-20
23124.0 1.59716e-16 1e-20
23125.5 1.63806e-16 1e-20
23127.0 1.6229e-16 1e-20
23128.5 1.58446e-16 1e-20
23130.0 1.64053e-16 1e-20
23131.5 1.6465e-16 1e-20
23133.0 1.58613e-16 1e-20
23134.5 1.61637e-16 1e-20
23136.0 1.57463e-16 1e-20
23137.5 1.56539e-16 1e-20
23139.0 1.60513e-16 1e-20
23140.5 1.6214e-16 1e-20
23142.0 1.59423e-16 1e-20
23143.5 1.57812e-16 1e-20
23145.0 1.68102e-16 1e-20
23146.5 1.57526e-16 1e-20
23148.0 1.56728e-16 1e-20
23149.5 1.62023e-16 1e-20
23151.0 1.58645e-16 1e-20
23152.5 1.53112e-16 1e-20
23154.0 1.63268e-16 1e-20
23155.5 1.60083e-16 1e-20
23157.0 1.61923e-16 1e-20
23158.5 1.57788e-16 1e-20
23160.0 1.66593e-16 1e-20
23161.5 1.65792e-16 1e-20
23163.0 1.61859e-16 1e-20
23164.5 1.56034e-16 1e-20
23166.0 1.59273e-16 1e-20
23167.5 1.62507e-16 1e-20
23169.0 1.60822e-16 1e-20
23170.5 1.62335e-16 1e-20
23172.0 1.67058e-16 1e-20
23173.5 1.57996e-16 1e-20
23175.0 1.66686e-16 1e-20
23176.5 1.67128e-16 1e-20
23178.0 1.59593e-16 1e-20
23179.5 1.582e-16 1e-20
23181.0 1.61978e-16 1e-20
23182.5 1.62389e-16 1e-20
23184.0 1.7027e-16 1e-20
23185.5 1.68083e-16 1e-20
23187.0 1.66068e-16 1e-20
23188.5 1.61241e-16 1e-20
23190.0 1.65246e-16 1e-20
23191.5 1.56605e-16 1e-20
23193.0 1.59632e-16 1e-20
23194.5 1.65282e-16 1e-20
23196.0 1.6524e-16 1e-20
23197.5 1.51803e-16 1e-20
23199.0 1.50949e-16 1e-20
23200.5 1.65051e-16 1e-20
23202.0 1.60182e-16 1e-20
23203.5 1.59924e-16 1e-20
23205.0 1.66644e-16 1e-20
23206.5 1.65359e-16 1e-20
23208.0 1.59253e-16 1e-20
23209.5 1.60659e-16 1e-20
23211.0 1.63672e-16 1e-20
23212.5 1.58653e-16 1e-20
23214.0 1.52235e-16 1e-20
23215.5 1.58408e-16 1e-20
23217.0 1.6175e-16 1e-20
23218.5 1.601e-16 1e-20
23220.0 1.6484e-16 1e-20
23221.5 1.58242e-16 1e-20
23223.0 1.56811e-16 1e-20
23224.5 1.61535e-16 1e-20
23226.0 1.59556e-16 1e-20
23227.5 1.61228e-16 1e-20
23229.0 1.53793e-16 1e-20
23230.5 1.67421e-16 1e-20
23232.0 1.58821e-16 1e-20
23233.5 1.53212e-16 1e-20
23235.0 1.54662e-16 1e-20
23236.5 1.62156e-16 1e-20
23238.0 1.6588e-16 1e-20
23239.5 1.58698e-16 1e-20
23241.0 1.62688e-16 1e-20
23242.5 1.62962e-16 1e-20
23244.0 1.62927e-16 1e-20
23245.5 1.56169e-16 1e-20
23247.0 1.59715e-16 1e-20
23248.5 1.6238e-16 1e-20
23250.0 1.60354e-16 1e-20
23251.5 1.63792e-16 1e-20
23253.0 1.65688e-16 1e-20
23254.5 1.59151e-16 1e-20
23256.0 1.61384e-16 1e-20
23257.5 1.5021e-16 1e-20
23259.0 1.53421e-16 1e-20
23260.5 1.47855e-16 1e-20
23262.0 1.64588e-16 1e-20
23263.5 1.65071e-16 1e-20
23265.0 1.59957e-16 1e-20
23266.5 1.54546e-16 1e-20
23268.0 1.58388e-16 1e-20
23269.5 1.63079e-16 1e-20
23271.0 1.55556e-16 1e-20
23272.5 1.48102e-16 1e-20
23274.0 1.60495e-16 1e-20
23275.5 1.60837e-16 1e-20
23277.0 1.58496e-16 1e-20
23278.5 1.59447e-16 1e-20
23280.0 1.53722e-16 1e-20
23281.5 1.60533e-16 1e-20
23283.0 1.60528e-16 1e-20
23284.5 1.65552e-16 1e-20
23286.0 1.6038e-16 1e-20
23287.5 1.58909e-16 1e-20
23289.0 1.59415e-16 1e-20
23290.5 1.64686e-16 1e-20
23292.0 1.62357e-16 1e-20
23293.5 1.60681e-16 1e-20
23295.0 1.5802e-16 1e-20
23296.5 1.63554e-16 1e-20
23298.0 1.55585e-16 1e-20
23299.5 1.56009e-16 1e-20
23301.0 1.63494e-16 1e-20
23302.5 1.57173e-16 1e-20
23304.0 1.53461e-16 1e-20
23305.5 1.54578e-16 1e-20
23307.0 1.62257e-16 1e-20
23308.5 1.62618e-16 1e-20
23310.0 1.60807e-16 1e-20
23311.5 1.6084e-16 1e-20
23313.0 1.62278e-16 1e-20
23314.5 1.65701e-16 1e-20
23316.0 1.59168e-16 1e-20
23317.5 1.62518e-16 1e-20
23319.0 1.62214e-16 1e-20
23320.5 1.57105e-16 1e-20
23322.0 1.58007e-16 1e-20
23323.5 1.63478e-16 1e-20
23325.0 1.54031e-16 1e-20
23326.5 1.44112e-16 1e-20
23328.0 1.61363e-16 1e-20
23329.5 1.64983e-16 1e-20
23331.0 1.62318e-16 1e-20
23332.5 1.57453e-16 1e-20
23334.0 1.60481e-16 1e-20
23335.5 1.67684e-16 1e-20
23337.0 1.63305e-16 1e-20
23338.5 1.62658e-16 1e-20
23340.0 1.65584e-16 1e-20
23341.5 1.65827e-16 1e-20
23343.0 1.61843e-16 1e-20
23344.5 1.66827e-16 1e-20
23346.0 1.6381e-16 1e-20
23347.5 1.67767e-16 1e-20
23349.0 1.66148e-16 1e-20
23350.5 1.58063e-16 1e-20
23352.0 1.61663e-16 1e-20
23353.5 1.59188e-16 1e-20
23355.0 1.59889e-16 1e-20
23356.5 1.57475e-16 1e-20
23358.0 1.59502e-16 1e-20
23359.5 1.61172e-16 1e-20
23361.0 1.59063e-16 1e-20
23362.5 1.60033e-16 1e-20
23364.0 1.5707e-16 1e-20
23365.5 1.64815e-16 1e-20
23367.0 1.60681e-16 1e-20
23368.5 1.59439e-16 1e-20
23370.0 1.63636e-16 1e-20
23371.5 1.63801e-16 1e-20
23373.0 1.61213e-16 1e-20
23374.5 1.55353e-16 1e-20
23376.0 1.59911e-16 1e-20
23377.5 1.66768e-16 1e-20
23379.0 1.68663e-16 1e-20
23380.5 1.60438e-16 1e-20
23382.0 1.62599e-16 1e-20
23383.5 1.63315e-16 1e-20
23385.0 1.67091e-16 1e-20
23386.5 1.65665e-16 1e-20
23388.0 1.59363e-16 1e-20
23389.5 1.62436e-16 1e-20
23391.0 1.62312e-16 1e-20
23392.5 1.52759e-16 1e-20
23394.0 1.58008e-16 1e-20
23395.5 1.6886e-16 1e-20
23397.0 1.53609e-16 1e-20
23398.5 1.75932e-16 1e-20
23400.0 1.61637e-16 1e-20
23401.5 1.69479e-16 1e-20
23403.0 1.64818e-16 1e-20
23404.5 1.6371e-16 1e-20
23406.0 1.61607e-16 1e-20
23407.5 1.64958e-16 1e-20
23409.0 1.66386e-16 1e-20
23410.5 1.65974e-16 1e-20
23412.0 1.64294e-16 1e-20
23413.5 1.60201e-16 1e-20
23415.0 1.62642e-16 1e-20
23416.5 1.62467e-16 1e-20
23418.0 1.61406e-16 1e-20
23419.5 1.63876e-16 1e-20
23421.0 1.6227e-16 1e-20
23422.5 1.62341e-16 1e-20
23424.0 1.61104e-16 1e-20
23425.5 1.61156e-16 1e-20
23427.0 1.62941e-16 1e-20
23428.5 1.63125e-16 1e-20
23430.0 1.60044e-16 1e-20
23431.5 1.63942e-16 1e-20
23433.0 1.67117e-16 1e-20
23434.5 1.613e-16 1e-20
23436.0 1.58672e-16 1e-20
23437.5 1.62963e-16 1e-20
23439.0 1.67668e-16 1e-20
23440.5 1.7063e-16 1e-20
23442.0 1.61034e-16 1e-20
23443.5 1.62799e-16 1e-20
23445.0 1.69534e-16 1e-20
23446.5 1.7204e-16 1e-20
23448.0 1.68741e-16 1e-20
23449.5 1.64567e-16 1e-20
23451.0 1.72352e-16 1e-20
23452.5 1.68044e-16 1e-20
23454.0 1.63783e-16 1e-20
23455.5 1.6489e-16 1e-20
23457.0 1.63969e-16 1e-20
23458.5 1.66882e-16 1e-20
23460.0 1.65737e-16 1e-20
23461.5 1.69853e-16 1e-20
23463.0 1.6491e-16 1e-20
23464.5 1.74451e-16 1e-20
23466.0 1.74252e-16 1e-20
23467.5 1.64084e-16 1e-20
23469.0 1.7017e-16 1e-20
23470.5 1.66857e-16 1e-20
23472.0 1.66354e-16 1e-20
23473.5 1.68027e-16 1e-20
23475.0 1.71991e-16 1e-20
23476.5 1.58452e-16 1e-20
23478.0 8.39483e-17 1e-20
23479.5 1.82178e-16 1e-20
23481.0 1.71246e-16 1e-20
23482.5 1.67709e-16 1e-20
23484.0 1.63842e-16 1e-20
23485.5 1.65454e-16 1e-20
23487.0 1.73879e-16 1e-20
23488.5 1.68016e-16 1e-20
23490.0 1.70879e-16 1e-20
23491.5 1.61491e-16 1e-20
23493.0 1.7403e-16 1e-20
23494.5 1.71013e-16 1e-20
23496.0 1.60175e-16 1e-20
23497.5 1.56708e-16 1e-20
23499.0 1.64637e-16 1e-20
23500.5 1.74728e-16 1e-20
23502.0 1.61593e-16 1e-20
23503.5 1.64854e-16 1e-20
23505.0 1.77118e-16 1e-20
23506.5 1.73358e-16 1e-20
23508.0 1.64715e-16 1e-20
23509.5 1.64577e-16 1e-20
23511.0 1.73871e-16 1e-20
23512.5 1.64429e-16 1e-20
23514.0 1.64236e-16 1e-20
23515.5 1.6907e-16 1e-20
23517.0 1.744e-16 1e-20
23518.5 1.83531e-16 1e-20
23520.0 1.75853e-16 1e-20
23521.5 1.63679e-16 1e-20
23523.0 1.63191e-16 1e-20
23524.5 1.6547e-16 1e-20
23526.0 1.67392e-16 1e-20
23527.5 1.68267e-16 1e-20
23529.0 1.68947e-16 1e-20
23530.5 1.71623e-16 1e-20
23532.0 1.77448e-16 1e-20
23533.5 1.68874e-16 1e-20
23535.0 1.70894e-16 1e-20
23536.5 1.74032e-16 1e-20
23538.0 1.68868e-16 1e-20
23539.5 1.6179e-16 1e-20
23541.0 1.76316e-16 1e-20
23542.5 1.74187e-16 1e-20
23544.0 1.72946e-16 1e-20
23545.5 1.68519e-16 1e-20
23547.0 1.68652e-16 1e-20
23548.5 1.71818e-16 1e-20
23550.0 1.6637e-16 1e-20
23551.5 1.65154e-16 1e-20
23553.0 1.70035e-16 1e-20
23554.5 1.64921e-16 1e-20
23556.0 1.78911e-16 1e-20
23557.5 1.80835e-16 1e-20
23559.0 1.77435e-16 1e-20
23560.5 1.67667e-16 1e-20
23562.0 1.65877e-16 1e-20
23563.5 1.72988e-16 1e-20
23565.0 1.69004e-16 1e-20
23566.5 1.7094e-16 1e-20
23568.0 1.70083e-16 1e-20
23569.5 1.66305e-16 1e-20
23571.0 1.73605e-16 1e-20
23572.5 1.68601e-16 1e-20
23574.0 1.6861e-16 1e-20
23575.5 1.72581e-16 1e-20
23577.0 1.64753e-16 1e-20
23578.5 1.68469e-16 1e-20
23580.0 1.72215e-16 1e-20
23581.5 1.62991e-16 1e-20
23583.0 1.53319e-16 1e-20
23584.5 1.23267e-16 1e-20
23586.0 1.73222e-16 1e-20
23587.5 1.74337e-16 1e-20
23589.0 1.7275e-16 1e-20
23590.5 1.667e-16 1e-20
23592.0 1.68193e-16 1e-20
23593.5 1.70313e-16 1e-20
23595.0 1.69207e-16 1e-20
23596.5 1.73336e-16 1e-20
23598.0 1.68003e-16 1e-20
23599.5 1.69675e-16 1e-20
23601.0 1.74224e-16 1e-20
23602.5 1.7532e-16 1e-20
23604.0 1.75001e-16 1e-20
23605.5 1.76562e-16 1e-20
23607.0 1.71994e-16 1e-20
23608.5 1.62714e-16 1e-20
23610.0 1.67585e-16 1e-20
23611.5 1.78291e-16 1e-20
23613.0 1.77308e-16 1e-20
23614.5 1.60993e-16 1e-20
23616.0 1.65587e-16 1e-20
23617.5 1.68985e-16 1e-20
23619.0 1.71865e-16 1e-20
23620.5 1.76031e-16 1e-20
23622.0 1.71362e-16 1e-20
23623.5 1.77962e-16 1e-20
23625.0 1.71263e-16 1e-20
23626.5 1.71484e-16 1e-20
23628.0 1.74908e-16 1e-20
23629.5 1.77309e-16 1e-20
23631.0 1.7685e-16 1e-20
23632.5 1.75684e-16 1e-20
23634.0 1.80449e-16 1e-20
23635.5 1.77043e-16 1e-20
23637.0 1.71721e-16 1e-20
23638.5 1.6877e-16 1e-20
23640.0 1.72506e-16 1e-20
23641.5 1.7247e-16 1e-20
23643.0 1.75356e-16 1e-20
23644.5 1.68545e-16 1e-20
23646.0 1.82106e-16 1e-20
23647.5 1.79408e-16 1e-20
23649.0 1.72791e-16 1e-20
23650.5 1.76459e-16 1e-20
23652.0 1.77655e-16 1e-20
23653.5 1.74984e-16 1e-20
23655.0 1.71034e-16 1e-20
23656.5 1.71173e-16 1e-20
23658.0 1.71072e-16 1e-20
23659.5 1.71676e-16 1e-20
23661.0 1.74524e-16 1e-20
23662.5 1.75091e-16 1e-20
23664.0 1.74512e-16 1e-20
23665.5 1.5909e-16 1e-20
23667.0 1.74407e-16 1e-20
23668.5 1.67106e-16 1e-20
23670.0 1.78908e-16 1e-20
23671.5 1.78983e-16 1e-20
23673.0 1.81285e-16 1e-20
23674.5 1.74202e-16 1e-20
23676.0 1.69361e-16 1e-20
23677.5 1.75107e-16 1e-20
23679.0 1.79858e-16 1e-20
23680.5 1.83274e-16 1e-20
23682.0 1.83016e-16 1e-20
23683.5 1.81883e-16 1e-20
23685.0 1.73102e-16 1e-20
23686.5 1.77981e-16 1e-20
23688.0 1.67234e-16 1e-20
23689.5 1.73347e-16 1e-20
23691.0 1.72644e-16 1e-20
23692.5 1.74332e-16 1e-20
23694.0 1.6917e-16 1e-20
23695.5 1.71642e-16 1e-20
23697.0 1.74499e-16 1e-20
23698.5 1.79152e-16 1e-20
23700.0 1.91575e-16 1e-20
23701.5 1.9436e-16 1e-20
23703.0 1.84135e-16 1e-20
23704.5 1.65925e-16 1e-20
23706.0 1.69091e-16 1e-20
23707.5 1.12222e-16 1e-20
23709.0 1.85935e-16 1e-20
23710.5 1.78728e-16 1e-20
23712.0 1.71571e-16 1e-20
23713.5 1.73458e-16 1e-20
23715.0 1.75168e-16 1e-20
23716.5 1.81109e-16 1e-20
23718.0 1.72334e-16 1e-20
23719.5 1.7748e-16 1e-20
23721.0 1.81505e-16 1e-20
23722.5 1.72476e-16 1e-20
23724.0 1.76255e-16 1e-20
23725.5 1.83554e-16 1e-20
23727.0 1.50821e-16 1e-20
23728.5 1.81345e-16 1e-20
23730.0 1.67517e-16 1e-20
23731.5 1.72864e-16 1e-20
23733.0 1.77341e-16 1e-20
23734.5 1.83259e-16 1e-20
23736.0 1.79503e-16 1e-20
23737.5 1.76632e-16 1e-20
23739.0 1.72431e-16 1e-20
23740.5 1.67662e-16 1e-20
23742.0 1.74853e-16 1e-20
23743.5 1.72479e-16 1e-20
23745.0 1.7802e-16 1e-20
23746.5 1.77374e-16 1e-20
23748.0 1.78552e-16 1e-20
23749.5 1.68981e-16 1e-20
23751.0 1.7191e-16 1e-20
23752.5 1.77498e-16 1e-20
23754.0 1.80581e-16 1e-20
23755.5 1.77081e-16 1e-20
23757.0 1.77012e-16 1e-20
23758.5 1.53226e-16 1e-20
23760.0 1.51131e-16 1e-20
23761.5 1.68796e-16 1e-20
23763.0 1.68765e-16 1e-20
23764.5 1.92797e-16 1e-20
23766.0 1.912e-16 1e-20
23767.5 1.78194e-16 1e-20
23769.0 1.75016e-16 1e-20
23770.5 1.74432e-16 1e-20
23772.0 1.73691e-16 1e-20
23773.5 1.85931e-16 1e-20
23775.0 1.47733e-16 1e-20
23776.5 1.01491e-16 1e-20
23778.0 1.25607e-16 1e-20
23779.5 1.95626e-16 1e-20
23781.0 1.67712e-16 1e-20
23782.5 2.15445e-16 1e-20
23784.0 1.85802e-16 1e-20
23785.5 1.84004e-16 1e-20
23787.0 1.82428e-16 1e-20
23788.5 1.83372e-16 1e-20
23790.0 1.75652e-16 1e-20
23791.5 1.69231e-16 1e-20
23793.0 1.7105e-16 1e-20
23794.5 1.78482e-16 1e-20
23796.0 1.75425e-16 1e-20
23797.5 1.70029e-16 1e-20
23799.0 1.73283e-16 1e-20
23800.5 1.61893e-16 1e-20
23802.0 1.54452e-16 1e-20
23803.5 1.51855e-16 1e-20
23805.0 1.5246e-16 1e-20
23806.5 1.24795e-16 1e-20
23808.0 1.71242e-16 1e-20
23809.5 1.91375e-16 1e-20
23811.0 1.81268e-16 1e-20
23812.5 1.57954e-16 1e-20
23814.0 1.73875e-16 1e-20
23815.5 1.81859e-16 1e-20
23817.0 1.79241e-16 1e-20
23818.5 1.81037e-16 1e-20
23820.0 1.81556e-16 1e-20
23821.5 1.83013e-16 1e-20
23823.0 1.78626e-16 1e-20
23824.5 1.78154e-16 1e-20
23826.0 1.71721e-16 1e-20
23827.5 1.9571e-16 1e-20
23829.0 1.67036e-16 1e-20
23830.5 1.71178e-16 1e-20
23832.0 2.0044e-16 1e-20
23833.5 1.86825e-16 1e-20
23835.0 1.81835e-16 1e-20
23836.5 1.65024e-16 1e-20
23838.0 1.42713e-16 1e-20
23839.5 1.97736e-16 1e-20
23841.0 1.84754e-16 1e-20
23842.5 1.95648e-16 1e-20
23844.0 1.77564e-16 1e-20
23845.5 1.76637e-16 1e-20
23847.0 1.6799e-16 1e-20
23848.5 1.7485e-16 1e-20
23850.0 1.81757e-16 1e-20
23851.5 1.81865e-16 1e-20
23853.0 1.7523e-16 1e-20
23854.5 1.67143e-16 1e-20
23856.0 1.1667e-16 1e-20
23857.5 1.35352e-16 1e-20
23859.0 1.78848e-16 1e-20
23860.5 1.67439e-16 1e-20
23862.0 1.70033e-16 1e-20
23863.5 1.78082e-16 1e-20
23865.0 1.77609e-16 1e-20
23866.5 1.78303e-16 1e-20
23868.0 1.77676e-16 1e-20
23869.5 1.73444e-16 1e-20
23871.0 1.7402e-16 1e-20
23872.5 1.69512e-16 1e-20
23874.0 1.80834e-16 1e-20
23875.5 1.67778e-16 1e-20
23877.0 1.39179e-16 1e-20
23878.5 1.69102e-16 1e-20
23880.0 1.69441e-16 1e-20
23881.5 1.86226e-16 1e-20
23883.0 1.14117e-16 1e-20
23884.5 1.88715e-16 1e-20
23886.0 1.69178e-16 1e-20
23887.5 1.72597e-16 1e-20
23889.0 1.80301e-16 1e-20
23890.5 1.82884e-16 1e-20
23892.0 1.79465e-16 1e-20
23893.5 1.79451e-16 1e-20
23895.0 1.83295e-16 1e-20
23896.5 1.78492e-16 1e-20
23898.0 1.76453e-16 1e-20
23899.5 1.82483e-16 1e-20
23901.0 1.81985e-16 1e-20
23902.5 1.82734e-16 1e-20
23904.0 1.86055e-16 1e-20
23905.5 1.88991e-16 1e-20
23907.0 1.86675e-16 1e-20
23908.5 1.73372e-16 1e-20
23910.0 1.51665e-16 1e-20
23911.5 1.61053e-16 1e-20
23913.0 1.65512e-16 1e-20
23914.5 1.6549e-16 1e-20
23916.0 1.79226e-16 1e-20
23917.5 1.35266e-16 1e-20
23919.0 1.69387e-16 1e-20
23920.5 1.36383e-16 1e-20
23922.0 1.76229e-16 1e-20
23923.5 1.77349e-16 1e-20
23925.0 1.7861e-16 1e-20
23926.5 1.76927e-16 1e-20
23928.0 1.85128e-16 1e-20
23929.5 1.85358e-16 1e-20
23931.0 1.75857e-16 1e-20
23932.5 1.8036e-16 1e-20
23934.0 1.85992e-16 1e-20
23935.5 1.8919e-16 1e-20
23937.0 1.8522e-16 1e-20
23938.5 1.82739e-16 1e-20
23940.0 1.8064e-16 1e-20
23941.5 1.75919e-16 1e-20
23943.0 1.80043e-16 1e-20
23944.5 1.90453e-16 1e-20
23946.0 1.85896e-16 1e-20
23947.5 1.7763e-16 1e-20
23949.0 1.72362e-16 1e-20
23950.5 1.79141e-16 1e-20
23952.0 1.84021e-16 1e-20
23953.5 1.80598e-16 1e-20
23955.0 1.7456e-16 1e-20
23956.5 1.76884e-16 1e-20
23958.0 1.76465e-16 1e-20
23959.5 1.80488e-16 1e-20
23961.0 1.80178e-16 1e-20
23962.5 1.79713e-16 1e-20
23964.0 1.86043e-16 1e-20
23965.5 1.6498e-16 1e-20
23967.0 1.64973e-16 1e-20
23968.5 1.64966e-16 1e-20
23970.0 1.85652e-16 1e-20
23971.5 1.6477e-16 1e-20
23973.0 1.67121e-16 1e-20
23974.5 1.75569e-16 1e-20
23976.0 1.76989e-16 1e-20
23977.5 1.73513e-16 1e-20
23979.0 1.82277e-16 1e-20
23980.5 1.80996e-16 1e-20
23982.0 1.84062e-16 1e-20
23983.5 1.80067e-16 1e-20
23985.0 1.81004e-16 1e-20
23986.5 1.80152e-16 1e-20
23988.0 1.58712e-16 1e-20
23989.5 1.61267e-16 1e-20
23991.0 1.76625e-16 1e-20
23992.5 1.82174e-16 1e-20
23994.0 1.86173e-16 1e-20
23995.5 1.80931e-16 1e-20
23997.0 1.76189e-16 1e-20
23998.5 1.82888e-16 1e-20
24000.0 1.84196e-16 1e-20
24001.5 1.83158e-16 1e-20
24003.0 1.80115e-16 1e-20
24004.5 1.38073e-16 1e-20
24006.0 1.45633e-16 1e-20
24007.5 1.8719e-16 1e-20
24009.0 1.65646e-16 1e-20
24010.5 1.19734e-16 1e-20
24012.0 1.85125e-16 1e-20
24013.5 1.83352e-16 1e-20
24015.0 1.81564e-16 1e-20
24016.5 1.81001e-16 1e-20
24018.0 1.87969e-16 1e-20
24019.5 1.84953e-16 1e-20
24021.0 1.6633e-16 1e-20
24022.5 1.64651e-16 1e-20
24024.0 1.7548e-16 1e-20
24025.5 1.74008e-16 1e-20
24027.0 1.81087e-16 1e-20
24028.5 1.79514e-16 1e-20
24030.0 1.8083e-16 1e-20
24031.5 1.77048e-16 1e-20
24033.0 1.84823e-16 1e-20
24034.5 1.78266e-16 1e-20
24036.0 1.8357e-16 1e-20
24037.5 1.87972e-16 1e-20
24039.0 1.85152e-16 1e-20
24040.5 1.80489e-16 1e-20
24042.0 2.09134e-16 1e-20
24043.5 1.62894e-16 1e-20
24045.0 1.65356e-16 1e-20
24046.5 1.65379e-16 1e-20
24048.0 1.958e-16 1e-20
24049.5 1.6503e-16 1e-20
24051.0 1.86015e-16 1e-20
24052.5 2.20404e-16 1e-20
24054.0 1.80226e-16 1e-20
24055.5 1.76938e-16 1e-20
24057.0 1.76724e-16 1e-20
24058.5 1.80599e-16 1e-20
24060.0 1.74093e-16 1e-20
24061.5 1.69174e-16 1e-20
24063.0 1.59107e-16 1e-20
24064.5 1.85557e-16 1e-20
24066.0 2.07631e-16 1e-20
24067.5 1.80884e-16 1e-20
24069.0 1.76717e-16 1e-20
24070.5 1.86115e-16 1e-20
24072.0 1.4459e-16 1e-20
24073.5 1.43368e-16 1e-20
24075.0 1.02629e-16 1e-20
24076.5 1.87793e-16 1e-20
24078.0 1.60018e-16 1e-20
24079.5 1.69217e-16 1e-20
24081.0 1.42284e-16 1e-20
24082.5 2.05536e-16 1e-20
24084.0 1.65079e-16 1e-20
24085.5 1.61776e-16 1e-20
24087.0 2.13858e-16 1e-20
24088.5 1.7546e-16 1e-20
24090.0 1.76366e-16 1e-20
24091.5 1.85479e-16 1e-20
24093.0 1.82364e-16 1e-20
24094.5 1.75418e-16 1e-20
24096.0 1.78118e-16 1e-20
24097.5 1.79043e-16 1e-20
24099.0 1.86448e-16 1e-20
24100.5 1.72948e-16 1e-20
24102.0 1.67113e-16 1e-20
24103.5 1.6676e-16 1e-20
24105.0 1.66809e-16 1e-20
24106.5 1.78638e-16 1e-20
24108.0 1.526e-16 1e-20
24109.5 1.27358e-16 1e-20
24111.0 9.25214e-17 1e-20
24112.5 1.69364e-16 1e-20
24114.0 1.72478e-16 1e-20
24115.5 1.69095e-16 1e-20
24117.0 1.77056e-16 1e-20
24118.5 1.80202e-16 1e-20
24120.0 1.92221e-16 1e-20
24121.5 1.8228e-16 1e-20
24123.0 1.67445e-16 1e-20
24124.5 1.67498e-16 1e-20
24126.0 2.10097e-16 1e-20
24127.5 1.62779e-16 1e-20
24129.0 1.63785e-16 1e-20
24130.5 1.65256e-16 1e-20
24132.0 1.74609e-16 1e-20
24133.5 1.65191e-16 1e-20
24135.0 1.65159e-16 1e-20
24136.5 1.69864e-16 1e-20
24138.0 1.6879e-16 1e-20
24139.5 1.71124e-16 1e-20
24141.0 1.73079e-16 1e-20
24142.5 1.806e-16 1e-20
24144.0 1.55992e-16 1e-20
24145.5 1.92737e-16 1e-20
24147.0 1.70346e-16 1e-20
24148.5 1.32594e-16 1e-20
24150.0 8.57243e-17 1e-20
24151.5 1.59513e-16 1e-20
24153.0 1.63604e-16 1e-20
24154.5 1.54266e-16 1e-20
24156.0 1.69855e-16 1e-20
24157.5 1.7428e-16 1e-20
24159.0 1.76954e-16 1e-20
24160.5 1.84017e-16 1e-20
24162.0 2.21943e-16 1e-20
24163.5 1.04419e-16 1e-20
24165.0 1.50512e-16 1e-20
24166.5 1.69324e-16 1e-20
24168.0 1.69397e-16 1e-20
24169.5 1.69466e-16 1e-20
24171.0 1.97877e-16 1e-20
24172.5 1.35507e-16 1e-20
24174.0 1.73008e-16 1e-20
24175.5 1.69766e-16 1e-20
24177.0 1.69841e-16 1e-20
24178.5 1.54983e-16 1e-20
24180.0 1.82813e-16 1e-20
24181.5 1.66856e-16 1e-20
24183.0 1.78554e-16 1e-20
24184.5 1.07169e-16 1e-20
24186.0 1.77446e-16 1e-20
24187.5 1.74648e-16 1e-20
24189.0 1.81248e-16 1e-20
24190.5 1.8371e-16 1e-20
24192.0 1.68978e-16 1e-20
24193.5 1.70693e-16 1e-20
24195.0 1.70775e-16 1e-20
24196.5 1.70855e-16 1e-20
24198.0 1.29812e-16 1e-20
24199.5 2.10479e-16 1e-20
24201.0 1.66169e-16 1e-20
24202.5 1.71184e-16 1e-20
24204.0 1.71265e-16 1e-20
24205.5 1.89715e-16 1e-20
24207.0 1.17107e-16 1e-20
24208.5 1.74276e-16 1e-20
24210.0 1.71597e-16 1e-20
24211.5 1.71681e-16 1e-20
24213.0 1.71766e-16 1e-20
24214.5 1.67044e-16 1e-20
24216.0 1.77418e-16 1e-20
24217.5 1.77051e-16 1e-20
24219.0 1.73566e-16 1e-20
24220.5 1.69307e-16 1e-20
24222.0 1.7226e-16 1e-20
24223.5 1.75424e-16 1e-20
24225.0 1.71163e-16 1e-20
24226.5 1.76415e-16 1e-20
24228.0 1.75781e-16 1e-20
24229.5 2.10817e-16 1e-20
24231.0 1.68359e-16 1e-20
24232.5 1.72879e-16 1e-20
24234.0 1.75026e-16 1e-20
24235.5 1.84579e-16 1e-20
24237.0 2.02175e-16 1e-20
24238.5 1.7897e-16 1e-20
24240.0 1.68216e-16 1e-20
24241.5 1.78438e-16 1e-20
24243.0 1.71823e-16 1e-20
24244.5 1.72138e-16 1e-20
24246.0 1.7231e-16 1e-20
24247.5 1.77517e-16 1e-20
24249.0 1.82844e-16 1e-20
24250.5 2.11367e-16 1e-20
24252.0 1.74024e-16 1e-20
24253.5 1.74111e-16 1e-20
24255.0 1.74197e-16 1e-20
24256.5 1.5401e-16 1e-20
24258.0 1.72592e-16 1e-20
24259.5 1.74466e-16 1e-20
24261.0 1.74557e-16 1e-20
24262.5 1.41132e-16 1e-20
24264.0 1.69421e-16 1e-20
24265.5 1.92003e-16 1e-20
24267.0 1.7178e-16 1e-20
24268.5 1.68124e-16 1e-20
24270.0 1.62518e-16 1e-20
24271.5 1.69306e-16 1e-20
24273.0 1.77e-16 1e-20
24274.5 1.77703e-16 1e-20
24276.0 1.75155e-16 1e-20
24277.5 1.75532e-16 1e-20
24279.0 1.75619e-16 1e-20
24280.5 2.24877e-16 1e-20
24282.0 1.7287e-16 1e-20
24283.5 1.75885e-16 1e-20
24285.0 1.75973e-16 1e-20
24286.5 1.75194e-16 1e-20
24288.0 1.60831e-16 1e-20
24289.5 1.71768e-16 1e-20
24291.0 1.79938e-16 1e-20
24292.5 1.76266e-16 1e-20
24294.0 1.7054e-16 1e-20
24295.5 1.7337e-16 1e-20
24297.0 1.7423e-16 1e-20
24298.5 1.773e-16 1e-20
24300.0 1.71455e-16 1e-20
24301.5 1.71857e-16 1e-20
24303.0 1.75839e-16 1e-20
24304.5 1.75705e-16 1e-20
24306.0 1.78959e-16 1e-20
24307.5 1.7164e-16 1e-20
24309.0 1.73241e-16 1e-20
24310.5 1.77333e-16 1e-20
24312.0 1.70511e-16 1e-20
24313.5 1.74897e-16 1e-20
24315.0 1.72169e-16 1e-20
24316.5 1.76374e-16 1e-20
24318.0 1.79119e-16 1e-20
24319.5 1.74783e-16 1e-20
24321.0 1.67509e-16 1e-20
24322.5 1.71188e-16 1e-20
24324.0 1.74549e-16 1e-20
24325.5 1.74572e-16 1e-20
24327.0 1.70466e-16 1e-20
24328.5 1.73635e-16 1e-20
24330.0 1.75658e-16 1e-20
24331.5 1.70147e-16 1e-20
24333.0 1.69404e-16 1e-20
24334.5 1.68081e-16 1e-20
24336.0 1.71302e-16 1e-20
24337.5 1.70176e-16 1e-20
24339.0 1.70697e-16 1e-20
24340.5 1.71998e-16 1e-20
24342.0 1.74114e-16 1e-20
24343.5 1.73193e-16 1e-20
24345.0 1.7864e-16 1e-20
24346.5 2.12854e-16 1e-20
24348.0 1.96876e-16 1e-20
24349.5 1.79583e-16 1e-20
24351.0 1.79601e-16 1e-20
24352.5 1.79675e-16 1e-20
24354.0 1.79745e-16 1e-20
24355.5 2.05368e-16 1e-20
24357.0 2.08015e-16 1e-20
24358.5 2.23856e-16 1e-20
24360.0 1.86449e-16 1e-20
24361.5 1.34602e-16 1e-20
24363.0 1.7789e-16 1e-20
24364.5 1.93201e-16 1e-20
24366.0 1.40682e-16 1e-20
24367.5 1.82479e-16 1e-20
24369.0 1.80449e-16 1e-20
24370.5 1.80517e-16 1e-20
24372.0 1.80583e-16 1e-20
24373.5 1.80647e-16 1e-20
24375.0 1.80713e-16 1e-20
24376.5 1.80779e-16 1e-20
24378.0 1.77174e-16 1e-20
24379.5 1.70231e-16 1e-20
24381.0 1.34811e-16 1e-20
24382.5 1.70867e-16 1e-20
24384.0 1.81093e-16 1e-20
24385.5 1.8115e-16 1e-20
24387.0 1.79859e-16 1e-20
24388.5 1.65444e-16 1e-20
24390.0 1.81331e-16 1e-20
24391.5 1.81386e-16 1e-20
24393.0 1.81444e-16 1e-20
24394.5 1.81502e-16 1e-20
24396.0 9.82287e-17 1e-20
24397.5 1.82632e-16 1e-20
24399.0 1.63013e-16 1e-20
24400.5 1.61125e-16 1e-20
24402.0 1.7004e-16 1e-20
24403.5 1.66577e-16 1e-20
24405.0 1.66687e-16 1e-20
24406.5 1.74047e-16 1e-20
24408.0 1.71982e-16 1e-20
24409.5 1.68424e-16 1e-20
24411.0 1.71683e-16 1e-20
24412.5 1.70387e-16 1e-20
24414.0 1.6539e-16 1e-20
24415.5 1.69695e-16 1e-20
24417.0 1.59134e-16 1e-20
24418.5 1.60645e-16 1e-20
24420.0 1.62087e-16 1e-20
24421.5 1.82385e-16 1e-20
24423.0 1.57463e-16 1e-20
24424.5 1.69345e-16 1e-20
24426.0 1.6405e-16 1e-20
24427.5 1.69335e-16 1e-20
24429.0 1.70072e-16 1e-20
24430.5 1.63342e-16 1e-20
24432.0 1.64575e-16 1e-20
24433.5 1.57301e-16 1e-20
24435.0 1.64205e-16 1e-20
24436.5 1.64446e-16 1e-20
24438.0 1.72426e-16 1e-20
24439.5 1.66247e-16 1e-20
24441.0 1.72391e-16 1e-20
24442.5 1.63396e-16 1e-20
24444.0 1.72581e-16 1e-20
24445.5 1.62442e-16 1e-20
24447.0 1.67734e-16 1e-20
24448.5 1.59334e-16 1e-20
24450.0 1.69295e-16 1e-20
24451.5 1.75048e-16 1e-20
24453.0 1.81428e-16 1e-20
24454.5 1.83094e-16 1e-20
24456.0 1.83116e-16 1e-20
24457.5 2.63743e-16 1e-20
24459.0 1.73464e-16 1e-20
24460.5 1.26929e-16 1e-20
24462.0 1.90423e-16 1e-20
24463.5 1.8321e-16 1e-20
24465.0 1.32959e-16 1e-20
24466.5 1.70548e-16 1e-20
24468.0 1.71976e-16 1e-20
24469.5 1.77593e-16 1e-20
24471.0 1.71595e-16 1e-20
24472.5 1.75607e-16 1e-20
24474.0 1.66408e-16 1e-20
24475.5 1.68625e-16 1e-20
24477.0 1.70267e-16 1e-20
24478.5 1.65951e-16 1e-20
24480.0 1.69807e-16 1e-20
24481.5 1.86145e-16 1e-20
24483.0 2.55859e-16 1e-20
24484.5 1.76816e-16 1e-20
24486.0 1.83345e-16 1e-20
24487.5 1.83346e-16 1e-20
24490.5 1.83345e-16 1e-20
24492.0 1.83342e-16 1e-20
24493.5 1.83339e-16 1e-20
24495.0 1.83335e-16 1e-20
24496.5 1.8333e-16 1e-20
24498.0 1.83324e-16 1e-20
24499.5 1.24655e-16 1e-20
24501.0 1.83308e-16 1e-20
24502.5 1.83299e-16 1e-20
24504.0 1.83289e-16 1e-20
24505.5 1.73859e-16 1e-20
24507.0 1.69912e-16 1e-20
24508.5 1.83252e-16 1e-20
24510.0 1.58437e-16 1e-20
24511.5 1.96794e-16 1e-20
24513.0 1.81959e-16 1e-20
24514.5 1.82098e-16 1e-20
24516.0 1.69455e-16 1e-20
24517.5 1.83149e-16 1e-20
24519.0 1.83127e-16 1e-20
24520.5 1.23139e-16 1e-20
24522.0 1.49649e-16 1e-20
24523.5 1.65094e-16 1e-20
24525.0 1.72412e-16 1e-20
24526.5 1.63358e-16 1e-20
24528.0 1.75527e-16 1e-20
24529.5 1.95744e-16 1e-20
24531.0 1.81239e-16 1e-20
24532.5 1.82892e-16 1e-20
24534.0 1.82862e-16 1e-20
24535.5 1.82829e-16 1e-20
24537.0 1.82796e-16 1e-20
24538.5 1.90428e-16 1e-20
24540.0 1.20942e-16 1e-20
24541.5 1.28846e-16 1e-20
24543.0 1.8442e-16 1e-20
24544.5 1.82392e-16 1e-20
24546.0 1.82572e-16 1e-20
24547.5 1.82534e-16 1e-20
24549.0 1.8249e-16 1e-20
24550.5 1.82447e-16 1e-20
24552.0 1.82404e-16 1e-20
24553.5 1.82358e-16 1e-20
24555.0 1.82313e-16 1e-20
24556.5 1.82267e-16 1e-20
24558.0 1.82217e-16 1e-20
24559.5 1.82167e-16 1e-20
24561.0 1.6029e-16 1e-20
24562.5 1.55681e-16 1e-20
24564.0 1.59461e-16 1e-20
24565.5 1.61316e-16 1e-20
24567.0 1.76159e-16 1e-20
24568.5 1.6934e-16 1e-20
24570.0 1.88765e-16 1e-20
24571.5 1.91636e-16 1e-20
24573.0 1.81681e-16 1e-20
24574.5 1.81619e-16 1e-20
24576.0 1.78224e-16 1e-20
24577.5 1.54921e-16 1e-20
24579.0 1.34204e-16 1e-20
24580.5 1.63248e-16 1e-20
24582.0 1.80594e-16 1e-20
24583.5 1.8124e-16 1e-20
24585.0 1.81176e-16 1e-20
24586.5 2.14331e-16 1e-20
24588.0 1.81036e-16 1e-20
24589.5 1.8097e-16 1e-20
24591.0 1.80897e-16 1e-20
24592.5 1.80825e-16 1e-20
24594.0 1.83672e-16 1e-20
24595.5 1.44104e-16 1e-20
24597.0 1.5319e-16 1e-20
24598.5 1.35065e-16 1e-20
24600.0 1.76473e-16 1e-20
24601.5 1.60651e-16 1e-20
24603.0 1.61106e-16 1e-20
24604.5 1.58559e-16 1e-20
24606.0 1.67925e-16 1e-20
24607.5 1.68465e-16 1e-20
24609.0 1.61915e-16 1e-20
24610.5 1.76736e-16 1e-20
24612.0 1.52744e-16 1e-20
24613.5 1.55566e-16 1e-20
24615.0 1.52618e-16 1e-20
24616.5 1.61905e-16 1e-20
24618.0 1.59706e-16 1e-20
24619.5 1.60647e-16 1e-20
24621.0 1.6093e-16 1e-20
24622.5 1.63405e-16 1e-20
24624.0 1.68376e-16 1e-20
24625.5 1.62191e-16 1e-20
24627.0 1.64562e-16 1e-20
24628.5 1.61621e-16 1e-20
24630.0 1.59877e-16 1e-20
24631.5 1.53527e-16 1e-20
24633.0 1.69016e-16 1e-20
24634.5 1.74438e-16 1e-20
24636.0 1.73828e-16 1e-20
24637.5 1.63739e-16 1e-20
24639.0 1.65955e-16 1e-20
24640.5 1.6291e-16 1e-20
24642.0 1.54167e-16 1e-20
24643.5 1.60843e-16 1e-20
24645.0 1.53744e-16 1e-20
24646.5 1.53354e-16 1e-20
24648.0 1.64131e-16 1e-20
24649.5 1.66612e-16 1e-20
24651.0 1.58385e-16 1e-20
24652.5 1.66729e-16 1e-20
24654.0 1.6661e-16 1e-20
24655.5 1.6858e-16 1e-20
24657.0 1.77977e-16 1e-20
24658.5 1.74355e-16 1e-20
24660.0 1.68931e-16 1e-20
24661.5 1.31641e-16 1e-20
24663.0 1.03445e-16 1e-20
24664.5 1.70231e-16 1e-20
24666.0 2.51e-16 1e-20
24667.5 1.65552e-16 1e-20
24669.0 1.7592e-16 1e-20
24670.5 1.758e-16 1e-20
24672.0 1.75677e-16 1e-20
24673.5 1.75561e-16 1e-20
24675.0 1.75436e-16 1e-20
24676.5 1.75319e-16 1e-20
24678.0 1.75192e-16 1e-20
24679.5 1.75065e-16 1e-20
24681.0 1.74946e-16 1e-20
24682.5 1.74816e-16 1e-20
24684.0 1.58196e-16 1e-20
24685.5 1.36968e-16 1e-20
24687.0 1.43808e-16 1e-20
24688.5 1.71504e-16 1e-20
24690.0 1.74179e-16 1e-20
24691.5 1.74053e-16 1e-20
24693.0 1.76636e-16 1e-20
24694.5 1.78623e-16 1e-20
24696.0 1.74711e-16 1e-20
24697.5 1.73523e-16 1e-20
24699.0 1.73391e-16 1e-20
24700.5 1.21346e-16 1e-20
24702.0 1.51077e-16 1e-20
24703.5 1.48452e-16 1e-20
24705.0 1.56148e-16 1e-20
24706.5 1.61471e-16 1e-20
24708.0 1.63082e-16 1e-20
24709.5 1.39146e-16 1e-20
24711.0 1.69267e-16 1e-20
24712.5 1.53537e-16 1e-20
24714.0 1.5775e-16 1e-20
24715.5 1.57586e-16 1e-20
24717.0 1.44661e-16 1e-20
24718.5 1.49632e-16 1e-20
24720.0 1.59001e-16 1e-20
24721.5 1.58691e-16 1e-20
24723.0 1.71989e-16 1e-20
24724.5 1.86908e-16 1e-20
24726.0 1.70875e-16 1e-20
24727.5 1.70729e-16 1e-20
24729.0 1.70582e-16 1e-20
24730.5 1.70435e-16 1e-20
24732.0 1.87161e-16 1e-20
24733.5 1.56834e-16 1e-20
24735.0 1.70698e-16 1e-20
24736.5 1.69837e-16 1e-20
24738.0 1.4408e-16 1e-20
24739.5 1.65321e-16 1e-20
24741.0 1.79099e-16 1e-20
24742.5 1.66439e-16 1e-20
24744.0 1.37693e-16 1e-20
24745.5 1.37325e-16 1e-20
24747.0 1.39277e-16 1e-20
24748.5 1.51389e-16 1e-20
24750.0 1.56967e-16 1e-20
24751.5 1.51489e-16 1e-20
24753.0 1.54981e-16 1e-20
24754.5 1.60446e-16 1e-20
24756.0 1.66806e-16 1e-20
24757.5 1.71718e-16 1e-20
24759.0 1.65558e-16 1e-20
24760.5 1.55296e-16 1e-20
24762.0 1.68326e-16 1e-20
24763.5 1.68832e-16 1e-20
