3101.938477 4.705429e-16 1e-20
3102.189694 3.070102e-16 1e-20
3102.44091 3.106805e-16 1e-20
3102.692127 3.143508e-16 1e-20
3102.943344 3.180211e-16 1e-20
3103.194561 3.471778e-16 1e-20
3103.445778 1.506341e-17 1e-20
3103.696995 6.21046e-17 1e-20
3103.948212 1.091458e-16 1e-20
3104.199429 1.56187e-16 1e-20
3104.450646 2.032282e-16 1e-20
3104.701863 2.502694e-16 1e-20
3104.95308 2.973106e-16 1e-20
3105.204297 3.092687e-16 1e-20
3105.455514 1.995409e-16 1e-20
3105.706731 8.981302e-17 1e-20
3105.957948 -1.991483e-17 1e-20
3106.209165 -1.5197e-16 1e-20
3106.460381 -7.0499e-17 1e-20
3106.711598 1.097199e-17 1e-20
3106.962815 9.244297e-17 1e-20
3107.214032 1.744776e-16 1e-20
3107.465249 1.765564e-16 1e-20
3107.716466 1.786352e-16 1e-20
3107.967683 1.807139e-16 1e-20
3108.2189 1.827927e-16 1e-20
3108.470117 -8.7037e-17 1e-20
3108.721334 -2.592414e-16 1e-20
3108.972551 -4.51317e-16 1e-20
3109.223768 -1.973701e-16 1e-20
3109.474985 -1.59816e-16 1e-20
3109.726202 2.451766e-16 1e-20
3109.977419 5.865005e-16 1e-20
3110.228636 3.258838e-16 1e-20
3110.479852 2.523059e-16 1e-20
3110.731069 -3.650707e-17 1e-20
3110.982286 -3.851212e-16 1e-20
3111.233503 -5.237994e-16 1e-20
3111.48472 -3.39866e-17 1e-20
3111.735937 -1.175537e-16 1e-20
3111.987154 3.515796e-17 1e-20
3112.238371 7.485822e-16 1e-20
3112.489588 7.266486e-16 1e-20
3112.740805 4.574501e-16 1e-20
3112.992022 2.485214e-16 1e-20
3113.243239 6.970963e-16 1e-20
3113.494456 7.126577e-16 1e-20
3113.745673 5.542059e-16 1e-20
3113.99689 8.076368e-17 1e-20
3114.248107 -1.740519e-16 1e-20
3114.499323 -5.772892e-17 1e-20
3114.75054 2.789002e-16 1e-20
3115.001757 1.768599e-16 1e-20
3115.252974 3.250822e-17 1e-20
3115.504191 2.098841e-16 1e-20
3115.755408 1.182607e-16 1e-20
3116.006625 -4.458437e-16 1e-20
3116.257842 -2.630599e-16 1e-20
3116.509059 3.710394e-16 1e-20
3116.760276 -1.431562e-17 1e-20
3117.011493 2.811196e-18 1e-20
3117.26271 4.139909e-16 1e-20
3117.513927 1.512379e-16 1e-20
3117.765144 -5.65957e-16 1e-20
3118.016361 -4.598757e-16 1e-20
3118.267578 -1.035644e-16 1e-20
3118.518794 1.534157e-16 1e-20
3118.770011 3.753894e-16 1e-20
3119.021228 3.457903e-16 1e-20
3119.272445 2.370184e-16 1e-20
3119.523662 1.917156e-16 1e-20
3119.774879 2.026285e-16 1e-20
3120.026096 4.976357e-16 1e-20
3120.277313 2.003335e-16 1e-20
3120.52853 -1.897479e-16 1e-20
3120.779747 2.518803e-16 1e-20
3121.030964 6.115465e-16 1e-20
3121.282181 2.75687e-16 1e-20
3121.533398 2.372383e-16 1e-20
3121.784615 8.926394e-17 1e-20
3122.035832 5.829098e-16 1e-20
3122.287049 4.833335e-16 1e-20
3122.538265 3.043119e-16 1e-20
3122.789482 4.220613e-16 1e-20
3123.040699 4.868583e-16 1e-20
3123.291916 5.041823e-16 1e-20
3123.543133 4.682825e-16 1e-20
3123.79435 4.890486e-16 1e-20
3124.045567 5.222642e-16 1e-20
3124.296784 4.461276e-17 1e-20
3124.548001 -2.600506e-17 1e-20
3124.799218 5.245271e-16 1e-20
3125.050435 4.26165e-16 1e-20
3125.301652 1.728868e-16 1e-20
3125.552869 1.93378e-16 1e-20
3125.804086 4.306015e-16 1e-20
3126.055303 1.820747e-16 1e-20
3126.30652 2.221115e-16 1e-20
3126.557736 4.23643e-16 1e-20
3126.808953 3.262538e-16 1e-20
3127.06017 2.146985e-16 1e-20
3127.311387 -1.620543e-17 1e-20
3127.562604 -3.509797e-16 1e-20
3127.813821 -3.158799e-16 1e-20
3128.065038 -1.591143e-16 1e-20
3128.316255 -1.193975e-16 1e-20
3128.567472 5.985916e-17 1e-20
3128.818689 1.30473e-16 1e-20
3129.069906 -1.128237e-16 1e-20
3129.321123 -7.85118e-17 1e-20
3129.57234 1.974753e-16 1e-20
3129.823557 2.111532e-16 1e-20
3130.074774 9.052735e-17 1e-20
3130.325991 2.064983e-16 1e-20
3130.577207 2.470914e-16 1e-20
3130.828424 2.856237e-16 1e-20
3131.079641 1.655688e-16 1e-20
3131.330858 2.195028e-17 1e-20
3131.582075 -1.700936e-17 1e-20
3131.833292 -1.224524e-16 1e-20
3132.084509 1.072744e-16 1e-20
3132.335726 1.855482e-16 1e-20
3132.586943 4.03669e-16 1e-20
3132.83816 2.859854e-16 1e-20
3133.089377 1.69242e-16 1e-20
3133.340594 1.903764e-16 1e-20
3133.591811 2.177409e-16 1e-20
3133.843028 3.015398e-16 1e-20
3134.094245 2.105475e-16 1e-20
3134.345462 4.631687e-17 1e-20
3134.596678 3.861085e-17 1e-20
3134.847895 -5.029187e-17 1e-20
3135.099112 -2.112991e-16 1e-20
3135.350329 -1.432465e-16 1e-20
3135.601546 -6.288535e-17 1e-20
3135.852763 1.301947e-16 1e-20
3136.10398 2.236472e-16 1e-20
3136.355197 1.080354e-16 1e-20
3136.606414 9.754266e-17 1e-20
3136.857631 1.953596e-16 1e-20
3137.108848 1.621162e-16 1e-20
3137.360065 -2.072272e-18 1e-20
3137.611282 -1.020661e-16 1e-20
3137.862499 -3.390763e-17 1e-20
3138.113716 2.961982e-17 1e-20
3138.364933 5.821321e-17 1e-20
3138.616149 1.001028e-16 1e-20
3138.867366 2.896239e-16 1e-20
3139.118583 3.568249e-16 1e-20
3139.3698 -1.31809e-17 1e-20
3139.621017 -1.766012e-16 1e-20
3139.872234 1.763772e-16 1e-20
3140.123451 3.132081e-16 1e-20
3140.374668 2.545624e-16 1e-20
3140.625885 1.425673e-16 1e-20
3140.877102 5.898371e-17 1e-20
3141.128319 1.005089e-16 1e-20
3141.379536 1.454943e-16 1e-20
3141.630753 1.174012e-16 1e-20
3141.88197 9.592831e-17 1e-20
3142.133187 6.396458e-17 1e-20
3142.384404 4.166333e-17 1e-20
3142.63562 -1.208767e-17 1e-20
3142.886837 4.740434e-17 1e-20
3143.138054 2.472791e-16 1e-20
3143.389271 1.316883e-16 1e-20
3143.640488 1.671498e-17 1e-20
3143.891705 1.827693e-16 1e-20
3144.142922 1.885143e-16 1e-20
3144.394139 2.402729e-16 1e-20
3144.645356 4.500578e-16 1e-20
3144.896573 2.343963e-16 1e-20
3145.14779 -5.478184e-17 1e-20
3145.399007 -1.174017e-16 1e-20
3145.650224 4.351627e-17 1e-20
3145.901441 3.59994e-16 1e-20
3146.152658 5.017623e-16 1e-20
3146.403875 3.708685e-16 1e-20
3146.655091 2.343682e-16 1e-20
3146.906308 2.485442e-16 1e-20
3147.157525 9.558146e-17 1e-20
3147.408742 2.256791e-17 1e-20
3147.659959 2.175727e-16 1e-20
3147.911176 1.977737e-16 1e-20
3148.162393 1.346067e-16 1e-20
3148.41361 1.065633e-16 1e-20
3148.664827 1.232451e-16 1e-20
3148.916044 1.883122e-16 1e-20
3149.167261 1.152367e-16 1e-20
3149.418478 1.914526e-16 1e-20
3149.669695 3.338534e-16 1e-20
3149.920912 2.623497e-16 1e-20
3150.172129 5.395357e-17 1e-20
3150.423346 -9.89669e-18 1e-20
3150.674562 1.497682e-16 1e-20
3150.925779 1.836588e-16 1e-20
3151.176996 1.166201e-16 1e-20
3151.428213 6.531906e-17 1e-20
3151.67943 2.040967e-16 1e-20
3151.930647 2.077962e-16 1e-20
3152.181864 1.027126e-16 1e-20
3152.433081 1.638227e-16 1e-20
3152.684298 2.960336e-16 1e-20
3152.935515 2.392314e-16 1e-20
3153.186732 1.945522e-16 1e-20
3153.437949 3.954614e-17 1e-20
3153.689166 -2.363643e-17 1e-20
3153.940383 1.472655e-16 1e-20
3154.1916 1.920708e-16 1e-20
3154.442817 1.041657e-16 1e-20
3154.694033 3.106738e-17 1e-20
3154.94525 8.213029e-17 1e-20
3155.196467 1.235297e-16 1e-20
3155.447684 1.43482e-16 1e-20
3155.698901 1.00968e-16 1e-20
3155.950118 1.190339e-16 1e-20
3156.201335 1.400385e-16 1e-20
3156.452552 1.610431e-16 1e-20
3156.703769 1.820477e-16 1e-20
3156.954986 2.030524e-16 1e-20
3157.206203 2.24057e-16 1e-20
3157.45742 2.450616e-16 1e-20
3157.708637 2.660662e-16 1e-20
3157.959854 2.870708e-16 1e-20
3158.211071 2.436981e-16 1e-20
3158.462288 1.970652e-16 1e-20
3158.713504 2.138418e-16 1e-20
3158.964721 2.675602e-16 1e-20
3159.215938 1.505437e-16 1e-20
3159.467155 1.369947e-16 1e-20
3159.718372 2.4639e-16 1e-20
3159.969589 2.86597e-16 1e-20
3160.220806 2.709323e-16 1e-20
3160.472023 2.428874e-16 1e-20
3160.72324 1.886881e-16 1e-20
3160.974457 2.319603e-16 1e-20
3161.225674 2.92164e-16 1e-20
3161.476891 2.524478e-16 1e-20
3161.728108 1.26537e-16 1e-20
3161.979325 1.983765e-16 1e-20
3162.230542 3.19638e-16 1e-20
3162.481759 2.84494e-16 1e-20
3162.732975 1.89253e-16 1e-20
3162.984192 1.534946e-16 1e-20
3163.235409 2.377377e-16 1e-20
3163.486626 2.722606e-16 1e-20
3163.737843 1.937502e-16 1e-20
3163.98906 1.334217e-16 1e-20
3164.240277 1.66611e-16 1e-20
3164.491494 2.072995e-16 1e-20
3164.742711 1.519022e-16 1e-20
3164.993928 2.238722e-16 1e-20
3165.245145 2.351397e-16 1e-20
3165.496362 2.331796e-16 1e-20
3165.747579 2.393159e-16 1e-20
3165.998796 2.204714e-16 1e-20
3166.250013 1.388228e-16 1e-20
3166.50123 2.096268e-16 1e-20
3166.752446 2.331489e-16 1e-20
3167.003663 1.753344e-16 1e-20
3167.25488 2.669915e-16 1e-20
3167.506097 3.260106e-16 1e-20
3167.757314 1.697572e-16 1e-20
3168.008531 1.816031e-16 1e-20
3168.259748 2.130475e-16 1e-20
3168.510965 2.331756e-16 1e-20
3168.762182 3.190919e-16 1e-20
3169.013399 2.531055e-16 1e-20
3169.264616 1.417936e-16 1e-20
3169.515833 1.918974e-16 1e-20
3169.76705 2.492368e-16 1e-20
3170.018267 1.692082e-16 1e-20
3170.269484 1.428495e-16 1e-20
3170.520701 2.541089e-16 1e-20
3170.771917 3.097758e-16 1e-20
3171.023134 2.240617e-16 1e-20
3171.274351 1.909632e-16 1e-20
3171.525568 1.786496e-16 1e-20
3171.776785 2.277128e-16 1e-20
3172.028002 2.388775e-16 1e-20
3172.279219 3.145851e-16 1e-20
3172.530436 3.146931e-16 1e-20
3172.781653 2.80448e-16 1e-20
3173.03287 3.26256e-16 1e-20
3173.284087 2.322947e-16 1e-20
3173.535304 2.08444e-16 1e-20
3173.786521 2.417004e-16 1e-20
3174.037738 1.427836e-16 1e-20
3174.288955 2.364797e-16 1e-20
3174.540172 3.100888e-16 1e-20
3174.791388 2.799561e-16 1e-20
3175.042605 2.349894e-16 1e-20
3175.293822 2.772987e-16 1e-20
3175.545039 2.844953e-16 1e-20
3175.796256 2.386319e-16 1e-20
3176.047473 2.223675e-16 1e-20
3176.29869 1.55046e-16 1e-20
3176.549907 1.599482e-16 1e-20
3176.801124 1.766483e-16 1e-20
3177.052341 2.10897e-16 1e-20
3177.303558 2.844782e-16 1e-20
3177.554775 2.975519e-16 1e-20
3177.805992 2.607542e-16 1e-20
3178.057209 2.58682e-16 1e-20
3178.308426 2.257427e-16 1e-20
3178.559643 1.695036e-16 1e-20
3178.810859 2.094175e-16 1e-20
3179.062076 2.457368e-16 1e-20
3179.313293 2.699689e-16 1e-20
3179.56451 2.66077e-16 1e-20
3179.815727 3.021966e-16 1e-20
3180.066944 2.720757e-16 1e-20
3180.318161 2.258395e-16 1e-20
3180.569378 2.292297e-16 1e-20
3180.820595 2.374332e-16 1e-20
3181.071812 1.946065e-16 1e-20
3181.323029 2.045632e-16 1e-20
3181.574246 2.711315e-16 1e-20
3181.825463 2.922922e-16 1e-20
3182.07668 2.679186e-16 1e-20
3182.327897 3.045441e-16 1e-20
3182.579114 3.067668e-16 1e-20
3182.83033 2.935553e-16 1e-20
3183.081547 2.81284e-16 1e-20
3183.332764 2.732417e-16 1e-20
3183.583981 2.484564e-16 1e-20
3183.835198 2.277107e-16 1e-20
3184.086415 2.176711e-16 1e-20
3184.337632 2.206372e-16 1e-20
3184.588849 2.396821e-16 1e-20
3184.840066 2.36105e-16 1e-20
3185.091283 2.675711e-16 1e-20
3185.3425 2.78158e-16 1e-20
3185.593717 2.990549e-16 1e-20
3185.844934 3.229902e-16 1e-20
3186.096151 2.879541e-16 1e-20
3186.347368 2.982028e-16 1e-20
3186.598585 3.114243e-16 1e-20
3186.849801 2.985733e-16 1e-20
3187.101018 2.876158e-16 1e-20
3187.352235 2.738843e-16 1e-20
3187.603452 2.764796e-16 1e-20
3187.854669 3.030558e-16 1e-20
3188.105886 3.13002e-16 1e-20
3188.357103 2.768473e-16 1e-20
3188.60832 2.757893e-16 1e-20
3188.859537 2.766897e-16 1e-20
3189.110754 2.427128e-16 1e-20
3189.361971 2.631221e-16 1e-20
3189.613188 2.889542e-16 1e-20
3189.864405 2.850525e-16 1e-20
3190.115622 2.982324e-16 1e-20
3190.366839 2.916898e-16 1e-20
3190.618056 2.449071e-16 1e-20
3190.869272 2.365453e-16 1e-20
3191.120489 2.622323e-16 1e-20
3191.371706 3.268674e-16 1e-20
3191.622923 3.073072e-16 1e-20
3191.87414 3.052056e-16 1e-20
3192.125357 3.206097e-16 1e-20
3192.376574 2.60053e-16 1e-20
3192.627791 2.325717e-16 1e-20
3192.879008 2.669578e-16 1e-20
3193.130225 2.714662e-16 1e-20
3193.381442 2.806813e-16 1e-20
3193.632659 2.698016e-16 1e-20
3193.883876 2.21448e-16 1e-20
3194.135093 2.99593e-16 1e-20
3194.38631 3.17482e-16 1e-20
3194.637527 2.426965e-16 1e-20
3194.888743 2.530952e-16 1e-20
3195.13996 2.984561e-16 1e-20
3195.391177 3.235192e-16 1e-20
3195.642394 2.828955e-16 1e-20
3195.893611 2.838275e-16 1e-20
3196.144828 3.129249e-16 1e-20
3196.396045 2.923344e-16 1e-20
3196.647262 2.847264e-16 1e-20
3196.898479 3.094995e-16 1e-20
3197.149696 3.402309e-16 1e-20
3197.400913 3.154715e-16 1e-20
3197.65213 3.173074e-16 1e-20
3197.903347 3.176201e-16 1e-20
3198.154564 3.223249e-16 1e-20
3198.405781 3.094476e-16 1e-20
3198.656998 2.694803e-16 1e-20
3198.908214 2.178828e-16 1e-20
3199.159431 2.189604e-16 1e-20
3199.410648 2.728996e-16 1e-20
3199.661865 2.935327e-16 1e-20
3199.913082 2.724866e-16 1e-20
3200.164299 2.970532e-16 1e-20
3200.415516 2.857521e-16 1e-20
3200.666733 3.128782e-16 1e-20
3200.91795 3.086485e-16 1e-20
3201.169167 2.6907e-16 1e-20
3201.420384 2.903472e-16 1e-20
3201.671601 2.849982e-16 1e-20
3201.922818 2.687666e-16 1e-20
3202.174035 2.604637e-16 1e-20
3202.425252 2.817523e-16 1e-20
3202.676469 2.816814e-16 1e-20
3202.927685 2.9362e-16 1e-20
3203.178902 2.960456e-16 1e-20
3203.430119 2.738852e-16 1e-20
3203.681336 2.688334e-16 1e-20
3203.932553 2.910733e-16 1e-20
3204.18377 2.938096e-16 1e-20
3204.434987 2.662709e-16 1e-20
3204.686204 2.860013e-16 1e-20
3204.937421 2.747589e-16 1e-20
3205.188638 2.922183e-16 1e-20
3205.439855 3.147497e-16 1e-20
3205.691072 3.024595e-16 1e-20
3205.942289 2.651679e-16 1e-20
3206.193506 2.614176e-16 1e-20
3206.444723 2.938295e-16 1e-20
3206.69594 3.313089e-16 1e-20
3206.947156 3.339696e-16 1e-20
3207.198373 3.363972e-16 1e-20
3207.44959 3.135163e-16 1e-20
3207.700807 3.160053e-16 1e-20
3207.952024 3.3027e-16 1e-20
3208.203241 3.530729e-16 1e-20
3208.454458 2.966401e-16 1e-20
3208.705675 2.567808e-16 1e-20
3208.956892 3.021515e-16 1e-20
3209.208109 3.488001e-16 1e-20
3209.459326 3.509183e-16 1e-20
3209.710543 3.108079e-16 1e-20
3209.96176 2.965877e-16 1e-20
3210.212977 3.154538e-16 1e-20
3210.464194 3.456068e-16 1e-20
3210.715411 3.237526e-16 1e-20
3210.966627 3.086675e-16 1e-20
3211.217844 2.923107e-16 1e-20
3211.469061 2.948524e-16 1e-20
3211.720278 3.150233e-16 1e-20
3211.971495 3.124144e-16 1e-20
3212.222712 2.810366e-16 1e-20
3212.473929 2.507121e-16 1e-20
3212.725146 3.049742e-16 1e-20
3212.976363 3.351989e-16 1e-20
3213.22758 3.083891e-16 1e-20
3213.478797 2.873263e-16 1e-20
3213.730014 2.682081e-16 1e-20
3213.981231 2.427198e-16 1e-20
3214.232448 2.655175e-16 1e-20
3214.483665 3.17366e-16 1e-20
3214.734882 2.869494e-16 1e-20
3214.986098 2.737468e-16 1e-20
3215.237315 3.052958e-16 1e-20
3215.488532 2.638599e-16 1e-20
3215.739749 2.731144e-16 1e-20
3215.990966 2.895966e-16 1e-20
3216.242183 2.592583e-16 1e-20
3216.4934 2.397572e-16 1e-20
3216.744617 2.723568e-16 1e-20
3216.995834 2.852611e-16 1e-20
3217.247051 2.639724e-16 1e-20
3217.498268 2.878748e-16 1e-20
3217.749485 2.668918e-16 1e-20
3218.000702 2.838507e-16 1e-20
3218.251919 2.932583e-16 1e-20
3218.503136 2.703863e-16 1e-20
3218.754353 2.732284e-16 1e-20
3219.005569 2.688147e-16 1e-20
3219.256786 2.322163e-16 1e-20
3219.508003 2.224634e-16 1e-20
3219.75922 2.090416e-16 1e-20
3220.010437 2.554522e-16 1e-20
3220.261654 2.679832e-16 1e-20
3220.512871 2.539358e-16 1e-20
3220.764088 2.514945e-16 1e-20
3221.015305 2.612472e-16 1e-20
3221.266522 2.338654e-16 1e-20
3221.517739 2.232933e-16 1e-20
3221.768956 2.45827e-16 1e-20
3222.020173 2.667561e-16 1e-20
3222.27139 2.262415e-16 1e-20
3222.522607 2.366511e-16 1e-20
3222.773824 2.922026e-16 1e-20
3223.025041 2.8902e-16 1e-20
3223.276257 2.483945e-16 1e-20
3223.527474 2.300841e-16 1e-20
3223.778691 2.494206e-16 1e-20
3224.029908 2.445162e-16 1e-20
3224.281125 2.251579e-16 1e-20
3224.532342 2.142935e-16 1e-20
3224.783559 2.291369e-16 1e-20
3225.034776 2.37575e-16 1e-20
3225.285993 2.403255e-16 1e-20
3225.53721 2.311394e-16 1e-20
3225.788427 2.528435e-16 1e-20
3226.039644 2.656445e-16 1e-20
3226.290861 2.725767e-16 1e-20
3226.542078 2.639135e-16 1e-20
3226.793295 2.242854e-16 1e-20
3227.044512 2.079957e-16 1e-20
3227.295728 2.422135e-16 1e-20
3227.546945 2.906072e-16 1e-20
3227.798162 2.675225e-16 1e-20
3228.049379 2.261973e-16 1e-20
3228.300596 2.460962e-16 1e-20
3228.551813 2.94222e-16 1e-20
3228.80303 2.920012e-16 1e-20
3229.054247 2.320474e-16 1e-20
3229.305464 2.298008e-16 1e-20
3229.556681 2.370434e-16 1e-20
3229.807898 1.746504e-16 1e-20
3230.059115 1.843041e-16 1e-20
3230.310332 2.327901e-16 1e-20
3230.561549 2.531553e-16 1e-20
3230.812766 2.533461e-16 1e-20
3231.063983 2.493248e-16 1e-20
3231.315199 2.31904e-16 1e-20
3231.566416 2.540675e-16 1e-20
3231.817633 2.884235e-16 1e-20
3232.06885 2.574511e-16 1e-20
3232.320067 2.533411e-16 1e-20
3232.571284 2.724714e-16 1e-20
3232.822501 2.408208e-16 1e-20
3233.073718 2.154443e-16 1e-20
3233.324935 2.305941e-16 1e-20
3233.576152 2.527836e-16 1e-20
3233.827369 2.585208e-16 1e-20
3234.078586 2.469259e-16 1e-20
3234.329803 2.494583e-16 1e-20
3234.58102 2.738249e-16 1e-20
3234.832237 2.525434e-16 1e-20
3235.083454 2.439322e-16 1e-20
3235.33467 2.507572e-16 1e-20
3235.585887 2.465206e-16 1e-20
3235.837104 2.348142e-16 1e-20
3236.088321 2.44471e-16 1e-20
3236.339538 2.25475e-16 1e-20
3236.590755 2.178764e-16 1e-20
3236.841972 2.338309e-16 1e-20
3237.093189 2.573538e-16 1e-20
3237.344406 2.856114e-16 1e-20
3237.595623 2.967759e-16 1e-20
3237.84684 2.838832e-16 1e-20
3238.098057 2.509933e-16 1e-20
3238.349274 2.254166e-16 1e-20
3238.600491 2.289159e-16 1e-20
3238.851708 2.274663e-16 1e-20
3239.102925 2.177033e-16 1e-20
3239.354141 2.3428e-16 1e-20
3239.605358 2.229359e-16 1e-20
3239.856575 2.306464e-16 1e-20
3240.107792 2.272423e-16 1e-20
3240.359009 2.15133e-16 1e-20
3240.610226 2.701629e-16 1e-20
3240.861443 2.563794e-16 1e-20
3241.11266 2.313941e-16 1e-20
3241.363877 2.130569e-16 1e-20
3241.615094 1.962103e-16 1e-20
3241.866311 2.013832e-16 1e-20
3242.117528 2.353519e-16 1e-20
3242.368745 2.389176e-16 1e-20
3242.619962 2.409482e-16 1e-20
3242.871179 2.534358e-16 1e-20
3243.122396 2.524386e-16 1e-20
3243.373612 2.531847e-16 1e-20
3243.624829 2.281207e-16 1e-20
3243.876046 2.427821e-16 1e-20
3244.127263 2.562188e-16 1e-20
3244.37848 2.190965e-16 1e-20
3244.629697 2.048857e-16 1e-20
3244.880914 2.189965e-16 1e-20
3245.132131 2.236193e-16 1e-20
3245.383348 2.264545e-16 1e-20
3245.634565 2.067046e-16 1e-20
3245.885782 2.138748e-16 1e-20
3246.136999 2.200062e-16 1e-20
3246.388216 2.087463e-16 1e-20
3246.639433 2.284939e-16 1e-20
3246.89065 2.587421e-16 1e-20
3247.141867 2.563893e-16 1e-20
3247.393083 2.46245e-16 1e-20
3247.6443 2.318411e-16 1e-20
3247.895517 2.298853e-16 1e-20
3248.146734 2.447755e-16 1e-20
3248.397951 2.187034e-16 1e-20
3248.649168 2.093104e-16 1e-20
3248.900385 2.296807e-16 1e-20
3249.151602 2.083608e-16 1e-20
3249.402819 1.9437e-16 1e-20
3249.654036 2.17317e-16 1e-20
3249.905253 2.186258e-16 1e-20
3250.15647 2.410923e-16 1e-20
3250.407687 2.385551e-16 1e-20
3250.658904 2.373667e-16 1e-20
3250.910121 2.374301e-16 1e-20
3251.161338 2.280357e-16 1e-20
3251.412554 2.227089e-16 1e-20
3251.663771 2.26437e-16 1e-20
3251.914988 2.21909e-16 1e-20
3252.166205 2.001497e-16 1e-20
3252.417422 1.845707e-16 1e-20
3252.668639 1.997321e-16 1e-20
3252.919856 2.166118e-16 1e-20
3253.171073 2.410455e-16 1e-20
3253.42229 2.388724e-16 1e-20
3253.673507 2.119289e-16 1e-20
3253.924724 2.044363e-16 1e-20
3254.175941 1.924061e-16 1e-20
3254.427158 1.913371e-16 1e-20
3254.678375 2.16955e-16 1e-20
3254.929592 2.014511e-16 1e-20
3255.180809 2.02097e-16 1e-20
3255.432025 2.351627e-16 1e-20
3255.683242 2.04104e-16 1e-20
3255.934459 1.855905e-16 1e-20
3256.185676 2.176037e-16 1e-20
3256.436893 2.335929e-16 1e-20
3256.68811 2.18593e-16 1e-20
3256.939327 2.448778e-16 1e-20
3257.190544 2.647633e-16 1e-20
3257.441761 2.194373e-16 1e-20
3257.692978 2.126933e-16 1e-20
3257.944195 2.345633e-16 1e-20
3258.195412 2.237734e-16 1e-20
3258.446629 2.128507e-16 1e-20
3258.697846 2.062065e-16 1e-20
3258.949063 2.207016e-16 1e-20
3259.20028 2.310928e-16 1e-20
3259.451496 1.978889e-16 1e-20
3259.702713 2.083706e-16 1e-20
3259.95393 2.315783e-16 1e-20
3260.205147 2.070533e-16 1e-20
3260.456364 2.038151e-16 1e-20
3260.707581 2.410801e-16 1e-20
3260.958798 2.443134e-16 1e-20
3261.210015 1.994931e-16 1e-20
3261.461232 2.462683e-16 1e-20
3261.712449 2.460205e-16 1e-20
3261.963666 2.497362e-16 1e-20
3262.214883 2.308053e-16 1e-20
3262.4661 2.114814e-16 1e-20
3262.717317 2.174786e-16 1e-20
3262.968534 2.401431e-16 1e-20
3263.219751 2.659446e-16 1e-20
3263.470967 2.342573e-16 1e-20
3263.722184 2.20175e-16 1e-20
3263.973401 2.30189e-16 1e-20
3264.224618 2.602245e-16 1e-20
3264.475835 2.12421e-16 1e-20
3264.727052 1.928068e-16 1e-20
3264.978269 2.066258e-16 1e-20
3265.229486 1.950667e-16 1e-20
3265.480703 1.968998e-16 1e-20
3265.73192 2.232593e-16 1e-20
3265.983137 2.522702e-16 1e-20
3266.234354 2.373535e-16 1e-20
3266.485571 2.154911e-16 1e-20
3266.736788 2.199508e-16 1e-20
3266.988005 2.305863e-16 1e-20
3267.239222 2.320021e-16 1e-20
3267.490438 2.235146e-16 1e-20
3267.741655 2.399522e-16 1e-20
3267.992872 2.089931e-16 1e-20
3268.244089 1.827975e-16 1e-20
3268.495306 2.059795e-16 1e-20
3268.746523 1.977485e-16 1e-20
3268.99774 1.86499e-16 1e-20
3269.248957 1.848314e-16 1e-20
3269.500174 1.793276e-16 1e-20
3269.751391 1.704245e-16 1e-20
3270.002608 1.746236e-16 1e-20
3270.253825 1.833169e-16 1e-20
3270.505042 1.940606e-16 1e-20
3270.756259 2.014771e-16 1e-20
3271.007476 1.908416e-16 1e-20
3271.258693 1.878495e-16 1e-20
3271.509909 2.25543e-16 1e-20
3271.761126 2.445855e-16 1e-20
3272.012343 2.259029e-16 1e-20
3272.26356 1.923787e-16 1e-20
3272.514777 1.795201e-16 1e-20
3272.765994 1.716852e-16 1e-20
3273.017211 2.021557e-16 1e-20
3273.268428 2.085137e-16 1e-20
3273.519645 1.85199e-16 1e-20
3273.770862 2.112628e-16 1e-20
3274.022079 2.478108e-16 1e-20
3274.273296 2.227436e-16 1e-20
3274.524513 1.963512e-16 1e-20
3274.77573 2.088851e-16 1e-20
3275.026947 1.83733e-16 1e-20
3275.278164 2.136272e-16 1e-20
3275.52938 2.142767e-16 1e-20
3275.780597 2.037273e-16 1e-20
3276.031814 2.01924e-16 1e-20
3276.283031 1.784978e-16 1e-20
3276.534248 1.488142e-16 1e-20
3276.785465 1.680784e-16 1e-20
3277.036682 1.949399e-16 1e-20
3277.287899 1.996258e-16 1e-20
3277.539116 1.869755e-16 1e-20
3277.790333 1.741327e-16 1e-20
3278.04155 1.656172e-16 1e-20
3278.292767 1.959839e-16 1e-20
3278.543984 2.393898e-16 1e-20
3278.795201 2.061826e-16 1e-20
3279.046418 2.227545e-16 1e-20
3279.297635 2.181414e-16 1e-20
3279.548851 1.6283e-16 1e-20
3279.800068 1.71186e-16 1e-20
3280.051285 1.737772e-16 1e-20
3280.302502 1.713897e-16 1e-20
3280.553719 1.954846e-16 1e-20
3280.804936 1.985983e-16 1e-20
3281.056153 2.074189e-16 1e-20
3281.30737 1.863012e-16 1e-20
3281.558587 1.799765e-16 1e-20
3281.809804 2.11175e-16 1e-20
3282.061021 1.970841e-16 1e-20
3282.312238 1.890427e-16 1e-20
3282.563455 1.895636e-16 1e-20
3282.814672 2.065562e-16 1e-20
3283.065889 2.005739e-16 1e-20
3283.317106 1.633784e-16 1e-20
3283.568322 1.893403e-16 1e-20
3283.819539 2.144368e-16 1e-20
3284.070756 2.170797e-16 1e-20
3284.321973 2.077145e-16 1e-20
3284.57319 1.787046e-16 1e-20
3284.824407 1.693186e-16 1e-20
3285.075624 2.120494e-16 1e-20
3285.326841 2.367771e-16 1e-20
3285.578058 2.223886e-16 1e-20
3285.829275 2.07134e-16 1e-20
3286.080492 1.864925e-16 1e-20
3286.331709 2.072421e-16 1e-20
3286.582926 2.269675e-16 1e-20
3286.834143 2.176531e-16 1e-20
3287.08536 2.020561e-16 1e-20
3287.336577 2.204956e-16 1e-20
3287.587793 2.130687e-16 1e-20
3287.83901 2.133602e-16 1e-20
3288.090227 2.208104e-16 1e-20
3288.341444 2.032829e-16 1e-20
3288.592661 1.920818e-16 1e-20
3288.843878 2.078846e-16 1e-20
3289.095095 2.303169e-16 1e-20
3289.346312 2.197151e-16 1e-20
3289.597529 2.067538e-16 1e-20
3289.848746 1.846625e-16 1e-20
3290.099963 1.803867e-16 1e-20
3290.35118 2.042914e-16 1e-20
3290.602397 2.135989e-16 1e-20
3290.853614 2.043196e-16 1e-20
3291.104831 1.988832e-16 1e-20
3291.356048 1.962917e-16 1e-20
3291.607264 1.816502e-16 1e-20
3291.858481 2.089755e-16 1e-20
3292.109698 2.186893e-16 1e-20
3292.360915 1.750116e-16 1e-20
3292.612132 1.535917e-16 1e-20
3292.863349 1.784722e-16 1e-20
3293.114566 2.014544e-16 1e-20
3293.365783 2.285953e-16 1e-20
3293.617 2.303446e-16 1e-20
3293.868217 1.968898e-16 1e-20
3294.119434 1.970869e-16 1e-20
3294.370651 2.208898e-16 1e-20
3294.621868 2.305691e-16 1e-20
3294.873085 2.10296e-16 1e-20
3295.124302 1.98668e-16 1e-20
3295.375519 2.027128e-16 1e-20
3295.626735 1.932101e-16 1e-20
3295.877952 1.847451e-16 1e-20
3296.129169 2.105642e-16 1e-20
3296.380386 2.196869e-16 1e-20
3296.631603 2.016854e-16 1e-20
3296.88282 2.18691e-16 1e-20
3297.134037 1.894611e-16 1e-20
3297.385254 2.151529e-16 1e-20
3297.636471 2.546853e-16 1e-20
3297.887688 2.49104e-16 1e-20
3298.138905 2.198766e-16 1e-20
3298.390122 2.37557e-16 1e-20
3298.641339 2.624e-16 1e-20
3298.892556 2.370521e-16 1e-20
3299.143773 2.343607e-16 1e-20
3299.39499 2.231287e-16 1e-20
3299.646206 2.210097e-16 1e-20
3299.897423 2.13616e-16 1e-20
3300.14864 2.219841e-16 1e-20
3300.399857 2.322883e-16 1e-20
3300.651074 2.063987e-16 1e-20
3300.902291 1.871006e-16 1e-20
3301.153508 1.782625e-16 1e-20
3301.404725 1.701813e-16 1e-20
3301.655942 1.631538e-16 1e-20
3301.907159 1.618475e-16 1e-20
3302.158376 1.922382e-16 1e-20
3302.409593 2.106531e-16 1e-20
3302.66081 2.246665e-16 1e-20
3302.912027 2.383716e-16 1e-20
3303.163244 2.384554e-16 1e-20
3303.414461 2.239294e-16 1e-20
3303.665677 1.950355e-16 1e-20
3303.916894 2.16982e-16 1e-20
3304.168111 2.012793e-16 1e-20
3304.419328 2.183694e-16 1e-20
3304.670545 2.389606e-16 1e-20
3304.921762 2.003884e-16 1e-20
3305.172979 1.763035e-16 1e-20
3305.424196 1.718386e-16 1e-20
3305.675413 2.065919e-16 1e-20
3305.92663 2.163259e-16 1e-20
3306.177847 1.72415e-16 1e-20
3306.429064 1.818101e-16 1e-20
3306.680281 2.068165e-16 1e-20
3306.931498 1.88132e-16 1e-20
3307.182715 2.227557e-16 1e-20
3307.433932 2.434599e-16 1e-20
3307.685148 2.237605e-16 1e-20
3307.936365 1.995105e-16 1e-20
3308.187582 1.908293e-16 1e-20
3308.438799 1.777253e-16 1e-20
3308.690016 2.288795e-16 1e-20
3308.941233 2.567248e-16 1e-20
3309.19245 2.328968e-16 1e-20
3309.443667 2.254878e-16 1e-20
3309.694884 2.028161e-16 1e-20
3309.946101 1.814306e-16 1e-20
3310.197318 2.306531e-16 1e-20
3310.448535 2.390904e-16 1e-20
3310.699752 2.07149e-16 1e-20
3310.950969 1.926989e-16 1e-20
3311.202186 2.04403e-16 1e-20
3311.453403 2.576183e-16 1e-20
3311.704619 2.647399e-16 1e-20
3311.955836 2.679239e-16 1e-20
3312.207053 2.510985e-16 1e-20
3312.45827 2.156375e-16 1e-20
3312.709487 2.376072e-16 1e-20
3312.960704 2.304403e-16 1e-20
3313.211921 2.044411e-16 1e-20
3313.463138 1.822384e-16 1e-20
3313.714355 2.084815e-16 1e-20
3313.965572 2.165704e-16 1e-20
3314.216789 2.181962e-16 1e-20
3314.468006 2.215084e-16 1e-20
3314.719223 2.111248e-16 1e-20
3314.97044 2.321135e-16 1e-20
3315.221657 2.293989e-16 1e-20
3315.472874 2.046027e-16 1e-20
3315.72409 2.111601e-16 1e-20
3315.975307 2.404232e-16 1e-20
3316.226524 2.816199e-16 1e-20
3316.477741 2.992782e-16 1e-20
3316.728958 2.608485e-16 1e-20
3316.980175 2.340151e-16 1e-20
3317.231392 2.562906e-16 1e-20
3317.482609 2.295807e-16 1e-20
3317.733826 2.140751e-16 1e-20
3317.985043 1.849433e-16 1e-20
3318.23626 1.845533e-16 1e-20
3318.487477 2.092481e-16 1e-20
3318.738694 1.962307e-16 1e-20
3318.989911 2.523976e-16 1e-20
3319.241128 3.162425e-16 1e-20
3319.492345 2.835281e-16 1e-20
3319.743561 1.901516e-16 1e-20
3319.994778 2.100833e-16 1e-20
3320.245995 2.154821e-16 1e-20
3320.497212 2.250138e-16 1e-20
3320.748429 2.6518e-16 1e-20
3320.999646 2.706394e-16 1e-20
3321.250863 2.147271e-16 1e-20
3321.50208 2.002325e-16 1e-20
3321.753297 2.061828e-16 1e-20
3322.004514 1.632538e-16 1e-20
3322.255731 1.653296e-16 1e-20
3322.506948 2.313808e-16 1e-20
3322.758165 2.351606e-16 1e-20
3323.009382 2.063095e-16 1e-20
3323.260599 2.323234e-16 1e-20
3323.511816 2.531723e-16 1e-20
3323.763032 2.396138e-16 1e-20
3324.014249 2.086894e-16 1e-20
3324.265466 2.099998e-16 1e-20
3324.516683 2.514837e-16 1e-20
3324.7679 2.541951e-16 1e-20
3325.019117 2.38176e-16 1e-20
3325.270334 2.35616e-16 1e-20
3325.521551 2.701224e-16 1e-20
3325.772768 2.755833e-16 1e-20
3326.023985 2.599951e-16 1e-20
3326.275202 2.666582e-16 1e-20
3326.526419 2.525297e-16 1e-20
3326.777636 2.907574e-16 1e-20
3327.028853 2.639255e-16 1e-20
3327.28007 1.948318e-16 1e-20
3327.531287 1.408455e-16 1e-20
3327.782503 2.060102e-16 1e-20
3328.03372 3.148131e-16 1e-20
3328.284937 3.013597e-16 1e-20
3328.536154 2.414382e-16 1e-20
3328.787371 2.357819e-16 1e-20
3329.038588 2.689419e-16 1e-20
3329.289805 2.865992e-16 1e-20
3329.541022 2.64238e-16 1e-20
3329.792239 2.918258e-16 1e-20
3330.043456 2.856551e-16 1e-20
3330.294673 2.330983e-16 1e-20
3330.54589 2.480222e-16 1e-20
3330.797107 2.446981e-16 1e-20
3331.048324 2.663254e-16 1e-20
3331.299541 3.020097e-16 1e-20
3331.550758 2.576572e-16 1e-20
3331.801974 2.468097e-16 1e-20
3332.053191 2.790831e-16 1e-20
3332.304408 2.682437e-16 1e-20
3332.555625 2.810987e-16 1e-20
3332.806842 2.849567e-16 1e-20
3333.058059 2.975237e-16 1e-20
3333.309276 2.727071e-16 1e-20
3333.560493 2.689858e-16 1e-20
3333.81171 3.145522e-16 1e-20
3334.062927 3.206426e-16 1e-20
3334.314144 3.00274e-16 1e-20
3334.565361 3.205328e-16 1e-20
3334.816578 2.983066e-16 1e-20
3335.067795 2.607996e-16 1e-20
3335.319012 2.578027e-16 1e-20
3335.570229 2.579052e-16 1e-20
3335.821445 2.82428e-16 1e-20
3336.072662 3.026598e-16 1e-20
3336.323879 2.867694e-16 1e-20
3336.575096 2.548956e-16 1e-20
3336.826313 2.451241e-16 1e-20
3337.07753 2.362506e-16 1e-20
3337.328747 2.71853e-16 1e-20
3337.579964 2.929879e-16 1e-20
3337.831181 2.93347e-16 1e-20
3338.082398 3.097898e-16 1e-20
3338.333615 3.043652e-16 1e-20
3338.584832 2.766597e-16 1e-20
3338.836049 2.62249e-16 1e-20
3339.087266 2.779818e-16 1e-20
3339.338483 2.812614e-16 1e-20
3339.5897 2.677984e-16 1e-20
3339.840917 2.678274e-16 1e-20
3340.092133 2.837031e-16 1e-20
3340.34335 2.612355e-16 1e-20
3340.594567 2.519115e-16 1e-20
3340.845784 2.848653e-16 1e-20
3341.097001 3.05703e-16 1e-20
3341.348218 2.963867e-16 1e-20
3341.599435 2.811447e-16 1e-20
3341.850652 3.009494e-16 1e-20
3342.101869 3.13498e-16 1e-20
3342.353086 2.780733e-16 1e-20
3342.604303 2.631106e-16 1e-20
3342.85552 2.556296e-16 1e-20
3343.106737 2.516624e-16 1e-20
3343.357954 2.94311e-16 1e-20
3343.609171 3.134916e-16 1e-20
3343.860388 3.018807e-16 1e-20
3344.111604 2.879529e-16 1e-20
3344.362821 2.690675e-16 1e-20
3344.614038 2.681689e-16 1e-20
3344.865255 2.682006e-16 1e-20
3345.116472 2.605132e-16 1e-20
3345.367689 2.755311e-16 1e-20
3345.618906 2.954709e-16 1e-20
3345.870123 2.89103e-16 1e-20
3346.12134 3.222166e-16 1e-20
3346.372557 3.231034e-16 1e-20
3346.623774 3.038269e-16 1e-20
3346.874991 3.066582e-16 1e-20
3347.126208 2.99055e-16 1e-20
3347.377425 2.98311e-16 1e-20
3347.628642 2.907679e-16 1e-20
3347.879859 2.886574e-16 1e-20
3348.131075 2.849549e-16 1e-20
3348.382292 2.787385e-16 1e-20
3348.633509 2.821058e-16 1e-20
3348.884726 3.027683e-16 1e-20
3349.135943 3.52542e-16 1e-20
3349.38716 3.322706e-16 1e-20
3349.638377 2.815879e-16 1e-20
3349.889594 2.797365e-16 1e-20
3350.140811 2.971265e-16 1e-20
3350.392028 2.932909e-16 1e-20
3350.643245 3.112509e-16 1e-20
3350.894462 3.226078e-16 1e-20
3351.145679 3.042407e-16 1e-20
3351.396896 2.880482e-16 1e-20
3351.648113 2.972039e-16 1e-20
3351.89933 2.92518e-16 1e-20
3352.150546 2.85761e-16 1e-20
3352.401763 3.024658e-16 1e-20
3352.65298 3.223097e-16 1e-20
3352.904197 3.281407e-16 1e-20
3353.155414 2.881642e-16 1e-20
3353.406631 3.225732e-16 1e-20
3353.657848 3.381129e-16 1e-20
3353.909065 3.356286e-16 1e-20
3354.160282 3.249674e-16 1e-20
3354.411499 3.059741e-16 1e-20
3354.662716 3.150105e-16 1e-20
3354.913933 3.334109e-16 1e-20
3355.16515 3.338584e-16 1e-20
3355.416367 3.535422e-16 1e-20
3355.667584 3.294369e-16 1e-20
3355.918801 3.17879e-16 1e-20
3356.170017 3.21693e-16 1e-20
3356.421234 2.993462e-16 1e-20
3356.672451 2.977096e-16 1e-20
3356.923668 2.944744e-16 1e-20
3357.174885 3.082704e-16 1e-20
3357.426102 3.203838e-16 1e-20
3357.677319 3.241344e-16 1e-20
3357.928536 3.438957e-16 1e-20
3358.179753 3.455877e-16 1e-20
3358.43097 3.266269e-16 1e-20
3358.682187 3.194536e-16 1e-20
3358.933404 3.238742e-16 1e-20
3359.184621 3.385366e-16 1e-20
3359.435838 3.398105e-16 1e-20
3359.687055 3.116858e-16 1e-20
3359.938272 3.033054e-16 1e-20
3360.189488 3.137551e-16 1e-20
3360.440705 3.086933e-16 1e-20
3360.691922 2.947974e-16 1e-20
3360.943139 2.935531e-16 1e-20
3361.194356 3.034913e-16 1e-20
3361.445573 3.134294e-16 1e-20
3361.69679 3.233676e-16 1e-20
3361.948007 3.333057e-16 1e-20
3362.199224 3.432438e-16 1e-20
3362.450441 3.53182e-16 1e-20
3362.701658 2.848195e-16 1e-20
3362.952875 2.818025e-16 1e-20
3363.204092 3.076249e-16 1e-20
3363.455309 3.591528e-16 1e-20
3363.706526 3.459379e-16 1e-20
3363.957743 2.823829e-16 1e-20
3364.208959 2.513083e-16 1e-20
3364.460176 2.790328e-16 1e-20
3364.711393 3.196909e-16 1e-20
3364.96261 3.379788e-16 1e-20
3365.213827 3.153862e-16 1e-20
3365.465044 2.902152e-16 1e-20
3365.716261 2.79725e-16 1e-20
3365.967478 2.738717e-16 1e-20
3366.218695 2.662269e-16 1e-20
3366.469912 2.75236e-16 1e-20
3366.721129 3.382251e-16 1e-20
3366.972346 3.661518e-16 1e-20
3367.223563 3.411558e-16 1e-20
3367.47478 3.295634e-16 1e-20
3367.725997 3.066643e-16 1e-20
3367.977214 2.957087e-16 1e-20
3368.22843 3.075391e-16 1e-20
3368.479647 3.012975e-16 1e-20
3368.730864 2.996705e-16 1e-20
3368.982081 2.849415e-16 1e-20
3369.233298 2.894465e-16 1e-20
3369.484515 3.354508e-16 1e-20
3369.735732 3.336252e-16 1e-20
3369.986949 3.314694e-16 1e-20
3370.238166 3.11888e-16 1e-20
3370.489383 2.818024e-16 1e-20
3370.7406 2.843282e-16 1e-20
3370.991817 3.043928e-16 1e-20
3371.243034 3.214668e-16 1e-20
3371.494251 3.392687e-16 1e-20
3371.745468 3.325556e-16 1e-20
3371.996685 3.179358e-16 1e-20
3372.247901 3.366087e-16 1e-20
3372.499118 3.354449e-16 1e-20
3372.750335 3.081176e-16 1e-20
3373.001552 2.962675e-16 1e-20
3373.252769 3.067512e-16 1e-20
3373.503986 3.124508e-16 1e-20
3373.755203 3.047357e-16 1e-20
3374.00642 3.267443e-16 1e-20
3374.257637 3.452971e-16 1e-20
3374.508854 3.584308e-16 1e-20
3374.760071 3.769576e-16 1e-20
3375.011288 3.66191e-16 1e-20
3375.262505 3.461001e-16 1e-20
3375.513722 3.190343e-16 1e-20
3375.764939 2.905877e-16 1e-20
3376.016156 2.988325e-16 1e-20
3376.267372 3.423326e-16 1e-20
3376.518589 3.625835e-16 1e-20
3376.769806 3.629842e-16 1e-20
3377.021023 3.525717e-16 1e-20
3377.27224 3.804181e-16 1e-20
3377.523457 3.600693e-16 1e-20
3377.774674 3.197898e-16 1e-20
3378.025891 3.274604e-16 1e-20
3378.277108 3.577485e-16 1e-20
3378.528325 3.450467e-16 1e-20
3378.779542 3.000383e-16 1e-20
3379.030759 3.043062e-16 1e-20
3379.281976 3.331452e-16 1e-20
3379.533193 3.362975e-16 1e-20
3379.78441 3.435514e-16 1e-20
3380.035627 3.596441e-16 1e-20
3380.286843 3.521495e-16 1e-20
3380.53806 3.227614e-16 1e-20
3380.789277 3.112536e-16 1e-20
3381.040494 3.536459e-16 1e-20
3381.291711 3.815258e-16 1e-20
3381.542928 3.473345e-16 1e-20
3381.794145 3.431398e-16 1e-20
3382.045362 3.612888e-16 1e-20
3382.296579 3.955865e-16 1e-20
3382.547796 3.904491e-16 1e-20
3382.799013 3.625335e-16 1e-20
3383.05023 3.722741e-16 1e-20
3383.301447 3.983456e-16 1e-20
3383.552664 4.137815e-16 1e-20
3383.803881 3.914887e-16 1e-20
3384.055098 3.774688e-16 1e-20
3384.306314 3.693036e-16 1e-20
3384.557531 3.799391e-16 1e-20
3384.808748 3.439484e-16 1e-20
3385.059965 3.357374e-16 1e-20
3385.311182 3.840104e-16 1e-20
3385.562399 3.641963e-16 1e-20
3385.813616 3.51442e-16 1e-20
3386.064833 3.883259e-16 1e-20
3386.31605 3.882158e-16 1e-20
3386.567267 3.757677e-16 1e-20
3386.818484 3.95614e-16 1e-20
3387.069701 3.871967e-16 1e-20
3387.320918 3.596645e-16 1e-20
3387.572135 3.877149e-16 1e-20
3387.823352 4.116486e-16 1e-20
3388.074569 3.837345e-16 1e-20
3388.325785 3.768655e-16 1e-20
3388.577002 3.886657e-16 1e-20
3388.828219 3.936423e-16 1e-20
3389.079436 3.994224e-16 1e-20
3389.330653 3.80764e-16 1e-20
3389.58187 3.633536e-16 1e-20
3389.833087 3.823941e-16 1e-20
3390.084304 3.95383e-16 1e-20
3390.335521 3.813972e-16 1e-20
3390.586738 3.828141e-16 1e-20
3390.837955 3.951972e-16 1e-20
3391.089172 3.987584e-16 1e-20
3391.340389 4.071021e-16 1e-20
3391.591606 4.000786e-16 1e-20
3391.842823 4.040877e-16 1e-20
3392.09404 4.209558e-16 1e-20
3392.345256 4.004353e-16 1e-20
3392.596473 3.885951e-16 1e-20
3392.84769 3.997934e-16 1e-20
3393.098907 4.078001e-16 1e-20
3393.350124 4.037636e-16 1e-20
3393.601341 3.970734e-16 1e-20
3393.852558 3.923575e-16 1e-20
3394.103775 3.92486e-16 1e-20
3394.354992 3.940171e-16 1e-20
3394.606209 3.841871e-16 1e-20
3394.857426 3.775013e-16 1e-20
3395.108643 3.764189e-16 1e-20
3395.35986 3.737002e-16 1e-20
3395.611077 3.796025e-16 1e-20
3395.862294 3.848349e-16 1e-20
3396.113511 4.022859e-16 1e-20
3396.364727 4.18609e-16 1e-20
3396.615944 4.126272e-16 1e-20
3396.867161 3.991897e-16 1e-20
3397.118378 3.932799e-16 1e-20
3397.369595 4.029811e-16 1e-20
3397.620812 4.136554e-16 1e-20
3397.872029 4.19627e-16 1e-20
3398.123246 4.123482e-16 1e-20
3398.374463 4.197587e-16 1e-20
3398.62568 4.342756e-16 1e-20
3398.876897 4.292419e-16 1e-20
3399.128114 4.027528e-16 1e-20
3399.379331 3.941129e-16 1e-20
3399.630548 3.951781e-16 1e-20
3399.881765 3.824078e-16 1e-20
3400.132982 4.006868e-16 1e-20
3400.384198 4.186539e-16 1e-20
3400.635415 4.361023e-16 1e-20
3400.886632 4.413583e-16 1e-20
3401.137849 4.187758e-16 1e-20
3401.389066 4.18294e-16 1e-20
3401.640283 4.403084e-16 1e-20
3401.8915 4.359317e-16 1e-20
3402.142717 4.125513e-16 1e-20
3402.393934 4.058891e-16 1e-20
3402.645151 4.191127e-16 1e-20
3402.896368 4.275778e-16 1e-20
3403.147585 4.232726e-16 1e-20
3403.398802 4.341834e-16 1e-20
3403.650019 4.617976e-16 1e-20
3403.901236 4.696485e-16 1e-20
3404.152453 4.474721e-16 1e-20
3404.403669 4.288714e-16 1e-20
3404.654886 4.389237e-16 1e-20
3404.906103 4.355222e-16 1e-20
3405.15732 4.107711e-16 1e-20
3405.408537 4.183189e-16 1e-20
3405.659754 4.201104e-16 1e-20
3405.910971 4.036707e-16 1e-20
3406.162188 3.865343e-16 1e-20
3406.413405 4.024513e-16 1e-20
3406.664622 4.149389e-16 1e-20
3406.915839 4.154662e-16 1e-20
3407.167056 4.286768e-16 1e-20
3407.418273 4.445694e-16 1e-20
3407.66949 4.448528e-16 1e-20
3407.920707 4.429407e-16 1e-20
3408.171924 4.262505e-16 1e-20
3408.42314 3.94481e-16 1e-20
3408.674357 3.961711e-16 1e-20
3408.925574 4.176339e-16 1e-20
3409.176791 4.20861e-16 1e-20
3409.428008 4.215526e-16 1e-20
3409.679225 4.479047e-16 1e-20
3409.930442 4.654567e-16 1e-20
3410.181659 4.483545e-16 1e-20
3410.432876 4.529398e-16 1e-20
3410.684093 4.559464e-16 1e-20
3410.93531 4.523932e-16 1e-20
3411.186527 4.363017e-16 1e-20
3411.437744 4.164417e-16 1e-20
3411.688961 4.447846e-16 1e-20
3411.940178 4.670922e-16 1e-20
3412.191395 4.779588e-16 1e-20
3412.442611 4.552721e-16 1e-20
3412.693828 4.254929e-16 1e-20
3412.945045 4.282432e-16 1e-20
3413.196262 4.512539e-16 1e-20
3413.447479 4.50521e-16 1e-20
3413.698696 4.439248e-16 1e-20
3413.949913 4.542177e-16 1e-20
3414.20113 4.556349e-16 1e-20
3414.452347 4.405558e-16 1e-20
3414.703564 4.090252e-16 1e-20
3414.954781 4.114616e-16 1e-20
3415.205998 4.357378e-16 1e-20
3415.457215 4.276403e-16 1e-20
3415.708432 4.216702e-16 1e-20
3415.959649 4.352429e-16 1e-20
3416.210866 4.284527e-16 1e-20
3416.462082 4.124016e-16 1e-20
3416.713299 4.147378e-16 1e-20
3416.964516 4.442103e-16 1e-20
3417.215733 4.572856e-16 1e-20
3417.46695 4.242572e-16 1e-20
3417.718167 4.306245e-16 1e-20
3417.969384 4.584717e-16 1e-20
3418.220601 4.725535e-16 1e-20
3418.471818 4.862227e-16 1e-20
3418.723035 4.637591e-16 1e-20
3418.974252 4.481301e-16 1e-20
3419.225469 4.495056e-16 1e-20
3419.476686 4.738434e-16 1e-20
3419.727903 4.646232e-16 1e-20
3419.97912 4.729127e-16 1e-20
3420.230337 4.912155e-16 1e-20
3420.481553 4.516986e-16 1e-20
3420.73277 4.532892e-16 1e-20
3420.983987 4.727141e-16 1e-20
3421.235204 4.64898e-16 1e-20
3421.486421 4.672913e-16 1e-20
3421.737638 4.818142e-16 1e-20
3421.988855 4.8779e-16 1e-20
3422.240072 4.707209e-16 1e-20
3422.491289 4.631392e-16 1e-20
3422.742506 4.749396e-16 1e-20
3422.993723 5.010582e-16 1e-20
3423.24494 4.972831e-16 1e-20
3423.496157 4.788473e-16 1e-20
3423.747374 4.71919e-16 1e-20
3423.998591 4.70236e-16 1e-20
3424.249808 4.708055e-16 1e-20
3424.501024 4.546494e-16 1e-20
3424.752241 4.580911e-16 1e-20
3425.003458 4.647031e-16 1e-20
3425.254675 4.875451e-16 1e-20
3425.505892 5.150115e-16 1e-20
3425.757109 5.089616e-16 1e-20
3426.008326 4.856183e-16 1e-20
3426.259543 4.874334e-16 1e-20
3426.51076 4.704177e-16 1e-20
3426.761977 4.692373e-16 1e-20
3427.013194 4.783323e-16 1e-20
3427.264411 4.806148e-16 1e-20
3427.515628 4.73119e-16 1e-20
3427.766845 4.544401e-16 1e-20
3428.018062 4.441504e-16 1e-20
3428.269279 4.643077e-16 1e-20
3428.520495 4.801665e-16 1e-20
3428.771712 4.797809e-16 1e-20
3429.022929 4.969509e-16 1e-20
3429.274146 5.001207e-16 1e-20
3429.525363 4.704132e-16 1e-20
3429.77658 4.696901e-16 1e-20
3430.027797 4.74445e-16 1e-20
3430.279014 4.733252e-16 1e-20
3430.530231 4.81239e-16 1e-20
3430.781448 4.883636e-16 1e-20
3431.032665 4.919778e-16 1e-20
3431.283882 4.88551e-16 1e-20
3431.535099 4.993132e-16 1e-20
3431.786316 5.092308e-16 1e-20
3432.037533 5.085637e-16 1e-20
3432.28875 5.21308e-16 1e-20
3432.539966 5.033382e-16 1e-20
3432.791183 4.745803e-16 1e-20
3433.0424 4.647251e-16 1e-20
3433.293617 4.955124e-16 1e-20
3433.544834 5.055535e-16 1e-20
3433.796051 4.927956e-16 1e-20
3434.047268 4.822703e-16 1e-20
3434.298485 4.975316e-16 1e-20
3434.549702 5.156031e-16 1e-20
3434.800919 5.082964e-16 1e-20
3435.052136 4.935325e-16 1e-20
3435.303353 4.96242e-16 1e-20
3435.55457 5.021059e-16 1e-20
3435.805787 5.24606e-16 1e-20
3436.057004 5.193593e-16 1e-20
3436.308221 5.069761e-16 1e-20
3436.559437 4.930364e-16 1e-20
3436.810654 4.845414e-16 1e-20
3437.061871 4.870316e-16 1e-20
3437.313088 4.765355e-16 1e-20
3437.564305 4.822256e-16 1e-20
3437.815522 4.794455e-16 1e-20
3438.066739 4.750181e-16 1e-20
3438.317956 4.901391e-16 1e-20
3438.569173 4.78925e-16 1e-20
3438.82039 4.576209e-16 1e-20
3439.071607 4.592405e-16 1e-20
3439.322824 4.86259e-16 1e-20
3439.574041 4.96092e-16 1e-20
3439.825258 5.088742e-16 1e-20
3440.076475 5.183476e-16 1e-20
3440.327692 5.142151e-16 1e-20
3440.578908 4.735163e-16 1e-20
3440.830125 4.410795e-16 1e-20
3441.081342 4.669495e-16 1e-20
3441.332559 4.790607e-16 1e-20
3441.583776 5.013818e-16 1e-20
3441.834993 5.106088e-16 1e-20
3442.08621 5.172125e-16 1e-20
3442.337427 5.218679e-16 1e-20
3442.588644 4.982548e-16 1e-20
3442.839861 4.776461e-16 1e-20
3443.091078 4.88464e-16 1e-20
3443.342295 4.845886e-16 1e-20
3443.593512 4.927105e-16 1e-20
3443.844729 5.065593e-16 1e-20
3444.095946 4.824567e-16 1e-20
3444.347163 4.617529e-16 1e-20
3444.598379 4.507017e-16 1e-20
3444.849596 4.594855e-16 1e-20
3445.100813 4.682694e-16 1e-20
3445.35203 4.770532e-16 1e-20
3445.603247 4.85837e-16 1e-20
3445.854464 4.946209e-16 1e-20
3446.105681 4.562237e-16 1e-20
3446.356898 4.886002e-16 1e-20
3446.608115 5.132363e-16 1e-20
3446.859332 5.263272e-16 1e-20
3447.110549 5.37042e-16 1e-20
3447.361766 5.226242e-16 1e-20
3447.612983 5.207621e-16 1e-20
3447.8642 5.317117e-16 1e-20
3448.115417 5.088519e-16 1e-20
3448.366634 5.207673e-16 1e-20
3448.61785 5.371581e-16 1e-20
3448.869067 5.076827e-16 1e-20
3449.120284 4.98122e-16 1e-20
3449.371501 5.099682e-16 1e-20
3449.622718 5.093492e-16 1e-20
3449.873935 5.079462e-16 1e-20
3450.125152 5.052818e-16 1e-20
3450.376369 4.751739e-16 1e-20
3450.627586 4.725538e-16 1e-20
3450.878803 5.09838e-16 1e-20
3451.13002 5.361903e-16 1e-20
3451.381237 5.330069e-16 1e-20
3451.632454 5.068838e-16 1e-20
3451.883671 5.021541e-16 1e-20
3452.134888 5.133847e-16 1e-20
3452.386105 5.022769e-16 1e-20
3452.637321 4.892834e-16 1e-20
3452.888538 4.871964e-16 1e-20
3453.139755 4.905539e-16 1e-20
3453.390972 5.144804e-16 1e-20
3453.642189 5.29822e-16 1e-20
3453.893406 5.097865e-16 1e-20
3454.144623 5.029325e-16 1e-20
3454.39584 4.999133e-16 1e-20
3454.647057 4.930023e-16 1e-20
3454.898274 4.904947e-16 1e-20
3455.149491 4.774328e-16 1e-20
3455.400708 4.783183e-16 1e-20
3455.651925 4.922035e-16 1e-20
3455.903142 4.823946e-16 1e-20
3456.154359 4.806614e-16 1e-20
3456.405576 5.023659e-16 1e-20
3456.656793 4.950171e-16 1e-20
3456.908009 4.922043e-16 1e-20
3457.159226 5.015006e-16 1e-20
3457.410443 4.966287e-16 1e-20
3457.66166 5.054924e-16 1e-20
3457.912877 4.931083e-16 1e-20
3458.164094 4.793461e-16 1e-20
3458.415311 5.025256e-16 1e-20
3458.666528 5.002969e-16 1e-20
3458.917745 4.811107e-16 1e-20
3459.168962 4.745279e-16 1e-20
3459.420179 4.774524e-16 1e-20
3459.671396 4.886828e-16 1e-20
3459.922613 5.004244e-16 1e-20
3460.17383 4.924548e-16 1e-20
3460.425047 4.923634e-16 1e-20
3460.676264 5.144126e-16 1e-20
3460.92748 5.082775e-16 1e-20
3461.178697 5.153023e-16 1e-20
3461.429914 5.14897e-16 1e-20
3461.681131 5.084366e-16 1e-20
3461.932348 5.005007e-16 1e-20
3462.183565 4.888887e-16 1e-20
3462.434782 4.790896e-16 1e-20
3462.685999 4.778991e-16 1e-20
3462.937216 5.006323e-16 1e-20
3463.188433 4.860181e-16 1e-20
3463.43965 4.71824e-16 1e-20
3463.690867 4.73275e-16 1e-20
3463.942084 4.819363e-16 1e-20
3464.193301 5.021587e-16 1e-20
3464.444518 4.864843e-16 1e-20
3464.695735 4.702181e-16 1e-20
3464.946951 4.614712e-16 1e-20
3465.198168 4.602579e-16 1e-20
3465.449385 4.81531e-16 1e-20
3465.700602 4.823054e-16 1e-20
3465.951819 4.708427e-16 1e-20
3466.203036 4.695023e-16 1e-20
3466.454253 4.671097e-16 1e-20
3466.70547 4.500583e-16 1e-20
3466.956687 4.469909e-16 1e-20
3467.207904 4.845072e-16 1e-20
3467.459121 5.055181e-16 1e-20
3467.710338 4.895364e-16 1e-20
3467.961555 4.6318e-16 1e-20
3468.212772 4.29815e-16 1e-20
3468.463989 4.432361e-16 1e-20
3468.715206 4.790754e-16 1e-20
3468.966422 4.824888e-16 1e-20
3469.217639 4.868949e-16 1e-20
3469.468856 4.838895e-16 1e-20
3469.720073 4.678907e-16 1e-20
3469.97129 4.668989e-16 1e-20
3470.222507 4.851542e-16 1e-20
3470.473724 4.600206e-16 1e-20
3470.724941 4.465259e-16 1e-20
3470.976158 4.588133e-16 1e-20
3471.227375 4.77145e-16 1e-20
3471.478592 4.632914e-16 1e-20
3471.729809 4.720325e-16 1e-20
3471.981026 5.076601e-16 1e-20
3472.232243 5.052464e-16 1e-20
3472.48346 4.990505e-16 1e-20
3472.734677 4.928546e-16 1e-20
3472.985893 4.866588e-16 1e-20
3473.23711 4.804629e-16 1e-20
3473.488327 4.74267e-16 1e-20
3473.739544 4.68071e-16 1e-20
3473.990761 4.618752e-16 1e-20
3474.241978 4.556793e-16 1e-20
3474.493195 4.641825e-16 1e-20
3474.744412 4.774893e-16 1e-20
3474.995629 4.71202e-16 1e-20
3475.246846 4.746314e-16 1e-20
3475.498063 4.97102e-16 1e-20
3475.74928 4.724857e-16 1e-20
3476.000497 4.352583e-16 1e-20
3476.251714 3.866361e-16 1e-20
3476.502931 4.002854e-16 1e-20
3476.754148 3.746466e-16 1e-20
3477.005364 3.89445e-16 1e-20
3477.256581 3.933205e-16 1e-20
3477.507798 3.971959e-16 1e-20
3477.759015 4.010713e-16 1e-20
3478.010232 4.049467e-16 1e-20
3478.261449 4.233564e-16 1e-20
3478.512666 3.731939e-16 1e-20
3478.763883 3.569007e-16 1e-20
3479.0151 3.828973e-16 1e-20
3479.266317 3.716566e-16 1e-20
3479.517534 3.724129e-16 1e-20
3479.768751 3.947922e-16 1e-20
3480.019968 5.015674e-16 1e-20
3480.271185 5.417534e-16 1e-20
3480.522402 4.781443e-16 1e-20
3480.773619 4.631264e-16 1e-20
3481.024835 4.487865e-16 1e-20
3481.276052 4.414478e-16 1e-20
3481.527269 4.557481e-16 1e-20
3481.778486 4.396752e-16 1e-20
3482.029703 4.30701e-16 1e-20
3482.28092 4.886776e-16 1e-20
3482.532137 5.175135e-16 1e-20
3482.783354 4.498494e-16 1e-20
3483.034571 3.944336e-16 1e-20
3483.285788 4.06246e-16 1e-20
3483.537005 4.180584e-16 1e-20
3483.788222 4.298707e-16 1e-20
3484.039439 4.416831e-16 1e-20
3484.290656 4.534955e-16 1e-20
3484.541873 4.653078e-16 1e-20
3484.79309 4.516104e-16 1e-20
3485.044306 4.915247e-16 1e-20
3485.295523 5.219625e-16 1e-20
3485.54674 4.715604e-16 1e-20
3485.797957 4.26087e-16 1e-20
3486.049174 4.617396e-16 1e-20
3486.300391 4.737931e-16 1e-20
3486.551608 4.570628e-16 1e-20
3486.802825 4.67905e-16 1e-20
3487.054042 4.256536e-16 1e-20
3487.305259 3.85439e-16 1e-20
3487.556476 4.200192e-16 1e-20
3487.807693 4.662603e-16 1e-20
3488.05891 4.937275e-16 1e-20
3488.310127 5.125801e-16 1e-20
3488.561344 5.055398e-16 1e-20
3488.812561 4.78588e-16 1e-20
3489.063777 4.720455e-16 1e-20
3489.314994 4.796147e-16 1e-20
3489.566211 4.888924e-16 1e-20
3489.817428 5.094153e-16 1e-20
3490.068645 4.761798e-16 1e-20
3490.319862 4.687149e-16 1e-20
3490.571079 4.991588e-16 1e-20
3490.822296 5.050737e-16 1e-20
3491.073513 4.905331e-16 1e-20
3491.32473 4.956297e-16 1e-20
3491.575947 5.072576e-16 1e-20
3491.827164 4.802697e-16 1e-20
3492.078381 4.263232e-16 1e-20
3492.329598 4.348341e-16 1e-20
3492.580815 4.604119e-16 1e-20
3492.832032 4.748309e-16 1e-20
3493.083248 4.838552e-16 1e-20
3493.334465 4.947166e-16 1e-20
3493.585682 4.895271e-16 1e-20
3493.836899 4.824793e-16 1e-20
3494.088116 4.947365e-16 1e-20
3494.339333 5.070639e-16 1e-20
3494.59055 5.039884e-16 1e-20
3494.841767 4.757172e-16 1e-20
3495.092984 4.466067e-16 1e-20
3495.344201 4.74681e-16 1e-20
3495.595418 5.102662e-16 1e-20
3495.846635 5.046514e-16 1e-20
3496.097852 4.622884e-16 1e-20
3496.349069 4.614431e-16 1e-20
3496.600286 4.985287e-16 1e-20
3496.851503 4.936342e-16 1e-20
3497.102719 4.634099e-16 1e-20
3497.353936 4.577703e-16 1e-20
3497.605153 4.896786e-16 1e-20
3497.85637 5.065718e-16 1e-20
3498.107587 5.078556e-16 1e-20
3498.358804 5.277581e-16 1e-20
3498.610021 5.564216e-16 1e-20
3498.861238 5.328906e-16 1e-20
3499.112455 4.609325e-16 1e-20
3499.363672 4.843118e-16 1e-20
3499.614889 5.310023e-16 1e-20
3499.866106 5.174873e-16 1e-20
3500.117323 5.039722e-16 1e-20
3500.36854 4.904572e-16 1e-20
3500.619757 4.769421e-16 1e-20
3500.870974 4.634271e-16 1e-20
3501.12219 4.499252e-16 1e-20
3501.373407 5.030127e-16 1e-20
3501.624624 5.183292e-16 1e-20
3501.875841 5.073652e-16 1e-20
3502.127058 4.862664e-16 1e-20
3502.378275 5.168437e-16 1e-20
3502.629492 5.428706e-16 1e-20
3502.880709 5.52221e-16 1e-20
3503.131926 5.379414e-16 1e-20
3503.383143 5.421888e-16 1e-20
3503.63436 5.556089e-16 1e-20
3503.885577 5.367812e-16 1e-20
3504.136794 5.12515e-16 1e-20
3504.388011 4.892543e-16 1e-20
3504.639228 4.820198e-16 1e-20
3504.890445 5.177312e-16 1e-20
3505.141661 5.362036e-16 1e-20
3505.392878 5.028242e-16 1e-20
3505.644095 4.923376e-16 1e-20
3505.895312 5.160088e-16 1e-20
3506.146529 5.320763e-16 1e-20
3506.397746 5.142852e-16 1e-20
3506.648963 5.099161e-16 1e-20
3506.90018 5.29831e-16 1e-20
3507.151397 5.198074e-16 1e-20
3507.402614 4.608861e-16 1e-20
3507.653831 4.357929e-16 1e-20
3507.905048 4.754589e-16 1e-20
3508.156265 4.951407e-16 1e-20
3508.407482 5.028513e-16 1e-20
3508.658699 5.374041e-16 1e-20
3508.909916 5.186036e-16 1e-20
3509.161132 4.923789e-16 1e-20
3509.412349 4.659816e-16 1e-20
3509.663566 4.579747e-16 1e-20
3509.914783 4.782431e-16 1e-20
3510.166 5.01774e-16 1e-20
3510.417217 4.997863e-16 1e-20
3510.668434 5.014186e-16 1e-20
3510.919651 5.159689e-16 1e-20
3511.170868 5.185671e-16 1e-20
3511.422085 5.277129e-16 1e-20
3511.673302 5.07055e-16 1e-20
3511.924519 4.776382e-16 1e-20
3512.175736 4.874888e-16 1e-20
3512.426953 5.268565e-16 1e-20
3512.67817 5.127933e-16 1e-20
3512.929387 4.865053e-16 1e-20
3513.180603 4.946225e-16 1e-20
3513.43182 4.848358e-16 1e-20
3513.683037 4.643826e-16 1e-20
3513.934254 5.087304e-16 1e-20
3514.185471 5.725373e-16 1e-20
3514.436688 5.319789e-16 1e-20
3514.687905 4.933185e-16 1e-20
3514.939122 4.973875e-16 1e-20
3515.190339 4.887298e-16 1e-20
3515.441556 4.84791e-16 1e-20
3515.692773 4.877164e-16 1e-20
3515.94399 4.826243e-16 1e-20
3516.195207 4.551646e-16 1e-20
3516.446424 4.637447e-16 1e-20
3516.697641 4.723247e-16 1e-20
3516.948858 4.809046e-16 1e-20
3517.200074 4.894847e-16 1e-20
3517.451291 4.980563e-16 1e-20
3517.702508 5.066363e-16 1e-20
3517.953725 5.152164e-16 1e-20
3518.204942 4.784683e-16 1e-20
3518.456159 4.547074e-16 1e-20
3518.707376 4.818313e-16 1e-20
3518.958593 4.930665e-16 1e-20
3519.20981 4.780336e-16 1e-20
3519.461027 4.690147e-16 1e-20
3519.712244 4.589938e-16 1e-20
3519.963461 4.69507e-16 1e-20
3520.214678 4.810408e-16 1e-20
3520.465895 4.803238e-16 1e-20
3520.717112 4.985456e-16 1e-20
3520.968329 4.85053e-16 1e-20
3521.219545 4.71083e-16 1e-20
3521.470762 4.702128e-16 1e-20
3521.721979 4.959598e-16 1e-20
3521.973196 5.015301e-16 1e-20
3522.224413 4.814805e-16 1e-20
3522.47563 4.61251e-16 1e-20
3522.726847 4.769572e-16 1e-20
3522.978064 4.776902e-16 1e-20
3523.229281 4.709346e-16 1e-20
3523.480498 4.765694e-16 1e-20
3523.731715 4.589519e-16 1e-20
3523.982932 4.613388e-16 1e-20
3524.234149 4.839421e-16 1e-20
3524.485366 5.166754e-16 1e-20
3524.736583 4.913192e-16 1e-20
3524.9878 4.512719e-16 1e-20
3525.239016 4.613734e-16 1e-20
3525.490233 4.842366e-16 1e-20
3525.74145 4.915758e-16 1e-20
3525.992667 4.917532e-16 1e-20
3526.243884 4.734039e-16 1e-20
3526.495101 4.668716e-16 1e-20
3526.746318 4.841071e-16 1e-20
3526.997535 4.971709e-16 1e-20
3527.248752 5.011932e-16 1e-20
3527.499969 5.064982e-16 1e-20
3527.751186 5.218708e-16 1e-20
3528.002403 5.22578e-16 1e-20
3528.25362 4.912305e-16 1e-20
3528.504837 4.84757e-16 1e-20
3528.756054 4.730254e-16 1e-20
3529.007271 4.855793e-16 1e-20
3529.258487 4.958629e-16 1e-20
3529.509704 4.742206e-16 1e-20
3529.760921 4.875667e-16 1e-20
3530.012138 5.151966e-16 1e-20
3530.263355 5.161625e-16 1e-20
3530.514572 4.907286e-16 1e-20
3530.765789 4.768365e-16 1e-20
3531.017006 4.732584e-16 1e-20
3531.268223 4.735539e-16 1e-20
3531.51944 4.94523e-16 1e-20
3531.770657 5.193833e-16 1e-20
3532.021874 5.130137e-16 1e-20
3532.273091 4.789299e-16 1e-20
3532.524308 4.676009e-16 1e-20
3532.775525 4.903576e-16 1e-20
3533.026742 5.238052e-16 1e-20
3533.277958 5.401105e-16 1e-20
3533.529175 5.267542e-16 1e-20
3533.780392 5.313934e-16 1e-20
3534.031609 5.321672e-16 1e-20
3534.282826 5.32206e-16 1e-20
3534.534043 5.181287e-16 1e-20
3534.78526 5.013382e-16 1e-20
3535.036477 5.067381e-16 1e-20
3535.287694 5.111072e-16 1e-20
3535.538911 5.147309e-16 1e-20
3535.790128 5.226974e-16 1e-20
3536.041345 5.29072e-16 1e-20
3536.292562 5.092005e-16 1e-20
3536.543779 5.131788e-16 1e-20
3536.794996 5.489427e-16 1e-20
3537.046213 5.573279e-16 1e-20
3537.297429 5.308199e-16 1e-20
3537.548646 5.254813e-16 1e-20
3537.799863 5.257541e-16 1e-20
3538.05108 5.087349e-16 1e-20
3538.302297 5.053447e-16 1e-20
3538.553514 5.374081e-16 1e-20
3538.804731 5.44374e-16 1e-20
3539.055948 5.143293e-16 1e-20
3539.307165 5.264899e-16 1e-20
3539.558382 5.48739e-16 1e-20
3539.809599 5.485612e-16 1e-20
3540.060816 5.474855e-16 1e-20
3540.312033 5.442676e-16 1e-20
3540.56325 5.297083e-16 1e-20
3540.814467 5.304166e-16 1e-20
3541.065684 5.365245e-16 1e-20
3541.3169 5.369306e-16 1e-20
3541.568117 5.45663e-16 1e-20
3541.819334 5.496297e-16 1e-20
3542.070551 5.56242e-16 1e-20
3542.321768 5.677633e-16 1e-20
3542.572985 5.631522e-16 1e-20
3542.824202 5.628905e-16 1e-20
3543.075419 5.74211e-16 1e-20
3543.326636 6.060883e-16 1e-20
3543.577853 6.081165e-16 1e-20
3543.82907 5.831362e-16 1e-20
3544.080287 5.871355e-16 1e-20
3544.331504 5.78597e-16 1e-20
3544.582721 5.691265e-16 1e-20
3544.833938 5.702736e-16 1e-20
3545.085155 5.92168e-16 1e-20
3545.336371 6.373155e-16 1e-20
3545.587588 6.393321e-16 1e-20
3545.838805 5.94489e-16 1e-20
3546.090022 5.887425e-16 1e-20
3546.341239 5.78325e-16 1e-20
3546.592456 5.520315e-16 1e-20
3546.843673 5.534305e-16 1e-20
3547.09489 5.974826e-16 1e-20
3547.346107 6.130043e-16 1e-20
3547.597324 5.965996e-16 1e-20
3547.848541 5.733401e-16 1e-20
3548.099758 5.680896e-16 1e-20
3548.350975 5.875908e-16 1e-20
3548.602192 5.835767e-16 1e-20
3548.853409 5.485756e-16 1e-20
3549.104626 5.500895e-16 1e-20
3549.355842 5.889809e-16 1e-20
3549.607059 6.293757e-16 1e-20
3549.858276 6.276774e-16 1e-20
3550.109493 6.162426e-16 1e-20
3550.36071 5.973772e-16 1e-20
3550.611927 5.91717e-16 1e-20
3550.863144 5.800456e-16 1e-20
3551.114361 5.874913e-16 1e-20
3551.365578 5.916361e-16 1e-20
3551.616795 5.774072e-16 1e-20
3551.868012 5.801376e-16 1e-20
3552.119229 5.926791e-16 1e-20
3552.370446 6.130141e-16 1e-20
3552.621663 6.332961e-16 1e-20
3552.87288 6.233135e-16 1e-20
3553.124097 6.072649e-16 1e-20
3553.375313 6.097401e-16 1e-20
3553.62653 6.134309e-16 1e-20
3553.877747 6.298655e-16 1e-20
3554.128964 6.507464e-16 1e-20
3554.380181 6.475883e-16 1e-20
3554.631398 6.327467e-16 1e-20
3554.882615 6.204137e-16 1e-20
3555.133832 6.151197e-16 1e-20
3555.385049 6.286554e-16 1e-20
3555.636266 6.310354e-16 1e-20
3555.887483 6.215011e-16 1e-20
3556.1387 6.348365e-16 1e-20
3556.389917 6.462135e-16 1e-20
3556.641134 6.522075e-16 1e-20
3556.892351 6.454599e-16 1e-20
3557.143568 6.494446e-16 1e-20
3557.394784 6.30968e-16 1e-20
3557.646001 5.941218e-16 1e-20
3557.897218 6.027101e-16 1e-20
3558.148435 6.434447e-16 1e-20
3558.399652 6.532457e-16 1e-20
3558.650869 6.390129e-16 1e-20
3558.902086 6.253669e-16 1e-20
3559.153303 6.089965e-16 1e-20
3559.40452 6.04977e-16 1e-20
3559.655737 6.129208e-16 1e-20
3559.906954 6.230071e-16 1e-20
3560.158171 6.416803e-16 1e-20
3560.409388 6.535343e-16 1e-20
3560.660605 6.405985e-16 1e-20
3560.911822 6.18037e-16 1e-20
3561.163039 6.157875e-16 1e-20
3561.414255 6.338888e-16 1e-20
3561.665472 6.539415e-16 1e-20
3561.916689 6.555321e-16 1e-20
3562.167906 6.169886e-16 1e-20
3562.419123 6.062699e-16 1e-20
3562.67034 6.124603e-16 1e-20
3562.921557 5.983315e-16 1e-20
3563.172774 5.800108e-16 1e-20
3563.423991 5.959176e-16 1e-20
3563.675208 5.902781e-16 1e-20
3563.926425 5.915274e-16 1e-20
3564.177642 6.173245e-16 1e-20
3564.428859 6.19605e-16 1e-20
3564.680076 6.092975e-16 1e-20
3564.931293 6.026887e-16 1e-20
3565.18251 6.029885e-16 1e-20
3565.433726 6.149363e-16 1e-20
3565.684943 6.230812e-16 1e-20
3565.93616 6.201009e-16 1e-20
3566.187377 6.399064e-16 1e-20
3566.438594 6.5352e-16 1e-20
3566.689811 6.32572e-16 1e-20
3566.941028 6.245788e-16 1e-20
3567.192245 6.373416e-16 1e-20
3567.443462 6.424861e-16 1e-20
3567.694679 6.422167e-16 1e-20
3567.945896 6.411766e-16 1e-20
3568.197113 6.312139e-16 1e-20
3568.44833 5.971484e-16 1e-20
3568.699547 5.692763e-16 1e-20
3568.950764 5.865103e-16 1e-20
3569.201981 5.932117e-16 1e-20
3569.453197 5.898573e-16 1e-20
3569.704414 5.901131e-16 1e-20
3569.955631 5.801972e-16 1e-20
3570.206848 5.846252e-16 1e-20
3570.458065 5.973216e-16 1e-20
3570.709282 5.974668e-16 1e-20
3570.960499 5.957614e-16 1e-20
3571.211716 5.823319e-16 1e-20
3571.462933 5.633869e-16 1e-20
3571.71415 5.65427e-16 1e-20
3571.965367 5.919596e-16 1e-20
3572.216584 6.039295e-16 1e-20
3572.467801 5.923448e-16 1e-20
3572.719018 5.880075e-16 1e-20
3572.970235 6.08722e-16 1e-20
3573.221452 6.158876e-16 1e-20
3573.472668 6.191743e-16 1e-20
3573.723885 6.265178e-16 1e-20
3573.975102 6.125966e-16 1e-20
3574.226319 6.049357e-16 1e-20
3574.477536 6.292285e-16 1e-20
3574.728753 6.377245e-16 1e-20
3574.97997 5.975864e-16 1e-20
3575.231187 5.848259e-16 1e-20
3575.482404 5.901271e-16 1e-20
3575.733621 5.878083e-16 1e-20
3575.984838 5.891714e-16 1e-20
3576.236055 5.936015e-16 1e-20
3576.487272 5.938628e-16 1e-20
3576.738489 6.053177e-16 1e-20
3576.989706 6.413964e-16 1e-20
3577.240923 6.637987e-16 1e-20
3577.49214 6.387038e-16 1e-20
3577.743356 6.06608e-16 1e-20
3577.994573 5.873745e-16 1e-20
3578.24579 5.843063e-16 1e-20
3578.497007 6.049705e-16 1e-20
3578.748224 6.266035e-16 1e-20
3578.999441 6.523831e-16 1e-20
3579.250658 6.414969e-16 1e-20
3579.501875 6.340677e-16 1e-20
3579.753092 6.271839e-16 1e-20
3580.004309 6.177437e-16 1e-20
3580.255526 6.136472e-16 1e-20
3580.506743 6.000861e-16 1e-20
3580.75796 6.141202e-16 1e-20
3581.009177 6.297589e-16 1e-20
3581.260394 6.169962e-16 1e-20
3581.511611 6.177539e-16 1e-20
3581.762827 6.290294e-16 1e-20
3582.014044 6.282915e-16 1e-20
3582.265261 6.142953e-16 1e-20
3582.516478 6.187597e-16 1e-20
3582.767695 6.389408e-16 1e-20
3583.018912 6.349073e-16 1e-20
3583.270129 6.140725e-16 1e-20
3583.521346 6.07599e-16 1e-20
3583.772563 6.011255e-16 1e-20
3584.02378 5.946519e-16 1e-20
3584.274997 5.881784e-16 1e-20
3584.526214 5.817049e-16 1e-20
3584.777431 5.752313e-16 1e-20
3585.028648 5.687578e-16 1e-20
3585.279865 5.924179e-16 1e-20
3585.531082 5.923117e-16 1e-20
3585.782298 6.000234e-16 1e-20
3586.033515 6.082082e-16 1e-20
3586.284732 5.980471e-16 1e-20
3586.535949 5.624796e-16 1e-20
3586.787166 5.469553e-16 1e-20
3587.038383 5.966514e-16 1e-20
3587.2896 6.389063e-16 1e-20
3587.540817 6.114408e-16 1e-20
3587.792034 5.934484e-16 1e-20
3588.043251 6.006068e-16 1e-20
3588.294468 6.202139e-16 1e-20
3588.545685 6.257188e-16 1e-20
3588.796902 5.990277e-16 1e-20
3589.048119 6.047653e-16 1e-20
3589.299336 6.402985e-16 1e-20
3589.550553 6.648917e-16 1e-20
3589.801769 6.796374e-16 1e-20
3590.052986 6.766238e-16 1e-20
3590.304203 6.528879e-16 1e-20
3590.55542 6.209809e-16 1e-20
3590.806637 6.151337e-16 1e-20
3591.057854 6.078051e-16 1e-20
3591.309071 6.033504e-16 1e-20
3591.560288 6.414055e-16 1e-20
3591.811505 6.48591e-16 1e-20
3592.062722 6.272375e-16 1e-20
3592.313939 6.211036e-16 1e-20
3592.565156 6.155941e-16 1e-20
3592.816373 6.14197e-16 1e-20
3593.06759 6.222316e-16 1e-20
3593.318807 6.24464e-16 1e-20
3593.570024 6.530008e-16 1e-20
3593.82124 6.684376e-16 1e-20
3594.072457 6.258985e-16 1e-20
3594.323674 5.827286e-16 1e-20
3594.574891 6.050739e-16 1e-20
3594.826108 6.035618e-16 1e-20
3595.077325 5.815381e-16 1e-20
3595.328542 5.79525e-16 1e-20
3595.579759 5.901683e-16 1e-20
3595.830976 6.099602e-16 1e-20
3596.082193 6.317101e-16 1e-20
3596.33341 6.312049e-16 1e-20
3596.584627 6.10035e-16 1e-20
3596.835844 5.918748e-16 1e-20
3597.087061 5.982124e-16 1e-20
3597.338278 6.133619e-16 1e-20
3597.589495 6.251965e-16 1e-20
3597.840711 6.19311e-16 1e-20
3598.091928 6.159596e-16 1e-20
3598.343145 6.156392e-16 1e-20
3598.594362 6.181545e-16 1e-20
3598.845579 6.108934e-16 1e-20
3599.096796 6.004885e-16 1e-20
3599.348013 6.061442e-16 1e-20
3599.59923 6.072936e-16 1e-20
3599.850447 5.936214e-16 1e-20
3600.101664 5.894223e-16 1e-20
3600.352881 6.104582e-16 1e-20
3600.604098 6.133121e-16 1e-20
3600.855315 6.215017e-16 1e-20
3601.106532 6.183357e-16 1e-20
3601.357749 6.093718e-16 1e-20
3601.608966 6.025808e-16 1e-20
3601.860182 6.027375e-16 1e-20
3602.111399 6.042951e-16 1e-20
3602.362616 6.122712e-16 1e-20
3602.613833 6.330014e-16 1e-20
3602.86505 6.375699e-16 1e-20
3603.116267 6.262612e-16 1e-20
3603.367484 6.296825e-16 1e-20
3603.618701 6.34252e-16 1e-20
3603.869918 6.36322e-16 1e-20
3604.121135 6.286031e-16 1e-20
3604.372352 6.330174e-16 1e-20
3604.623569 6.476775e-16 1e-20
3604.874786 6.404847e-16 1e-20
3605.126003 6.308417e-16 1e-20
3605.37722 6.441726e-16 1e-20
3605.628437 6.557288e-16 1e-20
3605.879653 6.572676e-16 1e-20
3606.13087 6.707324e-16 1e-20
3606.382087 6.802816e-16 1e-20
3606.633304 6.581525e-16 1e-20
3606.884521 6.358199e-16 1e-20
3607.135738 6.403043e-16 1e-20
3607.386955 6.517889e-16 1e-20
3607.638172 6.465231e-16 1e-20
3607.889389 6.369814e-16 1e-20
3608.140606 6.356276e-16 1e-20
3608.391823 6.290705e-16 1e-20
3608.64304 6.358884e-16 1e-20
3608.894257 6.527292e-16 1e-20
3609.145474 6.37148e-16 1e-20
3609.396691 6.322617e-16 1e-20
3609.647908 6.523198e-16 1e-20
3609.899124 6.612141e-16 1e-20
3610.150341 6.421948e-16 1e-20
3610.401558 6.349182e-16 1e-20
3610.652775 6.234216e-16 1e-20
3610.903992 6.063099e-16 1e-20
3611.155209 6.228716e-16 1e-20
3611.406426 6.44242e-16 1e-20
3611.657643 6.369701e-16 1e-20
3611.90886 6.219109e-16 1e-20
3612.160077 6.137613e-16 1e-20
3612.411294 6.17949e-16 1e-20
3612.662511 6.235016e-16 1e-20
3612.913728 6.129926e-16 1e-20
3613.164945 6.26177e-16 1e-20
3613.416162 6.326995e-16 1e-20
3613.667379 6.199013e-16 1e-20
3613.918595 5.988797e-16 1e-20
3614.169812 5.916318e-16 1e-20
3614.421029 6.017352e-16 1e-20
3614.672246 6.378108e-16 1e-20
3614.923463 6.647432e-16 1e-20
3615.17468 6.586763e-16 1e-20
3615.425897 6.53275e-16 1e-20
3615.677114 6.444349e-16 1e-20
3615.928331 6.431582e-16 1e-20
3616.179548 6.145367e-16 1e-20
3616.430765 6.217048e-16 1e-20
3616.681982 6.358935e-16 1e-20
3616.933199 6.29385e-16 1e-20
3617.184416 6.02395e-16 1e-20
3617.435633 6.055297e-16 1e-20
3617.68685 6.187581e-16 1e-20
3617.938066 6.084014e-16 1e-20
3618.189283 6.168213e-16 1e-20
3618.4405 6.471615e-16 1e-20
3618.691717 6.45763e-16 1e-20
3618.942934 6.251611e-16 1e-20
3619.194151 6.134319e-16 1e-20
3619.445368 6.255302e-16 1e-20
3619.696585 6.267972e-16 1e-20
3619.947802 6.303439e-16 1e-20
3620.199019 6.585017e-16 1e-20
3620.450236 6.579083e-16 1e-20
3620.701453 6.232289e-16 1e-20
3620.95267 6.086493e-16 1e-20
3621.203887 6.141221e-16 1e-20
3621.455104 6.23119e-16 1e-20
3621.706321 6.404348e-16 1e-20
3621.957537 6.353486e-16 1e-20
3622.208754 6.236439e-16 1e-20
3622.459971 6.473819e-16 1e-20
3622.711188 6.455584e-16 1e-20
3622.962405 6.345815e-16 1e-20
3623.213622 6.465248e-16 1e-20
3623.464839 6.475089e-16 1e-20
3623.716056 6.331916e-16 1e-20
3623.967273 6.323132e-16 1e-20
3624.21849 6.495518e-16 1e-20
3624.469707 6.462254e-16 1e-20
3624.720924 6.199363e-16 1e-20
3624.972141 6.207554e-16 1e-20
3625.223358 6.347926e-16 1e-20
3625.474575 6.2922e-16 1e-20
3625.725792 6.030687e-16 1e-20
3625.977008 5.931297e-16 1e-20
3626.228225 6.132469e-16 1e-20
3626.479442 6.120492e-16 1e-20
3626.730659 5.938202e-16 1e-20
3626.981876 6.088831e-16 1e-20
3627.233093 6.262429e-16 1e-20
3627.48431 6.102162e-16 1e-20
3627.735527 5.985285e-16 1e-20
3627.986744 6.040435e-16 1e-20
3628.237961 5.930911e-16 1e-20
3628.489178 5.721439e-16 1e-20
3628.740395 5.687466e-16 1e-20
3628.991612 5.792295e-16 1e-20
3629.242829 5.870721e-16 1e-20
3629.494046 5.898832e-16 1e-20
3629.745263 5.90766e-16 1e-20
3629.996479 5.902074e-16 1e-20
3630.247696 5.82742e-16 1e-20
3630.498913 5.864599e-16 1e-20
3630.75013 6.016584e-16 1e-20
3631.001347 6.033065e-16 1e-20
3631.252564 5.918659e-16 1e-20
3631.503781 5.834767e-16 1e-20
3631.754998 5.970819e-16 1e-20
3632.006215 6.012535e-16 1e-20
3632.257432 5.809743e-16 1e-20
3632.508649 5.753823e-16 1e-20
3632.759866 5.878655e-16 1e-20
3633.011083 5.803765e-16 1e-20
3633.2623 5.677257e-16 1e-20
3633.513517 5.762943e-16 1e-20
3633.764734 5.685312e-16 1e-20
3634.01595 5.414636e-16 1e-20
3634.267167 5.512905e-16 1e-20
3634.518384 5.834302e-16 1e-20
3634.769601 5.941627e-16 1e-20
3635.020818 5.874725e-16 1e-20
3635.272035 5.610896e-16 1e-20
3635.523252 5.629535e-16 1e-20
3635.774469 5.644046e-16 1e-20
3636.025686 5.551909e-16 1e-20
3636.276903 5.533534e-16 1e-20
3636.52812 5.617407e-16 1e-20
3636.779337 5.652162e-16 1e-20
3637.030554 5.704107e-16 1e-20
3637.281771 5.723031e-16 1e-20
3637.532988 5.559451e-16 1e-20
3637.784205 5.454321e-16 1e-20
3638.035421 5.365078e-16 1e-20
3638.286638 5.435012e-16 1e-20
3638.537855 5.544991e-16 1e-20
3638.789072 5.625781e-16 1e-20
3639.040289 5.675575e-16 1e-20
3639.291506 5.61113e-16 1e-20
3639.542723 5.396264e-16 1e-20
3639.79394 5.375158e-16 1e-20
3640.045157 5.579944e-16 1e-20
3640.296374 5.593862e-16 1e-20
3640.547591 5.427002e-16 1e-20
3640.798808 5.465928e-16 1e-20
3641.050025 5.55577e-16 1e-20
3641.301242 5.324705e-16 1e-20
3641.552459 5.293443e-16 1e-20
3641.803676 5.39169e-16 1e-20
3642.054892 5.426658e-16 1e-20
3642.306109 5.507922e-16 1e-20
3642.557326 5.566533e-16 1e-20
3642.808543 5.457857e-16 1e-20
3643.05976 5.312059e-16 1e-20
3643.310977 5.308211e-16 1e-20
3643.562194 5.479274e-16 1e-20
3643.813411 5.580665e-16 1e-20
3644.064628 5.427487e-16 1e-20
3644.315845 5.383656e-16 1e-20
3644.567062 5.325727e-16 1e-20
3644.818279 5.374991e-16 1e-20
3645.069496 5.353382e-16 1e-20
3645.320713 5.405331e-16 1e-20
3645.57193 5.446764e-16 1e-20
3645.823147 5.328584e-16 1e-20
3646.074363 5.28693e-16 1e-20
3646.32558 5.353769e-16 1e-20
3646.576797 5.390049e-16 1e-20
3646.828014 5.489308e-16 1e-20
3647.079231 5.647896e-16 1e-20
3647.330448 5.682515e-16 1e-20
3647.581665 5.59778e-16 1e-20
3647.832882 5.582263e-16 1e-20
3648.084099 5.336614e-16 1e-20
3648.335316 5.079573e-16 1e-20
3648.586533 5.217505e-16 1e-20
3648.83775 5.287854e-16 1e-20
3649.088967 5.333531e-16 1e-20
3649.340184 5.288133e-16 1e-20
3649.591401 5.19296e-16 1e-20
3649.842618 5.249909e-16 1e-20
3650.093834 5.282068e-16 1e-20
3650.345051 5.298202e-16 1e-20
3650.596268 5.303643e-16 1e-20
3650.847485 5.333862e-16 1e-20
3651.098702 5.395859e-16 1e-20
3651.349919 5.165708e-16 1e-20
3651.601136 5.170336e-16 1e-20
3651.852353 5.216772e-16 1e-20
3652.10357 5.162155e-16 1e-20
3652.354787 5.167703e-16 1e-20
3652.606004 5.151736e-16 1e-20
3652.857221 5.12682e-16 1e-20
3653.108438 5.194885e-16 1e-20
3653.359655 5.255551e-16 1e-20
3653.610872 5.246906e-16 1e-20
3653.862089 5.124223e-16 1e-20
3654.113305 5.166971e-16 1e-20
3654.364522 5.128307e-16 1e-20
3654.615739 5.190822e-16 1e-20
3654.866956 5.109337e-16 1e-20
3655.118173 4.977614e-16 1e-20
3655.36939 5.062141e-16 1e-20
3655.620607 5.149528e-16 1e-20
3655.871824 5.2367e-16 1e-20
3656.123041 5.493993e-16 1e-20
3656.374258 5.524591e-16 1e-20
3656.625475 5.277746e-16 1e-20
3656.876692 5.296492e-16 1e-20
3657.127909 5.193261e-16 1e-20
3657.379126 5.189005e-16 1e-20
3657.630343 5.253865e-16 1e-20
3657.88156 5.19818e-16 1e-20
3658.132776 5.248874e-16 1e-20
3658.383993 5.149496e-16 1e-20
3658.63521 4.979346e-16 1e-20
3658.886427 5.019172e-16 1e-20
3659.137644 5.225727e-16 1e-20
3659.388861 5.301205e-16 1e-20
3659.640078 5.217669e-16 1e-20
3659.891295 5.292066e-16 1e-20
3660.142512 5.338617e-16 1e-20
3660.393729 5.294845e-16 1e-20
3660.644946 5.214937e-16 1e-20
3660.896163 5.485035e-16 1e-20
3661.14738 5.611889e-16 1e-20
3661.398597 5.520754e-16 1e-20
3661.649814 5.275716e-16 1e-20
3661.901031 5.012629e-16 1e-20
3662.152247 5.120472e-16 1e-20
3662.403464 5.528495e-16 1e-20
3662.654681 5.701542e-16 1e-20
3662.905898 5.538103e-16 1e-20
3663.157115 5.372469e-16 1e-20
3663.408332 5.365839e-16 1e-20
3663.659549 5.317489e-16 1e-20
3663.910766 5.588061e-16 1e-20
3664.161983 5.653983e-16 1e-20
3664.4132 5.470697e-16 1e-20
3664.664417 5.598769e-16 1e-20
3664.915634 5.678293e-16 1e-20
3665.166851 5.62261e-16 1e-20
3665.418068 5.563343e-16 1e-20
3665.669285 5.365003e-16 1e-20
3665.920502 5.291969e-16 1e-20
3666.171718 5.506322e-16 1e-20
3666.422935 5.639395e-16 1e-20
3666.674152 5.580605e-16 1e-20
3666.925369 5.552822e-16 1e-20
3667.176586 5.536691e-16 1e-20
3667.427803 5.575887e-16 1e-20
3667.67902 5.541039e-16 1e-20
3667.930237 5.426825e-16 1e-20
3668.181454 5.366704e-16 1e-20
3668.432671 5.405293e-16 1e-20
3668.683888 5.482308e-16 1e-20
3668.935105 5.500595e-16 1e-20
3669.186322 5.405499e-16 1e-20
3669.437539 5.373902e-16 1e-20
3669.688756 5.608163e-16 1e-20
3669.939973 5.767942e-16 1e-20
3670.191189 5.742635e-16 1e-20
3670.442406 5.789036e-16 1e-20
3670.693623 5.801175e-16 1e-20
3670.94484 5.76154e-16 1e-20
3671.196057 5.62003e-16 1e-20
3671.447274 5.616194e-16 1e-20
3671.698491 5.693053e-16 1e-20
3671.949708 5.752091e-16 1e-20
3672.200925 5.860171e-16 1e-20
3672.452142 5.762882e-16 1e-20
3672.703359 5.656563e-16 1e-20
3672.954576 5.694523e-16 1e-20
3673.205793 5.763907e-16 1e-20
3673.45701 6.010909e-16 1e-20
3673.708227 6.070204e-16 1e-20
3673.959444 5.902509e-16 1e-20
3674.21066 5.833909e-16 1e-20
3674.461877 5.612881e-16 1e-20
3674.713094 5.497321e-16 1e-20
3674.964311 5.648169e-16 1e-20
3675.215528 5.677286e-16 1e-20
3675.466745 5.776453e-16 1e-20
3675.717962 5.907922e-16 1e-20
3675.969179 5.667993e-16 1e-20
3676.220396 5.812186e-16 1e-20
3676.471613 6.007955e-16 1e-20
3676.72283 5.951853e-16 1e-20
3676.974047 5.883402e-16 1e-20
3677.225264 5.976532e-16 1e-20
3677.476481 5.974469e-16 1e-20
3677.727698 5.806525e-16 1e-20
3677.978915 5.806701e-16 1e-20
3678.230131 5.858269e-16 1e-20
3678.481348 5.778518e-16 1e-20
3678.732565 6.006642e-16 1e-20
3678.983782 6.390798e-16 1e-20
3679.234999 6.412436e-16 1e-20
3679.486216 6.429765e-16 1e-20
3679.737433 6.465686e-16 1e-20
3679.98865 6.374178e-16 1e-20
3680.239867 6.225732e-16 1e-20
3680.491084 5.959861e-16 1e-20
3680.742301 5.962641e-16 1e-20
3680.993518 6.428004e-16 1e-20
3681.244735 6.67029e-16 1e-20
3681.495952 6.604416e-16 1e-20
3681.747169 6.814119e-16 1e-20
3681.998386 6.899219e-16 1e-20
3682.249602 6.632607e-16 1e-20
3682.500819 6.558337e-16 1e-20
3682.752036 6.638985e-16 1e-20
3683.003253 6.710803e-16 1e-20
3683.25447 6.542214e-16 1e-20
3683.505687 6.56676e-16 1e-20
3683.756904 6.598863e-16 1e-20
3684.008121 6.698915e-16 1e-20
3684.259338 6.64843e-16 1e-20
3684.510555 6.566603e-16 1e-20
3684.761772 6.787043e-16 1e-20
3685.012989 6.81567e-16 1e-20
3685.264206 6.707036e-16 1e-20
3685.515423 6.658305e-16 1e-20
3685.76664 6.770865e-16 1e-20
3686.017857 6.911057e-16 1e-20
3686.269073 6.994015e-16 1e-20
3686.52029 6.925965e-16 1e-20
3686.771507 6.935539e-16 1e-20
3687.022724 6.813775e-16 1e-20
3687.273941 6.616981e-16 1e-20
3687.525158 6.760554e-16 1e-20
3687.776375 6.991338e-16 1e-20
3688.027592 6.979211e-16 1e-20
3688.278809 6.879674e-16 1e-20
3688.530026 6.669962e-16 1e-20
3688.781243 6.821273e-16 1e-20
3689.03246 6.942729e-16 1e-20
3689.283677 7.026288e-16 1e-20
3689.534894 7.146954e-16 1e-20
3689.786111 7.23222e-16 1e-20
3690.037328 7.103223e-16 1e-20
3690.288544 7.085994e-16 1e-20
3690.539761 7.10571e-16 1e-20
3690.790978 6.933198e-16 1e-20
3691.042195 6.935796e-16 1e-20
3691.293412 7.237314e-16 1e-20
3691.544629 7.440964e-16 1e-20
3691.795846 7.462787e-16 1e-20
3692.047063 7.365155e-16 1e-20
3692.29828 7.028734e-16 1e-20
3692.549497 6.868211e-16 1e-20
3692.800714 6.929418e-16 1e-20
3693.051931 7.214484e-16 1e-20
3693.303148 7.332694e-16 1e-20
3693.554365 7.390374e-16 1e-20
3693.805582 7.479919e-16 1e-20
3694.056799 7.506708e-16 1e-20
3694.308016 7.637989e-16 1e-20
3694.559232 7.728559e-16 1e-20
3694.810449 7.63479e-16 1e-20
3695.061666 7.670454e-16 1e-20
3695.312883 7.67293e-16 1e-20
3695.5641 7.6146e-16 1e-20
3695.815317 7.658999e-16 1e-20
3696.066534 7.674823e-16 1e-20
3696.317751 7.716286e-16 1e-20
3696.568968 7.612512e-16 1e-20
3696.820185 7.698392e-16 1e-20
3697.071402 8.001054e-16 1e-20
3697.322619 8.071976e-16 1e-20
3697.573836 8.083075e-16 1e-20
3697.825053 8.066115e-16 1e-20
3698.07627 7.872066e-16 1e-20
3698.327487 8.063241e-16 1e-20
3698.578703 8.321107e-16 1e-20
3698.82992 8.321113e-16 1e-20
3699.081137 8.445626e-16 1e-20
3699.332354 8.318832e-16 1e-20
3699.583571 8.227889e-16 1e-20
3699.834788 8.310855e-16 1e-20
3700.086005 8.25484e-16 1e-20
3700.337222 8.062806e-16 1e-20
3700.588439 8.016407e-16 1e-20
3700.839656 8.055947e-16 1e-20
3701.090873 8.312004e-16 1e-20
3701.34209 8.422467e-16 1e-20
3701.593307 8.455452e-16 1e-20
3701.844524 8.560914e-16 1e-20
3702.095741 8.573273e-16 1e-20
3702.346958 8.38312e-16 1e-20
3702.598174 8.335794e-16 1e-20
3702.849391 8.625782e-16 1e-20
3703.100608 8.744921e-16 1e-20
3703.351825 8.790997e-16 1e-20
3703.603042 8.793664e-16 1e-20
3703.854259 8.617732e-16 1e-20
3704.105476 8.513623e-16 1e-20
3704.356693 8.568162e-16 1e-20
3704.60791 8.582045e-16 1e-20
3704.859127 8.554496e-16 1e-20
3705.110344 8.35614e-16 1e-20
3705.361561 8.600721e-16 1e-20
3705.612778 8.850403e-16 1e-20
3705.863995 8.72682e-16 1e-20
3706.115212 8.488227e-16 1e-20
3706.366429 8.591124e-16 1e-20
3706.617645 9.12845e-16 1e-20
3706.868862 9.382397e-16 1e-20
3707.120079 9.186063e-16 1e-20
3707.371296 9.036153e-16 1e-20
3707.622513 8.824781e-16 1e-20
3707.87373 8.619349e-16 1e-20
3708.124947 8.610536e-16 1e-20
3708.376164 8.790135e-16 1e-20
3708.627381 8.860174e-16 1e-20
3708.878598 8.929738e-16 1e-20
3709.129815 8.837007e-16 1e-20
3709.381032 8.673905e-16 1e-20
3709.632249 8.75858e-16 1e-20
3709.883466 8.988849e-16 1e-20
3710.134683 9.034328e-16 1e-20
3710.3859 9.047733e-16 1e-20
3710.637116 9.226683e-16 1e-20
3710.888333 9.245746e-16 1e-20
3711.13955 9.152174e-16 1e-20
3711.390767 9.053278e-16 1e-20
3711.641984 9.156272e-16 1e-20
3711.893201 9.317398e-16 1e-20
3712.144418 9.326851e-16 1e-20
3712.395635 9.285859e-16 1e-20
3712.646852 9.232289e-16 1e-20
3712.898069 9.088755e-16 1e-20
3713.149286 8.976243e-16 1e-20
3713.400503 8.958697e-16 1e-20
3713.65172 8.893507e-16 1e-20
3713.902937 8.709612e-16 1e-20
3714.154154 8.633269e-16 1e-20
3714.405371 8.977402e-16 1e-20
3714.656587 9.427837e-16 1e-20
3714.907804 9.510482e-16 1e-20
3715.159021 9.359217e-16 1e-20
3715.410238 9.274435e-16 1e-20
3715.661455 9.326523e-16 1e-20
3715.912672 9.469846e-16 1e-20
3716.163889 9.746054e-16 1e-20
3716.415106 1.002959e-15 1e-20
3716.666323 9.948459e-16 1e-20
3716.91754 9.841229e-16 1e-20
3717.168757 9.724694e-16 1e-20
3717.419974 9.82284e-16 1e-20
3717.671191 9.942344e-16 1e-20
3717.922408 9.949509e-16 1e-20
3718.173625 9.71328e-16 1e-20
3718.424842 9.496828e-16 1e-20
3718.676058 9.683532e-16 1e-20
3718.927275 9.698081e-16 1e-20
3719.178492 9.619549e-16 1e-20
3719.429709 9.665464e-16 1e-20
3719.680926 9.711489e-16 1e-20
3719.932143 9.820861e-16 1e-20
3720.18336 9.888239e-16 1e-20
3720.434577 9.77457e-16 1e-20
3720.685794 9.722805e-16 1e-20
3720.937011 9.68136e-16 1e-20
3721.188228 9.65655e-16 1e-20
3721.439445 9.770404e-16 1e-20
3721.690662 9.965374e-16 1e-20
3721.941879 9.889799e-16 1e-20
3722.193096 9.453836e-16 1e-20
3722.444313 9.240591e-16 1e-20
3722.695529 9.437446e-16 1e-20
3722.946746 9.462204e-16 1e-20
3723.197963 9.418664e-16 1e-20
3723.44918 9.581815e-16 1e-20
3723.700397 9.717713e-16 1e-20
3723.951614 9.638193e-16 1e-20
3724.202831 9.52349e-16 1e-20
3724.454048 9.423203e-16 1e-20
3724.705265 9.276996e-16 1e-20
3724.956482 9.200547e-16 1e-20
3725.207699 9.272888e-16 1e-20
3725.458916 9.394669e-16 1e-20
3725.710133 9.313715e-16 1e-20
3725.96135 8.903816e-16 1e-20
3726.212567 8.723697e-16 1e-20
3726.463784 8.881305e-16 1e-20
3726.715 9.1187e-16 1e-20
3726.966217 9.211424e-16 1e-20
3727.217434 9.216585e-16 1e-20
3727.468651 9.144737e-16 1e-20
3727.719868 9.059108e-16 1e-20
3727.971085 9.216611e-16 1e-20
3728.222302 9.43784e-16 1e-20
3728.473519 9.369881e-16 1e-20
3728.724736 8.974284e-16 1e-20
3728.975953 8.588766e-16 1e-20
3729.22717 8.570621e-16 1e-20
3729.478387 8.748311e-16 1e-20
3729.729604 8.802348e-16 1e-20
3729.980821 8.698854e-16 1e-20
3730.232038 8.684614e-16 1e-20
3730.483255 8.677136e-16 1e-20
3730.734471 8.878615e-16 1e-20
3730.985688 8.97154e-16 1e-20
3731.236905 8.661591e-16 1e-20
3731.488122 8.359089e-16 1e-20
3731.739339 8.387968e-16 1e-20
3731.990556 8.332463e-16 1e-20
3732.241773 8.570569e-16 1e-20
3732.49299 8.77155e-16 1e-20
3732.744207 8.513014e-16 1e-20
3732.995424 8.209873e-16 1e-20
3733.246641 8.128993e-16 1e-20
3733.497858 8.238728e-16 1e-20
3733.749075 8.307645e-16 1e-20
3734.000292 8.283138e-16 1e-20
3734.251509 8.258633e-16 1e-20
3734.502726 8.234126e-16 1e-20
3734.753942 8.20962e-16 1e-20
3735.005159 8.408028e-16 1e-20
3735.256376 8.009955e-16 1e-20
3735.507593 7.883595e-16 1e-20
3735.75881 8.060837e-16 1e-20
3736.010027 8.192156e-16 1e-20
3736.261244 8.019601e-16 1e-20
3736.512461 7.916865e-16 1e-20
3736.763678 7.922764e-16 1e-20
3737.014895 7.903799e-16 1e-20
3737.266112 7.88181e-16 1e-20
3737.517329 7.53612e-16 1e-20
3737.768546 7.495473e-16 1e-20
3738.019763 7.630893e-16 1e-20
3738.27098 7.807155e-16 1e-20
3738.522197 7.99033e-16 1e-20
3738.773413 7.904197e-16 1e-20
3739.02463 7.61457e-16 1e-20
3739.275847 7.628742e-16 1e-20
3739.527064 7.730554e-16 1e-20
3739.778281 7.643241e-16 1e-20
3740.029498 7.724893e-16 1e-20
3740.280715 7.616277e-16 1e-20
3740.531932 7.481012e-16 1e-20
3740.783149 7.497033e-16 1e-20
3741.034366 7.411826e-16 1e-20
3741.285583 7.247067e-16 1e-20
3741.5368 7.294241e-16 1e-20
3741.788017 7.495834e-16 1e-20
3742.039234 7.497959e-16 1e-20
3742.290451 7.195222e-16 1e-20
3742.541668 7.026963e-16 1e-20
3742.792884 7.124134e-16 1e-20
3743.044101 7.218152e-16 1e-20
3743.295318 7.109817e-16 1e-20
3743.546535 6.94789e-16 1e-20
3743.797752 6.938197e-16 1e-20
3744.048969 7.124308e-16 1e-20
3744.300186 7.270776e-16 1e-20
3744.551403 7.402454e-16 1e-20
3744.80262 7.514684e-16 1e-20
3745.053837 7.320199e-16 1e-20
3745.305054 6.897118e-16 1e-20
3745.556271 6.818154e-16 1e-20
3745.807488 6.856726e-16 1e-20
3746.058705 6.692306e-16 1e-20
3746.309922 6.60414e-16 1e-20
3746.561139 6.621249e-16 1e-20
3746.812355 6.738932e-16 1e-20
3747.063572 6.886612e-16 1e-20
3747.314789 6.829537e-16 1e-20
3747.566006 6.77043e-16 1e-20
3747.817223 6.976037e-16 1e-20
3748.06844 6.930372e-16 1e-20
3748.319657 6.802894e-16 1e-20
3748.570874 6.719264e-16 1e-20
3748.822091 6.477873e-16 1e-20
3749.073308 6.518202e-16 1e-20
3749.324525 6.614793e-16 1e-20
3749.575742 6.75699e-16 1e-20
3749.826959 6.813102e-16 1e-20
3750.078176 6.760916e-16 1e-20
3750.329393 6.45193e-16 1e-20
3750.58061 6.296586e-16 1e-20
3750.831826 6.506546e-16 1e-20
3751.083043 6.477664e-16 1e-20
3751.33426 6.223198e-16 1e-20
3751.585477 6.391041e-16 1e-20
3751.836694 6.708073e-16 1e-20
3752.087911 6.683717e-16 1e-20
3752.339128 6.40172e-16 1e-20
3752.590345 6.180188e-16 1e-20
3752.841562 6.252458e-16 1e-20
3753.092779 6.57536e-16 1e-20
3753.343996 6.648019e-16 1e-20
3753.595213 6.449862e-16 1e-20
3753.84643 6.16018e-16 1e-20
3754.097647 6.148285e-16 1e-20
3754.348864 6.260941e-16 1e-20
3754.600081 6.171339e-16 1e-20
3754.851297 5.992335e-16 1e-20
3755.102514 6.054038e-16 1e-20
3755.353731 6.366418e-16 1e-20
3755.604948 6.289925e-16 1e-20
3755.856165 6.096515e-16 1e-20
3756.107382 6.140836e-16 1e-20
3756.358599 6.204433e-16 1e-20
3756.609816 6.143551e-16 1e-20
3756.861033 6.129632e-16 1e-20
3757.11225 6.161871e-16 1e-20
3757.363467 6.318566e-16 1e-20
3757.614684 6.291595e-16 1e-20
3757.865901 6.093079e-16 1e-20
3758.117118 5.895266e-16 1e-20
3758.368335 5.880795e-16 1e-20
3758.619552 6.09858e-16 1e-20
3758.870768 6.297608e-16 1e-20
3759.121985 6.21647e-16 1e-20
3759.373202 6.090613e-16 1e-20
3759.624419 6.116763e-16 1e-20
3759.875636 6.278976e-16 1e-20
3760.126853 6.403255e-16 1e-20
3760.37807 6.304412e-16 1e-20
3760.629287 6.217362e-16 1e-20
3760.880504 6.455691e-16 1e-20
3761.131721 6.486823e-16 1e-20
3761.382938 6.304035e-16 1e-20
3761.634155 6.244473e-16 1e-20
3761.885372 6.239443e-16 1e-20
3762.136589 6.28209e-16 1e-20
3762.387806 6.370533e-16 1e-20
3762.639023 6.437992e-16 1e-20
3762.890239 6.504495e-16 1e-20
3763.141456 6.241674e-16 1e-20
3763.392673 6.075434e-16 1e-20
3763.64389 6.127048e-16 1e-20
3763.895107 6.077451e-16 1e-20
3764.146324 6.126027e-16 1e-20
3764.397541 6.467341e-16 1e-20
3764.648758 6.647367e-16 1e-20
3764.899975 6.471453e-16 1e-20
3765.151192 6.18502e-16 1e-20
3765.402409 6.113031e-16 1e-20
3765.653626 6.158231e-16 1e-20
3765.904843 6.166848e-16 1e-20
3766.15606 6.22735e-16 1e-20
3766.407277 6.34251e-16 1e-20
3766.658494 6.297716e-16 1e-20
3766.90971 6.155318e-16 1e-20
3767.160927 6.144893e-16 1e-20
3767.412144 6.283265e-16 1e-20
3767.663361 6.425691e-16 1e-20
3767.914578 6.425883e-16 1e-20
3768.165795 6.251247e-16 1e-20
3768.417012 6.076018e-16 1e-20
3768.668229 6.114948e-16 1e-20
3768.919446 6.20037e-16 1e-20
3769.170663 6.03713e-16 1e-20
3769.42188 6.005357e-16 1e-20
3769.673097 6.231002e-16 1e-20
3769.924314 6.282011e-16 1e-20
3770.175531 6.121091e-16 1e-20
3770.426748 6.121886e-16 1e-20
3770.677965 6.155647e-16 1e-20
3770.929181 6.179757e-16 1e-20
3771.180398 6.086347e-16 1e-20
3771.431615 6.038391e-16 1e-20
3771.682832 5.947685e-16 1e-20
3771.934049 6.0048e-16 1e-20
3772.185266 6.154547e-16 1e-20
3772.436483 5.963035e-16 1e-20
3772.6877 5.947755e-16 1e-20
3772.938917 6.10127e-16 1e-20
3773.190134 6.11937e-16 1e-20
3773.441351 5.885018e-16 1e-20
3773.692568 5.843948e-16 1e-20
3773.943785 5.92933e-16 1e-20
3774.195002 5.8036e-16 1e-20
3774.446219 5.883412e-16 1e-20
3774.697436 6.159045e-16 1e-20
3774.948652 6.058633e-16 1e-20
3775.199869 6.000709e-16 1e-20
3775.451086 5.744916e-16 1e-20
3775.702303 5.605063e-16 1e-20
3775.95352 5.921361e-16 1e-20
3776.204737 6.112554e-16 1e-20
3776.455954 6.051353e-16 1e-20
3776.707171 6.197246e-16 1e-20
3776.958388 6.085385e-16 1e-20
3777.209605 5.912237e-16 1e-20
3777.460822 6.045536e-16 1e-20
3777.712039 6.115024e-16 1e-20
3777.963256 5.941026e-16 1e-20
3778.214473 5.958193e-16 1e-20
3778.46569 6.034302e-16 1e-20
3778.716907 6.07576e-16 1e-20
3778.968123 6.12994e-16 1e-20
3779.21934 6.114763e-16 1e-20
3779.470557 6.115313e-16 1e-20
3779.721774 6.168038e-16 1e-20
3779.972991 6.014813e-16 1e-20
3780.224208 5.649218e-16 1e-20
3780.475425 5.687357e-16 1e-20
3780.726642 6.164431e-16 1e-20
3780.977859 6.476287e-16 1e-20
3781.229076 6.505322e-16 1e-20
3781.480293 6.387375e-16 1e-20
3781.73151 6.268183e-16 1e-20
3781.982727 6.153144e-16 1e-20
3782.233944 5.9225e-16 1e-20
3782.485161 5.906998e-16 1e-20
3782.736378 6.093551e-16 1e-20
3782.987594 6.155048e-16 1e-20
3783.238811 6.066908e-16 1e-20
3783.490028 6.121911e-16 1e-20
3783.741245 6.141434e-16 1e-20
3783.992462 5.868874e-16 1e-20
3784.243679 5.836562e-16 1e-20
3784.494896 5.924048e-16 1e-20
3784.746113 6.063612e-16 1e-20
3784.99733 6.293543e-16 1e-20
3785.248547 6.248896e-16 1e-20
3785.499764 5.994036e-16 1e-20
3785.750981 5.903987e-16 1e-20
3786.002198 5.933581e-16 1e-20
3786.253415 6.045709e-16 1e-20
3786.504632 5.980844e-16 1e-20
3786.755849 5.898392e-16 1e-20
3787.007065 6.210097e-16 1e-20
3787.258282 6.425642e-16 1e-20
3787.509499 6.324128e-16 1e-20
3787.760716 6.286754e-16 1e-20
3788.011933 6.195349e-16 1e-20
3788.26315 6.158696e-16 1e-20
3788.514367 6.253834e-16 1e-20
3788.765584 6.344187e-16 1e-20
3789.016801 6.335924e-16 1e-20
3789.268018 6.193481e-16 1e-20
3789.519235 6.072794e-16 1e-20
3789.770452 6.154433e-16 1e-20
3790.021669 6.240293e-16 1e-20
3790.272886 6.172806e-16 1e-20
3790.524103 6.219481e-16 1e-20
3790.77532 6.26787e-16 1e-20
3791.026536 6.172986e-16 1e-20
3791.277753 6.05658e-16 1e-20
3791.52897 5.966939e-16 1e-20
3791.780187 5.891643e-16 1e-20
3792.031404 6.059739e-16 1e-20
3792.282621 6.234928e-16 1e-20
3792.533838 6.26999e-16 1e-20
3792.785055 6.131694e-16 1e-20
3793.036272 5.981805e-16 1e-20
3793.287489 6.181813e-16 1e-20
3793.538706 6.520068e-16 1e-20
3793.789923 6.324995e-16 1e-20
3794.04114 6.009292e-16 1e-20
3794.292357 5.984723e-16 1e-20
3794.543574 5.881177e-16 1e-20
3794.794791 5.759236e-16 1e-20
3795.046007 5.807402e-16 1e-20
3795.297224 5.891087e-16 1e-20
3795.548441 5.947209e-16 1e-20
3795.799658 6.072814e-16 1e-20
3796.050875 5.990891e-16 1e-20
3796.302092 5.834516e-16 1e-20
3796.553309 5.995842e-16 1e-20
3796.804526 6.164958e-16 1e-20
3797.055743 5.99739e-16 1e-20
3797.30696 5.718832e-16 1e-20
3797.558177 5.608469e-16 1e-20
3797.809394 5.580192e-16 1e-20
3798.060611 5.589872e-16 1e-20
3798.311828 5.591239e-16 1e-20
3798.563045 5.740833e-16 1e-20
3798.814262 5.854078e-16 1e-20
3799.065478 5.943574e-16 1e-20
3799.316695 6.079858e-16 1e-20
3799.567912 5.959575e-16 1e-20
3799.819129 5.74339e-16 1e-20
3800.070346 5.731098e-16 1e-20
3800.321563 5.664979e-16 1e-20
3800.57278 5.604273e-16 1e-20
3800.823997 5.539381e-16 1e-20
3801.075214 5.552857e-16 1e-20
3801.326431 5.723989e-16 1e-20
3801.577648 5.749178e-16 1e-20
3801.828865 5.697733e-16 1e-20
3802.080082 5.570726e-16 1e-20
3802.331299 5.463682e-16 1e-20
3802.582516 5.385098e-16 1e-20
3802.833733 5.45584e-16 1e-20
3803.084949 5.648974e-16 1e-20
3803.336166 5.616611e-16 1e-20
3803.587383 5.299485e-16 1e-20
3803.8386 5.105759e-16 1e-20
3804.089817 5.063849e-16 1e-20
3804.341034 5.24616e-16 1e-20
3804.592251 5.501957e-16 1e-20
3804.843468 5.53106e-16 1e-20
3805.094685 5.344229e-16 1e-20
3805.345902 5.214477e-16 1e-20
3805.597119 5.204539e-16 1e-20
3805.848336 5.320947e-16 1e-20
3806.099553 5.439638e-16 1e-20
3806.35077 5.456489e-16 1e-20
3806.601987 5.346003e-16 1e-20
3806.853204 5.200976e-16 1e-20
3807.10442 5.209103e-16 1e-20
3807.355637 5.340044e-16 1e-20
3807.606854 5.206701e-16 1e-20
3807.858071 4.952002e-16 1e-20
3808.109288 4.950655e-16 1e-20
3808.360505 5.015179e-16 1e-20
3808.611722 4.986929e-16 1e-20
3808.862939 5.005612e-16 1e-20
3809.114156 5.106887e-16 1e-20
3809.365373 5.188002e-16 1e-20
3809.61659 5.249263e-16 1e-20
3809.867807 5.111672e-16 1e-20
3810.119024 5.123781e-16 1e-20
3810.370241 5.143228e-16 1e-20
3810.621458 5.085066e-16 1e-20
3810.872675 5.094437e-16 1e-20
3811.123892 5.096708e-16 1e-20
3811.375108 5.11713e-16 1e-20
3811.626325 5.200331e-16 1e-20
3811.877542 5.267161e-16 1e-20
3812.128759 5.212854e-16 1e-20
3812.379976 5.166852e-16 1e-20
3812.631193 5.17907e-16 1e-20
3812.88241 5.208597e-16 1e-20
3813.133627 5.241998e-16 1e-20
3813.384844 5.10175e-16 1e-20
3813.636061 5.106557e-16 1e-20
3813.887278 5.157594e-16 1e-20
3814.138495 5.117164e-16 1e-20
3814.389712 5.146519e-16 1e-20
3814.640929 5.22922e-16 1e-20
3814.892146 5.189955e-16 1e-20
3815.143363 5.153663e-16 1e-20
3815.394579 5.154478e-16 1e-20
3815.645796 5.252925e-16 1e-20
3815.897013 5.186068e-16 1e-20
3816.14823 5.104036e-16 1e-20
3816.399447 5.086809e-16 1e-20
3816.650664 5.010053e-16 1e-20
3816.901881 4.976131e-16 1e-20
3817.153098 5.105529e-16 1e-20
3817.404315 5.191549e-16 1e-20
3817.655532 5.071086e-16 1e-20
3817.906749 4.985395e-16 1e-20
3818.157966 4.964067e-16 1e-20
3818.409183 4.918925e-16 1e-20
3818.6604 4.937651e-16 1e-20
3818.911617 5.066483e-16 1e-20
3819.162834 5.105848e-16 1e-20
3819.41405 4.913511e-16 1e-20
3819.665267 4.786395e-16 1e-20
3819.916484 4.817249e-16 1e-20
3820.167701 4.859146e-16 1e-20
3820.418918 4.856558e-16 1e-20
3820.670135 4.918256e-16 1e-20
3820.921352 5.060789e-16 1e-20
3821.172569 5.082025e-16 1e-20
3821.423786 4.962861e-16 1e-20
3821.675003 4.943893e-16 1e-20
3821.92622 4.980039e-16 1e-20
3822.177437 4.95672e-16 1e-20
3822.428654 4.935831e-16 1e-20
3822.679871 4.981814e-16 1e-20
3822.931088 5.015465e-16 1e-20
3823.182305 4.978883e-16 1e-20
3823.433521 4.979636e-16 1e-20
3823.684738 4.935624e-16 1e-20
3823.935955 5.031221e-16 1e-20
3824.187172 5.242883e-16 1e-20
3824.438389 5.184942e-16 1e-20
3824.689606 4.923009e-16 1e-20
3824.940823 4.999229e-16 1e-20
3825.19204 5.112183e-16 1e-20
3825.443257 5.108492e-16 1e-20
3825.694474 5.10671e-16 1e-20
3825.945691 5.187397e-16 1e-20
3826.196908 5.155554e-16 1e-20
3826.448125 5.053205e-16 1e-20
3826.699342 5.202392e-16 1e-20
3826.950559 5.305841e-16 1e-20
3827.201776 5.382193e-16 1e-20
3827.452992 5.384916e-16 1e-20
3827.704209 5.432851e-16 1e-20
3827.955426 5.33195e-16 1e-20
3828.206643 5.132841e-16 1e-20
3828.45786 5.196164e-16 1e-20
3828.709077 5.318841e-16 1e-20
3828.960294 5.304854e-16 1e-20
3829.211511 5.218281e-16 1e-20
3829.462728 5.165863e-16 1e-20
3829.713945 5.135246e-16 1e-20
3829.965162 5.166902e-16 1e-20
3830.216379 5.194076e-16 1e-20
3830.467596 5.079914e-16 1e-20
3830.718813 5.016393e-16 1e-20
3830.97003 5.108126e-16 1e-20
3831.221247 5.229212e-16 1e-20
3831.472463 5.162056e-16 1e-20
3831.72368 5.105546e-16 1e-20
3831.974897 5.189422e-16 1e-20
3832.226114 5.208844e-16 1e-20
3832.477331 5.086945e-16 1e-20
3832.728548 5.002689e-16 1e-20
3832.979765 5.081441e-16 1e-20
3833.230982 5.072264e-16 1e-20
3833.482199 5.201983e-16 1e-20
3833.733416 5.364801e-16 1e-20
3833.984633 5.230566e-16 1e-20
3834.23585 4.99513e-16 1e-20
3834.487067 5.051958e-16 1e-20
3834.738284 5.277518e-16 1e-20
3834.989501 5.412703e-16 1e-20
3835.240718 5.315612e-16 1e-20
3835.491934 5.240198e-16 1e-20
3835.743151 5.233835e-16 1e-20
3835.994368 5.228404e-16 1e-20
3836.245585 5.30436e-16 1e-20
3836.496802 5.342317e-16 1e-20
3836.748019 5.238346e-16 1e-20
3836.999236 5.0907e-16 1e-20
3837.250453 5.047761e-16 1e-20
3837.50167 5.055756e-16 1e-20
3837.752887 5.018719e-16 1e-20
3838.004104 5.013397e-16 1e-20
3838.255321 5.17402e-16 1e-20
3838.506538 5.418137e-16 1e-20
3838.757755 5.471023e-16 1e-20
3839.008972 5.315153e-16 1e-20
3839.260189 5.246834e-16 1e-20
3839.511405 5.085495e-16 1e-20
3839.762622 4.84739e-16 1e-20
3840.013839 4.955928e-16 1e-20
3840.265056 5.293636e-16 1e-20
3840.516273 5.373165e-16 1e-20
3840.76749 5.155034e-16 1e-20
3841.018707 5.165874e-16 1e-20
3841.269924 5.322226e-16 1e-20
3841.521141 5.344055e-16 1e-20
3841.772358 5.204389e-16 1e-20
3842.023575 5.046988e-16 1e-20
3842.274792 5.105132e-16 1e-20
3842.526009 5.366444e-16 1e-20
3842.777226 5.419721e-16 1e-20
3843.028443 5.381778e-16 1e-20
3843.27966 5.377318e-16 1e-20
3843.530876 5.35621e-16 1e-20
3843.782093 5.307897e-16 1e-20
3844.03331 5.259986e-16 1e-20
3844.284527 5.211925e-16 1e-20
3844.535744 5.227734e-16 1e-20
3844.786961 5.162254e-16 1e-20
3845.038178 5.148416e-16 1e-20
3845.289395 5.225995e-16 1e-20
3845.540612 5.21168e-16 1e-20
3845.791829 5.197811e-16 1e-20
3846.043046 5.349869e-16 1e-20
3846.294263 5.276193e-16 1e-20
3846.54548 5.26559e-16 1e-20
3846.796697 5.11862e-16 1e-20
3847.047914 5.120991e-16 1e-20
3847.299131 5.240239e-16 1e-20
3847.550347 5.223293e-16 1e-20
3847.801564 5.12318e-16 1e-20
3848.052781 5.046325e-16 1e-20
3848.303998 5.157276e-16 1e-20
3848.555215 5.179941e-16 1e-20
3848.806432 5.162525e-16 1e-20
3849.057649 5.195706e-16 1e-20
3849.308866 5.183118e-16 1e-20
3849.560083 5.158472e-16 1e-20
3849.8113 5.190729e-16 1e-20
3850.062517 5.12474e-16 1e-20
3850.313734 5.196245e-16 1e-20
3850.564951 5.141094e-16 1e-20
3850.816168 4.92883e-16 1e-20
3851.067385 4.916579e-16 1e-20
3851.318602 5.127827e-16 1e-20
3851.569818 5.242123e-16 1e-20
3851.821035 5.208416e-16 1e-20
3852.072252 5.198308e-16 1e-20
3852.323469 5.228911e-16 1e-20
3852.574686 5.244208e-16 1e-20
3852.825903 5.281516e-16 1e-20
3853.07712 5.267654e-16 1e-20
3853.328337 5.219563e-16 1e-20
3853.579554 5.216803e-16 1e-20
3853.830771 5.198625e-16 1e-20
3854.081988 5.259574e-16 1e-20
3854.333205 5.31098e-16 1e-20
3854.584422 5.299896e-16 1e-20
3854.835639 5.241839e-16 1e-20
3855.086856 5.236235e-16 1e-20
3855.338073 5.321841e-16 1e-20
3855.589289 5.353375e-16 1e-20
3855.840506 5.22308e-16 1e-20
3856.091723 5.131876e-16 1e-20
3856.34294 5.188192e-16 1e-20
3856.594157 5.172165e-16 1e-20
3856.845374 5.194298e-16 1e-20
3857.096591 5.343238e-16 1e-20
3857.347808 5.460118e-16 1e-20
3857.599025 5.492682e-16 1e-20
3857.850242 5.498836e-16 1e-20
3858.101459 5.483552e-16 1e-20
3858.352676 5.580728e-16 1e-20
3858.603893 5.634146e-16 1e-20
3858.85511 5.548327e-16 1e-20
3859.106327 5.392087e-16 1e-20
3859.357544 5.300986e-16 1e-20
3859.60876 5.433255e-16 1e-20
3859.859977 5.702217e-16 1e-20
3860.111194 5.705642e-16 1e-20
3860.362411 5.556773e-16 1e-20
3860.613628 5.599983e-16 1e-20
3860.864845 5.612957e-16 1e-20
3861.116062 5.45505e-16 1e-20
3861.367279 5.48889e-16 1e-20
3861.618496 5.726781e-16 1e-20
3861.869713 5.785066e-16 1e-20
3862.12093 5.687133e-16 1e-20
3862.372147 5.810833e-16 1e-20
3862.623364 5.742941e-16 1e-20
3862.874581 5.459626e-16 1e-20
3863.125798 5.50017e-16 1e-20
3863.377015 5.795705e-16 1e-20
3863.628231 5.876599e-16 1e-20
3863.879448 5.830233e-16 1e-20
3864.130665 5.85925e-16 1e-20
3864.381882 5.722423e-16 1e-20
3864.633099 5.675398e-16 1e-20
3864.884316 5.912327e-16 1e-20
3865.135533 6.104357e-16 1e-20
3865.38675 6.012448e-16 1e-20
3865.637967 5.756088e-16 1e-20
3865.889184 5.74271e-16 1e-20
3866.140401 5.902011e-16 1e-20
3866.391618 5.984713e-16 1e-20
3866.642835 5.940857e-16 1e-20
3866.894052 5.928982e-16 1e-20
3867.145269 5.939544e-16 1e-20
3867.396486 5.80711e-16 1e-20
3867.647702 5.809781e-16 1e-20
3867.898919 6.051183e-16 1e-20
3868.150136 6.097414e-16 1e-20
3868.401353 6.122684e-16 1e-20
3868.65257 6.104458e-16 1e-20
3868.903787 6.008282e-16 1e-20
3869.155004 6.158227e-16 1e-20
3869.406221 6.381478e-16 1e-20
3869.657438 6.415972e-16 1e-20
3869.908655 6.127872e-16 1e-20
3870.159872 5.961671e-16 1e-20
3870.411089 6.047301e-16 1e-20
3870.662306 6.146751e-16 1e-20
3870.913523 6.147205e-16 1e-20
3871.16474 6.150862e-16 1e-20
3871.415957 6.228041e-16 1e-20
3871.667173 6.271277e-16 1e-20
3871.91839 6.374997e-16 1e-20
3872.169607 6.326816e-16 1e-20
3872.420824 6.336776e-16 1e-20
3872.672041 6.464947e-16 1e-20
3872.923258 6.4453e-16 1e-20
3873.174475 6.439236e-16 1e-20
3873.425692 6.582794e-16 1e-20
3873.676909 6.70111e-16 1e-20
3873.928126 6.519543e-16 1e-20
3874.179343 6.421157e-16 1e-20
3874.43056 6.48866e-16 1e-20
3874.681777 6.503661e-16 1e-20
3874.932994 6.54105e-16 1e-20
3875.184211 6.695206e-16 1e-20
3875.435428 6.909897e-16 1e-20
3875.686644 6.985385e-16 1e-20
3875.937861 6.853068e-16 1e-20
3876.189078 6.668178e-16 1e-20
3876.440295 6.626766e-16 1e-20
3876.691512 6.666651e-16 1e-20
3876.942729 6.722305e-16 1e-20
3877.193946 6.935687e-16 1e-20
3877.445163 6.848428e-16 1e-20
3877.69638 6.775767e-16 1e-20
3877.947597 6.865827e-16 1e-20
3878.198814 6.804477e-16 1e-20
3878.450031 6.746631e-16 1e-20
3878.701248 6.955678e-16 1e-20
3878.952465 7.075275e-16 1e-20
3879.203682 7.062124e-16 1e-20
3879.454899 7.034572e-16 1e-20
3879.706115 7.056206e-16 1e-20
3879.957332 7.04247e-16 1e-20
3880.208549 6.971074e-16 1e-20
3880.459766 7.005281e-16 1e-20
3880.710983 7.177179e-16 1e-20
3880.9622 7.207911e-16 1e-20
3881.213417 7.06062e-16 1e-20
3881.464634 7.035104e-16 1e-20
3881.715851 6.995174e-16 1e-20
3881.967068 6.951329e-16 1e-20
3882.218285 7.025755e-16 1e-20
3882.469502 7.089114e-16 1e-20
3882.720719 7.003511e-16 1e-20
3882.971936 6.954471e-16 1e-20
3883.223153 6.995921e-16 1e-20
3883.47437 7.071256e-16 1e-20
3883.725586 7.160629e-16 1e-20
3883.976803 7.212213e-16 1e-20
3884.22802 7.208605e-16 1e-20
3884.479237 7.277683e-16 1e-20
3884.730454 7.396443e-16 1e-20
3884.981671 7.24875e-16 1e-20
3885.232888 7.127781e-16 1e-20
3885.484105 7.187071e-16 1e-20
3885.735322 7.162194e-16 1e-20
3885.986539 7.015896e-16 1e-20
3886.237756 7.004948e-16 1e-20
3886.488973 7.169805e-16 1e-20
3886.74019 7.236129e-16 1e-20
3886.991407 7.148579e-16 1e-20
3887.242624 7.289746e-16 1e-20
3887.493841 7.546638e-16 1e-20
3887.745057 7.617757e-16 1e-20
3887.996274 7.517289e-16 1e-20
3888.247491 7.382416e-16 1e-20
3888.498708 7.326239e-16 1e-20
3888.749925 7.512707e-16 1e-20
3889.001142 7.719126e-16 1e-20
3889.252359 7.646414e-16 1e-20
3889.503576 7.577861e-16 1e-20
3889.754793 7.64313e-16 1e-20
3890.00601 7.657537e-16 1e-20
3890.257227 7.632344e-16 1e-20
3890.508444 7.756386e-16 1e-20
3890.759661 7.914693e-16 1e-20
3891.010878 7.96045e-16 1e-20
3891.262095 7.806856e-16 1e-20
3891.513312 7.621238e-16 1e-20
3891.764528 7.64299e-16 1e-20
3892.015745 7.775675e-16 1e-20
3892.266962 7.827659e-16 1e-20
3892.518179 7.867965e-16 1e-20
3892.769396 7.903927e-16 1e-20
3893.020613 8.032354e-16 1e-20
3893.27183 8.051622e-16 1e-20
3893.523047 8.032861e-16 1e-20
3893.774264 8.118153e-16 1e-20
3894.025481 8.159765e-16 1e-20
3894.276698 7.935026e-16 1e-20
3894.527915 7.655756e-16 1e-20
3894.779132 7.806486e-16 1e-20
3895.030349 7.989639e-16 1e-20
3895.281566 8.07369e-16 1e-20
3895.532783 8.103065e-16 1e-20
3895.783999 8.092415e-16 1e-20
3896.035216 8.124126e-16 1e-20
3896.286433 8.246951e-16 1e-20
3896.53765 8.319476e-16 1e-20
3896.788867 8.33399e-16 1e-20
3897.040084 8.2768e-16 1e-20
3897.291301 8.226205e-16 1e-20
3897.542518 8.357205e-16 1e-20
3897.793735 8.518797e-16 1e-20
3898.044952 8.514702e-16 1e-20
3898.296169 8.473804e-16 1e-20
3898.547386 8.374755e-16 1e-20
3898.798603 8.314559e-16 1e-20
3899.04982 8.415936e-16 1e-20
3899.301037 8.593902e-16 1e-20
3899.552254 8.601487e-16 1e-20
3899.80347 8.485301e-16 1e-20
3900.054687 8.523107e-16 1e-20
3900.305904 8.704582e-16 1e-20
3900.557121 8.855936e-16 1e-20
3900.808338 8.928662e-16 1e-20
3901.059555 8.81814e-16 1e-20
3901.310772 8.755689e-16 1e-20
3901.561989 8.820315e-16 1e-20
3901.813206 8.836654e-16 1e-20
3902.064423 8.80627e-16 1e-20
3902.31564 8.856552e-16 1e-20
3902.566857 8.913063e-16 1e-20
3902.818074 8.974575e-16 1e-20
3903.069291 8.954418e-16 1e-20
3903.320508 8.937713e-16 1e-20
3903.571725 9.068622e-16 1e-20
3903.822941 9.166832e-16 1e-20
3904.074158 8.985516e-16 1e-20
3904.325375 8.785355e-16 1e-20
3904.576592 8.809236e-16 1e-20
3904.827809 9.229552e-16 1e-20
3905.079026 9.323979e-16 1e-20
3905.330243 9.165649e-16 1e-20
3905.58146 9.202674e-16 1e-20
3905.832677 9.231083e-16 1e-20
3906.083894 9.042961e-16 1e-20
3906.335111 8.938338e-16 1e-20
3906.586328 9.20544e-16 1e-20
3906.837545 9.37571e-16 1e-20
3907.088762 9.190951e-16 1e-20
3907.339979 9.103328e-16 1e-20
3907.591196 9.341954e-16 1e-20
3907.842412 9.473151e-16 1e-20
3908.093629 9.313733e-16 1e-20
3908.344846 9.222753e-16 1e-20
3908.596063 9.249346e-16 1e-20
3908.84728 9.334384e-16 1e-20
3909.098497 9.412053e-16 1e-20
3909.349714 9.473314e-16 1e-20
3909.600931 9.556794e-16 1e-20
3909.852148 9.657938e-16 1e-20
3910.103365 9.682863e-16 1e-20
3910.354582 9.543268e-16 1e-20
3910.605799 9.410498e-16 1e-20
3910.857016 9.354927e-16 1e-20
3911.108233 9.528102e-16 1e-20
3911.35945 9.768121e-16 1e-20
3911.610667 9.796349e-16 1e-20
3911.861883 9.716915e-16 1e-20
3912.1131 9.616232e-16 1e-20
3912.364317 9.678609e-16 1e-20
3912.615534 9.429923e-16 1e-20
3912.866751 9.34835e-16 1e-20
3913.117968 9.593063e-16 1e-20
3913.369185 9.839776e-16 1e-20
3913.620402 1.000597e-15 1e-20
3913.871619 1.000345e-15 1e-20
3914.122836 9.829977e-16 1e-20
3914.374053 9.731661e-16 1e-20
3914.62527 9.735576e-16 1e-20
3914.876487 9.836604e-16 1e-20
3915.127704 1.015573e-15 1e-20
3915.378921 1.041401e-15 1e-20
3915.630138 1.017336e-15 1e-20
3915.881354 9.812362e-16 1e-20
3916.132571 9.786467e-16 1e-20
3916.383788 9.935953e-16 1e-20
3916.635005 1.011346e-15 1e-20
3916.886222 1.026284e-15 1e-20
3917.137439 1.02731e-15 1e-20
3917.388656 1.02327e-15 1e-20
3917.639873 1.02831e-15 1e-20
3917.89109 1.020346e-15 1e-20
3918.142307 1.029339e-15 1e-20
3918.393524 1.023462e-15 1e-20
3918.644741 1.008296e-15 1e-20
3918.895958 1.019143e-15 1e-20
3919.147175 1.033484e-15 1e-20
3919.398392 1.027019e-15 1e-20
3919.649609 1.038908e-15 1e-20
3919.900825 1.054723e-15 1e-20
3920.152042 1.062103e-15 1e-20
3920.403259 1.026679e-15 1e-20
3920.654476 1.013893e-15 1e-20
3920.905693 1.0384e-15 1e-20
3921.15691 1.047672e-15 1e-20
3921.408127 1.030689e-15 1e-20
3921.659344 1.01686e-15 1e-20
3921.910561 1.046294e-15 1e-20
3922.161778 1.062225e-15 1e-20
3922.412995 1.081582e-15 1e-20
3922.664212 1.096954e-15 1e-20
3922.915429 1.093378e-15 1e-20
3923.166646 1.092181e-15 1e-20
3923.417863 1.097154e-15 1e-20
3923.66908 1.087244e-15 1e-20
3923.920296 1.090266e-15 1e-20
3924.171513 1.073065e-15 1e-20
3924.42273 1.066625e-15 1e-20
3924.673947 1.082035e-15 1e-20
3924.925164 1.100786e-15 1e-20
3925.176381 1.106278e-15 1e-20
3925.427598 1.090409e-15 1e-20
3925.678815 1.085752e-15 1e-20
3925.930032 1.074837e-15 1e-20
3926.181249 9.64202e-16 1e-20
3926.432466 8.714044e-16 1e-20
3926.683683 9.638926e-16 1e-20
3926.9349 1.114169e-15 1e-20
3927.186117 1.138285e-15 1e-20
3927.437334 1.141441e-15 1e-20
3927.688551 1.12006e-15 1e-20
3927.939768 1.109202e-15 1e-20
3928.190984 1.123366e-15 1e-20
3928.442201 1.136365e-15 1e-20
3928.693418 1.143064e-15 1e-20
3928.944635 1.151293e-15 1e-20
3929.195852 1.156179e-15 1e-20
3929.447069 1.158655e-15 1e-20
3929.698286 1.13668e-15 1e-20
3929.949503 1.129796e-15 1e-20
3930.20072 1.162271e-15 1e-20
3930.451937 1.180988e-15 1e-20
3930.703154 1.16661e-15 1e-20
3930.954371 1.143712e-15 1e-20
3931.205588 1.118776e-15 1e-20
3931.456805 1.121571e-15 1e-20
3931.708022 1.129608e-15 1e-20
3931.959239 1.144344e-15 1e-20
3932.210455 1.164189e-15 1e-20
3932.461672 1.161515e-15 1e-20
3932.712889 1.144673e-15 1e-20
3932.964106 1.1525e-15 1e-20
3933.215323 1.168735e-15 1e-20
3933.46654 1.14494e-15 1e-20
3933.717757 1.084855e-15 1e-20
3933.968974 1.039529e-15 1e-20
3934.220191 1.044213e-15 1e-20
3934.471408 1.098708e-15 1e-20
3934.722625 1.152054e-15 1e-20
3934.973842 1.163615e-15 1e-20
3935.225059 1.176636e-15 1e-20
3935.476276 1.202425e-15 1e-20
3935.727493 1.198363e-15 1e-20
3935.97871 1.174804e-15 1e-20
3936.229926 1.174585e-15 1e-20
3936.481143 1.179591e-15 1e-20
3936.73236 1.186425e-15 1e-20
3936.983577 1.229636e-15 1e-20
3937.234794 1.246062e-15 1e-20
3937.486011 1.233061e-15 1e-20
3937.737228 1.235035e-15 1e-20
3937.988445 1.215118e-15 1e-20
3938.239662 1.201117e-15 1e-20
3938.490879 1.226974e-15 1e-20
3938.742096 1.252225e-15 1e-20
3938.993313 1.25411e-15 1e-20
3939.24453 1.251503e-15 1e-20
3939.495747 1.25622e-15 1e-20
3939.746964 1.235897e-15 1e-20
3939.998181 1.235748e-15 1e-20
3940.249397 1.266025e-15 1e-20
3940.500614 1.276518e-15 1e-20
3940.751831 1.266272e-15 1e-20
3941.003048 1.272505e-15 1e-20
3941.254265 1.267682e-15 1e-20
3941.505482 1.259011e-15 1e-20
3941.756699 1.2712e-15 1e-20
3942.007916 1.288151e-15 1e-20
3942.259133 1.349957e-15 1e-20
3942.51035 1.33523e-15 1e-20
3942.761567 1.320981e-15 1e-20
3943.012784 1.341673e-15 1e-20
3943.264001 1.368155e-15 1e-20
3943.515218 1.361042e-15 1e-20
3943.766435 1.33529e-15 1e-20
3944.017652 1.330453e-15 1e-20
3944.268868 1.348242e-15 1e-20
3944.520085 1.350437e-15 1e-20
3944.771302 1.352457e-15 1e-20
3945.022519 1.361161e-15 1e-20
3945.273736 1.366e-15 1e-20
3945.524953 1.365397e-15 1e-20
3945.77617 1.381281e-15 1e-20
3946.027387 1.388688e-15 1e-20
3946.278604 1.390907e-15 1e-20
3946.529821 1.394621e-15 1e-20
3946.781038 1.396812e-15 1e-20
3947.032255 1.390708e-15 1e-20
3947.283472 1.409215e-15 1e-20
3947.534689 1.434039e-15 1e-20
3947.785906 1.435329e-15 1e-20
3948.037123 1.414293e-15 1e-20
3948.288339 1.393461e-15 1e-20
3948.539556 1.39202e-15 1e-20
3948.790773 1.421906e-15 1e-20
3949.04199 1.408821e-15 1e-20
3949.293207 1.407124e-15 1e-20
3949.544424 1.452604e-15 1e-20
3949.795641 1.442688e-15 1e-20
3950.046858 1.436031e-15 1e-20
3950.298075 1.409224e-15 1e-20
3950.549292 1.388364e-15 1e-20
3950.800509 1.410967e-15 1e-20
3951.051726 1.437373e-15 1e-20
3951.302943 1.462248e-15 1e-20
3951.55416 1.464695e-15 1e-20
3951.805377 1.448113e-15 1e-20
3952.056594 1.423781e-15 1e-20
3952.30781 1.41514e-15 1e-20
3952.559027 1.433748e-15 1e-20
3952.810244 1.445628e-15 1e-20
3953.061461 1.456369e-15 1e-20
3953.312678 1.448062e-15 1e-20
3953.563895 1.425838e-15 1e-20
3953.815112 1.431479e-15 1e-20
3954.066329 1.43188e-15 1e-20
3954.317546 1.417941e-15 1e-20
3954.568763 1.418317e-15 1e-20
3954.81998 1.416637e-15 1e-20
3955.071197 1.427709e-15 1e-20
3955.322414 1.469366e-15 1e-20
3955.573631 1.485648e-15 1e-20
3955.824848 1.47029e-15 1e-20
3956.076065 1.456799e-15 1e-20
3956.327281 1.451085e-15 1e-20
3956.578498 1.444966e-15 1e-20
3956.829715 1.458491e-15 1e-20
3957.080932 1.451033e-15 1e-20
3957.332149 1.431883e-15 1e-20
3957.583366 1.426311e-15 1e-20
3957.834583 1.426475e-15 1e-20
3958.0858 1.427168e-15 1e-20
3958.337017 1.415565e-15 1e-20
3958.588234 1.416273e-15 1e-20
3958.839451 1.433523e-15 1e-20
3959.090668 1.447445e-15 1e-20
3959.341885 1.460404e-15 1e-20
3959.593102 1.463484e-15 1e-20
3959.844319 1.469752e-15 1e-20
3960.095536 1.462528e-15 1e-20
3960.346752 1.428385e-15 1e-20
3960.597969 1.404101e-15 1e-20
3960.849186 1.432741e-15 1e-20
3961.100403 1.438907e-15 1e-20
3961.35162 1.43342e-15 1e-20
3961.602837 1.432933e-15 1e-20
3961.854054 1.442244e-15 1e-20
3962.105271 1.466357e-15 1e-20
3962.356488 1.455803e-15 1e-20
3962.607705 1.422389e-15 1e-20
3962.858922 1.398383e-15 1e-20
3963.110139 1.39287e-15 1e-20
3963.361356 1.410814e-15 1e-20
3963.612573 1.439275e-15 1e-20
3963.86379 1.457238e-15 1e-20
3964.115007 1.453003e-15 1e-20
3964.366223 1.431795e-15 1e-20
3964.61744 1.42069e-15 1e-20
3964.868657 1.422655e-15 1e-20
3965.119874 1.430475e-15 1e-20
3965.371091 1.426341e-15 1e-20
3965.622308 1.41737e-15 1e-20
3965.873525 1.418693e-15 1e-20
3966.124742 1.432374e-15 1e-20
3966.375959 1.44714e-15 1e-20
3966.627176 1.456195e-15 1e-20
3966.878393 1.453729e-15 1e-20
3967.12961 1.429779e-15 1e-20
3967.380827 1.391625e-15 1e-20
3967.632044 1.377747e-15 1e-20
3967.883261 1.403244e-15 1e-20
3968.134478 1.416179e-15 1e-20
3968.385694 1.392432e-15 1e-20
3968.636911 1.356853e-15 1e-20
3968.888128 1.350832e-15 1e-20
3969.139345 1.373492e-15 1e-20
3969.390562 1.400819e-15 1e-20
3969.641779 1.411792e-15 1e-20
3969.892996 1.409869e-15 1e-20
3970.144213 1.404371e-15 1e-20
3970.39543 1.404203e-15 1e-20
3970.646647 1.449651e-15 1e-20
3970.897864 1.46457e-15 1e-20
3971.149081 1.452612e-15 1e-20
3971.400298 1.449886e-15 1e-20
3971.651515 1.445403e-15 1e-20
3971.902732 1.43987e-15 1e-20
3972.153949 1.437034e-15 1e-20
3972.405165 1.44004e-15 1e-20
3972.656382 1.44522e-15 1e-20
3972.907599 1.432146e-15 1e-20
3973.158816 1.393504e-15 1e-20
3973.410033 1.40835e-15 1e-20
3973.66125 1.460422e-15 1e-20
3973.912467 1.481075e-15 1e-20
3974.163684 1.463398e-15 1e-20
3974.414901 1.426162e-15 1e-20
3974.666118 1.418969e-15 1e-20
3974.917335 1.43071e-15 1e-20
3975.168552 1.430786e-15 1e-20
3975.419769 1.440194e-15 1e-20
3975.670986 1.47187e-15 1e-20
3975.922203 1.473044e-15 1e-20
3976.17342 1.468544e-15 1e-20
3976.424636 1.468361e-15 1e-20
3976.675853 1.463111e-15 1e-20
3976.92707 1.467029e-15 1e-20
3977.178287 1.483475e-15 1e-20
3977.429504 1.491375e-15 1e-20
3977.680721 1.475691e-15 1e-20
3977.931938 1.453693e-15 1e-20
3978.183155 1.441166e-15 1e-20
3978.434372 1.456647e-15 1e-20
3978.685589 1.476847e-15 1e-20
3978.936806 1.489171e-15 1e-20
3979.188023 1.478337e-15 1e-20
3979.43924 1.464897e-15 1e-20
3979.690457 1.467355e-15 1e-20
3979.941674 1.476091e-15 1e-20
3980.192891 1.477643e-15 1e-20
3980.444107 1.471378e-15 1e-20
3980.695324 1.473078e-15 1e-20
3980.946541 1.501078e-15 1e-20
3981.197758 1.539167e-15 1e-20
3981.448975 1.534151e-15 1e-20
3981.700192 1.487476e-15 1e-20
3981.951409 1.461327e-15 1e-20
3982.202626 1.46907e-15 1e-20
3982.453843 1.48282e-15 1e-20
3982.70506 1.483481e-15 1e-20
3982.956277 1.485634e-15 1e-20
3983.207494 1.481748e-15 1e-20
3983.458711 1.490711e-15 1e-20
3983.709928 1.510374e-15 1e-20
3983.961145 1.529362e-15 1e-20
3984.212362 1.521563e-15 1e-20
3984.463578 1.496329e-15 1e-20
3984.714795 1.498241e-15 1e-20
3984.966012 1.515767e-15 1e-20
3985.217229 1.513798e-15 1e-20
3985.468446 1.50671e-15 1e-20
3985.719663 1.506624e-15 1e-20
3985.97088 1.516351e-15 1e-20
3986.222097 1.519994e-15 1e-20
3986.473314 1.51901e-15 1e-20
3986.724531 1.52556e-15 1e-20
3986.975748 1.531615e-15 1e-20
3987.226965 1.518578e-15 1e-20
3987.478182 1.499417e-15 1e-20
3987.729399 1.513669e-15 1e-20
3987.980616 1.53651e-15 1e-20
3988.231833 1.546611e-15 1e-20
3988.483049 1.548041e-15 1e-20
3988.734266 1.544831e-15 1e-20
3988.985483 1.539176e-15 1e-20
3989.2367 1.551292e-15 1e-20
3989.487917 1.570047e-15 1e-20
3989.739134 1.565855e-15 1e-20
3989.990351 1.525645e-15 1e-20
3990.241568 1.502345e-15 1e-20
3990.492785 1.519141e-15 1e-20
3990.744002 1.542254e-15 1e-20
3990.995219 1.542051e-15 1e-20
3991.246436 1.522296e-15 1e-20
3991.497653 1.502901e-15 1e-20
3991.74887 1.499319e-15 1e-20
3992.000087 1.508664e-15 1e-20
3992.251304 1.524136e-15 1e-20
3992.50252 1.534201e-15 1e-20
3992.753737 1.546466e-15 1e-20
3993.004954 1.558611e-15 1e-20
3993.256171 1.547388e-15 1e-20
3993.507388 1.528575e-15 1e-20
3993.758605 1.511214e-15 1e-20
3994.009822 1.518435e-15 1e-20
3994.261039 1.543642e-15 1e-20
3994.512256 1.54755e-15 1e-20
3994.763473 1.532971e-15 1e-20
3995.01469 1.545239e-15 1e-20
3995.265907 1.569086e-15 1e-20
3995.517124 1.570488e-15 1e-20
3995.768341 1.561963e-15 1e-20
3996.019558 1.551632e-15 1e-20
3996.270775 1.54449e-15 1e-20
3996.521991 1.540549e-15 1e-20
3996.773208 1.535527e-15 1e-20
3997.024425 1.528035e-15 1e-20
3997.275642 1.515911e-15 1e-20
3997.526859 1.513172e-15 1e-20
3997.778076 1.515446e-15 1e-20
3998.029293 1.519696e-15 1e-20
3998.28051 1.532793e-15 1e-20
3998.531727 1.538473e-15 1e-20
3998.782944 1.530694e-15 1e-20
3999.034161 1.533255e-15 1e-20
3999.285378 1.529989e-15 1e-20
3999.536595 1.516599e-15 1e-20
3999.787812 1.509507e-15 1e-20
4000.039029 1.506127e-15 1e-20
4000.290246 1.498128e-15 1e-20
4000.541462 1.483033e-15 1e-20
4000.792679 1.471276e-15 1e-20
4001.043896 1.487422e-15 1e-20
4001.295113 1.503362e-15 1e-20
4001.54633 1.504357e-15 1e-20
4001.797547 1.501509e-15 1e-20
4002.048764 1.496902e-15 1e-20
4002.299981 1.489646e-15 1e-20
4002.551198 1.48207e-15 1e-20
4002.802415 1.489317e-15 1e-20
4003.053632 1.493941e-15 1e-20
4003.304849 1.471505e-15 1e-20
4003.556066 1.446041e-15 1e-20
4003.807283 1.450023e-15 1e-20
4004.0585 1.457146e-15 1e-20
4004.309717 1.451389e-15 1e-20
4004.560933 1.440699e-15 1e-20
4004.81215 1.427782e-15 1e-20
4005.063367 1.428842e-15 1e-20
4005.314584 1.444304e-15 1e-20
4005.565801 1.45016e-15 1e-20
4005.817018 1.440315e-15 1e-20
4006.068235 1.432088e-15 1e-20
4006.319452 1.441554e-15 1e-20
4006.570669 1.43045e-15 1e-20
4006.821886 1.399695e-15 1e-20
4007.073103 1.385109e-15 1e-20
4007.32432 1.416064e-15 1e-20
4007.575537 1.431057e-15 1e-20
4007.826754 1.403575e-15 1e-20
4008.077971 1.385135e-15 1e-20
4008.329188 1.388426e-15 1e-20
4008.580404 1.382294e-15 1e-20
4008.831621 1.384069e-15 1e-20
4009.082838 1.41393e-15 1e-20
4009.334055 1.415175e-15 1e-20
4009.585272 1.406787e-15 1e-20
4009.836489 1.419264e-15 1e-20
4010.087706 1.422649e-15 1e-20
4010.338923 1.388421e-15 1e-20
4010.59014 1.357857e-15 1e-20
4010.841357 1.349512e-15 1e-20
4011.092574 1.347367e-15 1e-20
4011.343791 1.351531e-15 1e-20
4011.595008 1.348157e-15 1e-20
4011.846225 1.325001e-15 1e-20
4012.097442 1.30973e-15 1e-20
4012.348659 1.321357e-15 1e-20
4012.599875 1.3359e-15 1e-20
4012.851092 1.334497e-15 1e-20
4013.102309 1.328237e-15 1e-20
4013.353526 1.340531e-15 1e-20
4013.604743 1.328892e-15 1e-20
4013.85596 1.316213e-15 1e-20
4014.107177 1.322578e-15 1e-20
4014.358394 1.308968e-15 1e-20
4014.609611 1.302181e-15 1e-20
4014.860828 1.304396e-15 1e-20
4015.112045 1.31738e-15 1e-20
4015.363262 1.317376e-15 1e-20
4015.614479 1.286715e-15 1e-20
4015.865696 1.277682e-15 1e-20
4016.116913 1.308396e-15 1e-20
4016.36813 1.320546e-15 1e-20
4016.619346 1.299536e-15 1e-20
4016.870563 1.290339e-15 1e-20
4017.12178 1.281946e-15 1e-20
4017.372997 1.281107e-15 1e-20
4017.624214 1.283899e-15 1e-20
4017.875431 1.271334e-15 1e-20
4018.126648 1.242086e-15 1e-20
4018.377865 1.240509e-15 1e-20
4018.629082 1.258083e-15 1e-20
4018.880299 1.255713e-15 1e-20
4019.131516 1.251086e-15 1e-20
4019.382733 1.237825e-15 1e-20
4019.63395 1.217017e-15 1e-20
4019.885167 1.212789e-15 1e-20
4020.136384 1.210954e-15 1e-20
4020.387601 1.213254e-15 1e-20
4020.638817 1.21124e-15 1e-20
4020.890034 1.224655e-15 1e-20
4021.141251 1.228752e-15 1e-20
4021.392468 1.223027e-15 1e-20
4021.643685 1.218956e-15 1e-20
4021.894902 1.212432e-15 1e-20
4022.146119 1.202907e-15 1e-20
4022.397336 1.198374e-15 1e-20
4022.648553 1.18836e-15 1e-20
4022.89977 1.193843e-15 1e-20
4023.150987 1.202312e-15 1e-20
4023.402204 1.203558e-15 1e-20
4023.653421 1.195148e-15 1e-20
4023.904638 1.174358e-15 1e-20
4024.155855 1.162535e-15 1e-20
4024.407072 1.1864e-15 1e-20
4024.658288 1.194197e-15 1e-20
4024.909505 1.166579e-15 1e-20
4025.160722 1.14595e-15 1e-20
4025.411939 1.155534e-15 1e-20
4025.663156 1.166644e-15 1e-20
4025.914373 1.172482e-15 1e-20
4026.16559 1.160564e-15 1e-20
4026.416807 1.147397e-15 1e-20
4026.668024 1.141092e-15 1e-20
4026.919241 1.144453e-15 1e-20
4027.170458 1.151613e-15 1e-20
4027.421675 1.147724e-15 1e-20
4027.672892 1.139699e-15 1e-20
4027.924109 1.148095e-15 1e-20
4028.175326 1.160277e-15 1e-20
4028.426543 1.155946e-15 1e-20
4028.677759 1.128975e-15 1e-20
4028.928976 1.103458e-15 1e-20
4029.180193 1.104299e-15 1e-20
4029.43141 1.129006e-15 1e-20
4029.682627 1.144335e-15 1e-20
4029.933844 1.150226e-15 1e-20
4030.185061 1.139349e-15 1e-20
4030.436278 1.125921e-15 1e-20
4030.687495 1.112122e-15 1e-20
4030.938712 1.11618e-15 1e-20
4031.189929 1.116805e-15 1e-20
4031.441146 1.11401e-15 1e-20
4031.692363 1.112324e-15 1e-20
4031.94358 1.107128e-15 1e-20
4032.194797 1.117784e-15 1e-20
4032.446014 1.122726e-15 1e-20
4032.69723 1.111192e-15 1e-20
4032.948447 1.087892e-15 1e-20
4033.199664 1.07918e-15 1e-20
4033.450881 1.091276e-15 1e-20
4033.702098 1.093766e-15 1e-20
4033.953315 1.082438e-15 1e-20
4034.204532 1.092322e-15 1e-20
4034.455749 1.104231e-15 1e-20
4034.706966 1.098529e-15 1e-20
4034.958183 1.078025e-15 1e-20
4035.2094 1.05866e-15 1e-20
4035.460617 1.05538e-15 1e-20
4035.711834 1.07178e-15 1e-20
4035.963051 1.094857e-15 1e-20
4036.214268 1.0892e-15 1e-20
4036.465485 1.070556e-15 1e-20
4036.716701 1.072456e-15 1e-20
4036.967918 1.071935e-15 1e-20
4037.219135 1.058135e-15 1e-20
4037.470352 1.049621e-15 1e-20
4037.721569 1.041849e-15 1e-20
4037.972786 1.046197e-15 1e-20
4038.224003 1.046639e-15 1e-20
4038.47522 1.054841e-15 1e-20
4038.726437 1.078877e-15 1e-20
4038.977654 1.075308e-15 1e-20
4039.228871 1.042477e-15 1e-20
4039.480088 1.019429e-15 1e-20
4039.731305 1.021662e-15 1e-20
4039.982522 1.034103e-15 1e-20
4040.233739 1.036382e-15 1e-20
4040.484956 1.049699e-15 1e-20
4040.736172 1.044101e-15 1e-20
4040.987389 1.041986e-15 1e-20
4041.238606 1.039329e-15 1e-20
4041.489823 1.03214e-15 1e-20
4041.74104 1.052653e-15 1e-20
4041.992257 1.06358e-15 1e-20
4042.243474 1.066531e-15 1e-20
4042.494691 1.054376e-15 1e-20
4042.745908 1.043731e-15 1e-20
4042.997125 1.030864e-15 1e-20
4043.248342 1.017181e-15 1e-20
4043.499559 1.039939e-15 1e-20
4043.750776 1.045525e-15 1e-20
4044.001993 1.037124e-15 1e-20
4044.25321 1.025944e-15 1e-20
4044.504427 1.038671e-15 1e-20
4044.755643 1.042201e-15 1e-20
4045.00686 1.022035e-15 1e-20
4045.258077 1.02197e-15 1e-20
4045.509294 1.036515e-15 1e-20
4045.760511 1.033893e-15 1e-20
4046.011728 1.031246e-15 1e-20
4046.262945 1.034038e-15 1e-20
4046.514162 1.023104e-15 1e-20
4046.765379 1.015366e-15 1e-20
4047.016596 1.025165e-15 1e-20
4047.267813 1.033847e-15 1e-20
4047.51903 1.031536e-15 1e-20
4047.770247 1.030136e-15 1e-20
4048.021464 1.028736e-15 1e-20
4048.272681 1.027336e-15 1e-20
4048.523898 1.025936e-15 1e-20
4048.775115 1.024536e-15 1e-20
4049.026331 1.023136e-15 1e-20
4049.277548 1.021737e-15 1e-20
4049.528765 1.020337e-15 1e-20
4049.779982 1.013683e-15 1e-20
4050.031199 1.016518e-15 1e-20
4050.282416 1.005007e-15 1e-20
4050.533633 1.011709e-15 1e-20
4050.78485 1.020183e-15 1e-20
4051.036067 9.913835e-16 1e-20
4051.287284 9.732838e-16 1e-20
4051.538501 9.86469e-16 1e-20
4051.789718 1.004966e-15 1e-20
4052.040935 1.014602e-15 1e-20
4052.292152 1.016887e-15 1e-20
4052.543369 1.0052e-15 1e-20
4052.794586 9.843461e-16 1e-20
4053.045802 1.010353e-15 1e-20
4053.297019 9.891744e-16 1e-20
4053.548236 9.710201e-16 1e-20
4053.799453 9.78674e-16 1e-20
4054.05067 9.869521e-16 1e-20
4054.301887 9.801364e-16 1e-20
4054.553104 1.012564e-15 1e-20
4054.804321 1.024925e-15 1e-20
4055.055538 9.909929e-16 1e-20
4055.306755 9.612913e-16 1e-20
4055.557972 9.630043e-16 1e-20
4055.809189 9.622004e-16 1e-20
4056.060406 9.604699e-16 1e-20
4056.311623 9.684353e-16 1e-20
4056.56284 9.83563e-16 1e-20
4056.814057 9.959752e-16 1e-20
4057.065273 9.995313e-16 1e-20
4057.31649 9.835364e-16 1e-20
4057.567707 9.819589e-16 1e-20
4057.818924 9.902973e-16 1e-20
4058.070141 9.817326e-16 1e-20
4058.321358 9.73999e-16 1e-20
4058.572575 9.852393e-16 1e-20
4058.823792 9.792854e-16 1e-20
4059.075009 9.672392e-16 1e-20
4059.326226 9.706165e-16 1e-20
4059.577443 9.776325e-16 1e-20
4059.82866 9.831634e-16 1e-20
4060.079877 9.817948e-16 1e-20
4060.331094 9.83916e-16 1e-20
4060.582311 9.891043e-16 1e-20
4060.833528 9.863862e-16 1e-20
4061.084744 9.767014e-16 1e-20
4061.335961 9.688545e-16 1e-20
4061.587178 9.612301e-16 1e-20
4061.838395 9.659591e-16 1e-20
4062.089612 9.760223e-16 1e-20
4062.340829 9.720714e-16 1e-20
4062.592046 9.767325e-16 1e-20
4062.843263 9.804815e-16 1e-20
4063.09448 9.76644e-16 1e-20
4063.345697 9.774277e-16 1e-20
4063.596914 9.82843e-16 1e-20
4063.848131 9.738842e-16 1e-20
4064.099348 9.777562e-16 1e-20
4064.350565 9.787247e-16 1e-20
4064.601782 9.78689e-16 1e-20
4064.852999 9.848444e-16 1e-20
4065.104215 9.881306e-16 1e-20
4065.355432 9.93198e-16 1e-20
4065.606649 9.861704e-16 1e-20
4065.857866 9.838065e-16 1e-20
4066.109083 9.974469e-16 1e-20
4066.3603 1.006932e-15 1e-20
4066.611517 9.891879e-16 1e-20
4066.862734 9.576034e-16 1e-20
4067.113951 9.50934e-16 1e-20
4067.365168 9.675113e-16 1e-20
4067.616385 9.741262e-16 1e-20
4067.867602 9.646477e-16 1e-20
4068.118819 9.746501e-16 1e-20
4068.370036 9.918934e-16 1e-20
4068.621253 9.937469e-16 1e-20
4068.87247 9.846411e-16 1e-20
4069.123686 9.840853e-16 1e-20
4069.374903 9.889979e-16 1e-20
4069.62612 9.77241e-16 1e-20
4069.877337 9.870192e-16 1e-20
4070.128554 1.005982e-15 1e-20
4070.379771 1.004885e-15 1e-20
4070.630988 9.989025e-16 1e-20
4070.882205 9.870206e-16 1e-20
4071.133422 9.834974e-16 1e-20
4071.384639 9.87983e-16 1e-20
4071.635856 9.889283e-16 1e-20
4071.887073 9.86665e-16 1e-20
4072.13829 9.941137e-16 1e-20
4072.389507 9.982563e-16 1e-20
4072.640724 9.9287e-16 1e-20
4072.891941 9.851576e-16 1e-20
4073.143157 9.884036e-16 1e-20
4073.394374 1.00391e-15 1e-20
4073.645591 1.010489e-15 1e-20
4073.896808 1.016721e-15 1e-20
4074.148025 1.028231e-15 1e-20
4074.399242 1.033328e-15 1e-20
4074.650459 1.022643e-15 1e-20
4074.901676 1.009569e-15 1e-20
4075.152893 1.008658e-15 1e-20
4075.40411 1.019351e-15 1e-20
4075.655327 1.030712e-15 1e-20
4075.906544 1.038549e-15 1e-20
4076.157761 1.04549e-15 1e-20
4076.408978 1.0396e-15 1e-20
4076.660195 1.018846e-15 1e-20
4076.911412 1.005953e-15 1e-20
4077.162628 1.009496e-15 1e-20
4077.413845 1.012685e-15 1e-20
4077.665062 1.012018e-15 1e-20
4077.916279 1.024396e-15 1e-20
4078.167496 1.037315e-15 1e-20
4078.418713 1.036409e-15 1e-20
4078.66993 1.029862e-15 1e-20
4078.921147 1.031599e-15 1e-20
4079.172364 1.030943e-15 1e-20
4079.423581 1.025937e-15 1e-20
4079.674798 1.017181e-15 1e-20
4079.926015 1.013195e-15 1e-20
4080.177232 1.022547e-15 1e-20
4080.428449 1.031729e-15 1e-20
4080.679666 1.02072e-15 1e-20
4080.930883 1.014525e-15 1e-20
4081.182099 1.018078e-15 1e-20
4081.433316 1.028296e-15 1e-20
4081.684533 1.060561e-15 1e-20
4081.93575 1.068789e-15 1e-20
4082.186967 1.035061e-15 1e-20
4082.438184 1.008505e-15 1e-20
4082.689401 1.022014e-15 1e-20
4082.940618 1.041042e-15 1e-20
4083.191835 1.033439e-15 1e-20
4083.443052 1.037237e-15 1e-20
4083.694269 1.041044e-15 1e-20
4083.945486 1.042739e-15 1e-20
4084.196703 1.052741e-15 1e-20
4084.44792 1.053867e-15 1e-20
4084.699137 1.059845e-15 1e-20
4084.950354 1.042755e-15 1e-20
4085.20157 1.028526e-15 1e-20
4085.452787 1.039818e-15 1e-20
4085.704004 1.05293e-15 1e-20
4085.955221 1.072233e-15 1e-20
4086.206438 1.076426e-15 1e-20
4086.457655 1.078924e-15 1e-20
4086.708872 1.078366e-15 1e-20
4086.960089 1.065273e-15 1e-20
4087.211306 1.063075e-15 1e-20
4087.462523 1.067687e-15 1e-20
4087.71374 1.061712e-15 1e-20
4087.964957 1.04646e-15 1e-20
4088.216174 1.040615e-15 1e-20
4088.467391 1.055012e-15 1e-20
4088.718608 1.076284e-15 1e-20
4088.969825 1.081992e-15 1e-20
4089.221041 1.087531e-15 1e-20
4089.472258 1.100173e-15 1e-20
4089.723475 1.103762e-15 1e-20
4089.974692 1.094674e-15 1e-20
4090.225909 1.082766e-15 1e-20
4090.477126 1.082983e-15 1e-20
4090.728343 1.09418e-15 1e-20
4090.97956 1.105765e-15 1e-20
4091.230777 1.110277e-15 1e-20
4091.481994 1.102938e-15 1e-20
4091.733211 1.1016e-15 1e-20
4091.984428 1.11433e-15 1e-20
4092.235645 1.120058e-15 1e-20
4092.486862 1.104887e-15 1e-20
4092.738079 1.097943e-15 1e-20
4092.989296 1.113775e-15 1e-20
4093.240512 1.133059e-15 1e-20
4093.491729 1.131724e-15 1e-20
4093.742946 1.110597e-15 1e-20
4093.994163 1.093991e-15 1e-20
4094.24538 1.098427e-15 1e-20
4094.496597 1.114085e-15 1e-20
4094.747814 1.127343e-15 1e-20
4094.999031 1.134346e-15 1e-20
4095.250248 1.137354e-15 1e-20
4095.501465 1.138175e-15 1e-20
4095.752682 1.143862e-15 1e-20
4096.003899 1.143316e-15 1e-20
4096.255116 1.138637e-15 1e-20
4096.506333 1.143192e-15 1e-20
4096.75755 1.15435e-15 1e-20
4097.008767 1.155507e-15 1e-20
4097.259983 1.158657e-15 1e-20
4097.5112 1.151516e-15 1e-20
4097.762417 1.14439e-15 1e-20
4098.013634 1.137249e-15 1e-20
4098.264851 1.130122e-15 1e-20
4098.516068 1.122981e-15 1e-20
4098.767285 1.115854e-15 1e-20
4099.018502 1.108714e-15 1e-20
4099.269719 1.168346e-15 1e-20
4099.520936 1.172655e-15 1e-20
4099.772153 1.169977e-15 1e-20
4100.02337 1.151814e-15 1e-20
4100.274587 1.140732e-15 1e-20
4100.525804 1.147185e-15 1e-20
4100.777021 1.147415e-15 1e-20
4101.028238 1.146462e-15 1e-20
4101.279454 1.150603e-15 1e-20
4101.530671 1.146465e-15 1e-20
4101.781888 1.147532e-15 1e-20
4102.033105 1.162687e-15 1e-20
4102.284322 1.16133e-15 1e-20
4102.535539 1.149857e-15 1e-20
4102.786756 1.150356e-15 1e-20
4103.037973 1.161526e-15 1e-20
4103.28919 1.168252e-15 1e-20
4103.540407 1.166195e-15 1e-20
4103.791624 1.16532e-15 1e-20
4104.042841 1.179824e-15 1e-20
4104.294058 1.186937e-15 1e-20
4104.545275 1.176496e-15 1e-20
4104.796492 1.165194e-15 1e-20
4105.047709 1.171591e-15 1e-20
4105.298925 1.212353e-15 1e-20
4105.550142 1.232478e-15 1e-20
4105.801359 1.218791e-15 1e-20
4106.052576 1.209209e-15 1e-20
4106.303793 1.216936e-15 1e-20
4106.55501 1.206378e-15 1e-20
4106.806227 1.200566e-15 1e-20
4107.057444 1.200014e-15 1e-20
4107.308661 1.206077e-15 1e-20
4107.559878 1.223113e-15 1e-20
4107.811095 1.233839e-15 1e-20
4108.062312 1.235596e-15 1e-20
4108.313529 1.243041e-15 1e-20
4108.564746 1.253003e-15 1e-20
4108.815963 1.250723e-15 1e-20
4109.06718 1.237354e-15 1e-20
4109.318396 1.231959e-15 1e-20
4109.569613 1.238102e-15 1e-20
4109.82083 1.245542e-15 1e-20
4110.072047 1.241064e-15 1e-20
4110.323264 1.223356e-15 1e-20
4110.574481 1.209025e-15 1e-20
4110.825698 1.215227e-15 1e-20
4111.076915 1.234316e-15 1e-20
4111.328132 1.247807e-15 1e-20
4111.579349 1.248919e-15 1e-20
4111.830566 1.24814e-15 1e-20
4112.081783 1.256001e-15 1e-20
4112.333 1.265122e-15 1e-20
4112.584217 1.254444e-15 1e-20
4112.835434 1.238178e-15 1e-20
4113.086651 1.24994e-15 1e-20
4113.337867 1.277143e-15 1e-20
4113.589084 1.274652e-15 1e-20
4113.840301 1.26943e-15 1e-20
4114.091518 1.274602e-15 1e-20
4114.342735 1.268017e-15 1e-20
4114.593952 1.244678e-15 1e-20
4114.845169 1.234664e-15 1e-20
4115.096386 1.243221e-15 1e-20
4115.347603 1.265539e-15 1e-20
4115.59882 1.282744e-15 1e-20
4115.850037 1.276913e-15 1e-20
4116.101254 1.264664e-15 1e-20
4116.352471 1.283953e-15 1e-20
4116.603688 1.289509e-15 1e-20
4116.854905 1.269045e-15 1e-20
4117.106122 1.258487e-15 1e-20
4117.357338 1.268952e-15 1e-20
4117.608555 1.278075e-15 1e-20
4117.859772 1.274316e-15 1e-20
4118.110989 1.272104e-15 1e-20
4118.362206 1.266993e-15 1e-20
4118.613423 1.248989e-15 1e-20
4118.86464 1.248377e-15 1e-20
4119.115857 1.258264e-15 1e-20
4119.367074 1.270159e-15 1e-20
4119.618291 1.285774e-15 1e-20
4119.869508 1.293245e-15 1e-20
4120.120725 1.273112e-15 1e-20
4120.371942 1.253852e-15 1e-20
4120.623159 1.25392e-15 1e-20
4120.874376 1.258841e-15 1e-20
4121.125593 1.265931e-15 1e-20
4121.376809 1.282493e-15 1e-20
4121.628026 1.282399e-15 1e-20
4121.879243 1.269071e-15 1e-20
4122.13046 1.265197e-15 1e-20
4122.381677 1.276846e-15 1e-20
4122.632894 1.279266e-15 1e-20
4122.884111 1.25651e-15 1e-20
4123.135328 1.25407e-15 1e-20
4123.386545 1.262717e-15 1e-20
4123.637762 1.262026e-15 1e-20
4123.888979 1.25363e-15 1e-20
4124.140196 1.248077e-15 1e-20
4124.391413 1.24549e-15 1e-20
4124.64263 1.262238e-15 1e-20
4124.893847 1.265659e-15 1e-20
4125.145064 1.253787e-15 1e-20
4125.39628 1.258067e-15 1e-20
4125.647497 1.274061e-15 1e-20
4125.898714 1.271401e-15 1e-20
4126.149931 1.260659e-15 1e-20
4126.401148 1.26815e-15 1e-20
4126.652365 1.288234e-15 1e-20
4126.903582 1.287712e-15 1e-20
4127.154799 1.262754e-15 1e-20
4127.406016 1.251012e-15 1e-20
4127.657233 1.261863e-15 1e-20
4127.90845 1.277735e-15 1e-20
4128.159667 1.2795e-15 1e-20
4128.410884 1.264617e-15 1e-20
4128.662101 1.253938e-15 1e-20
4128.913318 1.250438e-15 1e-20
4129.164535 1.256929e-15 1e-20
4129.415751 1.262656e-15 1e-20
4129.666968 1.248291e-15 1e-20
4129.918185 1.227897e-15 1e-20
4130.169402 1.222177e-15 1e-20
4130.420619 1.236748e-15 1e-20
4130.671836 1.254974e-15 1e-20
4130.923053 1.258233e-15 1e-20
4131.17427 1.251101e-15 1e-20
4131.425487 1.252129e-15 1e-20
4131.676704 1.252814e-15 1e-20
4131.927921 1.253935e-15 1e-20
4132.179138 1.26762e-15 1e-20
4132.430355 1.286232e-15 1e-20
4132.681572 1.277463e-15 1e-20
4132.932789 1.24944e-15 1e-20
4133.184006 1.244152e-15 1e-20
4133.435222 1.259067e-15 1e-20
4133.686439 1.260524e-15 1e-20
4133.937656 1.255834e-15 1e-20
4134.188873 1.255516e-15 1e-20
4134.44009 1.251478e-15 1e-20
4134.691307 1.24735e-15 1e-20
4134.942524 1.245533e-15 1e-20
4135.193741 1.24019e-15 1e-20
4135.444958 1.247756e-15 1e-20
4135.696175 1.252851e-15 1e-20
4135.947392 1.245836e-15 1e-20
4136.198609 1.243367e-15 1e-20
4136.449826 1.254739e-15 1e-20
4136.701043 1.254785e-15 1e-20
4136.95226 1.24715e-15 1e-20
4137.203477 1.24916e-15 1e-20
4137.454693 1.251973e-15 1e-20
4137.70591 1.244549e-15 1e-20
4137.957127 1.241959e-15 1e-20
4138.208344 1.250189e-15 1e-20
4138.459561 1.247689e-15 1e-20
4138.710778 1.234042e-15 1e-20
4138.961995 1.23129e-15 1e-20
4139.213212 1.247725e-15 1e-20
4139.464429 1.260758e-15 1e-20
4139.715646 1.260979e-15 1e-20
4139.966863 1.262663e-15 1e-20
4140.21808 1.256841e-15 1e-20
4140.469297 1.241653e-15 1e-20
4140.720514 1.243373e-15 1e-20
4140.971731 1.245687e-15 1e-20
4141.222948 1.24646e-15 1e-20
4141.474164 1.246985e-15 1e-20
4141.725381 1.247832e-15 1e-20
4141.976598 1.245169e-15 1e-20
4142.227815 1.232473e-15 1e-20
4142.479032 1.230126e-15 1e-20
4142.730249 1.231668e-15 1e-20
4142.981466 1.239192e-15 1e-20
4143.232683 1.249738e-15 1e-20
4143.4839 1.245415e-15 1e-20
4143.735117 1.255959e-15 1e-20
4143.986334 1.265477e-15 1e-20
4144.237551 1.265419e-15 1e-20
4144.488768 1.264471e-15 1e-20
4144.739985 1.264666e-15 1e-20
4144.991202 1.258342e-15 1e-20
4145.242419 1.257962e-15 1e-20
4145.493635 1.271674e-15 1e-20
4145.744852 1.292322e-15 1e-20
4145.996069 1.302621e-15 1e-20
4146.247286 1.291503e-15 1e-20
4146.498503 1.270071e-15 1e-20
4146.74972 1.259128e-15 1e-20
4147.000937 1.253432e-15 1e-20
4147.252154 1.248244e-15 1e-20
4147.503371 1.251068e-15 1e-20
4147.754588 1.252111e-15 1e-20
4148.005805 1.25363e-15 1e-20
4148.257022 1.251692e-15 1e-20
4148.508239 1.243062e-15 1e-20
4148.759456 1.23924e-15 1e-20
4149.010673 1.254384e-15 1e-20
4149.26189 1.267653e-15 1e-20
4149.513106 1.2622e-15 1e-20
4149.764323 1.253714e-15 1e-20
4150.01554 1.25408e-15 1e-20
4150.266757 1.248171e-15 1e-20
4150.517974 1.234879e-15 1e-20
4150.769191 1.257487e-15 1e-20
4151.020408 1.277377e-15 1e-20
4151.271625 1.263144e-15 1e-20
4151.522842 1.247588e-15 1e-20
4151.774059 1.259588e-15 1e-20
4152.025276 1.261031e-15 1e-20
4152.276493 1.236162e-15 1e-20
4152.52771 1.215031e-15 1e-20
4152.778927 1.218564e-15 1e-20
4153.030144 1.227144e-15 1e-20
4153.281361 1.226359e-15 1e-20
4153.532577 1.232267e-15 1e-20
4153.783794 1.239671e-15 1e-20
4154.035011 1.236394e-15 1e-20
4154.286228 1.224099e-15 1e-20
4154.537445 1.213745e-15 1e-20
4154.788662 1.216804e-15 1e-20
4155.039879 1.220723e-15 1e-20
4155.291096 1.219638e-15 1e-20
4155.542313 1.226384e-15 1e-20
4155.79353 1.244455e-15 1e-20
4156.044747 1.244827e-15 1e-20
4156.295964 1.236158e-15 1e-20
4156.547181 1.227337e-15 1e-20
4156.798398 1.221533e-15 1e-20
4157.049615 1.215466e-15 1e-20
4157.300832 1.198667e-15 1e-20
4157.552048 1.180947e-15 1e-20
4157.803265 1.185987e-15 1e-20
4158.054482 1.201783e-15 1e-20
4158.305699 1.201379e-15 1e-20
4158.556916 1.187793e-15 1e-20
4158.808133 1.183316e-15 1e-20
4159.05935 1.193902e-15 1e-20
4159.310567 1.206972e-15 1e-20
4159.561784 1.205947e-15 1e-20
4159.813001 1.19716e-15 1e-20
4160.064218 1.203995e-15 1e-20
4160.315435 1.194727e-15 1e-20
4160.566652 1.193944e-15 1e-20
4160.817869 1.21327e-15 1e-20
4161.069086 1.21513e-15 1e-20
4161.320303 1.185074e-15 1e-20
4161.571519 1.194195e-15 1e-20
4161.822736 1.190701e-15 1e-20
4162.073953 1.186422e-15 1e-20
4162.32517 1.193706e-15 1e-20
4162.576387 1.188125e-15 1e-20
4162.827604 1.193624e-15 1e-20
4163.078821 1.193547e-15 1e-20
4163.330038 1.186656e-15 1e-20
4163.581255 1.190576e-15 1e-20
4163.832472 1.199003e-15 1e-20
4164.083689 1.185915e-15 1e-20
4164.334906 1.178989e-15 1e-20
4164.586123 1.173955e-15 1e-20
4164.83734 1.177559e-15 1e-20
4165.088557 1.17909e-15 1e-20
4165.339774 1.164655e-15 1e-20
4165.590991 1.169386e-15 1e-20
4165.842207 1.17315e-15 1e-20
4166.093424 1.167756e-15 1e-20
4166.344641 1.157871e-15 1e-20
4166.595858 1.15596e-15 1e-20
4166.847075 1.166943e-15 1e-20
4167.098292 1.156251e-15 1e-20
4167.349509 1.154751e-15 1e-20
4167.600726 1.159297e-15 1e-20
4167.851943 1.164298e-15 1e-20
4168.10316 1.182221e-15 1e-20
4168.354377 1.183454e-15 1e-20
4168.605594 1.161994e-15 1e-20
4168.856811 1.142662e-15 1e-20
4169.108028 1.144439e-15 1e-20
4169.359245 1.154389e-15 1e-20
4169.610462 1.15217e-15 1e-20
4169.861678 1.161586e-15 1e-20
4170.112895 1.175959e-15 1e-20
4170.364112 1.17081e-15 1e-20
4170.615329 1.14746e-15 1e-20
4170.866546 1.132686e-15 1e-20
4171.117763 1.132008e-15 1e-20
4171.36898 1.133206e-15 1e-20
4171.620197 1.135225e-15 1e-20
4171.871414 1.140786e-15 1e-20
4172.122631 1.146292e-15 1e-20
4172.373848 1.146444e-15 1e-20
4172.625065 1.142706e-15 1e-20
4172.876282 1.139633e-15 1e-20
4173.127499 1.138907e-15 1e-20
4173.378716 1.134471e-15 1e-20
4173.629933 1.127378e-15 1e-20
4173.881149 1.135831e-15 1e-20
4174.132366 1.126905e-15 1e-20
4174.383583 1.128641e-15 1e-20
4174.6348 1.138689e-15 1e-20
4174.886017 1.137869e-15 1e-20
4175.137234 1.161354e-15 1e-20
4175.388451 1.163333e-15 1e-20
4175.639668 1.146913e-15 1e-20
4175.890885 1.133397e-15 1e-20
4176.142102 1.130865e-15 1e-20
4176.393319 1.135767e-15 1e-20
4176.644536 1.139218e-15 1e-20
4176.895753 1.128925e-15 1e-20
4177.14697 1.118065e-15 1e-20
4177.398187 1.117986e-15 1e-20
4177.649404 1.128246e-15 1e-20
4177.90062 1.147258e-15 1e-20
4178.151837 1.149371e-15 1e-20
4178.403054 1.140095e-15 1e-20
4178.654271 1.130265e-15 1e-20
4178.905488 1.123427e-15 1e-20
4179.156705 1.123074e-15 1e-20
4179.407922 1.129166e-15 1e-20
4179.659139 1.126909e-15 1e-20
4179.910356 1.128919e-15 1e-20
4180.161573 1.149202e-15 1e-20
4180.41279 1.163608e-15 1e-20
4180.664007 1.140646e-15 1e-20
4180.915224 1.139661e-15 1e-20
4181.166441 1.134195e-15 1e-20
4181.417658 1.120486e-15 1e-20
4181.668875 1.124595e-15 1e-20
4181.920091 1.135107e-15 1e-20
4182.171308 1.132188e-15 1e-20
4182.422525 1.115316e-15 1e-20
4182.673742 1.119191e-15 1e-20
4182.924959 1.136479e-15 1e-20
4183.176176 1.140198e-15 1e-20
4183.427393 1.160464e-15 1e-20
4183.67861 1.157303e-15 1e-20
4183.929827 1.142328e-15 1e-20
4184.181044 1.133884e-15 1e-20
4184.432261 1.13573e-15 1e-20
4184.683478 1.147924e-15 1e-20
4184.934695 1.147502e-15 1e-20
4185.185912 1.134816e-15 1e-20
4185.437129 1.13727e-15 1e-20
4185.688346 1.152685e-15 1e-20
4185.939562 1.151338e-15 1e-20
4186.190779 1.140934e-15 1e-20
4186.441996 1.144996e-15 1e-20
4186.693213 1.158074e-15 1e-20
4186.94443 1.159077e-15 1e-20
4187.195647 1.143422e-15 1e-20
4187.446864 1.130827e-15 1e-20
4187.698081 1.135939e-15 1e-20
4187.949298 1.145727e-15 1e-20
4188.200515 1.143702e-15 1e-20
4188.451732 1.130992e-15 1e-20
4188.702949 1.122293e-15 1e-20
4188.954166 1.125479e-15 1e-20
4189.205383 1.136255e-15 1e-20
4189.4566 1.150082e-15 1e-20
4189.707817 1.154056e-15 1e-20
4189.959033 1.14767e-15 1e-20
4190.21025 1.146309e-15 1e-20
4190.461467 1.128331e-15 1e-20
4190.712684 1.112751e-15 1e-20
4190.963901 1.10787e-15 1e-20
4191.215118 1.100913e-15 1e-20
4191.466335 1.096252e-15 1e-20
4191.717552 1.124296e-15 1e-20
4191.968769 1.153529e-15 1e-20
4192.219986 1.152974e-15 1e-20
4192.471203 1.130651e-15 1e-20
4192.72242 1.121797e-15 1e-20
4192.973637 1.138528e-15 1e-20
4193.224854 1.135686e-15 1e-20
4193.476071 1.141343e-15 1e-20
4193.727288 1.140993e-15 1e-20
4193.978504 1.140871e-15 1e-20
4194.229721 1.140748e-15 1e-20
4194.480938 1.140626e-15 1e-20
4194.732155 1.140503e-15 1e-20
4194.983372 1.140381e-15 1e-20
4195.234589 1.140258e-15 1e-20
4195.485806 1.140136e-15 1e-20
4195.737023 1.135297e-15 1e-20
4195.98824 1.119126e-15 1e-20
4196.239457 1.110877e-15 1e-20
4196.490674 1.114401e-15 1e-20
4196.741891 1.131128e-15 1e-20
4196.993108 1.146832e-15 1e-20
4197.244325 1.148358e-15 1e-20
4197.495542 1.149589e-15 1e-20
4197.746759 1.151632e-15 1e-20
4197.997975 1.151418e-15 1e-20
4198.249192 1.150057e-15 1e-20
4198.500409 1.145853e-15 1e-20
4198.751626 1.143953e-15 1e-20
4199.002843 1.159294e-15 1e-20
4199.25406 1.172301e-15 1e-20
4199.505277 1.159484e-15 1e-20
4199.756494 1.138377e-15 1e-20
4200.007711 1.140558e-15 1e-20
4200.258928 1.160811e-15 1e-20
4200.510145 1.175089e-15 1e-20
4200.761362 1.167172e-15 1e-20
4201.012579 1.147733e-15 1e-20
4201.263796 1.142854e-15 1e-20
4201.515013 1.143985e-15 1e-20
4201.76623 1.152479e-15 1e-20
4202.017446 1.16599e-15 1e-20
4202.268663 1.167351e-15 1e-20
4202.51988 1.153474e-15 1e-20
4202.771097 1.16317e-15 1e-20
4203.022314 1.172438e-15 1e-20
4203.273531 1.16732e-15 1e-20
4203.524748 1.168848e-15 1e-20
4203.775965 1.188009e-15 1e-20
4204.027182 1.197936e-15 1e-20
4204.278399 1.208046e-15 1e-20
4204.529616 1.209843e-15 1e-20
4204.780833 1.201737e-15 1e-20
4205.03205 1.185118e-15 1e-20
4205.283267 1.164195e-15 1e-20
4205.534484 1.178013e-15 1e-20
4205.785701 1.187575e-15 1e-20
4206.036917 1.187634e-15 1e-20
4206.288134 1.187551e-15 1e-20
4206.539351 1.178875e-15 1e-20
4206.790568 1.173219e-15 1e-20
4207.041785 1.200614e-15 1e-20
4207.293002 1.217047e-15 1e-20
4207.544219 1.192366e-15 1e-20
4207.795436 1.162357e-15 1e-20
4208.046653 1.16767e-15 1e-20
4208.29787 1.174773e-15 1e-20
4208.549087 1.175823e-15 1e-20
4208.800304 1.173631e-15 1e-20
4209.051521 1.176833e-15 1e-20
4209.302738 1.190177e-15 1e-20
4209.553955 1.196674e-15 1e-20
4209.805172 1.186445e-15 1e-20
4210.056388 1.180182e-15 1e-20
4210.307605 1.184004e-15 1e-20
4210.558822 1.189924e-15 1e-20
4210.810039 1.203603e-15 1e-20
4211.061256 1.221345e-15 1e-20
4211.312473 1.209088e-15 1e-20
4211.56369 1.193465e-15 1e-20
4211.814907 1.199251e-15 1e-20
4212.066124 1.202559e-15 1e-20
4212.317341 1.200399e-15 1e-20
4212.568558 1.206819e-15 1e-20
4212.819775 1.204243e-15 1e-20
4213.070992 1.205113e-15 1e-20
4213.322209 1.224644e-15 1e-20
4213.573426 1.229576e-15 1e-20
4213.824643 1.225453e-15 1e-20
4214.075859 1.220552e-15 1e-20
4214.327076 1.22423e-15 1e-20
4214.578293 1.229983e-15 1e-20
4214.82951 1.22438e-15 1e-20
4215.080727 1.222007e-15 1e-20
4215.331944 1.229296e-15 1e-20
4215.583161 1.241514e-15 1e-20
4215.834378 1.231039e-15 1e-20
4216.085595 1.205032e-15 1e-20
4216.336812 1.214833e-15 1e-20
4216.588029 1.205931e-15 1e-20
4216.839246 1.202054e-15 1e-20
4217.090463 1.22521e-15 1e-20
4217.34168 1.253747e-15 1e-20
4217.592897 1.262563e-15 1e-20
4217.844114 1.259309e-15 1e-20
4218.09533 1.246735e-15 1e-20
4218.346547 1.22911e-15 1e-20
4218.597764 1.219117e-15 1e-20
4218.848981 1.222743e-15 1e-20
4219.100198 1.226677e-15 1e-20
4219.351415 1.224747e-15 1e-20
4219.602632 1.218073e-15 1e-20
4219.853849 1.232022e-15 1e-20
4220.105066 1.261932e-15 1e-20
4220.356283 1.26635e-15 1e-20
4220.6075 1.257636e-15 1e-20
4220.858717 1.259702e-15 1e-20
4221.109934 1.263374e-15 1e-20
4221.361151 1.263636e-15 1e-20
4221.612368 1.269035e-15 1e-20
4221.863585 1.274975e-15 1e-20
4222.114801 1.288802e-15 1e-20
4222.366018 1.296861e-15 1e-20
4222.617235 1.2894e-15 1e-20
4222.868452 1.280101e-15 1e-20
4223.119669 1.282548e-15 1e-20
4223.370886 1.275746e-15 1e-20
4223.622103 1.269855e-15 1e-20
4223.87332 1.27255e-15 1e-20
4224.124537 1.27465e-15 1e-20
4224.375754 1.26531e-15 1e-20
4224.626971 1.296064e-15 1e-20
4224.878188 1.302429e-15 1e-20
4225.129405 1.306673e-15 1e-20
4225.380622 1.304645e-15 1e-20
4225.631839 1.301047e-15 1e-20
4225.883056 1.316451e-15 1e-20
4226.134272 1.324389e-15 1e-20
4226.385489 1.32105e-15 1e-20
4226.636706 1.312909e-15 1e-20
4226.887923 1.307317e-15 1e-20
4227.13914 1.299495e-15 1e-20
4227.390357 1.285446e-15 1e-20
4227.641574 1.274786e-15 1e-20
4227.892791 1.295429e-15 1e-20
4228.144008 1.322393e-15 1e-20
4228.395225 1.334202e-15 1e-20
4228.646442 1.326894e-15 1e-20
4228.897659 1.314158e-15 1e-20
4229.148876 1.306201e-15 1e-20
4229.400093 1.292284e-15 1e-20
4229.65131 1.286415e-15 1e-20
4229.902527 1.312561e-15 1e-20
4230.153743 1.325945e-15 1e-20
4230.40496 1.317724e-15 1e-20
4230.656177 1.316189e-15 1e-20
4230.907394 1.335086e-15 1e-20
4231.158611 1.34281e-15 1e-20
4231.409828 1.332066e-15 1e-20
4231.661045 1.330578e-15 1e-20
4231.912262 1.326701e-15 1e-20
4232.163479 1.32796e-15 1e-20
4232.414696 1.334455e-15 1e-20
4232.665913 1.3253e-15 1e-20
4232.91713 1.312983e-15 1e-20
4233.168347 1.304939e-15 1e-20
4233.419564 1.307199e-15 1e-20
4233.670781 1.314751e-15 1e-20
4233.921998 1.317528e-15 1e-20
4234.173214 1.310051e-15 1e-20
4234.424431 1.310615e-15 1e-20
4234.675648 1.304577e-15 1e-20
4234.926865 1.303282e-15 1e-20
4235.178082 1.330236e-15 1e-20
4235.429299 1.340021e-15 1e-20
4235.680516 1.317016e-15 1e-20
4235.931733 1.308057e-15 1e-20
4236.18295 1.308537e-15 1e-20
4236.434167 1.299473e-15 1e-20
4236.685384 1.289292e-15 1e-20
4236.936601 1.304929e-15 1e-20
4237.187818 1.314283e-15 1e-20
4237.439035 1.312648e-15 1e-20
4237.690252 1.297785e-15 1e-20
4237.941469 1.292246e-15 1e-20
4238.192685 1.297551e-15 1e-20
4238.443902 1.294258e-15 1e-20
4238.695119 1.28645e-15 1e-20
4238.946336 1.277279e-15 1e-20
4239.197553 1.275597e-15 1e-20
4239.44877 1.285624e-15 1e-20
4239.699987 1.30259e-15 1e-20
4239.951204 1.288431e-15 1e-20
4240.202421 1.269521e-15 1e-20
4240.453638 1.274767e-15 1e-20
4240.704855 1.291769e-15 1e-20
4240.956072 1.288239e-15 1e-20
4241.207289 1.27505e-15 1e-20
4241.458506 1.278877e-15 1e-20
4241.709723 1.287599e-15 1e-20
4241.96094 1.288604e-15 1e-20
4242.212156 1.285139e-15 1e-20
4242.463373 1.283641e-15 1e-20
4242.71459 1.278378e-15 1e-20
4242.965807 1.285051e-15 1e-20
4243.217024 1.293795e-15 1e-20
4243.468241 1.292972e-15 1e-20
4243.719458 1.292151e-15 1e-20
4243.970675 1.291328e-15 1e-20
4244.221892 1.290507e-15 1e-20
4244.473109 1.289685e-15 1e-20
4244.724326 1.288864e-15 1e-20
4244.975543 1.277582e-15 1e-20
4245.22676 1.271294e-15 1e-20
4245.477977 1.272909e-15 1e-20
4245.729194 1.264579e-15 1e-20
4245.980411 1.279079e-15 1e-20
4246.231627 1.30366e-15 1e-20
4246.482844 1.298071e-15 1e-20
4246.734061 1.261587e-15 1e-20
4246.985278 1.248232e-15 1e-20
4247.236495 1.250961e-15 1e-20
4247.487712 1.253317e-15 1e-20
4247.738929 1.254615e-15 1e-20
4247.990146 1.24985e-15 1e-20
4248.241363 1.247204e-15 1e-20
4248.49258 1.241275e-15 1e-20
4248.743797 1.235464e-15 1e-20
4248.995014 1.241954e-15 1e-20
4249.246231 1.247179e-15 1e-20
4249.497448 1.254048e-15 1e-20
4249.748665 1.238248e-15 1e-20
4249.999882 1.223507e-15 1e-20
4250.251098 1.240877e-15 1e-20
4250.502315 1.257129e-15 1e-20
4250.753532 1.247267e-15 1e-20
4251.004749 1.238876e-15 1e-20
4251.255966 1.258274e-15 1e-20
4251.507183 1.273049e-15 1e-20
4251.7584 1.266259e-15 1e-20
4252.009617 1.257417e-15 1e-20
4252.260834 1.243361e-15 1e-20
4252.512051 1.232973e-15 1e-20
4252.763268 1.227345e-15 1e-20
4253.014485 1.221126e-15 1e-20
4253.265702 1.216944e-15 1e-20
4253.516919 1.23465e-15 1e-20
4253.768136 1.255372e-15 1e-20
4254.019353 1.258623e-15 1e-20
4254.270569 1.237808e-15 1e-20
4254.521786 1.222539e-15 1e-20
4254.773003 1.232645e-15 1e-20
4255.02422 1.243537e-15 1e-20
4255.275437 1.253191e-15 1e-20
4255.526654 1.245672e-15 1e-20
4255.777871 1.235567e-15 1e-20
4256.029088 1.241135e-15 1e-20
4256.280305 1.241669e-15 1e-20
4256.531522 1.251638e-15 1e-20
4256.782739 1.25616e-15 1e-20
4257.033956 1.251464e-15 1e-20
4257.285173 1.252591e-15 1e-20
4257.53639 1.25748e-15 1e-20
4257.787607 1.255926e-15 1e-20
4258.038824 1.245219e-15 1e-20
4258.29004 1.228765e-15 1e-20
4258.541257 1.218515e-15 1e-20
4258.792474 1.225214e-15 1e-20
4259.043691 1.226182e-15 1e-20
4259.294908 1.216686e-15 1e-20
4259.546125 1.225278e-15 1e-20
4259.797342 1.258124e-15 1e-20
4260.048559 1.266305e-15 1e-20
4260.299776 1.236668e-15 1e-20
4260.550993 1.216755e-15 1e-20
4260.80221 1.215755e-15 1e-20
4261.053427 1.215013e-15 1e-20
4261.304644 1.216975e-15 1e-20
4261.555861 1.245409e-15 1e-20
4261.807078 1.27558e-15 1e-20
4262.058295 1.261044e-15 1e-20
4262.309511 1.228492e-15 1e-20
4262.560728 1.217911e-15 1e-20
4262.811945 1.222685e-15 1e-20
4263.063162 1.227907e-15 1e-20
4263.314379 1.248259e-15 1e-20
4263.565596 1.242657e-15 1e-20
4263.816813 1.214918e-15 1e-20
4264.06803 1.202718e-15 1e-20
4264.319247 1.203867e-15 1e-20
4264.570464 1.227072e-15 1e-20
4264.821681 1.219402e-15 1e-20
4265.072898 1.201305e-15 1e-20
4265.324115 1.207193e-15 1e-20
4265.575332 1.227052e-15 1e-20
4265.826549 1.231778e-15 1e-20
4266.077766 1.225492e-15 1e-20
4266.328982 1.217499e-15 1e-20
4266.580199 1.216808e-15 1e-20
4266.831416 1.228208e-15 1e-20
4267.082633 1.235158e-15 1e-20
4267.33385 1.203482e-15 1e-20
4267.585067 1.192907e-15 1e-20
4267.836284 1.204468e-15 1e-20
4268.087501 1.210584e-15 1e-20
4268.338718 1.205594e-15 1e-20
4268.589935 1.183833e-15 1e-20
4268.841152 1.16561e-15 1e-20
4269.092369 1.172127e-15 1e-20
4269.343586 1.195165e-15 1e-20
4269.594803 1.228553e-15 1e-20
4269.84602 1.239979e-15 1e-20
4270.097237 1.229232e-15 1e-20
4270.348453 1.199644e-15 1e-20
4270.59967 1.166568e-15 1e-20
4270.850887 1.163426e-15 1e-20
4271.102104 1.195108e-15 1e-20
4271.353321 1.204864e-15 1e-20
4271.604538 1.199047e-15 1e-20
4271.855755 1.193253e-15 1e-20
4272.106972 1.194615e-15 1e-20
4272.358189 1.200063e-15 1e-20
4272.609406 1.186291e-15 1e-20
4272.860623 1.169109e-15 1e-20
4273.11184 1.167795e-15 1e-20
4273.363057 1.179619e-15 1e-20
4273.614274 1.186805e-15 1e-20
4273.865491 1.180227e-15 1e-20
4274.116708 1.17831e-15 1e-20
4274.367924 1.165076e-15 1e-20
4274.619141 1.156758e-15 1e-20
4274.870358 1.162703e-15 1e-20
4275.121575 1.171313e-15 1e-20
4275.372792 1.169476e-15 1e-20
4275.624009 1.167308e-15 1e-20
4275.875226 1.15532e-15 1e-20
4276.126443 1.163038e-15 1e-20
4276.37766 1.19541e-15 1e-20
4276.628877 1.202502e-15 1e-20
4276.880094 1.192348e-15 1e-20
4277.131311 1.186132e-15 1e-20
4277.382528 1.179865e-15 1e-20
4277.633745 1.175622e-15 1e-20
4277.884962 1.184052e-15 1e-20
4278.136179 1.184793e-15 1e-20
4278.387395 1.19483e-15 1e-20
4278.638612 1.20002e-15 1e-20
4278.889829 1.202878e-15 1e-20
4279.141046 1.204891e-15 1e-20
4279.392263 1.195722e-15 1e-20
4279.64348 1.175562e-15 1e-20
4279.894697 1.169537e-15 1e-20
4280.145914 1.177358e-15 1e-20
4280.397131 1.171263e-15 1e-20
4280.648348 1.152092e-15 1e-20
4280.899565 1.164292e-15 1e-20
4281.150782 1.180764e-15 1e-20
4281.401999 1.190686e-15 1e-20
4281.653216 1.185608e-15 1e-20
4281.904433 1.177066e-15 1e-20
4282.15565 1.178289e-15 1e-20
4282.406867 1.161315e-15 1e-20
4282.658083 1.138441e-15 1e-20
4282.9093 1.14537e-15 1e-20
4283.160517 1.17418e-15 1e-20
4283.411734 1.171544e-15 1e-20
4283.662951 1.168903e-15 1e-20
4283.914168 1.166267e-15 1e-20
4284.165385 1.163625e-15 1e-20
4284.416602 1.160989e-15 1e-20
4284.667819 1.1666e-15 1e-20
4284.919036 1.157122e-15 1e-20
4285.170253 1.154428e-15 1e-20
4285.42147 1.159989e-15 1e-20
4285.672687 1.160637e-15 1e-20
4285.923904 1.160522e-15 1e-20
4286.175121 1.165234e-15 1e-20
4286.426338 1.171411e-15 1e-20
4286.677554 1.153878e-15 1e-20
4286.928771 1.154474e-15 1e-20
4287.179988 1.1753e-15 1e-20
4287.431205 1.190744e-15 1e-20
4287.682422 1.185834e-15 1e-20
4287.933639 1.1907e-15 1e-20
4288.184856 1.186708e-15 1e-20
4288.436073 1.171622e-15 1e-20
4288.68729 1.15903e-15 1e-20
4288.938507 1.156775e-15 1e-20
4289.189724 1.15276e-15 1e-20
4289.440941 1.164587e-15 1e-20
4289.692158 1.174433e-15 1e-20
4289.943375 1.167536e-15 1e-20
4290.194592 1.152994e-15 1e-20
4290.445809 1.158832e-15 1e-20
4290.697025 1.17192e-15 1e-20
4290.948242 1.170369e-15 1e-20
4291.199459 1.165968e-15 1e-20
4291.450676 1.178471e-15 1e-20
4291.701893 1.183407e-15 1e-20
4291.95311 1.157489e-15 1e-20
4292.204327 1.149063e-15 1e-20
4292.455544 1.147837e-15 1e-20
4292.706761 1.149629e-15 1e-20
4292.957978 1.165366e-15 1e-20
4293.209195 1.19166e-15 1e-20
4293.460412 1.192161e-15 1e-20
4293.711629 1.188505e-15 1e-20
4293.962846 1.181563e-15 1e-20
4294.214063 1.16656e-15 1e-20
4294.46528 1.157282e-15 1e-20
4294.716496 1.156011e-15 1e-20
4294.967713 1.174622e-15 1e-20
4295.21893 1.181125e-15 1e-20
4295.470147 1.156012e-15 1e-20
4295.721364 1.135875e-15 1e-20
4295.972581 1.157008e-15 1e-20
4296.223798 1.173955e-15 1e-20
4296.475015 1.155302e-15 1e-20
4296.726232 1.135625e-15 1e-20
4296.977449 1.135115e-15 1e-20
4297.228666 1.137275e-15 1e-20
4297.479883 1.13944e-15 1e-20
4297.7311 1.1416e-15 1e-20
4297.982317 1.143764e-15 1e-20
4298.233534 1.145925e-15 1e-20
4298.484751 1.148089e-15 1e-20
4298.735967 1.139955e-15 1e-20
4298.987184 1.135995e-15 1e-20
4299.238401 1.138615e-15 1e-20
4299.489618 1.127385e-15 1e-20
4299.740835 1.126915e-15 1e-20
4299.992052 1.13921e-15 1e-20
4300.243269 1.134076e-15 1e-20
4300.494486 1.121576e-15 1e-20
4300.745703 1.126622e-15 1e-20
4300.99692 1.149134e-15 1e-20
4301.248137 1.148453e-15 1e-20
4301.499354 1.124839e-15 1e-20
4301.750571 1.111535e-15 1e-20
4302.001788 1.122682e-15 1e-20
4302.253005 1.136973e-15 1e-20
4302.504222 1.139291e-15 1e-20
4302.755438 1.1294e-15 1e-20
4303.006655 1.100851e-15 1e-20
4303.257872 1.079731e-15 1e-20
4303.509089 1.092865e-15 1e-20
4303.760306 1.117712e-15 1e-20
4304.011523 1.121802e-15 1e-20
4304.26274 1.119006e-15 1e-20
4304.513957 1.116552e-15 1e-20
4304.765174 1.114103e-15 1e-20
4305.016391 1.111649e-15 1e-20
4305.267608 1.1092e-15 1e-20
4305.518825 1.106746e-15 1e-20
4305.770042 1.104297e-15 1e-20
4306.021259 1.111622e-15 1e-20
4306.272476 1.127341e-15 1e-20
4306.523693 1.136593e-15 1e-20
4306.774909 1.14165e-15 1e-20
4307.026126 1.131357e-15 1e-20
4307.277343 1.125399e-15 1e-20
4307.52856 1.128808e-15 1e-20
4307.779777 1.129576e-15 1e-20
4308.030994 1.126877e-15 1e-20
4308.282211 1.123524e-15 1e-20
4308.533428 1.107717e-15 1e-20
4308.784645 1.112076e-15 1e-20
4309.035862 1.130346e-15 1e-20
4309.287079 1.133014e-15 1e-20
4309.538296 1.122992e-15 1e-20
4309.789513 1.120687e-15 1e-20
4310.04073 1.138358e-15 1e-20
4310.291947 1.150672e-15 1e-20
4310.543164 1.139291e-15 1e-20
4310.79438 1.118578e-15 1e-20
4311.045597 1.114043e-15 1e-20
4311.296814 1.120605e-15 1e-20
4311.548031 1.125404e-15 1e-20
4311.799248 1.130192e-15 1e-20
4312.050465 1.13367e-15 1e-20
4312.301682 1.12636e-15 1e-20
4312.552899 1.12146e-15 1e-20
4312.804116 1.140769e-15 1e-20
4313.055333 1.142343e-15 1e-20
4313.30655 1.107794e-15 1e-20
4313.557767 1.082145e-15 1e-20
4313.808984 1.09828e-15 1e-20
4314.060201 1.093926e-15 1e-20
4314.311418 1.073832e-15 1e-20
4314.562635 1.071981e-15 1e-20
4314.813851 1.096679e-15 1e-20
4315.065068 1.119776e-15 1e-20
4315.316285 1.120812e-15 1e-20
4315.567502 1.105157e-15 1e-20
4315.818719 1.089498e-15 1e-20
4316.069936 1.07701e-15 1e-20
4316.321153 1.076757e-15 1e-20
4316.57237 1.08958e-15 1e-20
4316.823587 1.092991e-15 1e-20
4317.074804 1.104559e-15 1e-20
4317.326021 1.122419e-15 1e-20
4317.577238 1.126907e-15 1e-20
4317.828455 1.108825e-15 1e-20
4318.079672 1.087244e-15 1e-20
4318.330889 1.127015e-15 1e-20
4318.582106 1.162136e-15 1e-20
4318.833322 1.148441e-15 1e-20
4319.084539 1.134562e-15 1e-20
4319.335756 1.137331e-15 1e-20
4319.586973 1.122885e-15 1e-20
4319.83819 1.122168e-15 1e-20
4320.089407 1.140732e-15 1e-20
4320.340624 1.142638e-15 1e-20
4320.591841 1.130611e-15 1e-20
4320.843058 1.134166e-15 1e-20
4321.094275 1.124544e-15 1e-20
4321.345492 1.129651e-15 1e-20
4321.596709 1.146112e-15 1e-20
4321.847926 1.148501e-15 1e-20
4322.099143 1.151569e-15 1e-20
4322.35036 1.142952e-15 1e-20
4322.601577 1.12313e-15 1e-20
4322.852793 1.098759e-15 1e-20
4323.10401 1.092079e-15 1e-20
4323.355227 1.110212e-15 1e-20
4323.606444 1.119307e-15 1e-20
4323.857661 1.116843e-15 1e-20
4324.108878 1.129644e-15 1e-20
4324.360095 1.154932e-15 1e-20
4324.611312 1.164142e-15 1e-20
4324.862529 1.153135e-15 1e-20
4325.113746 1.1472e-15 1e-20
4325.364963 1.134363e-15 1e-20
4325.61618 1.122598e-15 1e-20
4325.867397 1.125687e-15 1e-20
4326.118614 1.129702e-15 1e-20
4326.369831 1.13029e-15 1e-20
4326.621048 1.127682e-15 1e-20
4326.872264 1.126248e-15 1e-20
4327.123481 1.131116e-15 1e-20
4327.374698 1.136626e-15 1e-20
4327.625915 1.124202e-15 1e-20
4327.877132 1.121315e-15 1e-20
4328.128349 1.115063e-15 1e-20
4328.379566 1.099448e-15 1e-20
4328.630783 1.09187e-15 1e-20
4328.882 1.096115e-15 1e-20
4329.133217 1.093948e-15 1e-20
4329.384434 1.099888e-15 1e-20
4329.635651 1.095569e-15 1e-20
4329.886868 1.081711e-15 1e-20
4330.138085 1.082463e-15 1e-20
4330.389302 1.089355e-15 1e-20
4330.640519 1.066277e-15 1e-20
4330.891735 1.047183e-15 1e-20
4331.142952 1.06205e-15 1e-20
4331.394169 1.085848e-15 1e-20
4331.645386 1.082514e-15 1e-20
4331.896603 1.065831e-15 1e-20
4332.14782 1.055833e-15 1e-20
4332.399037 1.058282e-15 1e-20
4332.650254 1.041597e-15 1e-20
4332.901471 1.004245e-15 1e-20
4333.152688 1.027691e-15 1e-20
4333.403905 1.043966e-15 1e-20
4333.655122 1.023686e-15 1e-20
4333.906339 9.984896e-16 1e-20
4334.157556 1.001591e-15 1e-20
4334.408773 1.018137e-15 1e-20
4334.65999 1.022441e-15 1e-20
4334.911206 1.022203e-15 1e-20
4335.162423 1.03269e-15 1e-20
4335.41364 1.043346e-15 1e-20
4335.664857 1.027772e-15 1e-20
4335.916074 9.957755e-16 1e-20
4336.167291 9.811278e-16 1e-20
4336.418508 9.972744e-16 1e-20
4336.669725 9.982868e-16 1e-20
4336.920942 9.663676e-16 1e-20
4337.172159 9.542485e-16 1e-20
4337.423376 9.445203e-16 1e-20
4337.674593 9.273266e-16 1e-20
4337.92581 9.448754e-16 1e-20
4338.177027 9.759118e-16 1e-20
4338.428244 9.612634e-16 1e-20
4338.679461 9.589933e-16 1e-20
4338.930677 9.618925e-16 1e-20
4339.181894 9.436493e-16 1e-20
4339.433111 9.212106e-16 1e-20
4339.684328 9.217463e-16 1e-20
4339.935545 9.329755e-16 1e-20
4340.186762 9.358172e-16 1e-20
4340.437979 9.293926e-16 1e-20
4340.689196 8.97151e-16 1e-20
4340.940413 8.661529e-16 1e-20
4341.19163 8.806192e-16 1e-20
4341.442847 8.965015e-16 1e-20
4341.694064 9.144196e-16 1e-20
4341.945281 9.331248e-16 1e-20
4342.196498 9.357971e-16 1e-20
4342.447715 9.192813e-16 1e-20
4342.698932 9.032561e-16 1e-20
4342.950148 8.933024e-16 1e-20
4343.201365 8.915034e-16 1e-20
4343.452582 8.887744e-16 1e-20
4343.703799 8.742411e-16 1e-20
4343.955016 8.683448e-16 1e-20
4344.206233 8.64604e-16 1e-20
4344.45745 8.435379e-16 1e-20
4344.708667 8.445614e-16 1e-20
4344.959884 8.694895e-16 1e-20
4345.211101 8.801195e-16 1e-20
4345.462318 8.747084e-16 1e-20
4345.713535 8.632551e-16 1e-20
4345.964752 8.640317e-16 1e-20
4346.215969 8.59519e-16 1e-20
4346.467186 8.339061e-16 1e-20
4346.718403 8.207489e-16 1e-20
4346.969619 8.308029e-16 1e-20
4347.220836 8.220046e-16 1e-20
4347.472053 8.107425e-16 1e-20
4347.72327 8.199311e-16 1e-20
4347.974487 8.265797e-16 1e-20
4348.225704 8.033861e-16 1e-20
4348.476921 8.092556e-16 1e-20
4348.728138 8.072231e-16 1e-20
4348.979355 7.991097e-16 1e-20
4349.230572 8.086894e-16 1e-20
4349.481789 8.123414e-16 1e-20
4349.733006 7.949052e-16 1e-20
4349.984223 7.829731e-16 1e-20
4350.23544 7.871173e-16 1e-20
4350.486657 7.882608e-16 1e-20
4350.737874 7.732933e-16 1e-20
4350.98909 7.666467e-16 1e-20
4351.240307 7.795734e-16 1e-20
4351.491524 7.531224e-16 1e-20
4351.742741 7.412832e-16 1e-20
4351.993958 7.827789e-16 1e-20
4352.245175 7.877528e-16 1e-20
4352.496392 7.519771e-16 1e-20
4352.747609 7.6878e-16 1e-20
4352.998826 7.906132e-16 1e-20
4353.250043 7.621803e-16 1e-20
4353.50126 7.663794e-16 1e-20
4353.752477 7.705705e-16 1e-20
4354.003694 7.747697e-16 1e-20
4354.254911 7.789607e-16 1e-20
4354.506128 7.831599e-16 1e-20
4354.757345 7.850461e-16 1e-20
4355.008561 7.864214e-16 1e-20
4355.259778 7.87794e-16 1e-20
4355.510995 7.891692e-16 1e-20
4355.762212 7.905418e-16 1e-20
4356.013429 7.91917e-16 1e-20
4356.264646 7.932896e-16 1e-20
4356.515863 7.946622e-16 1e-20
4356.76708 7.960374e-16 1e-20
4357.018297 7.9741e-16 1e-20
4357.269514 7.987853e-16 1e-20
4357.520731 7.949598e-16 1e-20
4357.771948 7.966474e-16 1e-20
4358.023165 8.099662e-16 1e-20
4358.274382 8.237998e-16 1e-20
4358.525599 8.237213e-16 1e-20
4358.776816 8.102605e-16 1e-20
4359.028032 8.098069e-16 1e-20
4359.279249 8.093524e-16 1e-20
4359.530466 8.088987e-16 1e-20
4359.781683 8.084442e-16 1e-20
4360.0329 8.079906e-16 1e-20
4360.284117 8.075361e-16 1e-20
4360.535334 8.070824e-16 1e-20
4360.786551 8.066279e-16 1e-20
4361.037768 7.990691e-16 1e-20
4361.288985 7.932574e-16 1e-20
4361.540202 7.895875e-16 1e-20
4361.791419 7.934441e-16 1e-20
4362.042636 7.965754e-16 1e-20
4362.293853 7.89467e-16 1e-20
4362.54507 7.94375e-16 1e-20
4362.796287 8.001452e-16 1e-20
4363.047503 8.02601e-16 1e-20
4363.29872 8.092612e-16 1e-20
4363.549937 8.130157e-16 1e-20
4363.801154 7.935147e-16 1e-20
4364.052371 7.800493e-16 1e-20
4364.303588 7.975e-16 1e-20
4364.554805 8.077874e-16 1e-20
4364.806022 8.025405e-16 1e-20
4365.057239 8.004953e-16 1e-20
4365.308456 8.109538e-16 1e-20
4365.559673 8.149648e-16 1e-20
4365.81089 7.993396e-16 1e-20
4366.062107 7.866075e-16 1e-20
4366.313324 7.902333e-16 1e-20
4366.564541 7.965143e-16 1e-20
4366.815758 8.027337e-16 1e-20
4367.066974 8.057482e-16 1e-20
4367.318191 8.065403e-16 1e-20
4367.569408 8.082611e-16 1e-20
4367.820625 8.091799e-16 1e-20
4368.071842 8.074275e-16 1e-20
4368.323059 8.042893e-16 1e-20
4368.574276 8.015561e-16 1e-20
4368.825493 7.977799e-16 1e-20
4369.07671 7.923848e-16 1e-20
4369.327927 7.943674e-16 1e-20
4369.579144 8.084595e-16 1e-20
4369.830361 8.220397e-16 1e-20
4370.081578 8.172322e-16 1e-20
4370.332795 8.015961e-16 1e-20
4370.584012 7.902237e-16 1e-20
4370.835229 7.865269e-16 1e-20
4371.086445 7.891363e-16 1e-20
4371.337662 7.983876e-16 1e-20
4371.588879 8.041498e-16 1e-20
4371.840096 7.94874e-16 1e-20
4372.091313 7.844997e-16 1e-20
4372.34253 7.862534e-16 1e-20
4372.593747 7.954017e-16 1e-20
4372.844964 7.992112e-16 1e-20
4373.096181 7.98697e-16 1e-20
4373.347398 7.968216e-16 1e-20
4373.598615 7.976148e-16 1e-20
4373.849832 7.96829e-16 1e-20
4374.101049 7.822436e-16 1e-20
4374.352266 7.674388e-16 1e-20
4374.603483 7.70065e-16 1e-20
4374.8547 7.889207e-16 1e-20
4375.105916 8.036929e-16 1e-20
4375.357133 8.095325e-16 1e-20
4375.60835 8.043861e-16 1e-20
4375.859567 7.942473e-16 1e-20
4376.110784 7.921634e-16 1e-20
4376.362001 8.034542e-16 1e-20
4376.613218 8.119613e-16 1e-20
4376.864435 8.071637e-16 1e-20
4377.115652 7.955064e-16 1e-20
4377.366869 7.875722e-16 1e-20
4377.618086 7.876991e-16 1e-20
4377.869303 7.988463e-16 1e-20
4378.12052 8.132154e-16 1e-20
4378.371737 8.080641e-16 1e-20
4378.622954 7.89836e-16 1e-20
4378.874171 7.782594e-16 1e-20
4379.125387 7.811452e-16 1e-20
4379.376604 7.863914e-16 1e-20
4379.627821 7.933857e-16 1e-20
4379.879038 7.945385e-16 1e-20
4380.130255 7.935355e-16 1e-20
4380.381472 8.037572e-16 1e-20
4380.632689 8.044556e-16 1e-20
4380.883906 7.919754e-16 1e-20
4381.135123 7.792636e-16 1e-20
4381.38634 7.791668e-16 1e-20
4381.637557 7.894583e-16 1e-20
4381.888774 7.995018e-16 1e-20
4382.139991 8.032868e-16 1e-20
4382.391208 7.990588e-16 1e-20
4382.642425 7.842001e-16 1e-20
4382.893642 7.84149e-16 1e-20
4383.144858 7.890648e-16 1e-20
4383.396075 7.802166e-16 1e-20
4383.647292 7.776342e-16 1e-20
4383.898509 7.853262e-16 1e-20
4384.149726 7.900525e-16 1e-20
4384.400943 7.894954e-16 1e-20
4384.65216 7.982238e-16 1e-20
4384.903377 7.959063e-16 1e-20
4385.154594 7.917422e-16 1e-20
4385.405811 7.950646e-16 1e-20
4385.657028 7.948003e-16 1e-20
4385.908245 7.891302e-16 1e-20
4386.159462 7.823188e-16 1e-20
4386.410679 7.782613e-16 1e-20
4386.661896 7.778051e-16 1e-20
4386.913113 7.808142e-16 1e-20
4387.164329 7.840446e-16 1e-20
4387.415546 7.8821e-16 1e-20
4387.666763 7.966553e-16 1e-20
4387.91798 8.065773e-16 1e-20
4388.169197 8.050103e-16 1e-20
4388.420414 8.074732e-16 1e-20
4388.671631 8.099409e-16 1e-20
4388.922848 8.124038e-16 1e-20
4389.174065 8.148667e-16 1e-20
4389.425282 8.173344e-16 1e-20
4389.676499 7.917621e-16 1e-20
4389.927716 7.728608e-16 1e-20
4390.178933 7.790872e-16 1e-20
4390.43015 7.94223e-16 1e-20
4390.681367 8.013658e-16 1e-20
4390.932584 7.991819e-16 1e-20
4391.1838 7.9864e-16 1e-20
4391.435017 7.990453e-16 1e-20
4391.686234 7.961466e-16 1e-20
4391.937451 7.886151e-16 1e-20
4392.188668 7.787259e-16 1e-20
4392.439885 7.810797e-16 1e-20
4392.691102 7.887985e-16 1e-20
4392.942319 7.883555e-16 1e-20
4393.193536 7.873012e-16 1e-20
4393.444753 7.838026e-16 1e-20
4393.69597 7.825344e-16 1e-20
4393.947187 7.879039e-16 1e-20
4394.198404 7.930218e-16 1e-20
4394.449621 7.837408e-16 1e-20
4394.700838 7.72474e-16 1e-20
4394.952055 7.75451e-16 1e-20
4395.203271 7.88301e-16 1e-20
4395.454488 7.922051e-16 1e-20
4395.705705 7.999324e-16 1e-20
4395.956922 8.071405e-16 1e-20
4396.208139 7.953611e-16 1e-20
4396.459356 7.883905e-16 1e-20
4396.710573 7.890585e-16 1e-20
4396.96179 7.901219e-16 1e-20
4397.213007 7.876904e-16 1e-20
4397.464224 7.846845e-16 1e-20
4397.715441 7.803064e-16 1e-20
4397.966658 7.86375e-16 1e-20
4398.217875 8.025779e-16 1e-20
4398.469092 8.030927e-16 1e-20
4398.720309 8.013549e-16 1e-20
4398.971526 7.948022e-16 1e-20
4399.222742 7.850913e-16 1e-20
4399.473959 7.898548e-16 1e-20
4399.725176 7.934942e-16 1e-20
4399.976393 7.909368e-16 1e-20
4400.22761 7.826098e-16 1e-20
4400.478827 7.710489e-16 1e-20
4400.730044 7.712581e-16 1e-20
4400.981261 7.884083e-16 1e-20
4401.232478 8.030216e-16 1e-20
4401.483695 7.943276e-16 1e-20
4401.734912 7.783589e-16 1e-20
4401.986129 7.758213e-16 1e-20
4402.237346 7.839873e-16 1e-20
4402.488563 7.884796e-16 1e-20
4402.73978 7.900165e-16 1e-20
4402.990997 7.968887e-16 1e-20
4403.242214 7.946519e-16 1e-20
4403.49343 7.791083e-16 1e-20
4403.744647 7.769342e-16 1e-20
4403.995864 7.822431e-16 1e-20
4404.247081 7.878196e-16 1e-20
4404.498298 7.923485e-16 1e-20
4404.749515 7.969918e-16 1e-20
4405.000732 8.000974e-16 1e-20
4405.251949 8.037369e-16 1e-20
4405.503166 8.006921e-16 1e-20
4405.754383 7.874215e-16 1e-20
4406.0056 7.91165e-16 1e-20
4406.256817 7.941164e-16 1e-20
4406.508034 7.888304e-16 1e-20
4406.759251 7.86616e-16 1e-20
4407.010468 7.853318e-16 1e-20
4407.261685 7.863142e-16 1e-20
4407.512901 7.889902e-16 1e-20
4407.764118 7.888023e-16 1e-20
4408.015335 7.821395e-16 1e-20
4408.266552 7.806183e-16 1e-20
4408.517769 7.838023e-16 1e-20
4408.768986 7.847167e-16 1e-20
4409.020203 7.826066e-16 1e-20
4409.27142 7.810558e-16 1e-20
4409.522637 7.862458e-16 1e-20
4409.773854 7.933602e-16 1e-20
4410.025071 7.903843e-16 1e-20
4410.276288 7.8281e-16 1e-20
4410.527505 7.840956e-16 1e-20
4410.778722 7.958075e-16 1e-20
4411.029939 8.080704e-16 1e-20
4411.281156 8.164829e-16 1e-20
4411.532372 8.135905e-16 1e-20
4411.783589 8.032735e-16 1e-20
4412.034806 7.982131e-16 1e-20
4412.286023 8.045387e-16 1e-20
4412.53724 8.095614e-16 1e-20
4412.788457 8.010378e-16 1e-20
4413.039674 7.855936e-16 1e-20
4413.290891 7.847819e-16 1e-20
4413.542108 7.937237e-16 1e-20
4413.793325 7.959343e-16 1e-20
4414.044542 7.927547e-16 1e-20
4414.295759 8.008816e-16 1e-20
4414.546976 8.040928e-16 1e-20
4414.798193 8.063027e-16 1e-20
4415.04941 8.114964e-16 1e-20
4415.300627 8.11311e-16 1e-20
4415.551843 8.015257e-16 1e-20
4415.80306 7.965951e-16 1e-20
4416.054277 8.021181e-16 1e-20
4416.305494 8.080105e-16 1e-20
4416.556711 8.050071e-16 1e-20
4416.807928 7.986228e-16 1e-20
4417.059145 7.936557e-16 1e-20
4417.310362 7.927447e-16 1e-20
4417.561579 7.986728e-16 1e-20
4417.812796 7.987276e-16 1e-20
4418.064013 8.006467e-16 1e-20
4418.31523 8.090654e-16 1e-20
4418.566447 8.093901e-16 1e-20
4418.817664 8.108569e-16 1e-20
4419.068881 8.010576e-16 1e-20
4419.320098 7.904078e-16 1e-20
4419.571314 8.071969e-16 1e-20
4419.822531 8.135517e-16 1e-20
4420.073748 8.019123e-16 1e-20
4420.324965 7.866908e-16 1e-20
4420.576182 7.803832e-16 1e-20
4420.827399 7.82472e-16 1e-20
4421.078616 7.976672e-16 1e-20
4421.329833 8.167651e-16 1e-20
4421.58105 8.243914e-16 1e-20
4421.832267 8.20145e-16 1e-20
4422.083484 8.100483e-16 1e-20
4422.334701 8.04507e-16 1e-20
4422.585918 8.054943e-16 1e-20
4422.837135 8.032839e-16 1e-20
4423.088352 8.03644e-16 1e-20
4423.339569 8.004447e-16 1e-20
4423.590785 7.98793e-16 1e-20
4423.842002 8.151394e-16 1e-20
4424.093219 8.214301e-16 1e-20
4424.344436 8.183061e-16 1e-20
4424.595653 8.087265e-16 1e-20
4424.84687 7.869982e-16 1e-20
4425.098087 7.687538e-16 1e-20
4425.349304 7.745878e-16 1e-20
4425.600521 7.937407e-16 1e-20
4425.851738 7.98608e-16 1e-20
4426.102955 7.907525e-16 1e-20
4426.354172 7.891952e-16 1e-20
4426.605389 7.93717e-16 1e-20
4426.856606 7.968115e-16 1e-20
4427.107823 8.054877e-16 1e-20
4427.35904 7.995521e-16 1e-20
4427.610256 7.939083e-16 1e-20
4427.861473 7.982728e-16 1e-20
4428.11269 7.90216e-16 1e-20
4428.363907 7.986248e-16 1e-20
4428.615124 8.067055e-16 1e-20
4428.866341 7.99219e-16 1e-20
4429.117558 7.951507e-16 1e-20
4429.368775 7.983459e-16 1e-20
4429.619992 7.959615e-16 1e-20
4429.871209 7.93548e-16 1e-20
4430.122426 8.023508e-16 1e-20
4430.373643 7.944471e-16 1e-20
4430.62486 7.914297e-16 1e-20
4430.876077 7.956367e-16 1e-20
4431.127294 7.918836e-16 1e-20
4431.378511 7.925124e-16 1e-20
4431.629727 7.946551e-16 1e-20
4431.880944 7.958068e-16 1e-20
4432.132161 7.985615e-16 1e-20
4432.383378 8.053993e-16 1e-20
4432.634595 8.102269e-16 1e-20
4432.885812 8.11052e-16 1e-20
4433.137029 8.072828e-16 1e-20
4433.388246 7.990991e-16 1e-20
4433.639463 7.981506e-16 1e-20
4433.89068 8.048414e-16 1e-20
4434.141897 8.048135e-16 1e-20
4434.393114 7.900135e-16 1e-20
4434.644331 7.870903e-16 1e-20
4434.895548 7.900962e-16 1e-20
4435.146765 7.905103e-16 1e-20
4435.397982 7.922049e-16 1e-20
4435.649198 7.970963e-16 1e-20
4435.900415 7.941587e-16 1e-20
4436.151632 7.842994e-16 1e-20
4436.402849 7.790362e-16 1e-20
4436.654066 7.822525e-16 1e-20
4436.905283 7.821607e-16 1e-20
4437.1565 7.836794e-16 1e-20
4437.407717 7.925657e-16 1e-20
4437.658934 7.969635e-16 1e-20
4437.910151 7.919215e-16 1e-20
4438.161368 7.902519e-16 1e-20
4438.412585 7.987069e-16 1e-20
4438.663802 8.095009e-16 1e-20
4438.915019 8.262332e-16 1e-20
4439.166236 8.26308e-16 1e-20
4439.417453 8.04861e-16 1e-20
4439.668669 7.873737e-16 1e-20
4439.919886 7.911778e-16 1e-20
4440.171103 8.025159e-16 1e-20
4440.42232 8.062902e-16 1e-20
4440.673537 8.004714e-16 1e-20
4440.924754 7.914756e-16 1e-20
4441.175971 7.959268e-16 1e-20
4441.427188 8.110805e-16 1e-20
4441.678405 8.236938e-16 1e-20
4441.929622 8.299416e-16 1e-20
4442.180839 8.241082e-16 1e-20
4442.432056 8.106128e-16 1e-20
4442.683273 8.016335e-16 1e-20
4442.93449 8.049518e-16 1e-20
4443.185707 8.096928e-16 1e-20
4443.436924 8.098009e-16 1e-20
4443.68814 8.066037e-16 1e-20
4443.939357 8.065187e-16 1e-20
4444.190574 8.181239e-16 1e-20
4444.441791 8.242901e-16 1e-20
4444.693008 8.182527e-16 1e-20
4444.944225 8.134808e-16 1e-20
4445.195442 8.188142e-16 1e-20
4445.446659 8.227988e-16 1e-20
4445.697876 8.222836e-16 1e-20
4445.949093 8.211709e-16 1e-20
4446.20031 8.160999e-16 1e-20
4446.451527 8.17486e-16 1e-20
4446.702744 8.224009e-16 1e-20
4446.953961 8.231563e-16 1e-20
4447.205178 8.222749e-16 1e-20
4447.456395 8.205697e-16 1e-20
4447.707611 8.183538e-16 1e-20
4447.958828 8.129972e-16 1e-20
4448.210045 8.028121e-16 1e-20
4448.461262 7.9833e-16 1e-20
4448.712479 7.993299e-16 1e-20
4448.963696 8.007982e-16 1e-20
4449.214913 8.017584e-16 1e-20
4449.46613 8.061475e-16 1e-20
4449.717347 8.079233e-16 1e-20
4449.968564 8.067722e-16 1e-20
4450.219781 8.076169e-16 1e-20
4450.470998 8.08898e-16 1e-20
4450.722215 8.134608e-16 1e-20
4450.973432 8.220746e-16 1e-20
4451.224649 8.290907e-16 1e-20
4451.475866 8.257619e-16 1e-20
4451.727082 8.157259e-16 1e-20
4451.978299 8.065079e-16 1e-20
4452.229516 8.042998e-16 1e-20
4452.480733 8.113813e-16 1e-20
4452.73195 8.25193e-16 1e-20
4452.983167 8.35023e-16 1e-20
4453.234384 8.386957e-16 1e-20
4453.485601 8.425451e-16 1e-20
4453.736818 8.381906e-16 1e-20
4453.988035 8.302644e-16 1e-20
4454.239252 8.278721e-16 1e-20
4454.490469 8.304534e-16 1e-20
4454.741686 8.250101e-16 1e-20
4454.992903 8.276906e-16 1e-20
4455.24412 8.374633e-16 1e-20
4455.495337 8.366787e-16 1e-20
4455.746553 8.246437e-16 1e-20
4455.99777 8.236187e-16 1e-20
4456.248987 8.330621e-16 1e-20
4456.500204 8.376879e-16 1e-20
4456.751421 8.346166e-16 1e-20
4457.002638 8.326382e-16 1e-20
4457.253855 8.352136e-16 1e-20
4457.505072 8.373495e-16 1e-20
4457.756289 8.353045e-16 1e-20
4458.007506 8.417836e-16 1e-20
4458.258723 8.52492e-16 1e-20
4458.50994 8.53307e-16 1e-20
4458.761157 8.416422e-16 1e-20
4459.012374 8.40161e-16 1e-20
4459.263591 8.521049e-16 1e-20
4459.514808 8.628564e-16 1e-20
4459.766024 8.594776e-16 1e-20
4460.017241 8.48624e-16 1e-20
4460.268458 8.412695e-16 1e-20
4460.519675 8.339812e-16 1e-20
4460.770892 8.277048e-16 1e-20
4461.022109 8.411975e-16 1e-20
4461.273326 8.507779e-16 1e-20
4461.524543 8.50515e-16 1e-20
4461.77576 8.49615e-16 1e-20
4462.026977 8.509821e-16 1e-20
4462.278194 8.545999e-16 1e-20
4462.529411 8.620376e-16 1e-20
4462.780628 8.668375e-16 1e-20
4463.031845 8.594071e-16 1e-20
4463.283062 8.515788e-16 1e-20
4463.534279 8.589334e-16 1e-20
4463.785495 8.741689e-16 1e-20
4464.036712 8.767483e-16 1e-20
4464.287929 8.692527e-16 1e-20
4464.539146 8.565097e-16 1e-20
4464.790363 8.496035e-16 1e-20
4465.04158 8.541455e-16 1e-20
4465.292797 8.587683e-16 1e-20
4465.544014 8.657295e-16 1e-20
4465.795231 8.727039e-16 1e-20
4466.046448 8.745403e-16 1e-20
4466.297665 8.719747e-16 1e-20
4466.548882 8.670701e-16 1e-20
4466.800099 8.605208e-16 1e-20
4467.051316 8.572746e-16 1e-20
4467.302533 8.641462e-16 1e-20
4467.55375 8.724956e-16 1e-20
4467.804966 8.677279e-16 1e-20
4468.056183 8.58504e-16 1e-20
4468.3074 8.682225e-16 1e-20
4468.558617 8.868461e-16 1e-20
4468.809834 8.843492e-16 1e-20
4469.061051 8.710426e-16 1e-20
4469.312268 8.743083e-16 1e-20
4469.563485 8.711345e-16 1e-20
4469.814702 8.727234e-16 1e-20
4470.065919 8.738861e-16 1e-20
4470.317136 8.653759e-16 1e-20
4470.568353 8.649508e-16 1e-20
4470.81957 8.654359e-16 1e-20
4471.070787 8.692029e-16 1e-20
4471.322004 8.796663e-16 1e-20
4471.573221 8.873477e-16 1e-20
4471.824437 8.880005e-16 1e-20
4472.075654 8.834036e-16 1e-20
4472.326871 8.841657e-16 1e-20
4472.578088 8.988595e-16 1e-20
4472.829305 9.109202e-16 1e-20
4473.080522 9.121763e-16 1e-20
4473.331739 9.036167e-16 1e-20
4473.582956 8.931037e-16 1e-20
4473.834173 8.934678e-16 1e-20
4474.08539 8.975604e-16 1e-20
4474.336607 8.928355e-16 1e-20
4474.587824 8.818032e-16 1e-20
4474.839041 8.85348e-16 1e-20
4475.090258 8.926179e-16 1e-20
4475.341475 9.002804e-16 1e-20
4475.592692 9.10025e-16 1e-20
4475.843908 9.136933e-16 1e-20
4476.095125 9.148424e-16 1e-20
4476.346342 9.102519e-16 1e-20
4476.597559 8.974414e-16 1e-20
4476.848776 8.843503e-16 1e-20
4477.099993 8.82766e-16 1e-20
4477.35121 8.958469e-16 1e-20
4477.602427 9.085352e-16 1e-20
4477.853644 9.053731e-16 1e-20
4478.104861 9.067447e-16 1e-20
4478.356078 9.237968e-16 1e-20
4478.607295 9.415369e-16 1e-20
4478.858512 9.394425e-16 1e-20
4479.109729 9.265633e-16 1e-20
4479.360946 9.171544e-16 1e-20
4479.612163 9.176264e-16 1e-20
4479.863379 9.265212e-16 1e-20
4480.114596 9.380096e-16 1e-20
4480.365813 9.286219e-16 1e-20
4480.61703 9.111605e-16 1e-20
4480.868247 9.121033e-16 1e-20
4481.119464 9.319616e-16 1e-20
4481.370681 9.551855e-16 1e-20
4481.621898 9.628969e-16 1e-20
4481.873115 9.534199e-16 1e-20
4482.124332 9.43994e-16 1e-20
4482.375549 9.445694e-16 1e-20
4482.626766 9.53109e-16 1e-20
4482.877983 9.621406e-16 1e-20
4483.1292 9.642806e-16 1e-20
4483.380417 9.546523e-16 1e-20
4483.631634 9.490028e-16 1e-20
4483.88285 9.510492e-16 1e-20
4484.134067 9.503852e-16 1e-20
4484.385284 9.454904e-16 1e-20
4484.636501 9.441271e-16 1e-20
4484.887718 9.494981e-16 1e-20
4485.138935 9.584567e-16 1e-20
4485.390152 9.652371e-16 1e-20
4485.641369 9.572948e-16 1e-20
4485.892586 9.477126e-16 1e-20
4486.143803 9.515515e-16 1e-20
4486.39502 9.612045e-16 1e-20
4486.646237 9.646426e-16 1e-20
4486.897454 9.618254e-16 1e-20
4487.148671 9.644453e-16 1e-20
4487.399888 9.795826e-16 1e-20
4487.651105 9.891915e-16 1e-20
4487.902321 9.815795e-16 1e-20
4488.153538 9.744219e-16 1e-20
4488.404755 9.874801e-16 1e-20
4488.655972 9.955117e-16 1e-20
4488.907189 9.919929e-16 1e-20
4489.158406 9.875131e-16 1e-20
4489.409623 9.900941e-16 1e-20
4489.66084 9.913184e-16 1e-20
4489.912057 9.903818e-16 1e-20
4490.163274 9.910853e-16 1e-20
4490.414491 9.936677e-16 1e-20
4490.665708 9.935105e-16 1e-20
4490.916925 9.968597e-16 1e-20
4491.168142 1.000213e-15 1e-20
4491.419359 9.970925e-16 1e-20
4491.670576 9.904961e-16 1e-20
4491.921792 9.94282e-16 1e-20
4492.173009 1.000882e-15 1e-20
4492.424226 9.998732e-16 1e-20
4492.675443 9.945736e-16 1e-20
4492.92666 9.968102e-16 1e-20
4493.177877 9.996342e-16 1e-20
4493.429094 1.007107e-15 1e-20
4493.680311 1.021573e-15 1e-20
4493.931528 1.014439e-15 1e-20
4494.182745 9.960806e-16 1e-20
4494.433962 9.868586e-16 1e-20
4494.685179 9.908026e-16 1e-20
4494.936396 9.931203e-16 1e-20
4495.187613 9.960239e-16 1e-20
4495.43883 9.93426e-16 1e-20
4495.690047 9.838567e-16 1e-20
4495.941263 9.826204e-16 1e-20
4496.19248 9.99948e-16 1e-20
4496.443697 1.018141e-15 1e-20
4496.694914 1.017975e-15 1e-20
4496.946131 1.002712e-15 1e-20
4497.197348 9.922022e-16 1e-20
4497.448565 9.925509e-16 1e-20
4497.699782 1.000907e-15 1e-20
4497.950999 1.010728e-15 1e-20
4498.202216 1.011974e-15 1e-20
4498.453433 1.003683e-15 1e-20
4498.70465 9.942069e-16 1e-20
4498.955867 9.873408e-16 1e-20
4499.207084 9.748511e-16 1e-20
4499.458301 9.771602e-16 1e-20
4499.709518 9.819733e-16 1e-20
4499.960734 9.762506e-16 1e-20
4500.211951 9.812952e-16 1e-20
4500.463168 9.798922e-16 1e-20
4500.714385 9.732951e-16 1e-20
4500.965602 9.72595e-16 1e-20
4501.216819 9.787118e-16 1e-20
4501.468036 9.87571e-16 1e-20
4501.719253 9.836678e-16 1e-20
4501.97047 9.760621e-16 1e-20
4502.221687 9.883121e-16 1e-20
4502.472904 1.001028e-15 1e-20
4502.724121 1.018251e-15 1e-20
4502.975338 1.023234e-15 1e-20
4503.226555 1.001415e-15 1e-20
4503.477772 9.954418e-16 1e-20
4503.728989 9.986506e-16 1e-20
4503.980205 9.945543e-16 1e-20
4504.231422 9.879559e-16 1e-20
4504.482639 9.995004e-16 1e-20
4504.733856 1.006832e-15 1e-20
4504.985073 1.008451e-15 1e-20
4505.23629 1.018125e-15 1e-20
4505.487507 1.034118e-15 1e-20
4505.738724 1.033147e-15 1e-20
4505.989941 1.01917e-15 1e-20
4506.241158 1.006437e-15 1e-20
4506.492375 9.995295e-16 1e-20
4506.743592 1.001348e-15 1e-20
4506.994809 1.014846e-15 1e-20
4507.246026 1.029596e-15 1e-20
4507.497243 1.030654e-15 1e-20
4507.74846 1.024259e-15 1e-20
4507.999676 1.017513e-15 1e-20
4508.250893 1.014442e-15 1e-20
4508.50211 1.014561e-15 1e-20
4508.753327 1.014513e-15 1e-20
4509.004544 1.017328e-15 1e-20
4509.255761 1.023302e-15 1e-20
4509.506978 1.031587e-15 1e-20
4509.758195 1.04167e-15 1e-20
4510.009412 1.039808e-15 1e-20
4510.260629 1.026114e-15 1e-20
4510.511846 1.014676e-15 1e-20
4510.763063 1.017658e-15 1e-20
4511.01428 1.027108e-15 1e-20
4511.265497 1.047831e-15 1e-20
4511.516714 1.068402e-15 1e-20
4511.767931 1.062942e-15 1e-20
4512.019147 1.041143e-15 1e-20
4512.270364 1.04191e-15 1e-20
4512.521581 1.058507e-15 1e-20
4512.772798 1.051098e-15 1e-20
4513.024015 1.026861e-15 1e-20
4513.275232 1.028193e-15 1e-20
4513.526449 1.049605e-15 1e-20
4513.777666 1.057035e-15 1e-20
4514.028883 1.051552e-15 1e-20
4514.2801 1.044662e-15 1e-20
4514.531317 1.039404e-15 1e-20
4514.782534 1.03644e-15 1e-20
4515.033751 1.041674e-15 1e-20
4515.284968 1.051853e-15 1e-20
4515.536185 1.053377e-15 1e-20
4515.787402 1.047468e-15 1e-20
4516.038618 1.051262e-15 1e-20
4516.289835 1.058039e-15 1e-20
4516.541052 1.05739e-15 1e-20
4516.792269 1.048353e-15 1e-20
4517.043486 1.041295e-15 1e-20
4517.294703 1.047075e-15 1e-20
4517.54592 1.056207e-15 1e-20
4517.797137 1.06146e-15 1e-20
4518.048354 1.069416e-15 1e-20
4518.299571 1.088758e-15 1e-20
4518.550788 1.087182e-15 1e-20
4518.802005 1.072818e-15 1e-20
4519.053222 1.07451e-15 1e-20
4519.304439 1.085778e-15 1e-20
4519.555656 1.081294e-15 1e-20
4519.806873 1.070761e-15 1e-20
4520.05809 1.079291e-15 1e-20
4520.309306 1.105261e-15 1e-20
4520.560523 1.106117e-15 1e-20
4520.81174 1.094584e-15 1e-20
4521.062957 1.092561e-15 1e-20
4521.314174 1.093859e-15 1e-20
4521.565391 1.092995e-15 1e-20
4521.816608 1.094302e-15 1e-20
4522.067825 1.094432e-15 1e-20
4522.319042 1.088988e-15 1e-20
4522.570259 1.093757e-15 1e-20
4522.821476 1.108593e-15 1e-20
4523.072693 1.117657e-15 1e-20
4523.32391 1.11282e-15 1e-20
4523.575127 1.108725e-15 1e-20
4523.826344 1.096992e-15 1e-20
4524.077561 1.088105e-15 1e-20
4524.328777 1.092411e-15 1e-20
4524.579994 1.098063e-15 1e-20
4524.831211 1.109626e-15 1e-20
4525.082428 1.123002e-15 1e-20
4525.333645 1.125125e-15 1e-20
4525.584862 1.113576e-15 1e-20
4525.836079 1.121031e-15 1e-20
4526.087296 1.133207e-15 1e-20
4526.338513 1.133766e-15 1e-20
4526.58973 1.133588e-15 1e-20
4526.840947 1.133922e-15 1e-20
4527.092164 1.134257e-15 1e-20
4527.343381 1.134591e-15 1e-20
4527.594598 1.134926e-15 1e-20
4527.845815 1.13526e-15 1e-20
4528.097032 1.135595e-15 1e-20
4528.348248 1.135929e-15 1e-20
4528.599465 1.136264e-15 1e-20
4528.850682 1.128646e-15 1e-20
4529.101899 1.126428e-15 1e-20
4529.353116 1.131837e-15 1e-20
4529.604333 1.138576e-15 1e-20
4529.85555 1.141962e-15 1e-20
4530.106767 1.125665e-15 1e-20
4530.357984 1.126036e-15 1e-20
4530.609201 1.149276e-15 1e-20
4530.860418 1.15105e-15 1e-20
4531.111635 1.140088e-15 1e-20
4531.362852 1.131007e-15 1e-20
4531.614069 1.133344e-15 1e-20
4531.865286 1.141317e-15 1e-20
4532.116503 1.131853e-15 1e-20
4532.367719 1.119591e-15 1e-20
4532.618936 1.12052e-15 1e-20
4532.870153 1.133383e-15 1e-20
4533.12137 1.147391e-15 1e-20
4533.372587 1.161518e-15 1e-20
4533.623804 1.15661e-15 1e-20
4533.875021 1.132114e-15 1e-20
4534.126238 1.125107e-15 1e-20
4534.377455 1.121195e-15 1e-20
4534.628672 1.124639e-15 1e-20
4534.879889 1.14033e-15 1e-20
4535.131106 1.151984e-15 1e-20
4535.382323 1.148545e-15 1e-20
4535.63354 1.143986e-15 1e-20
4535.884757 1.149782e-15 1e-20
4536.135974 1.156058e-15 1e-20
4536.38719 1.143715e-15 1e-20
4536.638407 1.122543e-15 1e-20
4536.889624 1.118575e-15 1e-20
4537.140841 1.135e-15 1e-20
4537.392058 1.13132e-15 1e-20
4537.643275 1.119457e-15 1e-20
4537.894492 1.1172e-15 1e-20
4538.145709 1.127886e-15 1e-20
4538.396926 1.145342e-15 1e-20
4538.648143 1.15463e-15 1e-20
4538.89936 1.161138e-15 1e-20
4539.150577 1.170301e-15 1e-20
4539.401794 1.169503e-15 1e-20
4539.653011 1.156649e-15 1e-20
4539.904228 1.143161e-15 1e-20
4540.155445 1.145418e-15 1e-20
4540.406661 1.164866e-15 1e-20
4540.657878 1.169791e-15 1e-20
4540.909095 1.15711e-15 1e-20
4541.160312 1.147071e-15 1e-20
4541.411529 1.151934e-15 1e-20
4541.662746 1.152288e-15 1e-20
4541.913963 1.157522e-15 1e-20
4542.16518 1.169343e-15 1e-20
4542.416397 1.177132e-15 1e-20
4542.667614 1.177813e-15 1e-20
4542.918831 1.162709e-15 1e-20
4543.170048 1.146742e-15 1e-20
4543.421265 1.147219e-15 1e-20
4543.672482 1.155967e-15 1e-20
4543.923699 1.162196e-15 1e-20
4544.174916 1.163312e-15 1e-20
4544.426132 1.163228e-15 1e-20
4544.677349 1.164862e-15 1e-20
4544.928566 1.164304e-15 1e-20
4545.179783 1.162609e-15 1e-20
4545.431 1.16512e-15 1e-20
4545.682217 1.174956e-15 1e-20
4545.933434 1.186168e-15 1e-20
4546.184651 1.184518e-15 1e-20
4546.435868 1.176004e-15 1e-20
4546.687085 1.176877e-15 1e-20
4546.938302 1.179967e-15 1e-20
4547.189519 1.180407e-15 1e-20
4547.440736 1.177887e-15 1e-20
4547.691953 1.176193e-15 1e-20
4547.94317 1.179549e-15 1e-20
4548.194387 1.182308e-15 1e-20
4548.445603 1.190997e-15 1e-20
4548.69682 1.203844e-15 1e-20
4548.948037 1.201634e-15 1e-20
4549.199254 1.19685e-15 1e-20
4549.450471 1.197306e-15 1e-20
4549.701688 1.203405e-15 1e-20
4549.952905 1.183006e-15 1e-20
4550.204122 1.180038e-15 1e-20
4550.455339 1.165963e-15 1e-20
4550.706556 1.1553e-15 1e-20
4550.957773 1.162392e-15 1e-20
4551.20899 1.176385e-15 1e-20
4551.460207 1.194015e-15 1e-20
4551.711424 1.199285e-15 1e-20
4551.962641 1.184674e-15 1e-20
4552.213858 1.177967e-15 1e-20
4552.465074 1.177473e-15 1e-20
4552.716291 1.182026e-15 1e-20
4552.967508 1.19233e-15 1e-20
4553.218725 1.193678e-15 1e-20
4553.469942 1.190172e-15 1e-20
4553.721159 1.195228e-15 1e-20
4553.972376 1.211539e-15 1e-20
4554.223593 1.214045e-15 1e-20
4554.47481 1.204592e-15 1e-20
4554.726027 1.212617e-15 1e-20
4554.977244 1.2319e-15 1e-20
4555.228461 1.234279e-15 1e-20
4555.479678 1.228166e-15 1e-20
4555.730895 1.232617e-15 1e-20
4555.982112 1.237568e-15 1e-20
4556.233329 1.233878e-15 1e-20
4556.484545 1.229063e-15 1e-20
4556.735762 1.235249e-15 1e-20
4556.986979 1.245022e-15 1e-20
4557.238196 1.24187e-15 1e-20
4557.489413 1.220647e-15 1e-20
4557.74063 1.208614e-15 1e-20
4557.991847 1.222659e-15 1e-20
4558.243064 1.232817e-15 1e-20
4558.494281 1.243071e-15 1e-20
4558.745498 1.253918e-15 1e-20
4558.996715 1.250156e-15 1e-20
4559.247932 1.255669e-15 1e-20
4559.499149 1.264064e-15 1e-20
4559.750366 1.256105e-15 1e-20
4560.001583 1.252457e-15 1e-20
4560.2528 1.249738e-15 1e-20
4560.504016 1.249201e-15 1e-20
4560.755233 1.257287e-15 1e-20
4561.00645 1.271503e-15 1e-20
4561.257667 1.27616e-15 1e-20
4561.508884 1.263414e-15 1e-20
4561.760101 1.257184e-15 1e-20
4562.011318 1.255615e-15 1e-20
4562.262535 1.260433e-15 1e-20
4562.513752 1.281371e-15 1e-20
4562.764969 1.298772e-15 1e-20
4563.016186 1.302154e-15 1e-20
4563.267403 1.292858e-15 1e-20
4563.51862 1.282157e-15 1e-20
4563.769837 1.278055e-15 1e-20
4564.021054 1.288865e-15 1e-20
4564.272271 1.287422e-15 1e-20
4564.523487 1.274369e-15 1e-20
4564.774704 1.278098e-15 1e-20
4565.025921 1.295551e-15 1e-20
4565.277138 1.309595e-15 1e-20
4565.528355 1.318076e-15 1e-20
4565.779572 1.324527e-15 1e-20
4566.030789 1.317366e-15 1e-20
4566.282006 1.303292e-15 1e-20
4566.533223 1.293772e-15 1e-20
4566.78444 1.299654e-15 1e-20
4567.035657 1.319055e-15 1e-20
4567.286874 1.333357e-15 1e-20
4567.538091 1.331204e-15 1e-20
4567.789308 1.31964e-15 1e-20
4568.040525 1.311327e-15 1e-20
4568.291742 1.313166e-15 1e-20
4568.542958 1.321743e-15 1e-20
4568.794175 1.323364e-15 1e-20
4569.045392 1.326653e-15 1e-20
4569.296609 1.340353e-15 1e-20
4569.547826 1.349074e-15 1e-20
4569.799043 1.340695e-15 1e-20
4570.05026 1.327176e-15 1e-20
4570.301477 1.342416e-15 1e-20
4570.552694 1.350774e-15 1e-20
4570.803911 1.338923e-15 1e-20
4571.055128 1.3314e-15 1e-20
4571.306345 1.337198e-15 1e-20
4571.557562 1.338818e-15 1e-20
4571.808779 1.341821e-15 1e-20
4572.059996 1.352491e-15 1e-20
4572.311213 1.3691e-15 1e-20
4572.562429 1.368046e-15 1e-20
4572.813646 1.35271e-15 1e-20
4573.064863 1.349526e-15 1e-20
4573.31608 1.344354e-15 1e-20
4573.567297 1.341817e-15 1e-20
4573.818514 1.363952e-15 1e-20
4574.069731 1.376101e-15 1e-20
4574.320948 1.359672e-15 1e-20
4574.572165 1.340063e-15 1e-20
4574.823382 1.33696e-15 1e-20
4575.074599 1.352214e-15 1e-20
4575.325816 1.370977e-15 1e-20
4575.577033 1.376761e-15 1e-20
4575.82825 1.363285e-15 1e-20
4576.079467 1.344152e-15 1e-20
4576.330684 1.341593e-15 1e-20
4576.5819 1.348221e-15 1e-20
4576.833117 1.368303e-15 1e-20
4577.084334 1.391081e-15 1e-20
4577.335551 1.396472e-15 1e-20
4577.586768 1.392351e-15 1e-20
4577.837985 1.381788e-15 1e-20
4578.089202 1.374056e-15 1e-20
4578.340419 1.375298e-15 1e-20
4578.591636 1.385889e-15 1e-20
4578.842853 1.396108e-15 1e-20
4579.09407 1.398493e-15 1e-20
4579.345287 1.398245e-15 1e-20
4579.596504 1.395288e-15 1e-20
4579.847721 1.387152e-15 1e-20
4580.098938 1.382137e-15 1e-20
4580.350155 1.382198e-15 1e-20
4580.601371 1.385406e-15 1e-20
4580.852588 1.38871e-15 1e-20
4581.103805 1.381702e-15 1e-20
4581.355022 1.377225e-15 1e-20
4581.606239 1.390297e-15 1e-20
4581.857456 1.397083e-15 1e-20
4582.108673 1.398528e-15 1e-20
4582.35989 1.39909e-15 1e-20
4582.611107 1.392496e-15 1e-20
4582.862324 1.379553e-15 1e-20
4583.113541 1.392558e-15 1e-20
4583.364758 1.407325e-15 1e-20
4583.615975 1.411853e-15 1e-20
4583.867192 1.400514e-15 1e-20
4584.118409 1.385055e-15 1e-20
4584.369626 1.386704e-15 1e-20
4584.620842 1.405965e-15 1e-20
4584.872059 1.421146e-15 1e-20
4585.123276 1.411935e-15 1e-20
4585.374493 1.391234e-15 1e-20
4585.62571 1.386977e-15 1e-20
4585.876927 1.402391e-15 1e-20
4586.128144 1.414779e-15 1e-20
4586.379361 1.414504e-15 1e-20
4586.630578 1.399182e-15 1e-20
4586.881795 1.392011e-15 1e-20
4587.133012 1.396431e-15 1e-20
4587.384229 1.389815e-15 1e-20
4587.635446 1.392175e-15 1e-20
4587.886663 1.394539e-15 1e-20
4588.13788 1.396899e-15 1e-20
4588.389097 1.399264e-15 1e-20
4588.640313 1.401624e-15 1e-20
4588.89153 1.403988e-15 1e-20
4589.142747 1.406348e-15 1e-20
4589.393964 1.408713e-15 1e-20
4589.645181 1.411072e-15 1e-20
4589.896398 1.413437e-15 1e-20
4590.147615 1.415797e-15 1e-20
4590.398832 1.424616e-15 1e-20
4590.650049 1.425988e-15 1e-20
4590.901266 1.423702e-15 1e-20
4591.152483 1.42058e-15 1e-20
4591.4037 1.420947e-15 1e-20
4591.654917 1.421314e-15 1e-20
4591.906134 1.421682e-15 1e-20
4592.157351 1.422048e-15 1e-20
4592.408568 1.422416e-15 1e-20
4592.659784 1.422782e-15 1e-20
4592.911001 1.42315e-15 1e-20
4593.162218 1.423516e-15 1e-20
4593.413435 1.423884e-15 1e-20
4593.664652 1.424251e-15 1e-20
4593.915869 1.424618e-15 1e-20
4594.167086 1.436563e-15 1e-20
4594.418303 1.437098e-15 1e-20
4594.66952 1.437768e-15 1e-20
4594.920737 1.435678e-15 1e-20
4595.171954 1.427272e-15 1e-20
4595.423171 1.438236e-15 1e-20
4595.674388 1.449786e-15 1e-20
4595.925605 1.450535e-15 1e-20
4596.176822 1.450175e-15 1e-20
4596.428039 1.447021e-15 1e-20
4596.679255 1.450407e-15 1e-20
4596.930472 1.44903e-15 1e-20
4597.181689 1.436865e-15 1e-20
4597.432906 1.423953e-15 1e-20
4597.684123 1.426675e-15 1e-20
4597.93534 1.425278e-15 1e-20
4598.186557 1.432807e-15 1e-20
4598.437774 1.44198e-15 1e-20
4598.688991 1.432013e-15 1e-20
4598.940208 1.434737e-15 1e-20
4599.191425 1.447915e-15 1e-20
4599.442642 1.457193e-15 1e-20
4599.693859 1.45853e-15 1e-20
4599.945076 1.455329e-15 1e-20
4600.196293 1.457596e-15 1e-20
4600.44751 1.456898e-15 1e-20
4600.698726 1.454079e-15 1e-20
4600.949943 1.452371e-15 1e-20
4601.20116 1.462852e-15 1e-20
4601.452377 1.465234e-15 1e-20
4601.703594 1.454863e-15 1e-20
4601.954811 1.447893e-15 1e-20
4602.206028 1.449164e-15 1e-20
4602.457245 1.455421e-15 1e-20
4602.708462 1.457602e-15 1e-20
4602.959679 1.450025e-15 1e-20
4603.210896 1.442052e-15 1e-20
4603.462113 1.446535e-15 1e-20
4603.71333 1.459649e-15 1e-20
4603.964547 1.459771e-15 1e-20
4604.215764 1.462447e-15 1e-20
4604.466981 1.469312e-15 1e-20
4604.718197 1.460868e-15 1e-20
4604.969414 1.437289e-15 1e-20
4605.220631 1.422346e-15 1e-20
4605.471848 1.426791e-15 1e-20
4605.723065 1.429532e-15 1e-20
4605.974282 1.431481e-15 1e-20
4606.225499 1.442313e-15 1e-20
4606.476716 1.454122e-15 1e-20
4606.727933 1.458386e-15 1e-20
4606.97915 1.454558e-15 1e-20
4607.230367 1.440584e-15 1e-20
4607.481584 1.442295e-15 1e-20
4607.732801 1.445326e-15 1e-20
4607.984018 1.435887e-15 1e-20
4608.235235 1.432354e-15 1e-20
4608.486452 1.445833e-15 1e-20
4608.737668 1.466097e-15 1e-20
4608.988885 1.476757e-15 1e-20
4609.240102 1.468254e-15 1e-20
4609.491319 1.464316e-15 1e-20
4609.742536 1.462654e-15 1e-20
4609.993753 1.443738e-15 1e-20
4610.24497 1.433954e-15 1e-20
4610.496187 1.455952e-15 1e-20
4610.747404 1.468525e-15 1e-20
4610.998621 1.460505e-15 1e-20
4611.249838 1.44489e-15 1e-20
4611.501055 1.440651e-15 1e-20
4611.752272 1.451926e-15 1e-20
4612.003489 1.460728e-15 1e-20
4612.254706 1.459096e-15 1e-20
4612.505923 1.457391e-15 1e-20
4612.757139 1.444954e-15 1e-20
4613.008356 1.430338e-15 1e-20
4613.259573 1.426802e-15 1e-20
4613.51079 1.435208e-15 1e-20
4613.762007 1.440404e-15 1e-20
4614.013224 1.451777e-15 1e-20
4614.264441 1.465899e-15 1e-20
4614.515658 1.464337e-15 1e-20
4614.766875 1.452359e-15 1e-20
4615.018092 1.458091e-15 1e-20
4615.269309 1.469255e-15 1e-20
4615.520526 1.46551e-15 1e-20
4615.771743 1.460107e-15 1e-20
4616.02296 1.467349e-15 1e-20
4616.274177 1.476404e-15 1e-20
4616.525394 1.468234e-15 1e-20
4616.77661 1.446448e-15 1e-20
4617.027827 1.427016e-15 1e-20
4617.279044 1.422725e-15 1e-20
4617.530261 1.434979e-15 1e-20
4617.781478 1.447318e-15 1e-20
4618.032695 1.454097e-15 1e-20
4618.283912 1.453551e-15 1e-20
4618.535129 1.449617e-15 1e-20
4618.786346 1.43986e-15 1e-20
4619.037563 1.439378e-15 1e-20
4619.28878 1.443759e-15 1e-20
4619.539997 1.430603e-15 1e-20
4619.791214 1.419092e-15 1e-20
4620.042431 1.440927e-15 1e-20
4620.293648 1.457783e-15 1e-20
4620.544865 1.45945e-15 1e-20
4620.796081 1.452107e-15 1e-20
4621.047298 1.426306e-15 1e-20
4621.298515 1.414722e-15 1e-20
4621.549732 1.41924e-15 1e-20
4621.800949 1.428753e-15 1e-20
4622.052166 1.444506e-15 1e-20
4622.303383 1.462307e-15 1e-20
4622.5546 1.463064e-15 1e-20
4622.805817 1.447796e-15 1e-20
4623.057034 1.440848e-15 1e-20
4623.308251 1.435308e-15 1e-20
4623.559468 1.433393e-15 1e-20
4623.810685 1.430229e-15 1e-20
4624.061902 1.426462e-15 1e-20
4624.313119 1.428244e-15 1e-20
4624.564336 1.425826e-15 1e-20
4624.815552 1.42517e-15 1e-20
4625.066769 1.42104e-15 1e-20
4625.317986 1.399709e-15 1e-20
4625.569203 1.405418e-15 1e-20
4625.82042 1.43014e-15 1e-20
4626.071637 1.442973e-15 1e-20
4626.322854 1.440691e-15 1e-20
4626.574071 1.44584e-15 1e-20
4626.825288 1.443353e-15 1e-20
4627.076505 1.420282e-15 1e-20
4627.327722 1.397029e-15 1e-20
4627.578939 1.395948e-15 1e-20
4627.830156 1.410913e-15 1e-20
4628.081373 1.420117e-15 1e-20
4628.33259 1.418926e-15 1e-20
4628.583807 1.412758e-15 1e-20
4628.835023 1.406478e-15 1e-20
4629.08624 1.401457e-15 1e-20
4629.337457 1.402924e-15 1e-20
4629.588674 1.398973e-15 1e-20
4629.839891 1.394138e-15 1e-20
4630.091108 1.397735e-15 1e-20
4630.342325 1.409526e-15 1e-20
4630.593542 1.418422e-15 1e-20
4630.844759 1.41769e-15 1e-20
4631.095976 1.414765e-15 1e-20
4631.347193 1.414078e-15 1e-20
4631.59841 1.405814e-15 1e-20
4631.849627 1.400319e-15 1e-20
4632.100844 1.396671e-15 1e-20
4632.352061 1.394635e-15 1e-20
4632.603278 1.396051e-15 1e-20
4632.854494 1.394034e-15 1e-20
4633.105711 1.398529e-15 1e-20
4633.356928 1.415043e-15 1e-20
4633.608145 1.425143e-15 1e-20
4633.859362 1.411942e-15 1e-20
4634.110579 1.395797e-15 1e-20
4634.361796 1.401731e-15 1e-20
4634.613013 1.418389e-15 1e-20
4634.86423 1.407695e-15 1e-20
4635.115447 1.385414e-15 1e-20
4635.366664 1.381978e-15 1e-20
4635.617881 1.399442e-15 1e-20
4635.869098 1.406568e-15 1e-20
4636.120315 1.411041e-15 1e-20
4636.371532 1.410623e-15 1e-20
4636.622749 1.408716e-15 1e-20
4636.873966 1.400514e-15 1e-20
4637.125182 1.390302e-15 1e-20
4637.376399 1.388436e-15 1e-20
4637.627616 1.389652e-15 1e-20
4637.878833 1.396972e-15 1e-20
4638.13005 1.405768e-15 1e-20
4638.381267 1.40332e-15 1e-20
4638.632484 1.390994e-15 1e-20
4638.883701 1.398502e-15 1e-20
4639.134918 1.392851e-15 1e-20
4639.386135 1.387189e-15 1e-20
4639.637352 1.381538e-15 1e-20
4639.888569 1.375876e-15 1e-20
4640.139786 1.370225e-15 1e-20
4640.391003 1.359319e-15 1e-20
4640.64222 1.365387e-15 1e-20
4640.893437 1.377916e-15 1e-20
4641.144653 1.410456e-15 1e-20
4641.39587 1.411142e-15 1e-20
4641.647087 1.390497e-15 1e-20
4641.898304 1.378787e-15 1e-20
4642.149521 1.373732e-15 1e-20
4642.400738 1.394648e-15 1e-20
4642.651955 1.395237e-15 1e-20
4642.903172 1.381328e-15 1e-20
4643.154389 1.388444e-15 1e-20
4643.405606 1.400989e-15 1e-20
4643.656823 1.388808e-15 1e-20
4643.90804 1.374571e-15 1e-20
4644.159257 1.388056e-15 1e-20
4644.410474 1.403884e-15 1e-20
4644.661691 1.398955e-15 1e-20
4644.912908 1.40081e-15 1e-20
4645.164124 1.423964e-15 1e-20
4645.415341 1.418537e-15 1e-20
4645.666558 1.378473e-15 1e-20
4645.917775 1.345977e-15 1e-20
4646.168992 1.354353e-15 1e-20
4646.420209 1.369937e-15 1e-20
4646.671426 1.365481e-15 1e-20
4646.922643 1.368839e-15 1e-20
4647.17386 1.394941e-15 1e-20
4647.425077 1.395959e-15 1e-20
4647.676294 1.380398e-15 1e-20
4647.927511 1.365158e-15 1e-20
4648.178728 1.367951e-15 1e-20
4648.429945 1.381833e-15 1e-20
4648.681162 1.384772e-15 1e-20
4648.932379 1.381576e-15 1e-20
4649.183595 1.3856e-15 1e-20
4649.434812 1.397677e-15 1e-20
4649.686029 1.398157e-15 1e-20
4649.937246 1.395047e-15 1e-20
4650.188463 1.393198e-15 1e-20
4650.43968 1.395836e-15 1e-20
4650.690897 1.398141e-15 1e-20
4650.942114 1.383085e-15 1e-20
4651.193331 1.361624e-15 1e-20
4651.444548 1.358868e-15 1e-20
4651.695765 1.372118e-15 1e-20
4651.946982 1.388612e-15 1e-20
4652.198199 1.400439e-15 1e-20
4652.449416 1.393938e-15 1e-20
4652.700633 1.386528e-15 1e-20
4652.95185 1.394528e-15 1e-20
4653.203066 1.390175e-15 1e-20
4653.454283 1.383724e-15 1e-20
4653.7055 1.394186e-15 1e-20
4653.956717 1.403805e-15 1e-20
4654.207934 1.403191e-15 1e-20
4654.459151 1.400085e-15 1e-20
4654.710368 1.402508e-15 1e-20
4654.961585 1.401003e-15 1e-20
4655.212802 1.415615e-15 1e-20
4655.464019 1.426117e-15 1e-20
4655.715236 1.410497e-15 1e-20
4655.966453 1.389817e-15 1e-20
4656.21767 1.381262e-15 1e-20
4656.468887 1.384597e-15 1e-20
4656.720104 1.393089e-15 1e-20
4656.971321 1.404686e-15 1e-20
4657.222537 1.41036e-15 1e-20
4657.473754 1.397066e-15 1e-20
4657.724971 1.380163e-15 1e-20
4657.976188 1.382642e-15 1e-20
4658.227405 1.384262e-15 1e-20
4658.478622 1.379276e-15 1e-20
4658.729839 1.385528e-15 1e-20
4658.981056 1.410466e-15 1e-20
4659.232273 1.430915e-15 1e-20
4659.48349 1.442317e-15 1e-20
4659.734707 1.420088e-15 1e-20
4659.985924 1.387769e-15 1e-20
4660.237141 1.41027e-15 1e-20
4660.488358 1.41971e-15 1e-20
4660.739575 1.403669e-15 1e-20
4660.990792 1.401853e-15 1e-20
4661.242008 1.426268e-15 1e-20
4661.493225 1.442838e-15 1e-20
4661.744442 1.44718e-15 1e-20
4661.995659 1.45176e-15 1e-20
4662.246876 1.458017e-15 1e-20
4662.498093 1.463552e-15 1e-20
4662.74931 1.45438e-15 1e-20
4663.000527 1.434394e-15 1e-20
4663.251744 1.42015e-15 1e-20
4663.502961 1.414662e-15 1e-20
4663.754178 1.413742e-15 1e-20
4664.005395 1.416299e-15 1e-20
4664.256612 1.428538e-15 1e-20
4664.507829 1.43186e-15 1e-20
4664.759046 1.409831e-15 1e-20
4665.010263 1.38603e-15 1e-20
4665.261479 1.389901e-15 1e-20
4665.512696 1.408307e-15 1e-20
4665.763913 1.415161e-15 1e-20
4666.01513 1.423082e-15 1e-20
4666.266347 1.428838e-15 1e-20
4666.517564 1.408625e-15 1e-20
4666.768781 1.408761e-15 1e-20
4667.019998 1.401939e-15 1e-20
4667.271215 1.393522e-15 1e-20
4667.522432 1.415691e-15 1e-20
4667.773649 1.431648e-15 1e-20
4668.024866 1.432492e-15 1e-20
4668.276083 1.424613e-15 1e-20
4668.5273 1.363024e-15 1e-20
4668.778517 1.365787e-15 1e-20
4669.029734 1.367476e-15 1e-20
4669.28095 1.353135e-15 1e-20
4669.532167 1.350598e-15 1e-20
4669.783384 1.356926e-15 1e-20
4670.034601 1.364576e-15 1e-20
4670.285818 1.374464e-15 1e-20
4670.537035 1.385407e-15 1e-20
4670.788252 1.394234e-15 1e-20
4671.039469 1.397367e-15 1e-20
4671.290686 1.393511e-15 1e-20
4671.541903 1.388313e-15 1e-20
4671.79312 1.385765e-15 1e-20
4672.044337 1.38378e-15 1e-20
4672.295554 1.381331e-15 1e-20
4672.546771 1.380333e-15 1e-20
4672.797988 1.379775e-15 1e-20
4673.049205 1.366655e-15 1e-20
4673.300421 1.355459e-15 1e-20
4673.551638 1.364752e-15 1e-20
4673.802855 1.391903e-15 1e-20
4674.054072 1.409626e-15 1e-20
4674.305289 1.40701e-15 1e-20
4674.556506 1.395953e-15 1e-20
4674.807723 1.384547e-15 1e-20
4675.05894 1.383803e-15 1e-20
4675.310157 1.396263e-15 1e-20
4675.561374 1.407855e-15 1e-20
4675.812591 1.405939e-15 1e-20
4676.063808 1.395954e-15 1e-20
4676.315025 1.394541e-15 1e-20
4676.566242 1.390393e-15 1e-20
4676.817459 1.379277e-15 1e-20
4677.068676 1.367551e-15 1e-20
4677.319892 1.363984e-15 1e-20
4677.571109 1.368516e-15 1e-20
4677.822326 1.371175e-15 1e-20
4678.073543 1.362275e-15 1e-20
4678.32476 1.366671e-15 1e-20
4678.575977 1.382107e-15 1e-20
4678.827194 1.388683e-15 1e-20
4679.078411 1.393642e-15 1e-20
4679.329628 1.390125e-15 1e-20
4679.580845 1.377022e-15 1e-20
4679.832062 1.370153e-15 1e-20
4680.083279 1.364251e-15 1e-20
4680.334496 1.358631e-15 1e-20
4680.585713 1.35955e-15 1e-20
4680.83693 1.363877e-15 1e-20
4681.088147 1.374071e-15 1e-20
4681.339363 1.387207e-15 1e-20
4681.59058 1.387452e-15 1e-20
4681.841797 1.378483e-15 1e-20
4682.093014 1.3716e-15 1e-20
4682.344231 1.373955e-15 1e-20
4682.595448 1.378267e-15 1e-20
4682.846665 1.380116e-15 1e-20
4683.097882 1.38049e-15 1e-20
4683.349099 1.382247e-15 1e-20
4683.600316 1.371626e-15 1e-20
4683.851533 1.353385e-15 1e-20
4684.10275 1.354974e-15 1e-20
4684.353967 1.366248e-15 1e-20
4684.605184 1.373531e-15 1e-20
4684.856401 1.371327e-15 1e-20
4685.107618 1.363433e-15 1e-20
4685.358834 1.349849e-15 1e-20
4685.610051 1.342201e-15 1e-20
4685.861268 1.362173e-15 1e-20
4686.112485 1.378331e-15 1e-20
4686.363702 1.37471e-15 1e-20
4686.614919 1.363561e-15 1e-20
4686.866136 1.355336e-15 1e-20
4687.117353 1.358958e-15 1e-20
4687.36857 1.372477e-15 1e-20
4687.619787 1.379856e-15 1e-20
4687.871004 1.369132e-15 1e-20
4688.122221 1.351311e-15 1e-20
4688.373438 1.349671e-15 1e-20
4688.624655 1.355647e-15 1e-20
4688.875872 1.358085e-15 1e-20
4689.127089 1.355097e-15 1e-20
4689.378305 1.3571e-15 1e-20
4689.629522 1.358783e-15 1e-20
4689.880739 1.355206e-15 1e-20
4690.131956 1.350425e-15 1e-20
4690.383173 1.350301e-15 1e-20
4690.63439 1.347283e-15 1e-20
4690.885607 1.333443e-15 1e-20
4691.136824 1.322932e-15 1e-20
4691.388041 1.325952e-15 1e-20
4691.639258 1.336414e-15 1e-20
4691.890475 1.334976e-15 1e-20
4692.141692 1.327102e-15 1e-20
4692.392909 1.327138e-15 1e-20
4692.644126 1.340315e-15 1e-20
4692.895343 1.344653e-15 1e-20
4693.14656 1.348689e-15 1e-20
4693.397776 1.359777e-15 1e-20
4693.648993 1.356961e-15 1e-20
4693.90021 1.34833e-15 1e-20
4694.151427 1.34511e-15 1e-20
4694.402644 1.348617e-15 1e-20
4694.653861 1.351594e-15 1e-20
4694.905078 1.345086e-15 1e-20
4695.156295 1.327211e-15 1e-20
4695.407512 1.308903e-15 1e-20
4695.658729 1.310484e-15 1e-20
4695.909946 1.327819e-15 1e-20
4696.161163 1.330783e-15 1e-20
4696.41238 1.311993e-15 1e-20
4696.663597 1.298177e-15 1e-20
4696.914814 1.309633e-15 1e-20
4697.166031 1.308762e-15 1e-20
4697.417247 1.301724e-15 1e-20
4697.668464 1.300137e-15 1e-20
4697.919681 1.295516e-15 1e-20
4698.170898 1.296823e-15 1e-20
4698.422115 1.305706e-15 1e-20
4698.673332 1.312487e-15 1e-20
4698.924549 1.304748e-15 1e-20
4699.175766 1.293681e-15 1e-20
4699.426983 1.290628e-15 1e-20
4699.6782 1.287792e-15 1e-20
4699.929417 1.288381e-15 1e-20
4700.180634 1.288452e-15 1e-20
4700.431851 1.279572e-15 1e-20
4700.683068 1.271008e-15 1e-20
4700.934285 1.265428e-15 1e-20
4701.185502 1.262687e-15 1e-20
4701.436718 1.266872e-15 1e-20
4701.687935 1.268519e-15 1e-20
4701.939152 1.264495e-15 1e-20
4702.190369 1.261942e-15 1e-20
4702.441586 1.256244e-15 1e-20
4702.692803 1.250041e-15 1e-20
4702.94402 1.249296e-15 1e-20
4703.195237 1.252286e-15 1e-20
4703.446454 1.24656e-15 1e-20
4703.697671 1.230609e-15 1e-20
4703.948888 1.220977e-15 1e-20
4704.200105 1.225394e-15 1e-20
4704.451322 1.2301e-15 1e-20
4704.702539 1.220924e-15 1e-20
4704.953756 1.220714e-15 1e-20
4705.204973 1.234568e-15 1e-20
4705.456189 1.24919e-15 1e-20
4705.707406 1.246174e-15 1e-20
4705.958623 1.234804e-15 1e-20
4706.20984 1.226314e-15 1e-20
4706.461057 1.223917e-15 1e-20
4706.712274 1.228082e-15 1e-20
4706.963491 1.230797e-15 1e-20
4707.214708 1.225467e-15 1e-20
4707.465925 1.216724e-15 1e-20
4707.717142 1.215448e-15 1e-20
4707.968359 1.223131e-15 1e-20
4708.219576 1.229746e-15 1e-20
4708.470793 1.23049e-15 1e-20
4708.72201 1.22503e-15 1e-20
4708.973227 1.217982e-15 1e-20
4709.224444 1.217389e-15 1e-20
4709.47566 1.220603e-15 1e-20
4709.726877 1.219331e-15 1e-20
4709.978094 1.208224e-15 1e-20
4710.229311 1.198046e-15 1e-20
4710.480528 1.193594e-15 1e-20
4710.731745 1.193873e-15 1e-20
4710.982962 1.203476e-15 1e-20
4711.234179 1.205774e-15 1e-20
4711.485396 1.193719e-15 1e-20
4711.736613 1.186211e-15 1e-20
4711.98783 1.175369e-15 1e-20
4712.239047 1.165323e-15 1e-20
4712.490264 1.16842e-15 1e-20
4712.741481 1.168665e-15 1e-20
4712.992698 1.161221e-15 1e-20
4713.243915 1.155987e-15 1e-20
4713.495131 1.168162e-15 1e-20
4713.746348 1.18134e-15 1e-20
4713.997565 1.181547e-15 1e-20
4714.248782 1.171826e-15 1e-20
4714.499999 1.159401e-15 1e-20
4714.751216 1.152803e-15 1e-20
4715.002433 1.154304e-15 1e-20
4715.25365 1.155191e-15 1e-20
4715.504867 1.158799e-15 1e-20
4715.756084 1.165695e-15 1e-20
4716.007301 1.167909e-15 1e-20
4716.258518 1.164068e-15 1e-20
4716.509735 1.158694e-15 1e-20
4716.760952 1.155136e-15 1e-20
4717.012169 1.146596e-15 1e-20
4717.263386 1.14869e-15 1e-20
4717.514602 1.165737e-15 1e-20
4717.765819 1.172978e-15 1e-20
4718.017036 1.162364e-15 1e-20
4718.268253 1.143308e-15 1e-20
4718.51947 1.133012e-15 1e-20
4718.770687 1.138291e-15 1e-20
4719.021904 1.148191e-15 1e-20
4719.273121 1.149917e-15 1e-20
4719.524338 1.144546e-15 1e-20
4719.775555 1.139341e-15 1e-20
4720.026772 1.138437e-15 1e-20
4720.277989 1.140235e-15 1e-20
4720.529206 1.144129e-15 1e-20
4720.780423 1.139758e-15 1e-20
4721.03164 1.123279e-15 1e-20
4721.282857 1.113781e-15 1e-20
4721.534073 1.122038e-15 1e-20
4721.78529 1.138782e-15 1e-20
4722.036507 1.141793e-15 1e-20
4722.287724 1.132472e-15 1e-20
4722.538941 1.122475e-15 1e-20
4722.790158 1.124329e-15 1e-20
4723.041375 1.142996e-15 1e-20
4723.292592 1.149191e-15 1e-20
4723.543809 1.131711e-15 1e-20
4723.795026 1.121562e-15 1e-20
4724.046243 1.124056e-15 1e-20
4724.29746 1.12428e-15 1e-20
4724.548677 1.11066e-15 1e-20
4724.799894 1.110278e-15 1e-20
4725.051111 1.115631e-15 1e-20
4725.302328 1.11176e-15 1e-20
4725.553544 1.106573e-15 1e-20
4725.804761 1.102777e-15 1e-20
4726.055978 1.095078e-15 1e-20
4726.307195 1.080692e-15 1e-20
4726.558412 1.085769e-15 1e-20
4726.809629 1.098672e-15 1e-20
4727.060846 1.096572e-15 1e-20
4727.312063 1.08752e-15 1e-20
4727.56328 1.084756e-15 1e-20
4727.814497 1.086614e-15 1e-20
4728.065714 1.078237e-15 1e-20
4728.316931 1.070221e-15 1e-20
4728.568148 1.064643e-15 1e-20
4728.819365 1.059091e-15 1e-20
4729.070582 1.062639e-15 1e-20
4729.321799 1.068998e-15 1e-20
4729.573015 1.070006e-15 1e-20
4729.824232 1.066191e-15 1e-20
4730.075449 1.061847e-15 1e-20
4730.326666 1.0612e-15 1e-20
4730.577883 1.065935e-15 1e-20
4730.8291 1.074453e-15 1e-20
4731.080317 1.076682e-15 1e-20
4731.331534 1.065983e-15 1e-20
4731.582751 1.048954e-15 1e-20
4731.833968 1.040358e-15 1e-20
4732.085185 1.04793e-15 1e-20
4732.336402 1.065715e-15 1e-20
4732.587619 1.07663e-15 1e-20
4732.838836 1.074997e-15 1e-20
4733.090053 1.066245e-15 1e-20
4733.34127 1.058958e-15 1e-20
4733.592486 1.054145e-15 1e-20
4733.843703 1.05179e-15 1e-20
4734.09492 1.053064e-15 1e-20
4734.346137 1.054699e-15 1e-20
4734.597354 1.052817e-15 1e-20
4734.848571 1.045037e-15 1e-20
4735.099788 1.032137e-15 1e-20
4735.351005 1.032783e-15 1e-20
4735.602222 1.048267e-15 1e-20
4735.853439 1.053141e-15 1e-20
4736.104656 1.050573e-15 1e-20
4736.355873 1.051006e-15 1e-20
4736.60709 1.056195e-15 1e-20
4736.858307 1.047747e-15 1e-20
4737.109524 1.028432e-15 1e-20
4737.360741 1.017643e-15 1e-20
4737.611957 1.032473e-15 1e-20
4737.863174 1.039615e-15 1e-20
4738.114391 1.029806e-15 1e-20
4738.365608 1.024222e-15 1e-20
4738.616825 1.019591e-15 1e-20
4738.868042 1.014167e-15 1e-20
4739.119259 1.010989e-15 1e-20
4739.370476 1.015572e-15 1e-20
4739.621693 1.023492e-15 1e-20
4739.87291 1.029528e-15 1e-20
4740.124127 1.031796e-15 1e-20
4740.375344 1.027424e-15 1e-20
4740.626561 1.021486e-15 1e-20
4740.877778 1.019852e-15 1e-20
4741.128995 1.018739e-15 1e-20
4741.380212 1.011427e-15 1e-20
4741.631428 9.999567e-16 1e-20
4741.882645 9.966531e-16 1e-20
4742.133862 1.0064e-15 1e-20
4742.385079 1.015182e-15 1e-20
4742.636296 1.00767e-15 1e-20
4742.887513 9.971776e-16 1e-20
4743.13873 1.002754e-15 1e-20
4743.389947 1.018309e-15 1e-20
4743.641164 1.009514e-15 1e-20
4743.892381 1.000852e-15 1e-20
4744.143598 1.01027e-15 1e-20
4744.394815 1.028257e-15 1e-20
4744.646032 1.03373e-15 1e-20
4744.897249 1.02373e-15 1e-20
4745.148466 1.01009e-15 1e-20
4745.399683 1.005708e-15 1e-20
4745.650899 1.003557e-15 1e-20
4745.902116 9.981002e-16 1e-20
4746.153333 9.93166e-16 1e-20
4746.40455 9.909813e-16 1e-20
4746.655767 9.918597e-16 1e-20
4746.906984 9.94668e-16 1e-20
4747.158201 9.981579e-16 1e-20
4747.409418 1.002515e-15 1e-20
4747.660635 1.007499e-15 1e-20
4747.911852 1.011468e-15 1e-20
4748.163069 1.012343e-15 1e-20
4748.414286 1.009922e-15 1e-20
4748.665503 1.004752e-15 1e-20
4748.91672 9.957402e-16 1e-20
4749.167937 9.900564e-16 1e-20
4749.419154 9.949615e-16 1e-20
4749.67037 1.009326e-15 1e-20
4749.921587 1.018092e-15 1e-20
4750.172804 1.015244e-15 1e-20
4750.424021 1.006929e-15 1e-20
4750.675238 9.991484e-16 1e-20
4750.926455 9.913381e-16 1e-20
4751.177672 9.845465e-16 1e-20
4751.428889 9.869733e-16 1e-20
4751.680106 9.926889e-16 1e-20
4751.931323 9.929012e-16 1e-20
4752.18254 9.854678e-16 1e-20
4752.433757 9.819733e-16 1e-20
4752.684974 9.848941e-16 1e-20
4752.936191 9.895268e-16 1e-20
4753.187408 9.928941e-16 1e-20
4753.438625 9.923146e-16 1e-20
4753.689842 9.901033e-16 1e-20
4753.941058 9.926345e-16 1e-20
4754.192275 1.001053e-15 1e-20
4754.443492 1.005149e-15 1e-20
4754.694709 9.98771e-16 1e-20
4754.945926 1.000269e-15 1e-20
4755.197143 1.007381e-15 1e-20
4755.44836 1.008793e-15 1e-20
4755.699577 9.996035e-16 1e-20
4755.950794 9.928507e-16 1e-20
4756.202011 9.922716e-16 1e-20
4756.453228 9.915692e-16 1e-20
4756.704445 9.916999e-16 1e-20
4756.955662 9.9975e-16 1e-20
4757.206879 1.011666e-15 1e-20
4757.458096 1.006281e-15 1e-20
4757.709313 9.998134e-16 1e-20
4757.960529 9.991109e-16 1e-20
4758.211746 9.924645e-16 1e-20
4758.462963 9.806952e-16 1e-20
4758.71418 9.713105e-16 1e-20
4758.965397 9.745028e-16 1e-20
4759.216614 9.964023e-16 1e-20
4759.467831 1.013549e-15 1e-20
4759.719048 1.011854e-15 1e-20
4759.970265 1.003524e-15 1e-20
4760.221482 1.006458e-15 1e-20
4760.472699 1.011827e-15 1e-20
4760.723916 1.004744e-15 1e-20
4760.975133 1.001901e-15 1e-20
4761.22635 1.006307e-15 1e-20
4761.477567 1.013539e-15 1e-20
4761.728784 1.019396e-15 1e-20
4761.98 1.020112e-15 1e-20
4762.231217 1.015689e-15 1e-20
4762.482434 1.00914e-15 1e-20
4762.733651 1.003074e-15 1e-20
4762.984868 1.003136e-15 1e-20
4763.236085 1.008567e-15 1e-20
4763.487302 1.008732e-15 1e-20
4763.738519 1.007979e-15 1e-20
4763.989736 1.010157e-15 1e-20
4764.240953 1.013192e-15 1e-20
4764.49217 1.013563e-15 1e-20
4764.743387 1.012043e-15 1e-20
4764.994604 1.013428e-15 1e-20
4765.245821 1.022846e-15 1e-20
4765.497038 1.032821e-15 1e-20
4765.748255 1.036233e-15 1e-20
4765.999471 1.033753e-15 1e-20
4766.250688 1.032225e-15 1e-20
4766.501905 1.0294e-15 1e-20
4766.753122 1.022272e-15 1e-20
4767.004339 1.021059e-15 1e-20
4767.255556 1.014451e-15 1e-20
4767.506773 1.002661e-15 1e-20
4767.75799 1.007893e-15 1e-20
4768.009207 1.023939e-15 1e-20
4768.260424 1.041625e-15 1e-20
4768.511641 1.056388e-15 1e-20
4768.762858 1.066547e-15 1e-20
4769.014075 1.06884e-15 1e-20
4769.265292 1.063327e-15 1e-20
4769.516509 1.056217e-15 1e-20
4769.767726 1.051894e-15 1e-20
4770.018942 1.052796e-15 1e-20
4770.270159 1.056234e-15 1e-20
4770.521376 1.048798e-15 1e-20
4770.772593 1.035664e-15 1e-20
4771.02381 1.031269e-15 1e-20
4771.275027 1.041784e-15 1e-20
4771.526244 1.05327e-15 1e-20
4771.777461 1.056332e-15 1e-20
4772.028678 1.055058e-15 1e-20
4772.279895 1.0521e-15 1e-20
4772.531112 1.051763e-15 1e-20
4772.782329 1.053434e-15 1e-20
4773.033546 1.046206e-15 1e-20
4773.284763 1.037193e-15 1e-20
4773.53598 1.037987e-15 1e-20
4773.787197 1.049804e-15 1e-20
4774.038413 1.048533e-15 1e-20
4774.28963 1.039339e-15 1e-20
4774.540847 1.042196e-15 1e-20
4774.792064 1.044085e-15 1e-20
4775.043281 1.049171e-15 1e-20
4775.294498 1.058901e-15 1e-20
4775.545715 1.05895e-15 1e-20
4775.796932 1.049116e-15 1e-20
4776.048149 1.04633e-15 1e-20
4776.299366 1.063917e-15 1e-20
4776.550583 1.073062e-15 1e-20
4776.8018 1.066278e-15 1e-20
4777.053017 1.054456e-15 1e-20
4777.304234 1.049557e-15 1e-20
4777.555451 1.049824e-15 1e-20
4777.806668 1.0522e-15 1e-20
4778.057884 1.055616e-15 1e-20
4778.309101 1.050266e-15 1e-20
4778.560318 1.044583e-15 1e-20
4778.811535 1.050474e-15 1e-20
4779.062752 1.060308e-15 1e-20
4779.313969 1.064416e-15 1e-20
4779.565186 1.062814e-15 1e-20
4779.816403 1.065045e-15 1e-20
4780.06762 1.068279e-15 1e-20
4780.318837 1.065333e-15 1e-20
4780.570054 1.053736e-15 1e-20
4780.821271 1.04387e-15 1e-20
4781.072488 1.03982e-15 1e-20
4781.323705 1.042757e-15 1e-20
4781.574922 1.052823e-15 1e-20
4781.826139 1.05717e-15 1e-20
4782.077355 1.049985e-15 1e-20
4782.328572 1.039812e-15 1e-20
4782.579789 1.04663e-15 1e-20
4782.831006 1.059352e-15 1e-20
4783.082223 1.059962e-15 1e-20
4783.33344 1.052302e-15 1e-20
4783.584657 1.055273e-15 1e-20
4783.835874 1.067914e-15 1e-20
4784.087091 1.069878e-15 1e-20
4784.338308 1.063619e-15 1e-20
4784.589525 1.054528e-15 1e-20
4784.840742 1.046609e-15 1e-20
4785.091959 1.041735e-15 1e-20
4785.343176 1.040021e-15 1e-20
4785.594393 1.040889e-15 1e-20
4785.84561 1.043879e-15 1e-20
4786.096826 1.049784e-15 1e-20
4786.348043 1.050015e-15 1e-20
4786.59926 1.038519e-15 1e-20
4786.850477 1.02999e-15 1e-20
4787.101694 1.028553e-15 1e-20
4787.352911 1.031972e-15 1e-20
4787.604128 1.037398e-15 1e-20
4787.855345 1.041793e-15 1e-20
4788.106562 1.038038e-15 1e-20
4788.357779 1.025482e-15 1e-20
4788.608996 1.028174e-15 1e-20
4788.860213 1.042201e-15 1e-20
4789.11143 1.046128e-15 1e-20
4789.362647 1.025497e-15 1e-20
4789.613864 1.0096e-15 1e-20
4789.865081 1.016052e-15 1e-20
4790.116297 1.032335e-15 1e-20
4790.367514 1.038498e-15 1e-20
4790.618731 1.029882e-15 1e-20
4790.869948 1.016081e-15 1e-20
4791.121165 1.009958e-15 1e-20
4791.372382 1.012206e-15 1e-20
4791.623599 1.015214e-15 1e-20
4791.874816 1.011887e-15 1e-20
4792.126033 1.010395e-15 1e-20
4792.37725 1.01228e-15 1e-20
4792.628467 1.012406e-15 1e-20
4792.879684 1.007838e-15 1e-20
4793.130901 9.997196e-16 1e-20
4793.382118 9.919806e-16 1e-20
4793.633335 9.894401e-16 1e-20
4793.884552 9.990927e-16 1e-20
4794.135768 1.007692e-15 1e-20
4794.386985 9.983979e-16 1e-20
4794.638202 9.888608e-16 1e-20
4794.889419 9.854356e-16 1e-20
4795.140636 9.862276e-16 1e-20
4795.391853 9.891171e-16 1e-20
4795.64307 9.885672e-16 1e-20
4795.894287 9.858092e-16 1e-20
4796.145504 9.864112e-16 1e-20
4796.396721 9.860969e-16 1e-20
4796.647938 9.817451e-16 1e-20
4796.899155 9.738878e-16 1e-20
4797.150372 9.667132e-16 1e-20
4797.401589 9.690563e-16 1e-20
4797.652806 9.787392e-16 1e-20
4797.904023 9.813813e-16 1e-20
4798.155239 9.691073e-16 1e-20
4798.406456 9.563815e-16 1e-20
4798.657673 9.605443e-16 1e-20
4798.90889 9.730628e-16 1e-20
4799.160107 9.801016e-16 1e-20
4799.411324 9.742656e-16 1e-20
4799.662541 9.612376e-16 1e-20
4799.913758 9.583981e-16 1e-20
4800.164975 9.654299e-16 1e-20
4800.416192 9.687975e-16 1e-20
4800.667409 9.657232e-16 1e-20
4800.918626 9.583051e-16 1e-20
4801.169843 9.50502e-16 1e-20
4801.42106 9.448765e-16 1e-20
4801.672277 9.399837e-16 1e-20
4801.923494 9.347266e-16 1e-20
4802.17471 9.314173e-16 1e-20
4802.425927 9.37314e-16 1e-20
4802.677144 9.500857e-16 1e-20
4802.928361 9.575966e-16 1e-20
4803.179578 9.460437e-16 1e-20
4803.430795 9.353274e-16 1e-20
4803.682012 9.372005e-16 1e-20
4803.933229 9.418655e-16 1e-20
4804.184446 9.467133e-16 1e-20
4804.435663 9.467402e-16 1e-20
4804.68688 9.418026e-16 1e-20
4804.938097 9.44332e-16 1e-20
4805.189314 9.529944e-16 1e-20
4805.440531 9.57749e-16 1e-20
4805.691748 9.498454e-16 1e-20
4805.942965 9.363017e-16 1e-20
4806.194181 9.290969e-16 1e-20
4806.445398 9.315925e-16 1e-20
4806.696615 9.265698e-16 1e-20
4806.947832 9.218776e-16 1e-20
4807.199049 9.235501e-16 1e-20
4807.450266 9.17245e-16 1e-20
4807.701483 9.027529e-16 1e-20
4807.9527 8.908821e-16 1e-20
4808.203917 8.931188e-16 1e-20
4808.455134 9.053647e-16 1e-20
4808.706351 9.194271e-16 1e-20
4808.957568 9.252058e-16 1e-20
4809.208785 9.150025e-16 1e-20
4809.460002 9.124936e-16 1e-20
4809.711219 9.205956e-16 1e-20
4809.962436 9.174773e-16 1e-20
4810.213652 9.150064e-16 1e-20
4810.464869 9.142804e-16 1e-20
4810.716086 9.114346e-16 1e-20
4810.967303 9.136793e-16 1e-20
4811.21852 9.116777e-16 1e-20
4811.469737 9.062975e-16 1e-20
4811.720954 9.129853e-16 1e-20
4811.972171 9.182129e-16 1e-20
4812.223388 9.164569e-16 1e-20
4812.474605 9.129499e-16 1e-20
4812.725822 9.107187e-16 1e-20
4812.977039 9.087003e-16 1e-20
4813.228256 9.016865e-16 1e-20
4813.479473 8.860029e-16 1e-20
4813.73069 8.814632e-16 1e-20
4813.981907 8.969975e-16 1e-20
4814.233123 9.190687e-16 1e-20
4814.48434 9.744369e-16 1e-20
4814.735557 9.668283e-16 1e-20
4814.986774 9.526105e-16 1e-20
4815.237991 9.419536e-16 1e-20
4815.489208 9.405143e-16 1e-20
4815.740425 9.333732e-16 1e-20
4815.991642 9.327931e-16 1e-20
4816.242859 9.302689e-16 1e-20
4816.494076 9.269321e-16 1e-20
4816.745293 9.310624e-16 1e-20
4816.99651 9.308803e-16 1e-20
4817.247727 9.449486e-16 1e-20
4817.498944 9.659756e-16 1e-20
4817.750161 9.648357e-16 1e-20
4818.001378 9.372394e-16 1e-20
4818.252594 9.096616e-16 1e-20
4818.503811 9.098301e-16 1e-20
4818.755028 9.056661e-16 1e-20
4819.006245 8.987062e-16 1e-20
4819.257462 9.080072e-16 1e-20
4819.508679 9.145614e-16 1e-20
4819.759896 9.164187e-16 1e-20
4820.011113 9.256467e-16 1e-20
4820.26233 9.349939e-16 1e-20
4820.513547 9.378595e-16 1e-20
4820.764764 9.257403e-16 1e-20
4821.015981 9.167662e-16 1e-20
4821.267198 9.274915e-16 1e-20
4821.518415 9.339781e-16 1e-20
4821.769632 9.375215e-16 1e-20
4822.020849 9.479369e-16 1e-20
4822.272065 9.4717e-16 1e-20
4822.523282 9.303361e-16 1e-20
4822.774499 9.081831e-16 1e-20
4823.025716 9.050395e-16 1e-20
4823.276933 9.180544e-16 1e-20
4823.52815 9.288597e-16 1e-20
4823.779367 9.283606e-16 1e-20
4824.030584 9.195872e-16 1e-20
4824.281801 9.061899e-16 1e-20
4824.533018 8.891055e-16 1e-20
4824.784235 8.848513e-16 1e-20
4825.035452 8.981858e-16 1e-20
4825.286669 9.115702e-16 1e-20
4825.537886 9.23819e-16 1e-20
4825.789103 9.306617e-16 1e-20
4826.04032 9.278772e-16 1e-20
4826.291536 9.220184e-16 1e-20
4826.542753 9.234796e-16 1e-20
4826.79397 9.375499e-16 1e-20
4827.045187 9.54449e-16 1e-20
4827.296404 9.502041e-16 1e-20
4827.547621 9.417702e-16 1e-20
4827.798838 9.423233e-16 1e-20
4828.050055 9.405149e-16 1e-20
4828.301272 9.282585e-16 1e-20
4828.552489 9.130266e-16 1e-20
4828.803706 9.191614e-16 1e-20
4829.054923 9.234343e-16 1e-20
4829.30614 9.198645e-16 1e-20
4829.557357 9.318447e-16 1e-20
4829.808574 9.489986e-16 1e-20
4830.059791 9.620791e-16 1e-20
4830.311007 9.645372e-16 1e-20
4830.562224 9.556117e-16 1e-20
4830.813441 9.381623e-16 1e-20
4831.064658 9.292183e-16 1e-20
4831.315875 9.303783e-16 1e-20
4831.567092 9.346242e-16 1e-20
4831.818309 9.351024e-16 1e-20
4832.069526 9.306176e-16 1e-20
4832.320743 9.228991e-16 1e-20
4832.57196 9.111094e-16 1e-20
4832.823177 9.062439e-16 1e-20
4833.074394 9.193461e-16 1e-20
4833.325611 9.407955e-16 1e-20
4833.576828 9.543276e-16 1e-20
4833.828045 9.616973e-16 1e-20
4834.079262 9.600818e-16 1e-20
4834.330478 9.424684e-16 1e-20
4834.581695 9.130565e-16 1e-20
4834.832912 9.015015e-16 1e-20
4835.084129 9.218909e-16 1e-20
4835.335346 9.443035e-16 1e-20
4835.586563 9.491347e-16 1e-20
4835.83778 9.395482e-16 1e-20
4836.088997 9.364258e-16 1e-20
4836.340214 9.469361e-16 1e-20
4836.591431 9.633827e-16 1e-20
4836.842648 9.594763e-16 1e-20
4837.093865 9.461177e-16 1e-20
4837.345082 9.428351e-16 1e-20
4837.596299 9.425249e-16 1e-20
4837.847516 9.458427e-16 1e-20
4838.098733 9.565073e-16 1e-20
4838.349949 9.525637e-16 1e-20
4838.601166 9.334301e-16 1e-20
4838.852383 9.228867e-16 1e-20
4839.1036 9.228322e-16 1e-20
4839.354817 9.336914e-16 1e-20
4839.606034 9.506023e-16 1e-20
4839.857251 9.503432e-16 1e-20
4840.108468 9.326982e-16 1e-20
4840.359685 9.259223e-16 1e-20
4840.610902 9.285626e-16 1e-20
4840.862119 9.320477e-16 1e-20
4841.113336 9.367758e-16 1e-20
4841.364553 9.371033e-16 1e-20
4841.61577 9.335565e-16 1e-20
4841.866987 9.351779e-16 1e-20
4842.118204 9.437327e-16 1e-20
4842.36942 9.448181e-16 1e-20
4842.620637 9.298087e-16 1e-20
4842.871854 9.221345e-16 1e-20
4843.123071 9.315759e-16 1e-20
4843.374288 9.348205e-16 1e-20
4843.625505 9.285779e-16 1e-20
4843.876722 9.26526e-16 1e-20
4844.127939 9.315309e-16 1e-20
4844.379156 9.395495e-16 1e-20
4844.630373 9.437627e-16 1e-20
4844.88159 9.508022e-16 1e-20
4845.132807 9.579525e-16 1e-20
4845.384024 9.551393e-16 1e-20
4845.635241 9.572792e-16 1e-20
4845.886458 9.653416e-16 1e-20
4846.137675 9.664002e-16 1e-20
4846.388891 9.553427e-16 1e-20
4846.640108 9.435496e-16 1e-20
4846.891325 9.462214e-16 1e-20
4847.142542 9.489876e-16 1e-20
4847.393759 9.462616e-16 1e-20
4847.644976 9.492698e-16 1e-20
4847.896193 9.46892e-16 1e-20
4848.14741 9.403317e-16 1e-20
4848.398627 9.471012e-16 1e-20
4848.649844 9.535064e-16 1e-20
4848.901061 9.534798e-16 1e-20
4849.152278 9.504713e-16 1e-20
4849.403495 9.461603e-16 1e-20
4849.654712 9.439009e-16 1e-20
4849.905929 9.425747e-16 1e-20
4850.157146 9.360426e-16 1e-20
4850.408362 9.261007e-16 1e-20
4850.659579 9.357032e-16 1e-20
4850.910796 9.474371e-16 1e-20
4851.162013 9.430211e-16 1e-20
4851.41323 9.453508e-16 1e-20
4851.664447 9.567519e-16 1e-20
4851.915664 9.631706e-16 1e-20
4852.166881 9.518977e-16 1e-20
4852.418098 9.355134e-16 1e-20
4852.669315 9.345912e-16 1e-20
4852.920532 9.442924e-16 1e-20
4853.171749 9.514876e-16 1e-20
4853.422966 9.476689e-16 1e-20
4853.674183 9.401049e-16 1e-20
4853.9254 9.379372e-16 1e-20
4854.176617 9.421882e-16 1e-20
4854.427833 9.576751e-16 1e-20
4854.67905 9.784279e-16 1e-20
4854.930267 9.88278e-16 1e-20
4855.181484 9.866773e-16 1e-20
4855.432701 9.806683e-16 1e-20
4855.683918 9.773479e-16 1e-20
4855.935135 9.71591e-16 1e-20
4856.186352 9.64268e-16 1e-20
4856.437569 9.64826e-16 1e-20
4856.688786 9.701617e-16 1e-20
4856.940003 9.804184e-16 1e-20
4857.19122 9.950296e-16 1e-20
4857.442437 1.001417e-15 1e-20
4857.693654 9.937313e-16 1e-20
4857.944871 9.824728e-16 1e-20
4858.196088 9.785451e-16 1e-20
4858.447304 9.796995e-16 1e-20
4858.698521 9.872103e-16 1e-20
4858.949738 9.994595e-16 1e-20
4859.200955 1.005252e-15 1e-20
4859.452172 9.982589e-16 1e-20
4859.703389 9.877924e-16 1e-20
4859.954606 9.890387e-16 1e-20
4860.205823 9.879985e-16 1e-20
4860.45704 9.787985e-16 1e-20
4860.708257 9.696597e-16 1e-20
4860.959474 9.688108e-16 1e-20
4861.210691 9.835487e-16 1e-20
4861.461908 1.011045e-15 1e-20
4861.713125 1.020312e-15 1e-20
4861.964342 1.005232e-15 1e-20
4862.215559 9.931021e-16 1e-20
4862.466775 9.947299e-16 1e-20
4862.717992 1.00625e-15 1e-20
4862.969209 1.017471e-15 1e-20
4863.220426 1.032044e-15 1e-20
4863.471643 1.048185e-15 1e-20
4863.72286 1.051815e-15 1e-20
4863.974077 1.039068e-15 1e-20
4864.225294 1.018753e-15 1e-20
4864.476511 1.007703e-15 1e-20
4864.727728 1.007002e-15 1e-20
4864.978945 1.010904e-15 1e-20
4865.230162 1.019571e-15 1e-20
4865.481379 1.02074e-15 1e-20
4865.732596 1.012786e-15 1e-20
4865.983813 1.011158e-15 1e-20
4866.23503 1.006945e-15 1e-20
4866.486246 9.956938e-16 1e-20
4866.737463 9.952673e-16 1e-20
4866.98868 1.006401e-15 1e-20
4867.239897 1.015593e-15 1e-20
4867.491114 1.010723e-15 1e-20
4867.742331 1.000384e-15 1e-20
4867.993548 1.001398e-15 1e-20
4868.244765 1.008037e-15 1e-20
4868.495982 1.012158e-15 1e-20
4868.747199 1.016198e-15 1e-20
4868.998416 1.018586e-15 1e-20
4869.249633 1.021025e-15 1e-20
4869.50085 1.025807e-15 1e-20
4869.752067 1.026856e-15 1e-20
4870.003284 1.024206e-15 1e-20
4870.254501 1.021351e-15 1e-20
4870.505717 1.023767e-15 1e-20
4870.756934 1.026834e-15 1e-20
4871.008151 1.034728e-15 1e-20
4871.259368 1.04595e-15 1e-20
4871.510585 1.052623e-15 1e-20
4871.761802 1.053583e-15 1e-20
4872.013019 1.049665e-15 1e-20
4872.264236 1.047869e-15 1e-20
4872.515453 1.047135e-15 1e-20
4872.76667 1.049711e-15 1e-20
4873.017887 1.059645e-15 1e-20
4873.269104 1.054985e-15 1e-20
4873.520321 1.036406e-15 1e-20
4873.771538 1.027209e-15 1e-20
4874.022755 1.029783e-15 1e-20
4874.273972 1.035894e-15 1e-20
4874.525189 1.033012e-15 1e-20
4874.776405 1.033119e-15 1e-20
4875.027622 1.035798e-15 1e-20
4875.278839 1.035844e-15 1e-20
4875.530056 1.03894e-15 1e-20
4875.781273 1.041621e-15 1e-20
4876.03249 1.043791e-15 1e-20
4876.283707 1.04204e-15 1e-20
4876.534924 1.036367e-15 1e-20
4876.786141 1.02639e-15 1e-20
4877.037358 1.012632e-15 1e-20
4877.288575 1.00952e-15 1e-20
4877.539792 1.011075e-15 1e-20
4877.791009 1.010458e-15 1e-20
4878.042226 1.010346e-15 1e-20
4878.293443 1.017749e-15 1e-20
4878.54466 1.020527e-15 1e-20
4878.795876 1.012681e-15 1e-20
4879.047093 1.012402e-15 1e-20
4879.29831 1.015856e-15 1e-20
4879.549527 1.016687e-15 1e-20
4879.800744 1.007543e-15 1e-20
4880.051961 9.919918e-16 1e-20
4880.303178 9.860945e-16 1e-20
4880.554395 9.917178e-16 1e-20
4880.805612 9.955383e-16 1e-20
4881.056829 9.98319e-16 1e-20
4881.308046 1.002339e-15 1e-20
4881.559263 1.00132e-15 1e-20
4881.81048 9.997444e-16 1e-20
4882.061697 9.953249e-16 1e-20
4882.312914 9.880104e-16 1e-20
4882.564131 9.864209e-16 1e-20
4882.815347 9.856847e-16 1e-20
4883.066564 9.796919e-16 1e-20
4883.317781 9.712904e-16 1e-20
4883.568998 9.721946e-16 1e-20
4883.820215 9.836197e-16 1e-20
4884.071432 9.901633e-16 1e-20
4884.322649 9.906404e-16 1e-20
4884.573866 9.881594e-16 1e-20
4884.825083 9.776831e-16 1e-20
4885.0763 9.67902e-16 1e-20
4885.327517 9.697477e-16 1e-20
4885.578734 9.714602e-16 1e-20
4885.829951 9.657178e-16 1e-20
4886.081168 9.554379e-16 1e-20
4886.332385 9.428845e-16 1e-20
4886.583602 9.344881e-16 1e-20
4886.834818 9.377991e-16 1e-20
4887.086035 9.51596e-16 1e-20
4887.337252 9.614832e-16 1e-20
4887.588469 9.537862e-16 1e-20
4887.839686 9.370513e-16 1e-20
4888.090903 9.255705e-16 1e-20
4888.34212 9.269007e-16 1e-20
4888.593337 9.279836e-16 1e-20
4888.844554 9.222167e-16 1e-20
4889.095771 9.131838e-16 1e-20
4889.346988 9.106697e-16 1e-20
4889.598205 9.178989e-16 1e-20
4889.849422 9.24916e-16 1e-20
4890.100639 9.251087e-16 1e-20
4890.351856 9.251491e-16 1e-20
4890.603073 9.205995e-16 1e-20
4890.854289 9.049084e-16 1e-20
4891.105506 8.846265e-16 1e-20
4891.356723 8.709429e-16 1e-20
4891.60794 8.688796e-16 1e-20
4891.859157 8.784363e-16 1e-20
4892.110374 8.892936e-16 1e-20
4892.361591 8.96048e-16 1e-20
4892.612808 8.979902e-16 1e-20
4892.864025 8.918073e-16 1e-20
4893.115242 8.661117e-16 1e-20
4893.366459 8.138366e-16 1e-20
4893.617676 7.518163e-16 1e-20
4893.868893 7.255049e-16 1e-20
4894.12011 7.673077e-16 1e-20
4894.371327 8.313353e-16 1e-20
4894.622544 8.75829e-16 1e-20
4894.87376 8.815359e-16 1e-20
4895.124977 8.715539e-16 1e-20
4895.376194 8.697639e-16 1e-20
4895.627411 8.635511e-16 1e-20
4895.878628 8.571956e-16 1e-20
4896.129845 8.561895e-16 1e-20
4896.381062 8.541031e-16 1e-20
4896.632279 8.551013e-16 1e-20
4896.883496 8.601463e-16 1e-20
4897.134713 8.584673e-16 1e-20
4897.38593 8.536731e-16 1e-20
4897.637147 8.538598e-16 1e-20
4897.888364 8.618265e-16 1e-20
4898.139581 8.65601e-16 1e-20
4898.390798 8.593201e-16 1e-20
4898.642015 8.454009e-16 1e-20
4898.893231 8.375569e-16 1e-20
4899.144448 8.296373e-16 1e-20
4899.395665 8.262614e-16 1e-20
4899.646882 8.329017e-16 1e-20
4899.898099 8.406238e-16 1e-20
4900.149316 8.42114e-16 1e-20
4900.400533 8.36762e-16 1e-20
4900.65175 8.28855e-16 1e-20
4900.902967 8.261112e-16 1e-20
4901.154184 8.263712e-16 1e-20
4901.405401 8.167033e-16 1e-20
4901.656618 8.150003e-16 1e-20
4901.907835 8.215352e-16 1e-20
4902.159052 8.213651e-16 1e-20
4902.410269 8.165923e-16 1e-20
4902.661486 8.131849e-16 1e-20
4902.912702 8.137701e-16 1e-20
4903.163919 8.083624e-16 1e-20
4903.415136 7.989107e-16 1e-20
4903.666353 7.955484e-16 1e-20
4903.91757 7.983818e-16 1e-20
4904.168787 7.964877e-16 1e-20
4904.420004 7.911952e-16 1e-20
4904.671221 7.9167e-16 1e-20
4904.922438 7.98932e-16 1e-20
4905.173655 7.992489e-16 1e-20
4905.424872 7.931963e-16 1e-20
4905.676089 7.89186e-16 1e-20
4905.927306 7.895613e-16 1e-20
4906.178523 7.9473e-16 1e-20
4906.42974 7.992201e-16 1e-20
4906.680957 7.91189e-16 1e-20
4906.932173 7.790682e-16 1e-20
4907.18339 7.740169e-16 1e-20
4907.434607 7.747294e-16 1e-20
4907.685824 7.714516e-16 1e-20
4907.937041 7.644341e-16 1e-20
4908.188258 7.637516e-16 1e-20
4908.439475 7.731676e-16 1e-20
4908.690692 7.76744e-16 1e-20
4908.941909 7.731304e-16 1e-20
4909.193126 7.743908e-16 1e-20
4909.444343 7.750611e-16 1e-20
4909.69556 7.676697e-16 1e-20
4909.946777 7.541289e-16 1e-20
4910.197994 7.504458e-16 1e-20
4910.449211 7.539942e-16 1e-20
4910.700428 7.580228e-16 1e-20
4910.951644 7.627453e-16 1e-20
4911.202861 7.652461e-16 1e-20
4911.454078 7.63908e-16 1e-20
4911.705295 7.631835e-16 1e-20
4911.956512 7.583875e-16 1e-20
4912.207729 7.500987e-16 1e-20
4912.458946 7.530321e-16 1e-20
4912.710163 7.598862e-16 1e-20
4912.96138 7.552379e-16 1e-20
4913.212597 7.446352e-16 1e-20
4913.463814 7.375164e-16 1e-20
4913.715031 7.375475e-16 1e-20
4913.966248 7.40666e-16 1e-20
4914.217465 7.447532e-16 1e-20
4914.468682 7.45848e-16 1e-20
4914.719899 7.408653e-16 1e-20
4914.971115 7.348003e-16 1e-20
4915.222332 7.38601e-16 1e-20
4915.473549 7.444296e-16 1e-20
4915.724766 7.43885e-16 1e-20
4915.975983 7.354929e-16 1e-20
4916.2272 7.169797e-16 1e-20
4916.478417 6.988189e-16 1e-20
4916.729634 7.008693e-16 1e-20
4916.980851 7.165381e-16 1e-20
4917.232068 7.226126e-16 1e-20
4917.483285 7.11776e-16 1e-20
4917.734502 6.956127e-16 1e-20
4917.985719 6.922756e-16 1e-20
4918.236936 6.963139e-16 1e-20
4918.488153 6.958927e-16 1e-20
4918.73937 6.901704e-16 1e-20
4918.990586 6.823397e-16 1e-20
4919.241803 6.787899e-16 1e-20
4919.49302 6.854228e-16 1e-20
4919.744237 6.909167e-16 1e-20
4919.995454 6.875413e-16 1e-20
4920.246671 6.776455e-16 1e-20
4920.497888 6.736215e-16 1e-20
4920.749105 6.797596e-16 1e-20
4921.000322 6.890707e-16 1e-20
4921.251539 6.861622e-16 1e-20
4921.502756 6.74272e-16 1e-20
4921.753973 6.675267e-16 1e-20
4922.00519 6.746215e-16 1e-20
4922.256407 6.872585e-16 1e-20
4922.507624 6.903907e-16 1e-20
4922.758841 6.802121e-16 1e-20
4923.010057 6.749901e-16 1e-20
4923.261274 6.733215e-16 1e-20
4923.512491 6.741491e-16 1e-20
4923.763708 6.821409e-16 1e-20
4924.014925 6.851232e-16 1e-20
4924.266142 6.80868e-16 1e-20
4924.517359 6.747539e-16 1e-20
4924.768576 6.749325e-16 1e-20
4925.019793 6.741845e-16 1e-20
4925.27101 6.703195e-16 1e-20
4925.522227 6.685231e-16 1e-20
4925.773444 6.640975e-16 1e-20
4926.024661 6.604523e-16 1e-20
4926.275878 6.680517e-16 1e-20
4926.527095 6.818891e-16 1e-20
4926.778312 6.87502e-16 1e-20
4927.029528 6.872149e-16 1e-20
4927.280745 6.898663e-16 1e-20
4927.531962 6.897358e-16 1e-20
4927.783179 6.862119e-16 1e-20
4928.034396 6.759452e-16 1e-20
4928.285613 6.633716e-16 1e-20
4928.53683 6.572592e-16 1e-20
4928.788047 6.634556e-16 1e-20
4929.039264 6.767074e-16 1e-20
4929.290481 6.835673e-16 1e-20
4929.541698 6.809618e-16 1e-20
4929.792915 6.748589e-16 1e-20
4930.044132 6.737463e-16 1e-20
4930.295349 6.75772e-16 1e-20
4930.546566 6.72613e-16 1e-20
4930.797783 6.71638e-16 1e-20
4931.048999 6.756467e-16 1e-20
4931.300216 6.750139e-16 1e-20
4931.551433 6.675521e-16 1e-20
4931.80265 6.692462e-16 1e-20
4932.053867 6.745676e-16 1e-20
4932.305084 6.692009e-16 1e-20
4932.556301 6.647002e-16 1e-20
4932.807518 6.654737e-16 1e-20
4933.058735 6.695574e-16 1e-20
4933.309952 6.730327e-16 1e-20
4933.561169 6.706337e-16 1e-20
4933.812386 6.667197e-16 1e-20
4934.063603 6.671969e-16 1e-20
4934.31482 6.641149e-16 1e-20
4934.566037 6.60176e-16 1e-20
4934.817254 6.607926e-16 1e-20
4935.06847 6.678515e-16 1e-20
4935.319687 6.731666e-16 1e-20
4935.570904 6.701572e-16 1e-20
4935.822121 6.627954e-16 1e-20
4936.073338 6.581609e-16 1e-20
4936.324555 6.5938e-16 1e-20
4936.575772 6.588149e-16 1e-20
4936.826989 6.546708e-16 1e-20
4937.078206 6.53969e-16 1e-20
4937.329423 6.58805e-16 1e-20
4937.58064 6.623964e-16 1e-20
4937.831857 6.580694e-16 1e-20
4938.083074 6.536235e-16 1e-20
4938.334291 6.564494e-16 1e-20
4938.585508 6.655019e-16 1e-20
4938.836725 6.710571e-16 1e-20
4939.087941 6.642665e-16 1e-20
4939.339158 6.517714e-16 1e-20
4939.590375 6.538327e-16 1e-20
4939.841592 6.712037e-16 1e-20
4940.092809 6.83323e-16 1e-20
4940.344026 6.740693e-16 1e-20
4940.595243 6.60965e-16 1e-20
4940.84646 6.60244e-16 1e-20
4941.097677 6.59981e-16 1e-20
4941.348894 6.531843e-16 1e-20
4941.600111 6.492203e-16 1e-20
4941.851328 6.540847e-16 1e-20
4942.102545 6.542592e-16 1e-20
4942.353762 6.520975e-16 1e-20
4942.604979 6.51438e-16 1e-20
4942.856196 6.498205e-16 1e-20
4943.107412 6.542444e-16 1e-20
4943.358629 6.574204e-16 1e-20
4943.609846 6.450381e-16 1e-20
4943.861063 6.441499e-16 1e-20
4944.11228 6.573654e-16 1e-20
4944.363497 6.658503e-16 1e-20
4944.614714 6.678108e-16 1e-20
4944.865931 6.660727e-16 1e-20
4945.117148 6.68015e-16 1e-20
4945.368365 6.710556e-16 1e-20
4945.619582 6.663817e-16 1e-20
4945.870799 6.613527e-16 1e-20
4946.122016 6.673449e-16 1e-20
4946.373233 6.758197e-16 1e-20
4946.62445 6.770831e-16 1e-20
4946.875667 6.707589e-16 1e-20
4947.126883 6.652465e-16 1e-20
4947.3781 6.64844e-16 1e-20
4947.629317 6.650968e-16 1e-20
4947.880534 6.618874e-16 1e-20
4948.131751 6.643285e-16 1e-20
4948.382968 6.703946e-16 1e-20
4948.634185 6.737707e-16 1e-20
4948.885402 6.684626e-16 1e-20
4949.136619 6.66078e-16 1e-20
4949.387836 6.695123e-16 1e-20
4949.639053 6.687628e-16 1e-20
4949.89027 6.592549e-16 1e-20
4950.141487 6.47687e-16 1e-20
4950.392704 6.494723e-16 1e-20
4950.643921 6.535673e-16 1e-20
4950.895138 6.585565e-16 1e-20
4951.146354 6.651788e-16 1e-20
4951.397571 6.687646e-16 1e-20
4951.648788 6.749401e-16 1e-20
4951.900005 6.795446e-16 1e-20
4952.151222 6.761616e-16 1e-20
4952.402439 6.684365e-16 1e-20
4952.653656 6.692376e-16 1e-20
4952.904873 6.803347e-16 1e-20
4953.15609 6.847437e-16 1e-20
4953.407307 6.87814e-16 1e-20
4953.658524 6.901509e-16 1e-20
4953.909741 6.869655e-16 1e-20
4954.160958 6.834766e-16 1e-20
4954.412175 6.819898e-16 1e-20
4954.663392 6.805872e-16 1e-20
4954.914609 6.802343e-16 1e-20
4955.165825 6.879255e-16 1e-20
4955.417042 6.949294e-16 1e-20
4955.668259 6.922507e-16 1e-20
4955.919476 6.887768e-16 1e-20
4956.170693 6.870251e-16 1e-20
4956.42191 6.871249e-16 1e-20
4956.673127 6.939442e-16 1e-20
4956.924344 6.914867e-16 1e-20
4957.175561 6.80803e-16 1e-20
4957.426778 6.838166e-16 1e-20
4957.677995 6.926782e-16 1e-20
4957.929212 6.96278e-16 1e-20
4958.180429 6.895089e-16 1e-20
4958.431646 6.88474e-16 1e-20
4958.682863 6.940653e-16 1e-20
4958.93408 7.019726e-16 1e-20
4959.185296 7.07476e-16 1e-20
4959.436513 7.081409e-16 1e-20
4959.68773 7.026648e-16 1e-20
4959.938947 6.904212e-16 1e-20
4960.190164 6.885487e-16 1e-20
4960.441381 6.953644e-16 1e-20
4960.692598 7.024392e-16 1e-20
4960.943815 7.040072e-16 1e-20
4961.195032 7.049713e-16 1e-20
4961.446249 7.116078e-16 1e-20
4961.697466 7.22937e-16 1e-20
4961.948683 7.168121e-16 1e-20
4962.1999 7.014299e-16 1e-20
4962.451117 6.960912e-16 1e-20
4962.702334 6.966739e-16 1e-20
4962.953551 6.996285e-16 1e-20
4963.204767 7.021371e-16 1e-20
4963.455984 7.063074e-16 1e-20
4963.707201 7.042781e-16 1e-20
4963.958418 7.047561e-16 1e-20
4964.209635 7.181606e-16 1e-20
4964.460852 7.181987e-16 1e-20
4964.712069 7.113872e-16 1e-20
4964.963286 7.146109e-16 1e-20
4965.214503 7.266001e-16 1e-20
4965.46572 7.362884e-16 1e-20
4965.716937 7.344113e-16 1e-20
4965.968154 7.220573e-16 1e-20
4966.219371 7.191394e-16 1e-20
4966.470588 7.243786e-16 1e-20
4966.721805 7.264866e-16 1e-20
4966.973022 7.176831e-16 1e-20
4967.224238 7.062535e-16 1e-20
4967.475455 7.017657e-16 1e-20
4967.726672 7.091488e-16 1e-20
4967.977889 7.260661e-16 1e-20
4968.229106 7.3701e-16 1e-20
4968.480323 7.35839e-16 1e-20
4968.73154 7.322979e-16 1e-20
4968.982757 7.351089e-16 1e-20
4969.233974 7.382246e-16 1e-20
4969.485191 7.39009e-16 1e-20
4969.736408 7.400822e-16 1e-20
4969.987625 7.379214e-16 1e-20
4970.238842 7.327657e-16 1e-20
4970.490059 7.315227e-16 1e-20
4970.741276 7.348467e-16 1e-20
4970.992493 7.433157e-16 1e-20
4971.243709 7.585338e-16 1e-20
4971.494926 7.682848e-16 1e-20
4971.746143 7.669908e-16 1e-20
4971.99736 7.554956e-16 1e-20
4972.248577 7.370741e-16 1e-20
4972.499794 7.311861e-16 1e-20
4972.751011 7.457957e-16 1e-20
4973.002228 7.573918e-16 1e-20
4973.253445 7.581366e-16 1e-20
4973.504662 7.536924e-16 1e-20
4973.755879 7.527523e-16 1e-20
4974.007096 7.632551e-16 1e-20
4974.258313 7.753438e-16 1e-20
4974.50953 7.798674e-16 1e-20
4974.760747 7.742354e-16 1e-20
4975.011964 7.720368e-16 1e-20
4975.26318 7.744182e-16 1e-20
4975.514397 7.697908e-16 1e-20
4975.765614 7.633755e-16 1e-20
4976.016831 7.617248e-16 1e-20
4976.268048 7.668805e-16 1e-20
4976.519265 7.754283e-16 1e-20
4976.770482 7.780942e-16 1e-20
4977.021699 7.764797e-16 1e-20
4977.272916 7.781946e-16 1e-20
4977.524133 7.805833e-16 1e-20
4977.77535 7.762924e-16 1e-20
4978.026567 7.721574e-16 1e-20
4978.277784 7.771231e-16 1e-20
4978.529001 7.895518e-16 1e-20
4978.780218 8.05069e-16 1e-20
4979.031435 8.109993e-16 1e-20
4979.282651 8.052623e-16 1e-20
4979.533868 7.92307e-16 1e-20
4979.785085 7.828321e-16 1e-20
4980.036302 7.889385e-16 1e-20
4980.287519 7.982414e-16 1e-20
4980.538736 7.974456e-16 1e-20
4980.789953 7.936741e-16 1e-20
4981.04117 7.882053e-16 1e-20
4981.292387 7.868373e-16 1e-20
4981.543604 7.964095e-16 1e-20
4981.794821 8.079753e-16 1e-20
4982.046038 8.143124e-16 1e-20
4982.297255 8.119443e-16 1e-20
4982.548472 8.083117e-16 1e-20
4982.799689 8.119928e-16 1e-20
4983.050906 8.135257e-16 1e-20
4983.302122 8.04651e-16 1e-20
4983.553339 8.0639e-16 1e-20
4983.804556 8.132475e-16 1e-20
4984.055773 8.092912e-16 1e-20
4984.30699 7.956878e-16 1e-20
4984.558207 7.989869e-16 1e-20
4984.809424 8.209679e-16 1e-20
4985.060641 8.254153e-16 1e-20
4985.311858 8.143651e-16 1e-20
4985.563075 7.986515e-16 1e-20
4985.814292 7.91853e-16 1e-20
4986.065509 8.007656e-16 1e-20
4986.316726 8.151497e-16 1e-20
4986.567943 8.205539e-16 1e-20
4986.81916 8.18739e-16 1e-20
4987.070377 8.166057e-16 1e-20
4987.321593 8.12044e-16 1e-20
4987.57281 8.08172e-16 1e-20
4987.824027 8.122437e-16 1e-20
4988.075244 8.210446e-16 1e-20
4988.326461 8.246541e-16 1e-20
4988.577678 8.252882e-16 1e-20
4988.828895 8.273997e-16 1e-20
4989.080112 8.292797e-16 1e-20
4989.331329 8.288272e-16 1e-20
4989.582546 8.302688e-16 1e-20
4989.833763 8.257618e-16 1e-20
4990.08498 8.101234e-16 1e-20
4990.336197 8.010143e-16 1e-20
4990.587414 8.067222e-16 1e-20
4990.838631 8.218276e-16 1e-20
4991.089848 8.324648e-16 1e-20
4991.341065 8.412672e-16 1e-20
4991.592281 8.427764e-16 1e-20
4991.843498 8.287064e-16 1e-20
4992.094715 8.11687e-16 1e-20
4992.345932 8.08091e-16 1e-20
4992.597149 8.143959e-16 1e-20
4992.848366 8.155949e-16 1e-20
4993.099583 8.23402e-16 1e-20
4993.3508 8.392716e-16 1e-20
4993.602017 8.487283e-16 1e-20
4993.853234 8.402384e-16 1e-20
4994.104451 8.245935e-16 1e-20
4994.355668 8.1852e-16 1e-20
4994.606885 8.25477e-16 1e-20
4994.858102 8.373272e-16 1e-20
4995.109319 8.418799e-16 1e-20
4995.360536 8.383125e-16 1e-20
4995.611752 8.463021e-16 1e-20
4995.862969 8.619409e-16 1e-20
4996.114186 8.686253e-16 1e-20
4996.365403 8.607991e-16 1e-20
4996.61662 8.469399e-16 1e-20
4996.867837 8.420545e-16 1e-20
4997.119054 8.533487e-16 1e-20
4997.370271 8.598927e-16 1e-20
4997.621488 8.611749e-16 1e-20
4997.872705 8.708229e-16 1e-20
4998.123922 8.689745e-16 1e-20
4998.375139 8.57671e-16 1e-20
4998.626356 8.496363e-16 1e-20
4998.877573 8.533449e-16 1e-20
4999.12879 8.624272e-16 1e-20
4999.380007 8.655592e-16 1e-20
4999.631223 8.596139e-16 1e-20
4999.88244 8.592646e-16 1e-20
5000.133657 8.614885e-16 1e-20
5000.384874 8.62533e-16 1e-20
5000.636091 8.611529e-16 1e-20
5000.887308 8.6824e-16 1e-20
5001.138525 8.768342e-16 1e-20
5001.389742 8.731881e-16 1e-20
5001.640959 8.652141e-16 1e-20
5001.892176 8.635914e-16 1e-20
5002.143393 8.750838e-16 1e-20
5002.39461 8.823205e-16 1e-20
5002.645827 8.802135e-16 1e-20
5002.897044 8.753951e-16 1e-20
5003.148261 8.743878e-16 1e-20
5003.399478 8.680915e-16 1e-20
5003.650694 8.588978e-16 1e-20
5003.901911 8.557453e-16 1e-20
5004.153128 8.607547e-16 1e-20
5004.404345 8.651447e-16 1e-20
5004.655562 8.627844e-16 1e-20
5004.906779 8.606334e-16 1e-20
5005.157996 8.726532e-16 1e-20
5005.409213 8.91529e-16 1e-20
5005.66043 8.9772e-16 1e-20
5005.911647 9.004817e-16 1e-20
5006.162864 8.971339e-16 1e-20
5006.414081 8.844965e-16 1e-20
5006.665298 8.721553e-16 1e-20
5006.916515 8.773992e-16 1e-20
5007.167732 8.926882e-16 1e-20
5007.418949 8.946789e-16 1e-20
5007.670165 8.89225e-16 1e-20
5007.921382 8.785118e-16 1e-20
5008.172599 8.648054e-16 1e-20
5008.423816 8.574889e-16 1e-20
5008.675033 8.634501e-16 1e-20
5008.92625 8.784997e-16 1e-20
5009.177467 8.867231e-16 1e-20
5009.428684 8.78054e-16 1e-20
5009.679901 8.699291e-16 1e-20
5009.931118 8.824008e-16 1e-20
5010.182335 8.90096e-16 1e-20
5010.433552 8.866028e-16 1e-20
5010.684769 8.796048e-16 1e-20
5010.935986 8.833476e-16 1e-20
5011.187203 8.822276e-16 1e-20
5011.43842 8.811151e-16 1e-20
5011.689636 8.917086e-16 1e-20
5011.940853 8.843849e-16 1e-20
5012.19207 8.737441e-16 1e-20
5012.443287 8.808432e-16 1e-20
5012.694504 8.943208e-16 1e-20
5012.945721 9.011928e-16 1e-20
5013.196938 9.002114e-16 1e-20
5013.448155 8.980555e-16 1e-20
5013.699372 8.989657e-16 1e-20
5013.950589 9.0152e-16 1e-20
5014.201806 9.045198e-16 1e-20
5014.453023 9.075723e-16 1e-20
5014.70424 9.05198e-16 1e-20
5014.955457 9.025176e-16 1e-20
5015.206674 9.076361e-16 1e-20
5015.457891 9.181784e-16 1e-20
5015.709107 9.209643e-16 1e-20
5015.960324 9.102902e-16 1e-20
5016.211541 9.027334e-16 1e-20
5016.462758 9.061446e-16 1e-20
5016.713975 9.117151e-16 1e-20
5016.965192 9.012439e-16 1e-20
5017.216409 8.888875e-16 1e-20
5017.467626 8.878443e-16 1e-20
5017.718843 8.950684e-16 1e-20
5017.97006 8.891042e-16 1e-20
5018.221277 8.758096e-16 1e-20
5018.472494 8.790912e-16 1e-20
5018.723711 9.052849e-16 1e-20
5018.974928 9.190948e-16 1e-20
5019.226145 9.093269e-16 1e-20
5019.477362 8.94643e-16 1e-20
5019.728578 8.796156e-16 1e-20
5019.979795 8.71561e-16 1e-20
5020.231012 8.765929e-16 1e-20
5020.482229 8.852884e-16 1e-20
5020.733446 8.905362e-16 1e-20
5020.984663 8.936771e-16 1e-20
5021.23588 8.919613e-16 1e-20
5021.487097 8.917048e-16 1e-20
5021.738314 8.914649e-16 1e-20
5021.989531 8.902345e-16 1e-20
5022.240748 9.017595e-16 1e-20
5022.491965 9.043902e-16 1e-20
5022.743182 8.960737e-16 1e-20
5022.994399 9.017748e-16 1e-20
5023.245616 8.982644e-16 1e-20
5023.496833 8.874004e-16 1e-20
5023.748049 8.848802e-16 1e-20
5023.999266 8.735529e-16 1e-20
5024.250483 8.698017e-16 1e-20
5024.5017 8.848668e-16 1e-20
5024.752917 8.947277e-16 1e-20
5025.004134 8.979804e-16 1e-20
5025.255351 8.986041e-16 1e-20
5025.506568 8.988343e-16 1e-20
5025.757785 8.981368e-16 1e-20
5026.009002 8.995878e-16 1e-20
5026.260219 9.010769e-16 1e-20
5026.511436 8.966429e-16 1e-20
5026.762653 8.932668e-16 1e-20
5027.01387 8.944702e-16 1e-20
5027.265087 8.943126e-16 1e-20
5027.516304 8.928833e-16 1e-20
5027.76752 8.944709e-16 1e-20
5028.018737 8.93632e-16 1e-20
5028.269954 8.928494e-16 1e-20
5028.521171 8.812183e-16 1e-20
5028.772388 8.798148e-16 1e-20
5029.023605 8.902348e-16 1e-20
5029.274822 9.021284e-16 1e-20
5029.526039 9.079189e-16 1e-20
5029.777256 9.065061e-16 1e-20
5030.028473 9.009235e-16 1e-20
5030.27969 8.911521e-16 1e-20
5030.530907 8.824245e-16 1e-20
5030.782124 8.806838e-16 1e-20
5031.033341 8.795253e-16 1e-20
5031.284558 8.743463e-16 1e-20
5031.535775 8.660412e-16 1e-20
5031.786991 8.623937e-16 1e-20
5032.038208 8.652555e-16 1e-20
5032.289425 8.683583e-16 1e-20
5032.540642 8.658019e-16 1e-20
5032.791859 8.617618e-16 1e-20
5033.043076 8.696252e-16 1e-20
5033.294293 8.731615e-16 1e-20
5033.54551 8.638893e-16 1e-20
5033.796727 8.58387e-16 1e-20
5034.047944 8.550146e-16 1e-20
5034.299161 8.499468e-16 1e-20
5034.550378 8.478063e-16 1e-20
5034.801595 8.48125e-16 1e-20
5035.052812 8.508524e-16 1e-20
5035.304029 8.616798e-16 1e-20
5035.555246 8.688931e-16 1e-20
5035.806462 8.617029e-16 1e-20
5036.057679 8.540082e-16 1e-20
5036.308896 8.520035e-16 1e-20
5036.560113 8.541116e-16 1e-20
5036.81133 8.547495e-16 1e-20
5037.062547 8.577047e-16 1e-20
5037.313764 8.683142e-16 1e-20
5037.564981 8.707311e-16 1e-20
5037.816198 8.627201e-16 1e-20
5038.067415 8.55703e-16 1e-20
5038.318632 8.568772e-16 1e-20
5038.569849 8.607323e-16 1e-20
5038.821066 8.542879e-16 1e-20
5039.072283 8.516179e-16 1e-20
5039.3235 8.560571e-16 1e-20
5039.574717 8.525148e-16 1e-20
5039.825933 8.432988e-16 1e-20
5040.07715 8.37938e-16 1e-20
5040.328367 8.461167e-16 1e-20
5040.579584 8.55717e-16 1e-20
5040.830801 8.56018e-16 1e-20
5041.082018 8.525019e-16 1e-20
5041.333235 8.509207e-16 1e-20
5041.584452 8.526371e-16 1e-20
5041.835669 8.505961e-16 1e-20
5042.086886 8.475126e-16 1e-20
5042.338103 8.476982e-16 1e-20
5042.58932 8.471425e-16 1e-20
5042.840537 8.460974e-16 1e-20
5043.091754 8.455829e-16 1e-20
5043.342971 8.410178e-16 1e-20
5043.594188 8.338269e-16 1e-20
5043.845404 8.289842e-16 1e-20
5044.096621 8.285453e-16 1e-20
5044.347838 8.297577e-16 1e-20
5044.599055 8.291078e-16 1e-20
5044.850272 8.349035e-16 1e-20
5045.101489 8.459385e-16 1e-20
5045.352706 8.517748e-16 1e-20
5045.603923 8.504898e-16 1e-20
5045.85514 8.452836e-16 1e-20
5046.106357 8.418101e-16 1e-20
5046.357574 8.380808e-16 1e-20
5046.608791 8.362081e-16 1e-20
5046.860008 8.441738e-16 1e-20
5047.111225 8.501933e-16 1e-20
5047.362442 8.445248e-16 1e-20
5047.613659 8.31612e-16 1e-20
5047.864875 8.238863e-16 1e-20
5048.116092 8.26891e-16 1e-20
5048.367309 8.284471e-16 1e-20
5048.618526 8.309126e-16 1e-20
5048.869743 8.379457e-16 1e-20
5049.12096 8.409326e-16 1e-20
5049.372177 8.399071e-16 1e-20
5049.623394 8.383909e-16 1e-20
5049.874611 8.357813e-16 1e-20
5050.125828 8.297348e-16 1e-20
5050.377045 8.209928e-16 1e-20
5050.628262 8.230612e-16 1e-20
5050.879479 8.303876e-16 1e-20
5051.130696 8.28042e-16 1e-20
5051.381913 8.236913e-16 1e-20
5051.63313 8.230358e-16 1e-20
5051.884346 8.259209e-16 1e-20
5052.135563 8.299078e-16 1e-20
5052.38678 8.325196e-16 1e-20
5052.637997 8.32822e-16 1e-20
5052.889214 8.32807e-16 1e-20
5053.140431 8.34904e-16 1e-20
5053.391648 8.401309e-16 1e-20
5053.642865 8.439285e-16 1e-20
5053.894082 8.436908e-16 1e-20
5054.145299 8.420808e-16 1e-20
5054.396516 8.38907e-16 1e-20
5054.647733 8.327477e-16 1e-20
5054.89895 8.221858e-16 1e-20
5055.150167 8.195702e-16 1e-20
5055.401384 8.306693e-16 1e-20
5055.652601 8.374597e-16 1e-20
5055.903817 8.355261e-16 1e-20
5056.155034 8.285076e-16 1e-20
5056.406251 8.193029e-16 1e-20
5056.657468 8.158356e-16 1e-20
5056.908685 8.224693e-16 1e-20
5057.159902 8.272197e-16 1e-20
5057.411119 8.2631e-16 1e-20
5057.662336 8.235794e-16 1e-20
5057.913553 8.237348e-16 1e-20
5058.16477 8.225607e-16 1e-20
5058.415987 8.138723e-16 1e-20
5058.667204 8.149416e-16 1e-20
5058.918421 8.303771e-16 1e-20
5059.169638 8.472138e-16 1e-20
5059.420855 8.481186e-16 1e-20
5059.672072 8.337876e-16 1e-20
5059.923288 8.244676e-16 1e-20
5060.174505 8.250047e-16 1e-20
5060.425722 8.296285e-16 1e-20
5060.676939 8.266795e-16 1e-20
5060.928156 8.213404e-16 1e-20
5061.179373 8.205397e-16 1e-20
5061.43059 8.236593e-16 1e-20
5061.681807 8.2754e-16 1e-20
5061.933024 8.289903e-16 1e-20
5062.184241 8.273282e-16 1e-20
5062.435458 8.249585e-16 1e-20
5062.686675 8.250428e-16 1e-20
5062.937892 8.290501e-16 1e-20
5063.189109 8.332853e-16 1e-20
5063.440326 8.337805e-16 1e-20
5063.691543 8.333643e-16 1e-20
5063.942759 8.32216e-16 1e-20
5064.193976 8.301824e-16 1e-20
5064.445193 8.336784e-16 1e-20
5064.69641 8.374491e-16 1e-20
5064.947627 8.318749e-16 1e-20
5065.198844 8.262878e-16 1e-20
5065.450061 8.265624e-16 1e-20
5065.701278 8.310932e-16 1e-20
5065.952495 8.330048e-16 1e-20
5066.203712 8.329628e-16 1e-20
5066.454929 8.380188e-16 1e-20
5066.706146 8.330117e-16 1e-20
5066.957363 8.177115e-16 1e-20
5067.20858 8.144157e-16 1e-20
5067.459797 8.2182e-16 1e-20
5067.711014 8.292486e-16 1e-20
5067.96223 8.259183e-16 1e-20
5068.213447 8.233789e-16 1e-20
5068.464664 8.282323e-16 1e-20
5068.715881 8.241457e-16 1e-20
5068.967098 8.193801e-16 1e-20
5069.218315 8.233452e-16 1e-20
5069.469532 8.248272e-16 1e-20
5069.720749 8.277604e-16 1e-20
5069.971966 8.366889e-16 1e-20
5070.223183 8.377245e-16 1e-20
5070.4744 8.316347e-16 1e-20
5070.725617 8.275274e-16 1e-20
5070.976834 8.300257e-16 1e-20
5071.228051 8.307275e-16 1e-20
5071.479268 8.202674e-16 1e-20
5071.730485 8.178207e-16 1e-20
5071.981701 8.249653e-16 1e-20
5072.232918 8.279003e-16 1e-20
5072.484135 8.275247e-16 1e-20
5072.735352 8.29698e-16 1e-20
5072.986569 8.391784e-16 1e-20
5073.237786 8.431895e-16 1e-20
5073.489003 8.363321e-16 1e-20
5073.74022 8.272465e-16 1e-20
5073.991437 8.23921e-16 1e-20
5074.242654 8.277055e-16 1e-20
5074.493871 8.314426e-16 1e-20
5074.745088 8.328062e-16 1e-20
5074.996305 8.346134e-16 1e-20
5075.247522 8.438363e-16 1e-20
5075.498739 8.526086e-16 1e-20
5075.749956 8.519671e-16 1e-20
5076.001172 8.433581e-16 1e-20
5076.252389 8.365793e-16 1e-20
5076.503606 8.383711e-16 1e-20
5076.754823 8.400456e-16 1e-20
5077.00604 8.394062e-16 1e-20
5077.257257 8.389453e-16 1e-20
5077.508474 8.41658e-16 1e-20
5077.759691 8.441419e-16 1e-20
5078.010908 8.418934e-16 1e-20
5078.262125 8.407473e-16 1e-20
5078.513342 8.444899e-16 1e-20
5078.764559 8.519107e-16 1e-20
5079.015776 8.537879e-16 1e-20
5079.266993 8.496084e-16 1e-20
5079.51821 8.471031e-16 1e-20
5079.769427 8.469048e-16 1e-20
5080.020643 8.473024e-16 1e-20
5080.27186 8.462861e-16 1e-20
5080.523077 8.455684e-16 1e-20
5080.774294 8.462979e-16 1e-20
5081.025511 8.476844e-16 1e-20
5081.276728 8.533772e-16 1e-20
5081.527945 8.615466e-16 1e-20
5081.779162 8.615685e-16 1e-20
5082.030379 8.569287e-16 1e-20
5082.281596 8.539039e-16 1e-20
5082.532813 8.53038e-16 1e-20
5082.78403 8.553836e-16 1e-20
5083.035247 8.59415e-16 1e-20
5083.286464 8.589059e-16 1e-20
5083.537681 8.506452e-16 1e-20
5083.788898 8.390824e-16 1e-20
5084.040114 8.425733e-16 1e-20
5084.291331 8.501757e-16 1e-20
5084.542548 8.439857e-16 1e-20
5084.793765 8.434858e-16 1e-20
5085.044982 8.50942e-16 1e-20
5085.296199 8.550211e-16 1e-20
5085.547416 8.537477e-16 1e-20
5085.798633 8.503433e-16 1e-20
5086.04985 8.499967e-16 1e-20
5086.301067 8.517122e-16 1e-20
5086.552284 8.519488e-16 1e-20
5086.803501 8.480525e-16 1e-20
5087.054718 8.495879e-16 1e-20
5087.305935 8.563883e-16 1e-20
5087.557152 8.553314e-16 1e-20
5087.808369 8.5056e-16 1e-20
5088.059585 8.49291e-16 1e-20
5088.310802 8.543477e-16 1e-20
5088.562019 8.630521e-16 1e-20
5088.813236 8.673632e-16 1e-20
5089.064453 8.562856e-16 1e-20
5089.31567 8.483096e-16 1e-20
5089.566887 8.579024e-16 1e-20
5089.818104 8.66957e-16 1e-20
5090.069321 8.711722e-16 1e-20
5090.320538 8.709637e-16 1e-20
5090.571755 8.594553e-16 1e-20
5090.822972 8.455591e-16 1e-20
5091.074189 8.418199e-16 1e-20
5091.325406 8.449936e-16 1e-20
5091.576623 8.512299e-16 1e-20
5091.82784 8.574012e-16 1e-20
5092.079056 8.598042e-16 1e-20
5092.330273 8.607838e-16 1e-20
5092.58149 8.647534e-16 1e-20
5092.832707 8.646854e-16 1e-20
5093.083924 8.596208e-16 1e-20
5093.335141 8.55847e-16 1e-20
5093.586358 8.573768e-16 1e-20
5093.837575 8.610712e-16 1e-20
5094.088792 8.586682e-16 1e-20
5094.340009 8.573687e-16 1e-20
5094.591226 8.601674e-16 1e-20
5094.842443 8.595991e-16 1e-20
5095.09366 8.559101e-16 1e-20
5095.344877 8.538478e-16 1e-20
5095.596094 8.598107e-16 1e-20
5095.847311 8.643667e-16 1e-20
5096.098527 8.606741e-16 1e-20
5096.349744 8.580834e-16 1e-20
5096.600961 8.589022e-16 1e-20
5096.852178 8.609374e-16 1e-20
5097.103395 8.603873e-16 1e-20
5097.354612 8.585665e-16 1e-20
5097.605829 8.580104e-16 1e-20
5097.857046 8.563207e-16 1e-20
5098.108263 8.552085e-16 1e-20
5098.35948 8.571746e-16 1e-20
5098.610697 8.587574e-16 1e-20
5098.861914 8.567784e-16 1e-20
5099.113131 8.509409e-16 1e-20
5099.364348 8.477801e-16 1e-20
5099.615565 8.4954e-16 1e-20
5099.866782 8.535724e-16 1e-20
5100.117998 8.588608e-16 1e-20
5100.369215 8.641795e-16 1e-20
5100.620432 8.676858e-16 1e-20
5100.871649 8.644927e-16 1e-20
5101.122866 8.558749e-16 1e-20
5101.374083 8.503951e-16 1e-20
5101.6253 8.49616e-16 1e-20
5101.876517 8.509318e-16 1e-20
5102.127734 8.498857e-16 1e-20
5102.378951 8.499552e-16 1e-20
5102.630168 8.533348e-16 1e-20
5102.881385 8.551163e-16 1e-20
5103.132602 8.567741e-16 1e-20
5103.383819 8.614128e-16 1e-20
5103.635036 8.696865e-16 1e-20
5103.886253 8.732441e-16 1e-20
5104.137469 8.667305e-16 1e-20
5104.388686 8.614821e-16 1e-20
5104.639903 8.669e-16 1e-20
5104.89112 8.808507e-16 1e-20
5105.142337 8.75687e-16 1e-20
5105.393554 8.574598e-16 1e-20
5105.644771 8.508053e-16 1e-20
5105.895988 8.533734e-16 1e-20
5106.147205 8.585263e-16 1e-20
5106.398422 8.610541e-16 1e-20
5106.649639 8.634081e-16 1e-20
5106.900856 8.663093e-16 1e-20
5107.152073 8.669359e-16 1e-20
5107.40329 8.589324e-16 1e-20
5107.654507 8.495116e-16 1e-20
5107.905724 8.573088e-16 1e-20
5108.156941 8.703247e-16 1e-20
5108.408157 8.763444e-16 1e-20
5108.659374 8.761644e-16 1e-20
5108.910591 8.679889e-16 1e-20
5109.161808 8.579724e-16 1e-20
5109.413025 8.627869e-16 1e-20
5109.664242 8.700154e-16 1e-20
5109.915459 8.663601e-16 1e-20
5110.166676 8.59968e-16 1e-20
5110.417893 8.592614e-16 1e-20
5110.66911 8.658731e-16 1e-20
5110.920327 8.673651e-16 1e-20
5111.171544 8.656121e-16 1e-20
5111.422761 8.676837e-16 1e-20
5111.673978 8.710546e-16 1e-20
5111.925195 8.71e-16 1e-20
5112.176412 8.655236e-16 1e-20
5112.427628 8.64072e-16 1e-20
5112.678845 8.654585e-16 1e-20
5112.930062 8.612231e-16 1e-20
5113.181279 8.518957e-16 1e-20
5113.432496 8.396478e-16 1e-20
5113.683713 8.288464e-16 1e-20
5113.93493 8.359539e-16 1e-20
5114.186147 8.573388e-16 1e-20
5114.437364 8.690638e-16 1e-20
5114.688581 8.661532e-16 1e-20
5114.939798 8.61699e-16 1e-20
5115.191015 8.784067e-16 1e-20
5115.442232 8.912996e-16 1e-20
5115.693449 8.828208e-16 1e-20
5115.944666 8.700361e-16 1e-20
5116.195883 8.649162e-16 1e-20
5116.447099 8.702013e-16 1e-20
5116.698316 8.761683e-16 1e-20
5116.949533 8.782102e-16 1e-20
5117.20075 8.763862e-16 1e-20
5117.451967 8.743948e-16 1e-20
5117.703184 8.734727e-16 1e-20
5117.954401 8.736114e-16 1e-20
5118.205618 8.757002e-16 1e-20
5118.456835 8.79277e-16 1e-20
5118.708052 8.828469e-16 1e-20
5118.959269 8.842756e-16 1e-20
5119.210486 8.848401e-16 1e-20
5119.461703 8.870859e-16 1e-20
5119.71292 8.896693e-16 1e-20
5119.964137 8.886593e-16 1e-20
5120.215354 8.813122e-16 1e-20
5120.46657 8.761891e-16 1e-20
5120.717787 8.76815e-16 1e-20
5120.969004 8.794352e-16 1e-20
5121.220221 8.825196e-16 1e-20
5121.471438 8.868453e-16 1e-20
5121.722655 8.940873e-16 1e-20
5121.973872 8.938464e-16 1e-20
5122.225089 8.844284e-16 1e-20
5122.476306 8.796357e-16 1e-20
5122.727523 8.807533e-16 1e-20
5122.97874 8.838104e-16 1e-20
5123.229957 8.84385e-16 1e-20
5123.481174 8.834919e-16 1e-20
5123.732391 8.820111e-16 1e-20
5123.983608 8.756961e-16 1e-20
5124.234825 8.753625e-16 1e-20
5124.486041 8.876236e-16 1e-20
5124.737258 8.93667e-16 1e-20
5124.988475 8.915072e-16 1e-20
5125.239692 8.882979e-16 1e-20
5125.490909 8.848758e-16 1e-20
5125.742126 8.844483e-16 1e-20
5125.993343 8.88136e-16 1e-20
5126.24456 8.854206e-16 1e-20
5126.495777 8.755924e-16 1e-20
5126.746994 8.674792e-16 1e-20
5126.998211 8.713904e-16 1e-20
5127.249428 8.834627e-16 1e-20
5127.500645 8.892734e-16 1e-20
5127.751862 8.896325e-16 1e-20
5128.003079 8.861456e-16 1e-20
5128.254296 8.788442e-16 1e-20
5128.505512 8.776071e-16 1e-20
5128.756729 8.849894e-16 1e-20
5129.007946 8.913089e-16 1e-20
5129.259163 8.908677e-16 1e-20
5129.51038 8.842887e-16 1e-20
5129.761597 8.790463e-16 1e-20
5130.012814 8.73373e-16 1e-20
5130.264031 8.673714e-16 1e-20
5130.515248 8.703253e-16 1e-20
5130.766465 8.780848e-16 1e-20
5131.017682 8.81985e-16 1e-20
5131.268899 8.779508e-16 1e-20
5131.520116 8.728407e-16 1e-20
5131.771333 8.755443e-16 1e-20
5132.02255 8.855041e-16 1e-20
5132.273767 8.931592e-16 1e-20
5132.524983 8.901447e-16 1e-20
5132.7762 8.860194e-16 1e-20
5133.027417 8.867475e-16 1e-20
5133.278634 8.912179e-16 1e-20
5133.529851 8.901287e-16 1e-20
5133.781068 8.827625e-16 1e-20
5134.032285 8.766619e-16 1e-20
5134.283502 8.760706e-16 1e-20
5134.534719 8.788808e-16 1e-20
5134.785936 8.785792e-16 1e-20
5135.037153 8.773571e-16 1e-20
5135.28837 8.76699e-16 1e-20
5135.539587 8.749008e-16 1e-20
5135.790804 8.755684e-16 1e-20
5136.042021 8.769551e-16 1e-20
5136.293238 8.694439e-16 1e-20
5136.544454 8.597261e-16 1e-20
5136.795671 8.564381e-16 1e-20
5137.046888 8.604941e-16 1e-20
5137.298105 8.651037e-16 1e-20
5137.549322 8.662425e-16 1e-20
5137.800539 8.718674e-16 1e-20
5138.051756 8.769145e-16 1e-20
5138.302973 8.744008e-16 1e-20
5138.55419 8.684649e-16 1e-20
5138.805407 8.663082e-16 1e-20
5139.056624 8.698961e-16 1e-20
5139.307841 8.630151e-16 1e-20
5139.559058 8.524658e-16 1e-20
5139.810275 8.552557e-16 1e-20
5140.061492 8.644299e-16 1e-20
5140.312709 8.717997e-16 1e-20
5140.563925 8.733788e-16 1e-20
5140.815142 8.740114e-16 1e-20
5141.066359 8.745029e-16 1e-20
5141.317576 8.713976e-16 1e-20
5141.568793 8.693275e-16 1e-20
5141.82001 8.708589e-16 1e-20
5142.071227 8.740489e-16 1e-20
5142.322444 8.769017e-16 1e-20
5142.573661 8.790366e-16 1e-20
5142.824878 8.818898e-16 1e-20
5143.076095 8.798243e-16 1e-20
5143.327312 8.726486e-16 1e-20
5143.578529 8.711527e-16 1e-20
5143.829746 8.738999e-16 1e-20
5144.080963 8.769744e-16 1e-20
5144.33218 8.814393e-16 1e-20
5144.583396 8.859649e-16 1e-20
5144.834613 8.887635e-16 1e-20
5145.08583 8.895203e-16 1e-20
5145.337047 8.876775e-16 1e-20
5145.588264 8.84261e-16 1e-20
5145.839481 8.8425e-16 1e-20
5146.090698 8.893397e-16 1e-20
5146.341915 8.967303e-16 1e-20
5146.593132 8.979146e-16 1e-20
5146.844349 8.931079e-16 1e-20
5147.095566 8.888848e-16 1e-20
5147.346783 8.87547e-16 1e-20
5147.598 8.881905e-16 1e-20
5147.849217 8.883857e-16 1e-20
5148.100434 8.898634e-16 1e-20
5148.351651 8.928057e-16 1e-20
5148.602867 8.950788e-16 1e-20
5148.854084 8.960486e-16 1e-20
5149.105301 8.957086e-16 1e-20
5149.356518 8.943279e-16 1e-20
5149.607735 8.913806e-16 1e-20
5149.858952 8.871236e-16 1e-20
5150.110169 8.833748e-16 1e-20
5150.361386 8.845036e-16 1e-20
5150.612603 8.924909e-16 1e-20
5150.86382 9.038053e-16 1e-20
5151.115037 9.089822e-16 1e-20
5151.366254 9.049392e-16 1e-20
5151.617471 9.056511e-16 1e-20
5151.868688 9.069254e-16 1e-20
5152.119905 9.017529e-16 1e-20
5152.371122 9.005985e-16 1e-20
5152.622338 9.01322e-16 1e-20
5152.873555 8.971021e-16 1e-20
5153.124772 8.911935e-16 1e-20
5153.375989 8.909351e-16 1e-20
5153.627206 8.996871e-16 1e-20
5153.878423 8.998291e-16 1e-20
5154.12964 8.937458e-16 1e-20
5154.380857 8.979732e-16 1e-20
5154.632074 9.064135e-16 1e-20
5154.883291 9.116871e-16 1e-20
5155.134508 9.114644e-16 1e-20
5155.385725 9.139574e-16 1e-20
5155.636942 9.190951e-16 1e-20
5155.888159 9.162657e-16 1e-20
5156.139376 9.096806e-16 1e-20
5156.390593 9.067588e-16 1e-20
5156.641809 9.119624e-16 1e-20
5156.893026 9.203192e-16 1e-20
5157.144243 9.285264e-16 1e-20
5157.39546 9.411502e-16 1e-20
5157.646677 9.483971e-16 1e-20
5157.897894 9.450618e-16 1e-20
5158.149111 9.448365e-16 1e-20
5158.400328 9.428906e-16 1e-20
5158.651545 9.326589e-16 1e-20
5158.902762 9.245852e-16 1e-20
5159.153979 9.189086e-16 1e-20
5159.405196 9.139994e-16 1e-20
5159.656413 9.210279e-16 1e-20
5159.90763 9.310145e-16 1e-20
5160.158847 9.299549e-16 1e-20
5160.410064 9.333229e-16 1e-20
5160.66128 9.389256e-16 1e-20
5160.912497 9.33561e-16 1e-20
5161.163714 9.258396e-16 1e-20
5161.414931 9.246529e-16 1e-20
5161.666148 9.327452e-16 1e-20
5161.917365 9.414183e-16 1e-20
5162.168582 9.444934e-16 1e-20
5162.419799 9.428868e-16 1e-20
5162.671016 9.419388e-16 1e-20
5162.922233 9.444507e-16 1e-20
5163.17345 9.480454e-16 1e-20
5163.424667 9.536293e-16 1e-20
5163.675884 9.571684e-16 1e-20
5163.927101 9.481511e-16 1e-20
5164.178318 9.435798e-16 1e-20
5164.429535 9.530376e-16 1e-20
5164.680751 9.556457e-16 1e-20
5164.931968 9.510846e-16 1e-20
5165.183185 9.483994e-16 1e-20
5165.434402 9.548236e-16 1e-20
5165.685619 9.612767e-16 1e-20
5165.936836 9.561083e-16 1e-20
5166.188053 9.426293e-16 1e-20
5166.43927 9.352094e-16 1e-20
5166.690487 9.439888e-16 1e-20
5166.941704 9.506738e-16 1e-20
5167.192921 9.47634e-16 1e-20
5167.444138 9.401463e-16 1e-20
5167.695355 9.399311e-16 1e-20
5167.946572 9.468617e-16 1e-20
5168.197789 9.499242e-16 1e-20
5168.449006 9.398203e-16 1e-20
5168.700222 9.231065e-16 1e-20
5168.951439 9.182743e-16 1e-20
5169.202656 9.25915e-16 1e-20
5169.453873 9.382732e-16 1e-20
5169.70509 9.450433e-16 1e-20
5169.956307 9.445087e-16 1e-20
5170.207524 9.393761e-16 1e-20
5170.458741 9.340695e-16 1e-20
5170.709958 9.349886e-16 1e-20
5170.961175 9.425202e-16 1e-20
5171.212392 9.473394e-16 1e-20
5171.463609 9.495834e-16 1e-20
5171.714826 9.52344e-16 1e-20
5171.966043 9.560719e-16 1e-20
5172.21726 9.565286e-16 1e-20
5172.468477 9.524233e-16 1e-20
5172.719693 9.543016e-16 1e-20
5172.97091 9.580042e-16 1e-20
5173.222127 9.551567e-16 1e-20
5173.473344 9.508337e-16 1e-20
5173.724561 9.482541e-16 1e-20
5173.975778 9.478233e-16 1e-20
5174.226995 9.485074e-16 1e-20
5174.478212 9.478121e-16 1e-20
5174.729429 9.437961e-16 1e-20
5174.980646 9.392753e-16 1e-20
5175.231863 9.369835e-16 1e-20
5175.48308 9.376788e-16 1e-20
5175.734297 9.382349e-16 1e-20
5175.985514 9.368059e-16 1e-20
5176.236731 9.346598e-16 1e-20
5176.487948 9.36396e-16 1e-20
5176.739164 9.429503e-16 1e-20
5176.990381 9.493857e-16 1e-20
5177.241598 9.52162e-16 1e-20
5177.492815 9.504216e-16 1e-20
5177.744032 9.466781e-16 1e-20
5177.995249 9.426456e-16 1e-20
5178.246466 9.410695e-16 1e-20
5178.497683 9.466392e-16 1e-20
5178.7489 9.501884e-16 1e-20
5179.000117 9.444394e-16 1e-20
5179.251334 9.395312e-16 1e-20
5179.502551 9.38072e-16 1e-20
5179.753768 9.379543e-16 1e-20
5180.004985 9.375009e-16 1e-20
5180.256202 9.369791e-16 1e-20
5180.507419 9.376748e-16 1e-20
5180.758635 9.398842e-16 1e-20
5181.009852 9.41502e-16 1e-20
5181.261069 9.399506e-16 1e-20
5181.512286 9.371668e-16 1e-20
5181.763503 9.330183e-16 1e-20
5182.01472 9.268478e-16 1e-20
5182.265937 9.272748e-16 1e-20
5182.517154 9.35601e-16 1e-20
5182.768371 9.437611e-16 1e-20
5183.019588 9.442539e-16 1e-20
5183.270805 9.38244e-16 1e-20
5183.522022 9.35774e-16 1e-20
5183.773239 9.350502e-16 1e-20
5184.024456 9.343373e-16 1e-20
5184.275673 9.368508e-16 1e-20
5184.52689 9.411595e-16 1e-20
5184.778106 9.440544e-16 1e-20
5185.029323 9.427826e-16 1e-20
5185.28054 9.412985e-16 1e-20
5185.531757 9.451056e-16 1e-20
5185.782974 9.563303e-16 1e-20
5186.034191 9.680125e-16 1e-20
5186.285408 9.713977e-16 1e-20
5186.536625 9.642367e-16 1e-20
5186.787842 9.562623e-16 1e-20
5187.039059 9.574757e-16 1e-20
5187.290276 9.603842e-16 1e-20
5187.541493 9.574276e-16 1e-20
5187.79271 9.468441e-16 1e-20
5188.043927 9.401523e-16 1e-20
5188.295144 9.411298e-16 1e-20
5188.546361 9.449608e-16 1e-20
5188.797577 9.464928e-16 1e-20
5189.048794 9.46691e-16 1e-20
5189.300011 9.511278e-16 1e-20
5189.551228 9.571922e-16 1e-20
5189.802445 9.616259e-16 1e-20
5190.053662 9.632859e-16 1e-20
5190.304879 9.648913e-16 1e-20
5190.556096 9.664556e-16 1e-20
5190.807313 9.634453e-16 1e-20
5191.05853 9.547052e-16 1e-20
5191.309747 9.451636e-16 1e-20
5191.560964 9.45649e-16 1e-20
5191.812181 9.568501e-16 1e-20
5192.063398 9.698428e-16 1e-20
5192.314615 9.683723e-16 1e-20
5192.565832 9.570551e-16 1e-20
5192.817048 9.489489e-16 1e-20
5193.068265 9.512062e-16 1e-20
5193.319482 9.604903e-16 1e-20
5193.570699 9.69952e-16 1e-20
5193.821916 9.807142e-16 1e-20
5194.073133 9.840092e-16 1e-20
5194.32435 9.718729e-16 1e-20
5194.575567 9.580893e-16 1e-20
5194.826784 9.511466e-16 1e-20
5195.078001 9.519829e-16 1e-20
5195.329218 9.596835e-16 1e-20
5195.580435 9.717744e-16 1e-20
5195.831652 9.837773e-16 1e-20
5196.082869 9.826045e-16 1e-20
5196.334086 9.717665e-16 1e-20
5196.585303 9.696503e-16 1e-20
5196.836519 9.672564e-16 1e-20
5197.087736 9.606385e-16 1e-20
5197.338953 9.60233e-16 1e-20
5197.59017 9.708353e-16 1e-20
5197.841387 9.878532e-16 1e-20
5198.092604 9.971015e-16 1e-20
5198.343821 9.918659e-16 1e-20
5198.595038 9.771787e-16 1e-20
5198.846255 9.706443e-16 1e-20
5199.097472 9.731346e-16 1e-20
5199.348689 9.777704e-16 1e-20
5199.599906 9.792372e-16 1e-20
5199.851123 9.810062e-16 1e-20
5200.10234 9.870598e-16 1e-20
5200.353557 9.911945e-16 1e-20
5200.604774 9.894728e-16 1e-20
5200.85599 9.824995e-16 1e-20
5201.107207 9.775239e-16 1e-20
5201.358424 9.774013e-16 1e-20
5201.609641 9.815388e-16 1e-20
5201.860858 9.93454e-16 1e-20
5202.112075 1.003248e-15 1e-20
5202.363292 9.976013e-16 1e-20
5202.614509 9.96759e-16 1e-20
5202.865726 1.004851e-15 1e-20
5203.116943 1.0066e-15 1e-20
5203.36816 1.005915e-15 1e-20
5203.619377 1.007622e-15 1e-20
5203.870594 1.011747e-15 1e-20
5204.121811 1.013613e-15 1e-20
5204.373028 1.011159e-15 1e-20
5204.624245 1.007749e-15 1e-20
5204.875461 1.001962e-15 1e-20
5205.126678 9.925742e-16 1e-20
5205.377895 9.81617e-16 1e-20
5205.629112 9.757628e-16 1e-20
5205.880329 9.822573e-16 1e-20
5206.131546 1.005073e-15 1e-20
5206.382763 1.027025e-15 1e-20
5206.63398 1.029832e-15 1e-20
5206.885197 1.015625e-15 1e-20
5207.136414 1.000703e-15 1e-20
5207.387631 9.999033e-16 1e-20
5207.638848 1.005629e-15 1e-20
5207.890065 1.009622e-15 1e-20
5208.141282 1.008225e-15 1e-20
5208.392499 1.007342e-15 1e-20
5208.643716 1.009958e-15 1e-20
5208.894932 1.014645e-15 1e-20
5209.146149 1.017342e-15 1e-20
5209.397366 1.018248e-15 1e-20
5209.648583 1.020802e-15 1e-20
5209.8998 1.022284e-15 1e-20
5210.151017 1.020035e-15 1e-20
5210.402234 1.014199e-15 1e-20
5210.653451 1.012415e-15 1e-20
5210.904668 1.017347e-15 1e-20
5211.155885 1.054283e-15 1e-20
5211.407102 1.058118e-15 1e-20
5211.658319 1.066951e-15 1e-20
5211.909536 1.083634e-15 1e-20
5212.160753 1.092159e-15 1e-20
5212.41197 1.074172e-15 1e-20
5212.663187 1.060187e-15 1e-20
5212.914403 1.064595e-15 1e-20
5213.16562 1.063236e-15 1e-20
5213.416837 1.065809e-15 1e-20
5213.668054 1.06737e-15 1e-20
5213.919271 1.068933e-15 1e-20
5214.170488 1.070493e-15 1e-20
5214.421705 1.072057e-15 1e-20
5214.672922 1.073617e-15 1e-20
5214.924139 1.075181e-15 1e-20
5215.175356 1.072493e-15 1e-20
5215.426573 1.058708e-15 1e-20
5215.67779 1.061489e-15 1e-20
5215.929007 1.069924e-15 1e-20
5216.180224 1.052247e-15 1e-20
5216.431441 1.035896e-15 1e-20
5216.682658 1.040971e-15 1e-20
5216.933874 1.051916e-15 1e-20
5217.185091 1.055568e-15 1e-20
5217.436308 1.046997e-15 1e-20
5217.687525 1.047253e-15 1e-20
5217.938742 1.066295e-15 1e-20
5218.189959 1.084876e-15 1e-20
5218.441176 1.091175e-15 1e-20
5218.692393 1.084695e-15 1e-20
5218.94361 1.070796e-15 1e-20
5219.194827 1.052585e-15 1e-20
5219.446044 1.028084e-15 1e-20
5219.697261 1.007359e-15 1e-20
5219.948478 1.012872e-15 1e-20
5220.199695 1.035993e-15 1e-20
5220.450912 1.058146e-15 1e-20
5220.702129 1.068064e-15 1e-20
5220.953345 1.064403e-15 1e-20
5221.204562 1.054887e-15 1e-20
5221.455779 1.05185e-15 1e-20
5221.706996 1.059868e-15 1e-20
5221.958213 1.068147e-15 1e-20
5222.20943 1.064072e-15 1e-20
5222.460647 1.041094e-15 1e-20
5222.711864 1.030553e-15 1e-20
5222.963081 1.04616e-15 1e-20
5223.214298 1.043401e-15 1e-20
5223.465515 1.024547e-15 1e-20
5223.716732 1.020868e-15 1e-20
5223.967949 1.023916e-15 1e-20
5224.219166 1.026457e-15 1e-20
5224.470383 1.039685e-15 1e-20
5224.7216 1.0495e-15 1e-20
5224.972817 1.033347e-15 1e-20
5225.224033 1.020757e-15 1e-20
5225.47525 1.032935e-15 1e-20
5225.726467 1.051335e-15 1e-20
5225.977684 1.059832e-15 1e-20
5226.228901 1.047256e-15 1e-20
5226.480118 1.03577e-15 1e-20
5226.731335 1.044292e-15 1e-20
5226.982552 1.054597e-15 1e-20
5227.233769 1.050936e-15 1e-20
5227.484986 1.033574e-15 1e-20
5227.736203 1.021004e-15 1e-20
5227.98742 1.029518e-15 1e-20
5228.238637 1.041707e-15 1e-20
5228.489854 1.047564e-15 1e-20
5228.741071 1.051607e-15 1e-20
5228.992288 1.056524e-15 1e-20
5229.243504 1.059394e-15 1e-20
5229.494721 1.047891e-15 1e-20
5229.745938 1.030682e-15 1e-20
5229.997155 1.027342e-15 1e-20
5230.248372 1.038924e-15 1e-20
5230.499589 1.052669e-15 1e-20
5230.750806 1.050404e-15 1e-20
5231.002023 1.038984e-15 1e-20
5231.25324 1.029311e-15 1e-20
5231.504457 1.025145e-15 1e-20
5231.755674 1.028227e-15 1e-20
5232.006891 1.0336e-15 1e-20
5232.258108 1.03428e-15 1e-20
5232.509325 1.022533e-15 1e-20
5232.760542 1.011842e-15 1e-20
5233.011759 1.011465e-15 1e-20
5233.262975 1.015698e-15 1e-20
5233.514192 1.016552e-15 1e-20
5233.765409 1.007506e-15 1e-20
5234.016626 1.000845e-15 1e-20
5234.267843 1.005266e-15 1e-20
5234.51906 1.018279e-15 1e-20
5234.770277 1.029807e-15 1e-20
5235.021494 1.030164e-15 1e-20
5235.272711 1.024146e-15 1e-20
5235.523928 1.016603e-15 1e-20
5235.775145 1.010789e-15 1e-20
5236.026362 1.012503e-15 1e-20
5236.277579 1.027892e-15 1e-20
5236.528796 1.041053e-15 1e-20
5236.780013 1.041336e-15 1e-20
5237.03123 1.035874e-15 1e-20
5237.282446 1.027456e-15 1e-20
5237.533663 1.031033e-15 1e-20
5237.78488 1.049977e-15 1e-20
5238.036097 1.068762e-15 1e-20
5238.287314 1.069142e-15 1e-20
5238.538531 1.050493e-15 1e-20
5238.789748 1.025171e-15 1e-20
5239.040965 1.010319e-15 1e-20
5239.292182 1.010341e-15 1e-20
5239.543399 1.005974e-15 1e-20
5239.794616 1.000904e-15 1e-20
5240.045833 1.006675e-15 1e-20
5240.29705 1.017686e-15 1e-20
5240.548267 1.028059e-15 1e-20
5240.799484 1.032332e-15 1e-20
5241.050701 1.034036e-15 1e-20
5241.301917 1.039377e-15 1e-20
5241.553134 1.037471e-15 1e-20
5241.804351 1.026417e-15 1e-20
5242.055568 1.024231e-15 1e-20
5242.306785 1.031299e-15 1e-20
5242.558002 1.035465e-15 1e-20
5242.809219 1.039416e-15 1e-20
5243.060436 1.04509e-15 1e-20
5243.311653 1.046506e-15 1e-20
5243.56287 1.042771e-15 1e-20
5243.814087 1.035153e-15 1e-20
5244.065304 1.026554e-15 1e-20
5244.316521 1.019344e-15 1e-20
5244.567738 1.011892e-15 1e-20
5244.818955 1.008011e-15 1e-20
5245.070172 1.016798e-15 1e-20
5245.321388 1.032159e-15 1e-20
5245.572605 1.042757e-15 1e-20
5245.823822 1.046365e-15 1e-20
5246.075039 1.040223e-15 1e-20
5246.326256 1.024426e-15 1e-20
5246.577473 1.007522e-15 1e-20
5246.82869 1.00123e-15 1e-20
5247.079907 1.006331e-15 1e-20
5247.331124 1.009825e-15 1e-20
5247.582341 1.005381e-15 1e-20
5247.833558 1.001142e-15 1e-20
5248.084775 1.000099e-15 1e-20
5248.335992 9.970566e-16 1e-20
5248.587209 9.907338e-16 1e-20
5248.838426 9.834132e-16 1e-20
5249.089643 9.855136e-16 1e-20
5249.340859 1.000834e-15 1e-20
5249.592076 1.017774e-15 1e-20
5249.843293 1.024148e-15 1e-20
5250.09451 1.015712e-15 1e-20
5250.345727 1.010835e-15 1e-20
5250.596944 1.019702e-15 1e-20
5250.848161 1.031149e-15 1e-20
5251.099378 1.032127e-15 1e-20
5251.350595 1.022327e-15 1e-20
5251.601812 1.018745e-15 1e-20
5251.853029 1.026719e-15 1e-20
5252.104246 1.037763e-15 1e-20
5252.355463 1.041663e-15 1e-20
5252.60668 1.032982e-15 1e-20
5252.857897 1.030316e-15 1e-20
5253.109114 1.039786e-15 1e-20
5253.36033 1.037563e-15 1e-20
5253.611547 1.028608e-15 1e-20
5253.862764 1.028403e-15 1e-20
5254.113981 1.022458e-15 1e-20
5254.365198 1.003761e-15 1e-20
5254.616415 9.861323e-16 1e-20
5254.867632 9.810581e-16 1e-20
5255.118849 9.915908e-16 1e-20
5255.370066 1.00581e-15 1e-20
5255.621283 1.012832e-15 1e-20
5255.8725 1.017676e-15 1e-20
5256.123717 1.021934e-15 1e-20
5256.374934 1.021425e-15 1e-20
5256.626151 1.012236e-15 1e-20
5256.877368 9.985963e-16 1e-20
5257.128585 9.965919e-16 1e-20
5257.379801 1.005431e-15 1e-20
5257.631018 1.015194e-15 1e-20
5257.882235 1.023481e-15 1e-20
5258.133452 1.027941e-15 1e-20
5258.384669 1.023695e-15 1e-20
5258.635886 1.01896e-15 1e-20
5258.887103 1.024944e-15 1e-20
5259.13832 1.029998e-15 1e-20
5259.389537 1.024954e-15 1e-20
5259.640754 1.014649e-15 1e-20
5259.891971 1.009691e-15 1e-20
5260.143188 1.015889e-15 1e-20
5260.394405 1.016784e-15 1e-20
5260.645622 1.00324e-15 1e-20
5260.896839 9.936695e-16 1e-20
5261.148056 9.986313e-16 1e-20
5261.399272 1.01272e-15 1e-20
5261.650489 1.026626e-15 1e-20
5261.901706 1.033568e-15 1e-20
5262.152923 1.0312e-15 1e-20
5262.40414 1.024653e-15 1e-20
5262.655357 1.023207e-15 1e-20
5262.906574 1.034176e-15 1e-20
5263.157791 1.05097e-15 1e-20
5263.409008 1.05906e-15 1e-20
5263.660225 1.051833e-15 1e-20
5263.911442 1.028073e-15 1e-20
5264.162659 1.004798e-15 1e-20
5264.413876 9.965984e-16 1e-20
5264.665093 1.005509e-15 1e-20
5264.91631 1.016831e-15 1e-20
5265.167527 1.014256e-15 1e-20
5265.418743 1.010455e-15 1e-20
5265.66996 1.020718e-15 1e-20
5265.921177 1.035469e-15 1e-20
5266.172394 1.037562e-15 1e-20
5266.423611 1.020798e-15 1e-20
5266.674828 1.011072e-15 1e-20
5266.926045 1.021156e-15 1e-20
5267.177262 1.032727e-15 1e-20
5267.428479 1.034357e-15 1e-20
5267.679696 1.022407e-15 1e-20
5267.930913 1.013516e-15 1e-20
5268.18213 1.016518e-15 1e-20
5268.433347 1.020531e-15 1e-20
5268.684564 1.021883e-15 1e-20
5268.935781 1.016128e-15 1e-20
5269.186998 1.006793e-15 1e-20
5269.438214 1.004899e-15 1e-20
5269.689431 1.008982e-15 1e-20
5269.940648 1.018323e-15 1e-20
5270.191865 1.029777e-15 1e-20
5270.443082 1.035649e-15 1e-20
5270.694299 1.034099e-15 1e-20
5270.945516 1.032673e-15 1e-20
5271.196733 1.03012e-15 1e-20
5271.44795 1.021692e-15 1e-20
5271.699167 1.015337e-15 1e-20
5271.950384 1.014965e-15 1e-20
5272.201601 1.018846e-15 1e-20
5272.452818 1.025031e-15 1e-20
5272.704035 1.02526e-15 1e-20
5272.955252 1.019044e-15 1e-20
5273.206469 1.01092e-15 1e-20
5273.457685 1.010689e-15 1e-20
5273.708902 1.022196e-15 1e-20
5273.960119 1.033611e-15 1e-20
5274.211336 1.037853e-15 1e-20
5274.462553 1.03525e-15 1e-20
5274.71377 1.032025e-15 1e-20
5274.964987 1.030725e-15 1e-20
5275.216204 1.023946e-15 1e-20
5275.467421 1.016126e-15 1e-20
5275.718638 1.013336e-15 1e-20
5275.969855 1.013313e-15 1e-20
5276.221072 1.015053e-15 1e-20
5276.472289 1.017887e-15 1e-20
5276.723506 1.0217e-15 1e-20
5276.974723 1.023175e-15 1e-20
5277.22594 1.015455e-15 1e-20
5277.477156 1.013227e-15 1e-20
5277.728373 1.02339e-15 1e-20
5277.97959 1.034952e-15 1e-20
5278.230807 1.047276e-15 1e-20
5278.482024 1.050764e-15 1e-20
5278.733241 1.04367e-15 1e-20
5278.984458 1.030985e-15 1e-20
5279.235675 1.028604e-15 1e-20
5279.486892 1.042163e-15 1e-20
5279.738109 1.043168e-15 1e-20
5279.989326 1.034446e-15 1e-20
5280.240543 1.033972e-15 1e-20
5280.49176 1.02976e-15 1e-20
5280.742977 1.020201e-15 1e-20
5280.994194 1.026145e-15 1e-20
5281.245411 1.040711e-15 1e-20
5281.496627 1.049254e-15 1e-20
5281.747844 1.052653e-15 1e-20
5281.999061 1.05028e-15 1e-20
5282.250278 1.047963e-15 1e-20
5282.501495 1.050198e-15 1e-20
5282.752712 1.051729e-15 1e-20
5283.003929 1.05092e-15 1e-20
5283.255146 1.050636e-15 1e-20
5283.506363 1.05678e-15 1e-20
5283.75758 1.060661e-15 1e-20
5284.008797 1.055678e-15 1e-20
5284.260014 1.048996e-15 1e-20
5284.511231 1.04787e-15 1e-20
5284.762448 1.050715e-15 1e-20
5285.013665 1.050947e-15 1e-20
5285.264882 1.046936e-15 1e-20
5285.516098 1.050029e-15 1e-20
5285.767315 1.06077e-15 1e-20
5286.018532 1.0643e-15 1e-20
5286.269749 1.060623e-15 1e-20
5286.520966 1.052083e-15 1e-20
5286.772183 1.046332e-15 1e-20
5287.0234 1.048649e-15 1e-20
5287.274617 1.051894e-15 1e-20
5287.525834 1.053543e-15 1e-20
5287.777051 1.04862e-15 1e-20
5288.028268 1.040403e-15 1e-20
5288.279485 1.035935e-15 1e-20
5288.530702 1.039976e-15 1e-20
5288.781919 1.051464e-15 1e-20
5289.033136 1.064923e-15 1e-20
5289.284353 1.073975e-15 1e-20
5289.535569 1.075475e-15 1e-20
5289.786786 1.069745e-15 1e-20
5290.038003 1.061257e-15 1e-20
5290.28922 1.056944e-15 1e-20
5290.540437 1.061387e-15 1e-20
5290.791654 1.073482e-15 1e-20
5291.042871 1.086326e-15 1e-20
5291.294088 1.093995e-15 1e-20
5291.545305 1.093927e-15 1e-20
5291.796522 1.085438e-15 1e-20
5292.047739 1.067134e-15 1e-20
5292.298956 1.056192e-15 1e-20
5292.550173 1.060125e-15 1e-20
5292.80139 1.067554e-15 1e-20
5293.052607 1.069852e-15 1e-20
5293.303824 1.068041e-15 1e-20
5293.55504 1.070155e-15 1e-20
5293.806257 1.075347e-15 1e-20
5294.057474 1.078212e-15 1e-20
5294.308691 1.068958e-15 1e-20
5294.559908 1.052696e-15 1e-20
5294.811125 1.054944e-15 1e-20
5295.062342 1.069215e-15 1e-20
5295.313559 1.076959e-15 1e-20
5295.564776 1.071494e-15 1e-20
5295.815993 1.061004e-15 1e-20
5296.06721 1.067132e-15 1e-20
5296.318427 1.081093e-15 1e-20
5296.569644 1.080772e-15 1e-20
5296.820861 1.07562e-15 1e-20
5297.072078 1.074402e-15 1e-20
5297.323295 1.074183e-15 1e-20
5297.574511 1.074766e-15 1e-20
5297.825728 1.077811e-15 1e-20
5298.076945 1.082056e-15 1e-20
5298.328162 1.081047e-15 1e-20
5298.579379 1.078239e-15 1e-20
5298.830596 1.080578e-15 1e-20
5299.081813 1.08986e-15 1e-20
5299.33303 1.09487e-15 1e-20
5299.584247 1.088335e-15 1e-20
5299.835464 1.070914e-15 1e-20
5300.086681 1.056718e-15 1e-20
5300.337898 1.056498e-15 1e-20
5300.589115 1.041101e-15 1e-20
5300.840332 1.003777e-15 1e-20
5301.091549 9.759086e-16 1e-20
5301.342766 9.863201e-16 1e-20
5301.593982 1.040983e-15 1e-20
5301.845199 1.084299e-15 1e-20
5302.096416 1.098177e-15 1e-20
5302.347633 1.100285e-15 1e-20
5302.59885 1.089991e-15 1e-20
5302.850067 1.081721e-15 1e-20
5303.101284 1.079277e-15 1e-20
5303.352501 1.078193e-15 1e-20
5303.603718 1.083459e-15 1e-20
5303.854935 1.085104e-15 1e-20
5304.106152 1.072276e-15 1e-20
5304.357369 1.062513e-15 1e-20
5304.608586 1.063421e-15 1e-20
5304.859803 1.067318e-15 1e-20
5305.11102 1.072241e-15 1e-20
5305.362237 1.074265e-15 1e-20
5305.613453 1.076164e-15 1e-20
5305.86467 1.079733e-15 1e-20
5306.115887 1.078206e-15 1e-20
5306.367104 1.078539e-15 1e-20
5306.618321 1.080735e-15 1e-20
5306.869538 1.071545e-15 1e-20
5307.120755 1.059566e-15 1e-20
5307.371972 1.060654e-15 1e-20
5307.623189 1.070848e-15 1e-20
5307.874406 1.074561e-15 1e-20
5308.125623 1.070874e-15 1e-20
5308.37684 1.066054e-15 1e-20
5308.628057 1.06446e-15 1e-20
5308.879274 1.06895e-15 1e-20
5309.130491 1.078293e-15 1e-20
5309.381708 1.080246e-15 1e-20
5309.632924 1.072047e-15 1e-20
5309.884141 1.068182e-15 1e-20
5310.135358 1.06816e-15 1e-20
5310.386575 1.063429e-15 1e-20
5310.637792 1.060987e-15 1e-20
5310.889009 1.067532e-15 1e-20
5311.140226 1.078104e-15 1e-20
5311.391443 1.083441e-15 1e-20
5311.64266 1.077201e-15 1e-20
5311.893877 1.065309e-15 1e-20
5312.145094 1.05373e-15 1e-20
5312.396311 1.049855e-15 1e-20
5312.647528 1.051937e-15 1e-20
5312.898745 1.048123e-15 1e-20
5313.149962 1.040869e-15 1e-20
5313.401179 1.03706e-15 1e-20
5313.652395 1.042172e-15 1e-20
5313.903612 1.047694e-15 1e-20
5314.154829 1.04746e-15 1e-20
5314.406046 1.046889e-15 1e-20
5314.657263 1.046946e-15 1e-20
5314.90848 1.046645e-15 1e-20
5315.159697 1.044945e-15 1e-20
5315.410914 1.04196e-15 1e-20
5315.662131 1.041425e-15 1e-20
5315.913348 1.04367e-15 1e-20
5316.164565 1.047242e-15 1e-20
5316.415782 1.052409e-15 1e-20
5316.666999 1.05684e-15 1e-20
5316.918216 1.051196e-15 1e-20
5317.169433 1.035052e-15 1e-20
5317.42065 1.027885e-15 1e-20
5317.671866 1.03041e-15 1e-20
5317.923083 1.034153e-15 1e-20
5318.1743 1.038719e-15 1e-20
5318.425517 1.042125e-15 1e-20
5318.676734 1.037923e-15 1e-20
5318.927951 1.027337e-15 1e-20
5319.179168 1.015806e-15 1e-20
5319.430385 1.012808e-15 1e-20
5319.681602 1.016954e-15 1e-20
5319.932819 1.017139e-15 1e-20
5320.184036 1.012889e-15 1e-20
5320.435253 1.010938e-15 1e-20
5320.68647 1.013569e-15 1e-20
5320.937687 1.014592e-15 1e-20
5321.188904 1.004696e-15 1e-20
5321.440121 9.929632e-16 1e-20
5321.691337 9.941941e-16 1e-20
5321.942554 9.993365e-16 1e-20
5322.193771 1.00083e-15 1e-20
5322.444988 9.997446e-16 1e-20
5322.696205 9.983043e-16 1e-20
5322.947422 9.975132e-16 1e-20
5323.198639 9.933911e-16 1e-20
5323.449856 9.874509e-16 1e-20
5323.701073 9.80464e-16 1e-20
5323.95229 9.752671e-16 1e-20
5324.203507 9.798716e-16 1e-20
5324.454724 9.863988e-16 1e-20
5324.705941 9.852047e-16 1e-20
5324.957158 9.732817e-16 1e-20
5325.208375 9.611342e-16 1e-20
5325.459592 9.593666e-16 1e-20
5325.710808 9.634459e-16 1e-20
5325.962025 9.722832e-16 1e-20
5326.213242 9.774089e-16 1e-20
5326.464459 9.745593e-16 1e-20
5326.715676 9.721465e-16 1e-20
5326.966893 9.720408e-16 1e-20
5327.21811 9.699035e-16 1e-20
5327.469327 9.602293e-16 1e-20
5327.720544 9.539177e-16 1e-20
5327.971761 9.580182e-16 1e-20
5328.222978 9.699508e-16 1e-20
5328.474195 9.807011e-16 1e-20
5328.725412 9.74908e-16 1e-20
5328.976629 9.573335e-16 1e-20
5329.227846 9.340665e-16 1e-20
5329.479063 9.049591e-16 1e-20
5329.730279 8.722043e-16 1e-20
5329.981496 8.512552e-16 1e-20
5330.232713 8.62006e-16 1e-20
5330.48393 8.992877e-16 1e-20
5330.735147 9.292161e-16 1e-20
5330.986364 9.412629e-16 1e-20
5331.237581 9.504673e-16 1e-20
5331.488798 9.573188e-16 1e-20
5331.740015 9.58155e-16 1e-20
5331.991232 9.566493e-16 1e-20
5332.242449 9.542144e-16 1e-20
5332.493666 9.49251e-16 1e-20
5332.744883 9.395273e-16 1e-20
5332.9961 9.267218e-16 1e-20
5333.247317 9.185317e-16 1e-20
5333.498534 9.158148e-16 1e-20
5333.74975 9.150616e-16 1e-20
5334.000967 9.190392e-16 1e-20
5334.252184 9.199557e-16 1e-20
5334.503401 9.182128e-16 1e-20
5334.754618 9.211456e-16 1e-20
5335.005835 9.186523e-16 1e-20
5335.257052 9.137122e-16 1e-20
5335.508269 9.196436e-16 1e-20
5335.759486 9.283535e-16 1e-20
5336.010703 9.278883e-16 1e-20
5336.26192 9.198244e-16 1e-20
5336.513137 9.126418e-16 1e-20
5336.764354 9.113988e-16 1e-20
5337.015571 9.095732e-16 1e-20
5337.266788 9.063685e-16 1e-20
5337.518005 9.004898e-16 1e-20
5337.769221 8.934422e-16 1e-20
5338.020438 8.930974e-16 1e-20
5338.271655 8.994773e-16 1e-20
5338.522872 9.003852e-16 1e-20
5338.774089 8.899144e-16 1e-20
5339.025306 8.820011e-16 1e-20
5339.276523 8.822937e-16 1e-20
5339.52774 8.892166e-16 1e-20
5339.778957 8.967623e-16 1e-20
5340.030174 9.015694e-16 1e-20
5340.281391 9.059706e-16 1e-20
5340.532608 9.103421e-16 1e-20
5340.783825 9.119093e-16 1e-20
5341.035042 9.093019e-16 1e-20
5341.286259 9.034391e-16 1e-20
5341.537476 8.974735e-16 1e-20
5341.788692 8.936615e-16 1e-20
5342.039909 8.926397e-16 1e-20
5342.291126 8.891966e-16 1e-20
5342.542343 8.831817e-16 1e-20
5342.79356 8.776184e-16 1e-20
5343.044777 8.70325e-16 1e-20
5343.295994 8.70172e-16 1e-20
5343.547211 8.774692e-16 1e-20
5343.798428 8.848882e-16 1e-20
5344.049645 8.862778e-16 1e-20
5344.300862 8.804814e-16 1e-20
5344.552079 8.724921e-16 1e-20
5344.803296 8.653996e-16 1e-20
5345.054513 8.637329e-16 1e-20
5345.30573 8.683737e-16 1e-20
5345.556947 8.762518e-16 1e-20
5345.808164 8.778774e-16 1e-20
5346.05938 8.719009e-16 1e-20
5346.310597 8.654082e-16 1e-20
5346.561814 8.570124e-16 1e-20
5346.813031 8.480617e-16 1e-20
5347.064248 8.506825e-16 1e-20
5347.315465 8.579025e-16 1e-20
5347.566682 8.598173e-16 1e-20
5347.817899 8.682229e-16 1e-20
5348.069116 8.820498e-16 1e-20
5348.320333 8.855054e-16 1e-20
5348.57155 8.770411e-16 1e-20
5348.822767 8.653528e-16 1e-20
5349.073984 8.572283e-16 1e-20
5349.325201 8.565608e-16 1e-20
5349.576418 8.548615e-16 1e-20
5349.827635 8.531069e-16 1e-20
5350.078851 8.617677e-16 1e-20
5350.330068 8.676362e-16 1e-20
5350.581285 8.594356e-16 1e-20
5350.832502 8.502966e-16 1e-20
5351.083719 8.466248e-16 1e-20
5351.334936 8.483701e-16 1e-20
5351.586153 8.511961e-16 1e-20
5351.83737 8.51914e-16 1e-20
5352.088587 8.545052e-16 1e-20
5352.339804 8.553253e-16 1e-20
5352.591021 8.526531e-16 1e-20
5352.842238 8.512195e-16 1e-20
5353.093455 8.489488e-16 1e-20
5353.344672 8.44057e-16 1e-20
5353.595889 8.377229e-16 1e-20
5353.847106 8.368497e-16 1e-20
5354.098322 8.398013e-16 1e-20
5354.349539 8.374345e-16 1e-20
5354.600756 8.41758e-16 1e-20
5354.851973 8.526956e-16 1e-20
5355.10319 8.504632e-16 1e-20
5355.354407 8.414775e-16 1e-20
5355.605624 8.3582e-16 1e-20
5355.856841 8.368498e-16 1e-20
5356.108058 8.42604e-16 1e-20
5356.359275 8.488751e-16 1e-20
5356.610492 8.510897e-16 1e-20
5356.861709 8.465678e-16 1e-20
5357.112926 8.393292e-16 1e-20
5357.364143 8.312916e-16 1e-20
5357.61536 8.253236e-16 1e-20
5357.866577 8.223073e-16 1e-20
5358.117793 8.221095e-16 1e-20
5358.36901 8.270329e-16 1e-20
5358.620227 8.328829e-16 1e-20
5358.871444 8.334879e-16 1e-20
5359.122661 8.295638e-16 1e-20
5359.373878 8.222361e-16 1e-20
5359.625095 8.136281e-16 1e-20
5359.876312 8.088175e-16 1e-20
5360.127529 8.133409e-16 1e-20
5360.378746 8.215397e-16 1e-20
5360.629963 8.252874e-16 1e-20
5360.88118 8.268552e-16 1e-20
5361.132397 8.257917e-16 1e-20
5361.383614 8.183376e-16 1e-20
5361.634831 8.124995e-16 1e-20
5361.886048 8.088136e-16 1e-20
5362.137264 8.019391e-16 1e-20
5362.388481 7.973441e-16 1e-20
5362.639698 7.998668e-16 1e-20
5362.890915 8.061498e-16 1e-20
5363.142132 8.092577e-16 1e-20
5363.393349 8.088119e-16 1e-20
5363.644566 8.053927e-16 1e-20
5363.895783 8.008506e-16 1e-20
5364.147 8.0019e-16 1e-20
5364.398217 8.055621e-16 1e-20
5364.649434 8.102971e-16 1e-20
5364.900651 8.130949e-16 1e-20
5365.151868 8.147162e-16 1e-20
5365.403085 8.072756e-16 1e-20
5365.654302 7.950823e-16 1e-20
5365.905519 7.922155e-16 1e-20
5366.156735 7.898697e-16 1e-20
5366.407952 7.863665e-16 1e-20
5366.659169 7.880631e-16 1e-20
5366.910386 7.856383e-16 1e-20
5367.161603 7.862708e-16 1e-20
5367.41282 7.995879e-16 1e-20
5367.664037 8.093732e-16 1e-20
5367.915254 8.060688e-16 1e-20
5368.166471 7.970918e-16 1e-20
5368.417688 7.881216e-16 1e-20
5368.668905 7.826635e-16 1e-20
5368.920122 7.8646e-16 1e-20
5369.171339 7.93983e-16 1e-20
5369.422556 7.98603e-16 1e-20
5369.673773 8.0079e-16 1e-20
5369.92499 8.000542e-16 1e-20
5370.176206 7.979512e-16 1e-20
5370.427423 8.01118e-16 1e-20
5370.67864 8.05403e-16 1e-20
5370.929857 8.028606e-16 1e-20
5371.181074 7.971666e-16 1e-20
5371.432291 7.952799e-16 1e-20
5371.683508 7.97552e-16 1e-20
5371.934725 8.008557e-16 1e-20
5372.185942 8.007215e-16 1e-20
5372.437159 7.955158e-16 1e-20
5372.688376 7.896564e-16 1e-20
5372.939593 7.877764e-16 1e-20
5373.19081 7.919662e-16 1e-20
5373.442027 7.955627e-16 1e-20
5373.693244 7.956855e-16 1e-20
5373.944461 7.944899e-16 1e-20
5374.195677 7.954319e-16 1e-20
5374.446894 7.977301e-16 1e-20
5374.698111 7.952394e-16 1e-20
5374.949328 7.912755e-16 1e-20
5375.200545 7.933738e-16 1e-20
5375.451762 7.944698e-16 1e-20
5375.702979 7.953496e-16 1e-20
5375.954196 7.977355e-16 1e-20
5376.205413 7.982603e-16 1e-20
5376.45663 8.016481e-16 1e-20
5376.707847 8.046919e-16 1e-20
5376.959064 8.055495e-16 1e-20
5377.210281 8.011666e-16 1e-20
5377.461498 7.908174e-16 1e-20
5377.712715 7.865561e-16 1e-20
5377.963932 7.861945e-16 1e-20
5378.215148 7.846098e-16 1e-20
5378.466365 7.861435e-16 1e-20
5378.717582 7.913395e-16 1e-20
5378.968799 7.966979e-16 1e-20
5379.220016 7.952551e-16 1e-20
5379.471233 7.893784e-16 1e-20
5379.72245 7.838896e-16 1e-20
5379.973667 7.787925e-16 1e-20
5380.224884 7.752437e-16 1e-20
5380.476101 7.775415e-16 1e-20
5380.727318 7.889305e-16 1e-20
5380.978535 8.00366e-16 1e-20
5381.229752 8.075896e-16 1e-20
5381.480969 8.031551e-16 1e-20
5381.732186 7.884539e-16 1e-20
5381.983403 7.771769e-16 1e-20
5382.234619 7.702799e-16 1e-20
5382.485836 7.690065e-16 1e-20
5382.737053 7.755151e-16 1e-20
5382.98827 7.872915e-16 1e-20
5383.239487 7.976491e-16 1e-20
5383.490704 7.96935e-16 1e-20
5383.741921 7.885528e-16 1e-20
5383.993138 7.807234e-16 1e-20
5384.244355 7.777871e-16 1e-20
5384.495572 7.777542e-16 1e-20
5384.746789 7.799886e-16 1e-20
5384.998006 7.809298e-16 1e-20
5385.249223 7.78911e-16 1e-20
5385.50044 7.79248e-16 1e-20
5385.751657 7.807361e-16 1e-20
5386.002874 7.83309e-16 1e-20
5386.25409 7.858465e-16 1e-20
5386.505307 7.859862e-16 1e-20
5386.756524 7.869036e-16 1e-20
5387.007741 7.885035e-16 1e-20
5387.258958 7.848156e-16 1e-20
5387.510175 7.818257e-16 1e-20
5387.761392 7.90832e-16 1e-20
5388.012609 8.006329e-16 1e-20
5388.263826 8.020482e-16 1e-20
5388.515043 7.968274e-16 1e-20
5388.76626 7.887213e-16 1e-20
5389.017477 7.82476e-16 1e-20
5389.268694 7.784885e-16 1e-20
5389.519911 7.73695e-16 1e-20
5389.771128 7.731348e-16 1e-20
5390.022345 7.7697e-16 1e-20
5390.273561 7.695736e-16 1e-20
5390.524778 7.622544e-16 1e-20
5390.775995 7.69649e-16 1e-20
5391.027212 7.773855e-16 1e-20
5391.278429 7.759829e-16 1e-20
5391.529646 7.711148e-16 1e-20
5391.780863 7.680421e-16 1e-20
5392.03208 7.693685e-16 1e-20
5392.283297 7.754172e-16 1e-20
5392.534514 7.811524e-16 1e-20
5392.785731 7.810715e-16 1e-20
5393.036948 7.799268e-16 1e-20
5393.288165 7.804003e-16 1e-20
5393.539382 7.805062e-16 1e-20
5393.790599 7.738932e-16 1e-20
5394.041816 7.636618e-16 1e-20
5394.293032 7.605066e-16 1e-20
5394.544249 7.722251e-16 1e-20
5394.795466 7.888985e-16 1e-20
5395.046683 7.91841e-16 1e-20
5395.2979 7.865081e-16 1e-20
5395.549117 7.83159e-16 1e-20
5395.800334 7.810528e-16 1e-20
5396.051551 7.868072e-16 1e-20
5396.302768 7.964851e-16 1e-20
5396.553985 7.93838e-16 1e-20
5396.805202 7.837252e-16 1e-20
5397.056419 7.75071e-16 1e-20
5397.307636 7.709654e-16 1e-20
5397.558853 7.714921e-16 1e-20
5397.81007 7.724688e-16 1e-20
5398.061287 7.733827e-16 1e-20
5398.312503 7.779749e-16 1e-20
5398.56372 7.820933e-16 1e-20
5398.814937 7.8575e-16 1e-20
5399.066154 7.813817e-16 1e-20
5399.317371 7.710236e-16 1e-20
5399.568588 7.698482e-16 1e-20
5399.819805 7.780025e-16 1e-20
5400.071022 7.909468e-16 1e-20
5400.322239 7.923257e-16 1e-20
5400.573456 7.83269e-16 1e-20
5400.824673 7.776037e-16 1e-20
5401.07589 7.810987e-16 1e-20
5401.327107 7.906534e-16 1e-20
5401.578324 7.966216e-16 1e-20
5401.829541 7.964472e-16 1e-20
5402.080758 7.915731e-16 1e-20
5402.331974 7.877052e-16 1e-20
5402.583191 7.886245e-16 1e-20
5402.834408 7.906874e-16 1e-20
5403.085625 7.877409e-16 1e-20
5403.336842 7.827601e-16 1e-20
5403.588059 7.821184e-16 1e-20
5403.839276 7.904104e-16 1e-20
5404.090493 7.973222e-16 1e-20
5404.34171 7.960067e-16 1e-20
5404.592927 7.949939e-16 1e-20
5404.844144 7.900529e-16 1e-20
5405.095361 7.775463e-16 1e-20
5405.346578 7.703171e-16 1e-20
5405.597795 7.698986e-16 1e-20
5405.849012 7.720812e-16 1e-20
5406.100229 7.749362e-16 1e-20
5406.351445 7.777763e-16 1e-20
5406.602662 7.79816e-16 1e-20
5406.853879 7.817469e-16 1e-20
5407.105096 7.835773e-16 1e-20
5407.356313 7.82643e-16 1e-20
5407.60753 7.840216e-16 1e-20
5407.858747 7.849149e-16 1e-20
5408.109964 7.796829e-16 1e-20
5408.361181 7.745151e-16 1e-20
5408.612398 7.73735e-16 1e-20
5408.863615 7.745332e-16 1e-20
5409.114832 7.746308e-16 1e-20
5409.366049 7.754577e-16 1e-20
5409.617266 7.753648e-16 1e-20
5409.868483 7.733784e-16 1e-20
5410.1197 7.724616e-16 1e-20
5410.370916 7.7759e-16 1e-20
5410.622133 7.846666e-16 1e-20
5410.87335 7.871512e-16 1e-20
5411.124567 7.810082e-16 1e-20
5411.375784 7.754428e-16 1e-20
5411.627001 7.801744e-16 1e-20
5411.878218 7.914241e-16 1e-20
5412.129435 7.976078e-16 1e-20
5412.380652 7.952837e-16 1e-20
5412.631869 7.954007e-16 1e-20
5412.883086 7.954211e-16 1e-20
5413.134303 7.915327e-16 1e-20
5413.38552 7.868519e-16 1e-20
5413.636737 7.87394e-16 1e-20
5413.887954 7.909896e-16 1e-20
5414.139171 7.902214e-16 1e-20
5414.390387 7.891507e-16 1e-20
5414.641604 7.905977e-16 1e-20
5414.892821 7.911328e-16 1e-20
5415.144038 7.884894e-16 1e-20
5415.395255 7.808736e-16 1e-20
5415.646472 7.742791e-16 1e-20
5415.897689 7.752605e-16 1e-20
5416.148906 7.840447e-16 1e-20
5416.400123 7.909015e-16 1e-20
5416.65134 7.911202e-16 1e-20
5416.902557 7.925026e-16 1e-20
5417.153774 7.931948e-16 1e-20
5417.404991 7.875749e-16 1e-20
5417.656208 7.81936e-16 1e-20
5417.907425 7.813556e-16 1e-20
5418.158642 7.842504e-16 1e-20
5418.409858 7.799775e-16 1e-20
5418.661075 7.72619e-16 1e-20
5418.912292 7.746404e-16 1e-20
5419.163509 7.793478e-16 1e-20
5419.414726 7.825564e-16 1e-20
5419.665943 7.848069e-16 1e-20
5419.91716 7.813631e-16 1e-20
5420.168377 7.756161e-16 1e-20
5420.419594 7.743141e-16 1e-20
5420.670811 7.761252e-16 1e-20
5420.922028 7.786358e-16 1e-20
5421.173245 7.782882e-16 1e-20
5421.424462 7.790663e-16 1e-20
5421.675679 7.836085e-16 1e-20
5421.926896 7.855133e-16 1e-20
5422.178113 7.81509e-16 1e-20
5422.429329 7.763821e-16 1e-20
5422.680546 7.802404e-16 1e-20
5422.931763 7.913803e-16 1e-20
5423.18298 8.019571e-16 1e-20
5423.434197 8.076014e-16 1e-20
5423.685414 8.078138e-16 1e-20
5423.936631 8.046e-16 1e-20
5424.187848 7.977291e-16 1e-20
5424.439065 7.944759e-16 1e-20
5424.690282 7.983455e-16 1e-20
5424.941499 8.007123e-16 1e-20
5425.192716 8.020998e-16 1e-20
5425.443933 8.052499e-16 1e-20
5425.69515 8.066571e-16 1e-20
5425.946367 8.007594e-16 1e-20
5426.197584 7.88357e-16 1e-20
5426.4488 7.839422e-16 1e-20
5426.700017 7.881699e-16 1e-20
5426.951234 7.907966e-16 1e-20
5427.202451 7.908005e-16 1e-20
5427.453668 7.935924e-16 1e-20
5427.704885 8.031632e-16 1e-20
5427.956102 8.00955e-16 1e-20
5428.207319 7.904997e-16 1e-20
5428.458536 7.898765e-16 1e-20
5428.709753 7.921777e-16 1e-20
5428.96097 7.912526e-16 1e-20
5429.212187 7.875554e-16 1e-20
5429.463404 7.903642e-16 1e-20
5429.714621 8.00063e-16 1e-20
5429.965838 8.038794e-16 1e-20
5430.217055 7.982068e-16 1e-20
5430.468271 7.892823e-16 1e-20
5430.719488 7.899483e-16 1e-20
5430.970705 7.962323e-16 1e-20
5431.221922 7.985521e-16 1e-20
5431.473139 7.942015e-16 1e-20
5431.724356 7.888152e-16 1e-20
5431.975573 7.883832e-16 1e-20
5432.22679 7.95785e-16 1e-20
5432.478007 7.998255e-16 1e-20
5432.729224 7.947832e-16 1e-20
5432.980441 7.846439e-16 1e-20
5433.231658 7.823166e-16 1e-20
5433.482875 7.955846e-16 1e-20
5433.734092 8.030935e-16 1e-20
5433.985309 8.030417e-16 1e-20
5434.236526 8.042341e-16 1e-20
5434.487742 7.973555e-16 1e-20
5434.738959 7.866886e-16 1e-20
5434.990176 7.884488e-16 1e-20
5435.241393 7.944594e-16 1e-20
5435.49261 7.9789e-16 1e-20
5435.743827 7.991254e-16 1e-20
5435.995044 7.989801e-16 1e-20
5436.246261 7.996859e-16 1e-20
5436.497478 8.004625e-16 1e-20
5436.748695 8.010255e-16 1e-20
5436.999912 8.041881e-16 1e-20
5437.251129 8.109896e-16 1e-20
5437.502346 8.136311e-16 1e-20
5437.753563 8.136319e-16 1e-20
5438.00478 8.243276e-16 1e-20
5438.255997 8.250511e-16 1e-20
5438.507213 8.057179e-16 1e-20
5438.75843 7.947651e-16 1e-20
5439.009647 7.959092e-16 1e-20
5439.260864 8.006738e-16 1e-20
5439.512081 8.035851e-16 1e-20
5439.763298 8.042847e-16 1e-20
5440.014515 8.048141e-16 1e-20
5440.265732 8.036679e-16 1e-20
5440.516949 8.037144e-16 1e-20
5440.768166 8.101265e-16 1e-20
5441.019383 8.182702e-16 1e-20
5441.2706 8.237214e-16 1e-20
5441.521817 8.284966e-16 1e-20
5441.773034 8.253869e-16 1e-20
5442.024251 8.181832e-16 1e-20
5442.275468 8.178004e-16 1e-20
5442.526684 8.228463e-16 1e-20
5442.777901 8.259401e-16 1e-20
5443.029118 8.183188e-16 1e-20
5443.280335 8.120958e-16 1e-20
5443.531552 8.133961e-16 1e-20
5443.782769 8.147734e-16 1e-20
5444.033986 8.156948e-16 1e-20
5444.285203 8.176255e-16 1e-20
5444.53642 8.170175e-16 1e-20
5444.787637 8.094606e-16 1e-20
5445.038854 8.015697e-16 1e-20
5445.290071 8.04626e-16 1e-20
5445.541288 8.086475e-16 1e-20
5445.792505 8.074706e-16 1e-20
5446.043722 8.137985e-16 1e-20
5446.294939 8.238861e-16 1e-20
5446.546155 8.29522e-16 1e-20
5446.797372 8.22154e-16 1e-20
5447.048589 8.095171e-16 1e-20
5447.299806 8.064156e-16 1e-20
5447.551023 8.136409e-16 1e-20
5447.80224 8.218652e-16 1e-20
5448.053457 8.20787e-16 1e-20
5448.304674 8.140106e-16 1e-20
5448.555891 8.086415e-16 1e-20
5448.807108 8.09949e-16 1e-20
5449.058325 8.180224e-16 1e-20
5449.309542 8.275039e-16 1e-20
5449.560759 8.275251e-16 1e-20
5449.811976 8.199664e-16 1e-20
5450.063193 8.166045e-16 1e-20
5450.31441 8.239355e-16 1e-20
5450.565626 8.319482e-16 1e-20
5450.816843 8.336244e-16 1e-20
5451.06806 8.315333e-16 1e-20
5451.319277 8.250932e-16 1e-20
5451.570494 8.162086e-16 1e-20
5451.821711 8.158883e-16 1e-20
5452.072928 8.219034e-16 1e-20
5452.324145 8.235747e-16 1e-20
5452.575362 8.08633e-16 1e-20
5452.826579 7.867162e-16 1e-20
5453.077796 7.759092e-16 1e-20
5453.329013 7.883512e-16 1e-20
5453.58023 8.123543e-16 1e-20
5453.831447 8.265881e-16 1e-20
5454.082664 8.293758e-16 1e-20
5454.333881 8.275348e-16 1e-20
5454.585097 8.265604e-16 1e-20
5454.836314 8.290858e-16 1e-20
5455.087531 8.269325e-16 1e-20
5455.338748 8.138386e-16 1e-20
5455.589965 8.05723e-16 1e-20
5455.841182 8.06453e-16 1e-20
5456.092399 8.09506e-16 1e-20
5456.343616 8.113404e-16 1e-20
5456.594833 8.099467e-16 1e-20
5456.84605 8.048472e-16 1e-20
5457.097267 7.994871e-16 1e-20
5457.348484 8.00032e-16 1e-20
5457.599701 8.12208e-16 1e-20
5457.850918 8.264275e-16 1e-20
5458.102135 8.336958e-16 1e-20
5458.353352 8.350057e-16 1e-20
5458.604568 8.295751e-16 1e-20
5458.855785 8.205054e-16 1e-20
5459.107002 8.147281e-16 1e-20
5459.358219 8.16822e-16 1e-20
5459.609436 8.246778e-16 1e-20
5459.860653 8.351695e-16 1e-20
5460.11187 8.423183e-16 1e-20
5460.363087 8.407268e-16 1e-20
5460.614304 8.408976e-16 1e-20
5460.865521 8.418801e-16 1e-20
5461.116738 8.386494e-16 1e-20
5461.367955 8.24524e-16 1e-20
5461.619172 8.091833e-16 1e-20
5461.870389 8.082746e-16 1e-20
5462.121606 8.103204e-16 1e-20
5462.372823 8.127915e-16 1e-20
5462.62404 8.149624e-16 1e-20
5462.875256 8.084663e-16 1e-20
5463.126473 7.958765e-16 1e-20
5463.37769 7.862287e-16 1e-20
5463.628907 7.922798e-16 1e-20
5463.880124 8.111974e-16 1e-20
5464.131341 8.265485e-16 1e-20
5464.382558 8.305237e-16 1e-20
5464.633775 8.244616e-16 1e-20
5464.884992 8.157803e-16 1e-20
5465.136209 8.163727e-16 1e-20
5465.387426 8.251937e-16 1e-20
5465.638643 8.258613e-16 1e-20
5465.88986 8.217253e-16 1e-20
5466.141077 8.180747e-16 1e-20
5466.392294 8.103716e-16 1e-20
5466.643511 8.043156e-16 1e-20
5466.894727 8.072936e-16 1e-20
5467.145944 8.189289e-16 1e-20
5467.397161 8.31078e-16 1e-20
5467.648378 8.355539e-16 1e-20
5467.899595 8.264173e-16 1e-20
5468.150812 8.156779e-16 1e-20
5468.402029 8.250599e-16 1e-20
5468.653246 8.336759e-16 1e-20
5468.904463 8.332542e-16 1e-20
5469.15568 8.374854e-16 1e-20
5469.406897 8.408602e-16 1e-20
5469.658114 8.382558e-16 1e-20
5469.909331 8.26898e-16 1e-20
5470.160548 8.146461e-16 1e-20
5470.411765 8.097953e-16 1e-20
5470.662982 8.132021e-16 1e-20
5470.914198 8.198229e-16 1e-20
5471.165415 8.218052e-16 1e-20
5471.416632 8.130105e-16 1e-20
5471.667849 8.079501e-16 1e-20
5471.919066 8.110975e-16 1e-20
5472.170283 8.044747e-16 1e-20
5472.4215 7.972327e-16 1e-20
5472.672717 7.98952e-16 1e-20
5472.923934 8.038591e-16 1e-20
5473.175151 8.079613e-16 1e-20
5473.426368 8.093816e-16 1e-20
5473.677585 8.053482e-16 1e-20
5473.928802 8.05048e-16 1e-20
5474.180019 8.181242e-16 1e-20
5474.431236 8.25303e-16 1e-20
5474.682453 8.20223e-16 1e-20
5474.933669 8.109262e-16 1e-20
5475.184886 8.063243e-16 1e-20
5475.436103 8.072011e-16 1e-20
5475.68732 8.086198e-16 1e-20
5475.938537 8.088108e-16 1e-20
5476.189754 8.079756e-16 1e-20
5476.440971 8.094501e-16 1e-20
5476.692188 8.10354e-16 1e-20
5476.943405 8.092078e-16 1e-20
5477.194622 8.080594e-16 1e-20
5477.445839 8.069132e-16 1e-20
5477.697056 8.057648e-16 1e-20
5477.948273 8.046186e-16 1e-20
5478.19949 8.034702e-16 1e-20
5478.450707 8.02324e-16 1e-20
5478.701924 8.011756e-16 1e-20
5478.95314 7.99478e-16 1e-20
5479.204357 8.012617e-16 1e-20
5479.455574 8.012598e-16 1e-20
5479.706791 8.025819e-16 1e-20
5479.958008 8.064974e-16 1e-20
5480.209225 8.031884e-16 1e-20
5480.460442 7.924073e-16 1e-20
5480.711659 7.809786e-16 1e-20
5480.962876 7.814645e-16 1e-20
5481.214093 7.839162e-16 1e-20
5481.46531 7.75964e-16 1e-20
5481.716527 7.74525e-16 1e-20
5481.967744 7.76274e-16 1e-20
5482.218961 7.728808e-16 1e-20
5482.470178 7.77851e-16 1e-20
5482.721395 7.898705e-16 1e-20
5482.972611 7.963801e-16 1e-20
5483.223828 7.910399e-16 1e-20
5483.475045 7.8291e-16 1e-20
5483.726262 7.879951e-16 1e-20
5483.977479 7.893389e-16 1e-20
5484.228696 7.869586e-16 1e-20
5484.479913 8.04137e-16 1e-20
5484.73113 8.084031e-16 1e-20
5484.982347 7.860657e-16 1e-20
5485.233564 7.672346e-16 1e-20
5485.484781 7.651137e-16 1e-20
5485.735998 7.759116e-16 1e-20
5485.987215 7.859246e-16 1e-20
5486.238432 7.926529e-16 1e-20
5486.489649 7.923673e-16 1e-20
5486.740866 7.802846e-16 1e-20
5486.992082 7.66521e-16 1e-20
5487.243299 7.634888e-16 1e-20
5487.494516 7.674933e-16 1e-20
5487.745733 7.767883e-16 1e-20
5487.99695 7.910719e-16 1e-20
5488.248167 7.989256e-16 1e-20
5488.499384 7.958859e-16 1e-20
5488.750601 7.868677e-16 1e-20
5489.001818 7.82693e-16 1e-20
5489.253035 7.84841e-16 1e-20
5489.504252 7.86571e-16 1e-20
5489.755469 7.846991e-16 1e-20
5490.006686 7.80428e-16 1e-20
5490.257903 7.773907e-16 1e-20
5490.50912 7.780685e-16 1e-20
5490.760337 7.807883e-16 1e-20
5491.011553 7.797346e-16 1e-20
5491.26277 7.795018e-16 1e-20
5491.513987 7.823849e-16 1e-20
5491.765204 7.845433e-16 1e-20
5492.016421 7.852896e-16 1e-20
5492.267638 7.839424e-16 1e-20
5492.518855 7.776316e-16 1e-20
5492.770072 7.66869e-16 1e-20
5493.021289 7.569059e-16 1e-20
5493.272506 7.596586e-16 1e-20
5493.523723 7.72907e-16 1e-20
5493.77494 7.868114e-16 1e-20
5494.026157 7.90378e-16 1e-20
5494.277374 7.835051e-16 1e-20
5494.528591 7.745383e-16 1e-20
5494.779808 7.751909e-16 1e-20
5495.031024 7.81391e-16 1e-20
5495.282241 7.869254e-16 1e-20
5495.533458 7.983618e-16 1e-20
5495.784675 8.017762e-16 1e-20
5496.035892 7.849951e-16 1e-20
5496.287109 7.687496e-16 1e-20
5496.538326 7.63817e-16 1e-20
5496.789543 7.670637e-16 1e-20
5497.04076 7.654862e-16 1e-20
5497.291977 7.60872e-16 1e-20
5497.543194 7.628907e-16 1e-20
5497.794411 7.707036e-16 1e-20
5498.045628 7.782416e-16 1e-20
5498.296845 7.774225e-16 1e-20
5498.548062 7.772096e-16 1e-20
5498.799279 7.829306e-16 1e-20
5499.050495 7.882792e-16 1e-20
5499.301712 7.916271e-16 1e-20
5499.552929 7.888445e-16 1e-20
5499.804146 7.707626e-16 1e-20
5500.055363 7.542106e-16 1e-20
5500.30658 7.551734e-16 1e-20
5500.557797 7.650014e-16 1e-20
5500.809014 7.674873e-16 1e-20
5501.060231 7.565667e-16 1e-20
5501.311448 7.429235e-16 1e-20
5501.562665 7.400163e-16 1e-20
5501.813882 7.542294e-16 1e-20
5502.065099 7.640739e-16 1e-20
5502.316316 7.686838e-16 1e-20
5502.567533 7.773892e-16 1e-20
5502.81875 7.830441e-16 1e-20
5503.069966 7.760426e-16 1e-20
5503.321183 7.535097e-16 1e-20
5503.5724 7.38926e-16 1e-20
5503.823617 7.383649e-16 1e-20
5504.074834 7.394903e-16 1e-20
5504.326051 7.45578e-16 1e-20
5504.577268 7.55319e-16 1e-20
5504.828485 7.580993e-16 1e-20
5505.079702 7.551811e-16 1e-20
5505.330919 7.507393e-16 1e-20
5505.582136 7.493952e-16 1e-20
5505.833353 7.453687e-16 1e-20
5506.08457 7.353684e-16 1e-20
5506.335787 7.278703e-16 1e-20
5506.587004 7.315841e-16 1e-20
5506.838221 7.465292e-16 1e-20
5507.089437 7.580563e-16 1e-20
5507.340654 7.546626e-16 1e-20
5507.591871 7.357819e-16 1e-20
5507.843088 7.218655e-16 1e-20
5508.094305 7.22355e-16 1e-20
5508.345522 7.3124e-16 1e-20
5508.596739 7.254441e-16 1e-20
5508.847956 7.180574e-16 1e-20
5509.099173 7.271785e-16 1e-20
5509.35039 7.304666e-16 1e-20
5509.601607 7.21638e-16 1e-20
5509.852824 7.075074e-16 1e-20
5510.104041 7.131686e-16 1e-20
5510.355258 7.361352e-16 1e-20
5510.606475 7.533616e-16 1e-20
5510.857692 7.531806e-16 1e-20
5511.108908 7.390518e-16 1e-20
5511.360125 7.309014e-16 1e-20
5511.611342 7.369928e-16 1e-20
5511.862559 7.466791e-16 1e-20
5512.113776 7.465022e-16 1e-20
5512.364993 7.550848e-16 1e-20
5512.61621 7.846946e-16 1e-20
5512.867427 8.323721e-16 1e-20
5513.118644 8.434871e-16 1e-20
5513.369861 7.80558e-16 1e-20
5513.621078 7.196723e-16 1e-20
5513.872295 6.992939e-16 1e-20
5514.123512 6.974646e-16 1e-20
5514.374729 7.230887e-16 1e-20
5514.625946 7.401986e-16 1e-20
5514.877163 7.197089e-16 1e-20
5515.128379 7.128159e-16 1e-20
5515.379596 7.16811e-16 1e-20
5515.630813 7.053856e-16 1e-20
5515.88203 7.004577e-16 1e-20
5516.133247 7.05712e-16 1e-20
5516.384464 7.08763e-16 1e-20
5516.635681 7.037291e-16 1e-20
5516.886898 6.956551e-16 1e-20
5517.138115 6.940622e-16 1e-20
5517.389332 6.917836e-16 1e-20
5517.640549 6.883388e-16 1e-20
5517.891766 6.903632e-16 1e-20
5518.142983 6.999502e-16 1e-20
5518.3942 7.086229e-16 1e-20
5518.645417 7.018055e-16 1e-20
5518.896634 6.88523e-16 1e-20
5519.14785 6.797866e-16 1e-20
5519.399067 6.822865e-16 1e-20
5519.650284 6.888761e-16 1e-20
5519.901501 6.96499e-16 1e-20
5520.152718 7.123611e-16 1e-20
5520.403935 7.159648e-16 1e-20
5520.655152 6.988747e-16 1e-20
5520.906369 6.818117e-16 1e-20
5521.157586 6.768465e-16 1e-20
5521.408803 6.852735e-16 1e-20
5521.66002 6.926564e-16 1e-20
5521.911237 6.985305e-16 1e-20
5522.162454 7.04969e-16 1e-20
5522.413671 6.988749e-16 1e-20
5522.664888 6.838623e-16 1e-20
5522.916105 6.740137e-16 1e-20
5523.167321 6.863113e-16 1e-20
5523.418538 6.835504e-16 1e-20
5523.669755 6.807842e-16 1e-20
5523.920972 6.780234e-16 1e-20
5524.172189 6.752572e-16 1e-20
5524.423406 6.724964e-16 1e-20
5524.674623 6.757508e-16 1e-20
5524.92584 6.774743e-16 1e-20
5525.177057 6.783428e-16 1e-20
5525.428274 6.788038e-16 1e-20
5525.679491 6.776429e-16 1e-20
5525.930708 6.743505e-16 1e-20
5526.181925 6.715494e-16 1e-20
5526.433142 6.703433e-16 1e-20
5526.684359 6.700669e-16 1e-20
5526.935576 6.694855e-16 1e-20
5527.186792 6.678598e-16 1e-20
5527.438009 6.660857e-16 1e-20
5527.689226 6.660214e-16 1e-20
5527.940443 6.695471e-16 1e-20
5528.19166 6.703289e-16 1e-20
5528.442877 6.645204e-16 1e-20
5528.694094 6.617376e-16 1e-20
5528.945311 6.641656e-16 1e-20
5529.196528 6.664546e-16 1e-20
5529.447745 6.668892e-16 1e-20
5529.698962 6.65382e-16 1e-20
5529.950179 6.632137e-16 1e-20
5530.201396 6.621397e-16 1e-20
5530.452613 6.635543e-16 1e-20
5530.70383 6.649456e-16 1e-20
5530.955047 6.634577e-16 1e-20
5531.206263 6.582359e-16 1e-20
5531.45748 6.530646e-16 1e-20
5531.708697 6.54376e-16 1e-20
5531.959914 6.56777e-16 1e-20
5532.211131 6.547302e-16 1e-20
5532.462348 6.525982e-16 1e-20
5532.713565 6.509427e-16 1e-20
5532.964782 6.469658e-16 1e-20
5533.215999 6.435009e-16 1e-20
5533.467216 6.432763e-16 1e-20
5533.718433 6.452682e-16 1e-20
5533.96965 6.451179e-16 1e-20
5534.220867 6.3757e-16 1e-20
5534.472084 6.330432e-16 1e-20
5534.723301 6.404306e-16 1e-20
5534.974518 6.532236e-16 1e-20
5535.225734 6.621351e-16 1e-20
5535.476951 6.588405e-16 1e-20
5535.728168 6.529112e-16 1e-20
5535.979385 6.538208e-16 1e-20
5536.230602 6.559305e-16 1e-20
5536.481819 6.546924e-16 1e-20
5536.733036 6.48345e-16 1e-20
5536.984253 6.428653e-16 1e-20
5537.23547 6.435647e-16 1e-20
5537.486687 6.479827e-16 1e-20
5537.737904 6.515726e-16 1e-20
5537.989121 6.495761e-16 1e-20
5538.240338 6.432533e-16 1e-20
5538.491555 6.367457e-16 1e-20
5538.742772 6.358214e-16 1e-20
5538.993989 6.401532e-16 1e-20
5539.245205 6.442146e-16 1e-20
5539.496422 6.446029e-16 1e-20
5539.747639 6.408841e-16 1e-20
5539.998856 6.381981e-16 1e-20
5540.250073 6.373326e-16 1e-20
5540.50129 6.35268e-16 1e-20
5540.752507 6.335649e-16 1e-20
5541.003724 6.33482e-16 1e-20
5541.254941 6.321071e-16 1e-20
5541.506158 6.312575e-16 1e-20
5541.757375 6.356741e-16 1e-20
5542.008592 6.404292e-16 1e-20
5542.259809 6.402896e-16 1e-20
5542.511026 6.356926e-16 1e-20
5542.762243 6.317628e-16 1e-20
5543.01346 6.354932e-16 1e-20
5543.264676 6.402559e-16 1e-20
5543.515893 6.396638e-16 1e-20
5543.76711 6.380085e-16 1e-20
5544.018327 6.37728e-16 1e-20
5544.269544 6.387986e-16 1e-20
5544.520761 6.375337e-16 1e-20
5544.771978 6.314867e-16 1e-20
5545.023195 6.236715e-16 1e-20
5545.274412 6.176654e-16 1e-20
5545.525629 6.164648e-16 1e-20
5545.776846 6.207656e-16 1e-20
5546.028063 6.280572e-16 1e-20
5546.27928 6.306726e-16 1e-20
5546.530497 6.286118e-16 1e-20
5546.781714 6.279927e-16 1e-20
5547.032931 6.307391e-16 1e-20
5547.284147 6.356974e-16 1e-20
5547.535364 6.376073e-16 1e-20
5547.786581 6.346689e-16 1e-20
5548.037798 6.286563e-16 1e-20
5548.289015 6.230368e-16 1e-20
5548.540232 6.20172e-16 1e-20
5548.791449 6.181252e-16 1e-20
5549.042666 6.178135e-16 1e-20
5549.293883 6.217757e-16 1e-20
5549.5451 6.256246e-16 1e-20
5549.796317 6.257064e-16 1e-20
5550.047534 6.24447e-16 1e-20
5550.298751 6.235288e-16 1e-20
5550.549968 6.23456e-16 1e-20
5550.801185 6.21677e-16 1e-20
5551.052402 6.17463e-16 1e-20
5551.303618 6.166755e-16 1e-20
5551.554835 6.179532e-16 1e-20
5551.806052 6.152545e-16 1e-20
5552.057269 6.130053e-16 1e-20
5552.308486 6.156093e-16 1e-20
5552.559703 6.212562e-16 1e-20
5552.81092 6.257029e-16 1e-20
5553.062137 6.241847e-16 1e-20
5553.313354 6.18306e-16 1e-20
5553.564571 6.120431e-16 1e-20
5553.815788 6.098665e-16 1e-20
5554.067005 6.118136e-16 1e-20
5554.318222 6.144181e-16 1e-20
5554.569439 6.157429e-16 1e-20
5554.820656 6.155295e-16 1e-20
5555.071873 6.165903e-16 1e-20
5555.323089 6.177786e-16 1e-20
5555.574306 6.155837e-16 1e-20
5555.825523 6.13119e-16 1e-20
5556.07674 6.133165e-16 1e-20
5556.327957 6.150038e-16 1e-20
5556.579174 6.154154e-16 1e-20
5556.830391 6.118538e-16 1e-20
5557.081608 6.092375e-16 1e-20
5557.332825 6.119939e-16 1e-20
5557.584042 6.190286e-16 1e-20
5557.835259 6.256861e-16 1e-20
5558.086476 6.261135e-16 1e-20
5558.337693 6.22246e-16 1e-20
5558.58891 6.174884e-16 1e-20
5558.840127 6.1275e-16 1e-20
5559.091344 6.10741e-16 1e-20
5559.34256 6.142875e-16 1e-20
5559.593777 6.197355e-16 1e-20
5559.844994 6.232037e-16 1e-20
5560.096211 6.245957e-16 1e-20
5560.347428 6.239286e-16 1e-20
5560.598645 6.216069e-16 1e-20
5560.849862 6.209316e-16 1e-20
5561.101079 6.230912e-16 1e-20
5561.352296 6.230991e-16 1e-20
5561.603513 6.215639e-16 1e-20
5561.85473 6.227954e-16 1e-20
5562.105947 6.271817e-16 1e-20
5562.357164 6.322425e-16 1e-20
5562.608381 6.316929e-16 1e-20
5562.859598 6.262079e-16 1e-20
5563.110815 6.213418e-16 1e-20
5563.362031 6.183279e-16 1e-20
5563.613248 6.168448e-16 1e-20
5563.864465 6.15345e-16 1e-20
5564.115682 6.153456e-16 1e-20
5564.366899 6.196735e-16 1e-20
5564.618116 6.24087e-16 1e-20
5564.869333 6.25022e-16 1e-20
5565.12055 6.241127e-16 1e-20
5565.371767 6.233199e-16 1e-20
5565.622984 6.240538e-16 1e-20
5565.874201 6.228715e-16 1e-20
5566.125418 6.182378e-16 1e-20
5566.376635 6.152044e-16 1e-20
5566.627852 6.150587e-16 1e-20
5566.879069 6.160443e-16 1e-20
5567.130286 6.165099e-16 1e-20
5567.381502 6.15464e-16 1e-20
5567.632719 6.132058e-16 1e-20
5567.883936 6.126826e-16 1e-20
5568.135153 6.174768e-16 1e-20
5568.38637 6.254185e-16 1e-20
5568.637587 6.323673e-16 1e-20
5568.888804 6.33754e-16 1e-20
5569.140021 6.300319e-16 1e-20
5569.391238 6.253436e-16 1e-20
5569.642455 6.224689e-16 1e-20
5569.893672 6.230857e-16 1e-20
5570.144889 6.274773e-16 1e-20
5570.396106 6.32269e-16 1e-20
5570.647323 6.326603e-16 1e-20
5570.89854 6.288242e-16 1e-20
5571.149757 6.234137e-16 1e-20
5571.400973 6.211061e-16 1e-20
5571.65219 6.212564e-16 1e-20
5571.903407 6.200462e-16 1e-20
5572.154624 6.1953e-16 1e-20
5572.405841 6.210935e-16 1e-20
5572.657058 6.22017e-16 1e-20
5572.908275 6.223554e-16 1e-20
5573.159492 6.23929e-16 1e-20
5573.410709 6.276104e-16 1e-20
5573.661926 6.326565e-16 1e-20
5573.913143 6.356684e-16 1e-20
5574.16436 6.360341e-16 1e-20
5574.415577 6.350396e-16 1e-20
5574.666794 6.323161e-16 1e-20
5574.918011 6.27485e-16 1e-20
5575.169228 6.206728e-16 1e-20
5575.420444 6.143055e-16 1e-20
5575.671661 6.125076e-16 1e-20
5575.922878 6.16363e-16 1e-20
5576.174095 6.326326e-16 1e-20
5576.425312 6.33384e-16 1e-20
5576.676529 6.34137e-16 1e-20
5576.927746 6.348884e-16 1e-20
5577.178963 6.356414e-16 1e-20
5577.43018 6.363928e-16 1e-20
5577.681397 6.371458e-16 1e-20
5577.932614 6.378972e-16 1e-20
5578.183831 6.386487e-16 1e-20
5578.435048 6.394016e-16 1e-20
5578.686265 6.40153e-16 1e-20
5578.937482 6.409059e-16 1e-20
5579.188699 6.416574e-16 1e-20
5579.439916 6.424103e-16 1e-20
5579.691132 6.408915e-16 1e-20
5579.942349 6.394563e-16 1e-20
5580.193566 6.415113e-16 1e-20
5580.444783 6.459107e-16 1e-20
5580.696 6.486036e-16 1e-20
5580.947217 6.507451e-16 1e-20
5581.198434 6.525769e-16 1e-20
5581.449651 6.502478e-16 1e-20
5581.700868 6.461369e-16 1e-20
5581.952085 6.454196e-16 1e-20
5582.203302 6.45749e-16 1e-20
5582.454519 6.441885e-16 1e-20
5582.705736 6.398648e-16 1e-20
5582.956953 6.363275e-16 1e-20
5583.20817 6.385744e-16 1e-20
5583.459387 6.437973e-16 1e-20
5583.710603 6.48341e-16 1e-20
5583.96182 6.505405e-16 1e-20
5584.213037 6.524534e-16 1e-20
5584.464254 6.572321e-16 1e-20
5584.715471 6.59046e-16 1e-20
5584.966688 6.552036e-16 1e-20
5585.217905 6.524123e-16 1e-20
5585.469122 6.532098e-16 1e-20
5585.720339 6.569634e-16 1e-20
5585.971556 6.633324e-16 1e-20
5586.222773 6.701389e-16 1e-20
5586.47399 6.727024e-16 1e-20
5586.725207 6.693754e-16 1e-20
5586.976424 6.618057e-16 1e-20
5587.227641 6.573243e-16 1e-20
5587.478858 6.60365e-16 1e-20
5587.730074 6.677218e-16 1e-20
5587.981291 6.742556e-16 1e-20
5588.232508 6.753202e-16 1e-20
5588.483725 6.734197e-16 1e-20
5588.734942 6.723023e-16 1e-20
5588.986159 6.744017e-16 1e-20
5589.237376 6.782747e-16 1e-20
5589.488593 6.804911e-16 1e-20
5589.73981 6.815224e-16 1e-20
5589.991027 6.816088e-16 1e-20
5590.242244 6.790297e-16 1e-20
5590.493461 6.750978e-16 1e-20
5590.744678 6.726855e-16 1e-20
5590.995895 6.737566e-16 1e-20
5591.247112 6.773881e-16 1e-20
5591.498329 6.780869e-16 1e-20
5591.749545 6.767292e-16 1e-20
5592.000762 6.776146e-16 1e-20
5592.251979 6.810094e-16 1e-20
5592.503196 6.858301e-16 1e-20
5592.754413 6.901082e-16 1e-20
5593.00563 6.934763e-16 1e-20
5593.256847 6.963887e-16 1e-20
5593.508064 6.973687e-16 1e-20
5593.759281 6.958212e-16 1e-20
5594.010498 6.93188e-16 1e-20
5594.261715 6.912225e-16 1e-20
5594.512932 6.913536e-16 1e-20
5594.764149 6.932032e-16 1e-20
5595.015366 6.955898e-16 1e-20
5595.266583 6.968103e-16 1e-20
5595.5178 6.977941e-16 1e-20
5595.769016 7.003822e-16 1e-20
5596.020233 7.006022e-16 1e-20
5596.27145 6.99573e-16 1e-20
5596.522667 7.091647e-16 1e-20
5596.773884 7.234691e-16 1e-20
5597.025101 7.286069e-16 1e-20
5597.276318 7.25002e-16 1e-20
5597.527535 7.181729e-16 1e-20
5597.778752 7.16749e-16 1e-20
5598.029969 7.196878e-16 1e-20
5598.281186 7.207331e-16 1e-20
5598.532403 7.190957e-16 1e-20
5598.78362 7.166189e-16 1e-20
5599.034837 7.176364e-16 1e-20
5599.286054 7.226493e-16 1e-20
5599.537271 7.293554e-16 1e-20
5599.788487 7.355267e-16 1e-20
5600.039704 7.377639e-16 1e-20
5600.290921 7.309281e-16 1e-20
5600.542138 7.216871e-16 1e-20
5600.793355 7.210604e-16 1e-20
5601.044572 7.277286e-16 1e-20
5601.295789 7.369428e-16 1e-20
5601.547006 7.432682e-16 1e-20
5601.798223 7.441009e-16 1e-20
5602.04944 7.395273e-16 1e-20
5602.300657 7.30408e-16 1e-20
5602.551874 7.206852e-16 1e-20
5602.803091 7.180874e-16 1e-20
5603.054308 7.233328e-16 1e-20
5603.305525 7.324442e-16 1e-20
5603.556742 7.410072e-16 1e-20
5603.807958 7.462031e-16 1e-20
5604.059175 7.483494e-16 1e-20
5604.310392 7.500109e-16 1e-20
5604.561609 7.537892e-16 1e-20
5604.812826 7.563566e-16 1e-20
5605.064043 7.556254e-16 1e-20
5605.31526 7.532934e-16 1e-20
5605.566477 7.538175e-16 1e-20
5605.817694 7.604238e-16 1e-20
5606.068911 7.624066e-16 1e-20
5606.320128 7.555392e-16 1e-20
5606.571345 7.504577e-16 1e-20
5606.822562 7.510332e-16 1e-20
5607.073779 7.558123e-16 1e-20
5607.324996 7.566454e-16 1e-20
5607.576213 7.522028e-16 1e-20
5607.827429 7.541856e-16 1e-20
5608.078646 7.646113e-16 1e-20
5608.329863 7.783704e-16 1e-20
5608.58108 7.84073e-16 1e-20
5608.832297 7.778173e-16 1e-20
5609.083514 7.697675e-16 1e-20
5609.334731 7.660156e-16 1e-20
5609.585948 7.685342e-16 1e-20
5609.837165 7.734098e-16 1e-20
5610.088382 7.767381e-16 1e-20
5610.339599 7.774177e-16 1e-20
5610.590816 7.765453e-16 1e-20
5610.842033 7.763156e-16 1e-20
5611.09325 7.787037e-16 1e-20
5611.344467 7.814737e-16 1e-20
5611.595684 7.759778e-16 1e-20
5611.8469 7.691399e-16 1e-20
5612.098117 7.728046e-16 1e-20
5612.349334 7.817301e-16 1e-20
5612.600551 7.894618e-16 1e-20
5612.851768 7.931421e-16 1e-20
5613.102985 7.936716e-16 1e-20
5613.354202 7.934322e-16 1e-20
5613.605419 7.890884e-16 1e-20
5613.856636 7.814445e-16 1e-20
5614.107853 7.788591e-16 1e-20
5614.35907 7.814005e-16 1e-20
5614.610287 7.850118e-16 1e-20
5614.861504 7.886668e-16 1e-20
5615.112721 7.923671e-16 1e-20
5615.363938 7.972276e-16 1e-20
5615.615155 8.013837e-16 1e-20
5615.866371 8.024369e-16 1e-20
5616.117588 8.031481e-16 1e-20
5616.368805 8.046881e-16 1e-20
5616.620022 8.043747e-16 1e-20
5616.871239 8.026721e-16 1e-20
5617.122456 8.016574e-16 1e-20
5617.373673 8.03221e-16 1e-20
5617.62489 8.075018e-16 1e-20
5617.876107 8.120325e-16 1e-20
5618.127324 8.155064e-16 1e-20
5618.378541 8.171766e-16 1e-20
5618.629758 8.14331e-16 1e-20
5618.880975 8.088702e-16 1e-20
5619.132192 8.094789e-16 1e-20
5619.383409 8.146113e-16 1e-20
5619.634626 8.178853e-16 1e-20
5619.885842 8.159095e-16 1e-20
5620.137059 8.10346e-16 1e-20
5620.388276 8.094433e-16 1e-20
5620.639493 8.12886e-16 1e-20
5620.89071 8.165641e-16 1e-20
5621.141927 8.22057e-16 1e-20
5621.393144 8.278179e-16 1e-20
5621.644361 8.270034e-16 1e-20
5621.895578 8.211628e-16 1e-20
5622.146795 8.16095e-16 1e-20
5622.398012 8.161676e-16 1e-20
5622.649229 8.22609e-16 1e-20
5622.900446 8.322845e-16 1e-20
5623.151663 8.405867e-16 1e-20
5623.40288 8.434896e-16 1e-20
5623.654097 8.407911e-16 1e-20
5623.905313 8.35963e-16 1e-20
5624.15653 8.360822e-16 1e-20
5624.407747 8.388369e-16 1e-20
5624.658964 8.38623e-16 1e-20
5624.910181 8.3696e-16 1e-20
5625.161398 8.373615e-16 1e-20
5625.412615 8.442518e-16 1e-20
5625.663832 8.526154e-16 1e-20
5625.915049 8.543886e-16 1e-20
5626.166266 8.479909e-16 1e-20
5626.417483 8.38817e-16 1e-20
5626.6687 8.395205e-16 1e-20
5626.919917 8.492e-16 1e-20
5627.171134 8.592089e-16 1e-20
5627.422351 8.582747e-16 1e-20
5627.673568 8.473201e-16 1e-20
5627.924784 8.449759e-16 1e-20
5628.176001 8.495313e-16 1e-20
5628.427218 8.515543e-16 1e-20
5628.678435 8.557527e-16 1e-20
5628.929652 8.61047e-16 1e-20
5629.180869 8.560669e-16 1e-20
5629.432086 8.466204e-16 1e-20
5629.683303 8.440926e-16 1e-20
5629.93452 8.475285e-16 1e-20
5630.185737 8.535207e-16 1e-20
5630.436954 8.584245e-16 1e-20
5630.688171 8.59261e-16 1e-20
5630.939388 8.556218e-16 1e-20
5631.190605 8.549236e-16 1e-20
5631.441822 8.590799e-16 1e-20
5631.693039 8.606462e-16 1e-20
5631.944255 8.579349e-16 1e-20
5632.195472 8.534748e-16 1e-20
5632.446689 8.561402e-16 1e-20
5632.697906 8.655013e-16 1e-20
5632.949123 8.671185e-16 1e-20
5633.20034 8.64498e-16 1e-20
5633.451557 8.66917e-16 1e-20
5633.702774 8.709555e-16 1e-20
5633.953991 8.728632e-16 1e-20
5634.205208 8.71176e-16 1e-20
5634.456425 8.679695e-16 1e-20
5634.707642 8.665665e-16 1e-20
5634.958859 8.681757e-16 1e-20
5635.210076 8.706836e-16 1e-20
5635.461293 8.680007e-16 1e-20
5635.71251 8.67749e-16 1e-20
5635.963726 8.778497e-16 1e-20
5636.214943 8.803807e-16 1e-20
5636.46616 8.703025e-16 1e-20
5636.717377 8.722565e-16 1e-20
5636.968594 8.742144e-16 1e-20
5637.219811 8.761685e-16 1e-20
5637.471028 8.781264e-16 1e-20
5637.722245 8.800805e-16 1e-20
5637.973462 8.820383e-16 1e-20
5638.224679 8.839924e-16 1e-20
5638.475896 8.859502e-16 1e-20
5638.727113 8.879044e-16 1e-20
5638.97833 8.898622e-16 1e-20
5639.229547 8.918163e-16 1e-20
5639.480764 8.873819e-16 1e-20
5639.731981 8.919514e-16 1e-20
5639.983197 8.975462e-16 1e-20
5640.234414 9.002761e-16 1e-20
5640.485631 9.000127e-16 1e-20
5640.736848 8.950228e-16 1e-20
5640.988065 8.857285e-16 1e-20
5641.239282 8.840872e-16 1e-20
5641.490499 8.924871e-16 1e-20
5641.741716 8.989284e-16 1e-20
5641.992933 8.994915e-16 1e-20
5642.24415 8.959153e-16 1e-20
5642.495367 8.974452e-16 1e-20
5642.746584 9.039573e-16 1e-20
5642.997801 9.0198e-16 1e-20
5643.249018 8.933488e-16 1e-20
5643.500235 8.863416e-16 1e-20
5643.751452 8.863859e-16 1e-20
5644.002668 8.932634e-16 1e-20
5644.253885 8.997169e-16 1e-20
5644.505102 9.059278e-16 1e-20
5644.756319 9.131441e-16 1e-20
5645.007536 9.131288e-16 1e-20
5645.258753 9.036528e-16 1e-20
5645.50997 8.915852e-16 1e-20
5645.761187 8.84718e-16 1e-20
5646.012404 8.88135e-16 1e-20
5646.263621 8.973824e-16 1e-20
5646.514838 9.053768e-16 1e-20
5646.766055 9.048279e-16 1e-20
5647.017272 9.026388e-16 1e-20
5647.268489 9.080208e-16 1e-20
5647.519706 9.141643e-16 1e-20
5647.770923 9.159488e-16 1e-20
5648.022139 9.136131e-16 1e-20
5648.273356 9.10471e-16 1e-20
5648.524573 9.10229e-16 1e-20
5648.77579 9.127047e-16 1e-20
5649.027007 9.148938e-16 1e-20
5649.278224 9.115035e-16 1e-20
5649.529441 9.084822e-16 1e-20
5649.780658 9.128473e-16 1e-20
5650.031875 9.166629e-16 1e-20
5650.283092 9.171563e-16 1e-20
5650.534309 9.204857e-16 1e-20
5650.785526 9.222717e-16 1e-20
5651.036743 9.173799e-16 1e-20
5651.28796 9.13093e-16 1e-20
5651.539177 9.148475e-16 1e-20
5651.790394 9.23262e-16 1e-20
5652.04161 9.282147e-16 1e-20
5652.292827 9.207782e-16 1e-20
5652.544044 9.127284e-16 1e-20
5652.795261 9.115684e-16 1e-20
5653.046478 9.153466e-16 1e-20
5653.297695 9.185012e-16 1e-20
5653.548912 9.163653e-16 1e-20
5653.800129 9.138652e-16 1e-20
5654.051346 9.144619e-16 1e-20
5654.302563 9.178676e-16 1e-20
5654.55378 9.191498e-16 1e-20
5654.804997 9.145345e-16 1e-20
5655.056214 9.117848e-16 1e-20
5655.307431 9.136557e-16 1e-20
5655.558648 9.14953e-16 1e-20
5655.809865 9.158732e-16 1e-20
5656.061081 9.182184e-16 1e-20
5656.312298 9.227333e-16 1e-20
5656.563515 9.261313e-16 1e-20
5656.814732 9.211337e-16 1e-20
5657.065949 9.140051e-16 1e-20
5657.317166 9.130885e-16 1e-20
5657.568383 9.136723e-16 1e-20
5657.8196 9.124918e-16 1e-20
5658.070817 9.101201e-16 1e-20
5658.322034 9.097466e-16 1e-20
5658.573251 9.136902e-16 1e-20
5658.824468 9.172798e-16 1e-20
5659.075685 9.176067e-16 1e-20
5659.326902 9.153194e-16 1e-20
5659.578119 9.119746e-16 1e-20
5659.829336 9.097781e-16 1e-20
5660.080552 9.114413e-16 1e-20
5660.331769 9.166012e-16 1e-20
5660.582986 9.214302e-16 1e-20
5660.834203 9.222821e-16 1e-20
5661.08542 9.174123e-16 1e-20
5661.336637 9.095209e-16 1e-20
5661.587854 9.041311e-16 1e-20
5661.839071 9.079892e-16 1e-20
5662.090288 9.190257e-16 1e-20
5662.341505 9.30755e-16 1e-20
5662.592722 9.356596e-16 1e-20
5662.843939 9.321551e-16 1e-20
5663.095156 9.259591e-16 1e-20
5663.346373 9.190554e-16 1e-20
5663.59759 9.12956e-16 1e-20
5663.848807 9.126776e-16 1e-20
5664.100023 9.190824e-16 1e-20
5664.35124 9.28011e-16 1e-20
5664.602457 9.323387e-16 1e-20
5664.853674 9.277955e-16 1e-20
5665.104891 9.227333e-16 1e-20
5665.356108 9.210578e-16 1e-20
5665.607325 9.195021e-16 1e-20
5665.858542 9.171976e-16 1e-20
5666.109759 9.146485e-16 1e-20
5666.360976 9.145011e-16 1e-20
5666.612193 9.17011e-16 1e-20
5666.86341 9.194094e-16 1e-20
5667.114627 9.216724e-16 1e-20
5667.365844 9.238379e-16 1e-20
5667.617061 9.224081e-16 1e-20
5667.868278 9.174407e-16 1e-20
5668.119494 9.130562e-16 1e-20
5668.370711 9.124141e-16 1e-20
5668.621928 9.155939e-16 1e-20
5668.873145 9.143202e-16 1e-20
5669.124362 9.069206e-16 1e-20
5669.375579 9.001021e-16 1e-20
5669.626796 8.993078e-16 1e-20
5669.878013 9.057981e-16 1e-20
5670.12923 9.096704e-16 1e-20
5670.380447 9.067292e-16 1e-20
5670.631664 9.010777e-16 1e-20
5670.882881 8.960709e-16 1e-20
5671.134098 8.938989e-16 1e-20
5671.385315 8.934574e-16 1e-20
5671.636532 8.93641e-16 1e-20
5671.887749 8.939605e-16 1e-20
5672.138965 8.988573e-16 1e-20
5672.390182 9.102765e-16 1e-20
5672.641399 9.170082e-16 1e-20
5672.892616 9.1377e-16 1e-20
5673.143833 9.039888e-16 1e-20
5673.39505 8.948624e-16 1e-20
5673.646267 8.920751e-16 1e-20
5673.897484 8.911345e-16 1e-20
5674.148701 8.908936e-16 1e-20
5674.399918 8.948488e-16 1e-20
5674.651135 8.994389e-16 1e-20
5674.902352 9.004424e-16 1e-20
5675.153569 8.992269e-16 1e-20
5675.404786 8.978921e-16 1e-20
5675.656003 8.983185e-16 1e-20
5675.90722 8.996895e-16 1e-20
5676.158436 9.001091e-16 1e-20
5676.409653 8.973658e-16 1e-20
5676.66087 8.940802e-16 1e-20
5676.912087 8.97169e-16 1e-20
5677.163304 9.037962e-16 1e-20
5677.414521 9.086607e-16 1e-20
5677.665738 9.106426e-16 1e-20
5677.916955 9.105719e-16 1e-20
5678.168172 9.108235e-16 1e-20
5678.419389 9.074255e-16 1e-20
5678.670606 8.979301e-16 1e-20
5678.921823 8.916184e-16 1e-20
5679.17304 8.908942e-16 1e-20
5679.424257 8.89818e-16 1e-20
5679.675474 8.908533e-16 1e-20
5679.926691 8.956742e-16 1e-20
5680.177907 8.943884e-16 1e-20
5680.429124 8.87308e-16 1e-20
5680.680341 8.855459e-16 1e-20
5680.931558 8.911913e-16 1e-20
5681.182775 9.009811e-16 1e-20
5681.433992 9.066348e-16 1e-20
5681.685209 9.042998e-16 1e-20
5681.936426 8.961727e-16 1e-20
5682.187643 8.895512e-16 1e-20
5682.43886 8.89618e-16 1e-20
5682.690077 8.895733e-16 1e-20
5682.941294 8.865659e-16 1e-20
5683.192511 8.832845e-16 1e-20
5683.443728 8.843404e-16 1e-20
5683.694945 8.914936e-16 1e-20
5683.946162 8.962494e-16 1e-20
5684.197378 8.946442e-16 1e-20
5684.448595 8.8898e-16 1e-20
5684.699812 8.861789e-16 1e-20
5684.951029 8.906334e-16 1e-20
5685.202246 8.942813e-16 1e-20
5685.453463 8.939061e-16 1e-20
5685.70468 8.926121e-16 1e-20
5685.955897 8.924183e-16 1e-20
5686.207114 8.936451e-16 1e-20
5686.458331 8.921468e-16 1e-20
5686.709548 8.874338e-16 1e-20
5686.960765 8.823182e-16 1e-20
5687.211982 8.772125e-16 1e-20
5687.463199 8.720969e-16 1e-20
5687.714416 8.669912e-16 1e-20
5687.965633 8.618756e-16 1e-20
5688.216849 8.58468e-16 1e-20
5688.468066 8.45879e-16 1e-20
5688.719283 8.275715e-16 1e-20
5688.9705 8.132274e-16 1e-20
5689.221717 8.169723e-16 1e-20
5689.472934 8.393555e-16 1e-20
5689.724151 8.669286e-16 1e-20
5689.975368 8.844265e-16 1e-20
5690.226585 8.805621e-16 1e-20
5690.477802 8.640553e-16 1e-20
5690.729019 8.496446e-16 1e-20
5690.980236 8.418657e-16 1e-20
5691.231453 8.419896e-16 1e-20
5691.48267 8.482519e-16 1e-20
5691.733887 8.587167e-16 1e-20
5691.985104 8.689399e-16 1e-20
5692.23632 8.806909e-16 1e-20
5692.487537 9.030213e-16 1e-20
5692.738754 9.194636e-16 1e-20
5692.989971 9.114227e-16 1e-20
5693.241188 8.956497e-16 1e-20
5693.492405 8.854006e-16 1e-20
5693.743622 8.787807e-16 1e-20
5693.994839 8.762151e-16 1e-20
5694.246056 8.747075e-16 1e-20
5694.497273 8.737877e-16 1e-20
5694.74849 8.835019e-16 1e-20
5694.999707 8.986746e-16 1e-20
5695.250924 8.969287e-16 1e-20
5695.502141 8.803194e-16 1e-20
5695.753358 8.641364e-16 1e-20
5696.004575 8.591061e-16 1e-20
5696.255791 8.699648e-16 1e-20
5696.507008 8.805218e-16 1e-20
5696.758225 8.790321e-16 1e-20
5697.009442 8.73725e-16 1e-20
5697.260659 8.700362e-16 1e-20
5697.511876 8.716502e-16 1e-20
5697.763093 8.755543e-16 1e-20
5698.01431 8.688378e-16 1e-20
5698.265527 8.553308e-16 1e-20
5698.516744 8.457563e-16 1e-20
5698.767961 8.379828e-16 1e-20
5699.019178 8.32094e-16 1e-20
5699.270395 8.37143e-16 1e-20
5699.521612 8.534095e-16 1e-20
5699.772829 8.680218e-16 1e-20
5700.024046 8.735978e-16 1e-20
5700.275263 8.680814e-16 1e-20
5700.526479 8.561786e-16 1e-20
5700.777696 8.481068e-16 1e-20
5701.028913 8.494119e-16 1e-20
5701.28013 8.611517e-16 1e-20
5701.531347 8.761218e-16 1e-20
5701.782564 8.860929e-16 1e-20
5702.033781 8.739297e-16 1e-20
5702.284998 8.40832e-16 1e-20
5702.536215 8.296683e-16 1e-20
5702.787432 8.481392e-16 1e-20
5703.038649 8.640532e-16 1e-20
5703.289866 8.673068e-16 1e-20
5703.541083 8.589221e-16 1e-20
5703.7923 8.508829e-16 1e-20
5704.043517 8.597438e-16 1e-20
5704.294734 8.706813e-16 1e-20
5704.54595 8.671197e-16 1e-20
5704.797167 8.634526e-16 1e-20
5705.048384 8.690318e-16 1e-20
5705.299601 8.748073e-16 1e-20
5705.550818 8.750464e-16 1e-20
5705.802035 8.70204e-16 1e-20
5706.053252 8.619289e-16 1e-20
5706.304469 8.515866e-16 1e-20
5706.555686 8.498303e-16 1e-20
5706.806903 8.622804e-16 1e-20
5707.05812 8.69734e-16 1e-20
5707.309337 8.625994e-16 1e-20
5707.560554 8.606938e-16 1e-20
5707.811771 8.720712e-16 1e-20
5708.062988 8.729309e-16 1e-20
5708.314205 8.566656e-16 1e-20
5708.565421 8.422806e-16 1e-20
5708.816638 8.347337e-16 1e-20
5709.067855 8.325466e-16 1e-20
5709.319072 8.342956e-16 1e-20
5709.570289 8.360406e-16 1e-20
5709.821506 8.354838e-16 1e-20
5710.072723 8.331094e-16 1e-20
5710.32394 8.353435e-16 1e-20
5710.575157 8.465826e-16 1e-20
5710.826374 8.645678e-16 1e-20
5711.077591 8.753118e-16 1e-20
5711.328808 8.643367e-16 1e-20
5711.580025 8.468e-16 1e-20
5711.831242 8.459747e-16 1e-20
5712.082459 8.549477e-16 1e-20
5712.333676 8.592152e-16 1e-20
5712.584892 8.551989e-16 1e-20
5712.836109 8.434652e-16 1e-20
5713.087326 8.39136e-16 1e-20
5713.338543 8.489094e-16 1e-20
5713.58976 8.562569e-16 1e-20
5713.840977 8.568627e-16 1e-20
5714.092194 8.603567e-16 1e-20
5714.343411 8.648269e-16 1e-20
5714.594628 8.629585e-16 1e-20
5714.845845 8.581943e-16 1e-20
5715.097062 8.548533e-16 1e-20
5715.348279 8.516838e-16 1e-20
5715.599496 8.508196e-16 1e-20
5715.850713 8.57617e-16 1e-20
5716.10193 8.691252e-16 1e-20
5716.353147 8.768749e-16 1e-20
5716.604363 8.734299e-16 1e-20
5716.85558 8.538742e-16 1e-20
5717.106797 8.334344e-16 1e-20
5717.358014 8.296266e-16 1e-20
5717.609231 8.343294e-16 1e-20
5717.860448 8.351059e-16 1e-20
5718.111665 8.361778e-16 1e-20
5718.362882 8.426281e-16 1e-20
5718.614099 8.50144e-16 1e-20
5718.865316 8.555115e-16 1e-20
5719.116533 8.586957e-16 1e-20
5719.36775 8.576247e-16 1e-20
5719.618967 8.486128e-16 1e-20
5719.870184 8.38503e-16 1e-20
5720.121401 8.367041e-16 1e-20
5720.372618 8.378512e-16 1e-20
5720.623834 8.369218e-16 1e-20
5720.875051 8.388966e-16 1e-20
5721.126268 8.450026e-16 1e-20
5721.377485 8.521138e-16 1e-20
5721.628702 8.574966e-16 1e-20
5721.879919 8.571834e-16 1e-20
5722.131136 8.536701e-16 1e-20
5722.382353 8.504143e-16 1e-20
5722.63357 8.496595e-16 1e-20
5722.884787 8.534481e-16 1e-20
5723.136004 8.533701e-16 1e-20
5723.387221 8.431653e-16 1e-20
5723.638438 8.360062e-16 1e-20
5723.889655 8.422647e-16 1e-20
5724.140872 8.590926e-16 1e-20
5724.392089 8.769248e-16 1e-20
5724.643305 8.776118e-16 1e-20
5724.894522 8.643566e-16 1e-20
5725.145739 8.513948e-16 1e-20
5725.396956 8.368242e-16 1e-20
5725.648173 8.236728e-16 1e-20
5725.89939 8.224053e-16 1e-20
5726.150607 8.374237e-16 1e-20
5726.401824 8.594272e-16 1e-20
5726.653041 8.711904e-16 1e-20
5726.904258 8.646576e-16 1e-20
5727.155475 8.483547e-16 1e-20
5727.406692 8.420126e-16 1e-20
5727.657909 8.500503e-16 1e-20
5727.909126 8.623963e-16 1e-20
5728.160343 8.71948e-16 1e-20
5728.41156 8.741383e-16 1e-20
5728.662776 8.73088e-16 1e-20
5728.913993 8.732105e-16 1e-20
5729.16521 8.677137e-16 1e-20
5729.416427 8.538169e-16 1e-20
5729.667644 8.400561e-16 1e-20
5729.918861 8.331542e-16 1e-20
5730.170078 8.374509e-16 1e-20
5730.421295 8.502666e-16 1e-20
5730.672512 8.625375e-16 1e-20
5730.923729 8.695397e-16 1e-20
5731.174946 8.685359e-16 1e-20
5731.426163 8.636957e-16 1e-20
5731.67738 8.6205e-16 1e-20
5731.928597 8.602115e-16 1e-20
5732.179814 8.530633e-16 1e-20
5732.431031 8.428974e-16 1e-20
5732.682247 8.34412e-16 1e-20
5732.933464 8.329105e-16 1e-20
5733.184681 8.37508e-16 1e-20
5733.435898 8.433007e-16 1e-20
5733.687115 8.441531e-16 1e-20
5733.938332 8.345604e-16 1e-20
5734.189549 8.274337e-16 1e-20
5734.440766 8.324466e-16 1e-20
5734.691983 8.390627e-16 1e-20
5734.9432 8.402762e-16 1e-20
5735.194417 8.337521e-16 1e-20
5735.445634 8.319989e-16 1e-20
5735.696851 8.542941e-16 1e-20
5735.948068 8.804528e-16 1e-20
5736.199285 8.782296e-16 1e-20
5736.450502 8.558788e-16 1e-20
5736.701718 8.339911e-16 1e-20
5736.952935 8.218263e-16 1e-20
5737.204152 8.221579e-16 1e-20
5737.455369 8.273997e-16 1e-20
5737.706586 8.305347e-16 1e-20
5737.957803 8.286459e-16 1e-20
5738.20902 8.266427e-16 1e-20
5738.460237 8.356221e-16 1e-20
5738.711454 8.515855e-16 1e-20
5738.962671 8.623284e-16 1e-20
5739.213888 8.617132e-16 1e-20
5739.465105 8.508354e-16 1e-20
5739.716322 8.417846e-16 1e-20
5739.967539 8.444794e-16 1e-20
5740.218756 8.555263e-16 1e-20
5740.469973 8.652829e-16 1e-20
5740.721189 8.668752e-16 1e-20
5740.972406 8.602657e-16 1e-20
5741.223623 8.531392e-16 1e-20
5741.47484 8.495099e-16 1e-20
5741.726057 8.441919e-16 1e-20
5741.977274 8.364498e-16 1e-20
5742.228491 8.299734e-16 1e-20
5742.479708 8.298965e-16 1e-20
5742.730925 8.383064e-16 1e-20
5742.982142 8.492344e-16 1e-20
5743.233359 8.585188e-16 1e-20
5743.484576 8.644605e-16 1e-20
5743.735793 8.667386e-16 1e-20
5743.98701 8.680613e-16 1e-20
5744.238227 8.657495e-16 1e-20
5744.489444 8.523569e-16 1e-20
5744.74066 8.362564e-16 1e-20
5744.991877 8.286648e-16 1e-20
5745.243094 8.311737e-16 1e-20
5745.494311 8.447381e-16 1e-20
5745.745528 8.605319e-16 1e-20
5745.996745 8.701827e-16 1e-20
5746.247962 8.72131e-16 1e-20
5746.499179 8.652402e-16 1e-20
5746.750396 8.485282e-16 1e-20
5747.001613 8.332839e-16 1e-20
5747.25283 8.363474e-16 1e-20
5747.504047 8.502436e-16 1e-20
5747.755264 8.606222e-16 1e-20
5748.006481 8.686598e-16 1e-20
5748.257698 8.75339e-16 1e-20
5748.508915 8.719568e-16 1e-20
5748.760131 8.55518e-16 1e-20
5749.011348 8.396457e-16 1e-20
5749.262565 8.38063e-16 1e-20
5749.513782 8.503807e-16 1e-20
5749.764999 8.629766e-16 1e-20
5750.016216 8.670106e-16 1e-20
5750.267433 8.648428e-16 1e-20
5750.51865 8.564127e-16 1e-20
5750.769867 8.481646e-16 1e-20
5751.021084 8.462575e-16 1e-20
5751.272301 8.469886e-16 1e-20
5751.523518 8.477395e-16 1e-20
5751.774735 8.479279e-16 1e-20
5752.025952 8.506636e-16 1e-20
5752.277169 8.618752e-16 1e-20
5752.528386 8.753873e-16 1e-20
5752.779602 8.783839e-16 1e-20
5753.030819 8.728033e-16 1e-20
5753.282036 8.654828e-16 1e-20
5753.533253 8.578784e-16 1e-20
5753.78447 8.514511e-16 1e-20
5754.035687 8.495094e-16 1e-20
5754.286904 8.527519e-16 1e-20
5754.538121 8.554238e-16 1e-20
5754.789338 8.585848e-16 1e-20
5755.040555 8.606917e-16 1e-20
5755.291772 8.590958e-16 1e-20
5755.542989 8.59015e-16 1e-20
5755.794206 8.592515e-16 1e-20
5756.045423 8.567676e-16 1e-20
5756.29664 8.543264e-16 1e-20
5756.547857 8.542763e-16 1e-20
5756.799073 8.528743e-16 1e-20
5757.05029 8.493573e-16 1e-20
5757.301507 8.493492e-16 1e-20
5757.552724 8.535627e-16 1e-20
5757.803941 8.58997e-16 1e-20
5758.055158 8.599002e-16 1e-20
5758.306375 8.554683e-16 1e-20
5758.557592 8.566794e-16 1e-20
5758.808809 8.672713e-16 1e-20
5759.060026 8.740903e-16 1e-20
5759.311243 8.705436e-16 1e-20
5759.56246 8.640046e-16 1e-20
5759.813677 8.578196e-16 1e-20
5760.064894 8.550227e-16 1e-20
5760.316111 8.563839e-16 1e-20
5760.567328 8.546303e-16 1e-20
5760.818544 8.509552e-16 1e-20
5761.069761 8.511967e-16 1e-20
5761.320978 8.515645e-16 1e-20
5761.572195 8.468771e-16 1e-20
5761.823412 8.473821e-16 1e-20
5762.074629 8.604945e-16 1e-20
5762.325846 8.657744e-16 1e-20
5762.577063 8.522461e-16 1e-20
5762.82828 8.32596e-16 1e-20
5763.079497 8.193121e-16 1e-20
5763.330714 8.246441e-16 1e-20
5763.581931 8.384746e-16 1e-20
5763.833148 8.428331e-16 1e-20
5764.084365 8.40214e-16 1e-20
5764.335582 8.364698e-16 1e-20
5764.586799 8.381579e-16 1e-20
5764.838015 8.470012e-16 1e-20
5765.089232 8.552142e-16 1e-20
5765.340449 8.58116e-16 1e-20
5765.591666 8.539809e-16 1e-20
5765.842883 8.485742e-16 1e-20
5766.0941 8.529845e-16 1e-20
5766.345317 8.602688e-16 1e-20
5766.596534 8.587844e-16 1e-20
5766.847751 8.551357e-16 1e-20
5767.098968 8.545856e-16 1e-20
5767.350185 8.535899e-16 1e-20
5767.601402 8.534331e-16 1e-20
5767.852619 8.541673e-16 1e-20
5768.103836 8.52916e-16 1e-20
5768.355053 8.503762e-16 1e-20
5768.60627 8.466289e-16 1e-20
5768.857486 8.445075e-16 1e-20
5769.108703 8.451594e-16 1e-20
5769.35992 8.441862e-16 1e-20
5769.611137 8.40408e-16 1e-20
5769.862354 8.359876e-16 1e-20
5770.113571 8.36966e-16 1e-20
5770.364788 8.456668e-16 1e-20
5770.616005 8.544964e-16 1e-20
5770.867222 8.586252e-16 1e-20
5771.118439 8.580905e-16 1e-20
5771.369656 8.518537e-16 1e-20
5771.620873 8.440617e-16 1e-20
5771.87209 8.427302e-16 1e-20
5772.123307 8.458541e-16 1e-20
5772.374524 8.476896e-16 1e-20
5772.625741 8.467639e-16 1e-20
5772.876957 8.430441e-16 1e-20
5773.128174 8.40854e-16 1e-20
5773.379391 8.431529e-16 1e-20
5773.630608 8.482502e-16 1e-20
5773.881825 8.545254e-16 1e-20
5774.133042 8.58505e-16 1e-20
5774.384259 8.556468e-16 1e-20
5774.635476 8.488059e-16 1e-20
5774.886693 8.432525e-16 1e-20
5775.13791 8.404937e-16 1e-20
5775.389127 8.412586e-16 1e-20
5775.640344 8.4073e-16 1e-20
5775.891561 8.366427e-16 1e-20
5776.142778 8.354429e-16 1e-20
5776.393995 8.376626e-16 1e-20
5776.645212 8.382639e-16 1e-20
5776.896428 8.395792e-16 1e-20
5777.147645 8.454448e-16 1e-20
5777.398862 8.473179e-16 1e-20
5777.650079 8.398625e-16 1e-20
5777.901296 8.297143e-16 1e-20
5778.152513 8.243231e-16 1e-20
5778.40373 8.260079e-16 1e-20
5778.654947 8.300734e-16 1e-20
5778.906164 8.287928e-16 1e-20
5779.157381 8.221649e-16 1e-20
5779.408598 8.17892e-16 1e-20
5779.659815 8.16153e-16 1e-20
5779.911032 8.119321e-16 1e-20
5780.162249 8.013908e-16 1e-20
5780.413466 7.881254e-16 1e-20
5780.664683 7.885959e-16 1e-20
5780.915899 8.030768e-16 1e-20
5781.167116 8.071261e-16 1e-20
5781.418333 7.974727e-16 1e-20
5781.66955 7.94212e-16 1e-20
5781.920767 7.984955e-16 1e-20
5782.171984 8.017113e-16 1e-20
5782.423201 8.029474e-16 1e-20
5782.674418 8.0595e-16 1e-20
5782.925635 8.113859e-16 1e-20
5783.176852 8.126888e-16 1e-20
5783.428069 8.115033e-16 1e-20
5783.679286 8.131741e-16 1e-20
5783.930503 8.183317e-16 1e-20
5784.18172 8.251252e-16 1e-20
5784.432937 8.279205e-16 1e-20
5784.684154 8.234424e-16 1e-20
5784.93537 8.146541e-16 1e-20
5785.186587 8.069238e-16 1e-20
5785.437804 8.071382e-16 1e-20
5785.689021 8.166895e-16 1e-20
5785.940238 8.267666e-16 1e-20
5786.191455 8.304283e-16 1e-20
5786.442672 8.277994e-16 1e-20
5786.693889 8.234693e-16 1e-20
5786.945106 8.205897e-16 1e-20
5787.196323 8.184911e-16 1e-20
5787.44754 8.154331e-16 1e-20
5787.698757 8.063792e-16 1e-20
5787.949974 7.954854e-16 1e-20
5788.201191 7.95412e-16 1e-20
5788.452408 8.029947e-16 1e-20
5788.703625 8.089108e-16 1e-20
5788.954841 8.081563e-16 1e-20
5789.206058 7.997601e-16 1e-20
5789.457275 7.940007e-16 1e-20
5789.708492 7.950059e-16 1e-20
5789.959709 7.9697e-16 1e-20
5790.210926 7.991789e-16 1e-20
5790.462143 8.006233e-16 1e-20
5790.71336 8.009901e-16 1e-20
5790.964577 8.045637e-16 1e-20
5791.215794 8.056623e-16 1e-20
5791.467011 7.956583e-16 1e-20
5791.718228 7.833652e-16 1e-20
5791.969445 7.792743e-16 1e-20
5792.220662 7.791381e-16 1e-20
5792.471879 7.804886e-16 1e-20
5792.723096 7.892624e-16 1e-20
5792.974312 7.994417e-16 1e-20
5793.225529 7.937966e-16 1e-20
5793.476746 7.783203e-16 1e-20
5793.727963 7.697886e-16 1e-20
5793.97918 7.659367e-16 1e-20
5794.230397 7.624667e-16 1e-20
5794.481614 7.641517e-16 1e-20
5794.732831 7.706235e-16 1e-20
5794.984048 7.77557e-16 1e-20
5795.235265 7.812553e-16 1e-20
5795.486482 7.754243e-16 1e-20
5795.737699 7.616242e-16 1e-20
5795.988916 7.523835e-16 1e-20
5796.240133 7.516818e-16 1e-20
5796.49135 7.53494e-16 1e-20
5796.742567 7.548596e-16 1e-20
5796.993783 7.55679e-16 1e-20
5797.245 7.548148e-16 1e-20
5797.496217 7.518945e-16 1e-20
5797.747434 7.518717e-16 1e-20
5797.998651 7.539506e-16 1e-20
5798.249868 7.471622e-16 1e-20
5798.501085 7.348178e-16 1e-20
5798.752302 7.294041e-16 1e-20
5799.003519 7.29953e-16 1e-20
5799.254736 7.325988e-16 1e-20
5799.505953 7.362364e-16 1e-20
5799.75717 7.404226e-16 1e-20
5800.008387 7.462804e-16 1e-20
5800.259604 7.499138e-16 1e-20
5800.510821 7.465994e-16 1e-20
5800.762038 7.402729e-16 1e-20
5801.013254 7.402432e-16 1e-20
5801.264471 7.45747e-16 1e-20
5801.515688 7.460623e-16 1e-20
5801.766905 7.387913e-16 1e-20
5802.018122 7.282656e-16 1e-20
5802.269339 7.213036e-16 1e-20
5802.520556 7.224949e-16 1e-20
5802.771773 7.241303e-16 1e-20
5803.02299 7.211982e-16 1e-20
5803.274207 7.192925e-16 1e-20
5803.525424 7.19506e-16 1e-20
5803.776641 7.197095e-16 1e-20
5804.027858 7.200575e-16 1e-20
5804.279075 7.174324e-16 1e-20
5804.530292 7.151396e-16 1e-20
5804.781509 7.02975e-16 1e-20
5805.032725 6.689766e-16 1e-20
5805.283942 6.517896e-16 1e-20
5805.535159 6.653109e-16 1e-20
5805.786376 6.808864e-16 1e-20
5806.037593 6.891657e-16 1e-20
5806.28881 6.884271e-16 1e-20
5806.540027 6.871304e-16 1e-20
5806.791244 6.896197e-16 1e-20
5807.042461 6.893983e-16 1e-20
5807.293678 6.878008e-16 1e-20
5807.544895 6.892822e-16 1e-20
5807.796112 6.907291e-16 1e-20
5808.047329 6.866784e-16 1e-20
5808.298546 6.800342e-16 1e-20
5808.549763 6.758614e-16 1e-20
5808.80098 6.732279e-16 1e-20
5809.052196 6.707747e-16 1e-20
5809.303413 6.674615e-16 1e-20
5809.55463 6.654489e-16 1e-20
5809.805847 6.675823e-16 1e-20
5810.057064 6.702238e-16 1e-20
5810.308281 6.698209e-16 1e-20
5810.559498 6.667729e-16 1e-20
5810.810715 6.641416e-16 1e-20
5811.061932 6.671786e-16 1e-20
5811.313149 6.742544e-16 1e-20
5811.564366 6.72067e-16 1e-20
5811.815583 6.588618e-16 1e-20
5812.0668 6.477797e-16 1e-20
5812.318017 6.424726e-16 1e-20
5812.569234 6.3936e-16 1e-20
5812.820451 6.410265e-16 1e-20
5813.071667 6.503338e-16 1e-20
5813.322884 6.6021e-16 1e-20
5813.574101 6.620748e-16 1e-20
5813.825318 6.53177e-16 1e-20
5814.076535 6.39926e-16 1e-20
5814.327752 6.356527e-16 1e-20
5814.578969 6.424421e-16 1e-20
5814.830186 6.472446e-16 1e-20
5815.081403 6.426835e-16 1e-20
5815.33262 6.328723e-16 1e-20
5815.583837 6.267526e-16 1e-20
5815.835054 6.315435e-16 1e-20
5816.086271 6.412777e-16 1e-20
5816.337488 6.47369e-16 1e-20
5816.588705 6.463124e-16 1e-20
5816.839922 6.380897e-16 1e-20
5817.091139 6.276404e-16 1e-20
5817.342355 6.183618e-16 1e-20
5817.593572 6.13473e-16 1e-20
5817.844789 6.160223e-16 1e-20
5818.096006 6.225523e-16 1e-20
5818.347223 6.260913e-16 1e-20
5818.59844 6.248422e-16 1e-20
5818.849657 6.206797e-16 1e-20
5819.100874 6.186469e-16 1e-20
5819.352091 6.182449e-16 1e-20
5819.603308 6.147401e-16 1e-20
5819.854525 6.121375e-16 1e-20
5820.105742 6.128828e-16 1e-20
5820.356959 6.143773e-16 1e-20
5820.608176 6.171717e-16 1e-20
5820.859393 6.223154e-16 1e-20
5821.11061 6.235103e-16 1e-20
5821.361826 6.149259e-16 1e-20
5821.613043 6.051866e-16 1e-20
5821.86426 6.011155e-16 1e-20
5822.115477 6.001973e-16 1e-20
5822.366694 6.025372e-16 1e-20
5822.617911 6.082825e-16 1e-20
5822.869128 6.123227e-16 1e-20
5823.120345 6.078638e-16 1e-20
5823.371562 5.983828e-16 1e-20
5823.622779 5.948277e-16 1e-20
5823.873996 5.959182e-16 1e-20
5824.125213 5.916931e-16 1e-20
5824.37643 5.877032e-16 1e-20
5824.627647 5.942204e-16 1e-20
5824.878864 5.971875e-16 1e-20
5825.130081 5.868744e-16 1e-20
5825.381297 5.826371e-16 1e-20
5825.632514 5.892337e-16 1e-20
5825.883731 5.917989e-16 1e-20
5826.134948 5.890081e-16 1e-20
5826.386165 5.874526e-16 1e-20
5826.637382 5.873319e-16 1e-20
5826.888599 5.852016e-16 1e-20
5827.139816 5.827792e-16 1e-20
5827.391033 5.807271e-16 1e-20
5827.64225 5.769181e-16 1e-20
5827.893467 5.748666e-16 1e-20
5828.144684 5.77042e-16 1e-20
5828.395901 5.788059e-16 1e-20
5828.647118 5.772854e-16 1e-20
5828.898335 5.738849e-16 1e-20
5829.149552 5.73705e-16 1e-20
5829.400768 5.768213e-16 1e-20
5829.651985 5.770464e-16 1e-20
5829.903202 5.72989e-16 1e-20
5830.154419 5.669608e-16 1e-20
5830.405636 5.637013e-16 1e-20
5830.656853 5.6482e-16 1e-20
5830.90807 5.680827e-16 1e-20
5831.159287 5.716532e-16 1e-20
5831.410504 5.71711e-16 1e-20
5831.661721 5.692563e-16 1e-20
5831.912938 5.661966e-16 1e-20
5832.164155 5.620634e-16 1e-20
5832.415372 5.631076e-16 1e-20
5832.666589 5.685727e-16 1e-20
5832.917806 5.713214e-16 1e-20
5833.169023 5.721539e-16 1e-20
5833.420239 5.713473e-16 1e-20
5833.671456 5.713626e-16 1e-20
5833.922673 5.720552e-16 1e-20
5834.17389 5.668978e-16 1e-20
5834.425107 5.597527e-16 1e-20
5834.676324 5.597575e-16 1e-20
5834.927541 5.638319e-16 1e-20
5835.178758 5.663266e-16 1e-20
5835.429975 5.673596e-16 1e-20
5835.681192 5.670302e-16 1e-20
5835.932409 5.644948e-16 1e-20
5836.183626 5.592394e-16 1e-20
5836.434843 5.537229e-16 1e-20
5836.68606 5.497248e-16 1e-20
5836.937277 5.483757e-16 1e-20
5837.188494 5.477135e-16 1e-20
5837.43971 5.489359e-16 1e-20
5837.690927 5.566126e-16 1e-20
5837.942144 5.604586e-16 1e-20
5838.193361 5.685415e-16 1e-20
5838.444578 6.11918e-16 1e-20
5838.695795 6.394761e-16 1e-20
5838.947012 6.024043e-16 1e-20
5839.198229 5.631333e-16 1e-20
5839.449446 5.525572e-16 1e-20
5839.700663 5.511616e-16 1e-20
5839.95188 5.510083e-16 1e-20
5840.203097 5.501786e-16 1e-20
5840.454314 5.508693e-16 1e-20
5840.705531 5.520542e-16 1e-20
5840.956748 5.505706e-16 1e-20
5841.207965 5.473696e-16 1e-20
5841.459181 5.471036e-16 1e-20
5841.710398 5.488146e-16 1e-20
5841.961615 5.485034e-16 1e-20
5842.212832 5.459629e-16 1e-20
5842.464049 5.409921e-16 1e-20
5842.715266 5.362661e-16 1e-20
5842.966483 5.369332e-16 1e-20
5843.2177 5.421198e-16 1e-20
5843.468917 5.489187e-16 1e-20
5843.720134 5.527898e-16 1e-20
5843.971351 5.506667e-16 1e-20
5844.222568 5.456965e-16 1e-20
5844.473785 5.422756e-16 1e-20
5844.725002 5.436846e-16 1e-20
5844.976219 5.467904e-16 1e-20
5845.227436 5.467641e-16 1e-20
5845.478652 5.415844e-16 1e-20
5845.729869 5.367053e-16 1e-20
5845.981086 5.396891e-16 1e-20
5846.232303 5.455638e-16 1e-20
5846.48352 5.478087e-16 1e-20
5846.734737 5.476368e-16 1e-20
5846.985954 5.49183e-16 1e-20
5847.237171 5.540186e-16 1e-20
5847.488388 5.56419e-16 1e-20
5847.739605 5.527861e-16 1e-20
5847.990822 5.486737e-16 1e-20
5848.242039 5.464851e-16 1e-20
5848.493256 5.434961e-16 1e-20
5848.744473 5.423361e-16 1e-20
5848.99569 5.453263e-16 1e-20
5849.246907 5.478957e-16 1e-20
5849.498123 5.476604e-16 1e-20
5849.74934 5.440694e-16 1e-20
5850.000557 5.387314e-16 1e-20
5850.251774 5.39172e-16 1e-20
5850.502991 5.438192e-16 1e-20
5850.754208 5.464127e-16 1e-20
5851.005425 5.455176e-16 1e-20
5851.256642 5.45079e-16 1e-20
5851.507859 5.504261e-16 1e-20
5851.759076 5.552533e-16 1e-20
5852.010293 5.558013e-16 1e-20
5852.26151 5.568951e-16 1e-20
5852.512727 5.584361e-16 1e-20
5852.763944 5.581132e-16 1e-20
5853.015161 5.503068e-16 1e-20
5853.266378 5.399642e-16 1e-20
5853.517594 5.416568e-16 1e-20
5853.768811 5.470403e-16 1e-20
5854.020028 5.427482e-16 1e-20
5854.271245 5.353579e-16 1e-20
5854.522462 5.322468e-16 1e-20
5854.773679 5.322929e-16 1e-20
5855.024896 5.349364e-16 1e-20
5855.276113 5.380445e-16 1e-20
5855.52733 5.407532e-16 1e-20
5855.778547 5.432657e-16 1e-20
5856.029764 5.44522e-16 1e-20
5856.280981 5.45744e-16 1e-20
5856.532198 5.47503e-16 1e-20
5856.783415 5.505383e-16 1e-20
5857.034632 5.541895e-16 1e-20
5857.285849 5.557246e-16 1e-20
5857.537065 5.566752e-16 1e-20
5857.788282 5.583144e-16 1e-20
5858.039499 5.561729e-16 1e-20
5858.290716 5.51471e-16 1e-20
5858.541933 5.515386e-16 1e-20
5858.79315 5.560494e-16 1e-20
5859.044367 5.599642e-16 1e-20
5859.295584 5.585513e-16 1e-20
5859.546801 5.539624e-16 1e-20
5859.798018 5.547823e-16 1e-20
5860.049235 5.604869e-16 1e-20
5860.300452 5.656107e-16 1e-20
5860.551669 5.676892e-16 1e-20
5860.802886 5.674248e-16 1e-20
5861.054103 5.6684e-16 1e-20
5861.30532 5.663465e-16 1e-20
5861.556536 5.665222e-16 1e-20
5861.807753 5.642349e-16 1e-20
5862.05897 5.602007e-16 1e-20
5862.310187 5.602414e-16 1e-20
5862.561404 5.617974e-16 1e-20
5862.812621 5.609761e-16 1e-20
5863.063838 5.583564e-16 1e-20
5863.315055 5.568577e-16 1e-20
5863.566272 5.589073e-16 1e-20
5863.817489 5.63692e-16 1e-20
5864.068706 5.725e-16 1e-20
5864.319923 5.707757e-16 1e-20
5864.57114 5.408189e-16 1e-20
5864.822357 4.959837e-16 1e-20
5865.073574 4.557554e-16 1e-20
5865.324791 4.575934e-16 1e-20
5865.576007 5.191027e-16 1e-20
5865.827224 5.707096e-16 1e-20
5866.078441 5.752336e-16 1e-20
5866.329658 5.711043e-16 1e-20
5866.580875 5.727416e-16 1e-20
5866.832092 5.720832e-16 1e-20
5867.083309 5.70725e-16 1e-20
5867.334526 5.734542e-16 1e-20
5867.585743 5.758039e-16 1e-20
5867.83696 5.734443e-16 1e-20
5868.088177 5.722364e-16 1e-20
5868.339394 5.737526e-16 1e-20
5868.590611 5.754503e-16 1e-20
5868.841828 5.80418e-16 1e-20
5869.093045 5.875635e-16 1e-20
5869.344262 5.931602e-16 1e-20
5869.595478 5.959103e-16 1e-20
5869.846695 5.940032e-16 1e-20
5870.097912 5.896078e-16 1e-20
5870.349129 5.856708e-16 1e-20
5870.600346 5.815624e-16 1e-20
5870.851563 5.762331e-16 1e-20
5871.10278 5.711182e-16 1e-20
5871.353997 5.716008e-16 1e-20
5871.605214 5.790515e-16 1e-20
5871.856431 5.864914e-16 1e-20
5872.107648 5.898109e-16 1e-20
5872.358865 5.884343e-16 1e-20
5872.610082 5.878746e-16 1e-20
5872.861299 5.927267e-16 1e-20
5873.112516 5.946205e-16 1e-20
5873.363733 5.913622e-16 1e-20
5873.614949 5.901308e-16 1e-20
5873.866166 5.867853e-16 1e-20
5874.117383 5.804922e-16 1e-20
5874.3686 5.807021e-16 1e-20
5874.619817 5.87454e-16 1e-20
5874.871034 5.941084e-16 1e-20
5875.122251 5.929114e-16 1e-20
5875.373468 5.846631e-16 1e-20
5875.624685 5.811822e-16 1e-20
5875.875902 5.866651e-16 1e-20
5876.127119 5.971426e-16 1e-20
5876.378336 6.051198e-16 1e-20
5876.629553 6.057933e-16 1e-20
5876.88077 6.018246e-16 1e-20
5877.131987 5.968555e-16 1e-20
5877.383204 5.945117e-16 1e-20
5877.63442 5.929802e-16 1e-20
5877.885637 5.901144e-16 1e-20
5878.136854 5.89016e-16 1e-20
5878.388071 5.919726e-16 1e-20
5878.639288 5.998177e-16 1e-20
5878.890505 6.072055e-16 1e-20
5879.141722 6.081657e-16 1e-20
5879.392939 6.030738e-16 1e-20
5879.644156 5.942067e-16 1e-20
5879.895373 5.86732e-16 1e-20
5880.14659 5.85838e-16 1e-20
5880.397807 5.897818e-16 1e-20
5880.649024 5.925889e-16 1e-20
5880.900241 5.942169e-16 1e-20
5881.151458 5.975654e-16 1e-20
5881.402675 5.999326e-16 1e-20
5881.653891 5.989429e-16 1e-20
5881.905108 5.974614e-16 1e-20
5882.156325 5.990536e-16 1e-20
5882.407542 6.043982e-16 1e-20
5882.658759 6.07419e-16 1e-20
5882.909976 6.04454e-16 1e-20
5883.161193 6.004541e-16 1e-20
5883.41241 6.001354e-16 1e-20
5883.663627 6.042341e-16 1e-20
5883.914844 6.079546e-16 1e-20
5884.166061 6.092849e-16 1e-20
5884.417278 6.096047e-16 1e-20
5884.668495 6.078381e-16 1e-20
5884.919712 6.068973e-16 1e-20
5885.170929 6.093864e-16 1e-20
5885.422146 6.12296e-16 1e-20
5885.673362 6.099984e-16 1e-20
5885.924579 6.055441e-16 1e-20
5886.175796 6.071785e-16 1e-20
5886.427013 6.117295e-16 1e-20
5886.67823 6.134206e-16 1e-20
5886.929447 6.10042e-16 1e-20
5887.180664 6.056275e-16 1e-20
5887.431881 6.093196e-16 1e-20
5887.683098 6.200112e-16 1e-20
5887.934315 6.286236e-16 1e-20
5888.185532 6.297566e-16 1e-20
5888.436749 6.263922e-16 1e-20
5888.687966 6.225174e-16 1e-20
5888.939183 6.226566e-16 1e-20
5889.1904 6.289778e-16 1e-20
5889.441617 6.334774e-16 1e-20
5889.692833 6.230569e-16 1e-20
5889.94405 5.909525e-16 1e-20
5890.195267 5.504167e-16 1e-20
5890.446484 5.192029e-16 1e-20
5890.697701 5.139434e-16 1e-20
5890.948918 5.368063e-16 1e-20
5891.200135 5.735213e-16 1e-20
5891.451352 6.061584e-16 1e-20
5891.702569 6.22969e-16 1e-20
5891.953786 6.275804e-16 1e-20
5892.205003 6.254543e-16 1e-20
5892.45622 6.212301e-16 1e-20
5892.707437 6.203458e-16 1e-20
5892.958654 6.247425e-16 1e-20
5893.209871 6.289274e-16 1e-20
5893.461088 6.301866e-16 1e-20
5893.712304 6.314429e-16 1e-20
5893.963521 6.332073e-16 1e-20
5894.214738 6.352048e-16 1e-20
5894.465955 6.379025e-16 1e-20
5894.717172 6.409413e-16 1e-20
5894.968389 6.433557e-16 1e-20
5895.219606 6.436546e-16 1e-20
5895.470823 6.395478e-16 1e-20
5895.72204 6.278616e-16 1e-20
5895.973257 6.079027e-16 1e-20
5896.224474 5.827689e-16 1e-20
5896.475691 5.689517e-16 1e-20
5896.726908 5.787153e-16 1e-20
5896.978125 6.022429e-16 1e-20
5897.229342 6.308568e-16 1e-20
5897.480559 6.554556e-16 1e-20
5897.731775 6.635736e-16 1e-20
5897.982992 6.571775e-16 1e-20
5898.234209 6.492676e-16 1e-20
5898.485426 6.471682e-16 1e-20
5898.736643 6.517316e-16 1e-20
5898.98786 6.552002e-16 1e-20
5899.239077 6.530111e-16 1e-20
5899.490294 6.465406e-16 1e-20
5899.741511 6.414623e-16 1e-20
5899.992728 6.453079e-16 1e-20
5900.243945 6.525789e-16 1e-20
5900.495162 6.563344e-16 1e-20
5900.746379 6.563367e-16 1e-20
5900.997596 6.539237e-16 1e-20
5901.248813 6.491932e-16 1e-20
5901.50003 6.449673e-16 1e-20
5901.751246 6.467496e-16 1e-20
5902.002463 6.517926e-16 1e-20
5902.25368 6.578451e-16 1e-20
5902.504897 6.647812e-16 1e-20
5902.756114 6.684703e-16 1e-20
5903.007331 6.687719e-16 1e-20
5903.258548 6.676344e-16 1e-20
5903.509765 6.691329e-16 1e-20
5903.760982 6.781966e-16 1e-20
5904.012199 6.865911e-16 1e-20
5904.263416 6.868781e-16 1e-20
5904.514633 6.798057e-16 1e-20
5904.76585 6.70741e-16 1e-20
5905.017067 6.672686e-16 1e-20
5905.268284 6.696693e-16 1e-20
5905.519501 6.751288e-16 1e-20
5905.770717 6.811227e-16 1e-20
5906.021934 6.877007e-16 1e-20
5906.273151 6.945734e-16 1e-20
5906.524368 6.980925e-16 1e-20
5906.775585 6.953068e-16 1e-20
5907.026802 6.857626e-16 1e-20
5907.278019 6.764225e-16 1e-20
5907.529236 6.742863e-16 1e-20
5907.780453 6.823356e-16 1e-20
5908.03167 6.924643e-16 1e-20
5908.282887 6.863345e-16 1e-20
5908.534104 6.691644e-16 1e-20
5908.785321 6.566016e-16 1e-20
5909.036538 6.561973e-16 1e-20
5909.287755 6.686546e-16 1e-20
5909.538972 6.8108e-16 1e-20
5909.790188 6.876239e-16 1e-20
5910.041405 6.926155e-16 1e-20
5910.292622 6.94152e-16 1e-20
5910.543839 6.942053e-16 1e-20
5910.795056 6.984143e-16 1e-20
5911.046273 7.043717e-16 1e-20
5911.29749 7.063725e-16 1e-20
5911.548707 7.05007e-16 1e-20
5911.799924 7.022567e-16 1e-20
5912.051141 7.021211e-16 1e-20
5912.302358 7.045261e-16 1e-20
5912.553575 7.046969e-16 1e-20
5912.804792 7.037937e-16 1e-20
5913.056009 7.036984e-16 1e-20
5913.307226 7.071591e-16 1e-20
5913.558443 7.135979e-16 1e-20
5913.809659 7.190426e-16 1e-20
5914.060876 7.229248e-16 1e-20
5914.312093 7.232396e-16 1e-20
5914.56331 7.175889e-16 1e-20
5914.814527 7.115312e-16 1e-20
5915.065744 7.116517e-16 1e-20
5915.316961 7.170222e-16 1e-20
5915.568178 7.261913e-16 1e-20
5915.819395 7.341821e-16 1e-20
5916.070612 7.341647e-16 1e-20
5916.321829 7.269243e-16 1e-20
5916.573046 7.2018e-16 1e-20
5916.824263 7.199545e-16 1e-20
5917.07548 7.25492e-16 1e-20
5917.326697 7.323202e-16 1e-20
5917.577914 7.376843e-16 1e-20
5917.82913 7.376736e-16 1e-20
5918.080347 7.30237e-16 1e-20
5918.331564 7.202245e-16 1e-20
5918.582781 7.148695e-16 1e-20
5918.833998 7.203145e-16 1e-20
5919.085215 7.271019e-16 1e-20
5919.336432 7.273571e-16 1e-20
5919.587649 7.293845e-16 1e-20
5919.838866 7.361152e-16 1e-20
5920.090083 7.424747e-16 1e-20
5920.3413 7.437254e-16 1e-20
5920.592517 7.392832e-16 1e-20
5920.843734 7.381318e-16 1e-20
5921.094951 7.416245e-16 1e-20
5921.346168 7.420917e-16 1e-20
5921.597385 7.418654e-16 1e-20
5921.848601 7.450273e-16 1e-20
5922.099818 7.526229e-16 1e-20
5922.351035 7.602587e-16 1e-20
5922.602252 7.610229e-16 1e-20
5922.853469 7.582266e-16 1e-20
5923.104686 7.561504e-16 1e-20
5923.355903 7.553223e-16 1e-20
5923.60712 7.570099e-16 1e-20
5923.858337 7.618375e-16 1e-20
5924.109554 7.661523e-16 1e-20
5924.360771 7.659267e-16 1e-20
5924.611988 7.615099e-16 1e-20
5924.863205 7.594671e-16 1e-20
5925.114422 7.672648e-16 1e-20
5925.365639 7.787376e-16 1e-20
5925.616856 7.828936e-16 1e-20
5925.868072 7.775551e-16 1e-20
5926.119289 7.664686e-16 1e-20
5926.370506 7.563022e-16 1e-20
5926.621723 7.559689e-16 1e-20
5926.87294 7.652275e-16 1e-20
5927.124157 7.741805e-16 1e-20
5927.375374 7.768705e-16 1e-20
5927.626591 7.714267e-16 1e-20
5927.877808 7.644762e-16 1e-20
5928.129025 7.617475e-16 1e-20
5928.380242 7.609693e-16 1e-20
5928.631459 7.619294e-16 1e-20
5928.882676 7.670135e-16 1e-20
5929.133893 7.733335e-16 1e-20
5929.38511 7.767859e-16 1e-20
5929.636327 7.780992e-16 1e-20
5929.887543 7.780754e-16 1e-20
5930.13876 7.773455e-16 1e-20
5930.389977 7.800099e-16 1e-20
5930.641194 7.877536e-16 1e-20
5930.892411 7.935793e-16 1e-20
5931.143628 7.975705e-16 1e-20
5931.394845 8.048953e-16 1e-20
5931.646062 8.047985e-16 1e-20
5931.897279 7.930522e-16 1e-20
5932.148496 7.846729e-16 1e-20
5932.399713 7.853594e-16 1e-20
5932.65093 7.936631e-16 1e-20
5932.902147 8.039791e-16 1e-20
5933.153364 8.094191e-16 1e-20
5933.404581 8.066549e-16 1e-20
5933.655798 7.969371e-16 1e-20
5933.907015 7.880486e-16 1e-20
5934.158231 7.889417e-16 1e-20
5934.409448 7.99254e-16 1e-20
5934.660665 8.035702e-16 1e-20
5934.911882 8.014691e-16 1e-20
5935.163099 8.049913e-16 1e-20
5935.414316 8.111727e-16 1e-20
5935.665533 8.152793e-16 1e-20
5935.91675 8.205326e-16 1e-20
5936.167967 8.250145e-16 1e-20
5936.419184 8.240993e-16 1e-20
5936.670401 8.155261e-16 1e-20
5936.921618 8.029316e-16 1e-20
5937.172835 7.990257e-16 1e-20
5937.424052 8.020013e-16 1e-20
5937.675269 8.020011e-16 1e-20
5937.926486 8.031098e-16 1e-20
5938.177702 8.062176e-16 1e-20
5938.428919 8.051351e-16 1e-20
5938.680136 8.04116e-16 1e-20
5938.931353 8.095557e-16 1e-20
5939.18257 8.17334e-16 1e-20
5939.433787 8.217831e-16 1e-20
5939.685004 8.201915e-16 1e-20
5939.936221 8.179538e-16 1e-20
5940.187438 8.218226e-16 1e-20
5940.438655 8.255981e-16 1e-20
5940.689872 8.237716e-16 1e-20
5940.941089 8.16858e-16 1e-20
5941.192306 8.099906e-16 1e-20
5941.443523 8.087882e-16 1e-20
5941.69474 8.080636e-16 1e-20
5941.945957 8.051237e-16 1e-20
5942.197173 8.061593e-16 1e-20
5942.44839 8.123706e-16 1e-20
5942.699607 8.200666e-16 1e-20
5942.950824 8.24208e-16 1e-20
5943.202041 8.259758e-16 1e-20
5943.453258 8.304444e-16 1e-20
5943.704475 8.316693e-16 1e-20
5943.955692 8.248703e-16 1e-20
5944.206909 8.176874e-16 1e-20
5944.458126 8.17221e-16 1e-20
5944.709343 8.227086e-16 1e-20
5944.96056 8.25742e-16 1e-20
5945.211777 8.22588e-16 1e-20
5945.462994 8.244e-16 1e-20
5945.714211 8.341605e-16 1e-20
5945.965428 8.415285e-16 1e-20
5946.216644 8.429311e-16 1e-20
5946.467861 8.392706e-16 1e-20
5946.719078 8.326968e-16 1e-20
5946.970295 8.27711e-16 1e-20
5947.221512 8.307621e-16 1e-20
5947.472729 8.421931e-16 1e-20
5947.723946 8.538625e-16 1e-20
5947.975163 8.545174e-16 1e-20
5948.22638 8.424939e-16 1e-20
5948.477597 8.318854e-16 1e-20
5948.728814 8.317505e-16 1e-20
5948.980031 8.346297e-16 1e-20
5949.231248 8.349304e-16 1e-20
5949.482465 8.363748e-16 1e-20
5949.733682 8.387363e-16 1e-20
5949.984899 8.399161e-16 1e-20
5950.236115 8.397654e-16 1e-20
5950.487332 8.451435e-16 1e-20
5950.738549 8.568676e-16 1e-20
5950.989766 8.628343e-16 1e-20
5951.240983 8.626217e-16 1e-20
5951.4922 8.614265e-16 1e-20
5951.743417 8.587561e-16 1e-20
5951.994634 8.550474e-16 1e-20
5952.245851 8.545722e-16 1e-20
5952.497068 8.59264e-16 1e-20
5952.748285 8.65008e-16 1e-20
5952.999502 8.636804e-16 1e-20
5953.250719 8.562715e-16 1e-20
5953.501936 8.537159e-16 1e-20
5953.753153 8.587475e-16 1e-20
5954.00437 8.673947e-16 1e-20
5954.255586 8.708046e-16 1e-20
5954.506803 8.680315e-16 1e-20
5954.75802 8.711e-16 1e-20
5955.009237 8.76258e-16 1e-20
5955.260454 8.734922e-16 1e-20
5955.511671 8.671169e-16 1e-20
5955.762888 8.618708e-16 1e-20
5956.014105 8.584667e-16 1e-20
5956.265322 8.537752e-16 1e-20
5956.516539 8.449764e-16 1e-20
5956.767756 8.404765e-16 1e-20
5957.018973 8.447544e-16 1e-20
5957.27019 8.513667e-16 1e-20
5957.521407 8.591874e-16 1e-20
5957.772624 8.678838e-16 1e-20
5958.023841 8.709496e-16 1e-20
5958.275057 8.676219e-16 1e-20
5958.526274 8.666129e-16 1e-20
5958.777491 8.695549e-16 1e-20
5959.028708 8.712252e-16 1e-20
5959.279925 8.671505e-16 1e-20
5959.531142 8.610908e-16 1e-20
5959.782359 8.64284e-16 1e-20
5960.033576 8.723818e-16 1e-20
5960.284793 8.755614e-16 1e-20
5960.53601 8.772197e-16 1e-20
5960.787227 8.791585e-16 1e-20
5961.038444 8.784229e-16 1e-20
5961.289661 8.760499e-16 1e-20
5961.540878 8.755547e-16 1e-20
5961.792095 8.773023e-16 1e-20
5962.043312 8.751531e-16 1e-20
5962.294528 8.663771e-16 1e-20
5962.545745 8.571087e-16 1e-20
5962.796962 8.537094e-16 1e-20
5963.048179 8.611548e-16 1e-20
5963.299396 8.736741e-16 1e-20
5963.550613 8.765281e-16 1e-20
5963.80183 8.719666e-16 1e-20
5964.053047 8.684715e-16 1e-20
5964.304264 8.642345e-16 1e-20
5964.555481 8.60128e-16 1e-20
5964.806698 8.63852e-16 1e-20
5965.057915 8.715381e-16 1e-20
5965.309132 8.746867e-16 1e-20
5965.560349 8.590711e-16 1e-20
5965.811566 8.309007e-16 1e-20
5966.062783 8.335372e-16 1e-20
5966.313999 8.562599e-16 1e-20
5966.565216 8.645885e-16 1e-20
5966.816433 8.638803e-16 1e-20
5967.06765 8.616436e-16 1e-20
5967.318867 8.585085e-16 1e-20
5967.570084 8.579167e-16 1e-20
5967.821301 8.621504e-16 1e-20
5968.072518 8.647814e-16 1e-20
5968.323735 8.62998e-16 1e-20
5968.574952 8.638728e-16 1e-20
5968.826169 8.680657e-16 1e-20
5969.077386 8.725791e-16 1e-20
5969.328603 8.725592e-16 1e-20
5969.57982 8.679047e-16 1e-20
5969.831037 8.653821e-16 1e-20
5970.082254 8.692213e-16 1e-20
5970.33347 8.802562e-16 1e-20
5970.584687 8.904341e-16 1e-20
5970.835904 8.959756e-16 1e-20
5971.087121 8.985293e-16 1e-20
5971.338338 8.976323e-16 1e-20
5971.589555 8.949403e-16 1e-20
5971.840772 8.895008e-16 1e-20
5972.091989 8.826785e-16 1e-20
5972.343206 8.794533e-16 1e-20
5972.594423 8.773389e-16 1e-20
5972.84564 8.733023e-16 1e-20
5973.096857 8.747059e-16 1e-20
5973.348074 8.834291e-16 1e-20
5973.599291 8.916126e-16 1e-20
5973.850508 8.913367e-16 1e-20
5974.101725 8.786281e-16 1e-20
5974.352941 8.638689e-16 1e-20
5974.604158 8.573281e-16 1e-20
5974.855375 8.630293e-16 1e-20
5975.106592 8.727912e-16 1e-20
5975.357809 8.766274e-16 1e-20
5975.609026 8.766564e-16 1e-20
5975.860243 8.757017e-16 1e-20
5976.11146 8.740855e-16 1e-20
5976.362677 8.738825e-16 1e-20
5976.613894 8.768413e-16 1e-20
5976.865111 8.776036e-16 1e-20
5977.116328 8.737977e-16 1e-20
5977.367545 8.688243e-16 1e-20
5977.618762 8.706953e-16 1e-20
5977.869979 8.828919e-16 1e-20
5978.121196 8.881816e-16 1e-20
5978.372412 8.816826e-16 1e-20
5978.623629 8.789109e-16 1e-20
5978.874846 8.843497e-16 1e-20
5979.126063 8.950957e-16 1e-20
5979.37728 8.964073e-16 1e-20
5979.628497 8.852118e-16 1e-20
5979.879714 8.770432e-16 1e-20
5980.130931 8.725073e-16 1e-20
5980.382148 8.712382e-16 1e-20
5980.633365 8.726269e-16 1e-20
5980.884582 8.740476e-16 1e-20
5981.135799 8.791219e-16 1e-20
5981.387016 8.862633e-16 1e-20
5981.638233 8.899087e-16 1e-20
5981.88945 8.864132e-16 1e-20
5982.140667 8.821981e-16 1e-20
5982.391883 8.910901e-16 1e-20
5982.6431 8.962162e-16 1e-20
5982.894317 8.795078e-16 1e-20
5983.145534 8.650802e-16 1e-20
5983.396751 8.662885e-16 1e-20
5983.647968 8.729334e-16 1e-20
5983.899185 8.788556e-16 1e-20
5984.150402 8.816968e-16 1e-20
5984.401619 8.862194e-16 1e-20
5984.652836 8.924689e-16 1e-20
5984.904053 8.929849e-16 1e-20
5985.15527 8.852407e-16 1e-20
5985.406487 8.737763e-16 1e-20
5985.657704 8.721427e-16 1e-20
5985.908921 8.834161e-16 1e-20
5986.160138 8.972987e-16 1e-20
5986.411354 9.02231e-16 1e-20
5986.662571 8.923924e-16 1e-20
5986.913788 8.846271e-16 1e-20
5987.165005 8.863331e-16 1e-20
5987.416222 8.870169e-16 1e-20
5987.667439 8.860819e-16 1e-20
5987.918656 8.859922e-16 1e-20
5988.169873 8.84257e-16 1e-20
5988.42109 8.802623e-16 1e-20
5988.672307 8.769029e-16 1e-20
5988.923524 8.745779e-16 1e-20
5989.174741 8.73073e-16 1e-20
5989.425958 8.715166e-16 1e-20
5989.677175 8.689598e-16 1e-20
5989.928392 8.682287e-16 1e-20
5990.179609 8.706652e-16 1e-20
5990.430825 8.733032e-16 1e-20
5990.682042 8.776038e-16 1e-20
5990.933259 8.823184e-16 1e-20
5991.184476 8.79042e-16 1e-20
5991.435693 8.745626e-16 1e-20
5991.68691 8.767506e-16 1e-20
5991.938127 8.751426e-16 1e-20
5992.189344 8.682709e-16 1e-20
5992.440561 8.680926e-16 1e-20
5992.691778 8.715368e-16 1e-20
5992.942995 8.714887e-16 1e-20
5993.194212 8.731907e-16 1e-20
5993.445429 8.775443e-16 1e-20
5993.696646 8.763704e-16 1e-20
5993.947863 8.7102e-16 1e-20
5994.19908 8.681834e-16 1e-20
5994.450296 8.709482e-16 1e-20
5994.701513 8.754833e-16 1e-20
5994.95273 8.713967e-16 1e-20
5995.203947 8.604915e-16 1e-20
5995.455164 8.524694e-16 1e-20
5995.706381 8.501968e-16 1e-20
5995.957598 8.546971e-16 1e-20
5996.208815 8.680719e-16 1e-20
5996.460032 8.803904e-16 1e-20
5996.711249 8.818982e-16 1e-20
5996.962466 8.794336e-16 1e-20
5997.213683 8.779703e-16 1e-20
5997.4649 8.771024e-16 1e-20
5997.716117 8.746912e-16 1e-20
5997.967334 8.697323e-16 1e-20
5998.218551 8.690758e-16 1e-20
5998.469767 8.716019e-16 1e-20
5998.720984 8.670897e-16 1e-20
5998.972201 8.586286e-16 1e-20
5999.223418 8.557406e-16 1e-20
5999.474635 8.617267e-16 1e-20
5999.725852 8.703093e-16 1e-20
5999.977069 8.728888e-16 1e-20
6000.228286 8.71938e-16 1e-20
6000.479503 8.73107e-16 1e-20
6000.73072 8.779447e-16 1e-20
6000.981937 8.817145e-16 1e-20
6001.233154 8.749249e-16 1e-20
6001.484371 8.669758e-16 1e-20
6001.735588 8.697675e-16 1e-20
6001.986805 8.746939e-16 1e-20
6002.238022 8.750714e-16 1e-20
6002.489238 8.701875e-16 1e-20
6002.740455 8.634746e-16 1e-20
6002.991672 8.605867e-16 1e-20
6003.242889 8.610601e-16 1e-20
6003.494106 8.608873e-16 1e-20
6003.745323 8.589758e-16 1e-20
6003.99654 8.597868e-16 1e-20
6004.247757 8.666017e-16 1e-20
6004.498974 8.780904e-16 1e-20
6004.750191 8.869828e-16 1e-20
6005.001408 8.866283e-16 1e-20
6005.252625 8.796866e-16 1e-20
6005.503842 8.707497e-16 1e-20
6005.755059 8.685525e-16 1e-20
6006.006276 8.727009e-16 1e-20
6006.257493 8.728759e-16 1e-20
6006.508709 8.671941e-16 1e-20
6006.759926 8.587616e-16 1e-20
6007.011143 8.563457e-16 1e-20
6007.26236 8.649184e-16 1e-20
6007.513577 8.778003e-16 1e-20
6007.764794 8.858976e-16 1e-20
6008.016011 8.881549e-16 1e-20
6008.267228 8.849808e-16 1e-20
6008.518445 8.768545e-16 1e-20
6008.769662 8.703206e-16 1e-20
6009.020879 8.686594e-16 1e-20
6009.272096 8.703121e-16 1e-20
6009.523313 8.694109e-16 1e-20
6009.77453 8.66149e-16 1e-20
6010.025747 8.687369e-16 1e-20
6010.276964 8.772763e-16 1e-20
6010.52818 8.866799e-16 1e-20
6010.779397 8.905169e-16 1e-20
6011.030614 8.848115e-16 1e-20
6011.281831 8.693783e-16 1e-20
6011.533048 8.57717e-16 1e-20
6011.784265 8.604718e-16 1e-20
6012.035482 8.654228e-16 1e-20
6012.286699 8.634579e-16 1e-20
6012.537916 8.515237e-16 1e-20
6012.789133 8.368877e-16 1e-20
6013.04035 8.320552e-16 1e-20
6013.291567 8.396835e-16 1e-20
6013.542784 8.530387e-16 1e-20
6013.794001 8.613592e-16 1e-20
6014.045218 8.670255e-16 1e-20
6014.296435 8.718014e-16 1e-20
6014.547651 8.646605e-16 1e-20
6014.798868 8.530073e-16 1e-20
6015.050085 8.556123e-16 1e-20
6015.301302 8.651954e-16 1e-20
6015.552519 8.706329e-16 1e-20
6015.803736 8.718966e-16 1e-20
6016.054953 8.710627e-16 1e-20
6016.30617 8.706673e-16 1e-20
6016.557387 8.717639e-16 1e-20
6016.808604 8.745877e-16 1e-20
6017.059821 8.772125e-16 1e-20
6017.311038 8.772541e-16 1e-20
6017.562255 8.725343e-16 1e-20
6017.813472 8.63818e-16 1e-20
6018.064689 8.530046e-16 1e-20
6018.315906 8.426264e-16 1e-20
6018.567122 8.390079e-16 1e-20
6018.818339 8.45924e-16 1e-20
6019.069556 8.511762e-16 1e-20
6019.320773 8.475737e-16 1e-20
6019.57199 8.475839e-16 1e-20
6019.823207 8.519578e-16 1e-20
6020.074424 8.505751e-16 1e-20
6020.325641 8.469579e-16 1e-20
6020.576858 8.473718e-16 1e-20
6020.828075 8.518817e-16 1e-20
6021.079292 8.593027e-16 1e-20
6021.330509 8.659413e-16 1e-20
6021.581726 8.756546e-16 1e-20
6021.832943 8.920156e-16 1e-20
6022.08416 8.95915e-16 1e-20
6022.335377 8.830801e-16 1e-20
6022.586593 8.709851e-16 1e-20
6022.83781 8.627394e-16 1e-20
6023.089027 8.582333e-16 1e-20
6023.340244 8.584556e-16 1e-20
6023.591461 8.574985e-16 1e-20
6023.842678 8.489085e-16 1e-20
6024.093895 8.406236e-16 1e-20
6024.345112 8.408059e-16 1e-20
6024.596329 8.401244e-16 1e-20
6024.847546 8.389498e-16 1e-20
6025.098763 8.482041e-16 1e-20
6025.34998 8.612296e-16 1e-20
6025.601197 8.57106e-16 1e-20
6025.852414 8.553116e-16 1e-20
6026.103631 8.535208e-16 1e-20
6026.354848 8.517265e-16 1e-20
6026.606064 8.499357e-16 1e-20
6026.857281 8.513154e-16 1e-20
6027.108498 8.523165e-16 1e-20
6027.359715 8.58155e-16 1e-20
6027.610932 8.653885e-16 1e-20
6027.862149 8.646325e-16 1e-20
6028.113366 8.576661e-16 1e-20
6028.364583 8.507926e-16 1e-20
6028.6158 8.487865e-16 1e-20
6028.867017 8.533136e-16 1e-20
6029.118234 8.540367e-16 1e-20
6029.369451 8.459029e-16 1e-20
6029.620668 8.395424e-16 1e-20
6029.871885 8.403488e-16 1e-20
6030.123102 8.460855e-16 1e-20
6030.374319 8.531171e-16 1e-20
6030.625535 8.567836e-16 1e-20
6030.876752 8.567398e-16 1e-20
6031.127969 8.548936e-16 1e-20
6031.379186 8.547979e-16 1e-20
6031.630403 8.587159e-16 1e-20
6031.88162 8.623057e-16 1e-20
6032.132837 8.622715e-16 1e-20
6032.384054 8.596736e-16 1e-20
6032.635271 8.553952e-16 1e-20
6032.886488 8.496798e-16 1e-20
6033.137705 8.457392e-16 1e-20
6033.388922 8.481564e-16 1e-20
6033.640139 8.542676e-16 1e-20
6033.891356 8.588263e-16 1e-20
6034.142573 8.59984e-16 1e-20
6034.39379 8.573997e-16 1e-20
6034.645006 8.526182e-16 1e-20
6034.896223 8.481616e-16 1e-20
6035.14744 8.477549e-16 1e-20
6035.398657 8.511251e-16 1e-20
6035.649874 8.532112e-16 1e-20
6035.901091 8.523268e-16 1e-20
6036.152308 8.492221e-16 1e-20
6036.403525 8.456727e-16 1e-20
6036.654742 8.43728e-16 1e-20
6036.905959 8.430877e-16 1e-20
6037.157176 8.432627e-16 1e-20
6037.408393 8.455138e-16 1e-20
6037.65961 8.497955e-16 1e-20
6037.910827 8.53405e-16 1e-20
6038.162044 8.549731e-16 1e-20
6038.413261 8.549516e-16 1e-20
6038.664477 8.531662e-16 1e-20
6038.915694 8.493085e-16 1e-20
6039.166911 8.46393e-16 1e-20
6039.418128 8.477636e-16 1e-20
6039.669345 8.520206e-16 1e-20
6039.920562 8.568318e-16 1e-20
6040.171779 8.603156e-16 1e-20
6040.422996 8.621405e-16 1e-20
6040.674213 8.654171e-16 1e-20
6040.92543 8.693479e-16 1e-20
6041.176647 8.687427e-16 1e-20
6041.427864 8.642523e-16 1e-20
6041.679081 8.598743e-16 1e-20
6041.930298 8.573757e-16 1e-20
6042.181515 8.572661e-16 1e-20
6042.432732 8.565027e-16 1e-20
6042.683948 8.53059e-16 1e-20
6042.935165 8.511173e-16 1e-20
6043.186382 8.524847e-16 1e-20
6043.437599 8.536233e-16 1e-20
6043.688816 8.530531e-16 1e-20
6043.940033 8.512556e-16 1e-20
6044.19125 8.511498e-16 1e-20
6044.442467 8.565395e-16 1e-20
6044.693684 8.623976e-16 1e-20
6044.944901 8.621541e-16 1e-20
6045.196118 8.569565e-16 1e-20
6045.447335 8.501643e-16 1e-20
6045.698552 8.471084e-16 1e-20
6045.949769 8.499386e-16 1e-20
6046.200986 8.547541e-16 1e-20
6046.452203 8.581723e-16 1e-20
6046.703419 8.576357e-16 1e-20
6046.954636 8.545101e-16 1e-20
6047.205853 8.523949e-16 1e-20
6047.45707 8.500494e-16 1e-20
6047.708287 8.455635e-16 1e-20
6047.959504 8.425173e-16 1e-20
6048.210721 8.431374e-16 1e-20
6048.461938 8.427678e-16 1e-20
6048.713155 8.399719e-16 1e-20
6048.964372 8.39946e-16 1e-20
6049.215589 8.427325e-16 1e-20
6049.466806 8.43457e-16 1e-20
6049.718023 8.430993e-16 1e-20
6049.96924 8.452928e-16 1e-20
6050.220457 8.490349e-16 1e-20
6050.471674 8.5226e-16 1e-20
6050.722891 8.547686e-16 1e-20
6050.974107 8.564775e-16 1e-20
6051.225324 8.572711e-16 1e-20
6051.476541 8.563615e-16 1e-20
6051.727758 8.513344e-16 1e-20
6051.978975 8.448861e-16 1e-20
6052.230192 8.440785e-16 1e-20
6052.481409 8.485912e-16 1e-20
6052.732626 8.542107e-16 1e-20
6052.983843 8.582179e-16 1e-20
6053.23506 8.588334e-16 1e-20
6053.486277 8.568561e-16 1e-20
6053.737494 8.53799e-16 1e-20
6053.988711 8.510974e-16 1e-20
6054.239928 8.498357e-16 1e-20
6054.491145 8.503644e-16 1e-20
6054.742362 8.521138e-16 1e-20
6054.993578 8.539554e-16 1e-20
6055.244795 8.534815e-16 1e-20
6055.496012 8.484097e-16 1e-20
6055.747229 8.447934e-16 1e-20
6055.998446 8.484246e-16 1e-20
6056.249663 8.529458e-16 1e-20
6056.50088 8.52406e-16 1e-20
6056.752097 8.462358e-16 1e-20
6057.003314 8.376086e-16 1e-20
6057.254531 8.350727e-16 1e-20
6057.505748 8.389827e-16 1e-20
6057.756965 8.426233e-16 1e-20
6058.008182 8.443956e-16 1e-20
6058.259399 8.45075e-16 1e-20
6058.510616 8.466946e-16 1e-20
6058.761833 8.505925e-16 1e-20
6059.013049 8.523991e-16 1e-20
6059.264266 8.492071e-16 1e-20
6059.515483 8.433101e-16 1e-20
6059.7667 8.380979e-16 1e-20
6060.017917 8.380601e-16 1e-20
6060.269134 8.425291e-16 1e-20
6060.520351 8.466937e-16 1e-20
6060.771568 8.475141e-16 1e-20
6061.022785 8.435066e-16 1e-20
6061.274002 8.392479e-16 1e-20
6061.525219 8.39347e-16 1e-20
6061.776436 8.411591e-16 1e-20
6062.027653 8.416484e-16 1e-20
6062.27887 8.389509e-16 1e-20
6062.530087 8.344043e-16 1e-20
6062.781304 8.340297e-16 1e-20
6063.03252 8.373965e-16 1e-20
6063.283737 8.391397e-16 1e-20
6063.534954 8.392137e-16 1e-20
6063.786171 8.396406e-16 1e-20
6064.037388 8.400012e-16 1e-20
6064.288605 8.398873e-16 1e-20
6064.539822 8.408415e-16 1e-20
6064.791039 8.436841e-16 1e-20
6065.042256 8.473245e-16 1e-20
6065.293473 8.502552e-16 1e-20
6065.54469 8.509999e-16 1e-20
6065.795907 8.473233e-16 1e-20
6066.047124 8.367416e-16 1e-20
6066.298341 8.265168e-16 1e-20
6066.549558 8.260399e-16 1e-20
6066.800775 8.271885e-16 1e-20
6067.051991 8.217943e-16 1e-20
6067.303208 8.194966e-16 1e-20
6067.554425 8.253696e-16 1e-20
6067.805642 8.301974e-16 1e-20
6068.056859 8.299111e-16 1e-20
6068.308076 8.273374e-16 1e-20
6068.559293 8.25258e-16 1e-20
6068.81051 8.264874e-16 1e-20
6069.061727 8.290696e-16 1e-20
6069.312944 8.294445e-16 1e-20
6069.564161 8.283774e-16 1e-20
6069.815378 8.271356e-16 1e-20
6070.066595 8.247984e-16 1e-20
6070.317812 8.214748e-16 1e-20
6070.569029 8.197228e-16 1e-20
6070.820246 8.202933e-16 1e-20
6071.071462 8.214533e-16 1e-20
6071.322679 8.237026e-16 1e-20
6071.573896 8.288139e-16 1e-20
6071.825113 8.333376e-16 1e-20
6072.07633 8.329145e-16 1e-20
6072.327547 8.302002e-16 1e-20
6072.578764 8.28553e-16 1e-20
6072.829981 8.279499e-16 1e-20
6073.081198 8.28008e-16 1e-20
6073.332415 8.279379e-16 1e-20
6073.583632 8.281381e-16 1e-20
6073.834849 8.308437e-16 1e-20
6074.086066 8.330771e-16 1e-20
6074.337283 8.290549e-16 1e-20
6074.5885 8.22949e-16 1e-20
6074.839717 8.214056e-16 1e-20
6075.090933 8.21752e-16 1e-20
6075.34215 8.210064e-16 1e-20
6075.593367 8.220937e-16 1e-20
6075.844584 8.259966e-16 1e-20
6076.095801 8.296013e-16 1e-20
6076.347018 8.298381e-16 1e-20
6076.598235 8.238502e-16 1e-20
6076.849452 8.141174e-16 1e-20
6077.100669 8.063003e-16 1e-20
6077.351886 8.027024e-16 1e-20
6077.603103 8.036654e-16 1e-20
6077.85432 8.063619e-16 1e-20
6078.105537 8.079322e-16 1e-20
6078.356754 8.083441e-16 1e-20
6078.607971 8.081298e-16 1e-20
6078.859188 8.083033e-16 1e-20
6079.110404 8.091764e-16 1e-20
6079.361621 8.102724e-16 1e-20
6079.612838 8.099676e-16 1e-20
6079.864055 8.063785e-16 1e-20
6080.115272 8.009281e-16 1e-20
6080.366489 7.963767e-16 1e-20
6080.617706 7.972374e-16 1e-20
6080.868923 8.051743e-16 1e-20
6081.12014 8.126747e-16 1e-20
6081.371357 8.145214e-16 1e-20
6081.622574 8.11138e-16 1e-20
6081.873791 8.057026e-16 1e-20
6082.125008 8.042034e-16 1e-20
6082.376225 8.052256e-16 1e-20
6082.627442 8.033463e-16 1e-20
6082.878659 7.995898e-16 1e-20
6083.129875 7.966615e-16 1e-20
6083.381092 7.952096e-16 1e-20
6083.632309 7.951354e-16 1e-20
6083.883526 7.948263e-16 1e-20
6084.134743 7.936513e-16 1e-20
6084.38596 7.930688e-16 1e-20
6084.637177 7.935454e-16 1e-20
6084.888394 7.944701e-16 1e-20
6085.139611 7.961376e-16 1e-20
6085.390828 7.991735e-16 1e-20
6085.642045 8.008955e-16 1e-20
6085.893262 7.989585e-16 1e-20
6086.144479 7.990594e-16 1e-20
6086.395696 8.045511e-16 1e-20
6086.646913 8.08455e-16 1e-20
6086.89813 8.061308e-16 1e-20
6087.149346 7.974804e-16 1e-20
6087.400563 7.879222e-16 1e-20
6087.65178 7.876614e-16 1e-20
6087.902997 7.9533e-16 1e-20
6088.154214 8.033615e-16 1e-20
6088.405431 8.065143e-16 1e-20
6088.656648 8.019521e-16 1e-20
6088.907865 7.95373e-16 1e-20
6089.159082 7.918624e-16 1e-20
6089.410299 7.895842e-16 1e-20
6089.661516 7.876371e-16 1e-20
6089.912733 7.873045e-16 1e-20
6090.16395 7.882697e-16 1e-20
6090.415167 7.890155e-16 1e-20
6090.666384 7.894128e-16 1e-20
6090.917601 7.898994e-16 1e-20
6091.168817 7.914716e-16 1e-20
6091.420034 7.94265e-16 1e-20
6091.671251 7.920448e-16 1e-20
6091.922468 7.825153e-16 1e-20
6092.173685 7.76001e-16 1e-20
6092.424902 7.778794e-16 1e-20
6092.676119 7.84831e-16 1e-20
6092.927336 7.923127e-16 1e-20
6093.178553 7.948512e-16 1e-20
6093.42977 7.931011e-16 1e-20
6093.680987 7.908198e-16 1e-20
6093.932204 7.886551e-16 1e-20
6094.183421 7.864786e-16 1e-20
6094.434638 7.840802e-16 1e-20
6094.685855 7.812705e-16 1e-20
6094.937072 7.782511e-16 1e-20
6095.188288 7.753824e-16 1e-20
6095.439505 7.730173e-16 1e-20
6095.690722 7.725567e-16 1e-20
6095.941939 7.76036e-16 1e-20
6096.193156 7.815507e-16 1e-20
6096.444373 7.855917e-16 1e-20
6096.69559 7.871385e-16 1e-20
6096.946807 7.862535e-16 1e-20
6097.198024 7.839063e-16 1e-20
6097.449241 7.816839e-16 1e-20
6097.700458 7.820996e-16 1e-20
6097.951675 7.851176e-16 1e-20
6098.202892 7.87107e-16 1e-20
6098.454109 7.86893e-16 1e-20
6098.705326 7.852847e-16 1e-20
6098.956543 7.840485e-16 1e-20
6099.207759 7.850467e-16 1e-20
6099.458976 7.8594e-16 1e-20
6099.710193 7.843937e-16 1e-20
6099.96141 7.827533e-16 1e-20
6100.212627 7.829943e-16 1e-20
6100.463844 7.850585e-16 1e-20
6100.715061 7.876569e-16 1e-20
6100.966278 7.878907e-16 1e-20
6101.217495 7.859622e-16 1e-20
6101.468712 7.843527e-16 1e-20
6101.719929 7.844432e-16 1e-20
6101.971146 7.866996e-16 1e-20
6102.222363 7.877371e-16 1e-20
6102.47358 7.846465e-16 1e-20
6102.724797 7.800416e-16 1e-20
6102.976014 7.767687e-16 1e-20
6103.22723 7.7676e-16 1e-20
6103.478447 7.790317e-16 1e-20
6103.729664 7.786441e-16 1e-20
6103.980881 7.758433e-16 1e-20
6104.232098 7.745916e-16 1e-20
6104.483315 7.740529e-16 1e-20
6104.734532 7.720085e-16 1e-20
6104.985749 7.700728e-16 1e-20
6105.236966 7.700926e-16 1e-20
6105.488183 7.721064e-16 1e-20
6105.7394 7.751115e-16 1e-20
6105.990617 7.760981e-16 1e-20
6106.241834 7.750511e-16 1e-20
6106.493051 7.759661e-16 1e-20
6106.744268 7.781348e-16 1e-20
6106.995485 7.77901e-16 1e-20
6107.246701 7.750548e-16 1e-20
6107.497918 7.709457e-16 1e-20
6107.749135 7.687802e-16 1e-20
6108.000352 7.707022e-16 1e-20
6108.251569 7.735848e-16 1e-20
6108.502786 7.746698e-16 1e-20
6108.754003 7.729397e-16 1e-20
6109.00522 7.706318e-16 1e-20
6109.256437 7.740284e-16 1e-20
6109.507654 7.804939e-16 1e-20
6109.758871 7.819673e-16 1e-20
6110.010088 7.785504e-16 1e-20
6110.261305 7.735633e-16 1e-20
6110.512522 7.708708e-16 1e-20
6110.763739 7.727924e-16 1e-20
6111.014956 7.756368e-16 1e-20
6111.266172 7.761471e-16 1e-20
6111.517389 7.733284e-16 1e-20
6111.768606 7.687633e-16 1e-20
6112.019823 7.668912e-16 1e-20
6112.27104 7.682867e-16 1e-20
6112.522257 7.709756e-16 1e-20
6112.773474 7.71759e-16 1e-20
6113.024691 7.680411e-16 1e-20
6113.275908 7.651665e-16 1e-20
6113.527125 7.671656e-16 1e-20
6113.778342 7.672595e-16 1e-20
6114.029559 7.628729e-16 1e-20
6114.280776 7.611661e-16 1e-20
6114.531993 7.652583e-16 1e-20
6114.78321 7.737854e-16 1e-20
6115.034427 7.824838e-16 1e-20
6115.285643 7.856721e-16 1e-20
6115.53686 7.829402e-16 1e-20
6115.788077 7.764202e-16 1e-20
6116.039294 7.704924e-16 1e-20
6116.290511 7.680763e-16 1e-20
6116.541728 7.65424e-16 1e-20
6116.792945 7.603723e-16 1e-20
6117.044162 7.54954e-16 1e-20
6117.295379 7.507037e-16 1e-20
6117.546596 7.485466e-16 1e-20
6117.797813 7.491298e-16 1e-20
6118.04903 7.525796e-16 1e-20
6118.300247 7.56667e-16 1e-20
6118.551464 7.588575e-16 1e-20
6118.802681 7.599208e-16 1e-20
6119.053898 7.60576e-16 1e-20
6119.305114 7.589016e-16 1e-20
6119.556331 7.549256e-16 1e-20
6119.807548 7.525112e-16 1e-20
6120.058765 7.51614e-16 1e-20
6120.309982 7.482131e-16 1e-20
6120.561199 7.439642e-16 1e-20
6120.812416 7.431878e-16 1e-20
6121.063633 7.457019e-16 1e-20
6121.31485 7.497475e-16 1e-20
6121.566067 7.531634e-16 1e-20
6121.817284 7.544878e-16 1e-20
6122.068501 7.552729e-16 1e-20
6122.319718 7.554067e-16 1e-20
6122.570935 7.511221e-16 1e-20
6122.822152 7.438585e-16 1e-20
6123.073369 7.397024e-16 1e-20
6123.324585 7.39723e-16 1e-20
6123.575802 7.42121e-16 1e-20
6123.827019 7.423249e-16 1e-20
6124.078236 7.366877e-16 1e-20
6124.329453 7.311172e-16 1e-20
6124.58067 7.30747e-16 1e-20
6124.831887 7.338183e-16 1e-20
6125.083104 7.378636e-16 1e-20
6125.334321 7.400565e-16 1e-20
6125.585538 7.396388e-16 1e-20
6125.836755 7.380841e-16 1e-20
6126.087972 7.357038e-16 1e-20
6126.339189 7.323585e-16 1e-20
6126.590406 7.295584e-16 1e-20
6126.841623 7.285596e-16 1e-20
6127.09284 7.272976e-16 1e-20
6127.344056 7.242624e-16 1e-20
6127.595273 7.208617e-16 1e-20
6127.84649 7.182757e-16 1e-20
6128.097707 7.170047e-16 1e-20
6128.348924 7.170232e-16 1e-20
6128.600141 7.177738e-16 1e-20
6128.851358 7.180883e-16 1e-20
6129.102575 7.167058e-16 1e-20
6129.353792 7.141877e-16 1e-20
6129.605009 7.114472e-16 1e-20
6129.856226 7.077444e-16 1e-20
6130.107443 7.031723e-16 1e-20
6130.35866 7.004597e-16 1e-20
6130.609877 7.005979e-16 1e-20
6130.861094 7.021313e-16 1e-20
6131.112311 7.021221e-16 1e-20
6131.363527 6.965158e-16 1e-20
6131.614744 6.892395e-16 1e-20
6131.865961 6.870731e-16 1e-20
6132.117178 6.855977e-16 1e-20
6132.368395 6.793951e-16 1e-20
6132.619612 6.721825e-16 1e-20
6132.870829 6.673979e-16 1e-20
6133.122046 6.647133e-16 1e-20
6133.373263 6.637466e-16 1e-20
6133.62448 6.643758e-16 1e-20
6133.875697 6.644674e-16 1e-20
6134.126914 6.605835e-16 1e-20
6134.378131 6.550581e-16 1e-20
6134.629348 6.52293e-16 1e-20
6134.880565 6.508406e-16 1e-20
6135.131782 6.483121e-16 1e-20
6135.382998 6.44807e-16 1e-20
6135.634215 6.408139e-16 1e-20
6135.885432 6.372687e-16 1e-20
6136.136649 6.342776e-16 1e-20
6136.387866 6.305663e-16 1e-20
6136.639083 6.267088e-16 1e-20
6136.8903 6.245129e-16 1e-20
6137.141517 6.238216e-16 1e-20
6137.392734 6.235308e-16 1e-20
6137.643951 6.207549e-16 1e-20
6137.895168 6.138564e-16 1e-20
6138.146385 6.084148e-16 1e-20
6138.397602 6.073051e-16 1e-20
6138.648819 6.050467e-16 1e-20
6138.900036 5.990068e-16 1e-20
6139.151253 5.904546e-16 1e-20
6139.402469 5.832399e-16 1e-20
6139.653686 5.828377e-16 1e-20
6139.904903 5.859824e-16 1e-20
6140.15612 5.863848e-16 1e-20
6140.407337 5.839189e-16 1e-20
6140.658554 5.803309e-16 1e-20
6140.909771 5.798046e-16 1e-20
6141.160988 5.828031e-16 1e-20
6141.412205 5.804068e-16 1e-20
6141.663422 5.706261e-16 1e-20
6141.914639 5.606669e-16 1e-20
6142.165856 5.543639e-16 1e-20
6142.417073 5.529294e-16 1e-20
6142.66829 5.558445e-16 1e-20
6142.919507 5.611837e-16 1e-20
6143.170724 5.645845e-16 1e-20
6143.42194 5.629622e-16 1e-20
6143.673157 5.599542e-16 1e-20
6143.924374 5.580906e-16 1e-20
6144.175591 5.552813e-16 1e-20
6144.426808 5.516519e-16 1e-20
6144.678025 5.501483e-16 1e-20
6144.929242 5.493623e-16 1e-20
6145.180459 5.453657e-16 1e-20
6145.431676 5.392116e-16 1e-20
6145.682893 5.337118e-16 1e-20
6145.93411 5.300848e-16 1e-20
6146.185327 5.28913e-16 1e-20
6146.436544 5.298906e-16 1e-20
6146.687761 5.319949e-16 1e-20
6146.938978 5.335386e-16 1e-20
6147.190195 5.328708e-16 1e-20
6147.441411 5.284938e-16 1e-20
6147.692628 5.22082e-16 1e-20
6147.943845 5.171789e-16 1e-20
6148.195062 5.141489e-16 1e-20
6148.446279 5.120319e-16 1e-20
6148.697496 5.097872e-16 1e-20
6148.948713 5.065645e-16 1e-20
6149.19993 5.024069e-16 1e-20
6149.451147 4.980255e-16 1e-20
6149.702364 4.949748e-16 1e-20
6149.953581 4.940951e-16 1e-20
6150.204798 4.955701e-16 1e-20
6150.456015 4.959381e-16 1e-20
6150.707232 4.901657e-16 1e-20
6150.958449 4.813584e-16 1e-20
6151.209666 4.750772e-16 1e-20
6151.460882 4.738633e-16 1e-20
6151.712099 4.77785e-16 1e-20
6151.963316 4.809715e-16 1e-20
6152.214533 4.8025e-16 1e-20
6152.46575 4.790354e-16 1e-20
6152.716967 4.786592e-16 1e-20
6152.968184 4.782688e-16 1e-20
6153.219401 4.763812e-16 1e-20
6153.470618 4.713213e-16 1e-20
6153.721835 4.65877e-16 1e-20
6153.973052 4.636322e-16 1e-20
6154.224269 4.643724e-16 1e-20
6154.475486 4.663789e-16 1e-20
6154.726703 4.657308e-16 1e-20
6154.97792 4.608906e-16 1e-20
6155.229137 4.550307e-16 1e-20
6155.480353 4.502615e-16 1e-20
6155.73157 4.473991e-16 1e-20
6155.982787 4.45791e-16 1e-20
6156.234004 4.438356e-16 1e-20
6156.485221 4.418336e-16 1e-20
6156.736438 4.403762e-16 1e-20
6156.987655 4.371301e-16 1e-20
6157.238872 4.313755e-16 1e-20
6157.490089 4.286999e-16 1e-20
6157.741306 4.312029e-16 1e-20
6157.992523 4.341509e-16 1e-20
6158.24374 4.353931e-16 1e-20
6158.494957 4.353167e-16 1e-20
6158.746174 4.35001e-16 1e-20
6158.997391 4.359149e-16 1e-20
6159.248608 4.350711e-16 1e-20
6159.499824 4.296128e-16 1e-20
6159.751041 4.249809e-16 1e-20
6160.002258 4.253433e-16 1e-20
6160.253475 4.275211e-16 1e-20
6160.504692 4.282971e-16 1e-20
6160.755909 4.253742e-16 1e-20
6161.007126 4.187882e-16 1e-20
6161.258343 4.109696e-16 1e-20
6161.50956 4.039834e-16 1e-20
6161.760777 3.994162e-16 1e-20
6162.011994 3.978886e-16 1e-20
6162.263211 3.989411e-16 1e-20
6162.514428 3.990048e-16 1e-20
6162.765645 3.959773e-16 1e-20
6163.016862 3.933562e-16 1e-20
6163.268079 3.928829e-16 1e-20
6163.519295 3.928791e-16 1e-20
6163.770512 3.922077e-16 1e-20
6164.021729 3.901531e-16 1e-20
6164.272946 3.880802e-16 1e-20
6164.524163 3.881189e-16 1e-20
6164.77538 3.906237e-16 1e-20
6165.026597 3.945542e-16 1e-20
6165.277814 3.945466e-16 1e-20
6165.529031 3.879563e-16 1e-20
6165.780248 3.807282e-16 1e-20
6166.031465 3.769726e-16 1e-20
6166.282682 3.77177e-16 1e-20
6166.533899 3.789147e-16 1e-20
6166.785116 3.772372e-16 1e-20
6167.036333 3.736583e-16 1e-20
6167.28755 3.724491e-16 1e-20
6167.538766 3.732309e-16 1e-20
6167.789983 3.743519e-16 1e-20
6168.0412 3.734909e-16 1e-20
6168.292417 3.701643e-16 1e-20
6168.543634 3.692366e-16 1e-20
6168.794851 3.718213e-16 1e-20
6169.046068 3.732624e-16 1e-20
6169.297285 3.710178e-16 1e-20
6169.548502 3.642874e-16 1e-20
6169.799719 3.579831e-16 1e-20
6170.050936 3.585949e-16 1e-20
6170.302153 3.616613e-16 1e-20
6170.55337 3.613237e-16 1e-20
6170.804587 3.587466e-16 1e-20
6171.055804 3.561094e-16 1e-20
6171.307021 3.561221e-16 1e-20
6171.558238 3.587081e-16 1e-20
6171.809454 3.596058e-16 1e-20
6172.060671 3.577101e-16 1e-20
6172.311888 3.544276e-16 1e-20
6172.563105 3.511188e-16 1e-20
6172.814322 3.490052e-16 1e-20
6173.065539 3.460414e-16 1e-20
6173.316756 3.407333e-16 1e-20
6173.567973 3.379269e-16 1e-20
6173.81919 3.40138e-16 1e-20
6174.070407 3.427597e-16 1e-20
6174.321624 3.431032e-16 1e-20
6174.572841 3.416297e-16 1e-20
6174.824058 3.387266e-16 1e-20
6175.075275 3.349174e-16 1e-20
6175.326492 3.318478e-16 1e-20
6175.577709 3.311543e-16 1e-20
6175.828925 3.314328e-16 1e-20
6176.080142 3.309339e-16 1e-20
6176.331359 3.299299e-16 1e-20
6176.582576 3.286799e-16 1e-20
6176.833793 3.266508e-16 1e-20
6177.08501 3.247503e-16 1e-20
6177.336227 3.256489e-16 1e-20
6177.587444 3.288727e-16 1e-20
6177.838661 3.3185e-16 1e-20
6178.089878 3.321679e-16 1e-20
6178.341095 3.283263e-16 1e-20
6178.592312 3.255341e-16 1e-20
6178.843529 3.281567e-16 1e-20
6179.094746 3.313146e-16 1e-20
6179.345963 3.310109e-16 1e-20
6179.59718 3.274505e-16 1e-20
6179.848396 3.220938e-16 1e-20
6180.099613 3.179138e-16 1e-20
6180.35083 3.155601e-16 1e-20
6180.602047 3.139065e-16 1e-20
6180.853264 3.128698e-16 1e-20
6181.104481 3.125727e-16 1e-20
6181.355698 3.122519e-16 1e-20
6181.606915 3.113535e-16 1e-20
6181.858132 3.106651e-16 1e-20
6182.109349 3.106522e-16 1e-20
6182.360566 3.107986e-16 1e-20
6182.611783 3.107707e-16 1e-20
6182.863 3.104153e-16 1e-20
6183.114217 3.100131e-16 1e-20
6183.365434 3.101505e-16 1e-20
6183.616651 3.092761e-16 1e-20
6183.867867 3.057603e-16 1e-20
6184.119084 3.024519e-16 1e-20
6184.370301 3.021957e-16 1e-20
6184.621518 3.048114e-16 1e-20
6184.872735 3.089163e-16 1e-20
6185.123952 3.114787e-16 1e-20
6185.375169 3.114542e-16 1e-20
6185.626386 3.103765e-16 1e-20
6185.877603 3.083798e-16 1e-20
6186.12882 3.049249e-16 1e-20
6186.380037 3.011175e-16 1e-20
6186.631254 2.984588e-16 1e-20
6186.882471 2.983322e-16 1e-20
6187.133688 3.00826e-16 1e-20
6187.384905 3.02202e-16 1e-20
6187.636122 3.002777e-16 1e-20
6187.887338 2.963289e-16 1e-20
6188.138555 2.930109e-16 1e-20
6188.389772 2.943336e-16 1e-20
6188.640989 2.984678e-16 1e-20
6188.892206 3.002512e-16 1e-20
6189.143423 2.989012e-16 1e-20
6189.39464 2.954796e-16 1e-20
6189.645857 2.924736e-16 1e-20
6189.897074 2.917561e-16 1e-20
6190.148291 2.918725e-16 1e-20
6190.399508 2.916419e-16 1e-20
6190.650725 2.911145e-16 1e-20
6190.901942 2.902962e-16 1e-20
6191.153159 2.891353e-16 1e-20
6191.404376 2.887461e-16 1e-20
6191.655593 2.906203e-16 1e-20
6191.906809 2.927913e-16 1e-20
6192.158026 2.927103e-16 1e-20
6192.409243 2.906199e-16 1e-20
6192.66046 2.878888e-16 1e-20
6192.911677 2.878006e-16 1e-20
6193.162894 2.910957e-16 1e-20
6193.414111 2.938381e-16 1e-20
6193.665328 2.937095e-16 1e-20
6193.916545 2.90248e-16 1e-20
6194.167762 2.850664e-16 1e-20
6194.418979 2.809238e-16 1e-20
6194.670196 2.789978e-16 1e-20
6194.921413 2.794364e-16 1e-20
6195.17263 2.805672e-16 1e-20
6195.423847 2.807058e-16 1e-20
6195.675064 2.794106e-16 1e-20
6195.92628 2.770247e-16 1e-20
6196.177497 2.747286e-16 1e-20
6196.428714 2.743443e-16 1e-20
6196.679931 2.781588e-16 1e-20
6196.931148 2.832051e-16 1e-20
6197.182365 2.842288e-16 1e-20
6197.433582 2.824868e-16 1e-20
6197.684799 2.808829e-16 1e-20
6197.936016 2.794204e-16 1e-20
6198.187233 2.782442e-16 1e-20
6198.43845 2.792507e-16 1e-20
6198.689667 2.819207e-16 1e-20
6198.940884 2.817111e-16 1e-20
6199.192101 2.785871e-16 1e-20
6199.443318 2.765956e-16 1e-20
6199.694535 2.764157e-16 1e-20
6199.945751 2.769817e-16 1e-20
6200.196968 2.778956e-16 1e-20
6200.448185 2.785554e-16 1e-20
6200.699402 2.758075e-16 1e-20
6200.950619 2.69351e-16 1e-20
6201.201836 2.676198e-16 1e-20
6201.453053 2.73107e-16 1e-20
6201.70427 2.783136e-16 1e-20
6201.955487 2.795003e-16 1e-20
6202.206704 2.763592e-16 1e-20
6202.457921 2.712896e-16 1e-20
6202.709138 2.679881e-16 1e-20
6202.960355 2.662025e-16 1e-20
6203.211572 2.647709e-16 1e-20
6203.462789 2.641056e-16 1e-20
6203.714006 2.645119e-16 1e-20
6203.965222 2.658805e-16 1e-20
6204.216439 2.677503e-16 1e-20
6204.467656 2.691462e-16 1e-20
6204.718873 2.699937e-16 1e-20
6204.97009 2.708889e-16 1e-20
6205.221307 2.720761e-16 1e-20
6205.472524 2.734732e-16 1e-20
6205.723741 2.719772e-16 1e-20
6205.974958 2.654201e-16 1e-20
6206.226175 2.583773e-16 1e-20
6206.477392 2.553679e-16 1e-20
6206.728609 2.587763e-16 1e-20
6206.979826 2.66447e-16 1e-20
6207.231043 2.698054e-16 1e-20
6207.48226 2.681782e-16 1e-20
6207.733477 2.674018e-16 1e-20
6207.984693 2.669161e-16 1e-20
6208.23591 2.639989e-16 1e-20
6208.487127 2.61641e-16 1e-20
6208.738344 2.627176e-16 1e-20
6208.989561 2.641512e-16 1e-20
6209.240778 2.635063e-16 1e-20
6209.491995 2.614978e-16 1e-20
6209.743212 2.597709e-16 1e-20
6209.994429 2.61225e-16 1e-20
6210.245646 2.64833e-16 1e-20
6210.496863 2.666278e-16 1e-20
6210.74808 2.664359e-16 1e-20
6210.999297 2.656862e-16 1e-20
6211.250514 2.653379e-16 1e-20
6211.501731 2.658306e-16 1e-20
6211.752948 2.65412e-16 1e-20
6212.004164 2.632192e-16 1e-20
6212.255381 2.609238e-16 1e-20
6212.506598 2.601553e-16 1e-20
6212.757815 2.623066e-16 1e-20
6213.009032 2.664465e-16 1e-20
6213.260249 2.700378e-16 1e-20
6213.511466 2.707184e-16 1e-20
6213.762683 2.670353e-16 1e-20
6214.0139 2.633506e-16 1e-20
6214.265117 2.637054e-16 1e-20
6214.516334 2.650854e-16 1e-20
6214.767551 2.650354e-16 1e-20
6215.018768 2.641986e-16 1e-20
6215.269985 2.634609e-16 1e-20
6215.521202 2.639857e-16 1e-20
6215.772419 2.660734e-16 1e-20
6216.023635 2.692337e-16 1e-20
6216.274852 2.724043e-16 1e-20
6216.526069 2.743596e-16 1e-20
6216.777286 2.739567e-16 1e-20
6217.028503 2.709364e-16 1e-20
6217.27972 2.6766e-16 1e-20
6217.530937 2.659288e-16 1e-20
6217.782154 2.65667e-16 1e-20
6218.033371 2.66131e-16 1e-20
6218.284588 2.657216e-16 1e-20
6218.535805 2.653438e-16 1e-20
6218.787022 2.674196e-16 1e-20
6219.038239 2.70366e-16 1e-20
6219.289456 2.714904e-16 1e-20
6219.540673 2.702814e-16 1e-20
6219.79189 2.674982e-16 1e-20
6220.043106 2.670398e-16 1e-20
6220.294323 2.699908e-16 1e-20
6220.54554 2.706618e-16 1e-20
6220.796757 2.683631e-16 1e-20
6221.047974 2.685247e-16 1e-20
6221.299191 2.708333e-16 1e-20
6221.550408 2.716558e-16 1e-20
6221.801625 2.711476e-16 1e-20
6222.052842 2.706801e-16 1e-20
6222.304059 2.720893e-16 1e-20
6222.555276 2.756964e-16 1e-20
6222.806493 2.759448e-16 1e-20
6223.05771 2.705961e-16 1e-20
6223.308927 2.647161e-16 1e-20
6223.560144 2.618607e-16 1e-20
6223.811361 2.63582e-16 1e-20
6224.062577 2.679379e-16 1e-20
6224.313794 2.70868e-16 1e-20
6224.565011 2.704498e-16 1e-20
6224.816228 2.664341e-16 1e-20
6225.067445 2.633049e-16 1e-20
6225.318662 2.645913e-16 1e-20
6225.569879 2.671632e-16 1e-20
6225.821096 2.688645e-16 1e-20
6226.072313 2.706347e-16 1e-20
6226.32353 2.727474e-16 1e-20
6226.574747 2.750637e-16 1e-20
6226.825964 2.759799e-16 1e-20
6227.077181 2.733539e-16 1e-20
6227.328398 2.705282e-16 1e-20
6227.579615 2.71637e-16 1e-20
6227.830832 2.74743e-16 1e-20
6228.082048 2.771597e-16 1e-20
6228.333265 2.77372e-16 1e-20
6228.584482 2.756892e-16 1e-20
6228.835699 2.75682e-16 1e-20
6229.086916 2.781974e-16 1e-20
6229.338133 2.811977e-16 1e-20
6229.58935 2.830639e-16 1e-20
6229.840567 2.82537e-16 1e-20
6230.091784 2.807717e-16 1e-20
6230.343001 2.794293e-16 1e-20
6230.594218 2.771922e-16 1e-20
6230.845435 2.735541e-16 1e-20
6231.096652 2.718531e-16 1e-20
6231.347869 2.737102e-16 1e-20
6231.599086 2.77482e-16 1e-20
6231.850303 2.813238e-16 1e-20
6232.101519 2.834067e-16 1e-20
6232.352736 2.829487e-16 1e-20
6232.603953 2.801019e-16 1e-20
6232.85517 2.774376e-16 1e-20
6233.106387 2.774983e-16 1e-20
6233.357604 2.783594e-16 1e-20
6233.608821 2.782637e-16 1e-20
6233.860038 2.785527e-16 1e-20
6234.111255 2.794453e-16 1e-20
6234.362472 2.790656e-16 1e-20
6234.613689 2.773758e-16 1e-20
6234.864906 2.758834e-16 1e-20
6235.116123 2.760109e-16 1e-20
6235.36734 2.788397e-16 1e-20
6235.618557 2.816004e-16 1e-20
6235.869774 2.814142e-16 1e-20
6236.12099 2.810961e-16 1e-20
6236.372207 2.829439e-16 1e-20
6236.623424 2.8525e-16 1e-20
6236.874641 2.868874e-16 1e-20
6237.125858 2.880489e-16 1e-20
6237.377075 2.884861e-16 1e-20
6237.628292 2.87676e-16 1e-20
6237.879509 2.865898e-16 1e-20
6238.130726 2.867199e-16 1e-20
6238.381943 2.877903e-16 1e-20
6238.63316 2.889645e-16 1e-20
6238.884377 2.89177e-16 1e-20
6239.135594 2.881296e-16 1e-20
6239.386811 2.878453e-16 1e-20
6239.638028 2.887671e-16 1e-20
6239.889245 2.88579e-16 1e-20
6240.140461 2.874475e-16 1e-20
6240.391678 2.875263e-16 1e-20
6240.642895 2.891511e-16 1e-20
6240.894112 2.917144e-16 1e-20
6241.145329 2.943065e-16 1e-20
6241.396546 2.959746e-16 1e-20
6241.647763 2.956699e-16 1e-20
6241.89898 2.937527e-16 1e-20
6242.150197 2.940209e-16 1e-20
6242.401414 2.976044e-16 1e-20
6242.652631 3.015841e-16 1e-20
6242.903848 3.036256e-16 1e-20
6243.155065 3.02029e-16 1e-20
6243.406282 2.990952e-16 1e-20
6243.657499 2.986418e-16 1e-20
6243.908716 3.004359e-16 1e-20
6244.159932 3.030709e-16 1e-20
6244.411149 3.05184e-16 1e-20
6244.662366 3.058976e-16 1e-20
6244.913583 3.056315e-16 1e-20
6245.1648 3.053116e-16 1e-20
6245.416017 3.065766e-16 1e-20
6245.667234 3.081899e-16 1e-20
6245.918451 3.067745e-16 1e-20
6246.169668 3.043616e-16 1e-20
6246.420885 3.04764e-16 1e-20
6246.672102 3.071186e-16 1e-20
6246.923319 3.093764e-16 1e-20
6247.174536 3.088759e-16 1e-20
6247.425753 3.054367e-16 1e-20
6247.67697 3.050244e-16 1e-20
6247.928187 3.094307e-16 1e-20
6248.179403 3.144727e-16 1e-20
6248.43062 3.17624e-16 1e-20
6248.681837 3.176407e-16 1e-20
6248.933054 3.162831e-16 1e-20
6249.184271 3.163129e-16 1e-20
6249.435488 3.160965e-16 1e-20
6249.686705 3.138492e-16 1e-20
6249.937922 3.112191e-16 1e-20
6250.189139 3.098088e-16 1e-20
6250.440356 3.102899e-16 1e-20
6250.691573 3.126393e-16 1e-20
6250.94279 3.158598e-16 1e-20
6251.194007 3.195524e-16 1e-20
6251.445224 3.237705e-16 1e-20
6251.696441 3.266925e-16 1e-20
6251.947658 3.263325e-16 1e-20
6252.198874 3.239295e-16 1e-20
6252.450091 3.214328e-16 1e-20
6252.701308 3.201815e-16 1e-20
6252.952525 3.208452e-16 1e-20
6253.203742 3.228383e-16 1e-20
6253.454959 3.251881e-16 1e-20
6253.706176 3.267633e-16 1e-20
6253.957393 3.268151e-16 1e-20
6254.20861 3.250113e-16 1e-20
6254.459827 3.238026e-16 1e-20
6254.711044 3.259764e-16 1e-20
6254.962261 3.285098e-16 1e-20
6255.213478 3.285627e-16 1e-20
6255.464695 3.287321e-16 1e-20
6255.715912 3.309854e-16 1e-20
6255.967129 3.350951e-16 1e-20
6256.218345 3.39583e-16 1e-20
6256.469562 3.415092e-16 1e-20
6256.720779 3.410164e-16 1e-20
6256.971996 3.403124e-16 1e-20
6257.223213 3.397942e-16 1e-20
6257.47443 3.392745e-16 1e-20
6257.725647 3.389979e-16 1e-20
6257.976864 3.391254e-16 1e-20
6258.228081 3.395842e-16 1e-20
6258.479298 3.401598e-16 1e-20
6258.730515 3.403937e-16 1e-20
6258.981732 3.40378e-16 1e-20
6259.232949 3.408459e-16 1e-20
6259.484166 3.416812e-16 1e-20
6259.735383 3.422805e-16 1e-20
6259.9866 3.42484e-16 1e-20
6260.237816 3.423661e-16 1e-20
6260.489033 3.42694e-16 1e-20
6260.74025 3.438761e-16 1e-20
6260.991467 3.444493e-16 1e-20
6261.242684 3.440538e-16 1e-20
6261.493901 3.44809e-16 1e-20
6261.745118 3.470865e-16 1e-20
6261.996335 3.492761e-16 1e-20
6262.247552 3.511497e-16 1e-20
6262.498769 3.532439e-16 1e-20
6262.749986 3.540148e-16 1e-20
6263.001203 3.520563e-16 1e-20
6263.25242 3.502307e-16 1e-20
6263.503637 3.512866e-16 1e-20
6263.754854 3.554246e-16 1e-20
6264.006071 3.610255e-16 1e-20
6264.257287 3.636109e-16 1e-20
6264.508504 3.625173e-16 1e-20
6264.759721 3.61228e-16 1e-20
6265.010938 3.609346e-16 1e-20
6265.262155 3.614943e-16 1e-20
6265.513372 3.627797e-16 1e-20
6265.764589 3.644467e-16 1e-20
6266.015806 3.656429e-16 1e-20
6266.267023 3.659665e-16 1e-20
6266.51824 3.667883e-16 1e-20
6266.769457 3.684244e-16 1e-20
6267.020674 3.688588e-16 1e-20
6267.271891 3.685319e-16 1e-20
6267.523108 3.703115e-16 1e-20
6267.774325 3.729055e-16 1e-20
6268.025542 3.731234e-16 1e-20
6268.276758 3.709992e-16 1e-20
6268.527975 3.679182e-16 1e-20
6268.779192 3.672682e-16 1e-20
6269.030409 3.707535e-16 1e-20
6269.281626 3.741922e-16 1e-20
6269.532843 3.75007e-16 1e-20
6269.78406 3.738579e-16 1e-20
6270.035277 3.735037e-16 1e-20
6270.286494 3.786278e-16 1e-20
6270.537711 3.857777e-16 1e-20
6270.788928 3.877882e-16 1e-20
6271.040145 3.841146e-16 1e-20
6271.291362 3.769694e-16 1e-20
6271.542579 3.714346e-16 1e-20
6271.793796 3.70953e-16 1e-20
6272.045013 3.723282e-16 1e-20
6272.296229 3.738549e-16 1e-20
6272.547446 3.774721e-16 1e-20
6272.798663 3.820622e-16 1e-20
6273.04988 3.839232e-16 1e-20
6273.301097 3.844382e-16 1e-20
6273.552314 3.870653e-16 1e-20
6273.803531 3.883783e-16 1e-20
6274.054748 3.846388e-16 1e-20
6274.305965 3.791532e-16 1e-20
6274.557182 3.758965e-16 1e-20
6274.808399 3.779197e-16 1e-20
6275.059616 3.847679e-16 1e-20
6275.310833 3.908356e-16 1e-20
6275.56205 3.927792e-16 1e-20
6275.813267 3.896374e-16 1e-20
6276.064484 3.833725e-16 1e-20
6276.3157 3.77393e-16 1e-20
6276.566917 3.725354e-16 1e-20
6276.818134 3.68714e-16 1e-20
6277.069351 3.65064e-16 1e-20
6277.320568 3.613864e-16 1e-20
6277.571785 3.600001e-16 1e-20
6277.823002 3.613269e-16 1e-20
6278.074219 3.62795e-16 1e-20
6278.325436 3.63783e-16 1e-20
6278.576653 3.652574e-16 1e-20
6278.82787 3.680511e-16 1e-20
6279.079087 3.727787e-16 1e-20
6279.330304 3.788829e-16 1e-20
6279.581521 3.852359e-16 1e-20
6279.832738 3.90485e-16 1e-20
6280.083955 3.931369e-16 1e-20
6280.335171 3.911682e-16 1e-20
6280.586388 3.853407e-16 1e-20
6280.837605 3.801336e-16 1e-20
6281.088822 3.777979e-16 1e-20
6281.340039 3.785181e-16 1e-20
6281.591256 3.816787e-16 1e-20
6281.842473 3.8602e-16 1e-20
6282.09369 3.899187e-16 1e-20
6282.344907 3.920817e-16 1e-20
6282.596124 3.92931e-16 1e-20
6282.847341 3.928299e-16 1e-20
6283.098558 3.910576e-16 1e-20
6283.349775 3.880642e-16 1e-20
6283.600992 3.857594e-16 1e-20
6283.852209 3.852317e-16 1e-20
6284.103426 3.868002e-16 1e-20
6284.354642 3.900067e-16 1e-20
6284.605859 3.938988e-16 1e-20
6284.857076 3.976524e-16 1e-20
6285.108293 4.004175e-16 1e-20
6285.35951 4.004904e-16 1e-20
6285.610727 3.980594e-16 1e-20
6285.861944 3.974228e-16 1e-20
6286.113161 4.0072e-16 1e-20
6286.364378 4.069583e-16 1e-20
6286.615595 4.141101e-16 1e-20
6286.866812 4.194322e-16 1e-20
6287.118029 4.224195e-16 1e-20
6287.369246 4.23646e-16 1e-20
6287.620463 4.226839e-16 1e-20
6287.87168 4.195824e-16 1e-20
6288.122897 4.163793e-16 1e-20
6288.374114 4.146332e-16 1e-20
6288.62533 4.142415e-16 1e-20
6288.876547 4.151978e-16 1e-20
6289.127764 4.177362e-16 1e-20
6289.378981 4.209327e-16 1e-20
6289.630198 4.232473e-16 1e-20
6289.881415 4.238539e-16 1e-20
6290.132632 4.226204e-16 1e-20
6290.383849 4.21419e-16 1e-20
6290.635066 4.221219e-16 1e-20
6290.886283 4.247847e-16 1e-20
6291.1375 4.288695e-16 1e-20
6291.388717 4.333812e-16 1e-20
6291.639934 4.367926e-16 1e-20
6291.891151 4.373231e-16 1e-20
6292.142368 4.345991e-16 1e-20
6292.393585 4.293848e-16 1e-20
6292.644801 4.26222e-16 1e-20
6292.896018 4.297537e-16 1e-20
6293.147235 4.370831e-16 1e-20
6293.398452 4.437645e-16 1e-20
6293.649669 4.46232e-16 1e-20
6293.900886 4.437623e-16 1e-20
6294.152103 4.414641e-16 1e-20
6294.40332 4.407521e-16 1e-20
6294.654537 4.383145e-16 1e-20
6294.905754 4.349038e-16 1e-20
6295.156971 4.334641e-16 1e-20
6295.408188 4.35534e-16 1e-20
6295.659405 4.41442e-16 1e-20
6295.910622 4.467961e-16 1e-20
6296.161839 4.483309e-16 1e-20
6296.413056 4.502829e-16 1e-20
6296.664272 4.550579e-16 1e-20
6296.915489 4.600447e-16 1e-20
6297.166706 4.637141e-16 1e-20
6297.417923 4.659355e-16 1e-20
6297.66914 4.655475e-16 1e-20
6297.920357 4.612425e-16 1e-20
6298.171574 4.566117e-16 1e-20
6298.422791 4.560323e-16 1e-20
6298.674008 4.571525e-16 1e-20
6298.925225 4.580687e-16 1e-20
6299.176442 4.635908e-16 1e-20
6299.427659 4.743489e-16 1e-20
6299.678876 4.828471e-16 1e-20
6299.930093 4.852636e-16 1e-20
6300.18131 4.816198e-16 1e-20
6300.432527 4.775258e-16 1e-20
6300.683743 4.811417e-16 1e-20
6300.93496 4.86633e-16 1e-20
6301.186177 4.853553e-16 1e-20
6301.437394 4.811212e-16 1e-20
6301.688611 4.785718e-16 1e-20
6301.939828 4.781286e-16 1e-20
6302.191045 4.78876e-16 1e-20
6302.442262 4.774204e-16 1e-20
6302.693479 4.746856e-16 1e-20
6302.944696 4.761072e-16 1e-20
6303.195913 4.803829e-16 1e-20
6303.44713 4.828052e-16 1e-20
6303.698347 4.833277e-16 1e-20
6303.949564 4.833584e-16 1e-20
6304.200781 4.844613e-16 1e-20
6304.451998 4.872568e-16 1e-20
6304.703214 4.891242e-16 1e-20
6304.954431 4.887583e-16 1e-20
6305.205648 4.876921e-16 1e-20
6305.456865 4.865305e-16 1e-20
6305.708082 4.849146e-16 1e-20
6305.959299 4.843048e-16 1e-20
6306.210516 4.867442e-16 1e-20
6306.461733 4.905727e-16 1e-20
6306.71295 4.935555e-16 1e-20
6306.964167 4.968801e-16 1e-20
6307.215384 5.016331e-16 1e-20
6307.466601 5.076307e-16 1e-20
6307.717818 5.129349e-16 1e-20
6307.969035 5.127019e-16 1e-20
6308.220252 5.075953e-16 1e-20
6308.471469 5.032889e-16 1e-20
6308.722685 5.01931e-16 1e-20
6308.973902 5.03542e-16 1e-20
6309.225119 5.063551e-16 1e-20
6309.476336 5.082048e-16 1e-20
6309.727553 5.084091e-16 1e-20
6309.97877 5.07443e-16 1e-20
6310.229987 5.084149e-16 1e-20
6310.481204 5.116533e-16 1e-20
6310.732421 5.12534e-16 1e-20
6310.983638 5.111328e-16 1e-20
6311.234855 5.11631e-16 1e-20
6311.486072 5.139085e-16 1e-20
6311.737289 5.159413e-16 1e-20
6311.988506 5.185681e-16 1e-20
6312.239723 5.22647e-16 1e-20
6312.49094 5.262244e-16 1e-20
6312.742156 5.273653e-16 1e-20
6312.993373 5.246651e-16 1e-20
6313.24459 5.197603e-16 1e-20
6313.495807 5.187256e-16 1e-20
6313.747024 5.223961e-16 1e-20
6313.998241 5.270133e-16 1e-20
6314.249458 5.306848e-16 1e-20
6314.500675 5.325065e-16 1e-20
6314.751892 5.308805e-16 1e-20
6315.003109 5.257303e-16 1e-20
6315.254326 5.236016e-16 1e-20
6315.505543 5.285248e-16 1e-20
6315.75676 5.361653e-16 1e-20
6316.007977 5.424955e-16 1e-20
6316.259194 5.446991e-16 1e-20
6316.510411 5.437463e-16 1e-20
6316.761627 5.43887e-16 1e-20
6317.012844 5.443544e-16 1e-20
6317.264061 5.426071e-16 1e-20
6317.515278 5.39747e-16 1e-20
6317.766495 5.380388e-16 1e-20
6318.017712 5.423673e-16 1e-20
6318.268929 5.530878e-16 1e-20
6318.520146 5.590854e-16 1e-20
6318.771363 5.558316e-16 1e-20
6319.02258 5.488782e-16 1e-20
6319.273797 5.425555e-16 1e-20
6319.525014 5.401142e-16 1e-20
6319.776231 4.576116e-16 1e-20
6320.027448 4.84689e-16 1e-20
6320.278665 5.351662e-16 1e-20
6320.529882 5.718425e-16 1e-20
6320.781098 5.806165e-16 1e-20
6321.032315 5.79119e-16 1e-20
6321.283532 5.762082e-16 1e-20
6321.534749 5.732108e-16 1e-20
6321.785966 5.741778e-16 1e-20
6322.037183 5.763585e-16 1e-20
6322.2884 5.756313e-16 1e-20
6322.539617 5.754516e-16 1e-20
6322.790834 5.784103e-16 1e-20
6323.042051 5.783526e-16 1e-20
6323.293268 5.727302e-16 1e-20
6323.544485 5.730971e-16 1e-20
6323.795702 5.851875e-16 1e-20
6324.046919 5.953909e-16 1e-20
6324.298136 5.947047e-16 1e-20
6324.549353 5.894809e-16 1e-20
6324.800569 5.857489e-16 1e-20
6325.051786 5.86042e-16 1e-20
6325.303003 5.918532e-16 1e-20
6325.55422 5.992205e-16 1e-20
6325.805437 6.001084e-16 1e-20
6326.056654 5.957787e-16 1e-20
6326.307871 5.962709e-16 1e-20
6326.559088 6.030899e-16 1e-20
6326.810305 6.10855e-16 1e-20
6327.061522 6.157494e-16 1e-20
6327.312739 6.149146e-16 1e-20
6327.563956 6.113074e-16 1e-20
6327.815173 6.105764e-16 1e-20
6328.06639 6.131007e-16 1e-20
6328.317607 6.173578e-16 1e-20
6328.568824 6.215413e-16 1e-20
6328.82004 6.227926e-16 1e-20
6329.071257 6.189789e-16 1e-20
6329.322474 6.121863e-16 1e-20
6329.573691 6.113959e-16 1e-20
6329.824908 6.197798e-16 1e-20
6330.076125 6.276903e-16 1e-20
6330.327342 6.27805e-16 1e-20
6330.578559 6.21549e-16 1e-20
6330.829776 6.158344e-16 1e-20
6331.080993 6.164204e-16 1e-20
6331.33221 6.193853e-16 1e-20
6331.583427 6.20582e-16 1e-20
6331.834644 6.256724e-16 1e-20
6332.085861 6.351403e-16 1e-20
6332.337078 6.383674e-16 1e-20
6332.588295 6.345201e-16 1e-20
6332.839511 6.331159e-16 1e-20
6333.090728 6.345107e-16 1e-20
6333.341945 6.334852e-16 1e-20
6333.593162 6.304437e-16 1e-20
6333.844379 6.284853e-16 1e-20
6334.095596 6.297249e-16 1e-20
6334.346813 6.340183e-16 1e-20
6334.59803 6.377258e-16 1e-20
6334.849247 6.380184e-16 1e-20
6335.100464 6.369463e-16 1e-20
6335.351681 6.374534e-16 1e-20
6335.602898 6.391958e-16 1e-20
6335.854115 6.39935e-16 1e-20
6336.105332 6.386086e-16 1e-20
6336.356549 6.368798e-16 1e-20
6336.607766 6.36723e-16 1e-20
6336.858982 6.38911e-16 1e-20
6337.110199 6.431457e-16 1e-20
6337.361416 6.478059e-16 1e-20
6337.612633 6.510598e-16 1e-20
6337.86385 6.505912e-16 1e-20
6338.115067 6.467242e-16 1e-20
6338.366284 6.455512e-16 1e-20
6338.617501 6.508862e-16 1e-20
6338.868718 6.563069e-16 1e-20
6339.119935 6.553447e-16 1e-20
6339.371152 6.517066e-16 1e-20
6339.622369 6.500411e-16 1e-20
6339.873586 6.512894e-16 1e-20
6340.124803 6.553556e-16 1e-20
6340.37602 6.608965e-16 1e-20
6340.627237 6.671985e-16 1e-20
6340.878453 6.690874e-16 1e-20
6341.12967 6.610042e-16 1e-20
6341.380887 6.52601e-16 1e-20
6341.632104 6.552382e-16 1e-20
6341.883321 6.646385e-16 1e-20
6342.134538 6.739446e-16 1e-20
6342.385755 6.805774e-16 1e-20
6342.636972 6.820326e-16 1e-20
6342.888189 6.793434e-16 1e-20
6343.139406 6.754455e-16 1e-20
6343.390623 6.694169e-16 1e-20
6343.64184 6.620065e-16 1e-20
6343.893057 6.573429e-16 1e-20
6344.144274 6.56521e-16 1e-20
6344.395491 6.599012e-16 1e-20
6344.646708 6.668776e-16 1e-20
6344.897924 6.730349e-16 1e-20
6345.149141 6.735259e-16 1e-20
6345.400358 6.679465e-16 1e-20
6345.651575 6.611552e-16 1e-20
6345.902792 6.577252e-16 1e-20
6346.154009 6.580621e-16 1e-20
6346.405226 6.612977e-16 1e-20
6346.656443 6.672076e-16 1e-20
6346.90766 6.735818e-16 1e-20
6347.158877 6.775177e-16 1e-20
6347.410094 6.785695e-16 1e-20
6347.661311 6.77751e-16 1e-20
6347.912528 6.767868e-16 1e-20
6348.163745 6.766469e-16 1e-20
6348.414962 6.781932e-16 1e-20
6348.666179 6.836356e-16 1e-20
6348.917395 6.916889e-16 1e-20
6349.168612 6.963481e-16 1e-20
6349.419829 6.948992e-16 1e-20
6349.671046 6.909254e-16 1e-20
6349.922263 6.876011e-16 1e-20
6350.17348 6.856576e-16 1e-20
6350.424697 6.848904e-16 1e-20
6350.675914 6.831762e-16 1e-20
6350.927131 6.799726e-16 1e-20
6351.178348 6.783655e-16 1e-20
6351.429565 6.799063e-16 1e-20
6351.680782 6.839051e-16 1e-20
6351.931999 6.89073e-16 1e-20
6352.183216 6.925636e-16 1e-20
6352.434433 6.92941e-16 1e-20
6352.68565 6.915742e-16 1e-20
6352.936866 6.902382e-16 1e-20
6353.188083 6.88547e-16 1e-20
6353.4393 6.869221e-16 1e-20
6353.690517 6.893652e-16 1e-20
6353.941734 6.958223e-16 1e-20
6354.192951 7.013156e-16 1e-20
6354.444168 7.038115e-16 1e-20
6354.695385 7.041341e-16 1e-20
6354.946602 7.03335e-16 1e-20
6355.197819 7.009747e-16 1e-20
6355.449036 6.957915e-16 1e-20
6355.700253 6.928663e-16 1e-20
6355.95147 6.967033e-16 1e-20
6356.202687 7.015745e-16 1e-20
6356.453904 7.030861e-16 1e-20
6356.705121 7.01054e-16 1e-20
6356.956337 6.991559e-16 1e-20
6357.207554 7.059913e-16 1e-20
6357.458771 7.147389e-16 1e-20
6357.709988 7.116943e-16 1e-20
6357.961205 7.031929e-16 1e-20
6358.212422 7.015571e-16 1e-20
6358.463639 7.097133e-16 1e-20
6358.714856 7.22096e-16 1e-20
6358.966073 7.261692e-16 1e-20
6359.21729 7.201118e-16 1e-20
6359.468507 7.145446e-16 1e-20
6359.719724 7.148287e-16 1e-20
6359.970941 7.224685e-16 1e-20
6360.222158 7.326298e-16 1e-20
6360.473375 7.360334e-16 1e-20
6360.724592 7.346063e-16 1e-20
6360.975808 7.347116e-16 1e-20
6361.227025 7.359511e-16 1e-20
6361.478242 7.358778e-16 1e-20
6361.729459 7.345976e-16 1e-20
6361.980676 7.335248e-16 1e-20
6362.231893 7.321696e-16 1e-20
6362.48311 7.296298e-16 1e-20
6362.734327 7.281961e-16 1e-20
6362.985544 7.305839e-16 1e-20
6363.236761 7.359251e-16 1e-20
6363.487978 7.399498e-16 1e-20
6363.739195 7.399871e-16 1e-20
6363.990412 7.375435e-16 1e-20
6364.241629 7.358837e-16 1e-20
6364.492846 7.381691e-16 1e-20
6364.744063 7.436157e-16 1e-20
6364.995279 7.480498e-16 1e-20
6365.246496 7.495109e-16 1e-20
6365.497713 7.486324e-16 1e-20
6365.74893 7.462113e-16 1e-20
6366.000147 7.434181e-16 1e-20
6366.251364 7.429896e-16 1e-20
6366.502581 7.466652e-16 1e-20
6366.753798 7.515846e-16 1e-20
6367.005015 7.532584e-16 1e-20
6367.256232 7.52177e-16 1e-20
6367.507449 7.525068e-16 1e-20
6367.758666 7.546516e-16 1e-20
6368.009883 7.564758e-16 1e-20
6368.2611 7.595022e-16 1e-20
6368.512317 7.632494e-16 1e-20
6368.763534 7.628013e-16 1e-20
6369.01475 7.600105e-16 1e-20
6369.265967 7.601241e-16 1e-20
6369.517184 7.605768e-16 1e-20
6369.768401 7.581983e-16 1e-20
6370.019618 7.551294e-16 1e-20
6370.270835 7.536718e-16 1e-20
6370.522052 7.536442e-16 1e-20
6370.773269 7.536587e-16 1e-20
6371.024486 7.551649e-16 1e-20
6371.275703 7.583125e-16 1e-20
6371.52692 7.586563e-16 1e-20
6371.778137 7.559076e-16 1e-20
6372.029354 7.53259e-16 1e-20
6372.280571 7.542065e-16 1e-20
6372.531788 7.620106e-16 1e-20
6372.783005 7.716383e-16 1e-20
6373.034221 7.736678e-16 1e-20
6373.285438 7.670659e-16 1e-20
6373.536655 7.602046e-16 1e-20
6373.787872 7.607942e-16 1e-20
6374.039089 7.661346e-16 1e-20
6374.290306 7.701255e-16 1e-20
6374.541523 7.729291e-16 1e-20
6374.79274 7.759828e-16 1e-20
6375.043957 7.781006e-16 1e-20
6375.295174 7.782507e-16 1e-20
6375.546391 7.751186e-16 1e-20
6375.797608 7.684155e-16 1e-20
6376.048825 7.628521e-16 1e-20
6376.300042 7.622812e-16 1e-20
6376.551259 7.640102e-16 1e-20
6376.802476 7.664228e-16 1e-20
6377.053692 7.707478e-16 1e-20
6377.304909 7.753042e-16 1e-20
6377.556126 7.790072e-16 1e-20
6377.807343 7.822511e-16 1e-20
6378.05856 7.833958e-16 1e-20
6378.309777 7.808953e-16 1e-20
6378.560994 7.761674e-16 1e-20
6378.812211 7.722136e-16 1e-20
6379.063428 7.707161e-16 1e-20
6379.314645 7.723004e-16 1e-20
6379.565862 7.764223e-16 1e-20
6379.817079 7.806905e-16 1e-20
6380.068296 7.848322e-16 1e-20
6380.319513 7.907834e-16 1e-20
6380.57073 7.955147e-16 1e-20
6380.821947 7.954836e-16 1e-20
6381.073163 7.928873e-16 1e-20
6381.32438 7.882241e-16 1e-20
6381.575597 7.803708e-16 1e-20
6381.826814 7.749661e-16 1e-20
6382.078031 7.791616e-16 1e-20
6382.329248 7.889783e-16 1e-20
6382.580465 7.963761e-16 1e-20
6382.831682 7.990962e-16 1e-20
6383.082899 7.977374e-16 1e-20
6383.334116 7.960558e-16 1e-20
6383.585333 7.966642e-16 1e-20
6383.83655 7.976384e-16 1e-20
6384.087767 7.972608e-16 1e-20
6384.338984 7.948432e-16 1e-20
6384.590201 7.903185e-16 1e-20
6384.841418 7.85733e-16 1e-20
6385.092634 7.848748e-16 1e-20
6385.343851 7.875168e-16 1e-20
6385.595068 7.88992e-16 1e-20
6385.846285 7.897293e-16 1e-20
6386.097502 7.914808e-16 1e-20
6386.348719 7.898687e-16 1e-20
6386.599936 7.862714e-16 1e-20
6386.851153 7.87773e-16 1e-20
6387.10237 7.928102e-16 1e-20
6387.353587 7.96791e-16 1e-20
6387.604804 8.000841e-16 1e-20
6387.856021 8.024842e-16 1e-20
6388.107238 8.024937e-16 1e-20
6388.358455 8.036366e-16 1e-20
6388.609672 8.093057e-16 1e-20
6388.860889 8.139671e-16 1e-20
6389.112105 8.133261e-16 1e-20
6389.363322 8.109664e-16 1e-20
6389.614539 8.077909e-16 1e-20
6389.865756 8.043486e-16 1e-20
6390.116973 8.047707e-16 1e-20
6390.36819 8.070206e-16 1e-20
6390.619407 8.054151e-16 1e-20
6390.870624 8.004203e-16 1e-20
6391.121841 7.997572e-16 1e-20
6391.373058 8.064888e-16 1e-20
6391.624275 8.097263e-16 1e-20
6391.875492 8.048451e-16 1e-20
6392.126709 8.018586e-16 1e-20
6392.377926 8.041277e-16 1e-20
6392.629143 8.067764e-16 1e-20
6392.88036 8.083426e-16 1e-20
6393.131576 8.096241e-16 1e-20
6393.382793 8.10469e-16 1e-20
6393.63401 8.102523e-16 1e-20
6393.885227 8.097002e-16 1e-20
6394.136444 8.11925e-16 1e-20
6394.387661 8.17407e-16 1e-20
6394.638878 8.220197e-16 1e-20
6394.890095 8.232802e-16 1e-20
6395.141312 8.217639e-16 1e-20
6395.392529 8.184365e-16 1e-20
6395.643746 8.150177e-16 1e-20
6395.894963 8.133168e-16 1e-20
6396.14618 8.129472e-16 1e-20
6396.397397 8.126006e-16 1e-20
6396.648614 8.132545e-16 1e-20
6396.899831 8.160207e-16 1e-20
6397.151047 8.192693e-16 1e-20
6397.402264 8.21505e-16 1e-20
6397.653481 8.222748e-16 1e-20
6397.904698 8.22503e-16 1e-20
6398.155915 8.250232e-16 1e-20
6398.407132 8.292158e-16 1e-20
6398.658349 8.317652e-16 1e-20
6398.909566 8.322741e-16 1e-20
6399.160783 8.300648e-16 1e-20
6399.412 8.246954e-16 1e-20
6399.663217 8.197683e-16 1e-20
6399.914434 8.18003e-16 1e-20
6400.165651 8.190596e-16 1e-20
6400.416868 8.202377e-16 1e-20
6400.668085 8.202907e-16 1e-20
6400.919302 8.22643e-16 1e-20
6401.170518 8.265333e-16 1e-20
6401.421735 8.277215e-16 1e-20
6401.672952 8.270534e-16 1e-20
6401.924169 8.267647e-16 1e-20
6402.175386 8.249198e-16 1e-20
6402.426603 8.2104e-16 1e-20
6402.67782 8.219722e-16 1e-20
6402.929037 8.297644e-16 1e-20
6403.180254 8.362777e-16 1e-20
6403.431471 8.371176e-16 1e-20
6403.682688 8.345655e-16 1e-20
6403.933905 8.336842e-16 1e-20
6404.185122 8.378712e-16 1e-20
6404.436339 8.414148e-16 1e-20
6404.687556 8.381886e-16 1e-20
6404.938773 8.319341e-16 1e-20
6405.18999 8.275203e-16 1e-20
6405.441206 8.268462e-16 1e-20
6405.692423 8.29506e-16 1e-20
6405.94364 8.305725e-16 1e-20
6406.194857 8.286575e-16 1e-20
6406.446074 8.27648e-16 1e-20
6406.697291 8.280198e-16 1e-20
6406.948508 8.279211e-16 1e-20
6407.199725 8.281884e-16 1e-20
6407.450942 8.307159e-16 1e-20
6407.702159 8.331895e-16 1e-20
6407.953376 8.315254e-16 1e-20
6408.204593 8.291344e-16 1e-20
6408.45581 8.306358e-16 1e-20
6408.707027 8.319868e-16 1e-20
6408.958244 8.305825e-16 1e-20
6409.209461 8.290851e-16 1e-20
6409.460677 8.300087e-16 1e-20
6409.711894 8.366795e-16 1e-20
6409.963111 8.434126e-16 1e-20
6410.214328 8.406138e-16 1e-20
6410.465545 8.351907e-16 1e-20
6410.716762 8.356594e-16 1e-20
6410.967979 8.374195e-16 1e-20
6411.219196 8.370464e-16 1e-20
6411.470413 8.358142e-16 1e-20
6411.72163 8.3541e-16 1e-20
6411.972847 8.372405e-16 1e-20
6412.224064 8.389668e-16 1e-20
6412.475281 8.380477e-16 1e-20
6412.726498 8.347527e-16 1e-20
6412.977715 8.301379e-16 1e-20
6413.228932 8.286732e-16 1e-20
6413.480148 8.332934e-16 1e-20
6413.731365 8.381713e-16 1e-20
6413.982582 8.389276e-16 1e-20
6414.233799 8.374029e-16 1e-20
6414.485016 8.357492e-16 1e-20
6414.736233 8.368659e-16 1e-20
6414.98745 8.410897e-16 1e-20
6415.238667 8.453019e-16 1e-20
6415.489884 8.473593e-16 1e-20
6415.741101 8.468105e-16 1e-20
6415.992318 8.440973e-16 1e-20
6416.243535 8.402235e-16 1e-20
6416.494752 8.378427e-16 1e-20
6416.745969 8.379388e-16 1e-20
6416.997186 8.360647e-16 1e-20
6417.248403 8.304859e-16 1e-20
6417.499619 8.271974e-16 1e-20
6417.750836 8.287044e-16 1e-20
6418.002053 8.314465e-16 1e-20
6418.25327 8.344693e-16 1e-20
6418.504487 8.375352e-16 1e-20
6418.755704 8.372841e-16 1e-20
6419.006921 8.335552e-16 1e-20
6419.258138 8.32871e-16 1e-20
6419.509355 8.368229e-16 1e-20
6419.760572 8.389452e-16 1e-20
6420.011789 8.37769e-16 1e-20
6420.263006 8.364682e-16 1e-20
6420.514223 8.361811e-16 1e-20
6420.76544 8.371905e-16 1e-20
6421.016657 8.380349e-16 1e-20
6421.267874 8.364766e-16 1e-20
6421.51909 8.363829e-16 1e-20
6421.770307 8.42512e-16 1e-20
6422.021524 8.514646e-16 1e-20
6422.272741 8.577863e-16 1e-20
6422.523958 8.580054e-16 1e-20
6422.775175 8.51227e-16 1e-20
6423.026392 8.408997e-16 1e-20
6423.277609 8.348559e-16 1e-20
6423.528826 8.385111e-16 1e-20
6423.780043 8.442859e-16 1e-20
6424.03126 8.446407e-16 1e-20
6424.282477 8.444182e-16 1e-20
6424.533694 8.457735e-16 1e-20
6424.784911 8.433144e-16 1e-20
6425.036128 8.379085e-16 1e-20
6425.287345 8.373159e-16 1e-20
6425.538561 8.410632e-16 1e-20
6425.789778 8.404016e-16 1e-20
6426.040995 8.347616e-16 1e-20
6426.292212 8.311985e-16 1e-20
6426.543429 8.326758e-16 1e-20
6426.794646 8.374618e-16 1e-20
6427.045863 8.437885e-16 1e-20
6427.29708 8.494137e-16 1e-20
6427.548297 8.497086e-16 1e-20
6427.799514 8.447103e-16 1e-20
6428.050731 8.400694e-16 1e-20
6428.301948 8.396411e-16 1e-20
6428.553165 8.450912e-16 1e-20
6428.804382 8.506201e-16 1e-20
6429.055599 8.495091e-16 1e-20
6429.306816 8.458908e-16 1e-20
6429.558032 8.444237e-16 1e-20
6429.809249 8.450464e-16 1e-20
6430.060466 8.472227e-16 1e-20
6430.311683 8.496148e-16 1e-20
6430.5629 8.495902e-16 1e-20
6430.814117 8.458548e-16 1e-20
6431.065334 8.39771e-16 1e-20
6431.316551 8.326875e-16 1e-20
6431.567768 8.302156e-16 1e-20
6431.818985 8.365576e-16 1e-20
6432.070202 8.459527e-16 1e-20
6432.321419 8.5199e-16 1e-20
6432.572636 8.508305e-16 1e-20
6432.823853 8.431283e-16 1e-20
6433.07507 8.341659e-16 1e-20
6433.326287 8.296141e-16 1e-20
6433.577503 8.377483e-16 1e-20
6433.82872 8.519916e-16 1e-20
6434.079937 8.554761e-16 1e-20
6434.331154 8.500997e-16 1e-20
6434.582371 8.45085e-16 1e-20
6434.833588 8.437179e-16 1e-20
6435.084805 8.470099e-16 1e-20
6435.336022 8.512081e-16 1e-20
6435.587239 8.532109e-16 1e-20
6435.838456 8.546831e-16 1e-20
6436.089673 8.564017e-16 1e-20
6436.34089 8.5634e-16 1e-20
6436.592107 8.555197e-16 1e-20
6436.843324 8.551862e-16 1e-20
6437.094541 8.528164e-16 1e-20
6437.345758 8.497562e-16 1e-20
6437.596974 8.472212e-16 1e-20
6437.848191 8.437815e-16 1e-20
6438.099408 8.458605e-16 1e-20
6438.350625 8.558281e-16 1e-20
6438.601842 8.627509e-16 1e-20
6438.853059 8.619037e-16 1e-20
6439.104276 8.569208e-16 1e-20
6439.355493 8.512743e-16 1e-20
6439.60671 8.485075e-16 1e-20
6439.857927 8.478678e-16 1e-20
6440.109144 8.474716e-16 1e-20
6440.360361 8.489368e-16 1e-20
6440.611578 8.511903e-16 1e-20
6440.862795 8.520347e-16 1e-20
6441.114012 8.540001e-16 1e-20
6441.365229 8.574489e-16 1e-20
6441.616445 8.58012e-16 1e-20
6441.867662 8.540707e-16 1e-20
6442.118879 8.495139e-16 1e-20
6442.370096 8.476176e-16 1e-20
6442.621313 8.474659e-16 1e-20
6442.87253 8.480247e-16 1e-20
6443.123747 8.477027e-16 1e-20
6443.374964 8.457546e-16 1e-20
6443.626181 8.46428e-16 1e-20
6443.877398 8.511318e-16 1e-20
6444.128615 8.544939e-16 1e-20
6444.379832 8.542688e-16 1e-20
6444.631049 8.524927e-16 1e-20
6444.882266 8.513163e-16 1e-20
6445.133483 8.533637e-16 1e-20
6445.3847 8.560623e-16 1e-20
6445.635916 8.549163e-16 1e-20
6445.887133 8.519068e-16 1e-20
6446.13835 8.49466e-16 1e-20
6446.389567 8.480219e-16 1e-20
6446.640784 8.480222e-16 1e-20
6446.892001 8.47441e-16 1e-20
6447.143218 8.470277e-16 1e-20
6447.394435 8.511541e-16 1e-20
6447.645652 8.578001e-16 1e-20
6447.896869 8.618915e-16 1e-20
6448.148086 8.623778e-16 1e-20
6448.399303 8.596605e-16 1e-20
6448.65052 8.542213e-16 1e-20
6448.901737 8.476262e-16 1e-20
6449.152954 8.43793e-16 1e-20
6449.404171 8.455966e-16 1e-20
6449.655387 8.524524e-16 1e-20
6449.906604 8.605135e-16 1e-20
6450.157821 8.643243e-16 1e-20
6450.409038 8.615742e-16 1e-20
6450.660255 8.545988e-16 1e-20
6450.911472 8.494943e-16 1e-20
6451.162689 8.489652e-16 1e-20
6451.413906 8.500315e-16 1e-20
6451.665123 8.493437e-16 1e-20
6451.91634 8.44809e-16 1e-20
6452.167557 8.393445e-16 1e-20
6452.418774 8.394052e-16 1e-20
6452.669991 8.443378e-16 1e-20
6452.921208 8.487175e-16 1e-20
6453.172425 8.49835e-16 1e-20
6453.423642 8.467239e-16 1e-20
6453.674858 8.417978e-16 1e-20
6453.926075 8.390328e-16 1e-20
6454.177292 8.393965e-16 1e-20
6454.428509 8.416938e-16 1e-20
6454.679726 8.472338e-16 1e-20
6454.930943 8.541916e-16 1e-20
6455.18216 8.528567e-16 1e-20
6455.433377 8.44808e-16 1e-20
6455.684594 8.412777e-16 1e-20
6455.935811 8.427356e-16 1e-20
6456.187028 8.441847e-16 1e-20
6456.438245 8.425988e-16 1e-20
6456.689462 8.373609e-16 1e-20
6456.940679 8.330777e-16 1e-20
6457.191896 8.331742e-16 1e-20
6457.443113 8.36444e-16 1e-20
6457.694329 8.407287e-16 1e-20
6457.945546 8.429474e-16 1e-20
6458.196763 8.437407e-16 1e-20
6458.44798 8.450381e-16 1e-20
6458.699197 8.448912e-16 1e-20
6458.950414 8.44066e-16 1e-20
6459.201631 8.456342e-16 1e-20
6459.452848 8.488424e-16 1e-20
6459.704065 8.50104e-16 1e-20
6459.955282 8.470537e-16 1e-20
6460.206499 8.406966e-16 1e-20
6460.457716 8.370819e-16 1e-20
6460.708933 8.427366e-16 1e-20
6460.96015 8.491291e-16 1e-20
6461.211367 8.419728e-16 1e-20
6461.462584 8.409284e-16 1e-20
6461.7138 8.39882e-16 1e-20
6461.965017 8.388376e-16 1e-20
6462.216234 8.377913e-16 1e-20
6462.467451 8.367469e-16 1e-20
6462.718668 8.357005e-16 1e-20
6462.969885 8.346562e-16 1e-20
6463.221102 8.336098e-16 1e-20
6463.472319 8.325655e-16 1e-20
6463.723536 8.315191e-16 1e-20
6463.974753 8.304747e-16 1e-20
6464.22597 8.315325e-16 1e-20
6464.477187 8.300015e-16 1e-20
6464.728404 8.315885e-16 1e-20
6464.979621 8.378508e-16 1e-20
6465.230838 8.445249e-16 1e-20
6465.482055 8.475933e-16 1e-20
6465.733271 8.486125e-16 1e-20
6465.984488 8.478716e-16 1e-20
6466.235705 8.43935e-16 1e-20
6466.486922 8.387329e-16 1e-20
6466.738139 8.357791e-16 1e-20
6466.989356 8.34796e-16 1e-20
6467.240573 8.341263e-16 1e-20
6467.49179 8.325971e-16 1e-20
6467.743007 8.292963e-16 1e-20
6467.994224 8.266426e-16 1e-20
6468.245441 8.26646e-16 1e-20
6468.496658 8.279483e-16 1e-20
6468.747875 8.30696e-16 1e-20
6468.999092 8.362557e-16 1e-20
6469.250309 8.414902e-16 1e-20
6469.501526 8.422573e-16 1e-20
6469.752742 8.403862e-16 1e-20
6470.003959 8.382683e-16 1e-20
6470.255176 8.370978e-16 1e-20
6470.506393 8.377215e-16 1e-20
6470.75761 8.353258e-16 1e-20
6471.008827 8.282383e-16 1e-20
6471.260044 8.234459e-16 1e-20
6471.511261 8.248832e-16 1e-20
6471.762478 8.325412e-16 1e-20
6472.013695 8.404755e-16 1e-20
6472.264912 8.393312e-16 1e-20
6472.516129 8.318351e-16 1e-20
6472.767346 8.249147e-16 1e-20
6473.018563 8.212272e-16 1e-20
6473.26978 8.234291e-16 1e-20
6473.520997 8.304856e-16 1e-20
6473.772213 8.36613e-16 1e-20
6474.02343 8.353395e-16 1e-20
6474.274647 8.271594e-16 1e-20
6474.525864 8.190156e-16 1e-20
6474.777081 8.157205e-16 1e-20
6475.028298 8.182992e-16 1e-20
6475.279515 8.220585e-16 1e-20
6475.530732 8.223873e-16 1e-20
6475.781949 8.238137e-16 1e-20
6476.033166 8.295507e-16 1e-20
6476.284383 8.311475e-16 1e-20
6476.5356 8.257209e-16 1e-20
6476.786817 8.247588e-16 1e-20
6477.038034 8.301155e-16 1e-20
6477.289251 8.316137e-16 1e-20
6477.540468 8.282771e-16 1e-20
6477.791684 8.235715e-16 1e-20
6478.042901 8.212833e-16 1e-20
6478.294118 8.262741e-16 1e-20
6478.545335 8.332735e-16 1e-20
6478.796552 8.352695e-16 1e-20
6479.047769 8.32741e-16 1e-20
6479.298986 8.274664e-16 1e-20
6479.550203 8.217437e-16 1e-20
6479.80142 8.166457e-16 1e-20
6480.052637 8.112456e-16 1e-20
6480.303854 8.088687e-16 1e-20
6480.555071 8.143318e-16 1e-20
6480.806288 8.237266e-16 1e-20
6481.057505 8.306414e-16 1e-20
6481.308722 8.324049e-16 1e-20
6481.559939 8.290609e-16 1e-20
6481.811155 8.263841e-16 1e-20
6482.062372 8.27792e-16 1e-20
6482.313589 8.298988e-16 1e-20
6482.564806 8.300657e-16 1e-20
6482.816023 8.283061e-16 1e-20
6483.06724 8.26672e-16 1e-20
6483.318457 8.2679e-16 1e-20
6483.569674 8.258049e-16 1e-20
6483.820891 8.21357e-16 1e-20
6484.072108 8.197102e-16 1e-20
6484.323325 8.251113e-16 1e-20
6484.574542 8.299575e-16 1e-20
6484.825759 8.305311e-16 1e-20
6485.076976 8.323496e-16 1e-20
6485.328193 8.356378e-16 1e-20
6485.57941 8.35457e-16 1e-20
6485.830626 8.324222e-16 1e-20
6486.081843 8.30062e-16 1e-20
6486.33306 8.293423e-16 1e-20
6486.584277 8.300636e-16 1e-20
6486.835494 8.290523e-16 1e-20
6487.086711 8.25457e-16 1e-20
6487.337928 8.247155e-16 1e-20
6487.589145 8.281537e-16 1e-20
6487.840362 8.332523e-16 1e-20
6488.091579 8.374464e-16 1e-20
6488.342796 8.368677e-16 1e-20
6488.594013 8.339558e-16 1e-20
6488.84523 8.330881e-16 1e-20
6489.096447 8.323449e-16 1e-20
6489.347664 8.297311e-16 1e-20
6489.598881 8.258569e-16 1e-20
6489.850097 8.218162e-16 1e-20
6490.101314 8.204803e-16 1e-20
6490.352531 8.222668e-16 1e-20
6490.603748 8.20728e-16 1e-20
6490.854965 8.153392e-16 1e-20
6491.106182 8.141085e-16 1e-20
6491.357399 8.202199e-16 1e-20
6491.608616 8.316432e-16 1e-20
6491.859833 8.402665e-16 1e-20
6492.11105 8.398001e-16 1e-20
6492.362267 8.324945e-16 1e-20
6492.613484 8.216086e-16 1e-20
6492.864701 8.160683e-16 1e-20
6493.115918 8.204961e-16 1e-20
6493.367135 8.269477e-16 1e-20
6493.618352 8.311027e-16 1e-20
6493.869568 8.336056e-16 1e-20
6494.120785 8.336308e-16 1e-20
6494.372002 8.301858e-16 1e-20
6494.623219 8.261316e-16 1e-20
6494.874436 8.242905e-16 1e-20
6495.125653 8.203971e-16 1e-20
6495.37687 8.131219e-16 1e-20
6495.628087 8.12256e-16 1e-20
6495.879304 8.197214e-16 1e-20
6496.130521 8.246882e-16 1e-20
6496.381738 8.23992e-16 1e-20
6496.632955 8.216904e-16 1e-20
6496.884172 8.204722e-16 1e-20
6497.135389 8.216771e-16 1e-20
6497.386606 8.231864e-16 1e-20
6497.637823 8.216539e-16 1e-20
6497.889039 8.162943e-16 1e-20
6498.140256 8.101003e-16 1e-20
6498.391473 8.11054e-16 1e-20
6498.64269 8.185979e-16 1e-20
6498.893907 8.207721e-16 1e-20
6499.145124 8.160423e-16 1e-20
6499.396341 8.109476e-16 1e-20
6499.647558 8.104819e-16 1e-20
6499.898775 8.184022e-16 1e-20
6500.149992 8.277811e-16 1e-20
6500.401209 8.296601e-16 1e-20
6500.652426 8.252822e-16 1e-20
6500.903643 8.18709e-16 1e-20
6501.15486 8.147867e-16 1e-20
6501.406077 8.143056e-16 1e-20
6501.657294 8.126702e-16 1e-20
6501.90851 8.098464e-16 1e-20
6502.159727 8.069494e-16 1e-20
6502.410944 8.059478e-16 1e-20
6502.662161 8.109122e-16 1e-20
6502.913378 8.169131e-16 1e-20
6503.164595 8.173831e-16 1e-20
6503.415812 8.143347e-16 1e-20
6503.667029 8.107728e-16 1e-20
6503.918246 8.083261e-16 1e-20
6504.169463 8.082198e-16 1e-20
6504.42068 8.117737e-16 1e-20
6504.671897 8.161386e-16 1e-20
6504.923114 8.14202e-16 1e-20
6505.174331 8.076538e-16 1e-20
6505.425548 8.027523e-16 1e-20
6505.676765 8.03099e-16 1e-20
6505.927981 8.103104e-16 1e-20
6506.179198 8.181747e-16 1e-20
6506.430415 8.213949e-16 1e-20
6506.681632 8.22146e-16 1e-20
6506.932849 8.208851e-16 1e-20
6507.184066 8.146925e-16 1e-20
6507.435283 8.06802e-16 1e-20
6507.6865 8.049521e-16 1e-20
6507.937717 8.080305e-16 1e-20
6508.188934 8.108816e-16 1e-20
6508.440151 8.121274e-16 1e-20
6508.691368 8.11592e-16 1e-20
6508.942585 8.103221e-16 1e-20
6509.193802 8.09555e-16 1e-20
6509.445019 8.087087e-16 1e-20
6509.696236 8.070023e-16 1e-20
6509.947452 8.073185e-16 1e-20
6510.198669 8.098124e-16 1e-20
6510.449886 8.083148e-16 1e-20
6510.701103 8.043087e-16 1e-20
6510.95232 8.041864e-16 1e-20
6511.203537 8.07221e-16 1e-20
6511.454754 8.106427e-16 1e-20
6511.705971 8.112332e-16 1e-20
6511.957188 8.07946e-16 1e-20
6512.208405 8.060537e-16 1e-20
6512.459622 8.063808e-16 1e-20
6512.710839 8.03841e-16 1e-20
6512.962056 7.988367e-16 1e-20
6513.213273 7.949271e-16 1e-20
6513.46449 7.93346e-16 1e-20
6513.715707 7.943908e-16 1e-20
6513.966923 7.956332e-16 1e-20
6514.21814 7.939805e-16 1e-20
6514.469357 7.902905e-16 1e-20
6514.720574 7.859495e-16 1e-20
6514.971791 7.80634e-16 1e-20
6515.223008 7.764814e-16 1e-20
6515.474225 7.762707e-16 1e-20
6515.725442 7.78239e-16 1e-20
6515.976659 7.808463e-16 1e-20
6516.227876 7.831336e-16 1e-20
6516.479093 7.834029e-16 1e-20
6516.73031 7.826048e-16 1e-20
6516.981527 7.823101e-16 1e-20
6517.232744 7.863623e-16 1e-20
6517.483961 7.952391e-16 1e-20
6517.735178 8.01087e-16 1e-20
6517.986394 8.018965e-16 1e-20
6518.237611 8.019035e-16 1e-20
6518.488828 8.025745e-16 1e-20
6518.740045 8.035257e-16 1e-20
6518.991262 7.987336e-16 1e-20
6519.242479 7.85003e-16 1e-20
6519.493696 7.753678e-16 1e-20
6519.744913 7.788199e-16 1e-20
6519.99613 7.874416e-16 1e-20
6520.247347 7.93193e-16 1e-20
6520.498564 7.922871e-16 1e-20
6520.749781 7.881071e-16 1e-20
6521.000998 7.890733e-16 1e-20
6521.252215 7.946349e-16 1e-20
6521.503432 8.005839e-16 1e-20
6521.754649 8.011581e-16 1e-20
6522.005865 7.917013e-16 1e-20
6522.257082 7.819649e-16 1e-20
6522.508299 7.803811e-16 1e-20
6522.759516 7.827859e-16 1e-20
6523.010733 7.845375e-16 1e-20
6523.26195 7.81097e-16 1e-20
6523.513167 7.738289e-16 1e-20
6523.764384 7.705076e-16 1e-20
6524.015601 7.738749e-16 1e-20
6524.266818 7.825849e-16 1e-20
6524.518035 7.899652e-16 1e-20
6524.769252 7.903635e-16 1e-20
6525.020469 7.898935e-16 1e-20
6525.271686 7.940975e-16 1e-20
6525.522903 7.993682e-16 1e-20
6525.77412 8.013005e-16 1e-20
6526.025337 7.985973e-16 1e-20
6526.276553 7.914443e-16 1e-20
6526.52777 7.796323e-16 1e-20
6526.778987 7.68208e-16 1e-20
6527.030204 7.643766e-16 1e-20
6527.281421 7.6736e-16 1e-20
6527.532638 7.727799e-16 1e-20
6527.783855 7.726001e-16 1e-20
6528.035072 7.638295e-16 1e-20
6528.286289 7.575336e-16 1e-20
6528.537506 7.601635e-16 1e-20
6528.788723 7.692427e-16 1e-20
6529.03994 7.796449e-16 1e-20
6529.291157 7.828569e-16 1e-20
6529.542374 7.792366e-16 1e-20
6529.793591 7.76591e-16 1e-20
6530.044808 7.764653e-16 1e-20
6530.296024 7.761235e-16 1e-20
6530.547241 7.718407e-16 1e-20
6530.798458 7.639654e-16 1e-20
6531.049675 7.625373e-16 1e-20
6531.300892 7.697512e-16 1e-20
6531.552109 7.755351e-16 1e-20
6531.803326 7.741705e-16 1e-20
6532.054543 7.639837e-16 1e-20
6532.30576 7.545085e-16 1e-20
6532.556977 7.590286e-16 1e-20
6532.808194 7.724834e-16 1e-20
6533.059411 7.83627e-16 1e-20
6533.310628 7.858433e-16 1e-20
6533.561845 7.793472e-16 1e-20
6533.813062 7.712885e-16 1e-20
6534.064279 7.661919e-16 1e-20
6534.315495 7.682342e-16 1e-20
6534.566712 7.755459e-16 1e-20
6534.817929 7.806905e-16 1e-20
6535.069146 7.814614e-16 1e-20
6535.320363 7.777257e-16 1e-20
6535.57158 7.719903e-16 1e-20
6535.822797 7.677746e-16 1e-20
6536.074014 7.663488e-16 1e-20
6536.325231 7.678925e-16 1e-20
6536.576448 7.713405e-16 1e-20
6536.827665 7.750848e-16 1e-20
6537.078882 7.766797e-16 1e-20
6537.330099 7.750338e-16 1e-20
6537.581316 7.721654e-16 1e-20
6537.832533 7.681514e-16 1e-20
6538.08375 7.608595e-16 1e-20
6538.334966 7.553502e-16 1e-20
6538.586183 7.575521e-16 1e-20
6538.8374 7.650068e-16 1e-20
6539.088617 7.723807e-16 1e-20
6539.339834 7.727858e-16 1e-20
6539.591051 7.680063e-16 1e-20
6539.842268 7.693755e-16 1e-20
6540.093485 7.73632e-16 1e-20
6540.344702 7.694663e-16 1e-20
6540.595919 7.638015e-16 1e-20
6540.847136 7.680631e-16 1e-20
6541.098353 7.743615e-16 1e-20
6541.34957 7.732759e-16 1e-20
6541.600787 7.715351e-16 1e-20
6541.852004 7.738336e-16 1e-20
6542.103221 7.736721e-16 1e-20
6542.354437 7.68855e-16 1e-20
6542.605654 7.634332e-16 1e-20
6542.856871 7.590979e-16 1e-20
6543.108088 7.557959e-16 1e-20
6543.359305 7.530202e-16 1e-20
6543.610522 7.519041e-16 1e-20
6543.861739 7.557668e-16 1e-20
6544.112956 7.633736e-16 1e-20
6544.364173 7.673729e-16 1e-20
6544.61539 7.660013e-16 1e-20
6544.866607 7.657531e-16 1e-20
6545.117824 7.680578e-16 1e-20
6545.369041 7.684541e-16 1e-20
6545.620258 7.651125e-16 1e-20
6545.871475 7.5776e-16 1e-20
6546.122692 7.519125e-16 1e-20
6546.373908 7.541925e-16 1e-20
6546.625125 7.583392e-16 1e-20
6546.876342 7.585073e-16 1e-20
6547.127559 7.596022e-16 1e-20
6547.378776 7.62128e-16 1e-20
6547.629993 7.584341e-16 1e-20
6547.88121 7.489771e-16 1e-20
6548.132427 7.422289e-16 1e-20
6548.383644 7.395061e-16 1e-20
6548.634861 7.388702e-16 1e-20
6548.886078 7.391793e-16 1e-20
6549.137295 7.388432e-16 1e-20
6549.388512 7.413042e-16 1e-20
6549.639729 7.487899e-16 1e-20
6549.890946 7.547159e-16 1e-20
6550.142163 7.552486e-16 1e-20
6550.393379 7.537664e-16 1e-20
6550.644596 7.539201e-16 1e-20
6550.895813 7.579808e-16 1e-20
6551.14703 7.622376e-16 1e-20
6551.398247 7.616802e-16 1e-20
6551.649464 7.576512e-16 1e-20
6551.900681 7.527419e-16 1e-20
6552.151898 7.479425e-16 1e-20
6552.403115 7.437037e-16 1e-20
6552.654332 7.398852e-16 1e-20
6552.905549 7.382507e-16 1e-20
6553.156766 7.430875e-16 1e-20
6553.407983 7.499577e-16 1e-20
6553.6592 7.476914e-16 1e-20
6553.910417 7.406257e-16 1e-20
6554.161634 7.40139e-16 1e-20
6554.41285 7.469535e-16 1e-20
6554.664067 7.575536e-16 1e-20
6554.915284 7.646732e-16 1e-20
6555.166501 7.622398e-16 1e-20
6555.417718 7.522458e-16 1e-20
6555.668935 7.396774e-16 1e-20
6555.920152 7.317765e-16 1e-20
6556.171369 7.303069e-16 1e-20
6556.422586 7.303931e-16 1e-20
6556.673803 7.302737e-16 1e-20
6556.92502 7.306969e-16 1e-20
6557.176237 7.33382e-16 1e-20
6557.427454 7.391034e-16 1e-20
6557.678671 7.434489e-16 1e-20
6557.929888 7.419498e-16 1e-20
6558.181105 7.351277e-16 1e-20
6558.432321 7.28671e-16 1e-20
6558.683538 7.322203e-16 1e-20
6558.934755 7.431307e-16 1e-20
6559.185972 7.425354e-16 1e-20
6559.437189 7.419413e-16 1e-20
6559.688406 7.413461e-16 1e-20
6559.939623 7.407519e-16 1e-20
6560.19084 7.401567e-16 1e-20
6560.442057 7.395625e-16 1e-20
6560.693274 7.389673e-16 1e-20
6560.944491 7.383732e-16 1e-20
6561.195708 7.377779e-16 1e-20
6561.446925 7.297908e-16 1e-20
6561.698142 7.254328e-16 1e-20
6561.949359 7.253432e-16 1e-20
6562.200576 7.263658e-16 1e-20
6562.451792 7.248187e-16 1e-20
6562.703009 7.240289e-16 1e-20
6562.954226 7.278569e-16 1e-20
6563.205443 7.293742e-16 1e-20
6563.45666 7.240231e-16 1e-20
6563.707877 7.178211e-16 1e-20
6563.959094 7.149342e-16 1e-20
6564.210311 7.15742e-16 1e-20
6564.461528 7.177837e-16 1e-20
6564.712745 7.154147e-16 1e-20
6564.963962 7.106838e-16 1e-20
6565.215179 7.093267e-16 1e-20
6565.466396 7.122117e-16 1e-20
6565.717613 7.18951e-16 1e-20
6565.96883 7.268143e-16 1e-20
6566.220047 7.31685e-16 1e-20
6566.471263 7.301175e-16 1e-20
6566.72248 7.236176e-16 1e-20
6566.973697 7.200915e-16 1e-20
6567.224914 7.227039e-16 1e-20
6567.476131 7.29297e-16 1e-20
6567.727348 7.36772e-16 1e-20
6567.978565 7.421336e-16 1e-20
6568.229782 7.427207e-16 1e-20
6568.480999 7.375112e-16 1e-20
6568.732216 7.32461e-16 1e-20
6568.983433 7.311855e-16 1e-20
6569.23465 7.277957e-16 1e-20
6569.485867 7.200095e-16 1e-20
6569.737084 7.10988e-16 1e-20
6569.988301 7.036333e-16 1e-20
6570.239518 7.022926e-16 1e-20
6570.490734 7.071122e-16 1e-20
6570.741951 7.135396e-16 1e-20
6570.993168 7.174399e-16 1e-20
6571.244385 7.175321e-16 1e-20
6571.495602 7.146443e-16 1e-20
6571.746819 7.092811e-16 1e-20
6571.998036 7.047743e-16 1e-20
6572.249253 7.036693e-16 1e-20
6572.50047 7.0532e-16 1e-20
6572.751687 7.089499e-16 1e-20
6573.002904 7.130011e-16 1e-20
6573.254121 7.166835e-16 1e-20
6573.505338 7.196218e-16 1e-20
6573.756555 7.231294e-16 1e-20
6574.007772 7.279565e-16 1e-20
6574.258989 7.275486e-16 1e-20
6574.510205 7.193094e-16 1e-20
6574.761422 7.096166e-16 1e-20
6575.012639 7.021957e-16 1e-20
6575.263856 7.00554e-16 1e-20
6575.515073 7.061073e-16 1e-20
6575.76629 7.14261e-16 1e-20
6576.017507 7.181737e-16 1e-20
6576.268724 7.148277e-16 1e-20
6576.519941 7.131151e-16 1e-20
6576.771158 7.187005e-16 1e-20
6577.022375 7.210782e-16 1e-20
6577.273592 7.148872e-16 1e-20
6577.524809 7.082136e-16 1e-20
6577.776026 7.066723e-16 1e-20
6578.027243 7.124836e-16 1e-20
6578.27846 7.206411e-16 1e-20
6578.529676 7.204551e-16 1e-20
6578.780893 7.140647e-16 1e-20
6579.03211 7.087395e-16 1e-20
6579.283327 7.060902e-16 1e-20
6579.534544 7.067378e-16 1e-20
6579.785761 7.092065e-16 1e-20
6580.036978 7.107594e-16 1e-20
6580.288195 7.091671e-16 1e-20
6580.539412 7.060047e-16 1e-20
6580.790629 7.066165e-16 1e-20
6581.041846 7.103904e-16 1e-20
6581.293063 7.133206e-16 1e-20
6581.54428 7.159829e-16 1e-20
6581.795497 7.197026e-16 1e-20
6582.046714 7.215901e-16 1e-20
6582.297931 7.194599e-16 1e-20
6582.549147 7.158382e-16 1e-20
6582.800364 7.134544e-16 1e-20
6583.051581 7.150408e-16 1e-20
6583.302798 7.196436e-16 1e-20
6583.554015 7.218232e-16 1e-20
6583.805232 7.198774e-16 1e-20
6584.056449 7.139221e-16 1e-20
6584.307666 7.075196e-16 1e-20
6584.558883 7.056497e-16 1e-20
6584.8101 7.086497e-16 1e-20
6585.061317 7.146206e-16 1e-20
6585.312534 7.145737e-16 1e-20
6585.563751 7.049751e-16 1e-20
6585.814968 6.981138e-16 1e-20
6586.066185 6.993652e-16 1e-20
6586.317402 7.052411e-16 1e-20
6586.568618 7.105233e-16 1e-20
6586.819835 7.083581e-16 1e-20
6587.071052 7.068424e-16 1e-20
6587.322269 7.165677e-16 1e-20
6587.573486 7.224491e-16 1e-20
6587.824703 7.11491e-16 1e-20
6588.07592 6.969982e-16 1e-20
6588.327137 6.901721e-16 1e-20
6588.578354 6.907445e-16 1e-20
6588.829571 6.950645e-16 1e-20
6589.080788 6.979054e-16 1e-20
6589.332005 6.997091e-16 1e-20
6589.583222 7.028642e-16 1e-20
6589.834439 7.057197e-16 1e-20
6590.085656 7.058886e-16 1e-20
6590.336873 7.053941e-16 1e-20
6590.588089 7.072217e-16 1e-20
6590.839306 7.109059e-16 1e-20
6591.090523 7.141615e-16 1e-20
6591.34174 7.131203e-16 1e-20
6591.592957 7.078753e-16 1e-20
6591.844174 7.02782e-16 1e-20
6592.095391 6.997463e-16 1e-20
6592.346608 6.987534e-16 1e-20
6592.597825 6.977447e-16 1e-20
6592.849042 6.953491e-16 1e-20
6593.100259 6.950619e-16 1e-20
6593.351476 6.982769e-16 1e-20
6593.602693 6.99044e-16 1e-20
6593.85391 6.958194e-16 1e-20
6594.105127 6.961219e-16 1e-20
6594.356344 7.005005e-16 1e-20
6594.60756 7.017311e-16 1e-20
6594.858777 7.005248e-16 1e-20
6595.109994 7.019743e-16 1e-20
6595.361211 7.039957e-16 1e-20
6595.612428 7.035221e-16 1e-20
6595.863645 7.059386e-16 1e-20
6596.114862 7.136608e-16 1e-20
6596.366079 7.163288e-16 1e-20
6596.617296 7.09352e-16 1e-20
6596.868513 7.001352e-16 1e-20
6597.11973 6.937832e-16 1e-20
6597.370947 6.923918e-16 1e-20
6597.622164 6.942086e-16 1e-20
6597.873381 6.951117e-16 1e-20
6598.124598 6.966139e-16 1e-20
6598.375815 7.011645e-16 1e-20
6598.627031 7.049699e-16 1e-20
6598.878248 7.045492e-16 1e-20
6599.129465 7.004927e-16 1e-20
6599.380682 6.938216e-16 1e-20
6599.631899 6.863948e-16 1e-20
6599.883116 6.808402e-16 1e-20
6600.134333 6.789333e-16 1e-20
6600.38555 6.782938e-16 1e-20
6600.636767 6.755083e-16 1e-20
6600.887984 6.734148e-16 1e-20
6601.139201 6.758643e-16 1e-20
6601.390418 6.849966e-16 1e-20
6601.641635 6.995676e-16 1e-20
6601.892852 7.080595e-16 1e-20
6602.144069 7.070706e-16 1e-20
6602.395286 7.082278e-16 1e-20
6602.646502 7.118576e-16 1e-20
6602.897719 7.095779e-16 1e-20
6603.148936 7.017211e-16 1e-20
6603.400153 6.931039e-16 1e-20
6603.65137 6.893253e-16 1e-20
6603.902587 6.918935e-16 1e-20
6604.153804 6.939063e-16 1e-20
6604.405021 6.923467e-16 1e-20
6604.656238 6.923082e-16 1e-20
6604.907455 6.947991e-16 1e-20
6605.158672 6.9509e-16 1e-20
6605.409889 6.918041e-16 1e-20
6605.661106 6.865647e-16 1e-20
6605.912323 6.804102e-16 1e-20
6606.16354 6.74976e-16 1e-20
6606.414757 6.740753e-16 1e-20
6606.665973 6.794813e-16 1e-20
6606.91719 6.88095e-16 1e-20
6607.168407 6.970639e-16 1e-20
6607.419624 7.032232e-16 1e-20
6607.670841 7.035585e-16 1e-20
6607.922058 6.98282e-16 1e-20
6608.173275 6.907536e-16 1e-20
6608.424492 6.848389e-16 1e-20
6608.675709 6.82466e-16 1e-20
6608.926926 6.844865e-16 1e-20
6609.178143 6.878264e-16 1e-20
6609.42936 6.893448e-16 1e-20
6609.680577 6.919687e-16 1e-20
6609.931794 6.963765e-16 1e-20
6610.183011 6.95068e-16 1e-20
6610.434228 6.879628e-16 1e-20
6610.685444 6.857464e-16 1e-20
6610.936661 6.892267e-16 1e-20
6611.187878 6.919806e-16 1e-20
6611.439095 6.91549e-16 1e-20
6611.690312 6.88012e-16 1e-20
6611.941529 6.824816e-16 1e-20
6612.192746 6.759556e-16 1e-20
6612.443963 6.752488e-16 1e-20
6612.69518 6.84606e-16 1e-20
6612.946397 6.958162e-16 1e-20
6613.197614 6.995329e-16 1e-20
6613.448831 6.886855e-16 1e-20
6613.700048 6.719243e-16 1e-20
6613.951265 6.67659e-16 1e-20
6614.202482 6.721506e-16 1e-20
6614.453699 6.738347e-16 1e-20
6614.704915 6.741471e-16 1e-20
6614.956132 6.761172e-16 1e-20
6615.207349 6.781318e-16 1e-20
6615.458566 6.786687e-16 1e-20
6615.709783 6.776429e-16 1e-20
6615.961 6.749743e-16 1e-20
6616.212217 6.714099e-16 1e-20
6616.463434 6.680513e-16 1e-20
6616.714651 6.645493e-16 1e-20
6616.965868 6.641874e-16 1e-20
6617.217085 6.708276e-16 1e-20
6617.468302 6.784371e-16 1e-20
6617.719519 6.810682e-16 1e-20
6617.970736 6.811519e-16 1e-20
6618.221953 6.820998e-16 1e-20
6618.47317 6.872385e-16 1e-20
6618.724386 6.944208e-16 1e-20
6618.975603 6.949569e-16 1e-20
6619.22682 6.883634e-16 1e-20
6619.478037 6.799222e-16 1e-20
6619.729254 6.727827e-16 1e-20
6619.980471 6.690361e-16 1e-20
6620.231688 6.679347e-16 1e-20
6620.482905 6.676742e-16 1e-20
6620.734122 6.655316e-16 1e-20
6620.985339 6.614707e-16 1e-20
6621.236556 6.63243e-16 1e-20
6621.487773 6.714373e-16 1e-20
6621.73899 6.768173e-16 1e-20
6621.990207 6.741586e-16 1e-20
6622.241424 6.612598e-16 1e-20
6622.492641 6.458102e-16 1e-20
6622.743857 6.394995e-16 1e-20
6622.995074 6.402411e-16 1e-20
6623.246291 6.429275e-16 1e-20
6623.497508 6.515723e-16 1e-20
6623.748725 6.651899e-16 1e-20
6623.999942 6.714012e-16 1e-20
6624.251159 6.65232e-16 1e-20
6624.502376 6.493302e-16 1e-20
6624.753593 6.477739e-16 1e-20
6625.00481 6.46611e-16 1e-20
6625.256027 6.454504e-16 1e-20
6625.507244 6.442875e-16 1e-20
6625.758461 6.431268e-16 1e-20
6626.009678 6.419639e-16 1e-20
6626.260895 6.408033e-16 1e-20
6626.512112 6.396404e-16 1e-20
6626.763328 6.272708e-16 1e-20
6627.014545 6.284933e-16 1e-20
6627.265762 6.285573e-16 1e-20
6627.516979 6.222398e-16 1e-20
6627.768196 6.11908e-16 1e-20
6628.019413 6.099561e-16 1e-20
6628.27063 6.242182e-16 1e-20
6628.521847 6.276775e-16 1e-20
6628.773064 6.3113e-16 1e-20
6629.024281 6.345894e-16 1e-20
6629.275498 6.380419e-16 1e-20
6629.526715 6.415012e-16 1e-20
6629.777932 6.449538e-16 1e-20
6630.029149 6.399449e-16 1e-20
6630.280366 6.401016e-16 1e-20
6630.531583 6.429597e-16 1e-20
6630.782799 6.44762e-16 1e-20
6631.034016 6.454985e-16 1e-20
6631.285233 6.457876e-16 1e-20
6631.53645 6.465705e-16 1e-20
6631.787667 6.488319e-16 1e-20
6632.038884 6.51483e-16 1e-20
6632.290101 6.52889e-16 1e-20
6632.541318 6.536621e-16 1e-20
6632.792535 6.550502e-16 1e-20
6633.043752 6.542369e-16 1e-20
6633.294969 6.475066e-16 1e-20
6633.546186 6.384884e-16 1e-20
6633.797403 6.33255e-16 1e-20
6634.04862 6.328933e-16 1e-20
6634.299837 6.364332e-16 1e-20
6634.551054 6.408263e-16 1e-20
6634.80227 6.418112e-16 1e-20
6635.053487 6.403758e-16 1e-20
6635.304704 6.40421e-16 1e-20
6635.555921 6.422038e-16 1e-20
6635.807138 6.440177e-16 1e-20
6636.058355 6.449426e-16 1e-20
6636.309572 6.442955e-16 1e-20
6636.560789 6.433047e-16 1e-20
6636.812006 6.44746e-16 1e-20
6637.063223 6.485494e-16 1e-20
6637.31444 6.522639e-16 1e-20
6637.565657 6.544184e-16 1e-20
6637.816874 6.544106e-16 1e-20
6638.068091 6.523319e-16 1e-20
6638.319308 6.49202e-16 1e-20
6638.570525 6.457594e-16 1e-20
6638.821741 6.42147e-16 1e-20
6639.072958 6.392649e-16 1e-20
6639.324175 6.390721e-16 1e-20
6639.575392 6.415294e-16 1e-20
6639.826609 6.438045e-16 1e-20
6640.077826 6.438598e-16 1e-20
6640.329043 6.407699e-16 1e-20
6640.58026 6.354182e-16 1e-20
6640.831477 6.322632e-16 1e-20
6641.082694 6.335999e-16 1e-20
6641.333911 6.369391e-16 1e-20
6641.585128 6.399846e-16 1e-20
6641.836345 6.410495e-16 1e-20
6642.087562 6.395393e-16 1e-20
6642.338779 6.381591e-16 1e-20
6642.589996 6.388663e-16 1e-20
6642.841213 6.405717e-16 1e-20
6643.092429 6.421721e-16 1e-20
6643.343646 6.43384e-16 1e-20
6643.594863 6.436252e-16 1e-20
6643.84608 6.415278e-16 1e-20
6644.097297 6.359866e-16 1e-20
6644.348514 6.356058e-16 1e-20
6644.599731 6.352258e-16 1e-20
6644.850948 6.348451e-16 1e-20
6645.102165 6.344651e-16 1e-20
6645.353382 6.340844e-16 1e-20
6645.604599 6.337044e-16 1e-20
6645.855816 6.333237e-16 1e-20
6646.107033 6.329437e-16 1e-20
6646.35825 6.325629e-16 1e-20
6646.609467 6.321829e-16 1e-20
6646.860684 6.318022e-16 1e-20
6647.1119 6.314222e-16 1e-20
6647.363117 6.310415e-16 1e-20
6647.614334 6.306615e-16 1e-20
6647.865551 6.302808e-16 1e-20
6648.116768 6.33035e-16 1e-20
6648.367985 6.339831e-16 1e-20
6648.619202 6.360444e-16 1e-20
6648.870419 6.370395e-16 1e-20
6649.121636 6.380327e-16 1e-20
6649.372853 6.390278e-16 1e-20
6649.62407 6.40021e-16 1e-20
6649.875287 6.410161e-16 1e-20
6650.126504 6.420093e-16 1e-20
6650.377721 6.430044e-16 1e-20
6650.628938 6.529377e-16 1e-20
6650.880155 6.447551e-16 1e-20
6651.131371 6.3745e-16 1e-20
6651.382588 6.362973e-16 1e-20
6651.633805 6.370534e-16 1e-20
6651.885022 6.373461e-16 1e-20
6652.136239 6.351963e-16 1e-20
6652.387456 6.313149e-16 1e-20
6652.638673 6.292149e-16 1e-20
6652.88989 6.301241e-16 1e-20
6653.141107 6.332032e-16 1e-20
6653.392324 6.367413e-16 1e-20
6653.643541 6.378487e-16 1e-20
6653.894758 6.361126e-16 1e-20
6654.145975 6.342158e-16 1e-20
6654.397192 6.340924e-16 1e-20
6654.648409 6.368406e-16 1e-20
6654.899626 6.41621e-16 1e-20
6655.150842 6.444002e-16 1e-20
6655.402059 6.431074e-16 1e-20
6655.653276 6.391624e-16 1e-20
6655.904493 6.342329e-16 1e-20
6656.15571 6.303892e-16 1e-20
6656.406927 6.289185e-16 1e-20
6656.658144 6.290369e-16 1e-20
6656.909361 6.299575e-16 1e-20
6657.160578 6.314959e-16 1e-20
6657.411795 6.330427e-16 1e-20
6657.663012 6.3279e-16 1e-20
6657.914229 6.299724e-16 1e-20
6658.165446 6.271342e-16 1e-20
6658.416663 6.262317e-16 1e-20
6658.66788 6.264875e-16 1e-20
6658.919097 6.268448e-16 1e-20
6659.170313 6.251585e-16 1e-20
6659.42153 6.203283e-16 1e-20
6659.672747 6.173385e-16 1e-20
6659.923964 6.203814e-16 1e-20
6660.175181 6.260178e-16 1e-20
6660.426398 6.302074e-16 1e-20
6660.677615 6.316385e-16 1e-20
6660.928832 6.297308e-16 1e-20
6661.180049 6.26308e-16 1e-20
6661.431266 6.236109e-16 1e-20
6661.682483 6.221967e-16 1e-20
6661.9337 6.221347e-16 1e-20
6662.184917 6.220131e-16 1e-20
6662.436134 6.201861e-16 1e-20
6662.687351 6.175217e-16 1e-20
6662.938568 6.154658e-16 1e-20
6663.189784 6.14894e-16 1e-20
6663.441001 6.164937e-16 1e-20
6663.692218 6.178918e-16 1e-20
6663.943435 6.157509e-16 1e-20
6664.194652 6.119564e-16 1e-20
6664.445869 6.104084e-16 1e-20
6664.697086 6.113116e-16 1e-20
6664.948303 6.13246e-16 1e-20
6665.19952 6.156795e-16 1e-20
6665.450737 6.183794e-16 1e-20
6665.701954 6.208333e-16 1e-20
6665.953171 6.224619e-16 1e-20
6666.204388 6.23317e-16 1e-20
6666.455605 6.23805e-16 1e-20
6666.706822 6.241778e-16 1e-20
6666.958039 6.24845e-16 1e-20
6667.209255 6.245485e-16 1e-20
6667.460472 6.2029e-16 1e-20
6667.711689 6.144759e-16 1e-20
6667.962906 6.14638e-16 1e-20
6668.214123 6.205684e-16 1e-20
6668.46534 6.2424e-16 1e-20
6668.716557 6.227696e-16 1e-20
6668.967774 6.188246e-16 1e-20
6669.218991 6.147363e-16 1e-20
6669.470208 6.128452e-16 1e-20
6669.721425 6.13861e-16 1e-20
6669.972642 6.159151e-16 1e-20
6670.223859 6.171609e-16 1e-20
6670.475076 6.156696e-16 1e-20
6670.726293 6.115161e-16 1e-20
6670.97751 6.086722e-16 1e-20
6671.228726 6.091617e-16 1e-20
6671.479943 6.107764e-16 1e-20
6671.73116 6.119835e-16 1e-20
6671.982377 6.130526e-16 1e-20
6672.233594 6.138728e-16 1e-20
6672.484811 6.133093e-16 1e-20
6672.736028 6.111835e-16 1e-20
6672.987245 6.100008e-16 1e-20
6673.238462 6.114231e-16 1e-20
6673.489679 6.141905e-16 1e-20
6673.740896 6.167671e-16 1e-20
6673.992113 6.171555e-16 1e-20
6674.24333 6.141483e-16 1e-20
6674.494547 6.102189e-16 1e-20
6674.745764 6.077091e-16 1e-20
6674.996981 6.058653e-16 1e-20
6675.248197 6.038302e-16 1e-20
6675.499414 6.020052e-16 1e-20
6675.750631 6.008583e-16 1e-20
6676.001848 6.0063e-16 1e-20
6676.253065 6.014933e-16 1e-20
6676.504282 6.040429e-16 1e-20
6676.755499 6.086305e-16 1e-20
6677.006716 6.13478e-16 1e-20
6677.257933 6.16526e-16 1e-20
6677.50915 6.174814e-16 1e-20
6677.760367 6.166915e-16 1e-20
6678.011584 6.147702e-16 1e-20
6678.262801 6.124529e-16 1e-20
6678.514018 6.118208e-16 1e-20
6678.765235 6.150666e-16 1e-20
6679.016452 6.198485e-16 1e-20
6679.267668 6.222679e-16 1e-20
6679.518885 6.212217e-16 1e-20
6679.770102 6.168605e-16 1e-20
6680.021319 6.108483e-16 1e-20
6680.272536 6.057094e-16 1e-20
6680.523753 6.023169e-16 1e-20
6680.77497 6.004729e-16 1e-20
6681.026187 6.003472e-16 1e-20
6681.277404 6.022961e-16 1e-20
6681.528621 6.046203e-16 1e-20
6681.779838 6.044178e-16 1e-20
6682.031055 6.016586e-16 1e-20
6682.282272 5.981494e-16 1e-20
6682.533489 5.967102e-16 1e-20
6682.784706 6.01423e-16 1e-20
6683.035923 6.099458e-16 1e-20
6683.287139 6.13489e-16 1e-20
6683.538356 6.112403e-16 1e-20
6683.789573 6.110563e-16 1e-20
6684.04079 6.145379e-16 1e-20
6684.292007 6.15915e-16 1e-20
6684.543224 6.140321e-16 1e-20
6684.794441 6.136619e-16 1e-20
6685.045658 6.155519e-16 1e-20
6685.296875 6.147629e-16 1e-20
6685.548092 6.095219e-16 1e-20
6685.799309 6.027951e-16 1e-20
6686.050526 5.974042e-16 1e-20
6686.301743 5.961794e-16 1e-20
6686.55296 5.999816e-16 1e-20
6686.804177 6.054839e-16 1e-20
6687.055394 6.098027e-16 1e-20
6687.30661 6.118194e-16 1e-20
6687.557827 6.108695e-16 1e-20
6687.809044 6.071346e-16 1e-20
6688.060261 6.017203e-16 1e-20
6688.311478 5.975642e-16 1e-20
6688.562695 5.969436e-16 1e-20
6688.813912 6.001506e-16 1e-20
6689.065129 6.062076e-16 1e-20
6689.316346 6.103301e-16 1e-20
6689.567563 6.091452e-16 1e-20
6689.81878 6.012727e-16 1e-20
6690.069997 5.895657e-16 1e-20
6690.321214 6.064099e-16 1e-20
6690.572431 6.074458e-16 1e-20
6690.823648 6.084837e-16 1e-20
6691.074865 6.095195e-16 1e-20
6691.326081 6.105574e-16 1e-20
6691.577298 6.115933e-16 1e-20
6691.828515 6.126311e-16 1e-20
6692.079732 6.13667e-16 1e-20
6692.330949 6.147049e-16 1e-20
6692.582166 6.157408e-16 1e-20
6692.833383 6.167786e-16 1e-20
6693.0846 6.178145e-16 1e-20
6693.335817 6.095791e-16 1e-20
6693.587034 6.050913e-16 1e-20
6693.838251 6.041207e-16 1e-20
6694.089468 6.008972e-16 1e-20
6694.340685 5.972081e-16 1e-20
6694.591902 5.966629e-16 1e-20
6694.843119 5.985443e-16 1e-20
6695.094336 6.004788e-16 1e-20
6695.345552 6.017052e-16 1e-20
6695.596769 6.021401e-16 1e-20
6695.847986 6.018601e-16 1e-20
6696.099203 6.012817e-16 1e-20
6696.35042 6.001045e-16 1e-20
6696.601637 5.973257e-16 1e-20
6696.852854 5.949896e-16 1e-20
6697.104071 5.97433e-16 1e-20
6697.355288 6.024783e-16 1e-20
6697.606505 6.029002e-16 1e-20
6697.857722 5.983852e-16 1e-20
6698.108939 5.943386e-16 1e-20
6698.360156 5.932697e-16 1e-20
6698.611373 5.953521e-16 1e-20
6698.86259 5.988368e-16 1e-20
6699.113807 5.994046e-16 1e-20
6699.365023 5.963486e-16 1e-20
6699.61624 5.936065e-16 1e-20
6699.867457 5.928713e-16 1e-20
6700.118674 5.928638e-16 1e-20
6700.369891 5.927664e-16 1e-20
6700.621108 5.922021e-16 1e-20
6700.872325 5.910171e-16 1e-20
6701.123542 5.896507e-16 1e-20
6701.374759 5.885326e-16 1e-20
6701.625976 5.878003e-16 1e-20
6701.877193 5.87969e-16 1e-20
6702.12841 5.908078e-16 1e-20
6702.379627 5.961634e-16 1e-20
6702.630844 5.989037e-16 1e-20
6702.882061 5.963388e-16 1e-20
6703.133278 5.931566e-16 1e-20
6703.384494 5.926407e-16 1e-20
6703.635711 5.922696e-16 1e-20
6703.886928 5.903484e-16 1e-20
6704.138145 5.892783e-16 1e-20
6704.389362 5.905444e-16 1e-20
6704.640579 5.909973e-16 1e-20
6704.891796 5.882623e-16 1e-20
6705.143013 5.852228e-16 1e-20
6705.39423 5.84633e-16 1e-20
6705.645447 5.855127e-16 1e-20
6705.896664 5.866337e-16 1e-20
6706.147881 5.885252e-16 1e-20
6706.399098 5.915903e-16 1e-20
6706.650315 5.94135e-16 1e-20
6706.901532 5.944479e-16 1e-20
6707.152749 5.934017e-16 1e-20
6707.403965 5.923367e-16 1e-20
6707.655182 5.910536e-16 1e-20
6707.906399 5.891298e-16 1e-20
6708.157616 5.87201e-16 1e-20
6708.408833 5.860662e-16 1e-20
6708.66005 5.856286e-16 1e-20
6708.911267 5.854774e-16 1e-20
6709.162484 5.855705e-16 1e-20
6709.413701 5.859805e-16 1e-20
6709.664918 5.858974e-16 1e-20
6709.916135 5.842023e-16 1e-20
6710.167352 5.817871e-16 1e-20
6710.418569 5.805377e-16 1e-20
6710.669786 5.796344e-16 1e-20
6710.921003 5.768861e-16 1e-20
6711.17222 5.739558e-16 1e-20
6711.423436 5.744711e-16 1e-20
6711.674653 5.784384e-16 1e-20
6711.92587 5.837621e-16 1e-20
6712.177087 5.880935e-16 1e-20
6712.428304 5.887857e-16 1e-20
6712.679521 5.863435e-16 1e-20
6712.930738 5.83854e-16 1e-20
6713.181955 5.829093e-16 1e-20
6713.433172 5.838338e-16 1e-20
6713.684389 5.859267e-16 1e-20
6713.935606 5.872673e-16 1e-20
6714.186823 5.872291e-16 1e-20
6714.43804 5.867625e-16 1e-20
6714.689257 5.862974e-16 1e-20
6714.940474 5.856793e-16 1e-20
6715.191691 5.848788e-16 1e-20
6715.442907 5.838888e-16 1e-20
6715.694124 5.828632e-16 1e-20
6715.945341 5.823256e-16 1e-20
6716.196558 5.823172e-16 1e-20
6716.447775 5.818432e-16 1e-20
6716.698992 5.808981e-16 1e-20
6716.950209 5.816737e-16 1e-20
6717.201426 5.848632e-16 1e-20
6717.452643 5.876967e-16 1e-20
6717.70386 5.884825e-16 1e-20
6717.955077 5.886553e-16 1e-20
6718.206294 5.889838e-16 1e-20
6718.457511 5.876836e-16 1e-20
6718.708728 5.841701e-16 1e-20
6718.959945 5.820871e-16 1e-20
6719.211162 5.837682e-16 1e-20
6719.462378 5.858475e-16 1e-20
6719.713595 5.855067e-16 1e-20
6719.964812 5.841409e-16 1e-20
6720.216029 5.831633e-16 1e-20
6720.467246 5.827374e-16 1e-20
6720.718463 5.828044e-16 1e-20
6720.96968 5.815171e-16 1e-20
6721.220897 5.774691e-16 1e-20
6721.472114 5.743018e-16 1e-20
6721.723331 5.756551e-16 1e-20
6721.974548 5.789777e-16 1e-20
6722.225765 5.809175e-16 1e-20
6722.476982 5.822956e-16 1e-20
6722.728199 5.845354e-16 1e-20
6722.979416 5.861019e-16 1e-20
6723.230633 5.850745e-16 1e-20
6723.481849 5.832814e-16 1e-20
6723.733066 5.833728e-16 1e-20
6723.984283 5.836717e-16 1e-20
6724.2355 5.814146e-16 1e-20
6724.486717 5.771193e-16 1e-20
6724.737934 5.724042e-16 1e-20
6724.989151 5.691273e-16 1e-20
6725.240368 5.691607e-16 1e-20
6725.491585 5.720337e-16 1e-20
6725.742802 5.76046e-16 1e-20
6725.994019 5.796807e-16 1e-20
6726.245236 5.816977e-16 1e-20
6726.496453 5.810169e-16 1e-20
6726.74767 5.76689e-16 1e-20
6726.998887 5.715414e-16 1e-20
6727.250104 5.707361e-16 1e-20
6727.50132 5.74988e-16 1e-20
6727.752537 5.818218e-16 1e-20
6728.003754 5.882681e-16 1e-20
6728.254971 5.907976e-16 1e-20
6728.506188 5.888781e-16 1e-20
6728.757405 5.850567e-16 1e-20
6729.008622 5.805304e-16 1e-20
6729.259839 5.750136e-16 1e-20
6729.511056 5.695185e-16 1e-20
6729.762273 5.662115e-16 1e-20
6730.01349 5.662454e-16 1e-20
6730.264707 5.697812e-16 1e-20
6730.515924 5.753198e-16 1e-20
6730.767141 5.787681e-16 1e-20
6731.018358 5.78856e-16 1e-20
6731.269575 5.794009e-16 1e-20
6731.520791 5.815874e-16 1e-20
6731.772008 5.814294e-16 1e-20
6732.023225 5.775327e-16 1e-20
6732.274442 5.735564e-16 1e-20
6732.525659 5.72009e-16 1e-20
6732.776876 5.729239e-16 1e-20
6733.028093 5.755861e-16 1e-20
6733.27931 5.774586e-16 1e-20
6733.530527 5.766488e-16 1e-20
6733.781744 5.733811e-16 1e-20
6734.032961 5.686504e-16 1e-20
6734.284178 5.655951e-16 1e-20
6734.535395 5.66335e-16 1e-20
6734.786612 5.683988e-16 1e-20
6735.037829 5.693976e-16 1e-20
6735.289046 5.689097e-16 1e-20
6735.540262 5.671053e-16 1e-20
6735.791479 5.669058e-16 1e-20
6736.042696 5.706661e-16 1e-20
6736.293913 5.75294e-16 1e-20
6736.54513 5.77426e-16 1e-20
6736.796347 5.769903e-16 1e-20
6737.047564 5.746012e-16 1e-20
6737.298781 5.72089e-16 1e-20
6737.549998 5.713371e-16 1e-20
6737.801215 5.715579e-16 1e-20
6738.052432 5.714286e-16 1e-20
6738.303649 5.699935e-16 1e-20
6738.554866 5.664711e-16 1e-20
6738.806083 5.632673e-16 1e-20
6739.0573 5.635596e-16 1e-20
6739.308517 5.650177e-16 1e-20
6739.559733 5.637353e-16 1e-20
6739.81095 5.611703e-16 1e-20
6740.062167 5.604938e-16 1e-20
6740.313384 5.62881e-16 1e-20
6740.564601 5.686942e-16 1e-20
6740.815818 5.753763e-16 1e-20
6741.067035 5.789029e-16 1e-20
6741.318252 5.788242e-16 1e-20
6741.569469 5.768825e-16 1e-20
6741.820686 5.730983e-16 1e-20
6742.071903 5.664308e-16 1e-20
6742.32312 5.598319e-16 1e-20
6742.574337 5.587949e-16 1e-20
6742.825554 5.628198e-16 1e-20
6743.076771 5.67022e-16 1e-20
6743.327988 5.688922e-16 1e-20
6743.579204 5.67601e-16 1e-20
6743.830421 5.647084e-16 1e-20
6744.081638 5.644898e-16 1e-20
6744.332855 5.670325e-16 1e-20
6744.584072 5.677815e-16 1e-20
6744.835289 5.652621e-16 1e-20
6745.086506 5.614807e-16 1e-20
6745.337723 5.579702e-16 1e-20
6745.58894 5.559728e-16 1e-20
6745.840157 5.55544e-16 1e-20
6746.091374 5.546949e-16 1e-20
6746.342591 5.525456e-16 1e-20
6746.593808 5.499846e-16 1e-20
6746.845025 5.482414e-16 1e-20
6747.096242 5.496448e-16 1e-20
6747.347459 5.542876e-16 1e-20
6747.598675 5.571203e-16 1e-20
6747.849892 5.556537e-16 1e-20
6748.101109 5.537627e-16 1e-20
6748.352326 5.544345e-16 1e-20
6748.603543 5.583378e-16 1e-20
6748.85476 5.647311e-16 1e-20
6749.105977 5.681452e-16 1e-20
6749.357194 5.651886e-16 1e-20
6749.608411 5.609146e-16 1e-20
6749.859628 5.596988e-16 1e-20
6750.110845 5.608016e-16 1e-20
6750.362062 5.629918e-16 1e-20
6750.613279 5.641728e-16 1e-20
6750.864496 5.626961e-16 1e-20
6751.115713 5.610238e-16 1e-20
6751.36693 5.615092e-16 1e-20
6751.618146 5.619716e-16 1e-20
6751.869363 5.601698e-16 1e-20
6752.12058 5.573982e-16 1e-20
6752.371797 5.553806e-16 1e-20
6752.623014 5.553636e-16 1e-20
6752.874231 5.551003e-16 1e-20
6753.125448 5.548366e-16 1e-20
6753.376665 5.545733e-16 1e-20
6753.627882 5.543096e-16 1e-20
6753.879099 5.540463e-16 1e-20
6754.130316 5.537826e-16 1e-20
6754.381533 5.535193e-16 1e-20
6754.63275 5.532556e-16 1e-20
6754.883967 5.529923e-16 1e-20
6755.135184 5.527285e-16 1e-20
6755.386401 5.524653e-16 1e-20
6755.637617 5.522015e-16 1e-20
6755.888834 5.519383e-16 1e-20
6756.140051 5.493292e-16 1e-20
6756.391268 5.498726e-16 1e-20
6756.642485 5.525419e-16 1e-20
6756.893702 5.541057e-16 1e-20
6757.144919 5.539859e-16 1e-20
6757.396136 5.531138e-16 1e-20
6757.647353 5.527293e-16 1e-20
6757.89857 5.545122e-16 1e-20
6758.149787 5.574717e-16 1e-20
6758.401004 5.585568e-16 1e-20
6758.652221 5.567944e-16 1e-20
6758.903438 5.528463e-16 1e-20
6759.154655 5.486264e-16 1e-20
6759.405872 5.474545e-16 1e-20
6759.657089 5.496247e-16 1e-20
6759.908305 5.520075e-16 1e-20
6760.159522 5.528779e-16 1e-20
6760.410739 5.521443e-16 1e-20
6760.661956 5.504216e-16 1e-20
6760.913173 5.495889e-16 1e-20
6761.16439 5.503272e-16 1e-20
6761.415607 5.511736e-16 1e-20
6761.666824 5.516156e-16 1e-20
6761.918041 5.529258e-16 1e-20
6762.169258 5.553101e-16 1e-20
6762.420475 5.569595e-16 1e-20
6762.671692 5.569369e-16 1e-20
6762.922909 5.562149e-16 1e-20
6763.174126 5.555125e-16 1e-20
6763.425343 5.546752e-16 1e-20
6763.67656 5.538466e-16 1e-20
6763.927776 5.542035e-16 1e-20
6764.178993 5.56076e-16 1e-20
6764.43021 5.568701e-16 1e-20
6764.681427 5.54958e-16 1e-20
6764.932644 5.529848e-16 1e-20
6765.183861 5.530199e-16 1e-20
6765.435078 5.536761e-16 1e-20
6765.686295 5.534694e-16 1e-20
6765.937512 5.511235e-16 1e-20
6766.188729 5.460951e-16 1e-20
6766.439946 5.416477e-16 1e-20
6766.691163 5.409043e-16 1e-20
6766.94238 5.441775e-16 1e-20
6767.193597 5.507904e-16 1e-20
6767.444814 5.542546e-16 1e-20
6767.696031 5.485173e-16 1e-20
6767.947247 5.426025e-16 1e-20
6768.198464 5.47189e-16 1e-20
6768.449681 5.575423e-16 1e-20
6768.700898 5.657823e-16 1e-20
6768.952115 5.685837e-16 1e-20
6769.203332 5.639955e-16 1e-20
6769.454549 5.573941e-16 1e-20
6769.705766 5.563968e-16 1e-20
6769.956983 5.585269e-16 1e-20
6770.2082 5.578416e-16 1e-20
6770.459417 5.549311e-16 1e-20
6770.710634 5.528653e-16 1e-20
6770.961851 5.50745e-16 1e-20
6771.213068 5.459995e-16 1e-20
6771.464285 5.417482e-16 1e-20
6771.715502 5.437553e-16 1e-20
6771.966718 5.500793e-16 1e-20
6772.217935 5.54646e-16 1e-20
6772.469152 5.550666e-16 1e-20
6772.720369 5.509907e-16 1e-20
6772.971586 5.45355e-16 1e-20
6773.222803 5.438624e-16 1e-20
6773.47402 5.463591e-16 1e-20
6773.725237 5.476992e-16 1e-20
6773.976454 5.470789e-16 1e-20
6774.227671 5.476194e-16 1e-20
6774.478888 5.491405e-16 1e-20
6774.730105 5.483012e-16 1e-20
6774.981322 5.449077e-16 1e-20
6775.232539 5.422169e-16 1e-20
6775.483756 5.414981e-16 1e-20
6775.734973 5.413931e-16 1e-20
6775.986189 5.419777e-16 1e-20
6776.237406 5.45464e-16 1e-20
6776.488623 5.514179e-16 1e-20
6776.73984 5.554165e-16 1e-20
6776.991057 5.549464e-16 1e-20
6777.242274 5.507621e-16 1e-20
6777.493491 5.443812e-16 1e-20
6777.744708 5.385887e-16 1e-20
6777.995925 5.35646e-16 1e-20
6778.247142 5.364301e-16 1e-20
6778.498359 5.405441e-16 1e-20
6778.749576 5.447294e-16 1e-20
6779.000793 5.46615e-16 1e-20
6779.25201 5.47012e-16 1e-20
6779.503227 5.469552e-16 1e-20
6779.754444 5.479876e-16 1e-20
6780.00566 5.507426e-16 1e-20
6780.256877 5.516338e-16 1e-20
6780.508094 5.480349e-16 1e-20
6780.759311 5.425602e-16 1e-20
6781.010528 5.380161e-16 1e-20
6781.261745 5.356809e-16 1e-20
6781.512962 5.362198e-16 1e-20
6781.764179 5.380278e-16 1e-20
6782.015396 5.392269e-16 1e-20
6782.266613 5.38706e-16 1e-20
6782.51783 5.358867e-16 1e-20
6782.769047 5.332616e-16 1e-20
6783.020264 5.335718e-16 1e-20
6783.271481 5.357763e-16 1e-20
6783.522698 5.381272e-16 1e-20
6783.773915 5.400552e-16 1e-20
6784.025131 5.412082e-16 1e-20
6784.276348 5.433627e-16 1e-20
6784.527565 5.487298e-16 1e-20
6784.778782 5.54297e-16 1e-20
6785.029999 5.555812e-16 1e-20
6785.281216 5.540551e-16 1e-20
6785.532433 5.532965e-16 1e-20
6785.78365 5.528504e-16 1e-20
6786.034867 5.508076e-16 1e-20
6786.286084 5.475772e-16 1e-20
6786.537301 5.44482e-16 1e-20
6786.788518 5.421153e-16 1e-20
6787.039735 5.407529e-16 1e-20
6787.290952 5.401426e-16 1e-20
6787.542169 5.396763e-16 1e-20
6787.793386 5.392412e-16 1e-20
6788.044602 5.389867e-16 1e-20
6788.295819 5.394078e-16 1e-20
6788.547036 5.413749e-16 1e-20
6788.798253 5.441718e-16 1e-20
6789.04947 5.456441e-16 1e-20
6789.300687 5.459556e-16 1e-20
6789.551904 5.473832e-16 1e-20
6789.803121 5.502734e-16 1e-20
6790.054338 5.533453e-16 1e-20
6790.305555 5.544746e-16 1e-20
6790.556772 5.499472e-16 1e-20
6790.807989 5.412995e-16 1e-20
6791.059206 5.374671e-16 1e-20
6791.310423 5.407428e-16 1e-20
6791.56164 5.434361e-16 1e-20
6791.812857 5.418326e-16 1e-20
6792.064073 5.384287e-16 1e-20
6792.31529 5.356032e-16 1e-20
6792.566507 5.363134e-16 1e-20
6792.817724 5.410862e-16 1e-20
6793.068941 5.448328e-16 1e-20
6793.320158 5.444319e-16 1e-20
6793.571375 5.416868e-16 1e-20
6793.822592 5.385177e-16 1e-20
6794.073809 5.369305e-16 1e-20
6794.325026 5.381112e-16 1e-20
6794.576243 5.402241e-16 1e-20
6794.82746 5.41773e-16 1e-20
6795.078677 5.438023e-16 1e-20
6795.329894 5.467156e-16 1e-20
6795.581111 5.476863e-16 1e-20
6795.832328 5.448106e-16 1e-20
6796.083544 5.411056e-16 1e-20
6796.334761 5.393923e-16 1e-20
6796.585978 5.382623e-16 1e-20
6796.837195 5.363019e-16 1e-20
6797.088412 5.356418e-16 1e-20
6797.339629 5.381066e-16 1e-20
6797.590846 5.408386e-16 1e-20
6797.842063 5.407694e-16 1e-20
6798.09328 5.38184e-16 1e-20
6798.344497 5.341397e-16 1e-20
6798.595714 5.321457e-16 1e-20
6798.846931 5.357248e-16 1e-20
6799.098148 5.406105e-16 1e-20
6799.349365 5.409271e-16 1e-20
6799.600582 5.381245e-16 1e-20
6799.851799 5.356526e-16 1e-20
6800.103015 5.342099e-16 1e-20
6800.354232 5.3371e-16 1e-20
6800.605449 5.338385e-16 1e-20
6800.856666 5.341435e-16 1e-20
6801.107883 5.337043e-16 1e-20
6801.3591 5.313208e-16 1e-20
6801.610317 5.292554e-16 1e-20
6801.861534 5.314513e-16 1e-20
6802.112751 5.358238e-16 1e-20
6802.363968 5.370853e-16 1e-20
6802.615185 5.348692e-16 1e-20
6802.866402 5.317062e-16 1e-20
6803.117619 5.287802e-16 1e-20
6803.368836 5.26541e-16 1e-20
6803.620053 5.251684e-16 1e-20
6803.87127 5.245438e-16 1e-20
6804.122486 5.241057e-16 1e-20
6804.373703 5.22823e-16 1e-20
6804.62492 5.213583e-16 1e-20
6804.876137 5.220396e-16 1e-20
6805.127354 5.251599e-16 1e-20
6805.378571 5.289069e-16 1e-20
6805.629788 5.317212e-16 1e-20
6805.881005 5.32296e-16 1e-20
6806.132222 5.304003e-16 1e-20
6806.383439 5.272902e-16 1e-20
6806.634656 5.243991e-16 1e-20
6806.885873 5.232841e-16 1e-20
6807.13709 5.24636e-16 1e-20
6807.388307 5.277323e-16 1e-20
6807.639524 5.313111e-16 1e-20
6807.890741 5.331863e-16 1e-20
6808.141957 5.323486e-16 1e-20
6808.393174 5.304823e-16 1e-20
6808.644391 5.288619e-16 1e-20
6808.895608 5.273835e-16 1e-20
6809.146825 5.260409e-16 1e-20
6809.398042 5.249163e-16 1e-20
6809.649259 5.241537e-16 1e-20
6809.900476 5.245125e-16 1e-20
6810.151693 5.262145e-16 1e-20
6810.40291 5.275846e-16 1e-20
6810.654127 5.272856e-16 1e-20
6810.905344 5.257421e-16 1e-20
6811.156561 5.236385e-16 1e-20
6811.407778 5.219543e-16 1e-20
6811.658995 5.215081e-16 1e-20
6811.910212 5.219278e-16 1e-20
6812.161428 5.226457e-16 1e-20
6812.412645 5.232728e-16 1e-20
6812.663862 5.234591e-16 1e-20
6812.915079 5.233145e-16 1e-20
6813.166296 5.230389e-16 1e-20
6813.417513 5.221827e-16 1e-20
6813.66873 5.203532e-16 1e-20
6813.919947 5.183499e-16 1e-20
6814.171164 5.17168e-16 1e-20
6814.422381 5.175583e-16 1e-20
6814.673598 5.20018e-16 1e-20
6814.924815 5.232991e-16 1e-20
6815.176032 5.256227e-16 1e-20
6815.427249 5.264698e-16 1e-20
6815.678466 5.258678e-16 1e-20
6815.929683 5.238438e-16 1e-20
6816.180899 5.20557e-16 1e-20
6816.432116 5.17096e-16 1e-20
6816.683333 5.148829e-16 1e-20
6816.93455 5.142164e-16 1e-20
6817.185767 5.147266e-16 1e-20
6817.436984 5.159021e-16 1e-20
6817.688201 5.172794e-16 1e-20
6817.939418 5.175362e-16 1e-20
6818.190635 5.147308e-16 1e-20
6818.441852 5.109396e-16 1e-20
6818.693069 5.110432e-16 1e-20
6818.944286 5.153879e-16 1e-20
6819.195503 5.208155e-16 1e-20
6819.44672 5.250651e-16 1e-20
6819.697937 5.265424e-16 1e-20
6819.949154 5.250535e-16 1e-20
6820.20037 5.220507e-16 1e-20
6820.451587 5.186808e-16 1e-20
6820.702804 5.155868e-16 1e-20
6820.954021 5.136524e-16 1e-20
6821.205238 5.138672e-16 1e-20
6821.456455 5.164501e-16 1e-20
6821.707672 5.208492e-16 1e-20
6821.958889 5.254865e-16 1e-20
6822.210106 5.270859e-16 1e-20
6822.461323 5.248192e-16 1e-20
6822.71254 5.22224e-16 1e-20
6822.963757 5.215875e-16 1e-20
6823.214974 5.226318e-16 1e-20
6823.466191 5.24591e-16 1e-20
6823.717408 5.255272e-16 1e-20
6823.968625 5.241971e-16 1e-20
6824.219841 5.212648e-16 1e-20
6824.471058 5.178111e-16 1e-20
6824.722275 5.159916e-16 1e-20
6824.973492 5.169235e-16 1e-20
6825.224709 5.179388e-16 1e-20
6825.475926 5.170163e-16 1e-20
6825.727143 5.155758e-16 1e-20
6825.97836 5.14943e-16 1e-20
6826.229577 5.152082e-16 1e-20
6826.480794 5.162502e-16 1e-20
6826.732011 5.171355e-16 1e-20
6826.983228 5.170285e-16 1e-20
6827.234445 5.165346e-16 1e-20
6827.485662 5.163385e-16 1e-20
6827.736879 5.158226e-16 1e-20
6827.988096 5.144196e-16 1e-20
6828.239312 5.135904e-16 1e-20
6828.490529 5.147946e-16 1e-20
6828.741746 5.168469e-16 1e-20
6828.992963 5.180985e-16 1e-20
6829.24418 5.178208e-16 1e-20
6829.495397 5.156151e-16 1e-20
6829.746614 5.124845e-16 1e-20
6829.997831 5.099506e-16 1e-20
6830.249048 5.074338e-16 1e-20
6830.500265 5.036398e-16 1e-20
6830.751482 5.017841e-16 1e-20
6831.002699 5.063967e-16 1e-20
6831.253916 5.132423e-16 1e-20
6831.505133 5.147853e-16 1e-20
6831.75635 5.117215e-16 1e-20
6832.007567 5.082902e-16 1e-20
6832.258783 5.066831e-16 1e-20
6832.51 5.084708e-16 1e-20
6832.761217 5.11127e-16 1e-20
6833.012434 5.093968e-16 1e-20
6833.263651 5.051484e-16 1e-20
6833.514868 5.048312e-16 1e-20
6833.766085 5.088075e-16 1e-20
6834.017302 5.133165e-16 1e-20
6834.268519 5.157831e-16 1e-20
6834.519736 5.143341e-16 1e-20
6834.770953 5.097072e-16 1e-20
6835.02217 5.05132e-16 1e-20
6835.273387 5.028528e-16 1e-20
6835.524604 5.041716e-16 1e-20
6835.775821 5.080088e-16 1e-20
6836.027038 5.103656e-16 1e-20
6836.278254 5.097119e-16 1e-20
6836.529471 5.076752e-16 1e-20
6836.780688 5.061082e-16 1e-20
6837.031905 5.075696e-16 1e-20
6837.283122 5.119893e-16 1e-20
6837.534339 5.146591e-16 1e-20
6837.785556 5.133838e-16 1e-20
6838.036773 5.106944e-16 1e-20
6838.28799 5.084253e-16 1e-20
6838.539207 5.069397e-16 1e-20
6838.790424 5.065121e-16 1e-20
6839.041641 5.069314e-16 1e-20
6839.292858 5.078291e-16 1e-20
6839.544075 5.091734e-16 1e-20
6839.795292 5.102017e-16 1e-20
6840.046509 5.075442e-16 1e-20
6840.297725 4.997783e-16 1e-20
6840.548942 4.919058e-16 1e-20
6840.800159 4.882272e-16 1e-20
6841.051376 4.888515e-16 1e-20
6841.302593 4.929876e-16 1e-20
6841.55381 4.97835e-16 1e-20
6841.805027 5.007536e-16 1e-20
6842.056244 5.023568e-16 1e-20
6842.307461 5.034806e-16 1e-20
6842.558678 5.028862e-16 1e-20
6842.809895 4.996983e-16 1e-20
6843.061112 4.960098e-16 1e-20
6843.312329 4.940919e-16 1e-20
6843.563546 4.944676e-16 1e-20
6843.814763 4.970412e-16 1e-20
6844.06598 4.998446e-16 1e-20
6844.317196 5.006707e-16 1e-20
6844.568413 4.993987e-16 1e-20
6844.81963 4.965857e-16 1e-20
6845.070847 4.942493e-16 1e-20
6845.322064 4.946947e-16 1e-20
6845.573281 4.969086e-16 1e-20
6845.824498 4.987489e-16 1e-20
6846.075715 4.997728e-16 1e-20
6846.326932 5.001399e-16 1e-20
6846.578149 4.996167e-16 1e-20
6846.829366 4.979833e-16 1e-20
6847.080583 4.956199e-16 1e-20
6847.3318 4.931019e-16 1e-20
6847.583017 4.915004e-16 1e-20
6847.834234 4.92183e-16 1e-20
6848.085451 4.939747e-16 1e-20
6848.336667 4.940501e-16 1e-20
6848.587884 4.928002e-16 1e-20
6848.839101 4.928296e-16 1e-20
6849.090318 4.936524e-16 1e-20
6849.341535 4.926131e-16 1e-20
6849.592752 4.892537e-16 1e-20
6849.843969 4.848779e-16 1e-20
6850.095186 4.806803e-16 1e-20
6850.346403 4.775943e-16 1e-20
6850.59762 4.771635e-16 1e-20
6850.848837 4.816937e-16 1e-20
6851.100054 4.895342e-16 1e-20
6851.351271 4.944781e-16 1e-20
6851.602488 4.93532e-16 1e-20
6851.853705 4.877107e-16 1e-20
6852.104922 4.800108e-16 1e-20
6852.356138 4.766615e-16 1e-20
6852.607355 4.799505e-16 1e-20
6852.858572 4.852836e-16 1e-20
6853.109789 4.889991e-16 1e-20
6853.361006 4.892742e-16 1e-20
6853.612223 4.859132e-16 1e-20
6853.86344 4.824652e-16 1e-20
6854.114657 4.815791e-16 1e-20
6854.365874 4.832302e-16 1e-20
6854.617091 4.867229e-16 1e-20
6854.868308 4.900468e-16 1e-20
6855.119525 4.912701e-16 1e-20
6855.370742 4.885857e-16 1e-20
6855.621959 4.820049e-16 1e-20
6855.873176 4.77948e-16 1e-20
6856.124393 4.809146e-16 1e-20
6856.375609 4.854936e-16 1e-20
6856.626826 4.868606e-16 1e-20
6856.878043 4.877882e-16 1e-20
6857.12926 4.906782e-16 1e-20
6857.380477 4.921925e-16 1e-20
6857.631694 4.894435e-16 1e-20
6857.882911 4.849142e-16 1e-20
6858.134128 4.81557e-16 1e-20
6858.385345 4.801334e-16 1e-20
6858.636562 4.808565e-16 1e-20
6858.887779 4.831663e-16 1e-20
6859.138996 4.861284e-16 1e-20
6859.390213 4.879041e-16 1e-20
6859.64143 4.869243e-16 1e-20
6859.892647 4.836821e-16 1e-20
6860.143864 4.794315e-16 1e-20
6860.39508 4.788619e-16 1e-20
6860.646297 4.801484e-16 1e-20
6860.897514 4.814324e-16 1e-20
6861.148731 4.827189e-16 1e-20
6861.399948 4.840029e-16 1e-20
6861.651165 4.852894e-16 1e-20
6861.902382 4.865734e-16 1e-20
6862.153599 4.8786e-16 1e-20
6862.404816 4.750936e-16 1e-20
6862.656033 4.721856e-16 1e-20
6862.90725 4.759475e-16 1e-20
6863.158467 4.786032e-16 1e-20
6863.409684 4.780295e-16 1e-20
6863.660901 4.755214e-16 1e-20
6863.912118 4.731988e-16 1e-20
6864.163335 4.742655e-16 1e-20
6864.414551 4.774366e-16 1e-20
6864.665768 4.777136e-16 1e-20
6864.916985 4.745165e-16 1e-20
6865.168202 4.708267e-16 1e-20
6865.419419 4.684184e-16 1e-20
6865.670636 4.682219e-16 1e-20
6865.921853 4.68093e-16 1e-20
6866.17307 4.625335e-16 1e-20
6866.424287 4.481732e-16 1e-20
6866.675504 4.24308e-16 1e-20
6866.926721 3.92776e-16 1e-20
6867.177938 3.587873e-16 1e-20
6867.429155 3.269429e-16 1e-20
6867.680372 3.003838e-16 1e-20
6867.931589 2.810346e-16 1e-20
6868.182806 2.681653e-16 1e-20
6868.434022 2.623136e-16 1e-20
6868.685239 2.680436e-16 1e-20
6868.936456 2.849175e-16 1e-20
6869.187673 3.017591e-16 1e-20
6869.43889 3.118017e-16 1e-20
6869.690107 3.2046e-16 1e-20
6869.941324 3.308472e-16 1e-20
6870.192541 3.38368e-16 1e-20
6870.443758 3.39937e-16 1e-20
6870.694975 3.358252e-16 1e-20
6870.946192 3.280063e-16 1e-20
6871.197409 3.245729e-16 1e-20
6871.448626 3.309214e-16 1e-20
6871.699843 3.395964e-16 1e-20
6871.95106 3.43484e-16 1e-20
6872.202277 3.427742e-16 1e-20
6872.453493 3.389958e-16 1e-20
6872.70471 3.374527e-16 1e-20
6872.955927 3.42794e-16 1e-20
6873.207144 3.514451e-16 1e-20
6873.458361 3.588091e-16 1e-20
6873.709578 3.632314e-16 1e-20
6873.960795 3.638658e-16 1e-20
6874.212012 3.626013e-16 1e-20
6874.463229 3.619954e-16 1e-20
6874.714446 3.62187e-16 1e-20
6874.965663 3.623028e-16 1e-20
6875.21688 3.655501e-16 1e-20
6875.468097 3.758637e-16 1e-20
6875.719314 3.776256e-16 1e-20
6875.970531 3.513434e-16 1e-20
6876.221748 3.148282e-16 1e-20
6876.472965 2.976141e-16 1e-20
6876.724181 3.055343e-16 1e-20
6876.975398 3.34828e-16 1e-20
6877.226615 3.70608e-16 1e-20
6877.477832 3.919519e-16 1e-20
6877.729049 3.995058e-16 1e-20
6877.980266 4.056689e-16 1e-20
6878.231483 4.105411e-16 1e-20
6878.4827 4.082423e-16 1e-20
6878.733917 3.998041e-16 1e-20
6878.985134 3.898439e-16 1e-20
6879.236351 3.829306e-16 1e-20
6879.487568 3.835978e-16 1e-20
6879.738785 3.924055e-16 1e-20
6879.990002 4.06651e-16 1e-20
6880.241219 4.220608e-16 1e-20
6880.492436 4.329488e-16 1e-20
6880.743652 4.381272e-16 1e-20
6880.994869 4.41183e-16 1e-20
6881.246086 4.443518e-16 1e-20
6881.497303 4.484156e-16 1e-20
6881.74852 4.529391e-16 1e-20
6881.999737 4.554914e-16 1e-20
6882.250954 4.550752e-16 1e-20
6882.502171 4.53128e-16 1e-20
6882.753388 4.496793e-16 1e-20
6883.004605 4.423526e-16 1e-20
6883.255822 4.312555e-16 1e-20
6883.507039 4.204262e-16 1e-20
6883.758256 4.132808e-16 1e-20
6884.009473 4.123138e-16 1e-20
6884.26069 4.173452e-16 1e-20
6884.511907 4.226783e-16 1e-20
6884.763123 4.234804e-16 1e-20
6885.01434 4.176171e-16 1e-20
6885.265557 4.051647e-16 1e-20
6885.516774 3.917989e-16 1e-20
6885.767991 3.823625e-16 1e-20
6886.019208 3.765982e-16 1e-20
6886.270425 3.742489e-16 1e-20
6886.521642 3.768086e-16 1e-20
6886.772859 3.847883e-16 1e-20
6887.024076 3.963309e-16 1e-20
6887.275293 4.089318e-16 1e-20
6887.52651 4.195796e-16 1e-20
6887.777727 4.253868e-16 1e-20
6888.028944 4.236316e-16 1e-20
6888.280161 4.129587e-16 1e-20
6888.531378 3.956618e-16 1e-20
6888.782594 3.75472e-16 1e-20
6889.033811 3.600899e-16 1e-20
6889.285028 3.566911e-16 1e-20
6889.536245 3.625256e-16 1e-20
6889.787462 3.723771e-16 1e-20
6890.038679 3.855812e-16 1e-20
6890.289896 4.019188e-16 1e-20
6890.541113 4.187238e-16 1e-20
6890.79233 4.32846e-16 1e-20
6891.043547 4.414918e-16 1e-20
6891.294764 4.42576e-16 1e-20
6891.545981 4.346067e-16 1e-20
6891.797198 4.168844e-16 1e-20
6892.048415 3.95355e-16 1e-20
6892.299632 3.788581e-16 1e-20
6892.550849 3.679759e-16 1e-20
6892.802065 3.591237e-16 1e-20
6893.053282 3.557192e-16 1e-20
6893.304499 3.638875e-16 1e-20
6893.555716 3.829285e-16 1e-20
6893.806933 4.085516e-16 1e-20
6894.05815 4.323272e-16 1e-20
6894.309367 4.429596e-16 1e-20
6894.560584 4.404835e-16 1e-20
6894.811801 4.336704e-16 1e-20
6895.063018 4.25872e-16 1e-20
6895.314235 4.164821e-16 1e-20
6895.565452 4.041719e-16 1e-20
6895.816669 3.862446e-16 1e-20
6896.067886 3.651034e-16 1e-20
6896.319103 3.483433e-16 1e-20
6896.57032 3.413045e-16 1e-20
6896.821536 3.468415e-16 1e-20
6897.072753 3.63458e-16 1e-20
6897.32397 3.838506e-16 1e-20
6897.575187 4.028065e-16 1e-20
6897.826404 4.188853e-16 1e-20
6898.077621 4.3071e-16 1e-20
6898.328838 4.37371e-16 1e-20
6898.580055 4.383761e-16 1e-20
6898.831272 4.333506e-16 1e-20
6899.082489 4.226362e-16 1e-20
6899.333706 4.07042e-16 1e-20
6899.584923 3.890212e-16 1e-20
6899.83614 3.747e-16 1e-20
6900.087357 3.678427e-16 1e-20
6900.338574 3.650692e-16 1e-20
6900.589791 3.646894e-16 1e-20
6900.841007 3.726515e-16 1e-20
6901.092224 3.914462e-16 1e-20
6901.343441 4.123722e-16 1e-20
6901.594658 4.27668e-16 1e-20
6901.845875 4.352638e-16 1e-20
6902.097092 4.351373e-16 1e-20
6902.348309 4.343465e-16 1e-20
6902.599526 4.387094e-16 1e-20
6902.850743 4.4256e-16 1e-20
6903.10196 4.398025e-16 1e-20
6903.353177 4.286833e-16 1e-20
6903.604394 4.092656e-16 1e-20
6903.855611 3.886321e-16 1e-20
6904.106828 3.745086e-16 1e-20
6904.358045 3.680565e-16 1e-20
6904.609262 3.686633e-16 1e-20
6904.860478 3.749633e-16 1e-20
6905.111695 3.848988e-16 1e-20
6905.362912 3.969965e-16 1e-20
6905.614129 4.099006e-16 1e-20
6905.865346 4.22272e-16 1e-20
6906.116563 4.329243e-16 1e-20
6906.36778 4.410708e-16 1e-20
6906.618997 4.462234e-16 1e-20
6906.870214 4.477364e-16 1e-20
6907.121431 4.450972e-16 1e-20
6907.372648 4.38832e-16 1e-20
6907.623865 4.301173e-16 1e-20
6907.875082 4.195197e-16 1e-20
6908.126299 4.073083e-16 1e-20
6908.377516 3.960574e-16 1e-20
6908.628733 3.895405e-16 1e-20
6908.879949 3.879314e-16 1e-20
6909.131166 3.888705e-16 1e-20
6909.382383 3.932521e-16 1e-20
6909.6336 4.041336e-16 1e-20
6909.884817 4.189719e-16 1e-20
6910.136034 4.311771e-16 1e-20
6910.387251 4.38289e-16 1e-20
6910.638468 4.412878e-16 1e-20
6910.889685 4.416655e-16 1e-20
6911.140902 4.416363e-16 1e-20
6911.392119 4.420607e-16 1e-20
6911.643336 4.419739e-16 1e-20
6911.894553 4.408965e-16 1e-20
6912.14577 4.392486e-16 1e-20
6912.396987 4.356611e-16 1e-20
6912.648204 4.26139e-16 1e-20
6912.89942 4.112184e-16 1e-20
6913.150637 3.981935e-16 1e-20
6913.401854 3.914893e-16 1e-20
6913.653071 3.905677e-16 1e-20
6913.904288 3.944259e-16 1e-20
6914.155505 4.01168e-16 1e-20
6914.406722 4.09159e-16 1e-20
6914.657939 4.184008e-16 1e-20
6914.909156 4.281235e-16 1e-20
6915.160373 4.354893e-16 1e-20
6915.41159 4.390207e-16 1e-20
6915.662807 4.407785e-16 1e-20
6915.914024 4.423928e-16 1e-20
6916.165241 4.434596e-16 1e-20
6916.416458 4.434817e-16 1e-20
6916.667675 4.417441e-16 1e-20
6916.918891 4.377598e-16 1e-20
6917.170108 4.319573e-16 1e-20
6917.421325 4.250492e-16 1e-20
6917.672542 4.186003e-16 1e-20
6917.923759 4.138851e-16 1e-20
6918.174976 4.091079e-16 1e-20
6918.426193 4.028565e-16 1e-20
6918.67741 3.996133e-16 1e-20
6918.928627 4.03522e-16 1e-20
6919.179844 4.106622e-16 1e-20
6919.431061 4.161996e-16 1e-20
6919.682278 4.209419e-16 1e-20
6919.933495 4.265167e-16 1e-20
6920.184712 4.315468e-16 1e-20
6920.435929 4.343359e-16 1e-20
6920.687146 4.357725e-16 1e-20
6920.938362 4.373228e-16 1e-20
6921.189579 4.383387e-16 1e-20
6921.440796 4.376498e-16 1e-20
6921.692013 4.358042e-16 1e-20
6921.94323 4.33898e-16 1e-20
6922.194447 4.31701e-16 1e-20
6922.445664 4.284994e-16 1e-20
6922.696881 4.249782e-16 1e-20
6922.948098 4.22498e-16 1e-20
6923.199315 4.203275e-16 1e-20
6923.450532 4.166442e-16 1e-20
6923.701749 4.133355e-16 1e-20
6923.952966 4.142776e-16 1e-20
6924.204183 4.189531e-16 1e-20
6924.4554 4.243483e-16 1e-20
6924.706617 4.288667e-16 1e-20
6924.957833 4.314344e-16 1e-20
6925.20905 4.349836e-16 1e-20
6925.460267 4.354996e-16 1e-20
6925.711484 4.360147e-16 1e-20
6925.962701 4.365308e-16 1e-20
6926.213918 4.370458e-16 1e-20
6926.465135 4.375619e-16 1e-20
6926.716352 4.38077e-16 1e-20
6926.967569 4.385931e-16 1e-20
6927.218786 4.391081e-16 1e-20
6927.470003 4.370283e-16 1e-20
6927.72122 4.403683e-16 1e-20
6927.972437 4.428014e-16 1e-20
6928.223654 4.407662e-16 1e-20
6928.474871 4.360201e-16 1e-20
6928.726088 4.304639e-16 1e-20
6928.977304 4.26289e-16 1e-20
6929.228521 4.246382e-16 1e-20
6929.479738 4.239253e-16 1e-20
6929.730955 4.232249e-16 1e-20
6929.982172 4.23335e-16 1e-20
6930.233389 4.247861e-16 1e-20
6930.484606 4.275352e-16 1e-20
6930.735823 4.315229e-16 1e-20
6930.98704 4.369757e-16 1e-20
6931.238257 4.434114e-16 1e-20
6931.489474 4.481526e-16 1e-20
6931.740691 4.492985e-16 1e-20
6931.991908 4.480066e-16 1e-20
6932.243125 4.45637e-16 1e-20
6932.494342 4.431268e-16 1e-20
6932.745559 4.411511e-16 1e-20
6932.996775 4.382849e-16 1e-20
6933.247992 4.334976e-16 1e-20
6933.499209 4.29964e-16 1e-20
6933.750426 4.30531e-16 1e-20
6934.001643 4.330008e-16 1e-20
6934.25286 4.346564e-16 1e-20
6934.504077 4.346644e-16 1e-20
6934.755294 4.327345e-16 1e-20
6935.006511 4.308452e-16 1e-20
6935.257728 4.312914e-16 1e-20
6935.508945 4.332162e-16 1e-20
6935.760162 4.350168e-16 1e-20
6936.011379 4.368829e-16 1e-20
6936.262596 4.393966e-16 1e-20
6936.513813 4.412761e-16 1e-20
6936.76503 4.408043e-16 1e-20
6937.016246 4.397144e-16 1e-20
6937.267463 4.408815e-16 1e-20
6937.51868 4.429046e-16 1e-20
6937.769897 4.427756e-16 1e-20
6938.021114 4.408938e-16 1e-20
6938.272331 4.390501e-16 1e-20
6938.523548 4.380041e-16 1e-20
6938.774765 4.381417e-16 1e-20
6939.025982 4.382547e-16 1e-20
6939.277199 4.361863e-16 1e-20
6939.528416 4.321747e-16 1e-20
6939.779633 4.279371e-16 1e-20
6940.03085 4.249148e-16 1e-20
6940.282067 4.244495e-16 1e-20
6940.533284 4.258702e-16 1e-20
6940.784501 4.267724e-16 1e-20
6941.035717 4.26355e-16 1e-20
6941.286934 4.253171e-16 1e-20
6941.538151 4.241709e-16 1e-20
6941.789368 4.233306e-16 1e-20
6942.040585 4.232715e-16 1e-20
6942.291802 4.242923e-16 1e-20
6942.543019 4.268615e-16 1e-20
6942.794236 4.318966e-16 1e-20
6943.045453 4.383187e-16 1e-20
6943.29667 4.422384e-16 1e-20
6943.547887 4.418798e-16 1e-20
6943.799104 4.385983e-16 1e-20
6944.050321 4.347087e-16 1e-20
6944.301538 4.345214e-16 1e-20
6944.552755 4.392966e-16 1e-20
6944.803972 4.437542e-16 1e-20
6945.055188 4.444091e-16 1e-20
6945.306405 4.422574e-16 1e-20
6945.557622 4.38715e-16 1e-20
6945.808839 4.360842e-16 1e-20
6946.060056 4.360769e-16 1e-20
6946.311273 4.383238e-16 1e-20
6946.56249 4.417961e-16 1e-20
6946.813707 4.442283e-16 1e-20
6947.064924 4.437282e-16 1e-20
6947.316141 4.393939e-16 1e-20
6947.567358 4.318012e-16 1e-20
6947.818575 4.274829e-16 1e-20
6948.069792 4.314894e-16 1e-20
6948.321009 4.388625e-16 1e-20
6948.572226 4.441044e-16 1e-20
6948.823443 4.458562e-16 1e-20
6949.074659 4.437684e-16 1e-20
6949.325876 4.417767e-16 1e-20
6949.577093 4.438692e-16 1e-20
6949.82831 4.460983e-16 1e-20
6950.079527 4.437587e-16 1e-20
6950.330744 4.39232e-16 1e-20
6950.581961 4.36106e-16 1e-20
6950.833178 4.351117e-16 1e-20
6951.084395 4.362794e-16 1e-20
6951.335612 4.382075e-16 1e-20
6951.586829 4.39017e-16 1e-20
6951.838046 4.396077e-16 1e-20
6952.089263 4.416967e-16 1e-20
6952.34048 4.444364e-16 1e-20
6952.591697 4.461483e-16 1e-20
6952.842914 4.464845e-16 1e-20
6953.09413 4.456749e-16 1e-20
6953.345347 4.440186e-16 1e-20
6953.596564 4.418618e-16 1e-20
6953.847781 4.401278e-16 1e-20
6954.098998 4.400367e-16 1e-20
6954.350215 4.407558e-16 1e-20
6954.601432 4.401811e-16 1e-20
6954.852649 4.383081e-16 1e-20
6955.103866 4.365222e-16 1e-20
6955.355083 4.350181e-16 1e-20
6955.6063 4.333089e-16 1e-20
6955.857517 4.308638e-16 1e-20
6956.108734 4.269013e-16 1e-20
6956.359951 4.227972e-16 1e-20
6956.611168 4.219996e-16 1e-20
6956.862385 4.252502e-16 1e-20
6957.113601 4.303815e-16 1e-20
6957.364818 4.359792e-16 1e-20
6957.616035 4.415028e-16 1e-20
6957.867252 4.461479e-16 1e-20
6958.118469 4.491527e-16 1e-20
6958.369686 4.496499e-16 1e-20
6958.620903 4.462117e-16 1e-20
6958.87212 4.397604e-16 1e-20
6959.123337 4.350575e-16 1e-20
6959.374554 4.345606e-16 1e-20
6959.625771 4.365119e-16 1e-20
6959.876988 4.387422e-16 1e-20
6960.128205 4.381934e-16 1e-20
6960.379422 4.336583e-16 1e-20
6960.630639 4.284822e-16 1e-20
6960.881856 4.256599e-16 1e-20
6961.133072 4.268107e-16 1e-20
6961.384289 4.322639e-16 1e-20
6961.635506 4.385299e-16 1e-20
6961.886723 4.42788e-16 1e-20
6962.13794 4.462198e-16 1e-20
6962.389157 4.496757e-16 1e-20
6962.640374 4.51543e-16 1e-20
6962.891591 4.50734e-16 1e-20
6963.142808 4.469006e-16 1e-20
6963.394025 4.409776e-16 1e-20
6963.645242 4.407748e-16 1e-20
6963.896459 4.405716e-16 1e-20
6964.147676 4.403689e-16 1e-20
6964.398893 4.401657e-16 1e-20
6964.65011 4.399629e-16 1e-20
6964.901327 4.397597e-16 1e-20
6965.152543 4.395569e-16 1e-20
6965.40376 4.393537e-16 1e-20
6965.654977 4.391509e-16 1e-20
6965.906194 4.389477e-16 1e-20
6966.157411 4.387449e-16 1e-20
6966.408628 4.385417e-16 1e-20
6966.659845 4.383389e-16 1e-20
6966.911062 4.401045e-16 1e-20
6967.162279 4.417228e-16 1e-20
6967.413496 4.430253e-16 1e-20
6967.664713 4.434788e-16 1e-20
6967.91593 4.424507e-16 1e-20
6968.167147 4.410135e-16 1e-20
6968.418364 4.410532e-16 1e-20
6968.669581 4.413943e-16 1e-20
6968.920798 4.39381e-16 1e-20
6969.172014 4.363517e-16 1e-20
6969.423231 4.35624e-16 1e-20
6969.674448 4.378621e-16 1e-20
6969.925665 4.422621e-16 1e-20
6970.176882 4.46489e-16 1e-20
6970.428099 4.471102e-16 1e-20
6970.679316 4.438781e-16 1e-20
6970.930533 4.389612e-16 1e-20
6971.18175 4.347687e-16 1e-20
6971.432967 4.340986e-16 1e-20
6971.684184 4.363616e-16 1e-20
6971.935401 4.37528e-16 1e-20
6972.186618 4.361462e-16 1e-20
6972.437835 4.334134e-16 1e-20
6972.689052 4.312518e-16 1e-20
6972.940269 4.32841e-16 1e-20
6973.191485 4.382873e-16 1e-20
6973.442702 4.432511e-16 1e-20
6973.693919 4.453781e-16 1e-20
6973.945136 4.45402e-16 1e-20
6974.196353 4.440731e-16 1e-20
6974.44757 4.424777e-16 1e-20
6974.698787 4.409272e-16 1e-20
6974.950004 4.377021e-16 1e-20
6975.201221 4.323984e-16 1e-20
6975.452438 4.274229e-16 1e-20
6975.703655 4.246454e-16 1e-20
6975.954872 4.247836e-16 1e-20
6976.206089 4.27583e-16 1e-20
6976.457306 4.301591e-16 1e-20
6976.708523 4.305181e-16 1e-20
6976.95974 4.30269e-16 1e-20
6977.210956 4.307256e-16 1e-20
6977.462173 4.312627e-16 1e-20
6977.71339 4.313545e-16 1e-20
6977.964607 4.308675e-16 1e-20
6978.215824 4.298619e-16 1e-20
6978.467041 4.295689e-16 1e-20
6978.718258 4.309025e-16 1e-20
6978.969475 4.322997e-16 1e-20
6979.220692 4.32232e-16 1e-20
6979.471909 4.31141e-16 1e-20
6979.723126 4.29806e-16 1e-20
6979.974343 4.296078e-16 1e-20
6980.22556 4.316819e-16 1e-20
6980.476777 4.348202e-16 1e-20
6980.727994 4.373587e-16 1e-20
6980.979211 4.370743e-16 1e-20
6981.230427 4.321087e-16 1e-20
6981.481644 4.258425e-16 1e-20
6981.732861 4.228269e-16 1e-20
6981.984078 4.237145e-16 1e-20
6982.235295 4.277886e-16 1e-20
6982.486512 4.323385e-16 1e-20
6982.737729 4.339438e-16 1e-20
6982.988946 4.328445e-16 1e-20
6983.240163 4.308908e-16 1e-20
6983.49138 4.288979e-16 1e-20
6983.742597 4.272824e-16 1e-20
6983.993814 4.26829e-16 1e-20
6984.245031 4.283316e-16 1e-20
6984.496248 4.311472e-16 1e-20
6984.747465 4.338247e-16 1e-20
6984.998682 4.354177e-16 1e-20
6985.249898 4.353925e-16 1e-20
6985.501115 4.337391e-16 1e-20
6985.752332 4.307257e-16 1e-20
6986.003549 4.278595e-16 1e-20
6986.254766 4.277819e-16 1e-20
6986.505983 4.294198e-16 1e-20
6986.7572 4.283408e-16 1e-20
6987.008417 4.23709e-16 1e-20
6987.259634 4.181568e-16 1e-20
6987.510851 4.139884e-16 1e-20
6987.762068 4.133117e-16 1e-20
6988.013285 4.163674e-16 1e-20
6988.264502 4.209214e-16 1e-20
6988.515719 4.249286e-16 1e-20
6988.766936 4.266862e-16 1e-20
6989.018153 4.258502e-16 1e-20
6989.269369 4.242946e-16 1e-20
6989.520586 4.235883e-16 1e-20
6989.771803 4.247196e-16 1e-20
6990.02302 4.274981e-16 1e-20
6990.274237 4.292063e-16 1e-20
6990.525454 4.283284e-16 1e-20
6990.776671 4.261425e-16 1e-20
6991.027888 4.24097e-16 1e-20
6991.279105 4.241729e-16 1e-20
6991.530322 4.270587e-16 1e-20
6991.781539 4.292665e-16 1e-20
6992.032756 4.284938e-16 1e-20
6992.283973 4.273256e-16 1e-20
6992.53519 4.277815e-16 1e-20
6992.786407 4.288363e-16 1e-20
6993.037624 4.294246e-16 1e-20
6993.28884 4.286162e-16 1e-20
6993.540057 4.259761e-16 1e-20
6993.791274 4.237742e-16 1e-20
6994.042491 4.240365e-16 1e-20
6994.293708 4.255868e-16 1e-20
6994.544925 4.269222e-16 1e-20
6994.796142 4.275916e-16 1e-20
6995.047359 4.273327e-16 1e-20
6995.298576 4.263126e-16 1e-20
6995.549793 4.248569e-16 1e-20
6995.80101 4.233998e-16 1e-20
6996.052227 4.223718e-16 1e-20
6996.303444 4.21063e-16 1e-20
6996.554661 4.185608e-16 1e-20
6996.805878 4.163769e-16 1e-20
6997.057095 4.165618e-16 1e-20
6997.308312 4.17308e-16 1e-20
6997.559528 4.157451e-16 1e-20
6997.810745 4.135154e-16 1e-20
6998.061962 4.137093e-16 1e-20
6998.313179 4.160982e-16 1e-20
6998.564396 4.191194e-16 1e-20
6998.815613 4.219331e-16 1e-20
6999.06683 4.240774e-16 1e-20
6999.318047 4.245666e-16 1e-20
6999.569264 4.221683e-16 1e-20
6999.820481 4.191092e-16 1e-20
7000.071698 4.195461e-16 1e-20
7000.322915 4.233743e-16 1e-20
7000.574132 4.278647e-16 1e-20
7000.825349 4.304107e-16 1e-20
7001.076566 4.282896e-16 1e-20
7001.327783 4.228488e-16 1e-20
7001.578999 4.189225e-16 1e-20
7001.830216 4.182486e-16 1e-20
7002.081433 4.197605e-16 1e-20
7002.33265 4.218889e-16 1e-20
7002.583867 4.22308e-16 1e-20
7002.835084 4.204196e-16 1e-20
7003.086301 4.178581e-16 1e-20
7003.337518 4.156395e-16 1e-20
7003.588735 4.139825e-16 1e-20
7003.839952 4.129555e-16 1e-20
7004.091169 4.121682e-16 1e-20
7004.342386 4.115909e-16 1e-20
7004.593603 4.120623e-16 1e-20
7004.84482 4.134218e-16 1e-20
7005.096037 4.134462e-16 1e-20
7005.347254 4.116284e-16 1e-20
7005.59847 4.112816e-16 1e-20
7005.849687 4.138894e-16 1e-20
7006.100904 4.16396e-16 1e-20
7006.352121 4.169515e-16 1e-20
7006.603338 4.170105e-16 1e-20
7006.854555 4.17855e-16 1e-20
7007.105772 4.204962e-16 1e-20
7007.356989 4.249779e-16 1e-20
7007.608206 4.275806e-16 1e-20
7007.859423 4.258063e-16 1e-20
7008.11064 4.231355e-16 1e-20
7008.361857 4.22557e-16 1e-20
7008.613074 4.223949e-16 1e-20
7008.864291 4.210107e-16 1e-20
7009.115508 4.190651e-16 1e-20
7009.366725 4.172606e-16 1e-20
7009.617941 4.152791e-16 1e-20
7009.869158 4.128917e-16 1e-20
7010.120375 4.107158e-16 1e-20
7010.371592 4.094217e-16 1e-20
7010.622809 4.1021e-16 1e-20
7010.874026 4.139999e-16 1e-20
7011.125243 4.17734e-16 1e-20
7011.37646 4.178921e-16 1e-20
7011.627677 4.16566e-16 1e-20
7011.878894 4.170057e-16 1e-20
7012.130111 4.191914e-16 1e-20
7012.381328 4.222524e-16 1e-20
7012.632545 4.237761e-16 1e-20
7012.883762 4.209928e-16 1e-20
7013.134979 4.160605e-16 1e-20
7013.386196 4.128985e-16 1e-20
7013.637412 4.126687e-16 1e-20
7013.888629 4.153636e-16 1e-20
7014.139846 4.189762e-16 1e-20
7014.391063 4.203594e-16 1e-20
7014.64228 4.196927e-16 1e-20
7014.893497 4.191433e-16 1e-20
7015.144714 4.182647e-16 1e-20
7015.395931 4.151119e-16 1e-20
7015.647148 4.109168e-16 1e-20
7015.898365 4.08847e-16 1e-20
7016.149582 4.098215e-16 1e-20
7016.400799 4.132081e-16 1e-20
7016.652016 4.171722e-16 1e-20
7016.903233 4.187823e-16 1e-20
7017.15445 4.175464e-16 1e-20
7017.405667 4.152253e-16 1e-20
7017.656883 4.139068e-16 1e-20
7017.9081 4.162379e-16 1e-20
7018.159317 4.215363e-16 1e-20
7018.410534 4.250251e-16 1e-20
7018.661751 4.242612e-16 1e-20
7018.912968 4.197346e-16 1e-20
7019.164185 4.135581e-16 1e-20
7019.415402 4.106556e-16 1e-20
7019.666619 4.127199e-16 1e-20
7019.917836 4.155714e-16 1e-20
7020.169053 4.167231e-16 1e-20
7020.42027 4.170833e-16 1e-20
7020.671487 4.17412e-16 1e-20
7020.922704 4.183967e-16 1e-20
7021.173921 4.204798e-16 1e-20
7021.425138 4.233268e-16 1e-20
7021.676354 4.263055e-16 1e-20
7021.927571 4.280816e-16 1e-20
7022.178788 4.27873e-16 1e-20
7022.430005 4.266765e-16 1e-20
7022.681222 4.254432e-16 1e-20
7022.932439 4.245195e-16 1e-20
7023.183656 4.240027e-16 1e-20
7023.434873 4.228784e-16 1e-20
7023.68609 4.204275e-16 1e-20
7023.937307 4.178758e-16 1e-20
7024.188524 4.163939e-16 1e-20
7024.439741 4.159557e-16 1e-20
7024.690958 4.162933e-16 1e-20
7024.942175 4.163748e-16 1e-20
7025.193392 4.152574e-16 1e-20
7025.444609 4.144185e-16 1e-20
7025.695825 4.154103e-16 1e-20
7025.947042 4.159887e-16 1e-20
7026.198259 4.136486e-16 1e-20
7026.449476 4.10063e-16 1e-20
7026.700693 4.076536e-16 1e-20
7026.95191 4.078385e-16 1e-20
7027.203127 4.115944e-16 1e-20
7027.454344 4.156431e-16 1e-20
7027.705561 4.155645e-16 1e-20
7027.956778 4.134651e-16 1e-20
7028.207995 4.136338e-16 1e-20
7028.459212 4.150311e-16 1e-20
7028.710429 4.147036e-16 1e-20
7028.961646 4.136175e-16 1e-20
7029.212863 4.143045e-16 1e-20
7029.46408 4.16092e-16 1e-20
7029.715296 4.167849e-16 1e-20
7029.966513 4.168206e-16 1e-20
7030.21773 4.180284e-16 1e-20
7030.468947 4.199761e-16 1e-20
7030.720164 4.20872e-16 1e-20
7030.971381 4.205654e-16 1e-20
7031.222598 4.201351e-16 1e-20
7031.473815 4.192308e-16 1e-20
7031.725032 4.162431e-16 1e-20
7031.976249 4.126269e-16 1e-20
7032.227466 4.126251e-16 1e-20
7032.478683 4.159642e-16 1e-20
7032.7299 4.178744e-16 1e-20
7032.981117 4.169768e-16 1e-20
7033.232334 4.155669e-16 1e-20
7033.483551 4.148165e-16 1e-20
7033.734767 4.147176e-16 1e-20
7033.985984 4.152352e-16 1e-20
7034.237201 4.161082e-16 1e-20
7034.488418 4.168725e-16 1e-20
7034.739635 4.168461e-16 1e-20
7034.990852 4.157938e-16 1e-20
7035.242069 4.141627e-16 1e-20
7035.493286 4.126532e-16 1e-20
7035.744503 4.126089e-16 1e-20
7035.99572 4.141773e-16 1e-20
7036.246937 4.147431e-16 1e-20
7036.498154 4.127954e-16 1e-20
7036.749371 4.095537e-16 1e-20
7037.000588 4.065394e-16 1e-20
7037.251805 4.060044e-16 1e-20
7037.503022 4.091452e-16 1e-20
7037.754238 4.135666e-16 1e-20
7038.005455 4.171217e-16 1e-20
7038.256672 4.203859e-16 1e-20
7038.507889 4.234299e-16 1e-20
7038.759106 4.228613e-16 1e-20
7039.010323 4.165823e-16 1e-20
7039.26154 4.092047e-16 1e-20
7039.512757 4.052204e-16 1e-20
7039.763974 4.039007e-16 1e-20
7040.015191 4.038914e-16 1e-20
7040.266408 4.048061e-16 1e-20
7040.517625 4.062066e-16 1e-20
7040.768842 4.075686e-16 1e-20
7041.020059 4.084688e-16 1e-20
7041.271276 4.097175e-16 1e-20
7041.522493 4.122253e-16 1e-20
7041.773709 4.141404e-16 1e-20
7042.024926 4.13293e-16 1e-20
7042.276143 4.109252e-16 1e-20
7042.52736 4.09071e-16 1e-20
7042.778577 4.092487e-16 1e-20
7043.029794 4.126845e-16 1e-20
7043.281011 4.165387e-16 1e-20
7043.532228 4.166313e-16 1e-20
7043.783445 4.13631e-16 1e-20
7044.034662 4.102036e-16 1e-20
7044.285879 4.073716e-16 1e-20
7044.537096 4.054688e-16 1e-20
7044.788313 4.049438e-16 1e-20
7045.03953 4.061788e-16 1e-20
7045.290747 4.080863e-16 1e-20
7045.541964 4.087127e-16 1e-20
7045.79318 4.082314e-16 1e-20
7046.044397 4.082168e-16 1e-20
7046.295614 4.088311e-16 1e-20
7046.546831 4.093124e-16 1e-20
7046.798048 4.093026e-16 1e-20
7047.049265 4.086148e-16 1e-20
7047.300482 4.077618e-16 1e-20
7047.551699 4.079726e-16 1e-20
7047.802916 4.091025e-16 1e-20
7048.054133 4.097091e-16 1e-20
7048.30535 4.087934e-16 1e-20
7048.556567 4.056263e-16 1e-20
7048.807784 4.014452e-16 1e-20
7049.059001 4.0015e-16 1e-20
7049.310218 4.028756e-16 1e-20
7049.561435 4.068829e-16 1e-20
7049.812651 4.096889e-16 1e-20
7050.063868 4.089883e-16 1e-20
7050.315085 4.047157e-16 1e-20
7050.566302 4.011079e-16 1e-20
7050.817519 4.007282e-16 1e-20
7051.068736 4.0255e-16 1e-20
7051.319953 4.051419e-16 1e-20
7051.57117 4.06198e-16 1e-20
7051.822387 4.043366e-16 1e-20
7052.073604 4.007263e-16 1e-20
7052.324821 3.969386e-16 1e-20
7052.576038 3.952928e-16 1e-20
7052.827255 3.971381e-16 1e-20
7053.078472 4.00316e-16 1e-20
7053.329689 4.028841e-16 1e-20
7053.580906 4.052805e-16 1e-20
7053.832122 4.07772e-16 1e-20
7054.083339 4.092443e-16 1e-20
7054.334556 4.088805e-16 1e-20
7054.585773 4.072015e-16 1e-20
7054.83699 4.049577e-16 1e-20
7055.088207 4.030899e-16 1e-20
7055.339424 4.023726e-16 1e-20
7055.590641 4.024051e-16 1e-20
7055.841858 4.025649e-16 1e-20
7056.093075 4.02174e-16 1e-20
7056.344292 4.007204e-16 1e-20
7056.595509 3.992712e-16 1e-20
7056.846726 3.991821e-16 1e-20
7057.097943 4.005429e-16 1e-20
7057.34916 4.029761e-16 1e-20
7057.600377 4.071139e-16 1e-20
7057.851593 4.136861e-16 1e-20
7058.10281 4.189772e-16 1e-20
7058.354027 4.181966e-16 1e-20
7058.605244 4.139823e-16 1e-20
7058.856461 4.116178e-16 1e-20
7059.107678 4.116849e-16 1e-20
7059.358895 4.129244e-16 1e-20
7059.610112 4.142322e-16 1e-20
7059.861329 4.142882e-16 1e-20
7060.112546 4.136743e-16 1e-20
7060.363763 4.142127e-16 1e-20
7060.61498 4.146669e-16 1e-20
7060.866197 4.119254e-16 1e-20
7061.117414 4.074893e-16 1e-20
7061.368631 4.059345e-16 1e-20
7061.619848 4.073251e-16 1e-20
7061.871064 4.083584e-16 1e-20
7062.122281 4.085393e-16 1e-20
7062.373498 4.095843e-16 1e-20
7062.624715 4.115041e-16 1e-20
7062.875932 4.129192e-16 1e-20
7063.127149 4.131996e-16 1e-20
7063.378366 4.123973e-16 1e-20
7063.629583 4.107783e-16 1e-20
7063.8808 4.089211e-16 1e-20
7064.132017 4.072744e-16 1e-20
7064.383234 4.05959e-16 1e-20
7064.634451 4.052533e-16 1e-20
7064.885668 4.058779e-16 1e-20
7065.136885 4.072632e-16 1e-20
7065.388102 4.065297e-16 1e-20
7065.639319 4.029524e-16 1e-20
7065.890535 3.998571e-16 1e-20
7066.141752 3.993482e-16 1e-20
7066.392969 4.011103e-16 1e-20
7066.644186 4.040486e-16 1e-20
7066.895403 4.049293e-16 1e-20
7067.14662 4.022991e-16 1e-20
7067.397837 3.999399e-16 1e-20
7067.649054 4.005959e-16 1e-20
7067.900271 4.033605e-16 1e-20
7068.151488 4.068625e-16 1e-20
7068.402705 4.084567e-16 1e-20
7068.653922 4.064376e-16 1e-20
7068.905139 4.035234e-16 1e-20
7069.156356 4.022249e-16 1e-20
7069.407573 4.01767e-16 1e-20
7069.65879 4.013374e-16 1e-20
7069.910006 4.016962e-16 1e-20
7070.161223 4.033968e-16 1e-20
7070.41244 4.056182e-16 1e-20
7070.663657 4.074241e-16 1e-20
7070.914874 4.07928e-16 1e-20
7071.166091 4.065667e-16 1e-20
7071.417308 4.050865e-16 1e-20
7071.668525 4.054451e-16 1e-20
7071.919742 4.075876e-16 1e-20
7072.170959 4.108735e-16 1e-20
7072.422176 4.132737e-16 1e-20
7072.673393 4.126602e-16 1e-20
7072.92461 4.098241e-16 1e-20
7073.175827 4.0637e-16 1e-20
7073.427044 4.050285e-16 1e-20
7073.678261 4.088231e-16 1e-20
7073.929477 4.133691e-16 1e-20
7074.180694 4.115357e-16 1e-20
7074.431911 4.062273e-16 1e-20
7074.683128 4.045812e-16 1e-20
7074.934345 4.061542e-16 1e-20
7075.185562 4.070368e-16 1e-20
7075.436779 4.070137e-16 1e-20
7075.687996 4.075393e-16 1e-20
7075.939213 4.090037e-16 1e-20
7076.19043 4.114525e-16 1e-20
7076.441647 4.13745e-16 1e-20
7076.692864 4.137017e-16 1e-20
7076.944081 4.123756e-16 1e-20
7077.195298 4.134444e-16 1e-20
7077.446515 4.166571e-16 1e-20
7077.697732 4.183734e-16 1e-20
7077.948948 4.177599e-16 1e-20
7078.200165 4.165366e-16 1e-20
7078.451382 4.156427e-16 1e-20
7078.702599 4.15492e-16 1e-20
7078.953816 4.155066e-16 1e-20
7079.205033 4.135725e-16 1e-20
7079.45625 4.097991e-16 1e-20
7079.707467 4.07394e-16 1e-20
7079.958684 4.078786e-16 1e-20
7080.209901 4.103627e-16 1e-20
7080.461118 4.13473e-16 1e-20
7080.712335 4.148613e-16 1e-20
7080.963552 4.135395e-16 1e-20
7081.214769 4.113185e-16 1e-20
7081.465986 4.097434e-16 1e-20
7081.717203 4.094359e-16 1e-20
7081.968419 4.108775e-16 1e-20
7082.219636 4.144207e-16 1e-20
7082.470853 4.194142e-16 1e-20
7082.72207 4.227602e-16 1e-20
7082.973287 4.223334e-16 1e-20
7083.224504 4.193543e-16 1e-20
7083.475721 4.152315e-16 1e-20
7083.726938 4.108013e-16 1e-20
7083.978155 4.069027e-16 1e-20
7084.229372 4.038919e-16 1e-20
7084.480589 4.020179e-16 1e-20
7084.731806 4.021379e-16 1e-20
7084.983023 4.04574e-16 1e-20
7085.23424 4.070357e-16 1e-20
7085.485457 4.073684e-16 1e-20
7085.736674 4.057194e-16 1e-20
7085.98789 4.028565e-16 1e-20
7086.239107 4.01806e-16 1e-20
7086.490324 4.053278e-16 1e-20
7086.741541 4.102913e-16 1e-20
7086.992758 4.1268e-16 1e-20
7087.243975 4.120364e-16 1e-20
7087.495192 4.088388e-16 1e-20
7087.746409 4.056657e-16 1e-20
7087.997626 4.056494e-16 1e-20
7088.248843 4.063607e-16 1e-20
7088.50006 4.037557e-16 1e-20
7088.751277 4.011646e-16 1e-20
7089.002494 4.041238e-16 1e-20
7089.253711 4.098825e-16 1e-20
7089.504928 4.128107e-16 1e-20
7089.756145 4.1209e-16 1e-20
7090.007361 4.086897e-16 1e-20
7090.258578 4.067262e-16 1e-20
7090.509795 4.121443e-16 1e-20
7090.761012 4.212509e-16 1e-20
7091.012229 4.248706e-16 1e-20
7091.263446 4.223691e-16 1e-20
7091.514663 4.183195e-16 1e-20
7091.76588 4.154077e-16 1e-20
7092.017097 4.154081e-16 1e-20
7092.268314 4.175004e-16 1e-20
7092.519531 4.184898e-16 1e-20
7092.770748 4.175681e-16 1e-20
7093.021965 4.159019e-16 1e-20
7093.273182 4.149162e-16 1e-20
7093.524399 4.168267e-16 1e-20
7093.775616 4.200118e-16 1e-20
7094.026832 4.180481e-16 1e-20
7094.278049 4.106923e-16 1e-20
7094.529266 4.056863e-16 1e-20
7094.780483 4.061615e-16 1e-20
7095.0317 4.087248e-16 1e-20
7095.282917 4.116409e-16 1e-20
7095.534134 4.156521e-16 1e-20
7095.785351 4.203465e-16 1e-20
7096.036568 4.236706e-16 1e-20
7096.287785 4.247127e-16 1e-20
7096.539002 4.247554e-16 1e-20
7096.790219 4.245548e-16 1e-20
7097.041436 4.235092e-16 1e-20
7097.292653 4.212772e-16 1e-20
7097.54387 4.178889e-16 1e-20
7097.795087 4.137423e-16 1e-20
7098.046303 4.105437e-16 1e-20
7098.29752 4.091754e-16 1e-20
7098.548737 4.072487e-16 1e-20
7098.799954 4.033619e-16 1e-20
7099.051171 4.00558e-16 1e-20
7099.302388 4.013453e-16 1e-20
7099.553605 4.055241e-16 1e-20
7099.804822 4.119853e-16 1e-20
7100.056039 4.162332e-16 1e-20
7100.307256 4.146102e-16 1e-20
7100.558473 4.106153e-16 1e-20
7100.80969 4.0821e-16 1e-20
7101.060907 4.069002e-16 1e-20
7101.312124 4.056672e-16 1e-20
7101.563341 4.041062e-16 1e-20
7101.814558 4.018813e-16 1e-20
7102.065774 3.99726e-16 1e-20
7102.316991 3.985775e-16 1e-20
7102.568208 3.979531e-16 1e-20
7102.819425 3.970466e-16 1e-20
7103.070642 3.974226e-16 1e-20
7103.321859 4.010117e-16 1e-20
7103.573076 4.051396e-16 1e-20
7103.824293 4.059509e-16 1e-20
7104.07551 4.036897e-16 1e-20
7104.326727 4.000844e-16 1e-20
7104.577944 3.971259e-16 1e-20
7104.829161 3.969566e-16 1e-20
7105.080378 3.989597e-16 1e-20
7105.331595 4.011031e-16 1e-20
7105.582812 4.029321e-16 1e-20
7105.834029 4.048335e-16 1e-20
7106.085245 4.064056e-16 1e-20
7106.336462 4.067913e-16 1e-20
7106.587679 4.070836e-16 1e-20
7106.838896 4.095794e-16 1e-20
7107.090113 4.13778e-16 1e-20
7107.34133 4.173599e-16 1e-20
7107.592547 4.182582e-16 1e-20
7107.843764 4.143526e-16 1e-20
7108.094981 4.076235e-16 1e-20
7108.346198 4.040409e-16 1e-20
7108.597415 4.048531e-16 1e-20
7108.848632 4.063628e-16 1e-20
7109.099849 4.067228e-16 1e-20
7109.351066 4.059514e-16 1e-20
7109.602283 4.045602e-16 1e-20
7109.8535 4.035771e-16 1e-20
7110.104716 4.025959e-16 1e-20
7110.355933 4.016128e-16 1e-20
7110.60715 4.006315e-16 1e-20
7110.858367 3.996484e-16 1e-20
7111.109584 3.986672e-16 1e-20
7111.360801 3.97684e-16 1e-20
7111.612018 3.967028e-16 1e-20
7111.863235 3.919379e-16 1e-20
7112.114452 3.879546e-16 1e-20
7112.365669 3.835341e-16 1e-20
7112.616886 3.790724e-16 1e-20
7112.868103 3.771562e-16 1e-20
7113.11932 3.793644e-16 1e-20
7113.370537 3.832006e-16 1e-20
7113.621754 3.858506e-16 1e-20
7113.872971 3.880125e-16 1e-20
7114.124188 3.909827e-16 1e-20
7114.375404 3.934219e-16 1e-20
7114.626621 3.941242e-16 1e-20
7114.877838 3.92821e-16 1e-20
7115.129055 3.901908e-16 1e-20
7115.380272 3.887531e-16 1e-20
7115.631489 3.904102e-16 1e-20
7115.882706 3.942416e-16 1e-20
7116.133923 3.986806e-16 1e-20
7116.38514 4.018974e-16 1e-20
7116.636357 4.023014e-16 1e-20
7116.887574 4.009755e-16 1e-20
7117.138791 3.996734e-16 1e-20
7117.390008 3.981812e-16 1e-20
7117.641225 3.954865e-16 1e-20
7117.892442 3.925674e-16 1e-20
7118.143659 3.90995e-16 1e-20
7118.394875 3.908341e-16 1e-20
7118.646092 3.916109e-16 1e-20
7118.897309 3.919729e-16 1e-20
7119.148526 3.907816e-16 1e-20
7119.399743 3.889756e-16 1e-20
7119.65096 3.880822e-16 1e-20
7119.902177 3.89046e-16 1e-20
7120.153394 3.922701e-16 1e-20
7120.404611 3.960103e-16 1e-20
7120.655828 3.981013e-16 1e-20
7120.907045 3.983049e-16 1e-20
7121.158262 3.968077e-16 1e-20
7121.409479 3.948066e-16 1e-20
7121.660696 3.941396e-16 1e-20
7121.911913 3.953094e-16 1e-20
7122.16313 3.976232e-16 1e-20
7122.414346 3.996866e-16 1e-20
7122.665563 4.001737e-16 1e-20
7122.91678 3.992613e-16 1e-20
7123.167997 3.986213e-16 1e-20
7123.419214 3.986656e-16 1e-20
7123.670431 3.984686e-16 1e-20
7123.921648 3.978841e-16 1e-20
7124.172865 3.971822e-16 1e-20
7124.424082 3.956629e-16 1e-20
7124.675299 3.934776e-16 1e-20
7124.926516 3.929682e-16 1e-20
7125.177733 3.951864e-16 1e-20
7125.42895 3.984068e-16 1e-20
7125.680167 3.999528e-16 1e-20
7125.931384 3.987418e-16 1e-20
7126.182601 3.965008e-16 1e-20
7126.433817 3.943222e-16 1e-20
7126.685034 3.929895e-16 1e-20
7126.936251 3.934388e-16 1e-20
7127.187468 3.943854e-16 1e-20
7127.438685 3.942068e-16 1e-20
7127.689902 3.93681e-16 1e-20
7127.941119 3.938433e-16 1e-20
7128.192336 3.930833e-16 1e-20
7128.443553 3.903693e-16 1e-20
7128.69477 3.880571e-16 1e-20
7128.945987 3.883717e-16 1e-20
7129.197204 3.907189e-16 1e-20
7129.448421 3.934196e-16 1e-20
7129.699638 3.949518e-16 1e-20
7129.950855 3.945865e-16 1e-20
7130.202072 3.940831e-16 1e-20
7130.453288 3.94805e-16 1e-20
7130.704505 3.943276e-16 1e-20
7130.955722 3.907598e-16 1e-20
7131.206939 3.883564e-16 1e-20
7131.458156 3.911793e-16 1e-20
7131.709373 3.958807e-16 1e-20
7131.96059 3.978089e-16 1e-20
7132.211807 3.958763e-16 1e-20
7132.463024 3.918147e-16 1e-20
7132.714241 3.892892e-16 1e-20
7132.965458 3.902943e-16 1e-20
7133.216675 3.935718e-16 1e-20
7133.467892 3.968451e-16 1e-20
7133.719109 3.978542e-16 1e-20
7133.970326 3.955036e-16 1e-20
7134.221543 3.930908e-16 1e-20
7134.472759 3.941459e-16 1e-20
7134.723976 3.959987e-16 1e-20
7134.975193 3.946177e-16 1e-20
7135.22641 3.91392e-16 1e-20
7135.477627 3.898653e-16 1e-20
7135.728844 3.911371e-16 1e-20
7135.980061 3.940146e-16 1e-20
7136.231278 3.960531e-16 1e-20
7136.482495 3.958384e-16 1e-20
7136.733712 3.946041e-16 1e-20
7136.984929 3.947533e-16 1e-20
7137.236146 3.972209e-16 1e-20
7137.487363 4.007041e-16 1e-20
7137.73858 4.022537e-16 1e-20
7137.989797 3.992531e-16 1e-20
7138.241014 3.935542e-16 1e-20
7138.49223 3.890249e-16 1e-20
7138.743447 3.871678e-16 1e-20
7138.994664 3.879016e-16 1e-20
7139.245881 3.900366e-16 1e-20
7139.497098 3.911661e-16 1e-20
7139.748315 3.90641e-16 1e-20
7139.999532 3.901716e-16 1e-20
7140.250749 3.906027e-16 1e-20
7140.501966 3.916422e-16 1e-20
7140.753183 3.928112e-16 1e-20
7141.0044 3.931451e-16 1e-20
7141.255617 3.924576e-16 1e-20
7141.506834 3.919987e-16 1e-20
7141.758051 3.921325e-16 1e-20
7142.009268 3.916525e-16 1e-20
7142.260485 3.903123e-16 1e-20
7142.511701 3.890915e-16 1e-20
7142.762918 3.889082e-16 1e-20
7143.014135 3.906602e-16 1e-20
7143.265352 3.942792e-16 1e-20
7143.516569 3.980665e-16 1e-20
7143.767786 4.002458e-16 1e-20
7144.019003 3.999355e-16 1e-20
7144.27022 3.969577e-16 1e-20
7144.521437 3.932865e-16 1e-20
7144.772654 3.907343e-16 1e-20
7145.023871 3.889294e-16 1e-20
7145.275088 3.872603e-16 1e-20
7145.526305 3.862211e-16 1e-20
7145.777522 3.866416e-16 1e-20
7146.028739 3.886742e-16 1e-20
7146.279956 3.905656e-16 1e-20
7146.531172 3.911133e-16 1e-20
7146.782389 3.916359e-16 1e-20
7147.033606 3.917155e-16 1e-20
7147.284823 3.90355e-16 1e-20
7147.53604 3.902323e-16 1e-20
7147.787257 3.935524e-16 1e-20
7148.038474 3.970019e-16 1e-20
7148.289691 3.970814e-16 1e-20
7148.540908 3.948941e-16 1e-20
7148.792125 3.92207e-16 1e-20
7149.043342 3.905309e-16 1e-20
7149.294559 3.913039e-16 1e-20
7149.545776 3.933211e-16 1e-20
7149.796993 3.947276e-16 1e-20
7150.04821 3.951703e-16 1e-20
7150.299427 3.944033e-16 1e-20
7150.550643 3.93493e-16 1e-20
7150.80186 3.940402e-16 1e-20
7151.053077 3.95894e-16 1e-20
7151.304294 3.983565e-16 1e-20
7151.555511 3.991328e-16 1e-20
7151.806728 3.952529e-16 1e-20
7152.057945 3.896436e-16 1e-20
7152.309162 3.883841e-16 1e-20
7152.560379 3.912958e-16 1e-20
7152.811596 3.945791e-16 1e-20
7153.062813 3.954608e-16 1e-20
7153.31403 3.921382e-16 1e-20
7153.565247 3.862028e-16 1e-20
7153.816464 3.823312e-16 1e-20
7154.067681 3.825521e-16 1e-20
7154.318898 3.835174e-16 1e-20
7154.570114 3.828144e-16 1e-20
7154.821331 3.824468e-16 1e-20
7155.072548 3.840631e-16 1e-20
7155.323765 3.864377e-16 1e-20
7155.574982 3.883857e-16 1e-20
7155.826199 3.900712e-16 1e-20
7156.077416 3.914076e-16 1e-20
7156.328633 3.918901e-16 1e-20
7156.57985 3.926781e-16 1e-20
7156.831067 3.9606e-16 1e-20
7157.082284 4.011846e-16 1e-20
7157.333501 4.036837e-16 1e-20
7157.584718 4.018145e-16 1e-20
7157.835935 3.98082e-16 1e-20
7158.087152 3.947641e-16 1e-20
7158.338369 3.936531e-16 1e-20
7158.589585 3.959086e-16 1e-20
7158.840802 3.984822e-16 1e-20
7159.092019 3.982602e-16 1e-20
7159.343236 3.964197e-16 1e-20
7159.594453 3.94701e-16 1e-20
7159.84567 3.92359e-16 1e-20
7160.096887 3.897077e-16 1e-20
7160.348104 3.904181e-16 1e-20
7160.599321 3.947709e-16 1e-20
7160.850538 3.985509e-16 1e-20
7161.101755 3.991202e-16 1e-20
7161.352972 3.973613e-16 1e-20
7161.604189 3.949022e-16 1e-20
7161.855406 3.916948e-16 1e-20
7162.106623 3.875312e-16 1e-20
7162.35784 3.842141e-16 1e-20
7162.609056 3.837231e-16 1e-20
7162.860273 3.858291e-16 1e-20
7163.11149 3.894943e-16 1e-20
7163.362707 3.922624e-16 1e-20
7163.613924 3.919951e-16 1e-20
7163.865141 3.906852e-16 1e-20
7164.116358 3.906699e-16 1e-20
7164.367575 3.912815e-16 1e-20
7164.618792 3.906672e-16 1e-20
7164.870009 3.893461e-16 1e-20
7165.121226 3.899406e-16 1e-20
7165.372443 3.929307e-16 1e-20
7165.62366 3.967218e-16 1e-20
7165.874877 3.985981e-16 1e-20
7166.126094 3.959165e-16 1e-20
7166.377311 3.902272e-16 1e-20
7166.628527 3.853799e-16 1e-20
7166.879744 3.822347e-16 1e-20
7167.130961 3.792515e-16 1e-20
7167.382178 3.761488e-16 1e-20
7167.633395 3.735891e-16 1e-20
7167.884612 3.719941e-16 1e-20
7168.135829 3.718533e-16 1e-20
7168.387046 3.727439e-16 1e-20
7168.638263 3.74345e-16 1e-20
7168.88948 3.760673e-16 1e-20
7169.140697 3.767945e-16 1e-20
7169.391914 3.769049e-16 1e-20
7169.643131 3.780714e-16 1e-20
7169.894348 3.802137e-16 1e-20
7170.145565 3.813819e-16 1e-20
7170.396782 3.80813e-16 1e-20
7170.647998 3.800884e-16 1e-20
7170.899215 3.808415e-16 1e-20
7171.150432 3.826831e-16 1e-20
7171.401649 3.843009e-16 1e-20
7171.652866 3.837753e-16 1e-20
7171.904083 3.799679e-16 1e-20
7172.1553 3.730225e-16 1e-20
7172.406517 3.640029e-16 1e-20
7172.657734 3.575898e-16 1e-20
7172.908951 3.575947e-16 1e-20
7173.160168 3.606971e-16 1e-20
7173.411385 3.624685e-16 1e-20
7173.662602 3.628258e-16 1e-20
7173.913819 3.641417e-16 1e-20
7174.165036 3.679615e-16 1e-20
7174.416253 3.739163e-16 1e-20
7174.667469 3.80235e-16 1e-20
7174.918686 3.850845e-16 1e-20
7175.169903 3.875602e-16 1e-20
7175.42112 3.871612e-16 1e-20
7175.672337 3.850869e-16 1e-20
7175.923554 3.826878e-16 1e-20
7176.174771 3.794893e-16 1e-20
7176.425988 3.749927e-16 1e-20
7176.677205 3.698799e-16 1e-20
7176.928422 3.652982e-16 1e-20
7177.179639 3.623368e-16 1e-20
7177.430856 3.613566e-16 1e-20
7177.682073 3.631968e-16 1e-20
7177.93329 3.696509e-16 1e-20
7178.184507 3.780443e-16 1e-20
7178.435724 3.836986e-16 1e-20
7178.68694 3.887402e-16 1e-20
7178.938157 3.960093e-16 1e-20
7179.189374 4.011977e-16 1e-20
7179.440591 3.998997e-16 1e-20
7179.691808 3.947115e-16 1e-20
7179.943025 3.89643e-16 1e-20
7180.194242 3.84927e-16 1e-20
7180.445459 3.801218e-16 1e-20
7180.696676 3.754587e-16 1e-20
7180.947893 3.709374e-16 1e-20
7181.19911 3.669813e-16 1e-20
7181.450327 3.643088e-16 1e-20
7181.701544 3.642961e-16 1e-20
7181.952761 3.689931e-16 1e-20
7182.203978 3.769124e-16 1e-20
7182.455195 3.841245e-16 1e-20
7182.706411 3.893143e-16 1e-20
7182.957628 3.916877e-16 1e-20
7183.208845 3.906009e-16 1e-20
7183.460062 3.875144e-16 1e-20
7183.711279 3.81402e-16 1e-20
7183.962496 3.685356e-16 1e-20
7184.213713 3.526896e-16 1e-20
7184.46493 3.435939e-16 1e-20
7184.716147 3.437977e-16 1e-20
7184.967364 3.502485e-16 1e-20
7185.218581 3.58714e-16 1e-20
7185.469798 3.633545e-16 1e-20
7185.721015 3.615766e-16 1e-20
7185.972232 3.554203e-16 1e-20
7186.223449 3.476439e-16 1e-20
7186.474666 3.424572e-16 1e-20
7186.725882 3.422897e-16 1e-20
7186.977099 3.448131e-16 1e-20
7187.228316 3.480549e-16 1e-20
7187.479533 3.523118e-16 1e-20
7187.73075 3.581816e-16 1e-20
7187.981967 3.659772e-16 1e-20
7188.233184 3.753165e-16 1e-20
7188.484401 3.856477e-16 1e-20
7188.735618 3.949485e-16 1e-20
7188.986835 3.988788e-16 1e-20
7189.238052 3.971776e-16 1e-20
7189.489269 3.961525e-16 1e-20
7189.740486 3.984915e-16 1e-20
7189.991703 3.984516e-16 1e-20
7190.24292 3.918957e-16 1e-20
7190.494137 3.807471e-16 1e-20
7190.745353 3.675268e-16 1e-20
7190.99657 3.547203e-16 1e-20
7191.247787 3.450997e-16 1e-20
7191.499004 3.424007e-16 1e-20
7191.750221 3.485122e-16 1e-20
7192.001438 3.586903e-16 1e-20
7192.252655 3.677102e-16 1e-20
7192.503872 3.723693e-16 1e-20
7192.755089 3.712599e-16 1e-20
7193.006306 3.674235e-16 1e-20
7193.257523 3.636733e-16 1e-20
7193.50874 3.603955e-16 1e-20
7193.759957 3.586064e-16 1e-20
7194.011174 3.605911e-16 1e-20
7194.262391 3.67524e-16 1e-20
7194.513608 3.752042e-16 1e-20
7194.764824 3.787217e-16 1e-20
7195.016041 3.792685e-16 1e-20
7195.267258 3.797752e-16 1e-20
7195.518475 3.821182e-16 1e-20
7195.769692 3.878347e-16 1e-20
7196.020909 3.946612e-16 1e-20
7196.272126 3.976753e-16 1e-20
7196.523343 3.956739e-16 1e-20
7196.77456 3.902498e-16 1e-20
7197.025777 3.828178e-16 1e-20
7197.276994 3.758952e-16 1e-20
7197.528211 3.716727e-16 1e-20
7197.779428 3.704289e-16 1e-20
7198.030645 3.71056e-16 1e-20
7198.281862 3.726181e-16 1e-20
7198.533079 3.750944e-16 1e-20
7198.784295 3.785346e-16 1e-20
7199.035512 3.814538e-16 1e-20
7199.286729 3.811314e-16 1e-20
7199.537946 3.763463e-16 1e-20
7199.789163 3.677236e-16 1e-20
7200.04038 3.569167e-16 1e-20
7200.291597 3.477541e-16 1e-20
7200.542814 3.426439e-16 1e-20
7200.794031 3.403235e-16 1e-20
7201.045248 3.404612e-16 1e-20
7201.296465 3.455229e-16 1e-20
7201.547682 3.559045e-16 1e-20
7201.798899 3.675159e-16 1e-20
7202.050116 3.765825e-16 1e-20
7202.301333 3.823176e-16 1e-20
7202.55255 3.854009e-16 1e-20
7202.803766 3.865435e-16 1e-20
7203.054983 3.851664e-16 1e-20
7203.3062 3.807212e-16 1e-20
7203.557417 3.742031e-16 1e-20
7203.808634 3.663684e-16 1e-20
7204.059851 3.585186e-16 1e-20
7204.311068 3.540759e-16 1e-20
7204.562285 3.55551e-16 1e-20
7204.813502 3.61057e-16 1e-20
7205.064719 3.670744e-16 1e-20
7205.315936 3.690487e-16 1e-20
7205.567153 3.649768e-16 1e-20
7205.81837 3.585139e-16 1e-20
7206.069587 3.532686e-16 1e-20
7206.320804 3.531986e-16 1e-20
7206.572021 3.609013e-16 1e-20
7206.823237 3.703684e-16 1e-20
7207.074454 3.755192e-16 1e-20
7207.325671 3.799234e-16 1e-20
7207.576888 3.874443e-16 1e-20
7207.828105 3.962628e-16 1e-20
7208.079322 4.037334e-16 1e-20
7208.330539 4.066336e-16 1e-20
7208.581756 4.023834e-16 1e-20
7208.832973 3.939538e-16 1e-20
7209.08419 3.8553e-16 1e-20
7209.335407 3.805201e-16 1e-20
7209.586624 3.817684e-16 1e-20
7209.837841 3.873357e-16 1e-20
7210.089058 3.9298e-16 1e-20
7210.340275 3.97095e-16 1e-20
7210.591492 3.988328e-16 1e-20
7210.842708 3.980078e-16 1e-20
7211.093925 3.964868e-16 1e-20
7211.345142 3.954008e-16 1e-20
7211.596359 3.944649e-16 1e-20
7211.847576 3.942168e-16 1e-20
7212.098793 3.959711e-16 1e-20
7212.35001 3.987708e-16 1e-20
7212.601227 4.002625e-16 1e-20
7212.852444 4.004184e-16 1e-20
7213.103661 4.004934e-16 1e-20
7213.354878 4.010401e-16 1e-20
7213.606095 4.024715e-16 1e-20
7213.857312 4.038145e-16 1e-20
7214.108529 4.028731e-16 1e-20
7214.359746 4.003072e-16 1e-20
7214.610963 3.991583e-16 1e-20
7214.862179 3.993566e-16 1e-20
7215.113396 3.988397e-16 1e-20
7215.364613 3.974787e-16 1e-20
7215.61583 3.956664e-16 1e-20
7215.867047 3.932395e-16 1e-20
7216.118264 3.907735e-16 1e-20
7216.369481 3.893277e-16 1e-20
7216.620698 3.899967e-16 1e-20
7216.871915 3.928991e-16 1e-20
7217.123132 3.951982e-16 1e-20
7217.374349 3.946628e-16 1e-20
7217.625566 3.921759e-16 1e-20
7217.876783 3.8902e-16 1e-20
7218.128 3.870955e-16 1e-20
7218.379217 3.871826e-16 1e-20
7218.630434 3.877332e-16 1e-20
7218.88165 3.879085e-16 1e-20
7219.132867 3.889007e-16 1e-20
7219.384084 3.91634e-16 1e-20
7219.635301 3.945845e-16 1e-20
7219.886518 3.95263e-16 1e-20
7220.137735 3.930392e-16 1e-20
7220.388952 3.900446e-16 1e-20
7220.640169 3.880906e-16 1e-20
7220.891386 3.873948e-16 1e-20
7221.142603 3.885027e-16 1e-20
7221.39382 3.916267e-16 1e-20
7221.645037 3.950728e-16 1e-20
7221.896254 3.969962e-16 1e-20
7222.147471 3.948966e-16 1e-20
7222.398688 3.872583e-16 1e-20
7222.649905 3.794185e-16 1e-20
7222.901121 3.770215e-16 1e-20
7223.152338 3.780416e-16 1e-20
7223.403555 3.792177e-16 1e-20
7223.654772 3.805513e-16 1e-20
7223.905989 3.824147e-16 1e-20
7224.157206 3.85229e-16 1e-20
7224.408423 3.894497e-16 1e-20
7224.65964 3.935011e-16 1e-20
7224.910857 3.950665e-16 1e-20
7225.162074 3.935546e-16 1e-20
7225.413291 3.902479e-16 1e-20
7225.664508 3.873079e-16 1e-20
7225.915725 3.862472e-16 1e-20
7226.166942 3.866095e-16 1e-20
7226.418159 3.876326e-16 1e-20
7226.669376 3.876341e-16 1e-20
7226.920592 3.844481e-16 1e-20
7227.171809 3.805872e-16 1e-20
7227.423026 3.808209e-16 1e-20
7227.674243 3.845826e-16 1e-20
7227.92546 3.881125e-16 1e-20
7228.176677 3.899928e-16 1e-20
7228.427894 3.900326e-16 1e-20
7228.679111 3.889918e-16 1e-20
7228.930328 3.882467e-16 1e-20
7229.181545 3.873831e-16 1e-20
7229.432762 3.863126e-16 1e-20
7229.683979 3.870983e-16 1e-20
7229.935196 3.908412e-16 1e-20
7230.186413 3.94523e-16 1e-20
7230.43763 3.949487e-16 1e-20
7230.688847 3.929766e-16 1e-20
7230.940064 3.901187e-16 1e-20
7231.19128 3.863397e-16 1e-20
7231.442497 3.815224e-16 1e-20
7231.693714 3.758883e-16 1e-20
7231.944931 3.69855e-16 1e-20
7232.196148 3.638165e-16 1e-20
7232.447365 3.581918e-16 1e-20
7232.698582 3.540804e-16 1e-20
7232.949799 3.537718e-16 1e-20
7233.201016 3.578865e-16 1e-20
7233.452233 3.627549e-16 1e-20
7233.70345 3.645667e-16 1e-20
7233.954667 3.61488e-16 1e-20
7234.205884 3.54114e-16 1e-20
7234.457101 3.454043e-16 1e-20
7234.708318 3.390558e-16 1e-20
7234.959535 3.394601e-16 1e-20
7235.210751 3.475347e-16 1e-20
7235.461968 3.579775e-16 1e-20
7235.713185 3.661821e-16 1e-20
7235.964402 3.697016e-16 1e-20
7236.215619 3.678268e-16 1e-20
7236.466836 3.676759e-16 1e-20
7236.718053 3.752904e-16 1e-20
7236.96927 3.852492e-16 1e-20
7237.220487 3.913251e-16 1e-20
7237.471704 3.925383e-16 1e-20
7237.722921 3.894051e-16 1e-20
7237.974138 3.850345e-16 1e-20
7238.225355 3.828198e-16 1e-20
7238.476572 3.838007e-16 1e-20
7238.727789 3.871769e-16 1e-20
7238.979006 3.90121e-16 1e-20
7239.230222 3.906713e-16 1e-20
7239.481439 3.879626e-16 1e-20
7239.732656 3.807218e-16 1e-20
7239.983873 3.693245e-16 1e-20
7240.23509 3.560615e-16 1e-20
7240.486307 3.459731e-16 1e-20
7240.737524 3.436178e-16 1e-20
7240.988741 3.493457e-16 1e-20
7241.239958 3.619913e-16 1e-20
7241.491175 3.768743e-16 1e-20
7241.742392 3.877039e-16 1e-20
7241.993609 3.916431e-16 1e-20
7242.244826 3.893458e-16 1e-20
7242.496043 3.837043e-16 1e-20
7242.74726 3.769136e-16 1e-20
7242.998477 3.698928e-16 1e-20
7243.249693 3.63738e-16 1e-20
7243.50091 3.591972e-16 1e-20
7243.752127 3.573529e-16 1e-20
7244.003344 3.602638e-16 1e-20
7244.254561 3.688933e-16 1e-20
7244.505778 3.789092e-16 1e-20
7244.756995 3.84474e-16 1e-20
7245.008212 3.84438e-16 1e-20
7245.259429 3.807172e-16 1e-20
7245.510646 3.76493e-16 1e-20
7245.761863 3.757812e-16 1e-20
7246.01308 3.794382e-16 1e-20
7246.264297 3.832722e-16 1e-20
7246.515514 3.84206e-16 1e-20
7246.766731 3.840233e-16 1e-20
7247.017948 3.849698e-16 1e-20
7247.269164 3.861271e-16 1e-20
7247.520381 3.864349e-16 1e-20
7247.771598 3.878804e-16 1e-20
7248.022815 3.911204e-16 1e-20
7248.274032 3.917264e-16 1e-20
7248.525249 3.883876e-16 1e-20
7248.776466 3.865124e-16 1e-20
7249.027683 3.877971e-16 1e-20
7249.2789 3.868914e-16 1e-20
7249.530117 3.82137e-16 1e-20
7249.781334 3.793968e-16 1e-20
7250.032551 3.819059e-16 1e-20
7250.283768 3.859436e-16 1e-20
7250.534985 3.880846e-16 1e-20
7250.786202 3.868955e-16 1e-20
7251.037419 3.817126e-16 1e-20
7251.288635 3.750303e-16 1e-20
7251.539852 3.693056e-16 1e-20
7251.791069 3.640121e-16 1e-20
7252.042286 3.586484e-16 1e-20
7252.293503 3.543072e-16 1e-20
7252.54472 3.508828e-16 1e-20
7252.795937 3.484194e-16 1e-20
7253.047154 3.489477e-16 1e-20
7253.298371 3.527785e-16 1e-20
7253.549588 3.590905e-16 1e-20
7253.800805 3.672982e-16 1e-20
7254.052022 3.760875e-16 1e-20
7254.303239 3.835918e-16 1e-20
7254.554456 3.886556e-16 1e-20
7254.805673 3.909211e-16 1e-20
7255.05689 3.900437e-16 1e-20
7255.308106 3.873286e-16 1e-20
7255.559323 3.846951e-16 1e-20
7255.81054 3.836223e-16 1e-20
7256.061757 3.846346e-16 1e-20
7256.312974 3.865426e-16 1e-20
7256.564191 3.86876e-16 1e-20
7256.815408 3.83616e-16 1e-20
7257.066625 3.777916e-16 1e-20
7257.317842 3.725232e-16 1e-20
7257.569059 3.706652e-16 1e-20
7257.820276 3.728982e-16 1e-20
7258.071493 3.781875e-16 1e-20
7258.32271 3.838228e-16 1e-20
7258.573927 3.871324e-16 1e-20
7258.825144 3.882517e-16 1e-20
7259.076361 3.88522e-16 1e-20
7259.327577 3.887368e-16 1e-20
7259.578794 3.890938e-16 1e-20
7259.830011 3.890397e-16 1e-20
7260.081228 3.870216e-16 1e-20
7260.332445 3.838481e-16 1e-20
7260.583662 3.823625e-16 1e-20
7260.834879 3.820815e-16 1e-20
7261.086096 3.806967e-16 1e-20
7261.337313 3.791364e-16 1e-20
7261.58853 3.79319e-16 1e-20
7261.839747 3.801784e-16 1e-20
7262.090964 3.802167e-16 1e-20
7262.342181 3.80907e-16 1e-20
7262.593398 3.833756e-16 1e-20
7262.844615 3.850576e-16 1e-20
7263.095832 3.827058e-16 1e-20
7263.347048 3.77038e-16 1e-20
7263.598265 3.722501e-16 1e-20
7263.849482 3.70246e-16 1e-20
7264.100699 3.684755e-16 1e-20
7264.351916 3.651168e-16 1e-20
7264.603133 3.597214e-16 1e-20
7264.85435 3.522908e-16 1e-20
7265.105567 3.455597e-16 1e-20
7265.356784 3.421501e-16 1e-20
7265.608001 3.421117e-16 1e-20
7265.859218 3.452643e-16 1e-20
7266.110435 3.526542e-16 1e-20
7266.361652 3.636767e-16 1e-20
7266.612869 3.741795e-16 1e-20
7266.864086 3.806362e-16 1e-20
7267.115303 3.836389e-16 1e-20
7267.366519 3.842112e-16 1e-20
7267.617736 3.823645e-16 1e-20
7267.868953 3.793905e-16 1e-20
7268.12017 3.777576e-16 1e-20
7268.371387 3.788053e-16 1e-20
7268.622604 3.79081e-16 1e-20
7268.873821 3.753534e-16 1e-20
7269.125038 3.703265e-16 1e-20
7269.376255 3.674471e-16 1e-20
7269.627472 3.675344e-16 1e-20
7269.878689 3.711744e-16 1e-20
7270.129906 3.758995e-16 1e-20
7270.381123 3.773127e-16 1e-20
7270.63234 3.772116e-16 1e-20
7270.883557 3.798866e-16 1e-20
7271.134774 3.835004e-16 1e-20
7271.38599 3.838559e-16 1e-20
7271.637207 3.802999e-16 1e-20
7271.888424 3.73572e-16 1e-20
7272.139641 3.648944e-16 1e-20
7272.390858 3.564218e-16 1e-20
7272.642075 3.498649e-16 1e-20
7272.893292 3.456169e-16 1e-20
7273.144509 3.444074e-16 1e-20
7273.395726 3.475471e-16 1e-20
7273.646943 3.536909e-16 1e-20
7273.89816 3.594981e-16 1e-20
7274.149377 3.644806e-16 1e-20
7274.400594 3.710843e-16 1e-20
7274.651811 3.763202e-16 1e-20
7274.903028 3.730458e-16 1e-20
7275.154245 3.628414e-16 1e-20
7275.405461 3.549037e-16 1e-20
7275.656678 3.524878e-16 1e-20
7275.907895 3.527587e-16 1e-20
7276.159112 3.544935e-16 1e-20
7276.410329 3.587712e-16 1e-20
7276.661546 3.641986e-16 1e-20
7276.912763 3.696348e-16 1e-20
7277.16398 3.698962e-16 1e-20
7277.415197 3.70157e-16 1e-20
7277.666414 3.704184e-16 1e-20
7277.917631 3.706793e-16 1e-20
7278.168848 3.709407e-16 1e-20
7278.420065 3.712015e-16 1e-20
7278.671282 3.714629e-16 1e-20
7278.922499 3.717238e-16 1e-20
7279.173716 3.719852e-16 1e-20
7279.424932 3.722461e-16 1e-20
7279.676149 3.725075e-16 1e-20
7279.927366 3.727683e-16 1e-20
7280.178583 3.730297e-16 1e-20
7280.4298 3.732906e-16 1e-20
7280.681017 3.73552e-16 1e-20
7280.932234 3.738129e-16 1e-20
7281.183451 3.740743e-16 1e-20
7281.434668 3.743351e-16 1e-20
7281.685885 3.745965e-16 1e-20
7281.937102 3.748574e-16 1e-20
7282.188319 3.751188e-16 1e-20
7282.439536 3.753797e-16 1e-20
7282.690753 3.756411e-16 1e-20
7282.94197 3.759019e-16 1e-20
7283.193187 3.752166e-16 1e-20
7283.444403 3.744515e-16 1e-20
7283.69562 3.736849e-16 1e-20
7283.946837 3.729199e-16 1e-20
7284.198054 3.721533e-16 1e-20
7284.449271 3.713882e-16 1e-20
7284.700488 3.706217e-16 1e-20
7284.951705 3.698566e-16 1e-20
7285.202922 3.6909e-16 1e-20
7285.454139 3.68325e-16 1e-20
7285.705356 3.675584e-16 1e-20
7285.956573 3.667933e-16 1e-20
7286.20779 3.660268e-16 1e-20
7286.459007 3.652617e-16 1e-20
7286.710224 3.644951e-16 1e-20
7286.961441 3.637301e-16 1e-20
7287.212658 3.629635e-16 1e-20
7287.463874 3.621984e-16 1e-20
7287.715091 3.566804e-16 1e-20
7287.966308 3.602392e-16 1e-20
7288.217525 3.647838e-16 1e-20
7288.468742 3.666364e-16 1e-20
7288.719959 3.653087e-16 1e-20
7288.971176 3.613731e-16 1e-20
7289.222393 3.566424e-16 1e-20
7289.47361 3.529642e-16 1e-20
7289.724827 3.51619e-16 1e-20
7289.976044 3.513233e-16 1e-20
7290.227261 3.489044e-16 1e-20
7290.478478 3.459919e-16 1e-20
7290.729695 3.481505e-16 1e-20
7290.980912 3.560504e-16 1e-20
7291.232129 3.656529e-16 1e-20
7291.483345 3.734747e-16 1e-20
7291.734562 3.769798e-16 1e-20
7291.985779 3.756806e-16 1e-20
7292.236996 3.720713e-16 1e-20
7292.488213 3.682621e-16 1e-20
7292.73943 3.661733e-16 1e-20
7292.990647 3.671256e-16 1e-20
7293.241864 3.700769e-16 1e-20
7293.493081 3.738248e-16 1e-20
7293.744298 3.772666e-16 1e-20
7293.995515 3.782878e-16 1e-20
7294.246732 3.742755e-16 1e-20
7294.497949 3.662209e-16 1e-20
7294.749166 3.589669e-16 1e-20
7295.000383 3.558196e-16 1e-20
7295.2516 3.571543e-16 1e-20
7295.502816 3.618608e-16 1e-20
7295.754033 3.664463e-16 1e-20
7296.00525 3.681787e-16 1e-20
7296.256467 3.680852e-16 1e-20
7296.507684 3.674475e-16 1e-20
7296.758901 3.672455e-16 1e-20
7297.010118 3.68272e-16 1e-20
7297.261335 3.699307e-16 1e-20
7297.512552 3.714392e-16 1e-20
7297.763769 3.721086e-16 1e-20
7298.014986 3.716276e-16 1e-20
7298.266203 3.72865e-16 1e-20
7298.51742 3.778779e-16 1e-20
7298.768637 3.819165e-16 1e-20
7299.019854 3.802568e-16 1e-20
7299.271071 3.751877e-16 1e-20
7299.522287 3.704609e-16 1e-20
7299.773504 3.668666e-16 1e-20
7300.024721 3.656826e-16 1e-20
7300.275938 3.680115e-16 1e-20
7300.527155 3.655776e-16 1e-20
7300.778372 3.631485e-16 1e-20
7301.029589 3.607146e-16 1e-20
7301.280806 3.582854e-16 1e-20
7301.532023 3.558515e-16 1e-20
7301.78324 3.534224e-16 1e-20
7302.034457 3.509885e-16 1e-20
7302.285674 3.485594e-16 1e-20
7302.536891 3.461255e-16 1e-20
7302.788108 3.436963e-16 1e-20
7303.039325 3.412625e-16 1e-20
7303.290542 3.411603e-16 1e-20
7303.541758 3.413121e-16 1e-20
7303.792975 3.412611e-16 1e-20
7304.044192 3.418057e-16 1e-20
7304.295409 3.443289e-16 1e-20
7304.546626 3.495965e-16 1e-20
7304.797843 3.562458e-16 1e-20
7305.04906 3.6293e-16 1e-20
7305.300277 3.692875e-16 1e-20
7305.551494 3.749204e-16 1e-20
7305.802711 3.793389e-16 1e-20
7306.053928 3.822113e-16 1e-20
7306.305145 3.827836e-16 1e-20
7306.556362 3.791878e-16 1e-20
7306.807579 3.725199e-16 1e-20
7307.058796 3.677469e-16 1e-20
7307.310013 3.673566e-16 1e-20
7307.561229 3.706614e-16 1e-20
7307.812446 3.754229e-16 1e-20
7308.063663 3.763831e-16 1e-20
7308.31488 3.705469e-16 1e-20
7308.566097 3.603606e-16 1e-20
7308.817314 3.501952e-16 1e-20
7309.068531 3.447421e-16 1e-20
7309.319748 3.457451e-16 1e-20
7309.570965 3.513507e-16 1e-20
7309.822182 3.589132e-16 1e-20
7310.073399 3.638725e-16 1e-20
7310.324616 3.63874e-16 1e-20
7310.575833 3.640502e-16 1e-20
7310.82705 3.677957e-16 1e-20
7311.078267 3.699312e-16 1e-20
7311.329484 3.669603e-16 1e-20
7311.5807 3.648972e-16 1e-20
7311.831917 3.683813e-16 1e-20
7312.083134 3.711129e-16 1e-20
7312.334351 3.676492e-16 1e-20
7312.585568 3.64484e-16 1e-20
7312.836785 3.677221e-16 1e-20
7313.088002 3.7158e-16 1e-20
7313.339219 3.704331e-16 1e-20
7313.590436 3.686491e-16 1e-20
7313.841653 3.703568e-16 1e-20
7314.09287 3.730873e-16 1e-20
7314.344087 3.740916e-16 1e-20
7314.595304 3.726502e-16 1e-20
7314.846521 3.683853e-16 1e-20
7315.097738 3.654921e-16 1e-20
7315.348955 3.687057e-16 1e-20
7315.600171 3.742619e-16 1e-20
7315.851388 3.762651e-16 1e-20
7316.102605 3.749636e-16 1e-20
7316.353822 3.712707e-16 1e-20
7316.605039 3.65108e-16 1e-20
7316.856256 3.595073e-16 1e-20
7317.107473 3.558911e-16 1e-20
7317.35869 3.532889e-16 1e-20
7317.609907 3.524805e-16 1e-20
7317.861124 3.542472e-16 1e-20
7318.112341 3.575713e-16 1e-20
7318.363558 3.616884e-16 1e-20
7318.614775 3.657386e-16 1e-20
7318.865992 3.67536e-16 1e-20
7319.117209 3.671479e-16 1e-20
7319.368426 3.66978e-16 1e-20
7319.619642 3.678067e-16 1e-20
7319.870859 3.688834e-16 1e-20
7320.122076 3.711112e-16 1e-20
7320.373293 3.764371e-16 1e-20
7320.62451 3.822731e-16 1e-20
7320.875727 3.827415e-16 1e-20
7321.126944 3.78225e-16 1e-20
7321.378161 3.746364e-16 1e-20
7321.629378 3.737342e-16 1e-20
7321.880595 3.731842e-16 1e-20
7322.131812 3.719615e-16 1e-20
7322.383029 3.70055e-16 1e-20
7322.634246 3.676827e-16 1e-20
7322.885463 3.656857e-16 1e-20
7323.13668 3.647797e-16 1e-20
7323.387897 3.65353e-16 1e-20
7323.639113 3.667357e-16 1e-20
7323.89033 3.668473e-16 1e-20
7324.141547 3.654021e-16 1e-20
7324.392764 3.657987e-16 1e-20
7324.643981 3.70114e-16 1e-20
7324.895198 3.754485e-16 1e-20
7325.146415 3.788124e-16 1e-20
7325.397632 3.812639e-16 1e-20
7325.648849 3.840532e-16 1e-20
7325.900066 3.841745e-16 1e-20
7326.151283 3.788753e-16 1e-20
7326.4025 3.707456e-16 1e-20
7326.653717 3.629926e-16 1e-20
7326.904934 3.58627e-16 1e-20
7327.156151 3.601602e-16 1e-20
7327.407368 3.64583e-16 1e-20
7327.658584 3.678211e-16 1e-20
7327.909801 3.68251e-16 1e-20
7328.161018 3.654216e-16 1e-20
7328.412235 3.6244e-16 1e-20
7328.663452 3.624076e-16 1e-20
7328.914669 3.641593e-16 1e-20
7329.165886 3.660094e-16 1e-20
7329.417103 3.686784e-16 1e-20
7329.66832 3.727886e-16 1e-20
7329.919537 3.754101e-16 1e-20
7330.170754 3.735279e-16 1e-20
7330.421971 3.682525e-16 1e-20
7330.673188 3.625697e-16 1e-20
7330.924405 3.60191e-16 1e-20
7331.175622 3.638719e-16 1e-20
7331.426839 3.709857e-16 1e-20
7331.678055 3.766617e-16 1e-20
7331.929272 3.779399e-16 1e-20
7332.180489 3.733655e-16 1e-20
7332.431706 3.658721e-16 1e-20
7332.682923 3.599733e-16 1e-20
7332.93414 3.570301e-16 1e-20
7333.185357 3.567928e-16 1e-20
7333.436574 3.579231e-16 1e-20
7333.687791 3.584192e-16 1e-20
7333.939008 3.583661e-16 1e-20
7334.190225 3.593015e-16 1e-20
7334.441442 3.609473e-16 1e-20
7334.692659 3.618876e-16 1e-20
7334.943876 3.622242e-16 1e-20
7335.195093 3.633745e-16 1e-20
7335.44631 3.64647e-16 1e-20
7335.697526 3.636865e-16 1e-20
7335.948743 3.616505e-16 1e-20
7336.19996 3.625853e-16 1e-20
7336.451177 3.671367e-16 1e-20
7336.702394 3.72993e-16 1e-20
7336.953611 3.773668e-16 1e-20
7337.204828 3.773428e-16 1e-20
7337.456045 3.743619e-16 1e-20
7337.707262 3.738358e-16 1e-20
7337.958479 3.775842e-16 1e-20
7338.209696 3.826398e-16 1e-20
7338.460913 3.862249e-16 1e-20
7338.71213 3.85183e-16 1e-20
7338.963347 3.785113e-16 1e-20
7339.214564 3.713416e-16 1e-20
7339.465781 3.674134e-16 1e-20
7339.716997 3.662035e-16 1e-20
7339.968214 3.67599e-16 1e-20
7340.219431 3.705364e-16 1e-20
7340.470648 3.718411e-16 1e-20
7340.721865 3.741554e-16 1e-20
7340.973082 3.817492e-16 1e-20
7341.224299 3.869878e-16 1e-20
7341.475516 3.832202e-16 1e-20
7341.726733 3.764646e-16 1e-20
7341.97795 3.726634e-16 1e-20
7342.229167 3.714188e-16 1e-20
7342.480384 3.715848e-16 1e-20
7342.731601 3.715623e-16 1e-20
7342.982818 3.695039e-16 1e-20
7343.234035 3.658721e-16 1e-20
7343.485252 3.623111e-16 1e-20
7343.736468 3.603558e-16 1e-20
7343.987685 3.601195e-16 1e-20
7344.238902 3.603409e-16 1e-20
7344.490119 3.603298e-16 1e-20
7344.741336 3.612253e-16 1e-20
7344.992553 3.640008e-16 1e-20
7345.24377 3.656575e-16 1e-20
7345.494987 3.673174e-16 1e-20
7345.746204 3.689741e-16 1e-20
7345.997421 3.706341e-16 1e-20
7346.248638 3.722908e-16 1e-20
7346.499855 3.739508e-16 1e-20
7346.751072 3.756075e-16 1e-20
7347.002289 3.772674e-16 1e-20
7347.253506 3.789241e-16 1e-20
7347.504723 3.805841e-16 1e-20
7347.75594 3.822408e-16 1e-20
7348.007156 3.839007e-16 1e-20
7348.258373 3.855574e-16 1e-20
7348.50959 3.685323e-16 1e-20
7348.760807 3.597909e-16 1e-20
7349.012024 3.610684e-16 1e-20
7349.263241 3.639534e-16 1e-20
7349.514458 3.642234e-16 1e-20
7349.765675 3.638235e-16 1e-20
7350.016892 3.641835e-16 1e-20
7350.268109 3.648612e-16 1e-20
7350.519326 3.664959e-16 1e-20
7350.770543 3.688033e-16 1e-20
7351.02176 3.700377e-16 1e-20
7351.272977 3.693106e-16 1e-20
7351.524194 3.658917e-16 1e-20
7351.775411 3.6008e-16 1e-20
7352.026627 3.539013e-16 1e-20
7352.277844 3.49754e-16 1e-20
7352.529061 3.51094e-16 1e-20
7352.780278 3.583454e-16 1e-20
7353.031495 3.682181e-16 1e-20
7353.282712 3.779129e-16 1e-20
7353.533929 3.833105e-16 1e-20
7353.785146 3.825735e-16 1e-20
7354.036363 3.809078e-16 1e-20
7354.28758 3.819632e-16 1e-20
7354.538797 3.825399e-16 1e-20
7354.790014 3.811857e-16 1e-20
7355.041231 3.809143e-16 1e-20
7355.292448 3.825184e-16 1e-20
7355.543665 3.835234e-16 1e-20
7355.794882 3.819099e-16 1e-20
7356.046098 3.773367e-16 1e-20
7356.297315 3.70556e-16 1e-20
7356.548532 3.644503e-16 1e-20
7356.799749 3.616223e-16 1e-20
7357.050966 3.62059e-16 1e-20
7357.302183 3.645009e-16 1e-20
7357.5534 3.655884e-16 1e-20
7357.804617 3.631279e-16 1e-20
7358.055834 3.599251e-16 1e-20
7358.307051 3.588724e-16 1e-20
7358.558268 3.583364e-16 1e-20
7358.809485 3.558387e-16 1e-20
7359.060702 3.524766e-16 1e-20
7359.311919 3.49966e-16 1e-20
7359.563136 3.477049e-16 1e-20
7359.814353 3.452161e-16 1e-20
7360.065569 3.435417e-16 1e-20
7360.316786 3.434556e-16 1e-20
7360.568003 3.44672e-16 1e-20
7360.81922 3.480392e-16 1e-20
7361.070437 3.46795e-16 1e-20
7361.321654 3.331166e-16 1e-20
7361.572871 3.401556e-16 1e-20
7361.824088 3.417845e-16 1e-20
7362.075305 3.434104e-16 1e-20
7362.326522 3.450393e-16 1e-20
7362.577739 3.466651e-16 1e-20
7362.828956 3.482941e-16 1e-20
7363.080173 3.499199e-16 1e-20
7363.33139 3.515489e-16 1e-20
7363.582607 3.531747e-16 1e-20
7363.833824 3.357344e-16 1e-20
7364.08504 3.366118e-16 1e-20
7364.336257 3.398121e-16 1e-20
7364.587474 3.416012e-16 1e-20
7364.838691 3.490553e-16 1e-20
7365.089908 3.512008e-16 1e-20
7365.341125 3.473661e-16 1e-20
7365.592342 3.435387e-16 1e-20
7365.843559 3.39704e-16 1e-20
7366.094776 3.358767e-16 1e-20
7366.345993 3.345595e-16 1e-20
7366.59721 3.351915e-16 1e-20
7366.848427 3.368882e-16 1e-20
7367.099644 3.382232e-16 1e-20
7367.350861 3.384523e-16 1e-20
7367.602078 3.369844e-16 1e-20
7367.853295 3.341187e-16 1e-20
7368.104511 3.3088e-16 1e-20
7368.355728 3.283576e-16 1e-20
7368.606945 3.27818e-16 1e-20
7368.858162 3.301541e-16 1e-20
7369.109379 3.341531e-16 1e-20
7369.360596 3.384329e-16 1e-20
7369.611813 3.407662e-16 1e-20
7369.86303 3.384576e-16 1e-20
7370.114247 3.319273e-16 1e-20
7370.365464 3.260648e-16 1e-20
7370.616681 3.246458e-16 1e-20
7370.867898 3.275674e-16 1e-20
7371.119115 3.344847e-16 1e-20
7371.370332 3.421216e-16 1e-20
7371.621549 3.460846e-16 1e-20
7371.872766 3.457927e-16 1e-20
7372.123982 3.439481e-16 1e-20
7372.375199 3.425475e-16 1e-20
7372.626416 3.420384e-16 1e-20
7372.877633 3.42931e-16 1e-20
7373.12885 3.439579e-16 1e-20
7373.380067 3.434439e-16 1e-20
7373.631284 3.420324e-16 1e-20
7373.882501 3.413287e-16 1e-20
7374.133718 3.424565e-16 1e-20
7374.384935 3.462214e-16 1e-20
7374.636152 3.525242e-16 1e-20
7374.887369 3.557808e-16 1e-20
7375.138586 3.503441e-16 1e-20
7375.389803 3.405761e-16 1e-20
7375.64102 3.338042e-16 1e-20
7375.892237 3.325613e-16 1e-20
7376.143453 3.3544e-16 1e-20
7376.39467 3.405969e-16 1e-20
7376.645887 3.440498e-16 1e-20
7376.897104 3.421671e-16 1e-20
7377.148321 3.384365e-16 1e-20
7377.399538 3.376791e-16 1e-20
7377.650755 3.395176e-16 1e-20
7377.901972 3.409723e-16 1e-20
7378.153189 3.408266e-16 1e-20
7378.404406 3.403866e-16 1e-20
7378.655623 3.404757e-16 1e-20
7378.90684 3.402762e-16 1e-20
7379.158057 3.388079e-16 1e-20
7379.409274 3.381511e-16 1e-20
7379.660491 3.415413e-16 1e-20
7379.911708 3.474304e-16 1e-20
7380.162924 3.500101e-16 1e-20
7380.414141 3.462302e-16 1e-20
7380.665358 3.398205e-16 1e-20
7380.916575 3.341721e-16 1e-20
7381.167792 3.307756e-16 1e-20
7381.419009 3.311796e-16 1e-20
7381.670226 3.333365e-16 1e-20
7381.921443 3.330612e-16 1e-20
7382.17266 3.291678e-16 1e-20
7382.423877 3.254073e-16 1e-20
7382.675094 3.245363e-16 1e-20
7382.926311 3.253773e-16 1e-20
7383.177528 3.265827e-16 1e-20
7383.428745 3.28104e-16 1e-20
7383.679962 3.3025e-16 1e-20
7383.931179 3.324866e-16 1e-20
7384.182395 3.335695e-16 1e-20
7384.433612 3.330333e-16 1e-20
7384.684829 3.323424e-16 1e-20
7384.936046 3.328081e-16 1e-20
7385.187263 3.346245e-16 1e-20
7385.43848 3.378624e-16 1e-20
7385.689697 3.414389e-16 1e-20
7385.940914 3.435846e-16 1e-20
7386.192131 3.43578e-16 1e-20
7386.443348 3.424831e-16 1e-20
7386.694565 3.411917e-16 1e-20
7386.945782 3.396535e-16 1e-20
7387.196999 3.378499e-16 1e-20
7387.448216 3.362386e-16 1e-20
7387.699433 3.353151e-16 1e-20
7387.95065 3.354456e-16 1e-20
7388.201866 3.369173e-16 1e-20
7388.453083 3.39512e-16 1e-20
7388.7043 3.416647e-16 1e-20
7388.955517 3.420039e-16 1e-20
7389.206734 3.4042e-16 1e-20
7389.457951 3.370011e-16 1e-20
7389.709168 3.332759e-16 1e-20
7389.960385 3.315588e-16 1e-20
7390.211602 3.329252e-16 1e-20
7390.462819 3.364499e-16 1e-20
7390.714036 3.41068e-16 1e-20
7390.965253 3.444522e-16 1e-20
7391.21647 3.441012e-16 1e-20
7391.467687 3.41762e-16 1e-20
7391.718904 3.407425e-16 1e-20
7391.970121 3.416865e-16 1e-20
7392.221337 3.426762e-16 1e-20
7392.472554 3.424173e-16 1e-20
7392.723771 3.406754e-16 1e-20
7392.974988 3.372727e-16 1e-20
7393.226205 3.341562e-16 1e-20
7393.477422 3.336481e-16 1e-20
7393.728639 3.360043e-16 1e-20
7393.979856 3.403063e-16 1e-20
7394.231073 3.451296e-16 1e-20
7394.48229 3.481407e-16 1e-20
7394.733507 3.475424e-16 1e-20
7394.984724 3.443353e-16 1e-20
7395.235941 3.39907e-16 1e-20
7395.487158 3.354624e-16 1e-20
7395.738375 3.321517e-16 1e-20
7395.989592 3.308657e-16 1e-20
7396.240808 3.321303e-16 1e-20
7396.492025 3.358097e-16 1e-20
7396.743242 3.402494e-16 1e-20
7396.994459 3.438877e-16 1e-20
7397.245676 3.450633e-16 1e-20
7397.496893 3.418826e-16 1e-20
7397.74811 3.369142e-16 1e-20
7397.999327 3.354832e-16 1e-20
7398.250544 3.395252e-16 1e-20
7398.501761 3.44895e-16 1e-20
7398.752978 3.482104e-16 1e-20
7399.004195 3.493392e-16 1e-20
7399.255412 3.482865e-16 1e-20
7399.506629 3.457984e-16 1e-20
7399.757846 3.431148e-16 1e-20
7400.009063 3.407604e-16 1e-20
7400.260279 3.383353e-16 1e-20
7400.511496 3.357983e-16 1e-20
7400.762713 3.343651e-16 1e-20
7401.01393 3.350735e-16 1e-20
7401.265147 3.360818e-16 1e-20
7401.516364 3.348496e-16 1e-20
7401.767581 3.320431e-16 1e-20
7402.018798 3.303261e-16 1e-20
7402.270015 3.308701e-16 1e-20
7402.521232 3.321211e-16 1e-20
7402.772449 3.32936e-16 1e-20
7403.023666 3.343318e-16 1e-20
7403.274883 3.374435e-16 1e-20
7403.5261 3.41022e-16 1e-20
7403.777317 3.429752e-16 1e-20
7404.028534 3.428539e-16 1e-20
7404.27975 3.419098e-16 1e-20
7404.530967 3.411369e-16 1e-20
7404.782184 3.41167e-16 1e-20
7405.033401 3.426069e-16 1e-20
7405.284618 3.438047e-16 1e-20
7405.535835 3.425652e-16 1e-20
7405.787052 3.391938e-16 1e-20
7406.038269 3.355222e-16 1e-20
7406.289486 3.329049e-16 1e-20
7406.540703 3.319912e-16 1e-20
7406.79192 3.331562e-16 1e-20
7407.043137 3.345786e-16 1e-20
7407.294354 3.342128e-16 1e-20
7407.545571 3.320244e-16 1e-20
7407.796788 3.287201e-16 1e-20
7408.048005 3.252702e-16 1e-20
7408.299221 3.229707e-16 1e-20
7408.550438 3.227158e-16 1e-20
7408.801655 3.239507e-16 1e-20
7409.052872 3.260068e-16 1e-20
7409.304089 3.283073e-16 1e-20
7409.555306 3.30252e-16 1e-20
7409.806523 3.315159e-16 1e-20
7410.05774 3.31962e-16 1e-20
7410.308957 3.317501e-16 1e-20
7410.560174 3.316548e-16 1e-20
7410.811391 3.322595e-16 1e-20
7411.062608 3.325423e-16 1e-20
7411.313825 3.313323e-16 1e-20
7411.565042 3.289874e-16 1e-20
7411.816259 3.26445e-16 1e-20
7412.067476 3.241912e-16 1e-20
7412.318692 3.222369e-16 1e-20
7412.569909 3.205643e-16 1e-20
7412.821126 3.188113e-16 1e-20
7413.072343 3.166908e-16 1e-20
7413.32356 3.143608e-16 1e-20
7413.574777 3.118444e-16 1e-20
7413.825994 3.105802e-16 1e-20
7414.077211 3.130446e-16 1e-20
7414.328428 3.193637e-16 1e-20
7414.579645 3.24891e-16 1e-20
7414.830862 3.258772e-16 1e-20
7415.082079 3.238599e-16 1e-20
7415.333296 3.209541e-16 1e-20
7415.584513 3.181421e-16 1e-20
7415.83573 3.161348e-16 1e-20
7416.086947 3.152554e-16 1e-20
7416.338163 3.151062e-16 1e-20
7416.58938 3.154167e-16 1e-20
7416.840597 3.170946e-16 1e-20
7417.091814 3.209622e-16 1e-20
7417.343031 3.243745e-16 1e-20
7417.594248 3.237194e-16 1e-20
7417.845465 3.199329e-16 1e-20
7418.096682 3.171396e-16 1e-20
7418.347899 3.173854e-16 1e-20
7418.599116 3.185084e-16 1e-20
7418.850333 3.18806e-16 1e-20
7419.10155 3.184932e-16 1e-20
7419.352767 3.178324e-16 1e-20
7419.603984 3.172015e-16 1e-20
7419.855201 3.171111e-16 1e-20
7420.106418 3.175817e-16 1e-20
7420.357634 3.179798e-16 1e-20
7420.608851 3.178542e-16 1e-20
7420.860068 3.17322e-16 1e-20
7421.111285 3.165724e-16 1e-20
7421.362502 3.156567e-16 1e-20
7421.613719 3.144887e-16 1e-20
7421.864936 3.139722e-16 1e-20
7422.116153 3.157226e-16 1e-20
7422.36737 3.200432e-16 1e-20
7422.618587 3.245127e-16 1e-20
7422.869804 3.270502e-16 1e-20
7423.121021 3.276948e-16 1e-20
7423.372238 3.267061e-16 1e-20
7423.623455 3.247935e-16 1e-20
7423.874672 3.230323e-16 1e-20
7424.125889 3.216754e-16 1e-20
7424.377105 3.197518e-16 1e-20
7424.628322 3.168273e-16 1e-20
7424.879539 3.145689e-16 1e-20
7425.130756 3.145437e-16 1e-20
7425.381973 3.158197e-16 1e-20
7425.63319 3.168525e-16 1e-20
7425.884407 3.171447e-16 1e-20
7426.135624 3.168955e-16 1e-20
7426.386841 3.164392e-16 1e-20
7426.638058 3.166578e-16 1e-20
7426.889275 3.182774e-16 1e-20
7427.140492 3.200636e-16 1e-20
7427.391709 3.204611e-16 1e-20
7427.642926 3.200766e-16 1e-20
7427.894143 3.204742e-16 1e-20
7428.14536 3.219603e-16 1e-20
7428.396576 3.232713e-16 1e-20
7428.647793 3.235277e-16 1e-20
7428.89901 3.226025e-16 1e-20
7429.150227 3.20362e-16 1e-20
7429.401444 3.185e-16 1e-20
7429.652661 3.192682e-16 1e-20
7429.903878 3.223374e-16 1e-20
7430.155095 3.253863e-16 1e-20
7430.406312 3.268459e-16 1e-20
7430.657529 3.269027e-16 1e-20
7430.908746 3.258626e-16 1e-20
7431.159963 3.225638e-16 1e-20
7431.41118 3.163338e-16 1e-20
7431.662397 3.104654e-16 1e-20
7431.913614 3.089418e-16 1e-20
7432.164831 3.19248e-16 1e-20
7432.416047 3.185817e-16 1e-20
7432.667264 3.179141e-16 1e-20
7432.918481 3.172479e-16 1e-20
7433.169698 3.165803e-16 1e-20
7433.420915 3.15914e-16 1e-20
7433.672132 3.152464e-16 1e-20
7433.923349 3.145801e-16 1e-20
7434.174566 3.139126e-16 1e-20
7434.425783 3.132463e-16 1e-20
7434.677 3.1258e-16 1e-20
7434.928217 3.119124e-16 1e-20
7435.179434 3.112461e-16 1e-20
7435.430651 3.105785e-16 1e-20
7435.681868 3.099123e-16 1e-20
7435.933085 3.101471e-16 1e-20
7436.184302 3.120605e-16 1e-20
7436.435518 3.159781e-16 1e-20
7436.686735 3.217133e-16 1e-20
7436.937952 3.257814e-16 1e-20
7437.189169 3.247872e-16 1e-20
7437.440386 3.210486e-16 1e-20
7437.691603 3.18704e-16 1e-20
7437.94282 3.182373e-16 1e-20
7438.194037 3.171242e-16 1e-20
7438.445254 3.143899e-16 1e-20
7438.696471 3.125739e-16 1e-20
7438.947688 3.136173e-16 1e-20
7439.198905 3.153879e-16 1e-20
7439.450122 3.151993e-16 1e-20
7439.701339 3.132899e-16 1e-20
7439.952556 3.112644e-16 1e-20
7440.203773 3.100425e-16 1e-20
7440.454989 3.096234e-16 1e-20
7440.706206 3.100813e-16 1e-20
7440.957423 3.116011e-16 1e-20
7441.20864 3.142633e-16 1e-20
7441.459857 3.169964e-16 1e-20
7441.711074 3.184139e-16 1e-20
7441.962291 3.181518e-16 1e-20
7442.213508 3.166524e-16 1e-20
7442.464725 3.145506e-16 1e-20
7442.715942 3.131728e-16 1e-20
7442.967159 3.136441e-16 1e-20
7443.218376 3.140145e-16 1e-20
7443.469593 3.118506e-16 1e-20
7443.72081 3.077302e-16 1e-20
7443.972027 3.036145e-16 1e-20
7444.223244 3.009808e-16 1e-20
7444.47446 3.008065e-16 1e-20
7444.725677 3.035178e-16 1e-20
7444.976894 3.062886e-16 1e-20
7445.228111 3.060948e-16 1e-20
7445.479328 3.045508e-16 1e-20
7445.730545 3.046239e-16 1e-20
7445.981762 3.069358e-16 1e-20
7446.232979 3.102099e-16 1e-20
7446.484196 3.132864e-16 1e-20
7446.735413 3.147802e-16 1e-20
7446.98663 3.134818e-16 1e-20
7447.237847 3.10873e-16 1e-20
7447.489064 3.089904e-16 1e-20
7447.740281 3.078854e-16 1e-20
7447.991498 3.066096e-16 1e-20
7448.242715 3.048573e-16 1e-20
7448.493931 3.03228e-16 1e-20
7448.745148 3.021197e-16 1e-20
7448.996365 3.013182e-16 1e-20
7449.247582 3.005511e-16 1e-20
7449.498799 3.004803e-16 1e-20
7449.750016 3.020171e-16 1e-20
7450.001233 3.049043e-16 1e-20
7450.25245 3.078967e-16 1e-20
7450.503667 3.099407e-16 1e-20
7450.754884 3.103496e-16 1e-20
7451.006101 3.086508e-16 1e-20
7451.257318 3.054956e-16 1e-20
7451.508535 3.016745e-16 1e-20
7451.759752 2.987483e-16 1e-20
7452.010969 2.987747e-16 1e-20
7452.262186 3.018032e-16 1e-20
7452.513402 3.045454e-16 1e-20
7452.764619 3.045979e-16 1e-20
7453.015836 3.043612e-16 1e-20
7453.267053 3.065199e-16 1e-20
7453.51827 3.0898e-16 1e-20
7453.769487 3.081888e-16 1e-20
7454.020704 3.041634e-16 1e-20
7454.271921 3.000697e-16 1e-20
7454.523138 2.980775e-16 1e-20
7454.774355 2.982104e-16 1e-20
7455.025572 3.003961e-16 1e-20
7455.276789 3.032664e-16 1e-20
7455.528006 3.051678e-16 1e-20
7455.779223 3.052339e-16 1e-20
7456.03044 3.030396e-16 1e-20
7456.281657 2.990848e-16 1e-20
7456.532873 2.953918e-16 1e-20
7456.78409 2.935979e-16 1e-20
7457.035307 2.932408e-16 1e-20
7457.286524 2.936648e-16 1e-20
7457.537741 2.945612e-16 1e-20
7457.788958 2.956878e-16 1e-20
7458.040175 2.966652e-16 1e-20
7458.291392 2.969733e-16 1e-20
7458.542609 2.9653e-16 1e-20
7458.793826 2.966914e-16 1e-20
7459.045043 2.986776e-16 1e-20
7459.29626 3.003286e-16 1e-20
7459.547477 2.987788e-16 1e-20
7459.798694 2.951696e-16 1e-20
7460.049911 2.928325e-16 1e-20
7460.301128 2.932786e-16 1e-20
7460.552344 2.951873e-16 1e-20
7460.803561 2.974035e-16 1e-20
7461.054778 2.982306e-16 1e-20
7461.305995 2.958465e-16 1e-20
7461.557212 2.922574e-16 1e-20
7461.808429 2.907998e-16 1e-20
7462.059646 2.923923e-16 1e-20
7462.310863 2.9562e-16 1e-20
7462.56208 2.991399e-16 1e-20
7462.813297 3.013988e-16 1e-20
7463.064514 3.009371e-16 1e-20
7463.315731 2.986344e-16 1e-20
7463.566948 2.959824e-16 1e-20
7463.818165 2.93398e-16 1e-20
7464.069382 2.90647e-16 1e-20
7464.320599 2.881069e-16 1e-20
7464.571815 2.871579e-16 1e-20
7464.823032 2.886221e-16 1e-20
7465.074249 2.911084e-16 1e-20
7465.325466 2.931001e-16 1e-20
7465.576683 2.937589e-16 1e-20
7465.8279 2.923986e-16 1e-20
7466.079117 2.896635e-16 1e-20
7466.330334 2.876189e-16 1e-20
7466.581551 2.875882e-16 1e-20
7466.832768 2.885536e-16 1e-20
7467.083985 2.895141e-16 1e-20
7467.335202 2.906459e-16 1e-20
7467.586419 2.922873e-16 1e-20
7467.837636 2.940556e-16 1e-20
7468.088853 2.952099e-16 1e-20
7468.34007 2.95395e-16 1e-20
7468.591287 2.9482e-16 1e-20
7468.842503 2.937561e-16 1e-20
7469.09372 2.930751e-16 1e-20
7469.344937 2.93752e-16 1e-20
7469.596154 2.950515e-16 1e-20
7469.847371 2.955168e-16 1e-20
7470.098588 2.950978e-16 1e-20
7470.349805 2.952709e-16 1e-20
7470.601022 2.96724e-16 1e-20
7470.852239 2.97857e-16 1e-20
7471.103456 2.972263e-16 1e-20
7471.354673 2.955266e-16 1e-20
7471.60589 2.939774e-16 1e-20
7471.857107 2.925283e-16 1e-20
7472.108324 2.903021e-16 1e-20
7472.359541 2.87545e-16 1e-20
7472.610758 2.86594e-16 1e-20
7472.861974 2.890486e-16 1e-20
7473.113191 2.926679e-16 1e-20
7473.364408 2.947687e-16 1e-20
7473.615625 2.957479e-16 1e-20
7473.866842 2.972404e-16 1e-20
7474.118059 2.988914e-16 1e-20
7474.369276 2.982017e-16 1e-20
7474.620493 2.941217e-16 1e-20
7474.87171 2.896753e-16 1e-20
7475.122927 2.876637e-16 1e-20
7475.374144 2.879575e-16 1e-20
7475.625361 2.899345e-16 1e-20
7475.876578 2.922688e-16 1e-20
7476.127795 2.930613e-16 1e-20
7476.379012 2.916516e-16 1e-20
7476.630229 2.899304e-16 1e-20
7476.881445 2.894366e-16 1e-20
7477.132662 2.89663e-16 1e-20
7477.383879 2.899818e-16 1e-20
7477.635096 2.901255e-16 1e-20
7477.886313 2.898999e-16 1e-20
7478.13753 2.892993e-16 1e-20
7478.388747 2.885812e-16 1e-20
7478.639964 2.879854e-16 1e-20
7478.891181 2.876141e-16 1e-20
7479.142398 2.874847e-16 1e-20
7479.393615 2.879758e-16 1e-20
7479.644832 2.897654e-16 1e-20
7479.896049 2.913735e-16 1e-20
7480.147266 2.898049e-16 1e-20
7480.398483 2.846624e-16 1e-20
7480.6497 2.806977e-16 1e-20
7480.900916 2.815757e-16 1e-20
7481.152133 2.850911e-16 1e-20
7481.40335 2.885517e-16 1e-20
7481.654567 2.905842e-16 1e-20
7481.905784 2.901315e-16 1e-20
7482.157001 2.87524e-16 1e-20
7482.408218 2.848765e-16 1e-20
7482.659435 2.836803e-16 1e-20
7482.910652 2.830971e-16 1e-20
7483.161869 2.823464e-16 1e-20
7483.413086 2.812235e-16 1e-20
7483.664303 2.795189e-16 1e-20
7483.91552 2.778428e-16 1e-20
7484.166737 2.773283e-16 1e-20
7484.417954 2.785404e-16 1e-20
7484.669171 2.810737e-16 1e-20
7484.920387 2.843606e-16 1e-20
7485.171604 2.863074e-16 1e-20
7485.422821 2.847802e-16 1e-20
7485.674038 2.803538e-16 1e-20
7485.925255 2.746307e-16 1e-20
7486.176472 2.697011e-16 1e-20
7486.427689 2.682563e-16 1e-20
7486.678906 2.717667e-16 1e-20
7486.930123 2.775634e-16 1e-20
7487.18134 2.828805e-16 1e-20
7487.432557 2.861057e-16 1e-20
7487.683774 2.856958e-16 1e-20
7487.934991 2.828684e-16 1e-20
7488.186208 2.808751e-16 1e-20
7488.437425 2.81402e-16 1e-20
7488.688642 2.827911e-16 1e-20
7488.939858 2.836586e-16 1e-20
7489.191075 2.832414e-16 1e-20
7489.442292 2.80701e-16 1e-20
7489.693509 2.773691e-16 1e-20
7489.944726 2.755349e-16 1e-20
7490.195943 2.760086e-16 1e-20
7490.44716 2.777561e-16 1e-20
7490.698377 2.798649e-16 1e-20
7490.949594 2.816835e-16 1e-20
7491.200811 2.825847e-16 1e-20
7491.452028 2.822068e-16 1e-20
7491.703245 2.801591e-16 1e-20
7491.954462 2.776171e-16 1e-20
7492.205679 2.769726e-16 1e-20
7492.456896 2.789147e-16 1e-20
7492.708113 2.803253e-16 1e-20
7492.959329 2.787285e-16 1e-20
7493.210546 2.75993e-16 1e-20
7493.461763 2.744212e-16 1e-20
7493.71298 2.743409e-16 1e-20
7493.964197 2.752942e-16 1e-20
7494.215414 2.768304e-16 1e-20
7494.466631 2.784499e-16 1e-20
7494.717848 2.795779e-16 1e-20
7494.969065 2.794644e-16 1e-20
7495.220282 2.77465e-16 1e-20
7495.471499 2.746448e-16 1e-20
7495.722716 2.725654e-16 1e-20
7495.973933 2.715627e-16 1e-20
7496.22515 2.710712e-16 1e-20
7496.476367 2.706956e-16 1e-20
7496.727584 2.703088e-16 1e-20
7496.9788 2.697615e-16 1e-20
7497.230017 2.693869e-16 1e-20
7497.481234 2.695539e-16 1e-20
7497.732451 2.702151e-16 1e-20
7497.983668 2.712214e-16 1e-20
7498.234885 2.720507e-16 1e-20
7498.486102 2.716081e-16 1e-20
7498.737319 2.694005e-16 1e-20
7498.988536 2.672972e-16 1e-20
7499.239753 2.670834e-16 1e-20
7499.49097 2.686224e-16 1e-20
7499.742187 2.714769e-16 1e-20
7499.993404 2.739674e-16 1e-20
7500.244621 2.733601e-16 1e-20
7500.495838 2.688767e-16 1e-20
7500.747055 2.643172e-16 1e-20
7500.998271 2.629403e-16 1e-20
7501.249488 2.637659e-16 1e-20
7501.500705 2.652903e-16 1e-20
7501.751922 2.669538e-16 1e-20
7502.003139 2.685074e-16 1e-20
7502.254356 2.69694e-16 1e-20
7502.505573 2.703637e-16 1e-20
7502.75679 2.705225e-16 1e-20
7503.008007 2.70826e-16 1e-20
7503.259224 2.719493e-16 1e-20
7503.510441 2.729043e-16 1e-20
7503.761658 2.722821e-16 1e-20
7504.012875 2.699175e-16 1e-20
7504.264092 2.665688e-16 1e-20
7504.515309 2.630438e-16 1e-20
7504.766526 2.604392e-16 1e-20
7505.017742 2.596792e-16 1e-20
7505.268959 2.595774e-16 1e-20
7505.520176 2.5856e-16 1e-20
7505.771393 2.570209e-16 1e-20
7506.02261 2.562486e-16 1e-20
7506.273827 2.566859e-16 1e-20
7506.525044 2.576604e-16 1e-20
7506.776261 2.586592e-16 1e-20
7507.027478 2.595874e-16 1e-20
7507.278695 2.603064e-16 1e-20
7507.529912 2.605551e-16 1e-20
7507.781129 2.601834e-16 1e-20
7508.032346 2.587918e-16 1e-20
7508.283563 2.55702e-16 1e-20
7508.53478 2.511547e-16 1e-20
7508.785997 2.476855e-16 1e-20
7509.037213 2.473879e-16 1e-20
7509.28843 2.486614e-16 1e-20
7509.539647 2.494451e-16 1e-20
7509.790864 2.490363e-16 1e-20
7510.042081 2.471757e-16 1e-20
7510.293298 2.447789e-16 1e-20
7510.544515 2.447087e-16 1e-20
7510.795732 2.486757e-16 1e-20
7511.046949 2.533287e-16 1e-20
7511.298166 2.552518e-16 1e-20
7511.549383 2.543159e-16 1e-20
7511.8006 2.511186e-16 1e-20
7512.051817 2.474011e-16 1e-20
7512.303034 2.459964e-16 1e-20
7512.554251 2.481322e-16 1e-20
7512.805468 2.508518e-16 1e-20
7513.056684 2.515289e-16 1e-20
7513.307901 2.498334e-16 1e-20
7513.559118 2.455852e-16 1e-20
7513.810335 2.407351e-16 1e-20
7514.061552 2.384365e-16 1e-20
7514.312769 2.395369e-16 1e-20
7514.563986 2.413533e-16 1e-20
7514.815203 2.418123e-16 1e-20
7515.06642 2.410836e-16 1e-20
7515.317637 2.39377e-16 1e-20
7515.568854 2.3728e-16 1e-20
7515.820071 2.356309e-16 1e-20
7516.071288 2.346631e-16 1e-20
7516.322505 2.340169e-16 1e-20
7516.573722 2.335447e-16 1e-20
7516.824939 2.33674e-16 1e-20
7517.076155 2.34694e-16 1e-20
7517.327372 2.361018e-16 1e-20
7517.578589 2.371873e-16 1e-20
7517.829806 2.379488e-16 1e-20
7518.081023 2.388613e-16 1e-20
7518.33224 2.39495e-16 1e-20
7518.583457 2.379178e-16 1e-20
7518.834674 2.33086e-16 1e-20
7519.085891 2.277989e-16 1e-20
7519.337108 2.250165e-16 1e-20
7519.588325 2.242497e-16 1e-20
7519.839542 2.239705e-16 1e-20
7520.090759 2.235464e-16 1e-20
7520.341976 2.230734e-16 1e-20
7520.593193 2.225548e-16 1e-20
7520.84441 2.220291e-16 1e-20
7521.095626 2.215605e-16 1e-20
7521.346843 2.217556e-16 1e-20
7521.59806 2.234394e-16 1e-20
7521.849277 2.254786e-16 1e-20
7522.100494 2.256075e-16 1e-20
7522.351711 2.234742e-16 1e-20
7522.602928 2.218348e-16 1e-20
7522.854145 2.225672e-16 1e-20
7523.105362 2.236497e-16 1e-20
7523.356579 2.229526e-16 1e-20
7523.607796 2.207525e-16 1e-20
7523.859013 2.179848e-16 1e-20
7524.11023 2.153747e-16 1e-20
7524.361447 2.135461e-16 1e-20
7524.612664 2.128163e-16 1e-20
7524.863881 2.124352e-16 1e-20
7525.115097 2.116646e-16 1e-20
7525.366314 2.108667e-16 1e-20
7525.617531 2.105978e-16 1e-20
7525.868748 2.105051e-16 1e-20
7526.119965 2.097949e-16 1e-20
7526.371182 2.081717e-16 1e-20
7526.622399 2.060479e-16 1e-20
7526.873616 2.038544e-16 1e-20
7527.124833 2.023777e-16 1e-20
7527.37605 2.023661e-16 1e-20
7527.627267 2.034609e-16 1e-20
7527.878484 2.050188e-16 1e-20
7528.129701 2.060803e-16 1e-20
7528.380918 2.05331e-16 1e-20
7528.632135 2.024128e-16 1e-20
7528.883352 1.997641e-16 1e-20
7529.134568 1.996116e-16 1e-20
7529.385785 2.01237e-16 1e-20
7529.637002 2.033407e-16 1e-20
7529.888219 2.054721e-16 1e-20
7530.139436 2.076116e-16 1e-20
7530.390653 2.09326e-16 1e-20
7530.64187 2.096357e-16 1e-20
7530.893087 2.079327e-16 1e-20
7531.144304 2.046736e-16 1e-20
7531.395521 2.003996e-16 1e-20
7531.646738 1.96562e-16 1e-20
7531.897955 1.949724e-16 1e-20
7532.149172 1.95618e-16 1e-20
7532.400389 1.966708e-16 1e-20
7532.651606 1.967936e-16 1e-20
7532.902823 1.960069e-16 1e-20
7533.154039 1.943486e-16 1e-20
7533.405256 1.922529e-16 1e-20
7533.656473 1.902933e-16 1e-20
7533.90769 1.888918e-16 1e-20
7534.158907 1.883642e-16 1e-20
7534.410124 1.887052e-16 1e-20
7534.661341 1.893497e-16 1e-20
7534.912558 1.89786e-16 1e-20
7535.163775 1.899938e-16 1e-20
7535.414992 1.900331e-16 1e-20
7535.666209 1.896561e-16 1e-20
7535.917426 1.884815e-16 1e-20
7536.168643 1.869175e-16 1e-20
7536.41986 1.861801e-16 1e-20
7536.671077 1.868965e-16 1e-20
7536.922294 1.8797e-16 1e-20
7537.17351 1.883503e-16 1e-20
7537.424727 1.882969e-16 1e-20
7537.675944 1.883689e-16 1e-20
7537.927161 1.882835e-16 1e-20
7538.178378 1.872391e-16 1e-20
7538.429595 1.853251e-16 1e-20
7538.680812 1.842249e-16 1e-20
7538.932029 1.851208e-16 1e-20
7539.183246 1.865853e-16 1e-20
7539.434463 1.869744e-16 1e-20
7539.68568 1.864767e-16 1e-20
7539.936897 1.859409e-16 1e-20
7540.188114 1.855347e-16 1e-20
7540.439331 1.847175e-16 1e-20
7540.690548 1.833663e-16 1e-20
7540.941765 1.825705e-16 1e-20
7541.192981 1.832859e-16 1e-20
7541.444198 1.84332e-16 1e-20
7541.695415 1.840731e-16 1e-20
7541.946632 1.825843e-16 1e-20
7542.197849 1.80964e-16 1e-20
7542.449066 1.798818e-16 1e-20
7542.700283 1.793138e-16 1e-20
7542.9515 1.792601e-16 1e-20
7543.202717 1.794218e-16 1e-20
7543.453934 1.794405e-16 1e-20
7543.705151 1.79368e-16 1e-20
7543.956368 1.793834e-16 1e-20
7544.207585 1.797014e-16 1e-20
7544.458802 1.805628e-16 1e-20
7544.710019 1.820455e-16 1e-20
7544.961236 1.838943e-16 1e-20
7545.212452 1.858775e-16 1e-20
7545.463669 1.86607e-16 1e-20
7545.714886 1.843251e-16 1e-20
7545.966103 1.802931e-16 1e-20
7546.21732 1.777338e-16 1e-20
7546.468537 1.780067e-16 1e-20
7546.719754 1.78927e-16 1e-20
7546.970971 1.78777e-16 1e-20
7547.222188 1.781381e-16 1e-20
7547.473405 1.77693e-16 1e-20
7547.724622 1.773671e-16 1e-20
7547.975839 1.769014e-16 1e-20
7548.227056 1.761455e-16 1e-20
7548.478273 1.749841e-16 1e-20
7548.72949 1.734711e-16 1e-20
7548.980707 1.723422e-16 1e-20
7549.231923 1.72264e-16 1e-20
7549.48314 1.727676e-16 1e-20
7549.734357 1.731552e-16 1e-20
7549.985574 1.73043e-16 1e-20
7550.236791 1.722259e-16 1e-20
7550.488008 1.707988e-16 1e-20
7550.739225 1.694913e-16 1e-20
7550.990442 1.689022e-16 1e-20
7551.241659 1.688729e-16 1e-20
7551.492876 1.692093e-16 1e-20
7551.744093 1.693234e-16 1e-20
7551.99531 1.684242e-16 1e-20
7552.246527 1.666187e-16 1e-20
7552.497744 1.650564e-16 1e-20
7552.748961 1.645415e-16 1e-20
7553.000178 1.64931e-16 1e-20
7553.251394 1.660283e-16 1e-20
7553.502611 1.66988e-16 1e-20
7553.753828 1.668191e-16 1e-20
7554.005045 1.652523e-16 1e-20
7554.256262 1.625039e-16 1e-20
7554.507479 1.591373e-16 1e-20
7554.758696 1.564213e-16 1e-20
7555.009913 1.554033e-16 1e-20
7555.26113 1.555567e-16 1e-20
7555.512347 1.561667e-16 1e-20
7555.763564 1.568936e-16 1e-20
7556.014781 1.574275e-16 1e-20
7556.265998 1.579537e-16 1e-20
7556.517215 1.593568e-16 1e-20
7556.768432 1.619877e-16 1e-20
7557.019649 1.642798e-16 1e-20
7557.270865 1.647628e-16 1e-20
7557.522082 1.636345e-16 1e-20
7557.773299 1.614823e-16 1e-20
7558.024516 1.58968e-16 1e-20
7558.275733 1.568387e-16 1e-20
7558.52695 1.556066e-16 1e-20
7558.778167 1.551966e-16 1e-20
7559.029384 1.55473e-16 1e-20
7559.280601 1.562403e-16 1e-20
7559.531818 1.572416e-16 1e-20
7559.783035 1.582452e-16 1e-20
7560.034252 1.590203e-16 1e-20
7560.285469 1.594902e-16 1e-20
7560.536686 1.598054e-16 1e-20
7560.787903 1.600166e-16 1e-20
7561.03912 1.596312e-16 1e-20
7561.290336 1.582213e-16 1e-20
7561.541553 1.564124e-16 1e-20
7561.79277 1.550615e-16 1e-20
7562.043987 1.544926e-16 1e-20
7562.295204 1.546715e-16 1e-20
7562.546421 1.553348e-16 1e-20
7562.797638 1.556889e-16 1e-20
7563.048855 1.550958e-16 1e-20
7563.300072 1.537822e-16 1e-20
7563.551289 1.519856e-16 1e-20
7563.802506 1.508477e-16 1e-20
7564.053723 1.519637e-16 1e-20
7564.30494 1.551059e-16 1e-20
7564.556157 1.577364e-16 1e-20
7564.807374 1.580335e-16 1e-20
7565.058591 1.563549e-16 1e-20
7565.309807 1.531474e-16 1e-20
7565.561024 1.500445e-16 1e-20
7565.812241 1.490598e-16 1e-20
7566.063458 1.503372e-16 1e-20
7566.314675 1.526336e-16 1e-20
7566.565892 1.547399e-16 1e-20
7566.817109 1.554396e-16 1e-20
7567.068326 1.537518e-16 1e-20
7567.319543 1.507963e-16 1e-20
7567.57076 1.480848e-16 1e-20
7567.821977 1.460578e-16 1e-20
7568.073194 1.446294e-16 1e-20
7568.324411 1.441106e-16 1e-20
7568.575628 1.453193e-16 1e-20
7568.826845 1.484482e-16 1e-20
7569.078062 1.517348e-16 1e-20
7569.329278 1.534872e-16 1e-20
7569.580495 1.531722e-16 1e-20
7569.831712 1.504949e-16 1e-20
7570.082929 1.467847e-16 1e-20
7570.334146 1.44623e-16 1e-20
7570.585363 1.454808e-16 1e-20
7570.83658 1.482815e-16 1e-20
7571.087797 1.518965e-16 1e-20
7571.339014 1.556466e-16 1e-20
7571.590231 1.589302e-16 1e-20
7571.841448 1.603669e-16 1e-20
7572.092665 1.582974e-16 1e-20
7572.343882 1.53015e-16 1e-20
7572.595099 1.473451e-16 1e-20
7572.846316 1.436075e-16 1e-20
7573.097533 1.423539e-16 1e-20
7573.348749 1.439522e-16 1e-20
7573.599966 1.473426e-16 1e-20
7573.851183 1.509525e-16 1e-20
7574.1024 1.538308e-16 1e-20
7574.353617 1.555419e-16 1e-20
7574.604834 1.560339e-16 1e-20
7574.856051 1.56253e-16 1e-20
7575.107268 1.570774e-16 1e-20
7575.358485 1.580882e-16 1e-20
7575.609702 1.587221e-16 1e-20
7575.860919 1.588429e-16 1e-20
7576.112136 1.584464e-16 1e-20
7576.363353 1.57727e-16 1e-20
7576.61457 1.572576e-16 1e-20
7576.865787 1.57358e-16 1e-20
7577.117004 1.570001e-16 1e-20
7577.36822 1.551404e-16 1e-20
7577.619437 1.528652e-16 1e-20
7577.870654 1.518324e-16 1e-20
7578.121871 1.522829e-16 1e-20
7578.373088 1.533733e-16 1e-20
7578.624305 1.543374e-16 1e-20
7578.875522 1.543912e-16 1e-20
7579.126739 1.529151e-16 1e-20
7579.377956 1.50787e-16 1e-20
7579.629173 1.49094e-16 1e-20
7579.88039 1.486233e-16 1e-20
7580.131607 1.499983e-16 1e-20
7580.382824 1.530733e-16 1e-20
7580.634041 1.566488e-16 1e-20
7580.885258 1.595919e-16 1e-20
7581.136475 1.607874e-16 1e-20
7581.387691 1.591621e-16 1e-20
7581.638908 1.564739e-16 1e-20
7581.890125 1.554387e-16 1e-20
7582.141342 1.562009e-16 1e-20
7582.392559 1.56774e-16 1e-20
7582.643776 1.559334e-16 1e-20
7582.894993 1.540238e-16 1e-20
7583.14621 1.513654e-16 1e-20
7583.397427 1.489817e-16 1e-20
7583.648644 1.480234e-16 1e-20
7583.899861 1.48589e-16 1e-20
7584.151078 1.502216e-16 1e-20
7584.402295 1.522276e-16 1e-20
7584.653512 1.536344e-16 1e-20
7584.904729 1.536407e-16 1e-20
7585.155946 1.518245e-16 1e-20
7585.407163 1.478905e-16 1e-20
7585.658379 1.438763e-16 1e-20
7585.909596 1.424998e-16 1e-20
7586.160813 1.444073e-16 1e-20
7586.41203 1.484711e-16 1e-20
7586.663247 1.533244e-16 1e-20
7586.914464 1.569384e-16 1e-20
7587.165681 1.575437e-16 1e-20
7587.416898 1.553465e-16 1e-20
7587.668115 1.508253e-16 1e-20
7587.919332 1.46304e-16 1e-20
7588.170549 1.451358e-16 1e-20
7588.421766 1.480699e-16 1e-20
7588.672983 1.518038e-16 1e-20
7588.9242 1.536984e-16 1e-20
7589.175417 1.537559e-16 1e-20
7589.426634 1.520734e-16 1e-20
7589.67785 1.495662e-16 1e-20
7589.929067 1.475557e-16 1e-20
7590.180284 1.465179e-16 1e-20
7590.431501 1.461189e-16 1e-20
7590.682718 1.460852e-16 1e-20
7590.933935 1.462069e-16 1e-20
7591.185152 1.462125e-16 1e-20
7591.436369 1.465189e-16 1e-20
7591.687586 1.475805e-16 1e-20
7591.938803 1.489751e-16 1e-20
7592.19002 1.499346e-16 1e-20
7592.441237 1.493079e-16 1e-20
7592.692454 1.452038e-16 1e-20
7592.943671 1.365439e-16 1e-20
7593.194888 1.259779e-16 1e-20
7593.446105 1.165147e-16 1e-20
7593.697321 1.078558e-16 1e-20
7593.948538 9.858435e-17 1e-20
7594.199755 8.918481e-17 1e-20
7594.450972 8.183958e-17 1e-20
7594.702189 7.74693e-17 1e-20
7594.953406 7.393275e-17 1e-20
7595.204623 6.936409e-17 1e-20
7595.45584 6.449715e-17 1e-20
7595.707057 6.039291e-17 1e-20
7595.958274 5.79329e-17 1e-20
7596.209491 5.795162e-17 1e-20
7596.460708 6.045015e-17 1e-20
7596.711925 6.400152e-17 1e-20
7596.963142 6.731338e-17 1e-20
7597.214359 7.020157e-17 1e-20
7597.465576 7.263443e-17 1e-20
7597.716792 7.35391e-17 1e-20
7597.968009 7.150217e-17 1e-20
7598.219226 6.719935e-17 1e-20
7598.470443 6.326304e-17 1e-20
7598.72166 6.128157e-17 1e-20
7598.972877 6.005867e-17 1e-20
7599.224094 5.853412e-17 1e-20
7599.475311 5.599609e-17 1e-20
7599.726528 5.156434e-17 1e-20
7599.977745 4.668529e-17 1e-20
7600.228962 4.415036e-17 1e-20
7600.480179 4.482907e-17 1e-20
7600.731396 4.643844e-17 1e-20
7600.982613 4.709192e-17 1e-20
7601.23383 4.592269e-17 1e-20
7601.485047 4.20913e-17 1e-20
7601.736263 3.748359e-17 1e-20
7601.98748 3.49464e-17 1e-20
7602.238697 3.535914e-17 1e-20
7602.489914 3.771483e-17 1e-20
7602.741131 4.079822e-17 1e-20
7602.992348 4.239731e-17 1e-20
7603.243565 4.05331e-17 1e-20
7603.494782 3.68284e-17 1e-20
7603.745999 3.362042e-17 1e-20
7603.997216 3.200021e-17 1e-20
7604.248433 3.238558e-17 1e-20
7604.49965 3.457321e-17 1e-20
7604.750867 3.716344e-17 1e-20
7605.002084 3.890096e-17 1e-20
7605.253301 3.979962e-17 1e-20
7605.504518 4.002413e-17 1e-20
7605.755734 3.9512e-17 1e-20
7606.006951 3.818696e-17 1e-20
7606.258168 3.650922e-17 1e-20
7606.509385 3.542554e-17 1e-20
7606.760602 3.560825e-17 1e-20
7607.011819 3.698258e-17 1e-20
7607.263036 3.936469e-17 1e-20
7607.514253 4.257859e-17 1e-20
7607.76547 4.638129e-17 1e-20
7608.016687 5.005369e-17 1e-20
7608.267904 5.27034e-17 1e-20
7608.519121 5.36239e-17 1e-20
7608.770338 5.229313e-17 1e-20
7609.021555 4.866573e-17 1e-20
7609.272772 4.48681e-17 1e-20
7609.523989 4.317596e-17 1e-20
7609.775205 4.424012e-17 1e-20
7610.026422 4.800612e-17 1e-20
7610.277639 5.386182e-17 1e-20
7610.528856 6.068697e-17 1e-20
7610.780073 6.704298e-17 1e-20
7611.03129 7.059669e-17 1e-20
7611.282507 6.942409e-17 1e-20
7611.533724 6.509353e-17 1e-20
7611.784941 6.004676e-17 1e-20
7612.036158 5.597054e-17 1e-20
7612.287375 5.40737e-17 1e-20
7612.538592 5.520545e-17 1e-20
7612.789809 5.939024e-17 1e-20
7613.041026 6.627543e-17 1e-20
7613.292243 7.559508e-17 1e-20
7613.54346 8.703884e-17 1e-20
7613.794676 9.716444e-17 1e-20
7614.045893 1.014987e-16 1e-20
7614.29711 9.908934e-17 1e-20
7614.548327 9.275148e-17 1e-20
7614.799544 8.528281e-17 1e-20
7615.050761 7.931811e-17 1e-20
7615.301978 7.746447e-17 1e-20
7615.553195 7.97941e-17 1e-20
7615.804412 8.542801e-17 1e-20
7616.055629 9.421761e-17 1e-20
7616.306846 1.064489e-16 1e-20
7616.558063 1.208953e-16 1e-20
7616.80928 1.337983e-16 1e-20
7617.060497 1.421961e-16 1e-20
7617.311714 1.466224e-16 1e-20
7617.562931 1.479905e-16 1e-20
7617.814147 1.484282e-16 1e-20
7618.065364 1.507077e-16 1e-20
7618.316581 1.550784e-16 1e-20
7618.567798 1.588374e-16 1e-20
7618.819015 1.599813e-16 1e-20
7619.070232 1.587305e-16 1e-20
7619.321449 1.553041e-16 1e-20
7619.572666 1.495877e-16 1e-20
7619.823883 1.417692e-16 1e-20
7620.0751 1.3203e-16 1e-20
7620.326317 1.203845e-16 1e-20
7620.577534 1.084641e-16 1e-20
7620.828751 1.010967e-16 1e-20
7621.079968 1.017921e-16 1e-20
7621.331185 1.082568e-16 1e-20
7621.582402 1.174554e-16 1e-20
7621.833618 1.25418e-16 1e-20
7622.084835 1.278216e-16 1e-20
7622.336052 1.230213e-16 1e-20
7622.587269 1.125447e-16 1e-20
7622.838486 9.860039e-17 1e-20
7623.089703 8.527066e-17 1e-20
7623.34092 7.669187e-17 1e-20
7623.592137 7.208008e-17 1e-20
7623.843354 6.930052e-17 1e-20
7624.094571 6.855533e-17 1e-20
7624.345788 7.131494e-17 1e-20
7624.597005 7.829329e-17 1e-20
7624.848222 8.951242e-17 1e-20
7625.099439 1.043168e-16 1e-20
7625.350656 1.183224e-16 1e-20
7625.601873 1.270176e-16 1e-20
7625.853089 1.280299e-16 1e-20
7626.104306 1.199316e-16 1e-20
7626.355523 1.047814e-16 1e-20
7626.60674 8.879382e-17 1e-20
7626.857957 7.680966e-17 1e-20
7627.109174 6.810252e-17 1e-20
7627.360391 6.181903e-17 1e-20
7627.611608 5.87654e-17 1e-20
7627.862825 5.961925e-17 1e-20
7628.114042 6.490113e-17 1e-20
7628.365259 7.499865e-17 1e-20
7628.616476 8.915941e-17 1e-20
7628.867693 1.046744e-16 1e-20
7629.11891 1.187861e-16 1e-20
7629.370127 1.287906e-16 1e-20
7629.621344 1.32357e-16 1e-20
7629.87256 1.285785e-16 1e-20
7630.123777 1.173635e-16 1e-20
7630.374994 1.009226e-16 1e-20
7630.626211 8.411506e-17 1e-20
7630.877428 7.090792e-17 1e-20
7631.128645 6.169887e-17 1e-20
7631.379862 5.663262e-17 1e-20
7631.631079 5.562277e-17 1e-20
7631.882296 5.802201e-17 1e-20
7632.133513 6.415156e-17 1e-20
7632.38473 7.501248e-17 1e-20
7632.635947 9.014404e-17 1e-20
7632.887164 1.0639e-16 1e-20
7633.138381 1.207326e-16 1e-20
7633.389598 1.312968e-16 1e-20
7633.640815 1.366153e-16 1e-20
7633.892031 1.355374e-16 1e-20
7634.143248 1.273568e-16 1e-20
7634.394465 1.132713e-16 1e-20
7634.645682 9.66019e-17 1e-20
7634.896899 8.057699e-17 1e-20
7635.148116 6.784132e-17 1e-20
7635.399333 6.086208e-17 1e-20
7635.65055 5.878532e-17 1e-20
7635.901767 5.938593e-17 1e-20
7636.152984 6.329155e-17 1e-20
7636.404201 7.314822e-17 1e-20
7636.655418 8.926954e-17 1e-20
7636.906635 1.075924e-16 1e-20
7637.157852 1.243495e-16 1e-20
7637.409069 1.371073e-16 1e-20
7637.660286 1.435428e-16 1e-20
7637.911502 1.444501e-16 1e-20
7638.162719 1.424523e-16 1e-20
7638.413936 1.380247e-16 1e-20
7638.665153 1.285421e-16 1e-20
7638.91637 1.130941e-16 1e-20
7639.167587 9.598923e-17 1e-20
7639.418804 8.156641e-17 1e-20
7639.670021 7.132455e-17 1e-20
7639.921238 6.600842e-17 1e-20
7640.172455 6.568031e-17 1e-20
7640.423672 6.961429e-17 1e-20
7640.674889 7.71519e-17 1e-20
7640.926106 8.854974e-17 1e-20
7641.177323 1.035323e-16 1e-20
7641.42854 1.194476e-16 1e-20
7641.679757 1.334181e-16 1e-20
7641.930973 1.43715e-16 1e-20
7642.18219 1.491226e-16 1e-20
7642.433407 1.497199e-16 1e-20
7642.684624 1.474689e-16 1e-20
7642.935841 1.437758e-16 1e-20
7643.187058 1.365139e-16 1e-20
7643.438275 1.237814e-16 1e-20
7643.689492 1.083406e-16 1e-20
7643.940709 9.42301e-17 1e-20
7644.191926 8.339542e-17 1e-20
7644.443143 7.614051e-17 1e-20
7644.69436 7.287138e-17 1e-20
7644.945577 7.407807e-17 1e-20
7645.196794 7.980287e-17 1e-20
7645.448011 9.028741e-17 1e-20
7645.699228 1.055888e-16 1e-20
7645.950444 1.233457e-16 1e-20
7646.201661 1.401516e-16 1e-20
7646.452878 1.534043e-16 1e-20
7646.704095 1.615559e-16 1e-20
7646.955312 1.638569e-16 1e-20
7647.206529 1.6287e-16 1e-20
7647.457746 1.614944e-16 1e-20
7647.708963 1.585114e-16 1e-20
7647.96018 1.517777e-16 1e-20
7648.211397 1.410229e-16 1e-20
7648.462614 1.273283e-16 1e-20
7648.713831 1.124406e-16 1e-20
7648.965048 1.000242e-16 1e-20
7649.216265 9.333156e-17 1e-20
7649.467482 9.122184e-17 1e-20
7649.718699 9.153209e-17 1e-20
7649.969915 9.519333e-17 1e-20
7650.221132 1.04436e-16 1e-20
7650.472349 1.18869e-16 1e-20
7650.723566 1.347095e-16 1e-20
7650.974783 1.48752e-16 1e-20
7651.226 1.593997e-16 1e-20
7651.477217 1.652706e-16 1e-20
7651.728434 1.677069e-16 1e-20
7651.979651 1.690007e-16 1e-20
7652.230868 1.700025e-16 1e-20
7652.482085 1.704117e-16 1e-20
7652.733302 1.695661e-16 1e-20
7652.984519 1.654566e-16 1e-20
7653.235736 1.565119e-16 1e-20
7653.486953 1.445997e-16 1e-20
7653.73817 1.322051e-16 1e-20
7653.989386 1.21149e-16 1e-20
7654.240603 1.129667e-16 1e-20
7654.49182 1.086031e-16 1e-20
7654.743037 1.079371e-16 1e-20
7654.994254 1.107568e-16 1e-20
7655.245471 1.178028e-16 1e-20
7655.496688 1.295243e-16 1e-20
7655.747905 1.437038e-16 1e-20
7655.999122 1.573789e-16 1e-20
7656.250339 1.685777e-16 1e-20
7656.501556 1.76188e-16 1e-20
7656.752773 1.799306e-16 1e-20
7657.00399 1.816566e-16 1e-20
7657.255207 1.831324e-16 1e-20
7657.506424 1.839656e-16 1e-20
7657.757641 1.835781e-16 1e-20
7658.008857 1.80881e-16 1e-20
7658.260074 1.745365e-16 1e-20
7658.511291 1.644834e-16 1e-20
7658.762508 1.52572e-16 1e-20
7659.013725 1.406742e-16 1e-20
7659.264942 1.305605e-16 1e-20
7659.516159 1.23936e-16 1e-20
7659.767376 1.213282e-16 1e-20
7660.018593 1.226778e-16 1e-20
7660.26981 1.276467e-16 1e-20
7660.521027 1.356256e-16 1e-20
7660.772244 1.456731e-16 1e-20
7661.023461 1.565074e-16 1e-20
7661.274678 1.668741e-16 1e-20
7661.525895 1.752419e-16 1e-20
7661.777112 1.801333e-16 1e-20
7662.028328 1.820834e-16 1e-20
7662.279545 1.827142e-16 1e-20
7662.530762 1.831902e-16 1e-20
7662.781979 1.839176e-16 1e-20
7663.033196 1.850681e-16 1e-20
7663.284413 1.854274e-16 1e-20
7663.53563 1.837129e-16 1e-20
7663.786847 1.794493e-16 1e-20
7664.038064 1.724539e-16 1e-20
7664.289281 1.634806e-16 1e-20
7664.540498 1.541788e-16 1e-20
7664.791715 1.459783e-16 1e-20
7665.042932 1.394681e-16 1e-20
7665.294149 1.35215e-16 1e-20
7665.545366 1.338983e-16 1e-20
7665.796583 1.358672e-16 1e-20
7666.047799 1.4159e-16 1e-20
7666.299016 1.515895e-16 1e-20
7666.550233 1.645835e-16 1e-20
7666.80145 1.765324e-16 1e-20
7667.052667 1.842289e-16 1e-20
7667.303884 1.877571e-16 1e-20
7667.555101 1.876003e-16 1e-20
7667.806318 1.856315e-16 1e-20
7668.057535 1.843112e-16 1e-20
7668.308752 1.847249e-16 1e-20
7668.559969 1.865644e-16 1e-20
7668.811186 1.891489e-16 1e-20
7669.062403 1.907671e-16 1e-20
7669.31362 1.897761e-16 1e-20
7669.564837 1.862237e-16 1e-20
7669.816054 1.806092e-16 1e-20
7670.06727 1.735407e-16 1e-20
7670.318487 1.657655e-16 1e-20
7670.569704 1.583502e-16 1e-20
7670.820921 1.526741e-16 1e-20
7671.072138 1.498833e-16 1e-20
7671.323355 1.507409e-16 1e-20
7671.574572 1.557641e-16 1e-20
7671.825789 1.6339e-16 1e-20
7672.077006 1.712493e-16 1e-20
7672.328223 1.780595e-16 1e-20
7672.57944 1.836829e-16 1e-20
7672.830657 1.879962e-16 1e-20
7673.081874 1.909417e-16 1e-20
7673.333091 1.926661e-16 1e-20
7673.584308 1.935163e-16 1e-20
7673.835525 1.938571e-16 1e-20
7674.086741 1.942129e-16 1e-20
7674.337958 1.951589e-16 1e-20
7674.589175 1.966897e-16 1e-20
7674.840392 1.979076e-16 1e-20
7675.091609 1.979757e-16 1e-20
7675.342826 1.95878e-16 1e-20
7675.594043 1.906804e-16 1e-20
7675.84526 1.838279e-16 1e-20
7676.096477 1.776014e-16 1e-20
7676.347694 1.733367e-16 1e-20
7676.598911 1.71435e-16 1e-20
7676.850128 1.718528e-16 1e-20
7677.101345 1.729809e-16 1e-20
7677.352562 1.732438e-16 1e-20
7677.603779 1.736144e-16 1e-20
7677.854996 1.75498e-16 1e-20
7678.106212 1.791333e-16 1e-20
7678.357429 1.841352e-16 1e-20
7678.608646 1.898251e-16 1e-20
7678.859863 1.948711e-16 1e-20
7679.11108 1.981878e-16 1e-20
7679.362297 2.004364e-16 1e-20
7679.613514 2.025183e-16 1e-20
7679.864731 2.038682e-16 1e-20
7680.115948 2.034482e-16 1e-20
7680.367165 2.013975e-16 1e-20
7680.618382 1.990089e-16 1e-20
7680.869599 1.972348e-16 1e-20
7681.120816 1.962338e-16 1e-20
7681.372033 1.961082e-16 1e-20
7681.62325 1.962281e-16 1e-20
7681.874467 1.957654e-16 1e-20
7682.125683 1.945785e-16 1e-20
7682.3769 1.92962e-16 1e-20
7682.628117 1.912559e-16 1e-20
7682.879334 1.898905e-16 1e-20
7683.130551 1.892842e-16 1e-20
7683.381768 1.894771e-16 1e-20
7683.632985 1.90327e-16 1e-20
7683.884202 1.923395e-16 1e-20
7684.135419 1.963501e-16 1e-20
7684.386636 2.014173e-16 1e-20
7684.637853 2.046544e-16 1e-20
7684.88907 2.04482e-16 1e-20
7685.140287 2.032798e-16 1e-20
7685.391504 2.033465e-16 1e-20
7685.642721 2.045513e-16 1e-20
7685.893938 2.063346e-16 1e-20
7686.145154 2.083469e-16 1e-20
7686.396371 2.102615e-16 1e-20
7686.647588 2.118035e-16 1e-20
7686.898805 2.130141e-16 1e-20
7687.150022 2.139039e-16 1e-20
7687.401239 2.137319e-16 1e-20
7687.652456 2.116651e-16 1e-20
7687.903673 2.089851e-16 1e-20
7688.15489 2.078563e-16 1e-20
7688.406107 2.084253e-16 1e-20
7688.657324 2.085562e-16 1e-20
7688.908541 2.069544e-16 1e-20
7689.159758 2.048579e-16 1e-20
7689.410975 2.034824e-16 1e-20
7689.662192 2.023667e-16 1e-20
7689.913409 2.005773e-16 1e-20
7690.164625 1.991835e-16 1e-20
7690.415842 2.005676e-16 1e-20
7690.667059 2.051316e-16 1e-20
7690.918276 2.095028e-16 1e-20
7691.169493 2.110483e-16 1e-20
7691.42071 2.108765e-16 1e-20
7691.671927 2.103064e-16 1e-20
7691.923144 2.107991e-16 1e-20
7692.174361 2.14068e-16 1e-20
7692.425578 2.195258e-16 1e-20
7692.676795 2.23892e-16 1e-20
7692.928012 2.249691e-16 1e-20
7693.179229 2.232224e-16 1e-20
7693.430446 2.175968e-16 1e-20
7693.681663 2.177265e-16 1e-20
7693.93288 2.178565e-16 1e-20
7694.184096 2.179862e-16 1e-20
7694.435313 2.181162e-16 1e-20
7694.68653 2.182459e-16 1e-20
7694.937747 2.183759e-16 1e-20
7695.188964 2.185056e-16 1e-20
7695.440181 2.186353e-16 1e-20
7695.691398 2.187653e-16 1e-20
7695.942615 2.18895e-16 1e-20
7696.193832 2.19025e-16 1e-20
7696.445049 2.191548e-16 1e-20
7696.696266 2.192847e-16 1e-20
7696.947483 2.194145e-16 1e-20
7697.1987 2.195445e-16 1e-20
7697.449917 2.143247e-16 1e-20
7697.701134 2.210231e-16 1e-20
7697.952351 2.264941e-16 1e-20
7698.203567 2.278643e-16 1e-20
7698.454784 2.280635e-16 1e-20
7698.706001 2.282547e-16 1e-20
7698.957218 2.290385e-16 1e-20
7699.208435 2.310531e-16 1e-20
7699.459652 2.334833e-16 1e-20
7699.710869 2.353598e-16 1e-20
7699.962086 2.359989e-16 1e-20
7700.213303 2.348397e-16 1e-20
7700.46452 2.320823e-16 1e-20
7700.715737 2.288469e-16 1e-20
7700.966954 2.261588e-16 1e-20
7701.218171 2.247702e-16 1e-20
7701.469388 2.253368e-16 1e-20
7701.720605 2.269776e-16 1e-20
7701.971822 2.283279e-16 1e-20
7702.223039 2.290861e-16 1e-20
7702.474255 2.297172e-16 1e-20
7702.725472 2.304019e-16 1e-20
7702.976689 2.308195e-16 1e-20
7703.227906 2.307786e-16 1e-20
7703.479123 2.301543e-16 1e-20
7703.73034 2.288366e-16 1e-20
7703.981557 2.274362e-16 1e-20
7704.232774 2.268465e-16 1e-20
7704.483991 2.275462e-16 1e-20
7704.735208 2.294968e-16 1e-20
7704.986425 2.324817e-16 1e-20
7705.237642 2.357242e-16 1e-20
7705.488859 2.384541e-16 1e-20
7705.740076 2.401579e-16 1e-20
7705.991293 2.403554e-16 1e-20
7706.24251 2.397015e-16 1e-20
7706.493726 2.396566e-16 1e-20
7706.744943 2.410394e-16 1e-20
7706.99616 2.434115e-16 1e-20
7707.247377 2.462961e-16 1e-20
7707.498594 2.476368e-16 1e-20
7707.749811 2.450075e-16 1e-20
7708.001028 2.406609e-16 1e-20
7708.252245 2.389924e-16 1e-20
7708.503462 2.411121e-16 1e-20
7708.754679 2.438489e-16 1e-20
7709.005896 2.449033e-16 1e-20
7709.257113 2.445329e-16 1e-20
7709.50833 2.430459e-16 1e-20
7709.759547 2.407255e-16 1e-20
7710.010764 2.37854e-16 1e-20
7710.261981 2.35569e-16 1e-20
7710.513197 2.356595e-16 1e-20
7710.764414 2.385743e-16 1e-20
7711.015631 2.417039e-16 1e-20
7711.266848 2.42832e-16 1e-20
7711.518065 2.429951e-16 1e-20
7711.769282 2.43516e-16 1e-20
7712.020499 2.448654e-16 1e-20
7712.271716 2.473726e-16 1e-20
7712.522933 2.501669e-16 1e-20
7712.77415 2.505034e-16 1e-20
7713.025367 2.469013e-16 1e-20
7713.276584 2.431198e-16 1e-20
7713.527801 2.429618e-16 1e-20
7713.779018 2.451994e-16 1e-20
7714.030235 2.47286e-16 1e-20
7714.281452 2.484198e-16 1e-20
7714.532668 2.49058e-16 1e-20
7714.783885 2.49431e-16 1e-20
7715.035102 2.495971e-16 1e-20
7715.286319 2.497147e-16 1e-20
7715.537536 2.498754e-16 1e-20
7715.788753 2.500962e-16 1e-20
7716.03997 2.505991e-16 1e-20
7716.291187 2.517602e-16 1e-20
7716.542404 2.531981e-16 1e-20
7716.793621 2.534312e-16 1e-20
7717.044838 2.515919e-16 1e-20
7717.296055 2.49246e-16 1e-20
7717.547272 2.480557e-16 1e-20
7717.798489 2.47783e-16 1e-20
7718.049706 2.476161e-16 1e-20
7718.300923 2.477408e-16 1e-20
7718.552139 2.49121e-16 1e-20
7718.803356 2.519323e-16 1e-20
7719.054573 2.546006e-16 1e-20
7719.30579 2.557448e-16 1e-20
7719.557007 2.561873e-16 1e-20
7719.808224 2.572171e-16 1e-20
7720.059441 2.576876e-16 1e-20
7720.310658 2.553248e-16 1e-20
7720.561875 2.5006e-16 1e-20
7720.813092 2.448349e-16 1e-20
7721.064309 2.419262e-16 1e-20
7721.315526 2.41563e-16 1e-20
7721.566743 2.438424e-16 1e-20
7721.81796 2.473467e-16 1e-20
7722.069177 2.500404e-16 1e-20
7722.320394 2.515e-16 1e-20
7722.57161 2.526668e-16 1e-20
7722.822827 2.541213e-16 1e-20
7723.074044 2.557995e-16 1e-20
7723.325261 2.577116e-16 1e-20
7723.576478 2.583331e-16 1e-20
7723.827695 2.557264e-16 1e-20
7724.078912 2.518089e-16 1e-20
7724.330129 2.504709e-16 1e-20
7724.581346 2.52649e-16 1e-20
7724.832563 2.549558e-16 1e-20
7725.08378 2.549096e-16 1e-20
7725.334997 2.529408e-16 1e-20
7725.586214 2.495323e-16 1e-20
7725.837431 2.462291e-16 1e-20
7726.088648 2.450961e-16 1e-20
7726.339865 2.462169e-16 1e-20
7726.591081 2.478491e-16 1e-20
7726.842298 2.490447e-16 1e-20
7727.093515 2.50999e-16 1e-20
7727.344732 2.545844e-16 1e-20
7727.595949 2.585194e-16 1e-20
7727.847166 2.61266e-16 1e-20
7728.098383 2.62522e-16 1e-20
7728.3496 2.625941e-16 1e-20
7728.600817 2.619484e-16 1e-20
7728.852034 2.613222e-16 1e-20
7729.103251 2.613466e-16 1e-20
7729.354468 2.619477e-16 1e-20
7729.605685 2.629514e-16 1e-20
7729.856902 2.641626e-16 1e-20
7730.108119 2.653812e-16 1e-20
7730.359336 2.662366e-16 1e-20
7730.610552 2.662152e-16 1e-20
7730.861769 2.651938e-16 1e-20
7731.112986 2.640682e-16 1e-20
7731.364203 2.636878e-16 1e-20
7731.61542 2.63677e-16 1e-20
7731.866637 2.633564e-16 1e-20
7732.117854 2.633819e-16 1e-20
7732.369071 2.650912e-16 1e-20
7732.620288 2.684794e-16 1e-20
7732.871505 2.715408e-16 1e-20
7733.122722 2.727284e-16 1e-20
7733.373939 2.719387e-16 1e-20
7733.625156 2.691948e-16 1e-20
7733.876373 2.659695e-16 1e-20
7734.12759 2.642745e-16 1e-20
7734.378807 2.646945e-16 1e-20
7734.630023 2.664628e-16 1e-20
7734.88124 2.688655e-16 1e-20
7735.132457 2.71296e-16 1e-20
7735.383674 2.730877e-16 1e-20
7735.634891 2.744179e-16 1e-20
7735.886108 2.757575e-16 1e-20
7736.137325 2.765028e-16 1e-20
7736.388542 2.754595e-16 1e-20
7736.639759 2.727e-16 1e-20
7736.890976 2.702977e-16 1e-20
7737.142193 2.698029e-16 1e-20
7737.39341 2.705088e-16 1e-20
7737.644627 2.715289e-16 1e-20
7737.895844 2.726786e-16 1e-20
7738.147061 2.739526e-16 1e-20
7738.398278 2.749974e-16 1e-20
7738.649494 2.752009e-16 1e-20
7738.900711 2.743006e-16 1e-20
7739.151928 2.728101e-16 1e-20
7739.403145 2.712457e-16 1e-20
7739.654362 2.70231e-16 1e-20
7739.905579 2.704992e-16 1e-20
7740.156796 2.715095e-16 1e-20
7740.408013 2.719371e-16 1e-20
7740.65923 2.714816e-16 1e-20
7740.910447 2.716034e-16 1e-20
7741.161664 2.733058e-16 1e-20
7741.412881 2.758009e-16 1e-20
7741.664098 2.782059e-16 1e-20
7741.915315 2.799409e-16 1e-20
7742.166532 2.805288e-16 1e-20
7742.417749 2.798178e-16 1e-20
7742.668965 2.779997e-16 1e-20
7742.920182 2.754999e-16 1e-20
7743.171399 2.73282e-16 1e-20
7743.422616 2.72255e-16 1e-20
7743.673833 2.724236e-16 1e-20
7743.92505 2.735219e-16 1e-20
7744.176267 2.754763e-16 1e-20
7744.427484 2.782884e-16 1e-20
7744.678701 2.815446e-16 1e-20
7744.929918 2.842441e-16 1e-20
7745.181135 2.855782e-16 1e-20
7745.432352 2.852363e-16 1e-20
7745.683569 2.830371e-16 1e-20
7745.934786 2.800306e-16 1e-20
7746.186003 2.777488e-16 1e-20
7746.43722 2.769087e-16 1e-20
7746.688436 2.773308e-16 1e-20
7746.939653 2.78853e-16 1e-20
7747.19087 2.815055e-16 1e-20
7747.442087 2.851514e-16 1e-20
7747.693304 2.887152e-16 1e-20
7747.944521 2.910071e-16 1e-20
7748.195738 2.917235e-16 1e-20
7748.446955 2.910599e-16 1e-20
7748.698172 2.897399e-16 1e-20
7748.949389 2.894394e-16 1e-20
7749.200606 2.913997e-16 1e-20
7749.451823 2.946448e-16 1e-20
7749.70304 2.980059e-16 1e-20
7749.954257 3.003948e-16 1e-20
7750.205474 3.00658e-16 1e-20
7750.456691 2.988986e-16 1e-20
7750.707907 2.966278e-16 1e-20
7750.959124 2.948654e-16 1e-20
7751.210341 2.929226e-16 1e-20
7751.461558 2.902327e-16 1e-20
7751.712775 2.874804e-16 1e-20
7751.963992 2.855035e-16 1e-20
7752.215209 2.846489e-16 1e-20
7752.466426 2.849819e-16 1e-20
7752.717643 2.862508e-16 1e-20
7752.96886 2.876188e-16 1e-20
7753.220077 2.883563e-16 1e-20
7753.471294 2.885324e-16 1e-20
7753.722511 2.883374e-16 1e-20
7753.973728 2.87731e-16 1e-20
7754.224945 2.865906e-16 1e-20
7754.476162 2.852308e-16 1e-20
7754.727378 2.844477e-16 1e-20
7754.978595 2.846342e-16 1e-20
7755.229812 2.848139e-16 1e-20
7755.481029 2.840727e-16 1e-20
7755.732246 2.83342e-16 1e-20
7755.983463 2.839299e-16 1e-20
7756.23468 2.857629e-16 1e-20
7756.485897 2.879133e-16 1e-20
7756.737114 2.898191e-16 1e-20
7756.988331 2.915667e-16 1e-20
7757.239548 2.931669e-16 1e-20
7757.490765 2.943609e-16 1e-20
7757.741982 2.948719e-16 1e-20
7757.993199 2.95126e-16 1e-20
7758.244416 2.958552e-16 1e-20
7758.495633 2.969562e-16 1e-20
7758.746849 2.974022e-16 1e-20
7758.998066 2.965728e-16 1e-20
7759.249283 2.949505e-16 1e-20
7759.5005 2.930805e-16 1e-20
7759.751717 2.914152e-16 1e-20
7760.002934 2.902984e-16 1e-20
7760.254151 2.90535e-16 1e-20
7760.505368 2.932104e-16 1e-20
7760.756585 2.981983e-16 1e-20
7761.007802 3.031141e-16 1e-20
7761.259019 3.059449e-16 1e-20
7761.510236 3.068442e-16 1e-20
7761.761453 3.062503e-16 1e-20
7762.01267 3.04567e-16 1e-20
7762.263887 3.022744e-16 1e-20
7762.515104 3.000198e-16 1e-20
7762.76632 2.98554e-16 1e-20
7763.017537 2.983468e-16 1e-20
7763.268754 2.990047e-16 1e-20
7763.519971 2.999951e-16 1e-20
7763.771188 3.013857e-16 1e-20
7764.022405 3.034764e-16 1e-20
7764.273622 3.051605e-16 1e-20
7764.524839 3.043945e-16 1e-20
7764.776056 3.006972e-16 1e-20
7765.027273 2.966395e-16 1e-20
7765.27849 2.943713e-16 1e-20
7765.529707 2.934095e-16 1e-20
7765.780924 2.93002e-16 1e-20
7766.032141 2.930976e-16 1e-20
7766.283358 2.938547e-16 1e-20
7766.534575 2.950381e-16 1e-20
7766.785791 2.959787e-16 1e-20
7767.037008 2.963297e-16 1e-20
7767.288225 2.970592e-16 1e-20
7767.539442 2.991501e-16 1e-20
7767.790659 3.009154e-16 1e-20
7768.041876 2.999533e-16 1e-20
7768.293093 2.971337e-16 1e-20
7768.54431 2.955227e-16 1e-20
7768.795527 2.966749e-16 1e-20
7769.046744 2.992975e-16 1e-20
7769.297961 3.022028e-16 1e-20
7769.549178 3.039274e-16 1e-20
7769.800395 3.029701e-16 1e-20
7770.051612 2.998496e-16 1e-20
7770.302829 2.958688e-16 1e-20
7770.554046 2.925881e-16 1e-20
7770.805262 2.919831e-16 1e-20
7771.056479 2.949698e-16 1e-20
7771.307696 2.981797e-16 1e-20
7771.558913 2.982155e-16 1e-20
7771.81013 2.969212e-16 1e-20
7772.061347 2.97371e-16 1e-20
7772.312564 2.997547e-16 1e-20
7772.563781 3.023499e-16 1e-20
7772.814998 3.038933e-16 1e-20
7773.066215 3.037364e-16 1e-20
7773.317432 3.013868e-16 1e-20
7773.568649 2.976178e-16 1e-20
7773.819866 2.934091e-16 1e-20
7774.071083 2.898193e-16 1e-20
7774.3223 2.879444e-16 1e-20
7774.573517 2.87949e-16 1e-20
7774.824733 2.888494e-16 1e-20
7775.07595 2.897625e-16 1e-20
7775.327167 2.898639e-16 1e-20
7775.578384 2.882897e-16 1e-20
7775.829601 2.873896e-16 1e-20
7776.080818 2.904877e-16 1e-20
7776.332035 2.965929e-16 1e-20
7776.583252 3.015843e-16 1e-20
7776.834469 3.030976e-16 1e-20
7777.085686 3.023202e-16 1e-20
7777.336903 3.003279e-16 1e-20
7777.58812 2.983863e-16 1e-20
7777.839337 2.980132e-16 1e-20
7778.090554 2.987497e-16 1e-20
7778.341771 2.991428e-16 1e-20
7778.592988 2.989765e-16 1e-20
7778.844204 2.997054e-16 1e-20
7779.095421 3.02141e-16 1e-20
7779.346638 3.050155e-16 1e-20
7779.597855 3.069764e-16 1e-20
7779.849072 3.086577e-16 1e-20
7780.100289 3.113599e-16 1e-20
7780.351506 3.139379e-16 1e-20
7780.602723 3.13448e-16 1e-20
7780.85394 3.088914e-16 1e-20
7781.105157 3.033133e-16 1e-20
7781.356374 2.993701e-16 1e-20
7781.607591 2.980017e-16 1e-20
7781.858808 3.000834e-16 1e-20
7782.110025 3.035874e-16 1e-20
7782.361242 3.04976e-16 1e-20
7782.612459 3.033797e-16 1e-20
7782.863675 3.016633e-16 1e-20
7783.114892 3.018107e-16 1e-20
7783.366109 3.027449e-16 1e-20
7783.617326 3.034171e-16 1e-20
7783.868543 3.039789e-16 1e-20
7784.11976 3.047314e-16 1e-20
7784.370977 3.05813e-16 1e-20
7784.622194 3.074196e-16 1e-20
7784.873411 3.091662e-16 1e-20
7785.124628 3.088879e-16 1e-20
7785.375845 3.049596e-16 1e-20
7785.627062 3.011753e-16 1e-20
7785.878279 3.021809e-16 1e-20
7786.129496 3.064037e-16 1e-20
7786.380713 3.093826e-16 1e-20
7786.63193 3.093424e-16 1e-20
7786.883146 3.081049e-16 1e-20
7787.134363 3.069729e-16 1e-20
7787.38558 3.062249e-16 1e-20
7787.636797 3.06261e-16 1e-20
7787.888014 3.066658e-16 1e-20
7788.139231 3.066512e-16 1e-20
7788.390448 3.064657e-16 1e-20
7788.641665 3.072411e-16 1e-20
7788.892882 3.093066e-16 1e-20
7789.144099 3.11067e-16 1e-20
7789.395316 3.1117e-16 1e-20
7789.646533 3.107961e-16 1e-20
7789.89775 3.116438e-16 1e-20
7790.148967 3.125673e-16 1e-20
7790.400184 3.11003e-16 1e-20
7790.651401 3.069684e-16 1e-20
7790.902617 3.041226e-16 1e-20
7791.153834 3.049103e-16 1e-20
7791.405051 3.07537e-16 1e-20
7791.656268 3.10145e-16 1e-20
7791.907485 3.113736e-16 1e-20
7792.158702 3.097911e-16 1e-20
7792.409919 3.062808e-16 1e-20
7792.661136 3.037247e-16 1e-20
7792.912353 3.038239e-16 1e-20
7793.16357 3.053982e-16 1e-20
7793.414787 3.073534e-16 1e-20
7793.666004 3.087725e-16 1e-20
7793.917221 3.08687e-16 1e-20
7794.168438 3.07416e-16 1e-20
7794.419655 3.059084e-16 1e-20
7794.670872 3.051086e-16 1e-20
7794.922088 3.059748e-16 1e-20
7795.173305 3.089951e-16 1e-20
7795.424522 3.125825e-16 1e-20
7795.675739 3.150639e-16 1e-20
7795.926956 3.158653e-16 1e-20
7796.178173 3.147232e-16 1e-20
7796.42939 3.122493e-16 1e-20
7796.680607 3.098143e-16 1e-20
7796.931824 3.085069e-16 1e-20
7797.183041 3.086725e-16 1e-20
7797.434258 3.104693e-16 1e-20
7797.685475 3.128738e-16 1e-20
7797.936692 3.147553e-16 1e-20
7798.187909 3.151151e-16 1e-20
7798.439126 3.128093e-16 1e-20
7798.690343 3.087885e-16 1e-20
7798.941559 3.075221e-16 1e-20
7799.192776 3.117392e-16 1e-20
7799.443993 3.15447e-16 1e-20
7799.69521 3.123574e-16 1e-20
7799.946427 3.056008e-16 1e-20
7800.197644 3.010757e-16 1e-20
7800.448861 3.005951e-16 1e-20
7800.700078 3.025657e-16 1e-20
7800.951295 3.056266e-16 1e-20
7801.202512 3.082034e-16 1e-20
7801.453729 3.087159e-16 1e-20
7801.704946 3.083427e-16 1e-20
7801.956163 3.088537e-16 1e-20
7802.20738 3.098373e-16 1e-20
7802.458597 3.098263e-16 1e-20
7802.709814 3.083202e-16 1e-20
7802.96103 3.061104e-16 1e-20
7803.212247 3.039456e-16 1e-20
7803.463464 3.031893e-16 1e-20
7803.714681 3.052387e-16 1e-20
7803.965898 3.085949e-16 1e-20
7804.217115 3.107269e-16 1e-20
7804.468332 3.112229e-16 1e-20
7804.719549 3.116205e-16 1e-20
7804.970766 3.127762e-16 1e-20
7805.221983 3.139564e-16 1e-20
7805.4732 3.14605e-16 1e-20
7805.724417 3.146585e-16 1e-20
7805.975634 3.140385e-16 1e-20
7806.226851 3.133284e-16 1e-20
7806.478068 3.135485e-16 1e-20
7806.729285 3.148249e-16 1e-20
7806.980501 3.156953e-16 1e-20
7807.231718 3.151483e-16 1e-20
7807.482935 3.150605e-16 1e-20
7807.734152 3.176126e-16 1e-20
7807.985369 3.198392e-16 1e-20
7808.236586 3.169405e-16 1e-20
7808.487803 3.098044e-16 1e-20
7808.73902 3.046224e-16 1e-20
7808.990237 3.050401e-16 1e-20
7809.241454 3.083229e-16 1e-20
7809.492671 3.119448e-16 1e-20
7809.743888 3.144775e-16 1e-20
7809.995105 3.14375e-16 1e-20
7810.246322 3.125161e-16 1e-20
7810.497539 3.112871e-16 1e-20
7810.748756 3.116538e-16 1e-20
7810.999972 3.121204e-16 1e-20
7811.251189 3.116179e-16 1e-20
7811.502406 3.103115e-16 1e-20
7811.753623 3.083423e-16 1e-20
7812.00484 3.067277e-16 1e-20
7812.256057 3.06814e-16 1e-20
7812.507274 3.086157e-16 1e-20
7812.758491 3.108765e-16 1e-20
7813.009708 3.125139e-16 1e-20
7813.260925 3.127126e-16 1e-20
7813.512142 3.108415e-16 1e-20
7813.763359 3.081601e-16 1e-20
7814.014576 3.061728e-16 1e-20
7814.265793 3.060697e-16 1e-20
7814.51701 3.090185e-16 1e-20
7814.768227 3.141802e-16 1e-20
7815.019443 3.170317e-16 1e-20
7815.27066 3.143825e-16 1e-20
7815.521877 3.101e-16 1e-20
7815.773094 3.084837e-16 1e-20
7816.024311 3.097882e-16 1e-20
7816.275528 3.131132e-16 1e-20
7816.526745 3.16963e-16 1e-20
7816.777962 3.19015e-16 1e-20
7817.029179 3.180419e-16 1e-20
7817.280396 3.16597e-16 1e-20
7817.531613 3.170466e-16 1e-20
7817.78283 3.185044e-16 1e-20
7818.034047 3.19647e-16 1e-20
7818.285264 3.195387e-16 1e-20
7818.536481 3.173709e-16 1e-20
7818.787698 3.134468e-16 1e-20
7819.038914 3.101343e-16 1e-20
7819.290131 3.093533e-16 1e-20
7819.541348 3.109228e-16 1e-20
7819.792565 3.143728e-16 1e-20
7820.043782 3.186689e-16 1e-20
7820.294999 3.225665e-16 1e-20
7820.546216 3.248076e-16 1e-20
7820.797433 3.241766e-16 1e-20
7821.04865 3.203102e-16 1e-20
7821.299867 3.152716e-16 1e-20
7821.551084 3.111446e-16 1e-20
7821.802301 3.08108e-16 1e-20
7822.053518 3.059419e-16 1e-20
7822.304735 3.04696e-16 1e-20
7822.555952 3.045184e-16 1e-20
7822.807169 3.051709e-16 1e-20
7823.058386 3.058324e-16 1e-20
7823.309602 3.058616e-16 1e-20
7823.560819 3.058694e-16 1e-20
7823.812036 3.066597e-16 1e-20
7824.063253 3.075564e-16 1e-20
7824.31447 3.072683e-16 1e-20
7824.565687 3.061318e-16 1e-20
7824.816904 3.062514e-16 1e-20
7825.068121 3.087058e-16 1e-20
7825.319338 3.114983e-16 1e-20
7825.570555 3.127424e-16 1e-20
7825.821772 3.129946e-16 1e-20
7826.072989 3.133253e-16 1e-20
7826.324206 3.136814e-16 1e-20
7826.575423 3.134092e-16 1e-20
7826.82664 3.12386e-16 1e-20
7827.077857 3.112109e-16 1e-20
7827.329073 3.104561e-16 1e-20
7827.58029 3.115979e-16 1e-20
7827.831507 3.161607e-16 1e-20
7828.082724 3.22275e-16 1e-20
7828.333941 3.268111e-16 1e-20
7828.585158 3.284346e-16 1e-20
7828.836375 3.277119e-16 1e-20
7829.087592 3.255002e-16 1e-20
7829.338809 3.242622e-16 1e-20
7829.590026 3.263884e-16 1e-20
7829.841243 3.293517e-16 1e-20
7830.09246 3.29384e-16 1e-20
7830.343677 3.267415e-16 1e-20
7830.594894 3.243105e-16 1e-20
7830.846111 3.233526e-16 1e-20
7831.097328 3.220801e-16 1e-20
7831.348544 3.193275e-16 1e-20
7831.599761 3.168486e-16 1e-20
7831.850978 3.165153e-16 1e-20
7832.102195 3.181168e-16 1e-20
7832.353412 3.207395e-16 1e-20
7832.604629 3.232966e-16 1e-20
7832.855846 3.243832e-16 1e-20
7833.107063 3.232977e-16 1e-20
7833.35828 3.221002e-16 1e-20
7833.609497 3.228254e-16 1e-20
7833.860714 3.241747e-16 1e-20
7834.111931 3.2415e-16 1e-20
7834.363148 3.227047e-16 1e-20
7834.614365 3.209523e-16 1e-20
7834.865582 3.198524e-16 1e-20
7835.116799 3.204087e-16 1e-20
7835.368015 3.232823e-16 1e-20
7835.619232 3.261131e-16 1e-20
7835.870449 3.26164e-16 1e-20
7836.121666 3.242905e-16 1e-20
7836.372883 3.227769e-16 1e-20
7836.6241 3.225796e-16 1e-20
7836.875317 3.2316e-16 1e-20
7837.126534 3.241004e-16 1e-20
7837.377751 3.248569e-16 1e-20
7837.628968 3.248502e-16 1e-20
7837.880185 3.244295e-16 1e-20
7838.131402 3.241976e-16 1e-20
7838.382619 3.243173e-16 1e-20
7838.633836 3.246533e-16 1e-20
7838.885053 3.251954e-16 1e-20
7839.13627 3.261372e-16 1e-20
7839.387486 3.27597e-16 1e-20
7839.638703 3.294799e-16 1e-20
7839.88992 3.316283e-16 1e-20
7840.141137 3.339364e-16 1e-20
7840.392354 3.363075e-16 1e-20
7840.643571 3.38471e-16 1e-20
7840.894788 3.400008e-16 1e-20
7841.146005 3.405502e-16 1e-20
7841.397222 3.397287e-16 1e-20
7841.648439 3.372687e-16 1e-20
7841.899656 3.344072e-16 1e-20
7842.150873 3.326912e-16 1e-20
7842.40209 3.327255e-16 1e-20
7842.653307 3.344728e-16 1e-20
7842.904524 3.372848e-16 1e-20
7843.155741 3.391691e-16 1e-20
7843.406957 3.384681e-16 1e-20
7843.658174 3.359519e-16 1e-20
7843.909391 3.327568e-16 1e-20
7844.160608 3.295563e-16 1e-20
7844.411825 3.268407e-16 1e-20
7844.663042 3.251194e-16 1e-20
7844.914259 3.249026e-16 1e-20
7845.165476 3.262622e-16 1e-20
7845.416693 3.276398e-16 1e-20
7845.66791 3.274182e-16 1e-20
7845.919127 3.269083e-16 1e-20
7846.170344 3.282436e-16 1e-20
7846.421561 3.308852e-16 1e-20
7846.672778 3.324038e-16 1e-20
7846.923995 3.315455e-16 1e-20
7847.175212 3.293394e-16 1e-20
7847.426428 3.267276e-16 1e-20
7847.677645 3.244774e-16 1e-20
7847.928862 3.233443e-16 1e-20
7848.180079 3.235123e-16 1e-20
7848.431296 3.249632e-16 1e-20
7848.682513 3.268976e-16 1e-20
7848.93373 3.274356e-16 1e-20
7849.184947 3.255596e-16 1e-20
7849.436164 3.237118e-16 1e-20
7849.687381 3.242808e-16 1e-20
7849.938598 3.268416e-16 1e-20
7850.189815 3.304001e-16 1e-20
7850.441032 3.3349e-16 1e-20
7850.692249 3.342229e-16 1e-20
7850.943466 3.319532e-16 1e-20
7851.194683 3.288808e-16 1e-20
7851.445899 3.270006e-16 1e-20
7851.697116 3.270592e-16 1e-20
7851.948333 3.296776e-16 1e-20
7852.19955 3.336127e-16 1e-20
7852.450767 3.36705e-16 1e-20
7852.701984 3.37779e-16 1e-20
7852.953201 3.370738e-16 1e-20
7853.204418 3.349121e-16 1e-20
7853.455635 3.318351e-16 1e-20
7853.706852 3.284531e-16 1e-20
7853.958069 3.260732e-16 1e-20
7854.209286 3.26224e-16 1e-20
7854.460503 3.282858e-16 1e-20
7854.71172 3.299518e-16 1e-20
7854.962937 3.297659e-16 1e-20
7855.214154 3.282582e-16 1e-20
7855.46537 3.259551e-16 1e-20
7855.716587 3.22961e-16 1e-20
7855.967804 3.193855e-16 1e-20
7856.219021 3.164281e-16 1e-20
7856.470238 3.157301e-16 1e-20
7856.721455 3.177513e-16 1e-20
7856.972672 3.21359e-16 1e-20
7857.223889 3.254438e-16 1e-20
7857.475106 3.292025e-16 1e-20
7857.726323 3.319004e-16 1e-20
7857.97754 3.326594e-16 1e-20
7858.228757 3.305712e-16 1e-20
7858.479974 3.266976e-16 1e-20
7858.731191 3.236832e-16 1e-20
7858.982408 3.230927e-16 1e-20
7859.233625 3.238804e-16 1e-20
7859.484841 3.250744e-16 1e-20
7859.736058 3.265561e-16 1e-20
7859.987275 3.281638e-16 1e-20
7860.238492 3.297105e-16 1e-20
7860.489709 3.311138e-16 1e-20
7860.740926 3.319568e-16 1e-20
7860.992143 3.312512e-16 1e-20
7861.24336 3.285394e-16 1e-20
7861.494577 3.254705e-16 1e-20
7861.745794 3.238188e-16 1e-20
7861.997011 3.231953e-16 1e-20
7862.248228 3.224983e-16 1e-20
7862.499445 3.220866e-16 1e-20
7862.750662 3.234892e-16 1e-20
7863.001879 3.271953e-16 1e-20
7863.253096 3.314139e-16 1e-20
7863.504312 3.345441e-16 1e-20
7863.755529 3.365592e-16 1e-20
7864.006746 3.376385e-16 1e-20
7864.257963 3.378803e-16 1e-20
7864.50918 3.374593e-16 1e-20
7864.760397 3.36379e-16 1e-20
7865.011614 3.342892e-16 1e-20
7865.262831 3.311141e-16 1e-20
7865.514048 3.275421e-16 1e-20
7865.765265 3.242591e-16 1e-20
7866.016482 3.225211e-16 1e-20
7866.267699 3.236966e-16 1e-20
7866.518916 3.27664e-16 1e-20
7866.770133 3.330444e-16 1e-20
7867.02135 3.384666e-16 1e-20
7867.272567 3.425741e-16 1e-20
7867.523783 3.441792e-16 1e-20
7867.775 3.441886e-16 1e-20
7868.026217 3.440497e-16 1e-20
7868.277434 3.435786e-16 1e-20
7868.528651 3.418025e-16 1e-20
7868.779868 3.388375e-16 1e-20
7869.031085 3.362663e-16 1e-20
7869.282302 3.35312e-16 1e-20
7869.533519 3.366382e-16 1e-20
7869.784736 3.4087e-16 1e-20
7870.035953 3.455611e-16 1e-20
7870.28717 3.47117e-16 1e-20
7870.538387 3.456503e-16 1e-20
7870.789604 3.445731e-16 1e-20
7871.040821 3.458259e-16 1e-20
7871.292038 3.478569e-16 1e-20
7871.543254 3.493655e-16 1e-20
7871.794471 3.491354e-16 1e-20
7872.045688 3.457712e-16 1e-20
7872.296905 3.408572e-16 1e-20
7872.548122 3.376505e-16 1e-20
7872.799339 3.374328e-16 1e-20
7873.050556 3.382909e-16 1e-20
7873.301773 3.388306e-16 1e-20
7873.55299 3.400212e-16 1e-20
7873.804207 3.428649e-16 1e-20
7874.055424 3.45979e-16 1e-20
7874.306641 3.471484e-16 1e-20
7874.557858 3.465903e-16 1e-20
7874.809075 3.467884e-16 1e-20
7875.060292 3.48849e-16 1e-20
7875.311509 3.5015e-16 1e-20
7875.562725 3.484862e-16 1e-20
7875.813942 3.454912e-16 1e-20
7876.065159 3.433964e-16 1e-20
7876.316376 3.425177e-16 1e-20
7876.567593 3.421982e-16 1e-20
7876.81881 3.419532e-16 1e-20
7877.070027 3.415161e-16 1e-20
7877.321244 3.406037e-16 1e-20
7877.572461 3.386001e-16 1e-20
7877.823678 3.349068e-16 1e-20
7878.074895 3.317306e-16 1e-20
7878.326112 3.320651e-16 1e-20
7878.577329 3.366049e-16 1e-20
7878.828546 3.440021e-16 1e-20
7879.079763 3.523202e-16 1e-20
7879.33098 3.576827e-16 1e-20
7879.582196 3.567614e-16 1e-20
7879.833413 3.513716e-16 1e-20
7880.08463 3.441964e-16 1e-20
7880.335847 3.383375e-16 1e-20
7880.587064 3.373224e-16 1e-20
7880.838281 3.415096e-16 1e-20
7881.089498 3.456791e-16 1e-20
7881.340715 3.458028e-16 1e-20
7881.591932 3.441809e-16 1e-20
7881.843149 3.434495e-16 1e-20
7882.094366 3.436721e-16 1e-20
7882.345583 3.441736e-16 1e-20
7882.5968 3.448414e-16 1e-20
7882.848017 3.460505e-16 1e-20
7883.099234 3.476317e-16 1e-20
7883.350451 3.478546e-16 1e-20
7883.601667 3.452558e-16 1e-20
7883.852884 3.419081e-16 1e-20
7884.104101 3.406175e-16 1e-20
7884.355318 3.412985e-16 1e-20
7884.606535 3.422283e-16 1e-20
7884.857752 3.425507e-16 1e-20
7885.108969 3.427754e-16 1e-20
7885.360186 3.431986e-16 1e-20
7885.611403 3.438786e-16 1e-20
7885.86262 3.44884e-16 1e-20
7886.113837 3.458413e-16 1e-20
7886.365054 3.4628e-16 1e-20
7886.616271 3.457522e-16 1e-20
7886.867488 3.438076e-16 1e-20
7887.118705 3.404791e-16 1e-20
7887.369922 3.371991e-16 1e-20
7887.621138 3.352998e-16 1e-20
7887.872355 3.346609e-16 1e-20
7888.123572 3.349086e-16 1e-20
7888.374789 3.354873e-16 1e-20
7888.626006 3.356443e-16 1e-20
7888.877223 3.352151e-16 1e-20
7889.12844 3.352219e-16 1e-20
7889.379657 3.363716e-16 1e-20
7889.630874 3.377096e-16 1e-20
7889.882091 3.382316e-16 1e-20
7890.133308 3.377308e-16 1e-20
7890.384525 3.362351e-16 1e-20
7890.635742 3.342878e-16 1e-20
7890.886959 3.329825e-16 1e-20
7891.138176 3.330367e-16 1e-20
7891.389393 3.340619e-16 1e-20
7891.640609 3.35601e-16 1e-20
7891.891826 3.369895e-16 1e-20
7892.143043 3.375178e-16 1e-20
7892.39426 3.369328e-16 1e-20
7892.645477 3.353274e-16 1e-20
7892.896694 3.330741e-16 1e-20
7893.147911 3.308801e-16 1e-20
7893.399128 3.294458e-16 1e-20
7893.650345 3.30299e-16 1e-20
7893.901562 3.349788e-16 1e-20
7894.152779 3.408781e-16 1e-20
7894.403996 3.438913e-16 1e-20
7894.655213 3.425733e-16 1e-20
7894.90643 3.382793e-16 1e-20
7895.157647 3.325353e-16 1e-20
7895.408864 3.278104e-16 1e-20
7895.66008 3.265438e-16 1e-20
7895.911297 3.276402e-16 1e-20
7896.162514 3.289554e-16 1e-20
7896.413731 3.306807e-16 1e-20
7896.664948 3.345408e-16 1e-20
7896.916165 3.402604e-16 1e-20
7897.167382 3.438326e-16 1e-20
7897.418599 3.423786e-16 1e-20
7897.669816 3.394647e-16 1e-20
7897.921033 3.393955e-16 1e-20
7898.17225 3.405989e-16 1e-20
7898.423467 3.392408e-16 1e-20
7898.674684 3.352448e-16 1e-20
7898.925901 3.326465e-16 1e-20
7899.177118 3.336799e-16 1e-20
7899.428335 3.353688e-16 1e-20
7899.679551 3.349211e-16 1e-20
7899.930768 3.337472e-16 1e-20
7900.181985 3.341299e-16 1e-20
7900.433202 3.357941e-16 1e-20
7900.684419 3.368945e-16 1e-20
7900.935636 3.366697e-16 1e-20
7901.186853 3.362549e-16 1e-20
7901.43807 3.365249e-16 1e-20
7901.689287 3.371943e-16 1e-20
7901.940504 3.378397e-16 1e-20
7902.191721 3.388751e-16 1e-20
7902.442938 3.410492e-16 1e-20
7902.694155 3.439379e-16 1e-20
7902.945372 3.457889e-16 1e-20
7903.196589 3.45512e-16 1e-20
7903.447806 3.441105e-16 1e-20
7903.699022 3.426784e-16 1e-20
7903.950239 3.408182e-16 1e-20
7904.201456 3.37713e-16 1e-20
7904.452673 3.346432e-16 1e-20
7904.70389 3.342524e-16 1e-20
7904.955107 3.373312e-16 1e-20
7905.206324 3.411276e-16 1e-20
7905.457541 3.43309e-16 1e-20
7905.708758 3.440173e-16 1e-20
7905.959975 3.436271e-16 1e-20
7906.211192 3.422396e-16 1e-20
7906.462409 3.400571e-16 1e-20
7906.713626 3.3731e-16 1e-20
7906.964843 3.340004e-16 1e-20
7907.21606 3.305959e-16 1e-20
7907.467277 3.298726e-16 1e-20
7907.718493 3.343742e-16 1e-20
7907.96971 3.400789e-16 1e-20
7908.220927 3.412818e-16 1e-20
7908.472144 3.382162e-16 1e-20
7908.723361 3.350944e-16 1e-20
7908.974578 3.345227e-16 1e-20
7909.225795 3.362713e-16 1e-20
7909.477012 3.401022e-16 1e-20
7909.728229 3.437579e-16 1e-20
7909.979446 3.445437e-16 1e-20
7910.230663 3.432905e-16 1e-20
7910.48188 3.42393e-16 1e-20
7910.733097 3.42476e-16 1e-20
7910.984314 3.420183e-16 1e-20
7911.235531 3.40244e-16 1e-20
7911.486748 3.382448e-16 1e-20
7911.737964 3.369092e-16 1e-20
7911.989181 3.374258e-16 1e-20
7912.240398 3.412147e-16 1e-20
7912.491615 3.463108e-16 1e-20
7912.742832 3.484668e-16 1e-20
7912.994049 3.453679e-16 1e-20
7913.245266 3.383167e-16 1e-20
7913.496483 3.288818e-16 1e-20
7913.7477 3.218544e-16 1e-20
7913.998917 3.225357e-16 1e-20
7914.250134 3.287492e-16 1e-20
7914.501351 3.350186e-16 1e-20
7914.752568 3.385723e-16 1e-20
7915.003785 3.400281e-16 1e-20
7915.255002 3.398723e-16 1e-20
7915.506219 3.392665e-16 1e-20
7915.757435 3.395889e-16 1e-20
7916.008652 3.403431e-16 1e-20
7916.259869 3.404753e-16 1e-20
7916.511086 3.401178e-16 1e-20
7916.762303 3.402862e-16 1e-20
7917.01352 3.411675e-16 1e-20
7917.264737 3.41197e-16 1e-20
7917.515954 3.392239e-16 1e-20
7917.767171 3.364496e-16 1e-20
7918.018388 3.343026e-16 1e-20
7918.269605 3.335603e-16 1e-20
7918.520822 3.347309e-16 1e-20
7918.772039 3.375831e-16 1e-20
7919.023256 3.409134e-16 1e-20
7919.274473 3.436324e-16 1e-20
7919.52569 3.451557e-16 1e-20
7919.776906 3.449501e-16 1e-20
7920.028123 3.436802e-16 1e-20
7920.27934 3.425507e-16 1e-20
7920.530557 3.413612e-16 1e-20
7920.781774 3.388044e-16 1e-20
7921.032991 3.348271e-16 1e-20
7921.284208 3.320526e-16 1e-20
7921.535425 3.325903e-16 1e-20
7921.786642 3.362692e-16 1e-20
7922.037859 3.426159e-16 1e-20
7922.289076 3.496652e-16 1e-20
7922.540293 3.546572e-16 1e-20
7922.79151 3.565e-16 1e-20
7923.042727 3.565198e-16 1e-20
7923.293944 3.556998e-16 1e-20
7923.545161 3.531764e-16 1e-20
7923.796377 3.48234e-16 1e-20
7924.047594 3.430171e-16 1e-20
7924.298811 3.403688e-16 1e-20
7924.550028 3.406214e-16 1e-20
7924.801245 3.422571e-16 1e-20
7925.052462 3.438154e-16 1e-20
7925.303679 3.436615e-16 1e-20
7925.554896 3.405204e-16 1e-20
7925.806113 3.369469e-16 1e-20
7926.05733 3.360213e-16 1e-20
7926.308547 3.380631e-16 1e-20
7926.559764 3.421143e-16 1e-20
7926.810981 3.469077e-16 1e-20
7927.062198 3.507669e-16 1e-20
7927.313415 3.522244e-16 1e-20
7927.564632 3.505513e-16 1e-20
7927.815848 3.452814e-16 1e-20
7928.067065 3.387319e-16 1e-20
7928.318282 3.34034e-16 1e-20
7928.569499 3.323072e-16 1e-20
7928.820716 3.330887e-16 1e-20
7929.071933 3.354394e-16 1e-20
7929.32315 3.370462e-16 1e-20
7929.574367 3.358769e-16 1e-20
7929.825584 3.338728e-16 1e-20
7930.076801 3.33584e-16 1e-20
7930.328018 3.3487e-16 1e-20
7930.579235 3.364147e-16 1e-20
7930.830452 3.372966e-16 1e-20
7931.081669 3.370069e-16 1e-20
7931.332886 3.352927e-16 1e-20
7931.584103 3.331529e-16 1e-20
7931.835319 3.31592e-16 1e-20
7932.086536 3.316733e-16 1e-20
7932.337753 3.345677e-16 1e-20
7932.58897 3.39231e-16 1e-20
7932.840187 3.427556e-16 1e-20
7933.091404 3.434353e-16 1e-20
7933.342621 3.425051e-16 1e-20
7933.593838 3.411325e-16 1e-20
7933.845055 3.39527e-16 1e-20
7934.096272 3.378377e-16 1e-20
7934.347489 3.366512e-16 1e-20
7934.598706 3.367434e-16 1e-20
7934.849923 3.381089e-16 1e-20
7935.10114 3.395834e-16 1e-20
7935.352357 3.403379e-16 1e-20
7935.603574 3.413281e-16 1e-20
7935.85479 3.434985e-16 1e-20
7936.106007 3.458823e-16 1e-20
7936.357224 3.471365e-16 1e-20
7936.608441 3.463521e-16 1e-20
7936.859658 3.42869e-16 1e-20
7937.110875 3.371332e-16 1e-20
7937.362092 3.326211e-16 1e-20
7937.613309 3.323836e-16 1e-20
7937.864526 3.342596e-16 1e-20
7938.115743 3.350624e-16 1e-20
7938.36696 3.354318e-16 1e-20
7938.618177 3.379195e-16 1e-20
7938.869394 3.427611e-16 1e-20
7939.120611 3.468236e-16 1e-20
7939.371828 3.479638e-16 1e-20
7939.623045 3.478273e-16 1e-20
7939.874262 3.482339e-16 1e-20
7940.125478 3.485846e-16 1e-20
7940.376695 3.476783e-16 1e-20
7940.627912 3.454521e-16 1e-20
7940.879129 3.426948e-16 1e-20
7941.130346 3.401672e-16 1e-20
7941.381563 3.389731e-16 1e-20
7941.63278 3.400494e-16 1e-20
7941.883997 3.41305e-16 1e-20
7942.135214 3.40003e-16 1e-20
7942.386431 3.373733e-16 1e-20
7942.637648 3.366207e-16 1e-20
7942.888865 3.391302e-16 1e-20
7943.140082 3.437223e-16 1e-20
7943.391299 3.491619e-16 1e-20
7943.642516 3.525849e-16 1e-20
7943.893733 3.510172e-16 1e-20
7944.144949 3.469735e-16 1e-20
7944.396166 3.447874e-16 1e-20
7944.647383 3.455416e-16 1e-20
7944.8986 3.474739e-16 1e-20
7945.149817 3.491262e-16 1e-20
7945.401034 3.490667e-16 1e-20
7945.652251 3.459725e-16 1e-20
7945.903468 3.427466e-16 1e-20
7946.154685 3.43255e-16 1e-20
7946.405902 3.461825e-16 1e-20
7946.657119 3.473817e-16 1e-20
7946.908336 3.454243e-16 1e-20
7947.159553 3.431785e-16 1e-20
7947.41077 3.42662e-16 1e-20
7947.661987 3.428784e-16 1e-20
7947.913204 3.428556e-16 1e-20
7948.16442 3.422417e-16 1e-20
7948.415637 3.406142e-16 1e-20
7948.666854 3.389581e-16 1e-20
7948.918071 3.397208e-16 1e-20
7949.169288 3.437575e-16 1e-20
7949.420505 3.474562e-16 1e-20
7949.671722 3.476061e-16 1e-20
7949.922939 3.451269e-16 1e-20
7950.174156 3.416695e-16 1e-20
7950.425373 3.383248e-16 1e-20
7950.67659 3.359239e-16 1e-20
7950.927807 3.351862e-16 1e-20
7951.179024 3.365093e-16 1e-20
7951.430241 3.398902e-16 1e-20
7951.681458 3.440161e-16 1e-20
7951.932675 3.474719e-16 1e-20
7952.183891 3.492984e-16 1e-20
7952.435108 3.486786e-16 1e-20
7952.686325 3.460162e-16 1e-20
7952.937542 3.429521e-16 1e-20
7953.188759 3.406633e-16 1e-20
7953.439976 3.387737e-16 1e-20
7953.691193 3.369733e-16 1e-20
7953.94241 3.357045e-16 1e-20
7954.193627 3.353957e-16 1e-20
7954.444844 3.362216e-16 1e-20
7954.696061 3.382477e-16 1e-20
7954.947278 3.409924e-16 1e-20
7955.198495 3.430452e-16 1e-20
7955.449712 3.433411e-16 1e-20
7955.700929 3.423238e-16 1e-20
7955.952146 3.40552e-16 1e-20
7956.203362 3.389422e-16 1e-20
7956.454579 3.386473e-16 1e-20
7956.705796 3.395176e-16 1e-20
7956.957013 3.400343e-16 1e-20
7957.20823 3.393077e-16 1e-20
7957.459447 3.382678e-16 1e-20
7957.710664 3.377311e-16 1e-20
7957.961881 3.378615e-16 1e-20
7958.213098 3.388893e-16 1e-20
7958.464315 3.400136e-16 1e-20
7958.715532 3.396279e-16 1e-20
7958.966749 3.378506e-16 1e-20
7959.217966 3.381434e-16 1e-20
7959.469183 3.428126e-16 1e-20
7959.7204 3.475381e-16 1e-20
7959.971617 3.475166e-16 1e-20
7960.222833 3.446253e-16 1e-20
7960.47405 3.430119e-16 1e-20
7960.725267 3.440409e-16 1e-20
7960.976484 3.464096e-16 1e-20
7961.227701 3.489651e-16 1e-20
7961.478918 3.499757e-16 1e-20
7961.730135 3.477613e-16 1e-20
7961.981352 3.447262e-16 1e-20
7962.232569 3.442732e-16 1e-20
7962.483786 3.457069e-16 1e-20
7962.735003 3.459653e-16 1e-20
7962.98622 3.435464e-16 1e-20
7963.237437 3.393952e-16 1e-20
7963.488654 3.345419e-16 1e-20
7963.739871 3.317794e-16 1e-20
7963.991088 3.338912e-16 1e-20
7964.242304 3.402373e-16 1e-20
7964.493521 3.490404e-16 1e-20
7964.744738 3.573836e-16 1e-20
7964.995955 3.610642e-16 1e-20
7965.247172 3.579345e-16 1e-20
7965.498389 3.524388e-16 1e-20
7965.749606 3.489846e-16 1e-20
7966.000823 3.475798e-16 1e-20
7966.25204 3.475239e-16 1e-20
7966.503257 3.479568e-16 1e-20
7966.754474 3.476794e-16 1e-20
7967.005691 3.463601e-16 1e-20
7967.256908 3.456526e-16 1e-20
7967.508125 3.467124e-16 1e-20
7967.759342 3.483385e-16 1e-20
7968.010559 3.494484e-16 1e-20
7968.261775 3.483029e-16 1e-20
7968.512992 3.425357e-16 1e-20
7968.764209 3.343633e-16 1e-20
7969.015426 3.312754e-16 1e-20
7969.266643 3.372991e-16 1e-20
7969.51786 3.455603e-16 1e-20
7969.769077 3.494845e-16 1e-20
7970.020294 3.494109e-16 1e-20
7970.271511 3.467777e-16 1e-20
7970.522728 3.436536e-16 1e-20
7970.773945 3.428933e-16 1e-20
7971.025162 3.451698e-16 1e-20
7971.276379 3.463122e-16 1e-20
7971.527596 3.431398e-16 1e-20
7971.778813 3.389224e-16 1e-20
7972.03003 3.375425e-16 1e-20
7972.281246 3.379965e-16 1e-20
7972.532463 3.37432e-16 1e-20
7972.78368 3.353744e-16 1e-20
7973.034897 3.339313e-16 1e-20
7973.286114 3.343107e-16 1e-20
7973.537331 3.355095e-16 1e-20
7973.788548 3.366392e-16 1e-20
7974.039765 3.370111e-16 1e-20
7974.290982 3.358146e-16 1e-20
7974.542199 3.340072e-16 1e-20
7974.793416 3.33793e-16 1e-20
7975.044633 3.360084e-16 1e-20
7975.29585 3.38709e-16 1e-20
7975.547067 3.403108e-16 1e-20
7975.798284 3.414961e-16 1e-20
7976.049501 3.43168e-16 1e-20
7976.300717 3.447269e-16 1e-20
7976.551934 3.449458e-16 1e-20
7976.803151 3.439415e-16 1e-20
7977.054368 3.434543e-16 1e-20
7977.305585 3.443499e-16 1e-20
7977.556802 3.443848e-16 1e-20
7977.808019 3.414667e-16 1e-20
7978.059236 3.372458e-16 1e-20
7978.310453 3.342553e-16 1e-20
7978.56167 3.328974e-16 1e-20
7978.812887 3.321893e-16 1e-20
7979.064104 3.316163e-16 1e-20
7979.315321 3.313204e-16 1e-20
7979.566538 3.313193e-16 1e-20
7979.817755 3.330486e-16 1e-20
7980.068972 3.382313e-16 1e-20
7980.320188 3.437944e-16 1e-20
7980.571405 3.447855e-16 1e-20
7980.822622 3.399791e-16 1e-20
7981.073839 3.324693e-16 1e-20
7981.325056 3.252238e-16 1e-20
7981.576273 3.219004e-16 1e-20
7981.82749 3.258854e-16 1e-20
7982.078707 3.336531e-16 1e-20
7982.329924 3.398409e-16 1e-20
7982.581141 3.42431e-16 1e-20
7982.832358 3.417281e-16 1e-20
7983.083575 3.38496e-16 1e-20
7983.334792 3.348074e-16 1e-20
7983.586009 3.326211e-16 1e-20
7983.837226 3.315278e-16 1e-20
7984.088443 3.309787e-16 1e-20
7984.339659 3.30168e-16 1e-20
7984.590876 3.278467e-16 1e-20
7984.842093 3.25072e-16 1e-20
7985.09331 3.260723e-16 1e-20
7985.344527 3.329905e-16 1e-20
7985.595744 3.404395e-16 1e-20
7985.846961 3.4316e-16 1e-20
7986.098178 3.419647e-16 1e-20
7986.349395 3.390111e-16 1e-20
7986.600612 3.361888e-16 1e-20
7986.851829 3.353441e-16 1e-20
7987.103046 3.372696e-16 1e-20
7987.354263 3.40161e-16 1e-20
7987.60548 3.423257e-16 1e-20
7987.856697 3.428911e-16 1e-20
7988.107914 3.41019e-16 1e-20
7988.35913 3.378583e-16 1e-20
7988.610347 3.354604e-16 1e-20
7988.861564 3.349023e-16 1e-20
7989.112781 3.359889e-16 1e-20
7989.363998 3.383045e-16 1e-20
7989.615215 3.403683e-16 1e-20
7989.866432 3.406878e-16 1e-20
7990.117649 3.393347e-16 1e-20
7990.368866 3.368513e-16 1e-20
7990.620083 3.339357e-16 1e-20
7990.8713 3.313798e-16 1e-20
7991.122517 3.299984e-16 1e-20
7991.373734 3.306135e-16 1e-20
7991.624951 3.336985e-16 1e-20
7991.876168 3.381339e-16 1e-20
7992.127385 3.425724e-16 1e-20
7992.378601 3.457065e-16 1e-20
7992.629818 3.462863e-16 1e-20
7992.881035 3.441754e-16 1e-20
7993.132252 3.407097e-16 1e-20
7993.383469 3.37216e-16 1e-20
7993.634686 3.347428e-16 1e-20
7993.885903 3.34164e-16 1e-20
7994.13712 3.358226e-16 1e-20
7994.388337 3.40021e-16 1e-20
7994.639554 3.447468e-16 1e-20
7994.890771 3.461557e-16 1e-20
7995.141988 3.426872e-16 1e-20
7995.393205 3.381e-16 1e-20
7995.644422 3.357131e-16 1e-20
7995.895639 3.348294e-16 1e-20
7996.146856 3.341827e-16 1e-20
7996.398072 3.342018e-16 1e-20
7996.649289 3.360809e-16 1e-20
7996.900506 3.39176e-16 1e-20
7997.151723 3.403711e-16 1e-20
7997.40294 3.377823e-16 1e-20
7997.654157 3.34168e-16 1e-20
7997.905374 3.323767e-16 1e-20
7998.156591 3.323332e-16 1e-20
7998.407808 3.332721e-16 1e-20
7998.659025 3.344545e-16 1e-20
7998.910242 3.35035e-16 1e-20
7999.161459 3.345514e-16 1e-20
7999.412676 3.337926e-16 1e-20
7999.663893 3.334969e-16 1e-20
7999.91511 3.326539e-16 1e-20
8000.166327 3.299083e-16 1e-20
8000.417543 3.269178e-16 1e-20
8000.66876 3.268319e-16 1e-20
8000.919977 3.301462e-16 1e-20
8001.171194 3.335689e-16 1e-20
8001.422411 3.348194e-16 1e-20
8001.673628 3.354643e-16 1e-20
8001.924845 3.370221e-16 1e-20
8002.176062 3.395143e-16 1e-20
8002.427279 3.428563e-16 1e-20
8002.678496 3.456285e-16 1e-20
8002.929713 3.451172e-16 1e-20
8003.18093 3.406092e-16 1e-20
8003.432147 3.365719e-16 1e-20
8003.683364 3.368157e-16 1e-20
8003.934581 3.385642e-16 1e-20
8004.185798 3.380618e-16 1e-20
8004.437014 3.355947e-16 1e-20
8004.688231 3.332487e-16 1e-20
8004.939448 3.320667e-16 1e-20
8005.190665 3.319208e-16 1e-20
8005.441882 3.325744e-16 1e-20
8005.693099 3.318379e-16 1e-20
8005.944316 3.273712e-16 1e-20
8006.195533 3.223606e-16 1e-20
8006.44675 3.217917e-16 1e-20
8006.697967 3.254496e-16 1e-20
8006.949184 3.287376e-16 1e-20
8007.200401 3.289461e-16 1e-20
8007.451618 3.275985e-16 1e-20
8007.702835 3.259785e-16 1e-20
8007.954052 3.253521e-16 1e-20
8008.205269 3.272403e-16 1e-20
8008.456485 3.304987e-16 1e-20
8008.707702 3.325223e-16 1e-20
8008.958919 3.324655e-16 1e-20
8009.210136 3.321772e-16 1e-20
8009.461353 3.329592e-16 1e-20
8009.71257 3.343623e-16 1e-20
8009.963787 3.359768e-16 1e-20
8010.215004 3.369979e-16 1e-20
8010.466221 3.363899e-16 1e-20
8010.717438 3.345704e-16 1e-20
8010.968655 3.332373e-16 1e-20
8011.219872 3.334323e-16 1e-20
8011.471089 3.346807e-16 1e-20
8011.722306 3.364912e-16 1e-20
8011.973523 3.376077e-16 1e-20
8012.22474 3.365054e-16 1e-20
8012.475956 3.337966e-16 1e-20
8012.727173 3.314089e-16 1e-20
8012.97839 3.297768e-16 1e-20
8013.229607 3.267514e-16 1e-20
8013.480824 3.212767e-16 1e-20
8013.732041 3.174657e-16 1e-20
8013.983258 3.194977e-16 1e-20
8014.234475 3.253283e-16 1e-20
8014.485692 3.309412e-16 1e-20
8014.736909 3.34678e-16 1e-20
8014.988126 3.369386e-16 1e-20
8015.239343 3.379712e-16 1e-20
8015.49056 3.381698e-16 1e-20
8015.741777 3.38101e-16 1e-20
8015.992994 3.372532e-16 1e-20
8016.244211 3.348182e-16 1e-20
8016.495427 3.318979e-16 1e-20
8016.746644 3.306953e-16 1e-20
8016.997861 3.315032e-16 1e-20
8017.249078 3.315004e-16 1e-20
8017.500295 3.28786e-16 1e-20
8017.751512 3.254045e-16 1e-20
8018.002729 3.234706e-16 1e-20
8018.253946 3.237049e-16 1e-20
8018.505163 3.265263e-16 1e-20
8018.75638 3.308159e-16 1e-20
8019.007597 3.339043e-16 1e-20
8019.258814 3.341534e-16 1e-20
8019.510031 3.329921e-16 1e-20
8019.761248 3.318051e-16 1e-20
8020.012465 3.298587e-16 1e-20
8020.263682 3.262468e-16 1e-20
8020.514898 3.217083e-16 1e-20
8020.766115 3.176357e-16 1e-20
8021.017332 3.156568e-16 1e-20
8021.268549 3.181135e-16 1e-20
8021.519766 3.261193e-16 1e-20
8021.770983 3.349251e-16 1e-20
8022.0222 3.395367e-16 1e-20
8022.273417 3.391008e-16 1e-20
8022.524634 3.339138e-16 1e-20
8022.775851 3.266367e-16 1e-20
8023.027068 3.224507e-16 1e-20
8023.278285 3.241427e-16 1e-20
8023.529502 3.27011e-16 1e-20
8023.780719 3.267017e-16 1e-20
8024.031936 3.24937e-16 1e-20
8024.283153 3.243418e-16 1e-20
8024.534369 3.254284e-16 1e-20
8024.785586 3.276745e-16 1e-20
8025.036803 3.304581e-16 1e-20
8025.28802 3.327352e-16 1e-20
8025.539237 3.336178e-16 1e-20
8025.790454 3.334861e-16 1e-20
8026.041671 3.328637e-16 1e-20
8026.292888 3.31677e-16 1e-20
8026.544105 3.297536e-16 1e-20
8026.795322 3.270605e-16 1e-20
8027.046539 3.23668e-16 1e-20
8027.297756 3.198933e-16 1e-20
8027.548973 3.166114e-16 1e-20
8027.80019 3.145217e-16 1e-20
8028.051407 3.151485e-16 1e-20
8028.302624 3.203577e-16 1e-20
8028.55384 3.273077e-16 1e-20
8028.805057 3.303524e-16 1e-20
8029.056274 3.273923e-16 1e-20
8029.307491 3.225043e-16 1e-20
8029.558708 3.190568e-16 1e-20
8029.809925 3.175509e-16 1e-20
8030.061142 3.184149e-16 1e-20
8030.312359 3.2065e-16 1e-20
8030.563576 3.225515e-16 1e-20
8030.814793 3.23483e-16 1e-20
8031.06601 3.239865e-16 1e-20
8031.317227 3.243939e-16 1e-20
8031.568444 3.247204e-16 1e-20
8031.819661 3.25079e-16 1e-20
8032.070878 3.245012e-16 1e-20
8032.322095 3.21714e-16 1e-20
8032.573311 3.177603e-16 1e-20
8032.824528 3.151272e-16 1e-20
8033.075745 3.148569e-16 1e-20
8033.326962 3.153236e-16 1e-20
8033.578179 3.152874e-16 1e-20
8033.829396 3.158586e-16 1e-20
8034.080613 3.182634e-16 1e-20
8034.33183 3.211542e-16 1e-20
8034.583047 3.223315e-16 1e-20
8034.834264 3.212156e-16 1e-20
8035.085481 3.188611e-16 1e-20
8035.336698 3.163139e-16 1e-20
8035.587915 3.149236e-16 1e-20
8035.839132 3.15912e-16 1e-20
8036.090349 3.183431e-16 1e-20
8036.341566 3.208005e-16 1e-20
8036.592782 3.22339e-16 1e-20
8036.843999 3.223063e-16 1e-20
8037.095216 3.206116e-16 1e-20
8037.346433 3.182377e-16 1e-20
8037.59765 3.161278e-16 1e-20
8037.848867 3.149766e-16 1e-20
8038.100084 3.155072e-16 1e-20
8038.351301 3.1674e-16 1e-20
8038.602518 3.169717e-16 1e-20
8038.853735 3.159848e-16 1e-20
8039.104952 3.152252e-16 1e-20
8039.356169 3.156726e-16 1e-20
8039.607386 3.170353e-16 1e-20
8039.858603 3.189483e-16 1e-20
8040.10982 3.21588e-16 1e-20
8040.361037 3.253898e-16 1e-20
8040.612253 3.287145e-16 1e-20
8040.86347 3.285468e-16 1e-20
8041.114687 3.242735e-16 1e-20
8041.365904 3.199007e-16 1e-20
8041.617121 3.186452e-16 1e-20
8041.868338 3.19099e-16 1e-20
8042.119555 3.194308e-16 1e-20
8042.370772 3.196115e-16 1e-20
8042.621989 3.201915e-16 1e-20
8042.873206 3.211036e-16 1e-20
8043.124423 3.216799e-16 1e-20
8043.37564 3.215879e-16 1e-20
8043.626857 3.214947e-16 1e-20
8043.878074 3.220952e-16 1e-20
8044.129291 3.225224e-16 1e-20
8044.380508 3.214054e-16 1e-20
8044.631724 3.197852e-16 1e-20
8044.882941 3.203586e-16 1e-20
8045.134158 3.238096e-16 1e-20
8045.385375 3.268097e-16 1e-20
8045.636592 3.267734e-16 1e-20
8045.887809 3.254872e-16 1e-20
8046.139026 3.251868e-16 1e-20
8046.390243 3.256062e-16 1e-20
8046.64146 3.255156e-16 1e-20
8046.892677 3.249253e-16 1e-20
8047.143894 3.252295e-16 1e-20
8047.395111 3.271113e-16 1e-20
8047.646328 3.291937e-16 1e-20
8047.897545 3.301694e-16 1e-20
8048.148762 3.301595e-16 1e-20
8048.399979 3.295552e-16 1e-20
8048.651195 3.288362e-16 1e-20
8048.902412 3.286435e-16 1e-20
8049.153629 3.291536e-16 1e-20
8049.404846 3.293444e-16 1e-20
8049.656063 3.284459e-16 1e-20
8049.90728 3.283009e-16 1e-20
8050.158497 3.310751e-16 1e-20
8050.409714 3.349536e-16 1e-20
8050.660931 3.364751e-16 1e-20
8050.912148 3.347707e-16 1e-20
8051.163365 3.320883e-16 1e-20
8051.414582 3.300466e-16 1e-20
8051.665799 3.284329e-16 1e-20
8051.917016 3.270252e-16 1e-20
8052.168233 3.263441e-16 1e-20
8052.41945 3.271083e-16 1e-20
8052.670666 3.281691e-16 1e-20
8052.921883 3.271716e-16 1e-20
8053.1731 3.230592e-16 1e-20
8053.424317 3.171575e-16 1e-20
8053.675534 3.10868e-16 1e-20
8053.926751 3.073007e-16 1e-20
8054.177968 3.097906e-16 1e-20
8054.429185 3.163799e-16 1e-20
8054.680402 3.22781e-16 1e-20
8054.931619 3.267553e-16 1e-20
8055.182836 3.286186e-16 1e-20
8055.434053 3.286866e-16 1e-20
8055.68527 3.282427e-16 1e-20
8055.936487 3.288411e-16 1e-20
8056.187704 3.287395e-16 1e-20
8056.438921 3.251414e-16 1e-20
8056.690138 3.19618e-16 1e-20
8056.941354 3.169436e-16 1e-20
8057.192571 3.190446e-16 1e-20
8057.443788 3.21838e-16 1e-20
8057.695005 3.219763e-16 1e-20
8057.946222 3.206524e-16 1e-20
8058.197439 3.195373e-16 1e-20
8058.448656 3.188688e-16 1e-20
8058.699873 3.182328e-16 1e-20
8058.95109 3.181266e-16 1e-20
8059.202307 3.202855e-16 1e-20
8059.453524 3.252498e-16 1e-20
8059.704741 3.288232e-16 1e-20
8059.955958 3.26988e-16 1e-20
8060.207175 3.222366e-16 1e-20
8060.458392 3.185797e-16 1e-20
8060.709609 3.181099e-16 1e-20
8060.960825 3.216621e-16 1e-20
8061.212042 3.286445e-16 1e-20
8061.463259 3.347776e-16 1e-20
8061.714476 3.363473e-16 1e-20
8061.965693 3.356726e-16 1e-20
8062.21691 3.359499e-16 1e-20
8062.468127 3.366418e-16 1e-20
8062.719344 3.356737e-16 1e-20
8062.970561 3.325635e-16 1e-20
8063.221778 3.28739e-16 1e-20
8063.472995 3.252333e-16 1e-20
8063.724212 3.221394e-16 1e-20
8063.975429 3.19584e-16 1e-20
8064.226646 3.173103e-16 1e-20
8064.477863 3.147922e-16 1e-20
8064.72908 3.12494e-16 1e-20
8064.980296 3.117238e-16 1e-20
8065.231513 3.127556e-16 1e-20
8065.48273 3.134184e-16 1e-20
8065.733947 3.119596e-16 1e-20
8065.985164 3.099343e-16 1e-20
8066.236381 3.09295e-16 1e-20
8066.487598 3.101088e-16 1e-20
8066.738815 3.116944e-16 1e-20
8066.990032 3.132993e-16 1e-20
8067.241249 3.138988e-16 1e-20
8067.492466 3.129307e-16 1e-20
8067.743683 3.121819e-16 1e-20
8067.9949 3.134364e-16 1e-20
8068.246117 3.158973e-16 1e-20
8068.497334 3.182743e-16 1e-20
8068.748551 3.193325e-16 1e-20
8068.999767 3.176983e-16 1e-20
8069.250984 3.136292e-16 1e-20
8069.502201 3.116122e-16 1e-20
8069.753418 3.152693e-16 1e-20
8070.004635 3.220218e-16 1e-20
8070.255852 3.287117e-16 1e-20
8070.507069 3.322204e-16 1e-20
8070.758286 3.291257e-16 1e-20
8071.009503 3.205839e-16 1e-20
8071.26072 3.145595e-16 1e-20
8071.511937 3.166013e-16 1e-20
8071.763154 3.222768e-16 1e-20
8072.014371 3.267989e-16 1e-20
8072.265588 3.296176e-16 1e-20
8072.516805 3.3104e-16 1e-20
8072.768022 3.314101e-16 1e-20
8073.019238 3.314234e-16 1e-20
8073.270455 3.313318e-16 1e-20
8073.521672 3.296206e-16 1e-20
8073.772889 3.251576e-16 1e-20
8074.024106 3.205254e-16 1e-20
8074.275323 3.189097e-16 1e-20
8074.52654 3.196326e-16 1e-20
8074.777757 3.200761e-16 1e-20
8075.028974 3.192568e-16 1e-20
8075.280191 3.185939e-16 1e-20
8075.531408 3.189165e-16 1e-20
8075.782625 3.188812e-16 1e-20
8076.033842 3.171881e-16 1e-20
8076.285059 3.152564e-16 1e-20
8076.536276 3.151791e-16 1e-20
8076.787493 3.175694e-16 1e-20
8077.038709 3.219363e-16 1e-20
8077.289926 3.272314e-16 1e-20
8077.541143 3.305279e-16 1e-20
8077.79236 3.293444e-16 1e-20
8078.043577 3.27025e-16 1e-20
8078.294794 3.280039e-16 1e-20
8078.546011 3.313346e-16 1e-20
8078.797228 3.333748e-16 1e-20
8079.048445 3.327547e-16 1e-20
8079.299662 3.31376e-16 1e-20
8079.550879 3.30507e-16 1e-20
8079.802096 3.29706e-16 1e-20
8080.053313 3.286706e-16 1e-20
8080.30453 3.267848e-16 1e-20
8080.555747 3.231417e-16 1e-20
8080.806964 3.188853e-16 1e-20
8081.05818 3.169693e-16 1e-20
8081.309397 3.188292e-16 1e-20
8081.560614 3.22255e-16 1e-20
8081.811831 3.252249e-16 1e-20
8082.063048 3.262292e-16 1e-20
8082.314265 3.236288e-16 1e-20
8082.565482 3.195082e-16 1e-20
8082.816699 3.179417e-16 1e-20
8083.067916 3.205285e-16 1e-20
8083.319133 3.250624e-16 1e-20
8083.57035 3.295576e-16 1e-20
8083.821567 3.321856e-16 1e-20
8084.072784 3.312184e-16 1e-20
8084.324001 3.274193e-16 1e-20
8084.575218 3.222294e-16 1e-20
8084.826435 3.180554e-16 1e-20
8085.077651 3.182188e-16 1e-20
8085.328868 3.238867e-16 1e-20
8085.580085 3.303837e-16 1e-20
8085.831302 3.333934e-16 1e-20
8086.082519 3.330716e-16 1e-20
8086.333736 3.302521e-16 1e-20
8086.584953 3.263328e-16 1e-20
8086.83617 3.231493e-16 1e-20
8087.087387 3.217723e-16 1e-20
8087.338604 3.21859e-16 1e-20
8087.589821 3.229261e-16 1e-20
8087.841038 3.238822e-16 1e-20
8088.092255 3.236351e-16 1e-20
8088.343472 3.21903e-16 1e-20
8088.594689 3.185918e-16 1e-20
8088.845906 3.150083e-16 1e-20
8089.097122 3.137479e-16 1e-20
8089.348339 3.162158e-16 1e-20
8089.599556 3.207776e-16 1e-20
8089.850773 3.257788e-16 1e-20
8090.10199 3.292881e-16 1e-20
8090.353207 3.292799e-16 1e-20
8090.604424 3.26438e-16 1e-20
8090.855641 3.228888e-16 1e-20
8091.106858 3.205781e-16 1e-20
8091.358075 3.21324e-16 1e-20
8091.609292 3.260798e-16 1e-20
8091.860509 3.305404e-16 1e-20
8092.111726 3.300484e-16 1e-20
8092.362943 3.260884e-16 1e-20
8092.61416 3.220943e-16 1e-20
8092.865377 3.199361e-16 1e-20
8093.116593 3.201491e-16 1e-20
8093.36781 3.226801e-16 1e-20
8093.619027 3.250423e-16 1e-20
8093.870244 3.248725e-16 1e-20
8094.121461 3.237454e-16 1e-20
8094.372678 3.239416e-16 1e-20
8094.623895 3.255343e-16 1e-20
8094.875112 3.274808e-16 1e-20
8095.126329 3.288853e-16 1e-20
8095.377546 3.288247e-16 1e-20
8095.628763 3.267245e-16 1e-20
8095.87998 3.245414e-16 1e-20
8096.131197 3.244964e-16 1e-20
8096.382414 3.255364e-16 1e-20
8096.633631 3.253816e-16 1e-20
8096.884848 3.239319e-16 1e-20
8097.136064 3.233231e-16 1e-20
8097.387281 3.245073e-16 1e-20
8097.638498 3.249854e-16 1e-20
8097.889715 3.225843e-16 1e-20
8098.140932 3.199958e-16 1e-20
8098.392149 3.20828e-16 1e-20
8098.643366 3.245854e-16 1e-20
8098.894583 3.285033e-16 1e-20
8099.1458 3.307866e-16 1e-20
8099.397017 3.309866e-16 1e-20
8099.648234 3.289111e-16 1e-20
8099.899451 3.275166e-16 1e-20
8100.150668 3.303139e-16 1e-20
8100.401885 3.341818e-16 1e-20
8100.653102 3.332723e-16 1e-20
8100.904319 3.282285e-16 1e-20
8101.155535 3.26517e-16 1e-20
8101.406752 3.318651e-16 1e-20
8101.657969 3.374021e-16 1e-20
8101.909186 3.370259e-16 1e-20
8102.160403 3.319271e-16 1e-20
8102.41162 3.241928e-16 1e-20
8102.662837 3.176357e-16 1e-20
8102.914054 3.175278e-16 1e-20
8103.165271 3.244536e-16 1e-20
8103.416488 3.299641e-16 1e-20
8103.667705 3.276319e-16 1e-20
8103.918922 3.219964e-16 1e-20
8104.170139 3.183153e-16 1e-20
8104.421356 3.17753e-16 1e-20
8104.672573 3.201879e-16 1e-20
8104.92379 3.246705e-16 1e-20
8105.175006 3.29318e-16 1e-20
8105.426223 3.321315e-16 1e-20
8105.67744 3.303655e-16 1e-20
8105.928657 3.217564e-16 1e-20
8106.179874 3.121648e-16 1e-20
8106.431091 3.093587e-16 1e-20
8106.682308 3.131301e-16 1e-20
8106.933525 3.183523e-16 1e-20
8107.184742 3.21608e-16 1e-20
8107.435959 3.223005e-16 1e-20
8107.687176 3.19914e-16 1e-20
8107.938393 3.166196e-16 1e-20
8108.18961 3.150958e-16 1e-20
8108.440827 3.148814e-16 1e-20
8108.692044 3.14248e-16 1e-20
8108.943261 3.129669e-16 1e-20
8109.194477 3.124862e-16 1e-20
8109.445694 3.133147e-16 1e-20
8109.696911 3.131568e-16 1e-20
8109.948128 3.100275e-16 1e-20
8110.199345 3.054265e-16 1e-20
8110.450562 3.015232e-16 1e-20
8110.701779 2.997508e-16 1e-20
8110.952996 3.010509e-16 1e-20
8111.204213 3.055383e-16 1e-20
8111.45543 3.117853e-16 1e-20
8111.706647 3.182441e-16 1e-20
8111.957864 3.231553e-16 1e-20
8112.209081 3.247983e-16 1e-20
8112.460298 3.233707e-16 1e-20
8112.711515 3.199711e-16 1e-20
8112.962732 3.155738e-16 1e-20
8113.213948 3.109183e-16 1e-20
8113.465165 3.068529e-16 1e-20
8113.716382 3.043064e-16 1e-20
8113.967599 3.039977e-16 1e-20
8114.218816 3.056523e-16 1e-20
8114.470033 3.085568e-16 1e-20
8114.72125 3.121462e-16 1e-20
8114.972467 3.161277e-16 1e-20
8115.223684 3.193387e-16 1e-20
8115.474901 3.186648e-16 1e-20
8115.726118 3.121164e-16 1e-20
8115.977335 3.039747e-16 1e-20
8116.228552 2.991122e-16 1e-20
8116.479769 2.985036e-16 1e-20
8116.730986 3.016951e-16 1e-20
8116.982203 3.07019e-16 1e-20
8117.233419 3.112485e-16 1e-20
8117.484636 3.121542e-16 1e-20
8117.735853 3.113132e-16 1e-20
8117.98707 3.103663e-16 1e-20
8118.238287 3.105223e-16 1e-20
8118.489504 3.130647e-16 1e-20
8118.740721 3.172067e-16 1e-20
8118.991938 3.20728e-16 1e-20
8119.243155 3.221493e-16 1e-20
8119.494372 3.213954e-16 1e-20
8119.745589 3.185615e-16 1e-20
8119.996806 3.157953e-16 1e-20
8120.248023 3.156685e-16 1e-20
8120.49924 3.168634e-16 1e-20
8120.750457 3.163452e-16 1e-20
8121.001674 3.136837e-16 1e-20
8121.25289 3.116295e-16 1e-20
8121.504107 3.118128e-16 1e-20
8121.755324 3.124989e-16 1e-20
8122.006541 3.121366e-16 1e-20
8122.257758 3.107021e-16 1e-20
8122.508975 3.082577e-16 1e-20
8122.760192 3.064505e-16 1e-20
8123.011409 3.081239e-16 1e-20
8123.262626 3.140022e-16 1e-20
8123.513843 3.203484e-16 1e-20
8123.76506 3.239408e-16 1e-20
8124.016277 3.250125e-16 1e-20
8124.267494 3.242407e-16 1e-20
8124.518711 3.217709e-16 1e-20
8124.769928 3.176958e-16 1e-20
8125.021145 3.127819e-16 1e-20
8125.272361 3.084377e-16 1e-20
8125.523578 3.058124e-16 1e-20
8125.774795 3.05412e-16 1e-20
8126.026012 3.075618e-16 1e-20
8126.277229 3.112525e-16 1e-20
8126.528446 3.14997e-16 1e-20
8126.779663 3.183744e-16 1e-20
8127.03088 3.217219e-16 1e-20
8127.282097 2.893589e-16 1e-20
8127.533314 2.944751e-16 1e-20
8127.784531 3.077622e-16 1e-20
8128.035748 3.2317e-16 1e-20
8128.286965 3.325549e-16 1e-20
8128.538182 3.329499e-16 1e-20
8128.789399 3.305425e-16 1e-20
8129.040616 3.291004e-16 1e-20
8129.291832 3.279321e-16 1e-20
8129.543049 3.257136e-16 1e-20
8129.794266 3.218669e-16 1e-20
8130.045483 3.163963e-16 1e-20
8130.2967 3.123826e-16 1e-20
8130.547917 3.13041e-16 1e-20
8130.799134 3.175276e-16 1e-20
8131.050351 3.228924e-16 1e-20
8131.301568 3.270452e-16 1e-20
8131.552785 3.289714e-16 1e-20
8131.804002 3.279551e-16 1e-20
8132.055219 3.253724e-16 1e-20
8132.306436 3.229381e-16 1e-20
8132.557653 3.213748e-16 1e-20
8132.80887 3.204588e-16 1e-20
8133.060087 3.197825e-16 1e-20
8133.311303 3.197915e-16 1e-20
8133.56252 3.206696e-16 1e-20
8133.813737 3.209631e-16 1e-20
8134.064954 3.189192e-16 1e-20
8134.316171 3.148168e-16 1e-20
8134.567388 3.099202e-16 1e-20
8134.818605 3.063701e-16 1e-20
8135.069822 3.068148e-16 1e-20
8135.321039 3.117054e-16 1e-20
8135.572256 3.175865e-16 1e-20
8135.823473 3.212526e-16 1e-20
8136.07469 3.236997e-16 1e-20
8136.325907 3.26348e-16 1e-20
8136.577124 3.298292e-16 1e-20
8136.828341 3.342742e-16 1e-20
8137.079558 3.390329e-16 1e-20
8137.330774 3.416533e-16 1e-20
8137.581991 3.404286e-16 1e-20
8137.833208 3.363875e-16 1e-20
8138.084425 3.308845e-16 1e-20
8138.335642 3.247018e-16 1e-20
8138.586859 3.199547e-16 1e-20
8138.838076 3.181076e-16 1e-20
8139.089293 3.187386e-16 1e-20
8139.34051 3.201865e-16 1e-20
8139.591727 3.219241e-16 1e-20
8139.842944 3.235378e-16 1e-20
8140.094161 3.23481e-16 1e-20
8140.345378 3.20681e-16 1e-20
8140.596595 3.159733e-16 1e-20
8140.847812 3.102725e-16 1e-20
8141.099029 3.046774e-16 1e-20
8141.350245 3.01558e-16 1e-20
8141.601462 3.025959e-16 1e-20
8141.852679 3.064943e-16 1e-20
8142.103896 3.11636e-16 1e-20
8142.355113 3.1611e-16 1e-20
8142.60633 3.185092e-16 1e-20
8142.857547 3.188897e-16 1e-20
8143.108764 3.186069e-16 1e-20
8143.359981 3.186078e-16 1e-20
8143.611198 3.186212e-16 1e-20
8143.862415 3.181889e-16 1e-20
8144.113632 3.18298e-16 1e-20
8144.364849 3.197703e-16 1e-20
8144.616066 3.221932e-16 1e-20
8144.867283 3.247448e-16 1e-20
8145.1185 3.26544e-16 1e-20
8145.369716 3.257863e-16 1e-20
8145.620933 3.21507e-16 1e-20
8145.87215 3.156567e-16 1e-20
8146.123367 3.102854e-16 1e-20
8146.374584 3.069709e-16 1e-20
8146.625801 3.073277e-16 1e-20
8146.877018 3.09777e-16 1e-20
8147.128235 3.101264e-16 1e-20
8147.379452 3.062156e-16 1e-20
8147.630669 3.008443e-16 1e-20
8147.881886 2.964285e-16 1e-20
8148.133103 2.934901e-16 1e-20
8148.38432 2.932917e-16 1e-20
8148.635537 2.948728e-16 1e-20
8148.886754 2.955602e-16 1e-20
8149.137971 2.9459e-16 1e-20
8149.389187 2.955091e-16 1e-20
8149.640404 3.006742e-16 1e-20
8149.891621 3.06913e-16 1e-20
8150.142838 3.108928e-16 1e-20
8150.394055 3.126829e-16 1e-20
8150.645272 3.132627e-16 1e-20
8150.896489 3.130636e-16 1e-20
8151.147706 3.120094e-16 1e-20
8151.398923 3.105871e-16 1e-20
8151.65014 3.099325e-16 1e-20
8151.901357 3.10789e-16 1e-20
8152.152574 3.120211e-16 1e-20
8152.403791 3.126805e-16 1e-20
8152.655008 3.114185e-16 1e-20
8152.906225 3.071244e-16 1e-20
8153.157442 3.004015e-16 1e-20
8153.408658 2.941479e-16 1e-20
8153.659875 2.898603e-16 1e-20
8153.911092 2.864351e-16 1e-20
8154.162309 2.828155e-16 1e-20
8154.413526 2.810145e-16 1e-20
8154.664743 2.83711e-16 1e-20
8154.91596 2.903009e-16 1e-20
8155.167177 2.973972e-16 1e-20
8155.418394 3.027207e-16 1e-20
8155.669611 3.063287e-16 1e-20
8155.920828 3.079926e-16 1e-20
8156.172045 3.074864e-16 1e-20
8156.423262 3.056697e-16 1e-20
8156.674479 3.036907e-16 1e-20
8156.925696 3.011877e-16 1e-20
8157.176913 2.978744e-16 1e-20
8157.428129 2.938725e-16 1e-20
8157.679346 2.897548e-16 1e-20
8157.930563 2.867371e-16 1e-20
8158.18178 2.86822e-16 1e-20
8158.432997 2.888413e-16 1e-20
8158.684214 2.900168e-16 1e-20
8158.935431 2.90233e-16 1e-20
8159.186648 2.93123e-16 1e-20
8159.437865 2.999588e-16 1e-20
8159.689082 3.055362e-16 1e-20
8159.940299 3.051678e-16 1e-20
8160.191516 3.009891e-16 1e-20
8160.442733 2.964181e-16 1e-20
8160.69395 2.915013e-16 1e-20
8160.945167 2.843927e-16 1e-20
8161.196384 2.747368e-16 1e-20
8161.4476 2.637149e-16 1e-20
8161.698817 2.525682e-16 1e-20
8161.950034 2.444586e-16 1e-20
8162.201251 2.431286e-16 1e-20
8162.452468 2.486343e-16 1e-20
8162.703685 2.593949e-16 1e-20
8162.954902 2.711384e-16 1e-20
8163.206119 2.777881e-16 1e-20
8163.457336 2.758593e-16 1e-20
8163.708553 2.692943e-16 1e-20
8163.95977 2.623604e-16 1e-20
8164.210987 2.576653e-16 1e-20
8164.462204 2.574665e-16 1e-20
8164.713421 2.617528e-16 1e-20
8164.964638 2.689046e-16 1e-20
8165.215855 2.773214e-16 1e-20
8165.467071 2.853922e-16 1e-20
8165.718288 2.914451e-16 1e-20
8165.969505 2.946217e-16 1e-20
8166.220722 2.950723e-16 1e-20
8166.471939 2.939394e-16 1e-20
8166.723156 2.92277e-16 1e-20
8166.974373 2.910295e-16 1e-20
8167.22559 2.90994e-16 1e-20
8167.476807 2.917116e-16 1e-20
8167.728024 2.912747e-16 1e-20
8167.979241 2.892498e-16 1e-20
8168.230458 2.851723e-16 1e-20
8168.481675 2.781557e-16 1e-20
8168.732892 2.689061e-16 1e-20
8168.984109 2.604161e-16 1e-20
8169.235326 2.543462e-16 1e-20
8169.486542 2.503465e-16 1e-20
8169.737759 2.480289e-16 1e-20
8169.988976 2.480427e-16 1e-20
8170.240193 2.508634e-16 1e-20
8170.49141 2.578814e-16 1e-20
8170.742627 2.690763e-16 1e-20
8170.993844 2.819509e-16 1e-20
8171.245061 2.918017e-16 1e-20
8171.496278 2.957704e-16 1e-20
8171.747495 2.947845e-16 1e-20
8171.998712 2.91487e-16 1e-20
8172.249929 2.881353e-16 1e-20
8172.501146 2.864273e-16 1e-20
8172.752363 2.869629e-16 1e-20
8173.00358 2.906745e-16 1e-20
8173.254797 2.961975e-16 1e-20
8173.506014 2.983739e-16 1e-20
8173.75723 2.933089e-16 1e-20
8174.008447 2.852756e-16 1e-20
8174.259664 2.792741e-16 1e-20
8174.510881 2.761424e-16 1e-20
8174.762098 2.74292e-16 1e-20
8175.013315 2.723473e-16 1e-20
8175.264532 2.703377e-16 1e-20
8175.515749 2.682854e-16 1e-20
8175.766966 2.653203e-16 1e-20
8176.018183 2.598274e-16 1e-20
8176.2694 2.525303e-16 1e-20
8176.520617 2.457308e-16 1e-20
8176.771834 2.406538e-16 1e-20
8177.023051 2.373281e-16 1e-20
8177.274268 2.349233e-16 1e-20
8177.525485 2.342237e-16 1e-20
8177.776701 2.360926e-16 1e-20
8178.027918 2.399687e-16 1e-20
8178.279135 2.449456e-16 1e-20
8178.530352 2.500191e-16 1e-20
8178.781569 2.541125e-16 1e-20
8179.032786 2.571975e-16 1e-20
8179.284003 2.607454e-16 1e-20
8179.53522 2.655017e-16 1e-20
8179.786437 2.698853e-16 1e-20
8180.037654 2.723791e-16 1e-20
8180.288871 2.731162e-16 1e-20
8180.540088 2.728375e-16 1e-20
8180.791305 2.708928e-16 1e-20
8181.042522 2.656403e-16 1e-20
8181.293739 2.573256e-16 1e-20
8181.544956 2.500389e-16 1e-20
8181.796172 2.474567e-16 1e-20
8182.047389 2.484206e-16 1e-20
8182.298606 2.511841e-16 1e-20
8182.549823 2.546215e-16 1e-20
8182.80104 2.577505e-16 1e-20
8183.052257 2.605981e-16 1e-20
8183.303474 2.646471e-16 1e-20
8183.554691 2.703014e-16 1e-20
8183.805908 2.741675e-16 1e-20
8184.057125 2.731284e-16 1e-20
8184.308342 2.691865e-16 1e-20
8184.559559 2.660092e-16 1e-20
8184.810776 2.639743e-16 1e-20
8185.061993 2.604405e-16 1e-20
8185.31321 2.545563e-16 1e-20
8185.564427 2.49576e-16 1e-20
8185.815643 2.498561e-16 1e-20
8186.06686 2.557271e-16 1e-20
8186.318077 2.533686e-16 1e-20
8186.569294 2.510055e-16 1e-20
8186.820511 2.48647e-16 1e-20
8187.071728 2.462839e-16 1e-20
8187.322945 2.439254e-16 1e-20
8187.574162 2.415623e-16 1e-20
8187.825379 2.392038e-16 1e-20
8188.076596 2.368407e-16 1e-20
8188.327813 2.344821e-16 1e-20
8188.57903 2.321191e-16 1e-20
8188.830247 2.297605e-16 1e-20
8189.081464 2.273975e-16 1e-20
8189.332681 2.191159e-16 1e-20
8189.583898 2.231863e-16 1e-20
8189.835114 2.341116e-16 1e-20
8190.086331 2.429735e-16 1e-20
8190.337548 2.444869e-16 1e-20
8190.588765 2.419328e-16 1e-20
8190.839982 2.417974e-16 1e-20
8191.091199 2.451932e-16 1e-20
8191.342416 2.480694e-16 1e-20
8191.593633 2.476701e-16 1e-20
8191.84485 2.449216e-16 1e-20
8192.096067 2.408753e-16 1e-20
8192.347284 2.352871e-16 1e-20
8192.598501 2.275501e-16 1e-20
8192.849718 2.201786e-16 1e-20
8193.100935 2.175037e-16 1e-20
8193.352152 2.211594e-16 1e-20
8193.603369 2.283236e-16 1e-20
8193.854585 2.365821e-16 1e-20
8194.105802 2.438948e-16 1e-20
8194.357019 2.467578e-16 1e-20
8194.608236 2.455551e-16 1e-20
8194.859453 2.431747e-16 1e-20
8195.11067 2.419784e-16 1e-20
8195.361887 2.424791e-16 1e-20
8195.613104 2.441737e-16 1e-20
8195.864321 2.443373e-16 1e-20
8196.115538 2.404126e-16 1e-20
8196.366755 2.335488e-16 1e-20
8196.617972 2.256857e-16 1e-20
8196.869189 2.184894e-16 1e-20
8197.120406 2.135809e-16 1e-20
8197.371623 2.114987e-16 1e-20
8197.62284 2.103409e-16 1e-20
8197.874056 2.085392e-16 1e-20
8198.125273 2.078231e-16 1e-20
8198.37649 2.100121e-16 1e-20
8198.627707 2.144475e-16 1e-20
8198.878924 2.19772e-16 1e-20
8199.130141 2.249821e-16 1e-20
8199.381358 2.291616e-16 1e-20
8199.632575 2.309006e-16 1e-20
8199.883792 2.305291e-16 1e-20
8200.135009 2.294222e-16 1e-20
8200.386226 2.27815e-16 1e-20
8200.637443 2.253889e-16 1e-20
8200.88866 2.230776e-16 1e-20
8201.139877 2.227629e-16 1e-20
8201.391094 2.251526e-16 1e-20
8201.642311 2.286977e-16 1e-20
8201.893527 2.31839e-16 1e-20
8202.144744 2.336253e-16 1e-20
8202.395961 2.333081e-16 1e-20
8202.647178 2.317387e-16 1e-20
8202.898395 2.303576e-16 1e-20
8203.149612 2.296513e-16 1e-20
8203.400829 2.284738e-16 1e-20
8203.652046 2.261196e-16 1e-20
8203.903263 2.240718e-16 1e-20
8204.15448 2.242585e-16 1e-20
8204.405697 2.260153e-16 1e-20
8204.656914 2.278985e-16 1e-20
8204.908131 2.292605e-16 1e-20
8205.159348 2.3034e-16 1e-20
8205.410565 2.307789e-16 1e-20
8205.661782 2.308311e-16 1e-20
8205.912998 2.320554e-16 1e-20
8206.164215 2.289152e-16 1e-20
8206.415432 2.107203e-16 1e-20
8206.666649 2.109328e-16 1e-20
8206.917866 2.138107e-16 1e-20
8207.169083 2.166885e-16 1e-20
8207.4203 2.195663e-16 1e-20
8207.671517 2.224554e-16 1e-20
8207.922734 2.253332e-16 1e-20
8208.173951 2.28211e-16 1e-20
8208.425168 2.310889e-16 1e-20
8208.676385 2.339779e-16 1e-20
8208.927602 2.084038e-16 1e-20
8209.178819 2.118805e-16 1e-20
8209.430036 2.199621e-16 1e-20
8209.681253 2.293142e-16 1e-20
8209.932469 2.336941e-16 1e-20
8210.183686 2.327803e-16 1e-20
8210.434903 2.284488e-16 1e-20
8210.68612 2.228046e-16 1e-20
8210.937337 2.183745e-16 1e-20
8211.188554 2.16317e-16 1e-20
8211.439771 2.146183e-16 1e-20
8211.690988 2.117361e-16 1e-20
8211.942205 2.097835e-16 1e-20
8212.193422 2.11408e-16 1e-20
8212.444639 2.152862e-16 1e-20
8212.695856 2.178309e-16 1e-20
8212.947073 2.179225e-16 1e-20
8213.19829 2.164232e-16 1e-20
8213.449507 2.139231e-16 1e-20
8213.700724 2.106264e-16 1e-20
8213.95194 2.081079e-16 1e-20
8214.203157 2.071141e-16 1e-20
8214.454374 2.078541e-16 1e-20
8214.705591 2.093688e-16 1e-20
8214.956808 2.108384e-16 1e-20
8215.208025 2.120347e-16 1e-20
8215.459242 2.134832e-16 1e-20
8215.710459 2.154065e-16 1e-20
8215.961676 2.157772e-16 1e-20
8216.212893 2.125368e-16 1e-20
8216.46411 2.068025e-16 1e-20
8216.715327 2.014617e-16 1e-20
8216.966544 1.985126e-16 1e-20
8217.217761 1.97901e-16 1e-20
8217.468978 1.985373e-16 1e-20
8217.720195 1.980762e-16 1e-20
8217.971411 1.95892e-16 1e-20
8218.222628 1.941594e-16 1e-20
8218.473845 1.9508e-16 1e-20
8218.725062 1.973321e-16 1e-20
8218.976279 1.983097e-16 1e-20
8219.227496 1.969412e-16 1e-20
8219.478713 1.943683e-16 1e-20
8219.72993 1.916019e-16 1e-20
8219.981147 1.898486e-16 1e-20
8220.232364 1.903367e-16 1e-20
8220.483581 1.917571e-16 1e-20
8220.734798 1.919643e-16 1e-20
8220.986015 1.910448e-16 1e-20
8221.237232 1.905386e-16 1e-20
8221.488449 1.91298e-16 1e-20
8221.739666 1.931866e-16 1e-20
8221.990882 1.963832e-16 1e-20
8222.242099 1.996117e-16 1e-20
8222.493316 2.00774e-16 1e-20
8222.744533 1.993222e-16 1e-20
8222.99575 1.956592e-16 1e-20
8223.246967 1.913223e-16 1e-20
8223.498184 1.888342e-16 1e-20
8223.749401 1.898826e-16 1e-20
8224.000618 1.921333e-16 1e-20
8224.251835 1.928969e-16 1e-20
8224.503052 1.93028e-16 1e-20
8224.754269 1.945473e-16 1e-20
8225.005486 1.968145e-16 1e-20
8225.256703 1.969631e-16 1e-20
8225.50792 1.934189e-16 1e-20
8225.759137 1.878316e-16 1e-20
8226.010353 1.818429e-16 1e-20
8226.26157 1.756681e-16 1e-20
8226.512787 1.691537e-16 1e-20
8226.764004 1.63335e-16 1e-20
8227.015221 1.595515e-16 1e-20
8227.266438 1.575688e-16 1e-20
8227.517655 1.551451e-16 1e-20
8227.768872 1.513313e-16 1e-20
8228.020089 1.475021e-16 1e-20
8228.271306 1.450533e-16 1e-20
8228.522523 1.448518e-16 1e-20
8228.77374 1.47722e-16 1e-20
8229.024957 1.530651e-16 1e-20
8229.276174 1.591686e-16 1e-20
8229.527391 1.645553e-16 1e-20
8229.778608 1.692178e-16 1e-20
8230.029824 1.732566e-16 1e-20
8230.281041 1.755188e-16 1e-20
8230.532258 1.74251e-16 1e-20
8230.783475 1.70425e-16 1e-20
8231.034692 1.670207e-16 1e-20
8231.285909 1.659487e-16 1e-20
8231.537126 1.674258e-16 1e-20
8231.788343 1.716647e-16 1e-20
8232.03956 1.762821e-16 1e-20
8232.290777 1.776896e-16 1e-20
8232.541994 1.760692e-16 1e-20
8232.793211 1.73105e-16 1e-20
8233.044428 1.70902e-16 1e-20
8233.295645 1.711196e-16 1e-20
8233.546862 1.744739e-16 1e-20
8233.798079 1.788437e-16 1e-20
8234.049295 1.821762e-16 1e-20
8234.300512 1.83476e-16 1e-20
8234.551729 1.819213e-16 1e-20
8234.802946 1.785639e-16 1e-20
8235.054163 1.752007e-16 1e-20
8235.30538 1.729627e-16 1e-20
8235.556597 1.729906e-16 1e-20
8235.807814 1.765563e-16 1e-20
8236.059031 1.813929e-16 1e-20
8236.310248 1.832984e-16 1e-20
8236.561465 1.826483e-16 1e-20
8236.812682 1.81571e-16 1e-20
8237.063899 1.817114e-16 1e-20
8237.315116 1.837108e-16 1e-20
8237.566333 1.875292e-16 1e-20
8237.81755 1.896915e-16 1e-20
8238.068766 1.870989e-16 1e-20
8238.319983 1.821882e-16 1e-20
8238.5712 1.783742e-16 1e-20
8238.822417 1.774052e-16 1e-20
8239.073634 1.801412e-16 1e-20
8239.324851 1.854823e-16 1e-20
8239.576068 1.892684e-16 1e-20
8239.827285 1.884245e-16 1e-20
8240.078502 1.851879e-16 1e-20
8240.329719 1.816228e-16 1e-20
8240.580936 1.777252e-16 1e-20
8240.832153 1.737112e-16 1e-20
8241.08337 1.705527e-16 1e-20
8241.334587 1.693539e-16 1e-20
8241.585804 1.695878e-16 1e-20
8241.837021 1.695209e-16 1e-20
8242.088237 1.678845e-16 1e-20
8242.339454 1.65025e-16 1e-20
8242.590671 1.614869e-16 1e-20
8242.841888 1.576994e-16 1e-20
8243.093105 1.542239e-16 1e-20
8243.344322 1.515881e-16 1e-20
8243.595539 1.50391e-16 1e-20
8243.846756 1.512058e-16 1e-20
8244.097973 1.551466e-16 1e-20
8244.34919 1.630313e-16 1e-20
8244.600407 1.71464e-16 1e-20
8244.851624 1.753163e-16 1e-20
8245.102841 1.734458e-16 1e-20
8245.354058 1.695035e-16 1e-20
8245.605275 1.669374e-16 1e-20
8245.856492 1.662124e-16 1e-20
8246.107708 1.668052e-16 1e-20
8246.358925 1.679709e-16 1e-20
8246.610142 1.689291e-16 1e-20
8246.861359 1.698514e-16 1e-20
8247.112576 1.710309e-16 1e-20
8247.363793 1.722807e-16 1e-20
8247.61501 1.726953e-16 1e-20
8247.866227 1.716792e-16 1e-20
8248.117444 1.696247e-16 1e-20
8248.368661 1.669863e-16 1e-20
8248.619878 1.646462e-16 1e-20
8248.871095 1.63772e-16 1e-20
8249.122312 1.637566e-16 1e-20
8249.373529 1.625421e-16 1e-20
8249.624746 1.595874e-16 1e-20
8249.875963 1.586687e-16 1e-20
8250.127179 1.622661e-16 1e-20
8250.378396 1.677759e-16 1e-20
8250.629613 1.718188e-16 1e-20
8250.88083 1.732597e-16 1e-20
8251.132047 1.720855e-16 1e-20
8251.383264 1.689481e-16 1e-20
8251.634481 1.652887e-16 1e-20
8251.885698 1.62381e-16 1e-20
8252.136915 1.601241e-16 1e-20
8252.388132 1.583993e-16 1e-20
8252.639349 1.569359e-16 1e-20
8252.890566 1.552597e-16 1e-20
8253.141783 1.536364e-16 1e-20
8253.393 1.535231e-16 1e-20
8253.644217 1.555283e-16 1e-20
8253.895434 1.572909e-16 1e-20
8254.14665 1.564674e-16 1e-20
8254.397867 1.541458e-16 1e-20
8254.649084 1.516874e-16 1e-20
8254.900301 1.494706e-16 1e-20
8255.151518 1.476018e-16 1e-20
8255.402735 1.464469e-16 1e-20
8255.653952 1.450019e-16 1e-20
8255.905169 1.423224e-16 1e-20
8256.156386 1.391663e-16 1e-20
8256.407603 1.363938e-16 1e-20
8256.65882 1.353235e-16 1e-20
8256.910037 1.375348e-16 1e-20
8257.161254 1.426675e-16 1e-20
8257.412471 1.482e-16 1e-20
8257.663688 1.523013e-16 1e-20
8257.914905 1.545714e-16 1e-20
8258.166121 1.545308e-16 1e-20
8258.417338 1.528274e-16 1e-20
8258.668555 1.514225e-16 1e-20
8258.919772 1.512883e-16 1e-20
8259.170989 1.521982e-16 1e-20
8259.422206 1.533121e-16 1e-20
8259.673423 1.534143e-16 1e-20
8259.92464 1.518326e-16 1e-20
8260.175857 1.495024e-16 1e-20
8260.427074 1.475588e-16 1e-20
8260.678291 1.465631e-16 1e-20
8260.929508 1.468588e-16 1e-20
8261.180725 1.481993e-16 1e-20
8261.431942 1.498197e-16 1e-20
8261.683159 1.510375e-16 1e-20
8261.934376 1.519225e-16 1e-20
8262.185592 1.52584e-16 1e-20
8262.436809 1.51354e-16 1e-20
8262.688026 1.4634e-16 1e-20
8262.939243 1.395654e-16 1e-20
8263.19046 1.34996e-16 1e-20
8263.441677 1.346132e-16 1e-20
8263.692894 1.367533e-16 1e-20
8263.944111 1.399917e-16 1e-20
8264.195328 1.429053e-16 1e-20
8264.446545 1.444864e-16 1e-20
8264.697762 1.444585e-16 1e-20
8264.948979 1.426582e-16 1e-20
8265.200196 1.394176e-16 1e-20
8265.451413 1.369428e-16 1e-20
8265.70263 1.367773e-16 1e-20
8265.953847 1.363901e-16 1e-20
8266.205063 1.33172e-16 1e-20
8266.45628 1.302416e-16 1e-20
8266.707497 1.322642e-16 1e-20
8266.958714 1.376211e-16 1e-20
8267.209931 1.411148e-16 1e-20
8267.461148 1.402877e-16 1e-20
8267.712365 1.375683e-16 1e-20
8267.963582 1.347276e-16 1e-20
8268.214799 1.331285e-16 1e-20
8268.466016 1.341423e-16 1e-20
8268.717233 1.372481e-16 1e-20
8268.96845 1.412902e-16 1e-20
8269.219667 1.45566e-16 1e-20
8269.470884 1.493575e-16 1e-20
8269.722101 1.513276e-16 1e-20
8269.973318 1.49951e-16 1e-20
8270.224534 1.440014e-16 1e-20
8270.475751 1.366828e-16 1e-20
8270.726968 1.324101e-16 1e-20
8270.978185 1.315672e-16 1e-20
8271.229402 1.315496e-16 1e-20
8271.480619 1.309701e-16 1e-20
8271.731836 1.301964e-16 1e-20
8271.983053 1.292359e-16 1e-20
8272.23427 1.278441e-16 1e-20
8272.485487 1.261459e-16 1e-20
8272.736704 1.241692e-16 1e-20
8272.987921 1.220402e-16 1e-20
8273.239138 1.197443e-16 1e-20
8273.490355 1.169728e-16 1e-20
8273.741572 1.136584e-16 1e-20
8273.992789 1.110031e-16 1e-20
8274.244005 1.101468e-16 1e-20
8274.495222 1.113799e-16 1e-20
8274.746439 1.148735e-16 1e-20
8274.997656 1.190269e-16 1e-20
8275.248873 1.209079e-16 1e-20
8275.50009 1.193261e-16 1e-20
8275.751307 1.17184e-16 1e-20
8276.002524 1.170096e-16 1e-20
8276.253741 1.177909e-16 1e-20
8276.504958 1.18011e-16 1e-20
8276.756175 1.185317e-16 1e-20
8277.007392 1.214887e-16 1e-20
8277.258609 1.269233e-16 1e-20
8277.509826 1.317479e-16 1e-20
8277.761043 1.332558e-16 1e-20
8278.01226 1.316701e-16 1e-20
8278.263476 1.281389e-16 1e-20
8278.514693 1.244777e-16 1e-20
8278.76591 1.227425e-16 1e-20
8279.017127 1.225185e-16 1e-20
8279.268344 1.217622e-16 1e-20
8279.519561 1.193823e-16 1e-20
8279.770778 1.167117e-16 1e-20
8280.021995 1.147814e-16 1e-20
8280.273212 1.135533e-16 1e-20
8280.524429 1.12973e-16 1e-20
8280.775646 1.125378e-16 1e-20
8281.026863 1.110386e-16 1e-20
8281.27808 1.082242e-16 1e-20
8281.529297 1.061458e-16 1e-20
8281.780514 1.065366e-16 1e-20
8282.031731 1.084486e-16 1e-20
8282.282947 1.098716e-16 1e-20
8282.534164 1.113636e-16 1e-20
8282.785381 1.145118e-16 1e-20
8283.036598 1.191078e-16 1e-20
8283.287815 1.233169e-16 1e-20
8283.539032 1.255147e-16 1e-20
8283.790249 1.250535e-16 1e-20
8284.041466 1.216745e-16 1e-20
8284.292683 1.179808e-16 1e-20
8284.5439 1.168779e-16 1e-20
8284.795117 1.188221e-16 1e-20
8285.046334 1.228073e-16 1e-20
8285.297551 1.279308e-16 1e-20
8285.548768 1.330787e-16 1e-20
8285.799985 1.363464e-16 1e-20
8286.051202 1.30743e-16 1e-20
8286.302418 1.098666e-16 1e-20
8286.553635 8.424144e-17 1e-20
8286.804852 6.972493e-17 1e-20
8287.056069 6.771072e-17 1e-20
8287.307286 1.14622e-16 1e-20
8287.558503 1.144883e-16 1e-20
8287.80972 1.13217e-16 1e-20
8288.060937 1.110908e-16 1e-20
8288.312154 1.092563e-16 1e-20
8288.563371 1.086401e-16 1e-20
8288.814588 1.094424e-16 1e-20
8289.065805 1.118909e-16 1e-20
8289.317022 1.155446e-16 1e-20
8289.568239 1.189505e-16 1e-20
8289.819456 1.206879e-16 1e-20
8290.070673 1.207008e-16 1e-20
8290.321889 1.19345e-16 1e-20
8290.573106 1.170791e-16 1e-20
8290.824323 1.145517e-16 1e-20
8291.07554 1.124024e-16 1e-20
8291.326757 1.113391e-16 1e-20
8291.577974 1.120277e-16 1e-20
8291.829191 1.149917e-16 1e-20
8292.080408 1.189028e-16 1e-20
8292.331625 1.222272e-16 1e-20
8292.582842 1.237623e-16 1e-20
8292.834059 1.230917e-16 1e-20
8293.085276 1.198164e-16 1e-20
8293.336493 1.144866e-16 1e-20
8293.58771 1.080599e-16 1e-20
8293.838927 1.016327e-16 1e-20
8294.090144 9.698691e-17 1e-20
8294.341361 9.587018e-17 1e-20
8294.592577 9.869626e-17 1e-20
8294.843794 1.045407e-16 1e-20
8295.095011 1.124747e-16 1e-20
8295.346228 1.203994e-16 1e-20
8295.597445 1.260308e-16 1e-20
8295.848662 1.278633e-16 1e-20
8296.099879 1.264156e-16 1e-20
8296.351096 1.221809e-16 1e-20
8296.602313 1.165927e-16 1e-20
8296.85353 1.114892e-16 1e-20
8297.104747 1.085494e-16 1e-20
8297.355964 1.084423e-16 1e-20
8297.607181 1.117993e-16 1e-20
8297.858398 1.178306e-16 1e-20
8298.109615 1.240792e-16 1e-20
8298.360832 1.281547e-16 1e-20
8298.612048 1.295495e-16 1e-20
8298.863265 1.281604e-16 1e-20
8299.114482 1.243046e-16 1e-20
8299.365699 1.196089e-16 1e-20
8299.616916 1.160061e-16 1e-20
8299.868133 1.136171e-16 1e-20
8300.11935 1.114873e-16 1e-20
8300.370567 1.087989e-16 1e-20
8300.621784 1.066801e-16 1e-20
8300.873001 1.062786e-16 1e-20
8301.124218 1.080026e-16 1e-20
8301.375435 1.110641e-16 1e-20
8301.626652 1.147389e-16 1e-20
8301.877869 1.185958e-16 1e-20
8302.129086 1.222542e-16 1e-20
8302.380303 1.253391e-16 1e-20
8302.631519 1.275675e-16 1e-20
8302.882736 1.28703e-16 1e-20
8303.133953 1.287543e-16 1e-20
8303.38517 1.279323e-16 1e-20
8303.636387 1.265074e-16 1e-20
8303.887604 1.24575e-16 1e-20
8304.138821 1.222282e-16 1e-20
8304.390038 1.197229e-16 1e-20
8304.641255 1.176379e-16 1e-20
8304.892472 1.16485e-16 1e-20
8305.143689 1.163699e-16 1e-20
8305.394906 1.172377e-16 1e-20
8305.646123 1.18948e-16 1e-20
8305.89734 1.206575e-16 1e-20
8306.148557 1.213344e-16 1e-20
8306.399774 1.21128e-16 1e-20
8306.65099 1.213674e-16 1e-20
8306.902207 1.233424e-16 1e-20
8307.153424 1.257902e-16 1e-20
8307.404641 1.270905e-16 1e-20
8307.655858 1.263303e-16 1e-20
8307.907075 1.24599e-16 1e-20
8308.158292 1.229434e-16 1e-20
8308.409509 1.214865e-16 1e-20
8308.660726 1.199392e-16 1e-20
8308.911943 1.18134e-16 1e-20
8309.16316 1.170007e-16 1e-20
8309.414377 1.174717e-16 1e-20
8309.665594 1.195995e-16 1e-20
8309.916811 1.223008e-16 1e-20
8310.168028 1.245921e-16 1e-20
8310.419245 1.259801e-16 1e-20
8310.670461 1.260693e-16 1e-20
8310.921678 1.246922e-16 1e-20
8311.172895 1.224781e-16 1e-20
8311.424112 1.202028e-16 1e-20
8311.675329 1.180304e-16 1e-20
8311.926546 1.157451e-16 1e-20
8312.177763 1.131729e-16 1e-20
8312.42898 1.114255e-16 1e-20
8312.680197 1.11664e-16 1e-20
8312.931414 1.140866e-16 1e-20
8313.182631 1.172912e-16 1e-20
8313.433848 1.200376e-16 1e-20
8313.685065 1.216381e-16 1e-20
8313.936282 1.215658e-16 1e-20
8314.187499 1.196093e-16 1e-20
8314.438716 1.17209e-16 1e-20
8314.689932 1.159484e-16 1e-20
8314.941149 1.161324e-16 1e-20
8315.192366 1.170148e-16 1e-20
8315.443583 1.179251e-16 1e-20
8315.6948 1.188494e-16 1e-20
8315.946017 1.197849e-16 1e-20
8316.197234 1.206166e-16 1e-20
8316.448451 1.210156e-16 1e-20
8316.699668 1.206941e-16 1e-20
8316.950885 1.198018e-16 1e-20
8317.202102 1.186564e-16 1e-20
8317.453319 1.175627e-16 1e-20
8317.704536 1.16793e-16 1e-20
8317.955753 1.16666e-16 1e-20
8318.20697 1.171218e-16 1e-20
8318.458187 1.17706e-16 1e-20
8318.709403 1.179346e-16 1e-20
8318.96062 1.180725e-16 1e-20
8319.211837 1.185063e-16 1e-20
8319.463054 1.193492e-16 1e-20
8319.714271 1.198804e-16 1e-20
8319.965488 1.193865e-16 1e-20
8320.216705 1.180338e-16 1e-20
8320.467922 1.164323e-16 1e-20
8320.719139 1.151442e-16 1e-20
8320.970356 1.138238e-16 1e-20
8321.221573 1.120684e-16 1e-20
8321.47279 1.101393e-16 1e-20
8321.724007 1.091785e-16 1e-20
8321.975224 1.101419e-16 1e-20
8322.226441 1.12906e-16 1e-20
8322.477658 1.171415e-16 1e-20
8322.728874 1.222284e-16 1e-20
8322.980091 1.262482e-16 1e-20
8323.231308 1.269679e-16 1e-20
8323.482525 1.252498e-16 1e-20
8323.733742 1.238601e-16 1e-20
8323.984959 1.252637e-16 1e-20
8324.236176 1.278478e-16 1e-20
8324.487393 1.298695e-16 1e-20
8324.73861 1.301553e-16 1e-20
8324.989827 1.285756e-16 1e-20
8325.241044 1.245186e-16 1e-20
8325.492261 1.201238e-16 1e-20
8325.743478 1.183596e-16 1e-20
8325.994695 1.21217e-16 1e-20
8326.245912 1.250848e-16 1e-20
8326.497129 1.261837e-16 1e-20
8326.748345 1.241198e-16 1e-20
8326.999562 1.213135e-16 1e-20
8327.250779 1.198429e-16 1e-20
8327.501996 1.195626e-16 1e-20
8327.753213 1.201461e-16 1e-20
8328.00443 1.213926e-16 1e-20
8328.255647 1.234527e-16 1e-20
8328.506864 1.265564e-16 1e-20
8328.758081 1.294624e-16 1e-20
8329.009298 1.304104e-16 1e-20
8329.260515 1.281182e-16 1e-20
8329.511732 1.250245e-16 1e-20
8329.762949 1.238159e-16 1e-20
8330.014166 1.249782e-16 1e-20
8330.265383 1.265548e-16 1e-20
8330.5166 1.267888e-16 1e-20
8330.767816 1.26437e-16 1e-20
8331.019033 1.265747e-16 1e-20
8331.27025 1.278114e-16 1e-20
8331.521467 1.294454e-16 1e-20
8331.772684 1.309254e-16 1e-20
8332.023901 1.319556e-16 1e-20
8332.275118 1.323754e-16 1e-20
8332.526335 1.320474e-16 1e-20
8332.777552 1.314618e-16 1e-20
8333.028769 1.311478e-16 1e-20
8333.279986 1.313654e-16 1e-20
8333.531203 1.319775e-16 1e-20
8333.78242 1.329999e-16 1e-20
8334.033637 1.336844e-16 1e-20
8334.284854 1.330701e-16 1e-20
8334.536071 1.307273e-16 1e-20
8334.787287 1.285913e-16 1e-20
8335.038504 1.286924e-16 1e-20
8335.289721 1.307432e-16 1e-20
8335.540938 1.329774e-16 1e-20
8335.792155 1.339031e-16 1e-20
8336.043372 1.333573e-16 1e-20
8336.294589 1.311051e-16 1e-20
8336.545806 1.277456e-16 1e-20
8336.797023 1.254024e-16 1e-20
8337.04824 1.263291e-16 1e-20
8337.299457 1.293545e-16 1e-20
8337.550674 1.32279e-16 1e-20
8337.801891 1.33337e-16 1e-20
8338.053108 1.329949e-16 1e-20
8338.304325 1.315631e-16 1e-20
8338.555542 1.296189e-16 1e-20
8338.806758 1.279485e-16 1e-20
8339.057975 1.274303e-16 1e-20
8339.309192 1.276374e-16 1e-20
8339.560409 1.279088e-16 1e-20
8339.811626 1.280206e-16 1e-20
8340.062843 1.289442e-16 1e-20
8340.31406 1.316321e-16 1e-20
8340.565277 1.353411e-16 1e-20
8340.816494 1.386836e-16 1e-20
8341.067711 1.405232e-16 1e-20
8341.318928 1.412807e-16 1e-20
8341.570145 1.413485e-16 1e-20
8341.821362 1.411298e-16 1e-20
8342.072579 1.410044e-16 1e-20
8342.323796 1.414808e-16 1e-20
8342.575013 1.41965e-16 1e-20
8342.826229 1.416124e-16 1e-20
8343.077446 1.400422e-16 1e-20
8343.328663 1.385141e-16 1e-20
8343.57988 1.383583e-16 1e-20
8343.831097 1.389564e-16 1e-20
8344.082314 1.387492e-16 1e-20
8344.333531 1.364891e-16 1e-20
8344.584748 1.327396e-16 1e-20
8344.835965 1.280222e-16 1e-20
8345.087182 1.233725e-16 1e-20
8345.338399 1.204964e-16 1e-20
8345.589616 1.211551e-16 1e-20
8345.840833 1.243004e-16 1e-20
8346.09205 1.281701e-16 1e-20
8346.343267 1.312869e-16 1e-20
8346.594484 1.335597e-16 1e-20
8346.8457 1.347221e-16 1e-20
8347.096917 1.3498e-16 1e-20
8347.348134 1.348843e-16 1e-20
8347.599351 1.350546e-16 1e-20
8347.850568 1.351334e-16 1e-20
8348.101785 1.346753e-16 1e-20
8348.353002 1.337015e-16 1e-20
8348.604219 1.331311e-16 1e-20
8348.855436 1.337562e-16 1e-20
8349.106653 1.355085e-16 1e-20
8349.35787 1.380576e-16 1e-20
8349.609087 1.40994e-16 1e-20
8349.860304 1.431286e-16 1e-20
8350.111521 1.430815e-16 1e-20
8350.362738 1.411745e-16 1e-20
8350.613955 1.392278e-16 1e-20
8350.865171 1.390144e-16 1e-20
8351.116388 1.396311e-16 1e-20
8351.367605 1.39806e-16 1e-20
8351.618822 1.390475e-16 1e-20
8351.870039 1.389395e-16 1e-20
8352.121256 1.409657e-16 1e-20
8352.372473 1.443879e-16 1e-20
8352.62369 1.475991e-16 1e-20
8352.874907 1.492602e-16 1e-20
8353.126124 1.492217e-16 1e-20
8353.377341 1.472585e-16 1e-20
8353.628558 1.439502e-16 1e-20
8353.879775 1.407609e-16 1e-20
8354.130992 1.39186e-16 1e-20
8354.382209 1.39024e-16 1e-20
8354.633426 1.39672e-16 1e-20
8354.884642 1.407083e-16 1e-20
8355.135859 1.426809e-16 1e-20
8355.387076 1.462819e-16 1e-20
8355.638293 1.500348e-16 1e-20
8355.88951 1.514179e-16 1e-20
8356.140727 1.483647e-16 1e-20
8356.391944 1.432367e-16 1e-20
8356.643161 1.386312e-16 1e-20
8356.894378 1.36158e-16 1e-20
8357.145595 1.357623e-16 1e-20
8357.396812 1.376707e-16 1e-20
8357.648029 1.407613e-16 1e-20
8357.899246 1.434803e-16 1e-20
8358.150463 1.44628e-16 1e-20
8358.40168 1.449296e-16 1e-20
8358.652897 1.451502e-16 1e-20
8358.904113 1.453656e-16 1e-20
8359.15533 1.451833e-16 1e-20
8359.406547 1.443239e-16 1e-20
8359.657764 1.436724e-16 1e-20
8359.908981 1.441437e-16 1e-20
8360.160198 1.461197e-16 1e-20
8360.411415 1.489983e-16 1e-20
8360.662632 1.524235e-16 1e-20
8360.913849 1.55035e-16 1e-20
8361.165066 1.551926e-16 1e-20
8361.416283 1.518361e-16 1e-20
8361.6675 1.473293e-16 1e-20
8361.918717 1.441076e-16 1e-20
8362.169934 1.431739e-16 1e-20
8362.421151 1.441346e-16 1e-20
8362.672368 1.468123e-16 1e-20
8362.923584 1.498954e-16 1e-20
8363.174801 1.517183e-16 1e-20
8363.426018 1.5162e-16 1e-20
8363.677235 1.51802e-16 1e-20
8363.928452 1.54513e-16 1e-20
8364.179669 1.588385e-16 1e-20
8364.430886 1.62571e-16 1e-20
8364.682103 1.639e-16 1e-20
8364.93332 1.632114e-16 1e-20
8365.184537 1.608225e-16 1e-20
8365.435754 1.573927e-16 1e-20
8365.686971 1.539478e-16 1e-20
8365.938188 1.517251e-16 1e-20
8366.189405 1.499743e-16 1e-20
8366.440622 1.475133e-16 1e-20
8366.691839 1.438754e-16 1e-20
8366.943055 1.412706e-16 1e-20
8367.194272 1.417993e-16 1e-20
8367.445489 1.451929e-16 1e-20
8367.696706 1.498609e-16 1e-20
8367.947923 1.543835e-16 1e-20
8368.19914 1.574733e-16 1e-20
8368.450357 1.577236e-16 1e-20
8368.701574 1.550437e-16 1e-20
8368.952791 1.513926e-16 1e-20
8369.204008 1.487057e-16 1e-20
8369.455225 1.472864e-16 1e-20
8369.706442 1.470105e-16 1e-20
8369.957659 1.47703e-16 1e-20
8370.208876 1.491005e-16 1e-20
8370.460093 1.509281e-16 1e-20
8370.71131 1.524831e-16 1e-20
8370.962526 1.52813e-16 1e-20
8371.213743 1.510261e-16 1e-20
8371.46496 1.485008e-16 1e-20
8371.716177 1.469186e-16 1e-20
8371.967394 1.47029e-16 1e-20
8372.218611 1.475488e-16 1e-20
8372.469828 1.472988e-16 1e-20
8372.721045 1.465135e-16 1e-20
8372.972262 1.458567e-16 1e-20
8373.223479 1.458227e-16 1e-20
8373.474696 1.463148e-16 1e-20
8373.725913 1.472479e-16 1e-20
8373.97713 1.484197e-16 1e-20
8374.228347 1.495489e-16 1e-20
8374.479564 1.505054e-16 1e-20
8374.730781 1.502411e-16 1e-20
8374.981997 1.474847e-16 1e-20
8375.233214 1.422402e-16 1e-20
8375.484431 1.380419e-16 1e-20
8375.735648 1.385791e-16 1e-20
8375.986865 1.425377e-16 1e-20
8376.238082 1.464308e-16 1e-20
8376.489299 1.473228e-16 1e-20
8376.740516 1.458054e-16 1e-20
8376.991733 1.423769e-16 1e-20
8377.24295 1.380436e-16 1e-20
8377.494167 1.343507e-16 1e-20
8377.745384 1.329246e-16 1e-20
8377.996601 1.335599e-16 1e-20
8378.247818 1.356386e-16 1e-20
8378.499035 1.384445e-16 1e-20
8378.750252 1.411292e-16 1e-20
8379.001468 1.427189e-16 1e-20
8379.252685 1.430335e-16 1e-20
8379.503902 1.423927e-16 1e-20
8379.755119 1.41133e-16 1e-20
8380.006336 1.396919e-16 1e-20
8380.257553 1.386353e-16 1e-20
8380.50877 1.381452e-16 1e-20
8380.759987 1.37719e-16 1e-20
8381.011204 1.367639e-16 1e-20
8381.262421 1.360625e-16 1e-20
8381.513638 1.366878e-16 1e-20
8381.764855 1.392682e-16 1e-20
8382.016072 1.426722e-16 1e-20
8382.267289 1.458937e-16 1e-20
8382.518506 1.479396e-16 1e-20
8382.769723 1.479097e-16 1e-20
8383.020939 1.449648e-16 1e-20
8383.272156 1.404662e-16 1e-20
8383.523373 1.360981e-16 1e-20
8383.77459 1.329461e-16 1e-20
8384.025807 1.306565e-16 1e-20
8384.277024 1.289767e-16 1e-20
8384.528241 1.279153e-16 1e-20
8384.779458 1.275204e-16 1e-20
8385.030675 1.277398e-16 1e-20
8385.281892 1.281971e-16 1e-20
8385.533109 1.284356e-16 1e-20
8385.784326 1.285258e-16 1e-20
8386.035543 1.290517e-16 1e-20
8386.28676 1.305713e-16 1e-20
8386.537977 1.324276e-16 1e-20
8386.789194 1.338027e-16 1e-20
8387.04041 1.341867e-16 1e-20
8387.291627 1.339187e-16 1e-20
8387.542844 1.332801e-16 1e-20
8387.794061 1.324897e-16 1e-20
8388.045278 1.317434e-16 1e-20
8388.296495 1.31235e-16 1e-20
8388.547712 1.309596e-16 1e-20
8388.798929 1.309323e-16 1e-20
8389.050146 1.310246e-16 1e-20
8389.301363 1.309316e-16 1e-20
8389.55258 1.302814e-16 1e-20
8389.803797 1.297112e-16 1e-20
8390.055014 1.300303e-16 1e-20
8390.306231 1.316892e-16 1e-20
8390.557448 1.339407e-16 1e-20
8390.808665 1.361992e-16 1e-20
8391.059881 1.376652e-16 1e-20
8391.311098 1.374727e-16 1e-20
8391.562315 1.348824e-16 1e-20
8391.813532 1.314685e-16 1e-20
8392.064749 1.28976e-16 1e-20
8392.315966 1.283681e-16 1e-20
8392.567183 1.292155e-16 1e-20
8392.8184 1.313541e-16 1e-20
8393.069617 1.33484e-16 1e-20
8393.320834 1.339721e-16 1e-20
8393.572051 1.317327e-16 1e-20
8393.823268 1.285402e-16 1e-20
8394.074485 1.261991e-16 1e-20
8394.325702 1.253735e-16 1e-20
8394.576919 1.25779e-16 1e-20
8394.828136 1.272153e-16 1e-20
8395.079352 1.292721e-16 1e-20
8395.330569 1.314211e-16 1e-20
8395.581786 1.332095e-16 1e-20
8395.833003 1.344619e-16 1e-20
8396.08422 1.350387e-16 1e-20
8396.335437 1.348273e-16 1e-20
8396.586654 1.338027e-16 1e-20
8396.837871 1.320901e-16 1e-20
8397.089088 1.301614e-16 1e-20
8397.340305 1.283178e-16 1e-20
8397.591522 1.275306e-16 1e-20
8397.842739 1.293637e-16 1e-20
8398.093956 1.352531e-16 1e-20
8398.345173 1.429579e-16 1e-20
8398.59639 1.497096e-16 1e-20
8398.847607 1.53316e-16 1e-20
8399.098823 1.531846e-16 1e-20
8399.35004 1.483577e-16 1e-20
8399.601257 1.408376e-16 1e-20
8399.852474 1.340295e-16 1e-20
8400.103691 1.309514e-16 1e-20
8400.354908 1.302712e-16 1e-20
8400.606125 1.305653e-16 1e-20
8400.857342 1.307651e-16 1e-20
8401.108559 1.304151e-16 1e-20
8401.359776 1.286979e-16 1e-20
8401.610993 1.269815e-16 1e-20
8401.86221 1.271044e-16 1e-20
8402.113427 1.301877e-16 1e-20
8402.364644 1.346235e-16 1e-20
8402.615861 1.389572e-16 1e-20
8402.867078 1.421802e-16 1e-20
8403.118294 1.436297e-16 1e-20
8403.369511 1.427062e-16 1e-20
8403.620728 1.403417e-16 1e-20
8403.871945 1.376593e-16 1e-20
8404.123162 1.355553e-16 1e-20
8404.374379 1.343936e-16 1e-20
8404.625596 1.345954e-16 1e-20
8404.876813 1.358346e-16 1e-20
8405.12803 1.375368e-16 1e-20
8405.379247 1.390969e-16 1e-20
8405.630464 1.397564e-16 1e-20
8405.881681 1.386285e-16 1e-20
8406.132898 1.360899e-16 1e-20
8406.384115 1.335133e-16 1e-20
8406.635332 1.321562e-16 1e-20
8406.886549 1.318194e-16 1e-20
8407.137765 1.322239e-16 1e-20
8407.388982 1.328525e-16 1e-20
8407.640199 1.326427e-16 1e-20
8407.891416 1.304085e-16 1e-20
8408.142633 1.269533e-16 1e-20
8408.39385 1.23818e-16 1e-20
8408.645067 1.223242e-16 1e-20
8408.896284 1.226993e-16 1e-20
8409.147501 1.252207e-16 1e-20
8409.398718 1.293649e-16 1e-20
8409.649935 1.338042e-16 1e-20
8409.901152 1.372466e-16 1e-20
8410.152369 1.392232e-16 1e-20
8410.403586 1.394207e-16 1e-20
8410.654803 1.378912e-16 1e-20
8410.90602 1.356349e-16 1e-20
8411.157237 1.337534e-16 1e-20
8411.408453 1.325589e-16 1e-20
8411.65967 1.319367e-16 1e-20
8411.910887 1.317641e-16 1e-20
8412.162104 1.321888e-16 1e-20
8412.413321 1.334076e-16 1e-20
8412.664538 1.350328e-16 1e-20
8412.915755 1.35885e-16 1e-20
8413.166972 1.346693e-16 1e-20
8413.418189 1.328724e-16 1e-20
8413.669406 1.325902e-16 1e-20
8413.920623 1.350812e-16 1e-20
8414.17184 1.382602e-16 1e-20
8414.423057 1.402019e-16 1e-20
8414.674274 1.402213e-16 1e-20
8414.925491 1.384823e-16 1e-20
8415.176708 1.350942e-16 1e-20
8415.427924 1.315294e-16 1e-20
8415.679141 1.294722e-16 1e-20
8415.930358 1.297173e-16 1e-20
8416.181575 1.313568e-16 1e-20
8416.432792 1.335111e-16 1e-20
8416.684009 1.358317e-16 1e-20
8416.935226 1.381114e-16 1e-20
8417.186443 1.400457e-16 1e-20
8417.43766 1.406852e-16 1e-20
8417.688877 1.39004e-16 1e-20
8417.940094 1.35577e-16 1e-20
8418.191311 1.322874e-16 1e-20
8418.442528 1.309261e-16 1e-20
8418.693745 1.309124e-16 1e-20
8418.944962 1.313328e-16 1e-20
8419.196179 1.316827e-16 1e-20
8419.447395 1.326114e-16 1e-20
8419.698612 1.347541e-16 1e-20
8419.949829 1.370926e-16 1e-20
8420.201046 1.380364e-16 1e-20
8420.452263 1.363947e-16 1e-20
8420.70348 1.333559e-16 1e-20
8420.954697 1.301203e-16 1e-20
8421.205914 1.27615e-16 1e-20
8421.457131 1.263773e-16 1e-20
8421.708348 1.270473e-16 1e-20
8421.959565 1.288258e-16 1e-20
8422.210782 1.305857e-16 1e-20
8422.461999 1.315427e-16 1e-20
8422.713216 1.321881e-16 1e-20
8422.964433 1.329759e-16 1e-20
8423.21565 1.337598e-16 1e-20
8423.466866 1.341205e-16 1e-20
8423.718083 1.337595e-16 1e-20
8423.9693 1.330259e-16 1e-20
8424.220517 1.322847e-16 1e-20
8424.471734 1.31777e-16 1e-20
8424.722951 1.315478e-16 1e-20
8424.974168 1.317058e-16 1e-20
8425.225385 1.319702e-16 1e-20
8425.476602 1.31952e-16 1e-20
8425.727819 1.314258e-16 1e-20
8425.979036 1.309271e-16 1e-20
8426.230253 1.310104e-16 1e-20
8426.48147 1.316553e-16 1e-20
8426.732687 1.324609e-16 1e-20
8426.983904 1.330856e-16 1e-20
8427.235121 1.336259e-16 1e-20
8427.486337 1.341953e-16 1e-20
8427.737554 1.348931e-16 1e-20
8427.988771 1.357839e-16 1e-20
8428.239988 1.369411e-16 1e-20
8428.491205 1.38409e-16 1e-20
8428.742422 1.401872e-16 1e-20
8428.993639 1.422342e-16 1e-20
8429.244856 1.445672e-16 1e-20
8429.496073 1.472843e-16 1e-20
8429.74729 1.49852e-16 1e-20
8429.998507 1.512395e-16 1e-20
8430.249724 1.50535e-16 1e-20
8430.500941 1.484175e-16 1e-20
8430.752158 1.457515e-16 1e-20
8431.003375 1.433703e-16 1e-20
8431.254592 1.419792e-16 1e-20
8431.505808 1.424058e-16 1e-20
8431.757025 1.440369e-16 1e-20
8432.008242 1.456786e-16 1e-20
8432.259459 1.462911e-16 1e-20
8432.510676 1.456222e-16 1e-20
8432.761893 1.432892e-16 1e-20
8433.01311 1.399655e-16 1e-20
8433.264327 1.374789e-16 1e-20
8433.515544 1.376298e-16 1e-20
8433.766761 1.396152e-16 1e-20
8434.017978 1.421491e-16 1e-20
8434.269195 1.44204e-16 1e-20
8434.520412 1.457249e-16 1e-20
8434.771629 1.465216e-16 1e-20
8435.022846 1.466122e-16 1e-20
8435.274063 1.46163e-16 1e-20
8435.525279 1.453955e-16 1e-20
8435.776496 1.445568e-16 1e-20
8436.027713 1.439137e-16 1e-20
8436.27893 1.436244e-16 1e-20
8436.530147 1.436737e-16 1e-20
8436.781364 1.440333e-16 1e-20
8437.032581 1.445785e-16 1e-20
8437.283798 1.451598e-16 1e-20
8437.535015 1.456215e-16 1e-20
8437.786232 1.457449e-16 1e-20
8438.037449 1.452365e-16 1e-20
8438.288666 1.443724e-16 1e-20
8438.539883 1.438078e-16 1e-20
8438.7911 1.441537e-16 1e-20
8439.042317 1.446795e-16 1e-20
8439.293534 1.445623e-16 1e-20
8439.54475 1.434359e-16 1e-20
8439.795967 1.418261e-16 1e-20
8440.047184 1.400706e-16 1e-20
8440.298401 1.389011e-16 1e-20
8440.549618 1.391659e-16 1e-20
8440.800835 1.413943e-16 1e-20
8441.052052 1.440999e-16 1e-20
8441.303269 1.456915e-16 1e-20
8441.554486 1.458145e-16 1e-20
8441.805703 1.452678e-16 1e-20
8442.05692 1.447283e-16 1e-20
8442.308137 1.442849e-16 1e-20
8442.559354 1.440389e-16 1e-20
8442.810571 1.439879e-16 1e-20
8443.061788 1.437774e-16 1e-20
8443.313005 1.429885e-16 1e-20
8443.564221 1.419488e-16 1e-20
8443.815438 1.412706e-16 1e-20
8444.066655 1.414363e-16 1e-20
8444.317872 1.423456e-16 1e-20
8444.569089 1.439544e-16 1e-20
8444.820306 1.457983e-16 1e-20
8445.071523 1.469526e-16 1e-20
8445.32274 1.464972e-16 1e-20
8445.573957 1.450169e-16 1e-20
8445.825174 1.433853e-16 1e-20
8446.076391 1.422948e-16 1e-20
8446.327608 1.417797e-16 1e-20
8446.578825 1.419658e-16 1e-20
8446.830042 1.426056e-16 1e-20
8447.081259 1.43233e-16 1e-20
8447.332476 1.433866e-16 1e-20
8447.583692 1.430204e-16 1e-20
8447.834909 1.421723e-16 1e-20
8448.086126 1.408015e-16 1e-20
8448.337343 1.387041e-16 1e-20
8448.58856 1.356468e-16 1e-20
8448.839777 1.326576e-16 1e-20
8449.090994 1.310451e-16 1e-20
8449.342211 1.317167e-16 1e-20
8449.593428 1.339749e-16 1e-20
8449.844645 1.371892e-16 1e-20
8450.095862 1.406257e-16 1e-20
8450.347079 1.435051e-16 1e-20
8450.598296 1.449981e-16 1e-20
8450.849513 1.460023e-16 1e-20
8451.10073 1.476476e-16 1e-20
8451.351947 1.502391e-16 1e-20
8451.603163 1.523357e-16 1e-20
8451.85438 1.527461e-16 1e-20
8452.105597 1.512292e-16 1e-20
8452.356814 1.478787e-16 1e-20
8452.608031 1.430117e-16 1e-20
8452.859248 1.386288e-16 1e-20
8453.110465 1.368756e-16 1e-20
8453.361682 1.381023e-16 1e-20
8453.612899 1.409185e-16 1e-20
8453.864116 1.440016e-16 1e-20
8454.115333 1.468967e-16 1e-20
8454.36655 1.492353e-16 1e-20
8454.617767 1.506326e-16 1e-20
8454.868984 1.506081e-16 1e-20
8455.120201 1.486153e-16 1e-20
8455.371418 1.457329e-16 1e-20
8455.622634 1.437321e-16 1e-20
8455.873851 1.440988e-16 1e-20
8456.125068 1.456471e-16 1e-20
8456.376285 1.470816e-16 1e-20
8456.627502 1.478875e-16 1e-20
8456.878719 1.485757e-16 1e-20
8457.129936 1.494176e-16 1e-20
8457.381153 1.50675e-16 1e-20
8457.63237 1.526791e-16 1e-20
8457.883587 1.554021e-16 1e-20
8458.134804 1.573602e-16 1e-20
8458.386021 1.570166e-16 1e-20
8458.637238 1.547551e-16 1e-20
8458.888455 1.520427e-16 1e-20
8459.139672 1.50166e-16 1e-20
8459.390889 1.495446e-16 1e-20
8459.642105 1.506575e-16 1e-20
8459.893322 1.53212e-16 1e-20
8460.144539 1.557073e-16 1e-20
8460.395756 1.565916e-16 1e-20
8460.646973 1.561819e-16 1e-20
8460.89819 1.553117e-16 1e-20
8461.149407 1.546601e-16 1e-20
8461.400624 1.539914e-16 1e-20
8461.651841 1.53073e-16 1e-20
8461.903058 1.523114e-16 1e-20
8462.154275 1.525335e-16 1e-20
8462.405492 1.544287e-16 1e-20
8462.656709 1.571162e-16 1e-20
8462.907926 1.596394e-16 1e-20
8463.159143 1.612122e-16 1e-20
8463.41036 1.613772e-16 1e-20
8463.661576 1.593709e-16 1e-20
8463.912793 1.570162e-16 1e-20
8464.16401 1.569713e-16 1e-20
8464.415227 1.61191e-16 1e-20
8464.666444 1.674301e-16 1e-20
8464.917661 1.734602e-16 1e-20
8465.168878 1.777334e-16 1e-20
8465.420095 1.795006e-16 1e-20
8465.671312 1.77876e-16 1e-20
8465.922529 1.74168e-16 1e-20
8466.173746 1.701755e-16 1e-20
8466.424963 1.67125e-16 1e-20
8466.67618 1.643224e-16 1e-20
8466.927397 1.611424e-16 1e-20
8467.178614 1.580463e-16 1e-20
8467.429831 1.559229e-16 1e-20
8467.681047 1.55434e-16 1e-20
8467.932264 1.561028e-16 1e-20
8468.183481 1.574073e-16 1e-20
8468.434698 1.589981e-16 1e-20
8468.685915 1.607825e-16 1e-20
8468.937132 1.625496e-16 1e-20
8469.188349 1.644953e-16 1e-20
8469.439566 1.669267e-16 1e-20
8469.690783 1.699002e-16 1e-20
8469.942 1.724556e-16 1e-20
8470.193217 1.735842e-16 1e-20
8470.444434 1.734161e-16 1e-20
8470.695651 1.727668e-16 1e-20
8470.946868 1.723939e-16 1e-20
8471.198085 1.716431e-16 1e-20
8471.449302 1.69813e-16 1e-20
8471.700518 1.668887e-16 1e-20
8471.951735 1.639755e-16 1e-20
8472.202952 1.61935e-16 1e-20
8472.454169 1.614152e-16 1e-20
8472.705386 1.630018e-16 1e-20
8472.956603 1.668077e-16 1e-20
8473.20782 1.704387e-16 1e-20
8473.459037 1.713265e-16 1e-20
8473.710254 1.694615e-16 1e-20
8473.961471 1.668203e-16 1e-20
8474.212688 1.651499e-16 1e-20
8474.463905 1.648577e-16 1e-20
8474.715122 1.663386e-16 1e-20
8474.966339 1.69438e-16 1e-20
8475.217556 1.728025e-16 1e-20
8475.468773 1.748725e-16 1e-20
8475.719989 1.759775e-16 1e-20
8475.971206 1.771514e-16 1e-20
8476.222423 1.791425e-16 1e-20
8476.47364 1.802116e-16 1e-20
8476.724857 1.78508e-16 1e-20
8476.976074 1.743565e-16 1e-20
8477.227291 1.70269e-16 1e-20
8477.478508 1.686203e-16 1e-20
8477.729725 1.684735e-16 1e-20
8477.980942 1.683818e-16 1e-20
8478.232159 1.675726e-16 1e-20
8478.483376 1.673506e-16 1e-20
8478.734593 1.688904e-16 1e-20
8478.98581 1.717466e-16 1e-20
8479.237027 1.74727e-16 1e-20
8479.488244 1.768112e-16 1e-20
8479.73946 1.783381e-16 1e-20
8479.990677 1.797222e-16 1e-20
8480.241894 1.809368e-16 1e-20
8480.493111 1.813506e-16 1e-20
8480.744328 1.804208e-16 1e-20
8480.995545 1.788119e-16 1e-20
8481.246762 1.773996e-16 1e-20
8481.497979 1.768598e-16 1e-20
8481.749196 1.77301e-16 1e-20
8482.000413 1.790554e-16 1e-20
8482.25163 1.811623e-16 1e-20
8482.502847 1.819263e-16 1e-20
8482.754064 1.798373e-16 1e-20
8483.005281 1.766459e-16 1e-20
8483.256498 1.743304e-16 1e-20
8483.507715 1.739509e-16 1e-20
8483.758931 1.748798e-16 1e-20
8484.010148 1.767646e-16 1e-20
8484.261365 1.786893e-16 1e-20
8484.512582 1.795416e-16 1e-20
8484.763799 1.785499e-16 1e-20
8485.015016 1.769159e-16 1e-20
8485.266233 1.758921e-16 1e-20
8485.51745 1.758517e-16 1e-20
8485.768667 1.764271e-16 1e-20
8486.019884 1.773157e-16 1e-20
8486.271101 1.784648e-16 1e-20
8486.522318 1.798429e-16 1e-20
8486.773535 1.812281e-16 1e-20
8487.024752 1.819622e-16 1e-20
8487.275969 1.812449e-16 1e-20
8487.527186 1.799902e-16 1e-20
8487.778402 1.79729e-16 1e-20
8488.029619 1.816061e-16 1e-20
8488.280836 1.8394e-16 1e-20
8488.532053 1.850245e-16 1e-20
8488.78327 1.842856e-16 1e-20
8489.034487 1.823924e-16 1e-20
8489.285704 1.79824e-16 1e-20
8489.536921 1.77471e-16 1e-20
8489.788138 1.763666e-16 1e-20
8490.039355 1.770256e-16 1e-20
8490.290572 1.783266e-16 1e-20
8490.541789 1.791007e-16 1e-20
8490.793006 1.793803e-16 1e-20
8491.044223 1.797612e-16 1e-20
8491.29544 1.806974e-16 1e-20
8491.546657 1.819594e-16 1e-20
8491.797873 1.833631e-16 1e-20
8492.04909 1.846396e-16 1e-20
8492.300307 1.854128e-16 1e-20
8492.551524 1.853028e-16 1e-20
8492.802741 1.845702e-16 1e-20
8493.053958 1.836198e-16 1e-20
8493.305175 1.828236e-16 1e-20
8493.556392 1.824335e-16 1e-20
8493.807609 1.827717e-16 1e-20
8494.058826 1.83604e-16 1e-20
8494.310043 1.843537e-16 1e-20
8494.56126 1.845041e-16 1e-20
8494.812477 1.841764e-16 1e-20
8495.063694 1.834855e-16 1e-20
8495.314911 1.827182e-16 1e-20
8495.566128 1.824654e-16 1e-20
8495.817344 1.834621e-16 1e-20
8496.068561 1.849397e-16 1e-20
8496.319778 1.856528e-16 1e-20
8496.570995 1.847552e-16 1e-20
8496.822212 1.839524e-16 1e-20
8497.073429 1.850969e-16 1e-20
8497.324646 1.877778e-16 1e-20
8497.575863 1.897623e-16 1e-20
8497.82708 1.891551e-16 1e-20
8498.078297 1.865444e-16 1e-20
8498.329514 1.826966e-16 1e-20
8498.580731 1.787504e-16 1e-20
8498.831948 1.766861e-16 1e-20
8499.083165 1.786259e-16 1e-20
8499.334382 1.836727e-16 1e-20
8499.585599 1.897192e-16 1e-20
8499.836815 1.94843e-16 1e-20
8500.088032 1.982495e-16 1e-20
8500.339249 1.989828e-16 1e-20
8500.590466 1.973066e-16 1e-20
8500.841683 1.947982e-16 1e-20
8501.0929 1.930795e-16 1e-20
8501.344117 1.920297e-16 1e-20
8501.595334 1.912512e-16 1e-20
8501.846551 1.904961e-16 1e-20
8502.097768 1.900546e-16 1e-20
8502.348985 1.901464e-16 1e-20
8502.600202 1.904902e-16 1e-20
8502.851419 1.905908e-16 1e-20
8503.102636 1.900724e-16 1e-20
8503.353853 1.890914e-16 1e-20
8503.60507 1.877379e-16 1e-20
8503.856286 1.865749e-16 1e-20
8504.107503 1.86804e-16 1e-20
8504.35872 1.896184e-16 1e-20
8504.609937 1.939965e-16 1e-20
8504.861154 1.984098e-16 1e-20
8505.112371 2.015808e-16 1e-20
8505.363588 2.032049e-16 1e-20
8505.614805 2.028198e-16 1e-20
8505.866022 2.01018e-16 1e-20
8506.117239 1.990851e-16 1e-20
8506.368456 1.98275e-16 1e-20
8506.619673 1.983024e-16 1e-20
8506.87089 1.987428e-16 1e-20
8507.122107 1.993934e-16 1e-20
8507.373324 2.005368e-16 1e-20
8507.624541 2.023331e-16 1e-20
8507.875757 2.04518e-16 1e-20
8508.126974 2.067012e-16 1e-20
8508.378191 2.085145e-16 1e-20
8508.629408 2.09611e-16 1e-20
8508.880625 2.096886e-16 1e-20
8509.131842 2.086869e-16 1e-20
8509.383059 2.067663e-16 1e-20
8509.634276 2.040847e-16 1e-20
8509.885493 2.015854e-16 1e-20
8510.13671 2.003154e-16 1e-20
8510.387927 2.007864e-16 1e-20
8510.639144 2.022331e-16 1e-20
8510.890361 2.039838e-16 1e-20
8511.141578 2.055166e-16 1e-20
8511.392795 2.063511e-16 1e-20
8511.644012 2.061037e-16 1e-20
8511.895228 2.059307e-16 1e-20
8512.146445 2.071709e-16 1e-20
8512.397662 2.097298e-16 1e-20
8512.648879 2.118799e-16 1e-20
8512.900096 2.12086e-16 1e-20
8513.151313 2.107224e-16 1e-20
8513.40253 2.084549e-16 1e-20
8513.653747 2.060005e-16 1e-20
8513.904964 2.04263e-16 1e-20
8514.156181 2.04361e-16 1e-20
8514.407398 2.058742e-16 1e-20
8514.658615 2.075539e-16 1e-20
8514.909832 2.082598e-16 1e-20
8515.161049 2.089813e-16 1e-20
8515.412266 2.107774e-16 1e-20
8515.663483 2.137692e-16 1e-20
8515.914699 2.166903e-16 1e-20
8516.165916 2.185285e-16 1e-20
8516.417133 2.187158e-16 1e-20
8516.66835 2.168049e-16 1e-20
8516.919567 2.127745e-16 1e-20
8517.170784 2.083768e-16 1e-20
8517.422001 2.055015e-16 1e-20
8517.673218 2.044911e-16 1e-20
8517.924435 2.045906e-16 1e-20
8518.175652 2.051051e-16 1e-20
8518.426869 2.062206e-16 1e-20
8518.678086 2.080795e-16 1e-20
8518.929303 2.105901e-16 1e-20
8519.18052 2.132957e-16 1e-20
8519.431737 2.15854e-16 1e-20
8519.682954 2.17756e-16 1e-20
8519.93417 2.184618e-16 1e-20
8520.185387 2.176635e-16 1e-20
8520.436604 2.164231e-16 1e-20
8520.687821 2.159475e-16 1e-20
8520.939038 2.163183e-16 1e-20
8521.190255 2.165992e-16 1e-20
8521.441472 2.159406e-16 1e-20
8521.692689 2.150151e-16 1e-20
8521.943906 2.146572e-16 1e-20
8522.195123 2.153053e-16 1e-20
8522.44634 2.164076e-16 1e-20
8522.697557 2.174744e-16 1e-20
8522.948774 2.18466e-16 1e-20
8523.199991 2.195017e-16 1e-20
8523.451208 2.20641e-16 1e-20
8523.702425 2.220169e-16 1e-20
8523.953641 2.238575e-16 1e-20
8524.204858 2.258564e-16 1e-20
8524.456075 2.270952e-16 1e-20
8524.707292 2.266957e-16 1e-20
8524.958509 2.253357e-16 1e-20
8525.209726 2.239944e-16 1e-20
8525.460943 2.234081e-16 1e-20
8525.71216 2.234273e-16 1e-20
8525.963377 2.238989e-16 1e-20
8526.214594 2.249341e-16 1e-20
8526.465811 2.267533e-16 1e-20
8526.717028 2.294737e-16 1e-20
8526.968245 2.320195e-16 1e-20
8527.219462 2.331781e-16 1e-20
8527.470679 2.326482e-16 1e-20
8527.721896 2.315681e-16 1e-20
8527.973113 2.311359e-16 1e-20
8528.224329 2.307266e-16 1e-20
8528.475546 2.292974e-16 1e-20
8528.726763 2.263377e-16 1e-20
8528.97798 2.236931e-16 1e-20
8529.229197 2.23168e-16 1e-20
8529.480414 2.248916e-16 1e-20
8529.731631 2.277916e-16 1e-20
8529.982848 2.309353e-16 1e-20
8530.234065 2.335366e-16 1e-20
8530.485282 2.347112e-16 1e-20
8530.736499 2.342722e-16 1e-20
8530.987716 2.334509e-16 1e-20
8531.238933 2.334941e-16 1e-20
8531.49015 2.343017e-16 1e-20
8531.741367 2.353395e-16 1e-20
8531.992584 2.361533e-16 1e-20
8532.2438 2.366158e-16 1e-20
8532.495017 2.365704e-16 1e-20
8532.746234 2.359407e-16 1e-20
8532.997451 2.34746e-16 1e-20
8533.248668 2.330272e-16 1e-20
8533.499885 2.313546e-16 1e-20
8533.751102 2.303618e-16 1e-20
8534.002319 2.304725e-16 1e-20
8534.253536 2.31587e-16 1e-20
8534.504753 2.336153e-16 1e-20
8534.75597 2.361752e-16 1e-20
8535.007187 2.387598e-16 1e-20
8535.258404 2.408986e-16 1e-20
8535.509621 2.422416e-16 1e-20
8535.760838 2.42395e-16 1e-20
8536.012055 2.416001e-16 1e-20
8536.263271 2.408435e-16 1e-20
8536.514488 2.41117e-16 1e-20
8536.765705 2.419929e-16 1e-20
8537.016922 2.428034e-16 1e-20
8537.268139 2.430611e-16 1e-20
8537.519356 2.428406e-16 1e-20
8537.770573 2.4201e-16 1e-20
8538.02179 2.412124e-16 1e-20
8538.273007 2.414931e-16 1e-20
8538.524224 2.437571e-16 1e-20
8538.775441 2.465892e-16 1e-20
8539.026658 2.484132e-16 1e-20
8539.277875 2.485611e-16 1e-20
8539.529092 2.478784e-16 1e-20
8539.780309 2.470601e-16 1e-20
8540.031526 2.465135e-16 1e-20
8540.282742 2.466043e-16 1e-20
8540.533959 2.476075e-16 1e-20
8540.785176 2.492812e-16 1e-20
8541.036393 2.512659e-16 1e-20
8541.28761 2.534526e-16 1e-20
8541.538827 2.559209e-16 1e-20
8541.790044 2.587437e-16 1e-20
8542.041261 2.60718e-16 1e-20
8542.292478 2.605438e-16 1e-20
8542.543695 2.578283e-16 1e-20
8542.794912 2.540101e-16 1e-20
8543.046129 2.505035e-16 1e-20
8543.297346 2.477965e-16 1e-20
8543.548563 2.460323e-16 1e-20
8543.79978 2.45367e-16 1e-20
8544.050997 2.464428e-16 1e-20
8544.302213 2.498769e-16 1e-20
8544.55343 2.55032e-16 1e-20
8544.804647 2.601264e-16 1e-20
8545.055864 2.635074e-16 1e-20
8545.307081 2.649951e-16 1e-20
8545.558298 2.646391e-16 1e-20
8545.809515 2.627886e-16 1e-20
8546.060732 2.6044e-16 1e-20
8546.311949 2.587308e-16 1e-20
8546.563166 2.578835e-16 1e-20
8546.814383 2.576747e-16 1e-20
8547.0656 2.578908e-16 1e-20
8547.316817 2.587347e-16 1e-20
8547.568034 2.603597e-16 1e-20
8547.819251 2.625722e-16 1e-20
8548.070468 2.647729e-16 1e-20
8548.321684 2.663793e-16 1e-20
8548.572901 2.673522e-16 1e-20
8548.824118 2.678174e-16 1e-20
8549.075335 2.678483e-16 1e-20
8549.326552 2.670839e-16 1e-20
8549.577769 2.6507e-16 1e-20
8549.828986 2.626664e-16 1e-20
8550.080203 2.614255e-16 1e-20
8550.33142 2.62645e-16 1e-20
8550.582637 2.653541e-16 1e-20
8550.833854 2.685388e-16 1e-20
8551.085071 2.711051e-16 1e-20
8551.336288 2.718959e-16 1e-20
8551.587505 2.694277e-16 1e-20
8551.838722 2.657452e-16 1e-20
8552.089939 2.63885e-16 1e-20
8552.341155 2.659178e-16 1e-20
8552.592372 2.68874e-16 1e-20
8552.843589 2.697246e-16 1e-20
8553.094806 2.682098e-16 1e-20
8553.346023 2.661984e-16 1e-20
8553.59724 2.652985e-16 1e-20
8553.848457 2.650861e-16 1e-20
8554.099674 2.649841e-16 1e-20
8554.350891 2.648868e-16 1e-20
8554.602108 2.65719e-16 1e-20
8554.853325 2.683115e-16 1e-20
8555.104542 2.720264e-16 1e-20
8555.355759 2.757307e-16 1e-20
8555.606976 2.784591e-16 1e-20
8555.858193 2.799099e-16 1e-20
8556.10941 2.796928e-16 1e-20
8556.360626 2.782704e-16 1e-20
8556.611843 2.769197e-16 1e-20
8556.86306 2.768897e-16 1e-20
8557.114277 2.779354e-16 1e-20
8557.365494 2.795651e-16 1e-20
8557.616711 2.813297e-16 1e-20
8557.867928 2.830345e-16 1e-20
8558.119145 2.844443e-16 1e-20
8558.370362 2.851851e-16 1e-20
8558.621579 2.848854e-16 1e-20
8558.872796 2.833318e-16 1e-20
8559.124013 2.809643e-16 1e-20
8559.37523 2.781758e-16 1e-20
8559.626447 2.757619e-16 1e-20
8559.877664 2.749786e-16 1e-20
8560.128881 2.770718e-16 1e-20
8560.380097 2.807982e-16 1e-20
8560.631314 2.844022e-16 1e-20
8560.882531 2.864544e-16 1e-20
8561.133748 2.866743e-16 1e-20
8561.384965 2.845246e-16 1e-20
8561.636182 2.810719e-16 1e-20
8561.887399 2.783163e-16 1e-20
8562.138616 2.780823e-16 1e-20
8562.389833 2.794041e-16 1e-20
8562.64105 2.811721e-16 1e-20
8562.892267 2.824747e-16 1e-20
8563.143484 2.828403e-16 1e-20
8563.394701 2.815776e-16 1e-20
8563.645918 2.795858e-16 1e-20
8563.897135 2.782341e-16 1e-20
8564.148352 2.785758e-16 1e-20
8564.399568 2.799655e-16 1e-20
8564.650785 2.817966e-16 1e-20
8564.902002 2.837165e-16 1e-20
8565.153219 2.855802e-16 1e-20
8565.404436 2.871434e-16 1e-20
8565.655653 2.885954e-16 1e-20
8565.90687 2.902351e-16 1e-20
8566.158087 2.920326e-16 1e-20
8566.409304 2.931543e-16 1e-20
8566.660521 2.927864e-16 1e-20
8566.911738 2.913438e-16 1e-20
8567.162955 2.896889e-16 1e-20
8567.414172 2.885607e-16 1e-20
8567.665389 2.880439e-16 1e-20
8567.916606 2.882345e-16 1e-20
8568.167823 2.889818e-16 1e-20
8568.419039 2.899002e-16 1e-20
8568.670256 2.906642e-16 1e-20
8568.921473 2.906304e-16 1e-20
8569.17269 2.89071e-16 1e-20
8569.423907 2.858758e-16 1e-20
8569.675124 2.827781e-16 1e-20
8569.926341 2.816675e-16 1e-20
8570.177558 2.820458e-16 1e-20
8570.428775 2.82283e-16 1e-20
8570.679992 2.810297e-16 1e-20
8570.931209 2.7954e-16 1e-20
8571.182426 2.790647e-16 1e-20
8571.433643 2.801248e-16 1e-20
8571.68486 2.822293e-16 1e-20
8571.936077 2.851268e-16 1e-20
8572.187294 2.877139e-16 1e-20
8572.43851 2.886906e-16 1e-20
8572.689727 2.873591e-16 1e-20
8572.940944 2.853625e-16 1e-20
8573.192161 2.842202e-16 1e-20
8573.443378 2.846462e-16 1e-20
8573.694595 2.867995e-16 1e-20
8573.945812 2.908705e-16 1e-20
8574.197029 2.944963e-16 1e-20
8574.448246 2.949927e-16 1e-20
8574.699463 2.915659e-16 1e-20
8574.95068 2.868419e-16 1e-20
8575.201897 2.831703e-16 1e-20
8575.453114 2.811745e-16 1e-20
8575.704331 2.810659e-16 1e-20
8575.955548 2.827903e-16 1e-20
8576.206765 2.840499e-16 1e-20
8576.457981 2.820753e-16 1e-20
8576.709198 2.776866e-16 1e-20
8576.960415 2.746024e-16 1e-20
8577.211632 2.76249e-16 1e-20
8577.462849 2.804599e-16 1e-20
8577.714066 2.844588e-16 1e-20
8577.965283 2.866531e-16 1e-20
8578.2165 2.883474e-16 1e-20
8578.467717 2.904592e-16 1e-20
8578.718934 2.931256e-16 1e-20
8578.970151 2.962455e-16 1e-20
8579.221368 2.996975e-16 1e-20
8579.472585 3.020037e-16 1e-20
8579.723802 3.015798e-16 1e-20
8579.975019 2.984893e-16 1e-20
8580.226236 2.945658e-16 1e-20
8580.477452 2.914351e-16 1e-20
8580.728669 2.898258e-16 1e-20
8580.979886 2.903656e-16 1e-20
8581.231103 2.93064e-16 1e-20
8581.48232 2.960875e-16 1e-20
8581.733537 2.974781e-16 1e-20
8581.984754 2.971541e-16 1e-20
8582.235971 2.959971e-16 1e-20
8582.487188 2.94791e-16 1e-20
8582.738405 2.93697e-16 1e-20
8582.989622 2.929632e-16 1e-20
8583.240839 2.927043e-16 1e-20
8583.492056 2.928166e-16 1e-20
8583.743273 2.931586e-16 1e-20
8583.99449 2.938103e-16 1e-20
8584.245707 2.948718e-16 1e-20
8584.496923 2.963808e-16 1e-20
8584.74814 2.982324e-16 1e-20
8584.999357 3.003627e-16 1e-20
8585.250574 3.025152e-16 1e-20
8585.501791 3.043114e-16 1e-20
8585.753008 3.053712e-16 1e-20
8586.004225 3.0625e-16 1e-20
8586.255442 3.076284e-16 1e-20
8586.506659 3.095357e-16 1e-20
8586.757876 3.107848e-16 1e-20
8587.009093 3.104006e-16 1e-20
8587.26031 3.083325e-16 1e-20
8587.511527 3.047905e-16 1e-20
8587.762744 3.002511e-16 1e-20
8588.013961 2.97201e-16 1e-20
8588.265178 2.983352e-16 1e-20
8588.516394 3.033091e-16 1e-20
8588.767611 3.091968e-16 1e-20
8589.018828 3.133121e-16 1e-20
8589.270045 3.152853e-16 1e-20
8589.521262 3.149711e-16 1e-20
8589.772479 3.126165e-16 1e-20
8590.023696 3.092679e-16 1e-20
8590.274913 3.060818e-16 1e-20
8590.52613 3.038026e-16 1e-20
8590.777347 3.029482e-16 1e-20
8591.028564 3.038744e-16 1e-20
8591.279781 3.06143e-16 1e-20
8591.530998 3.092328e-16 1e-20
8591.782215 3.124176e-16 1e-20
8592.033432 3.148306e-16 1e-20
8592.284649 3.156476e-16 1e-20
8592.535865 3.149488e-16 1e-20
8592.787082 3.130363e-16 1e-20
8593.038299 3.103946e-16 1e-20
8593.289516 3.078768e-16 1e-20
8593.540733 3.063561e-16 1e-20
8593.79195 3.062037e-16 1e-20
8594.043167 3.07484e-16 1e-20
8594.294384 3.101865e-16 1e-20
8594.545601 3.133571e-16 1e-20
8594.796818 3.158341e-16 1e-20
8595.048035 3.173232e-16 1e-20
8595.299252 3.188701e-16 1e-20
8595.550469 3.21535e-16 1e-20
8595.801686 3.243428e-16 1e-20
8596.052903 3.258961e-16 1e-20
8596.30412 3.253124e-16 1e-20
8596.555336 3.237058e-16 1e-20
8596.806553 3.221625e-16 1e-20
8597.05777 3.210668e-16 1e-20
8597.308987 3.203181e-16 1e-20
8597.560204 3.198847e-16 1e-20
8597.811421 3.198692e-16 1e-20
8598.062638 3.202904e-16 1e-20
8598.313855 3.211525e-16 1e-20
8598.565072 3.225133e-16 1e-20
8598.816289 3.24523e-16 1e-20
8599.067506 3.264219e-16 1e-20
8599.318723 3.271883e-16 1e-20
8599.56994 3.261438e-16 1e-20
8599.821157 3.245605e-16 1e-20
8600.072374 3.237561e-16 1e-20
8600.323591 3.240828e-16 1e-20
8600.574807 3.250082e-16 1e-20
8600.826024 3.261061e-16 1e-20
8601.077241 3.270433e-16 1e-20
8601.328458 3.274552e-16 1e-20
8601.579675 3.271518e-16 1e-20
8601.830892 3.264017e-16 1e-20
8602.082109 3.254682e-16 1e-20
8602.333326 3.246195e-16 1e-20
8602.584543 3.24118e-16 1e-20
8602.83576 3.241857e-16 1e-20
8603.086977 3.247899e-16 1e-20
8603.338194 3.25866e-16 1e-20
8603.589411 3.272272e-16 1e-20
8603.840628 3.285729e-16 1e-20
8604.091845 3.296266e-16 1e-20
8604.343062 3.301486e-16 1e-20
8604.594278 3.299417e-16 1e-20
8604.845495 3.28988e-16 1e-20
8605.096712 3.277366e-16 1e-20
8605.347929 3.265565e-16 1e-20
8605.599146 3.259967e-16 1e-20
8605.850363 3.266626e-16 1e-20
8606.10158 3.290429e-16 1e-20
8606.352797 3.318594e-16 1e-20
8606.604014 3.336975e-16 1e-20
8606.855231 3.340152e-16 1e-20
8607.106448 3.33639e-16 1e-20
8607.357665 3.331653e-16 1e-20
8607.608882 3.333507e-16 1e-20
8607.860099 3.350372e-16 1e-20
8608.111316 3.385894e-16 1e-20
8608.362533 3.420216e-16 1e-20
8608.613749 3.432282e-16 1e-20
8608.864966 3.422583e-16 1e-20
8609.116183 3.406642e-16 1e-20
8609.3674 3.397714e-16 1e-20
8609.618617 3.398569e-16 1e-20
8609.869834 3.412563e-16 1e-20
8610.121051 3.436512e-16 1e-20
8610.372268 3.454149e-16 1e-20
8610.623485 3.448383e-16 1e-20
8610.874702 3.426253e-16 1e-20
8611.125919 3.402334e-16 1e-20
8611.377136 3.3887e-16 1e-20
8611.628353 3.38749e-16 1e-20
8611.87957 3.403187e-16 1e-20
8612.130787 3.427421e-16 1e-20
8612.382004 3.440798e-16 1e-20
8612.63322 3.425299e-16 1e-20
8612.884437 3.390436e-16 1e-20
8613.135654 3.348745e-16 1e-20
8613.386871 3.313383e-16 1e-20
8613.638088 3.298911e-16 1e-20
8613.889305 3.32311e-16 1e-20
8614.140522 3.371889e-16 1e-20
8614.391739 3.417578e-16 1e-20
8614.642956 3.436675e-16 1e-20
8614.894173 3.440207e-16 1e-20
8615.14539 3.438386e-16 1e-20
8615.396607 3.440634e-16 1e-20
8615.647824 3.454575e-16 1e-20
8615.899041 3.490274e-16 1e-20
8616.150258 3.530231e-16 1e-20
8616.401475 3.551552e-16 1e-20
8616.652691 3.539942e-16 1e-20
8616.903908 3.510835e-16 1e-20
8617.155125 3.47836e-16 1e-20
8617.406342 3.449635e-16 1e-20
8617.657559 3.427744e-16 1e-20
8617.908776 3.416121e-16 1e-20
8618.159993 3.410361e-16 1e-20
8618.41121 3.404544e-16 1e-20
8618.662427 3.39569e-16 1e-20
8618.913644 3.386334e-16 1e-20
8619.164861 3.379241e-16 1e-20
8619.416078 3.370365e-16 1e-20
8619.667295 3.354157e-16 1e-20
8619.918512 3.328402e-16 1e-20
8620.169729 3.306016e-16 1e-20
8620.420946 3.299345e-16 1e-20
8620.672162 3.310219e-16 1e-20
8620.923379 3.332749e-16 1e-20
8621.174596 3.362528e-16 1e-20
8621.425813 3.38201e-16 1e-20
8621.67703 3.371208e-16 1e-20
8621.928247 3.326896e-16 1e-20
8622.179464 3.280298e-16 1e-20
8622.430681 3.26137e-16 1e-20
8622.681898 3.27019e-16 1e-20
8622.933115 3.296737e-16 1e-20
8623.184332 3.3312e-16 1e-20
8623.435549 3.360191e-16 1e-20
8623.686766 3.367991e-16 1e-20
8623.937983 3.353671e-16 1e-20
8624.1892 3.330713e-16 1e-20
8624.440417 3.311813e-16 1e-20
8624.691633 3.300516e-16 1e-20
8624.94285 3.299465e-16 1e-20
8625.194067 3.309363e-16 1e-20
8625.445284 3.326163e-16 1e-20
8625.696501 3.345902e-16 1e-20
8625.947718 3.362821e-16 1e-20
8626.198935 3.370548e-16 1e-20
8626.450152 3.364005e-16 1e-20
8626.701369 3.35287e-16 1e-20
8626.952586 3.348394e-16 1e-20
8627.203803 3.352826e-16 1e-20
8627.45502 3.356684e-16 1e-20
8627.706237 3.351091e-16 1e-20
8627.957454 3.34147e-16 1e-20
8628.208671 3.335621e-16 1e-20
8628.459888 3.337983e-16 1e-20
8628.711104 3.341954e-16 1e-20
8628.962321 3.342518e-16 1e-20
8629.213538 3.335691e-16 1e-20
8629.464755 3.31846e-16 1e-20
8629.715972 3.288525e-16 1e-20
8629.967189 3.259643e-16 1e-20
8630.218406 3.246365e-16 1e-20
8630.469623 3.256027e-16 1e-20
8630.72084 3.283979e-16 1e-20
8630.972057 3.327721e-16 1e-20
8631.223274 3.372313e-16 1e-20
8631.474491 3.399232e-16 1e-20
8631.725708 3.396113e-16 1e-20
8631.976925 3.381766e-16 1e-20
8632.228142 3.375624e-16 1e-20
8632.479359 3.381624e-16 1e-20
8632.730575 3.391844e-16 1e-20
8632.981792 3.40047e-16 1e-20
8633.233009 3.402132e-16 1e-20
8633.484226 3.390687e-16 1e-20
8633.735443 3.365751e-16 1e-20
8633.98666 3.339296e-16 1e-20
8634.237877 3.322215e-16 1e-20
8634.489094 3.318645e-16 1e-20
8634.740311 3.330085e-16 1e-20
8634.991528 3.356072e-16 1e-20
8635.242745 3.381605e-16 1e-20
8635.493962 3.391141e-16 1e-20
8635.745179 3.38021e-16 1e-20
8635.996396 3.355753e-16 1e-20
8636.247613 3.323166e-16 1e-20
8636.49883 3.298465e-16 1e-20
8636.750046 3.299472e-16 1e-20
8637.001263 3.334544e-16 1e-20
8637.25248 3.386321e-16 1e-20
8637.503697 3.43854e-16 1e-20
8637.754914 3.479995e-16 1e-20
8638.006131 3.502295e-16 1e-20
8638.257348 3.498661e-16 1e-20
8638.508565 3.479213e-16 1e-20
8638.759782 3.456069e-16 1e-20
8639.010999 3.437425e-16 1e-20
8639.262216 3.425083e-16 1e-20
8639.513433 3.420861e-16 1e-20
8639.76465 3.427714e-16 1e-20
8640.015867 3.447943e-16 1e-20
8640.267084 3.479868e-16 1e-20
8640.518301 3.509776e-16 1e-20
8640.769517 3.524901e-16 1e-20
8641.020734 3.519003e-16 1e-20
8641.271951 3.490535e-16 1e-20
8641.523168 3.438927e-16 1e-20
8641.774385 3.384187e-16 1e-20
8642.025602 3.348924e-16 1e-20
8642.276819 3.343062e-16 1e-20
8642.528036 3.354138e-16 1e-20
8642.779253 3.370682e-16 1e-20
8643.03047 3.389708e-16 1e-20
8643.281687 3.409807e-16 1e-20
8643.532904 3.429102e-16 1e-20
8643.784121 3.446907e-16 1e-20
8644.035338 3.463435e-16 1e-20
8644.286555 3.477542e-16 1e-20
8644.537772 3.487044e-16 1e-20
8644.788988 3.489882e-16 1e-20
8645.040205 3.491386e-16 1e-20
8645.291422 3.497763e-16 1e-20
8645.542639 3.510821e-16 1e-20
8645.793856 3.522727e-16 1e-20
8646.045073 3.527323e-16 1e-20
8646.29629 3.520525e-16 1e-20
8646.547507 3.499142e-16 1e-20
8646.798724 3.462262e-16 1e-20
8647.049941 3.428812e-16 1e-20
8647.301158 3.419241e-16 1e-20
8647.552375 3.435884e-16 1e-20
8647.803592 3.462169e-16 1e-20
8648.054809 3.482834e-16 1e-20
8648.306026 3.49579e-16 1e-20
8648.557243 3.500494e-16 1e-20
8648.80846 3.496685e-16 1e-20
8649.059676 3.484676e-16 1e-20
8649.310893 3.465494e-16 1e-20
8649.56211 3.443026e-16 1e-20
8649.813327 3.422472e-16 1e-20
8650.064544 3.408573e-16 1e-20
8650.315761 3.400442e-16 1e-20
8650.566978 3.396577e-16 1e-20
8650.818195 3.396717e-16 1e-20
8651.069412 3.40251e-16 1e-20
8651.320629 3.415072e-16 1e-20
8651.571846 3.431896e-16 1e-20
8651.823063 3.449619e-16 1e-20
8652.07428 3.465438e-16 1e-20
8652.325497 3.478987e-16 1e-20
8652.576714 3.490233e-16 1e-20
8652.827931 3.497854e-16 1e-20
8653.079147 3.499941e-16 1e-20
8653.330364 3.495121e-16 1e-20
8653.581581 3.488723e-16 1e-20
8653.832798 3.48655e-16 1e-20
8654.084015 3.491381e-16 1e-20
8654.335232 3.500648e-16 1e-20
8654.586449 3.513266e-16 1e-20
8654.837666 3.52369e-16 1e-20
8655.088883 3.524783e-16 1e-20
8655.3401 3.512844e-16 1e-20
8655.591317 3.505907e-16 1e-20
8655.842534 3.52352e-16 1e-20
8656.093751 3.562913e-16 1e-20
8656.344968 3.603411e-16 1e-20
8656.596185 3.626507e-16 1e-20
8656.847402 3.635231e-16 1e-20
8657.098618 3.634223e-16 1e-20
8657.349835 3.628541e-16 1e-20
8657.601052 3.623865e-16 1e-20
8657.852269 3.628194e-16 1e-20
8658.103486 3.636942e-16 1e-20
8658.354703 3.640745e-16 1e-20
8658.60592 3.632563e-16 1e-20
8658.857137 3.624442e-16 1e-20
8659.108354 3.628396e-16 1e-20
8659.359571 3.647334e-16 1e-20
8659.610788 3.674211e-16 1e-20
8659.862005 3.703134e-16 1e-20
8660.113222 3.727723e-16 1e-20
8660.364439 3.741442e-16 1e-20
8660.615656 3.740312e-16 1e-20
8660.866873 3.727434e-16 1e-20
8661.118089 3.7058e-16 1e-20
8661.369306 3.681723e-16 1e-20
8661.620523 3.662978e-16 1e-20
8661.87174 3.656518e-16 1e-20
8662.122957 3.66126e-16 1e-20
8662.374174 3.675639e-16 1e-20
8662.625391 3.696595e-16 1e-20
8662.876608 3.719531e-16 1e-20
8663.127825 3.739193e-16 1e-20
8663.379042 3.757509e-16 1e-20
8663.630259 3.777697e-16 1e-20
8663.881476 3.802075e-16 1e-20
8664.132693 3.830804e-16 1e-20
8664.38391 3.865653e-16 1e-20
8664.635127 3.898877e-16 1e-20
8664.886344 3.917217e-16 1e-20
8665.13756 3.909174e-16 1e-20
8665.388777 3.884318e-16 1e-20
8665.639994 3.853701e-16 1e-20
8665.891211 3.826284e-16 1e-20
8666.142428 3.806391e-16 1e-20
8666.393645 3.801052e-16 1e-20
8666.644862 3.800617e-16 1e-20
8666.896079 3.790169e-16 1e-20
8667.147296 3.759766e-16 1e-20
8667.398513 3.72993e-16 1e-20
8667.64973 3.721167e-16 1e-20
8667.900947 3.736848e-16 1e-20
8668.152164 3.765736e-16 1e-20
8668.403381 3.798826e-16 1e-20
8668.654598 3.826113e-16 1e-20
8668.905815 3.835741e-16 1e-20
8669.157031 3.82533e-16 1e-20
8669.408248 3.816278e-16 1e-20
8669.659465 3.831869e-16 1e-20
8669.910682 3.860484e-16 1e-20
8670.161899 3.877553e-16 1e-20
8670.413116 3.864017e-16 1e-20
8670.664333 3.834238e-16 1e-20
8670.91555 3.801139e-16 1e-20
8671.166767 3.776156e-16 1e-20
8671.417984 3.768297e-16 1e-20
8671.669201 3.789045e-16 1e-20
8671.920418 3.816484e-16 1e-20
8672.171635 3.822309e-16 1e-20
8672.422852 3.791259e-16 1e-20
8672.674069 3.750328e-16 1e-20
8672.925286 3.725623e-16 1e-20
8673.176502 3.720772e-16 1e-20
8673.427719 3.727534e-16 1e-20
8673.678936 3.738677e-16 1e-20
8673.930153 3.759633e-16 1e-20
8674.18137 3.796606e-16 1e-20
8674.432587 3.841993e-16 1e-20
8674.683804 3.868962e-16 1e-20
8674.935021 3.851619e-16 1e-20
8675.186238 3.80369e-16 1e-20
8675.437455 3.748551e-16 1e-20
8675.688672 3.705132e-16 1e-20
8675.939889 3.671791e-16 1e-20
8676.191106 3.648691e-16 1e-20
8676.442323 3.635688e-16 1e-20
8676.69354 3.631886e-16 1e-20
8676.944757 3.634801e-16 1e-20
8677.195973 3.644785e-16 1e-20
8677.44719 3.663108e-16 1e-20
8677.698407 3.685861e-16 1e-20
8677.949624 3.699058e-16 1e-20
8678.200841 3.686529e-16 1e-20
8678.452058 3.664047e-16 1e-20
8678.703275 3.657323e-16 1e-20
8678.954492 3.683892e-16 1e-20
8679.205709 3.710958e-16 1e-20
8679.456926 3.705284e-16 1e-20
8679.708143 3.663662e-16 1e-20
8679.95936 3.609259e-16 1e-20
8680.210577 3.561405e-16 1e-20
8680.461794 3.530891e-16 1e-20
8680.713011 3.528478e-16 1e-20
8680.964228 3.555516e-16 1e-20
8681.215444 3.59068e-16 1e-20
8681.466661 3.613403e-16 1e-20
8681.717878 3.615726e-16 1e-20
8681.969095 3.595297e-16 1e-20
8682.220312 3.551915e-16 1e-20
8682.471529 3.508481e-16 1e-20
8682.722746 3.490156e-16 1e-20
8682.973963 3.503414e-16 1e-20
8683.22518 3.532592e-16 1e-20
8683.476397 3.564723e-16 1e-20
8683.727614 3.588339e-16 1e-20
8683.978831 3.590972e-16 1e-20
8684.230048 3.568204e-16 1e-20
8684.481265 3.543724e-16 1e-20
8684.732482 3.54344e-16 1e-20
8684.983699 3.562864e-16 1e-20
8685.234915 3.581474e-16 1e-20
8685.486132 3.581721e-16 1e-20
8685.737349 3.577057e-16 1e-20
8685.988566 3.582318e-16 1e-20
8686.239783 3.600618e-16 1e-20
8686.491 3.617104e-16 1e-20
8686.742217 3.618015e-16 1e-20
8686.993434 3.610284e-16 1e-20
8687.244651 3.605512e-16 1e-20
8687.495868 3.611235e-16 1e-20
8687.747085 3.618127e-16 1e-20
8687.998302 3.617969e-16 1e-20
8688.249519 3.608205e-16 1e-20
8688.500736 3.590491e-16 1e-20
8688.751953 3.566417e-16 1e-20
8689.00317 3.54173e-16 1e-20
8689.254386 3.522325e-16 1e-20
8689.505603 3.513874e-16 1e-20
8689.75682 3.521571e-16 1e-20
8690.008037 3.550676e-16 1e-20
8690.259254 3.592307e-16 1e-20
8690.510471 3.633164e-16 1e-20
8690.761688 3.661522e-16 1e-20
8691.012905 3.670945e-16 1e-20
8691.264122 3.653303e-16 1e-20
8691.515339 3.616823e-16 1e-20
8691.766556 3.583823e-16 1e-20
8692.017773 3.575514e-16 1e-20
8692.26899 3.584101e-16 1e-20
8692.520207 3.598707e-16 1e-20
8692.771424 3.608918e-16 1e-20
8693.022641 3.605734e-16 1e-20
8693.273857 3.576945e-16 1e-20
8693.525074 3.535033e-16 1e-20
8693.776291 3.502779e-16 1e-20
8694.027508 3.499308e-16 1e-20
8694.278725 3.513372e-16 1e-20
8694.529942 3.533385e-16 1e-20
8694.781159 3.552263e-16 1e-20
8695.032376 3.569034e-16 1e-20
8695.283593 3.580867e-16 1e-20
8695.53481 3.592333e-16 1e-20
8695.786027 3.609787e-16 1e-20
8696.037244 3.637085e-16 1e-20
8696.288461 3.668658e-16 1e-20
8696.539678 3.698247e-16 1e-20
8696.790895 3.726058e-16 1e-20
8697.042112 3.75579e-16 1e-20
8697.293328 3.790358e-16 1e-20
8697.544545 3.814583e-16 1e-20
8697.795762 3.812687e-16 1e-20
8698.046979 3.782275e-16 1e-20
8698.298196 3.741336e-16 1e-20
8698.549413 3.705313e-16 1e-20
8698.80063 3.687009e-16 1e-20
8699.051847 3.698226e-16 1e-20
8699.303064 3.744597e-16 1e-20
8699.554281 3.805713e-16 1e-20
8699.805498 3.860038e-16 1e-20
8700.056715 3.898076e-16 1e-20
8700.307932 3.919691e-16 1e-20
8700.559149 3.924145e-16 1e-20
8700.810366 3.917421e-16 1e-20
8701.061583 3.907774e-16 1e-20
8701.312799 3.899833e-16 1e-20
8701.564016 3.889261e-16 1e-20
8701.815233 3.872129e-16 1e-20
8702.06645 3.852393e-16 1e-20
8702.317667 3.836255e-16 1e-20
8702.568884 3.828489e-16 1e-20
8702.820101 3.828251e-16 1e-20
8703.071318 3.834611e-16 1e-20
8703.322535 3.845757e-16 1e-20
8703.573752 3.859231e-16 1e-20
8703.824969 3.872672e-16 1e-20
8704.076186 3.883188e-16 1e-20
8704.327403 3.887549e-16 1e-20
8704.57862 3.885555e-16 1e-20
8704.829837 3.8852e-16 1e-20
8705.081054 3.894754e-16 1e-20
8705.33227 3.910586e-16 1e-20
8705.583487 3.924321e-16 1e-20
8705.834704 3.92913e-16 1e-20
8706.085921 3.919473e-16 1e-20
8706.337138 3.888049e-16 1e-20
8706.588355 3.84255e-16 1e-20
8706.839572 3.808538e-16 1e-20
8707.090789 3.810492e-16 1e-20
8707.342006 3.83788e-16 1e-20
8707.593223 3.873849e-16 1e-20
8707.84444 3.903391e-16 1e-20
8708.095657 3.917032e-16 1e-20
8708.346874 3.900499e-16 1e-20
8708.598091 3.867749e-16 1e-20
8708.849308 3.848414e-16 1e-20
8709.100525 3.868903e-16 1e-20
8709.351741 3.903099e-16 1e-20
8709.602958 3.92172e-16 1e-20
8709.854175 3.91202e-16 1e-20
8710.105392 3.889257e-16 1e-20
8710.356609 3.86571e-16 1e-20
8710.607826 3.84614e-16 1e-20
8710.859043 3.833627e-16 1e-20
8711.11026 3.831109e-16 1e-20
8711.361477 3.841276e-16 1e-20
8711.612694 3.867605e-16 1e-20
8711.863911 3.901108e-16 1e-20
8712.115128 3.924267e-16 1e-20
8712.366345 3.921094e-16 1e-20
8712.617562 3.90154e-16 1e-20
8712.868779 3.878043e-16 1e-20
8713.119996 3.860402e-16 1e-20
8713.371212 3.851786e-16 1e-20
8713.622429 3.857418e-16 1e-20
8713.873646 3.871026e-16 1e-20
8714.124863 3.882107e-16 1e-20
8714.37608 3.881892e-16 1e-20
8714.627297 3.874633e-16 1e-20
8714.878514 3.864183e-16 1e-20
8715.129731 3.853684e-16 1e-20
8715.380948 3.845245e-16 1e-20
8715.632165 3.841148e-16 1e-20
8715.883382 3.838627e-16 1e-20
8716.134599 3.834675e-16 1e-20
8716.385816 3.825266e-16 1e-20
8716.637033 3.802689e-16 1e-20
8716.88825 3.758226e-16 1e-20
8717.139467 3.702238e-16 1e-20
8717.390683 3.653226e-16 1e-20
8717.6419 3.626815e-16 1e-20
8717.893117 3.624251e-16 1e-20
8718.144334 3.647123e-16 1e-20
8718.395551 3.686032e-16 1e-20
8718.646768 3.718699e-16 1e-20
8718.897985 3.723896e-16 1e-20
8719.149202 3.701083e-16 1e-20
8719.400419 3.654701e-16 1e-20
8719.651636 3.593178e-16 1e-20
8719.902853 3.53593e-16 1e-20
8720.15407 3.502377e-16 1e-20
8720.405287 3.501841e-16 1e-20
8720.656504 3.536202e-16 1e-20
8720.907721 3.605259e-16 1e-20
8721.158938 3.68457e-16 1e-20
8721.410154 3.747411e-16 1e-20
8721.661371 3.776934e-16 1e-20
8721.912588 3.773972e-16 1e-20
8722.163805 3.736857e-16 1e-20
8722.415022 3.685111e-16 1e-20
8722.666239 3.644946e-16 1e-20
8722.917456 3.635816e-16 1e-20
8723.168673 3.639577e-16 1e-20
8723.41989 3.637727e-16 1e-20
8723.671107 3.625847e-16 1e-20
8723.922324 3.610638e-16 1e-20
8724.173541 3.59689e-16 1e-20
8724.424758 3.585305e-16 1e-20
8724.675975 3.576713e-16 1e-20
8724.927192 3.572098e-16 1e-20
8725.178409 3.572423e-16 1e-20
8725.429625 3.578361e-16 1e-20
8725.680842 3.588124e-16 1e-20
8725.932059 3.598916e-16 1e-20
8726.183276 3.607926e-16 1e-20
8726.434493 3.612754e-16 1e-20
8726.68571 3.61149e-16 1e-20
8726.936927 3.602584e-16 1e-20
8727.188144 3.58509e-16 1e-20
8727.439361 3.558851e-16 1e-20
8727.690578 3.529863e-16 1e-20
8727.941795 3.504284e-16 1e-20
8728.193012 3.489125e-16 1e-20
8728.444229 3.495607e-16 1e-20
8728.695446 3.537106e-16 1e-20
8728.946663 3.597222e-16 1e-20
8729.19788 3.646126e-16 1e-20
8729.449096 3.658559e-16 1e-20
8729.700313 3.647977e-16 1e-20
8729.95153 3.62835e-16 1e-20
8730.202747 3.611855e-16 1e-20
8730.453964 3.606989e-16 1e-20
8730.705181 3.624861e-16 1e-20
8730.956398 3.652642e-16 1e-20
8731.207615 3.67183e-16 1e-20
8731.458832 3.66976e-16 1e-20
8731.710049 3.657897e-16 1e-20
8731.961266 3.647318e-16 1e-20
8732.212483 3.639792e-16 1e-20
8732.4637 3.631546e-16 1e-20
8732.714917 3.620048e-16 1e-20
8732.966134 3.611231e-16 1e-20
8733.217351 3.611281e-16 1e-20
8733.468567 3.62206e-16 1e-20
8733.719784 3.638126e-16 1e-20
8733.971001 3.654383e-16 1e-20
8734.222218 3.669705e-16 1e-20
8734.473435 3.683879e-16 1e-20
8734.724652 3.696661e-16 1e-20
8734.975869 3.709008e-16 1e-20
8735.227086 3.722991e-16 1e-20
8735.478303 3.736433e-16 1e-20
8735.72952 3.74378e-16 1e-20
8735.980737 3.739265e-16 1e-20
8736.231954 3.734154e-16 1e-20
8736.483171 3.74227e-16 1e-20
8736.734388 3.766918e-16 1e-20
8736.985605 3.786973e-16 1e-20
8737.236822 3.781501e-16 1e-20
8737.488038 3.756529e-16 1e-20
8737.739255 3.728453e-16 1e-20
8737.990472 3.711132e-16 1e-20
8738.241689 3.696555e-16 1e-20
8738.492906 3.674274e-16 1e-20
8738.744123 3.652091e-16 1e-20
8738.99534 3.656558e-16 1e-20
8739.246557 3.713767e-16 1e-20
8739.497774 3.78715e-16 1e-20
8739.748991 3.829387e-16 1e-20
8740.000208 3.814918e-16 1e-20
8740.251425 3.784942e-16 1e-20
8740.502642 3.779673e-16 1e-20
8740.753859 3.79649e-16 1e-20
8741.005076 3.81262e-16 1e-20
8741.256293 3.810142e-16 1e-20
8741.507509 3.798957e-16 1e-20
8741.758726 3.788558e-16 1e-20
8742.009943 3.783983e-16 1e-20
8742.26116 3.783929e-16 1e-20
8742.512377 3.788189e-16 1e-20
8742.763594 3.795633e-16 1e-20
8743.014811 3.804607e-16 1e-20
8743.266028 3.81324e-16 1e-20
8743.517245 3.819652e-16 1e-20
8743.768462 3.822423e-16 1e-20
8744.019679 3.820813e-16 1e-20
8744.270896 3.814593e-16 1e-20
8744.522113 3.803481e-16 1e-20
8744.77333 3.797428e-16 1e-20
8745.024547 3.807873e-16 1e-20
8745.275764 3.83633e-16 1e-20
8745.52698 3.866288e-16 1e-20
8745.778197 3.88118e-16 1e-20
8746.029414 3.885661e-16 1e-20
8746.280631 3.890348e-16 1e-20
8746.531848 3.902893e-16 1e-20
8746.783065 3.91655e-16 1e-20
8747.034282 3.926181e-16 1e-20
8747.285499 3.928162e-16 1e-20
8747.536716 3.920294e-16 1e-20
8747.787933 3.899573e-16 1e-20
8748.03915 3.879412e-16 1e-20
8748.290367 3.875254e-16 1e-20
8748.541584 3.893197e-16 1e-20
8748.792801 3.917603e-16 1e-20
8749.044018 3.935154e-16 1e-20
8749.295235 3.937089e-16 1e-20
8749.546451 3.916904e-16 1e-20
8749.797668 3.871034e-16 1e-20
8750.048885 3.81917e-16 1e-20
8750.300102 3.782752e-16 1e-20
8750.551319 3.771246e-16 1e-20
8750.802536 3.779829e-16 1e-20
8751.053753 3.803351e-16 1e-20
8751.30497 3.841668e-16 1e-20
8751.556187 3.894898e-16 1e-20
8751.807404 3.957065e-16 1e-20
8752.058621 4.004115e-16 1e-20
8752.309838 4.010973e-16 1e-20
8752.561055 3.984769e-16 1e-20
8752.812272 3.949158e-16 1e-20
8753.063489 3.925478e-16 1e-20
8753.314706 3.910306e-16 1e-20
8753.565922 3.900248e-16 1e-20
8753.817139 3.893509e-16 1e-20
8754.068356 3.890846e-16 1e-20
8754.319573 3.891311e-16 1e-20
8754.57079 3.895832e-16 1e-20
8754.822007 3.905637e-16 1e-20
8755.073224 3.920897e-16 1e-20
8755.324441 3.937873e-16 1e-20
8755.575658 3.952788e-16 1e-20
8755.826875 3.964126e-16 1e-20
8756.078092 3.972038e-16 1e-20
8756.329309 3.976874e-16 1e-20
8756.580526 3.977424e-16 1e-20
8756.831743 3.972128e-16 1e-20
8757.08296 3.962428e-16 1e-20
8757.334177 3.95533e-16 1e-20
8757.585393 3.958246e-16 1e-20
8757.83661 3.965086e-16 1e-20
8758.087827 3.966036e-16 1e-20
8758.339044 3.953702e-16 1e-20
8758.590261 3.930487e-16 1e-20
8758.841478 3.897896e-16 1e-20
8759.092695 3.863686e-16 1e-20
8759.343912 3.840409e-16 1e-20
8759.595129 3.839785e-16 1e-20
8759.846346 3.859496e-16 1e-20
8760.097563 3.89449e-16 1e-20
8760.34878 3.938887e-16 1e-20
8760.599997 3.987317e-16 1e-20
8760.851214 4.034344e-16 1e-20
8761.102431 4.069355e-16 1e-20
8761.353648 4.080794e-16 1e-20
8761.604864 4.06044e-16 1e-20
8761.856081 4.014356e-16 1e-20
8762.107298 3.949134e-16 1e-20
8762.358515 3.876767e-16 1e-20
8762.609732 3.814085e-16 1e-20
8762.860949 3.777486e-16 1e-20
8763.112166 3.763808e-16 1e-20
8763.363383 3.766e-16 1e-20
8763.6146 3.775642e-16 1e-20
8763.865817 3.78172e-16 1e-20
8764.117034 3.771484e-16 1e-20
8764.368251 3.748375e-16 1e-20
8764.619468 3.725371e-16 1e-20
8764.870685 3.716094e-16 1e-20
8765.121902 3.716298e-16 1e-20
8765.373119 3.717578e-16 1e-20
8765.624336 3.731194e-16 1e-20
8765.875552 3.737441e-16 1e-20
8766.126769 3.743664e-16 1e-20
8766.377986 3.749887e-16 1e-20
8766.629203 3.75611e-16 1e-20
8766.88042 3.762357e-16 1e-20
8767.131637 3.76858e-16 1e-20
8767.382854 3.774803e-16 1e-20
8767.634071 3.781026e-16 1e-20
8767.885288 3.787273e-16 1e-20
8768.136505 3.793496e-16 1e-20
8768.387722 3.799719e-16 1e-20
8768.638939 3.805942e-16 1e-20
8768.890156 3.812189e-16 1e-20
8769.141373 3.81426e-16 1e-20
8769.39259 3.832813e-16 1e-20
8769.643807 3.851843e-16 1e-20
8769.895023 3.858032e-16 1e-20
8770.14624 3.842274e-16 1e-20
8770.397457 3.817747e-16 1e-20
8770.648674 3.800469e-16 1e-20
8770.899891 3.793227e-16 1e-20
8771.151108 3.786483e-16 1e-20
8771.402325 3.771514e-16 1e-20
8771.653542 3.76118e-16 1e-20
8771.904759 3.770663e-16 1e-20
8772.155976 3.804853e-16 1e-20
8772.407193 3.843345e-16 1e-20
8772.65841 3.867004e-16 1e-20
8772.909627 3.87295e-16 1e-20
8773.160844 3.865287e-16 1e-20
8773.412061 3.848156e-16 1e-20
8773.663278 3.829787e-16 1e-20
8773.914494 3.819542e-16 1e-20
8774.165711 3.821013e-16 1e-20
8774.416928 3.830611e-16 1e-20
8774.668145 3.845757e-16 1e-20
8774.919362 3.859307e-16 1e-20
8775.170579 3.862413e-16 1e-20
8775.421796 3.851291e-16 1e-20
8775.673013 3.841082e-16 1e-20
8775.92423 3.849268e-16 1e-20
8776.175447 3.867909e-16 1e-20
8776.426664 3.876058e-16 1e-20
8776.677881 3.856775e-16 1e-20
8776.929098 3.83018e-16 1e-20
8777.180315 3.816226e-16 1e-20
8777.431532 3.829254e-16 1e-20
8777.682749 3.874395e-16 1e-20
8777.933965 3.958919e-16 1e-20
8778.185182 4.054696e-16 1e-20
8778.436399 4.125602e-16 1e-20
8778.687616 4.142828e-16 1e-20
8778.938833 4.10301e-16 1e-20
8779.19005 3.998969e-16 1e-20
8779.441267 3.859696e-16 1e-20
8779.692484 3.738449e-16 1e-20
8779.943701 3.685793e-16 1e-20
8780.194918 3.680899e-16 1e-20
8780.446135 3.694815e-16 1e-20
8780.697352 3.710028e-16 1e-20
8780.948569 3.736406e-16 1e-20
8781.199786 3.779131e-16 1e-20
8781.451003 3.828745e-16 1e-20
8781.70222 3.87229e-16 1e-20
8781.953436 3.899468e-16 1e-20
8782.204653 3.903572e-16 1e-20
8782.45587 3.876259e-16 1e-20
8782.707087 3.828155e-16 1e-20
8782.958304 3.786598e-16 1e-20
8783.209521 3.778003e-16 1e-20
8783.460738 3.790232e-16 1e-20
8783.711955 3.805993e-16 1e-20
8783.963172 3.812998e-16 1e-20
8784.214389 3.8134e-16 1e-20
8784.465606 3.805631e-16 1e-20
8784.716823 3.79654e-16 1e-20
8784.96804 3.796735e-16 1e-20
8785.219257 3.814785e-16 1e-20
8785.470474 3.833388e-16 1e-20
8785.721691 3.834157e-16 1e-20
8785.972907 3.812902e-16 1e-20
8786.224124 3.783129e-16 1e-20
8786.475341 3.75603e-16 1e-20
8786.726558 3.737873e-16 1e-20
8786.977775 3.734655e-16 1e-20
8787.228992 3.748128e-16 1e-20
8787.480209 3.764236e-16 1e-20
8787.731426 3.767345e-16 1e-20
8787.982643 3.759357e-16 1e-20
8788.23386 3.752033e-16 1e-20
8788.485077 3.755561e-16 1e-20
8788.736294 3.762882e-16 1e-20
8788.987511 3.765977e-16 1e-20
8789.238728 3.762948e-16 1e-20
8789.489945 3.761976e-16 1e-20
8789.741162 3.771386e-16 1e-20
8789.992378 3.78365e-16 1e-20
8790.243595 3.786776e-16 1e-20
8790.494812 3.773646e-16 1e-20
8790.746029 3.763578e-16 1e-20
8790.997246 3.778954e-16 1e-20
8791.248463 3.809515e-16 1e-20
8791.49968 3.821908e-16 1e-20
8791.750897 3.786142e-16 1e-20
8792.002114 3.731652e-16 1e-20
8792.253331 3.693442e-16 1e-20
8792.504548 3.689564e-16 1e-20
8792.755765 3.70152e-16 1e-20
8793.006982 3.714919e-16 1e-20
8793.258199 3.72337e-16 1e-20
8793.509416 3.722451e-16 1e-20
8793.760633 3.709036e-16 1e-20
8794.011849 3.698065e-16 1e-20
8794.263066 3.706926e-16 1e-20
8794.514283 3.734578e-16 1e-20
8794.7655 3.762022e-16 1e-20
8795.016717 3.771013e-16 1e-20
8795.267934 3.772804e-16 1e-20
8795.519151 3.783054e-16 1e-20
8795.770368 3.807944e-16 1e-20
8796.021585 3.82664e-16 1e-20
8796.272802 3.818681e-16 1e-20
8796.524019 3.792141e-16 1e-20
8796.775236 3.767258e-16 1e-20
8797.026453 3.760528e-16 1e-20
8797.27767 3.767766e-16 1e-20
8797.528887 3.785322e-16 1e-20
8797.780104 3.804729e-16 1e-20
8798.03132 3.812381e-16 1e-20
8798.282537 3.795624e-16 1e-20
8798.533754 3.754059e-16 1e-20
8798.784971 3.690172e-16 1e-20
8799.036188 3.611701e-16 1e-20
8799.287405 3.543786e-16 1e-20
8799.538622 3.512632e-16 1e-20
8799.789839 3.519431e-16 1e-20
8800.041056 3.549954e-16 1e-20
8800.292273 3.59027e-16 1e-20
8800.54349 3.630866e-16 1e-20
8800.794707 3.661404e-16 1e-20
8801.045924 3.675361e-16 1e-20
8801.297141 3.672858e-16 1e-20
8801.548358 3.653799e-16 1e-20
8801.799575 3.627208e-16 1e-20
8802.050791 3.605009e-16 1e-20
8802.302008 3.596082e-16 1e-20
8802.553225 3.592488e-16 1e-20
8802.804442 3.586529e-16 1e-20
8803.055659 3.575812e-16 1e-20
8803.306876 3.56208e-16 1e-20
8803.558093 3.545867e-16 1e-20
8803.80931 3.534465e-16 1e-20
8804.060527 3.53631e-16 1e-20
8804.311744 3.553171e-16 1e-20
8804.562961 3.572373e-16 1e-20
8804.814178 3.582119e-16 1e-20
8805.065395 3.580813e-16 1e-20
8805.316612 3.570553e-16 1e-20
8805.567829 3.554021e-16 1e-20
8805.819046 3.540221e-16 1e-20
8806.070262 3.539158e-16 1e-20
8806.321479 3.552374e-16 1e-20
8806.572696 3.572658e-16 1e-20
8806.823913 3.593257e-16 1e-20
8807.07513 3.610904e-16 1e-20
8807.326347 3.622517e-16 1e-20
8807.577564 3.626055e-16 1e-20
8807.828781 3.622498e-16 1e-20
8808.079998 3.613669e-16 1e-20
8808.331215 3.600211e-16 1e-20
8808.582432 3.582246e-16 1e-20
8808.833649 3.560353e-16 1e-20
8809.084866 3.543183e-16 1e-20
8809.336083 3.540192e-16 1e-20
8809.5873 3.550974e-16 1e-20
8809.838517 3.562324e-16 1e-20
8810.089733 3.562097e-16 1e-20
8810.34095 3.551078e-16 1e-20
8810.592167 3.532547e-16 1e-20
8810.843384 3.510672e-16 1e-20
8811.094601 3.493053e-16 1e-20
8811.345818 3.487501e-16 1e-20
8811.597035 3.494808e-16 1e-20
8811.848252 3.511382e-16 1e-20
8812.099469 3.534065e-16 1e-20
8812.350686 3.547687e-16 1e-20
8812.601903 3.535272e-16 1e-20
8812.85312 3.495347e-16 1e-20
8813.104337 3.452841e-16 1e-20
8813.355554 3.430716e-16 1e-20
8813.606771 3.431885e-16 1e-20
8813.857988 3.453794e-16 1e-20
8814.109204 3.491543e-16 1e-20
8814.360421 3.525844e-16 1e-20
8814.611638 3.534703e-16 1e-20
8814.862855 3.518342e-16 1e-20
8815.114072 3.494744e-16 1e-20
8815.365289 3.480521e-16 1e-20
8815.616506 3.473843e-16 1e-20
8815.867723 3.471871e-16 1e-20
8816.11894 3.472381e-16 1e-20
8816.370157 3.474368e-16 1e-20
8816.621374 3.474684e-16 1e-20
8816.872591 3.476552e-16 1e-20
8817.123808 3.485652e-16 1e-20
8817.375025 3.505577e-16 1e-20
8817.626242 3.519913e-16 1e-20
8817.877459 3.510695e-16 1e-20
8818.128675 3.479555e-16 1e-20
8818.379892 3.448364e-16 1e-20
8818.631109 3.437236e-16 1e-20
8818.882326 3.441088e-16 1e-20
8819.133543 3.451304e-16 1e-20
8819.38476 3.460888e-16 1e-20
8819.635977 3.468031e-16 1e-20
8819.887194 3.46949e-16 1e-20
8820.138411 3.465862e-16 1e-20
8820.389628 3.459866e-16 1e-20
8820.640845 3.45435e-16 1e-20
8820.892062 3.45103e-16 1e-20
8821.143279 3.450933e-16 1e-20
8821.394496 3.455614e-16 1e-20
8821.645713 3.467584e-16 1e-20
8821.89693 3.491232e-16 1e-20
8822.148146 3.509804e-16 1e-20
8822.399363 3.501782e-16 1e-20
8822.65058 3.456566e-16 1e-20
8822.901797 3.407325e-16 1e-20
8823.153014 3.388475e-16 1e-20
8823.404231 3.399257e-16 1e-20
8823.655448 3.416832e-16 1e-20
8823.906665 3.421431e-16 1e-20
8824.157882 3.417794e-16 1e-20
8824.409099 3.410879e-16 1e-20
8824.660316 3.403952e-16 1e-20
8824.911533 3.397351e-16 1e-20
8825.16275 3.393021e-16 1e-20
8825.413967 3.38776e-16 1e-20
8825.665184 3.377505e-16 1e-20
8825.916401 3.359669e-16 1e-20
8826.167617 3.334344e-16 1e-20
8826.418834 3.298655e-16 1e-20
8826.670051 3.266339e-16 1e-20
8826.921268 3.263437e-16 1e-20
8827.172485 3.313754e-16 1e-20
8827.423702 3.389111e-16 1e-20
8827.674919 3.455258e-16 1e-20
8827.926136 3.489065e-16 1e-20
8828.177353 3.494723e-16 1e-20
8828.42857 3.473014e-16 1e-20
8828.679787 3.436308e-16 1e-20
8828.931004 3.401766e-16 1e-20
8829.182221 3.38453e-16 1e-20
8829.433438 3.382448e-16 1e-20
8829.684655 3.394588e-16 1e-20
8829.935872 3.411384e-16 1e-20
8830.187088 3.414931e-16 1e-20
8830.438305 3.386902e-16 1e-20
8830.689522 3.343883e-16 1e-20
8830.940739 3.308158e-16 1e-20
8831.191956 3.295659e-16 1e-20
8831.443173 3.302633e-16 1e-20
8831.69439 3.328068e-16 1e-20
8831.945607 3.362415e-16 1e-20
8832.196824 3.391586e-16 1e-20
8832.448041 3.4023e-16 1e-20
8832.699258 3.405869e-16 1e-20
8832.950475 3.416402e-16 1e-20
8833.201692 3.434213e-16 1e-20
8833.452909 3.439421e-16 1e-20
8833.704126 3.4131e-16 1e-20
8833.955343 3.37099e-16 1e-20
8834.206559 3.336435e-16 1e-20
8834.457776 3.325375e-16 1e-20
8834.708993 3.324027e-16 1e-20
8834.96021 3.319639e-16 1e-20
8835.211427 3.309187e-16 1e-20
8835.462644 3.296017e-16 1e-20
8835.713861 3.282392e-16 1e-20
8835.965078 3.268666e-16 1e-20
8836.216295 3.255658e-16 1e-20
8836.467512 3.244912e-16 1e-20
8836.718729 3.238766e-16 1e-20
8836.969946 3.238533e-16 1e-20
8837.221163 3.247608e-16 1e-20
8837.47238 3.269723e-16 1e-20
8837.723597 3.305925e-16 1e-20
8837.974814 3.342782e-16 1e-20
8838.22603 3.365664e-16 1e-20
8838.477247 3.37261e-16 1e-20
8838.728464 3.372789e-16 1e-20
8838.979681 3.375356e-16 1e-20
8839.230898 3.373218e-16 1e-20
8839.482115 3.35736e-16 1e-20
8839.733332 3.327174e-16 1e-20
8839.984549 3.302436e-16 1e-20
8840.235766 3.303409e-16 1e-20
8840.486983 3.322361e-16 1e-20
8840.7382 3.340582e-16 1e-20
8840.989417 3.342947e-16 1e-20
8841.240634 3.340759e-16 1e-20
8841.491851 3.344907e-16 1e-20
8841.743068 3.359374e-16 1e-20
8841.994285 3.380153e-16 1e-20
8842.245501 3.405095e-16 1e-20
8842.496718 3.42757e-16 1e-20
8842.747935 3.439757e-16 1e-20
8842.999152 3.438154e-16 1e-20
8843.250369 3.433522e-16 1e-20
8843.501586 3.437091e-16 1e-20
8843.752803 3.448473e-16 1e-20
8844.00402 3.461173e-16 1e-20
8844.255237 3.46954e-16 1e-20
8844.506454 3.478224e-16 1e-20
8844.757671 3.492693e-16 1e-20
8845.008888 3.511469e-16 1e-20
8845.260105 3.522925e-16 1e-20
8845.511322 3.515657e-16 1e-20
8845.762539 3.498607e-16 1e-20
8846.013756 3.485302e-16 1e-20
8846.264972 3.485397e-16 1e-20
8846.516189 3.492933e-16 1e-20
8846.767406 3.503479e-16 1e-20
8847.018623 3.51176e-16 1e-20
8847.26984 3.512152e-16 1e-20
8847.521057 3.498916e-16 1e-20
8847.772274 3.482472e-16 1e-20
8848.023491 3.475174e-16 1e-20
8848.274708 3.481723e-16 1e-20
8848.525925 3.491591e-16 1e-20
8848.777142 3.495228e-16 1e-20
8849.028359 3.492638e-16 1e-20
8849.279576 3.486451e-16 1e-20
8849.530793 3.478747e-16 1e-20
8849.78201 3.4717e-16 1e-20
8850.033227 3.468892e-16 1e-20
8850.284443 3.467446e-16 1e-20
8850.53566 3.459001e-16 1e-20
8850.786877 3.435751e-16 1e-20
8851.038094 3.40592e-16 1e-20
8851.289311 3.379613e-16 1e-20
8851.540528 3.363453e-16 1e-20
8851.791745 3.355216e-16 1e-20
8852.042962 3.353525e-16 1e-20
8852.294179 3.354659e-16 1e-20
8852.545396 3.353939e-16 1e-20
8852.796613 3.347093e-16 1e-20
8853.04783 3.331729e-16 1e-20
8853.299047 3.305237e-16 1e-20
8853.550264 3.270969e-16 1e-20
8853.801481 3.23882e-16 1e-20
8854.052698 3.218281e-16 1e-20
8854.303914 3.208763e-16 1e-20
8854.555131 3.207931e-16 1e-20
8854.806348 3.212633e-16 1e-20
8855.057565 3.217338e-16 1e-20
8855.308782 3.215061e-16 1e-20
8855.559999 3.208513e-16 1e-20
8855.811216 3.205468e-16 1e-20
8856.062433 3.212479e-16 1e-20
8856.31365 3.224558e-16 1e-20
8856.564867 3.236777e-16 1e-20
8856.816084 3.244671e-16 1e-20
8857.067301 3.244727e-16 1e-20
8857.318518 3.23268e-16 1e-20
8857.569735 3.214957e-16 1e-20
8857.820952 3.200818e-16 1e-20
8858.072169 3.197279e-16 1e-20
8858.323385 3.200791e-16 1e-20
8858.574602 3.208097e-16 1e-20
8858.825819 3.217953e-16 1e-20
8859.077036 3.230407e-16 1e-20
8859.328253 3.244679e-16 1e-20
8859.57947 3.262415e-16 1e-20
8859.830687 3.285839e-16 1e-20
8860.081904 3.313692e-16 1e-20
8860.333121 3.337728e-16 1e-20
8860.584338 3.349687e-16 1e-20
8860.835555 3.352288e-16 1e-20
8861.086772 3.35202e-16 1e-20
8861.337989 3.354259e-16 1e-20
8861.589206 3.356092e-16 1e-20
8861.840423 3.354784e-16 1e-20
8862.09164 3.35181e-16 1e-20
8862.342856 3.352199e-16 1e-20
8862.594073 3.359435e-16 1e-20
8862.84529 3.375812e-16 1e-20
8863.096507 3.403847e-16 1e-20
8863.347724 3.440395e-16 1e-20
8863.598941 3.467637e-16 1e-20
8863.850158 3.467114e-16 1e-20
8864.101375 3.443875e-16 1e-20
8864.352592 3.412904e-16 1e-20
8864.603809 3.387115e-16 1e-20
8864.855026 3.368567e-16 1e-20
8865.106243 3.36153e-16 1e-20
8865.35746 3.360084e-16 1e-20
8865.608677 3.346446e-16 1e-20
8865.859894 3.302721e-16 1e-20
8866.111111 3.244919e-16 1e-20
8866.362327 3.194755e-16 1e-20
8866.613544 3.168621e-16 1e-20
8866.864761 3.16668e-16 1e-20
8867.115978 3.192491e-16 1e-20
8867.367195 3.230551e-16 1e-20
8867.618412 3.255194e-16 1e-20
8867.869629 3.243263e-16 1e-20
8868.120846 3.209885e-16 1e-20
8868.372063 3.172818e-16 1e-20
8868.62328 3.1421e-16 1e-20
8868.874497 3.114099e-16 1e-20
8869.125714 3.088354e-16 1e-20
8869.376931 3.061742e-16 1e-20
8869.628148 3.029974e-16 1e-20
8869.879365 2.991286e-16 1e-20
8870.130582 2.958045e-16 1e-20
8870.381798 2.942586e-16 1e-20
8870.633015 2.946574e-16 1e-20
8870.884232 2.96358e-16 1e-20
8871.135449 2.987365e-16 1e-20
8871.386666 3.014122e-16 1e-20
8871.637883 3.040339e-16 1e-20
8871.8891 3.061542e-16 1e-20
8872.140317 3.071059e-16 1e-20
8872.391534 3.061377e-16 1e-20
8872.642751 3.043759e-16 1e-20
8872.893968 3.035475e-16 1e-20
8873.145185 3.04978e-16 1e-20
8873.396402 3.077902e-16 1e-20
8873.647619 3.112311e-16 1e-20
8873.898836 3.142605e-16 1e-20
8874.150053 3.156469e-16 1e-20
8874.401269 3.140748e-16 1e-20
8874.652486 3.111885e-16 1e-20
8874.903703 3.091444e-16 1e-20
8875.15492 3.091401e-16 1e-20
8875.406137 3.095899e-16 1e-20
8875.657354 3.09015e-16 1e-20
8875.908571 3.076393e-16 1e-20
8876.159788 3.064023e-16 1e-20
8876.411005 3.060451e-16 1e-20
8876.662222 3.063305e-16 1e-20
8876.913439 3.069916e-16 1e-20
8877.164656 3.07974e-16 1e-20
8877.415873 3.095027e-16 1e-20
8877.66709 3.118136e-16 1e-20
8877.918307 3.141059e-16 1e-20
8878.169524 3.153859e-16 1e-20
8878.42074 3.151268e-16 1e-20
8878.671957 3.144313e-16 1e-20
8878.923174 3.143871e-16 1e-20
8879.174391 3.151913e-16 1e-20
8879.425608 3.165128e-16 1e-20
8879.676825 3.180709e-16 1e-20
8879.928042 3.196493e-16 1e-20
8880.179259 3.210011e-16 1e-20
8880.430476 3.219302e-16 1e-20
8880.681693 3.223413e-16 1e-20
8880.93291 3.220775e-16 1e-20
8881.184127 3.215959e-16 1e-20
8881.435344 3.215427e-16 1e-20
8881.686561 3.223123e-16 1e-20
8881.937778 3.228869e-16 1e-20
8882.188995 3.222052e-16 1e-20
8882.440212 3.204393e-16 1e-20
8882.691428 3.186818e-16 1e-20
8882.942645 3.179071e-16 1e-20
8883.193862 3.182047e-16 1e-20
8883.445079 3.19575e-16 1e-20
8883.696296 3.219629e-16 1e-20
8883.947513 3.252568e-16 1e-20
8884.19873 3.292366e-16 1e-20
8884.449947 3.335249e-16 1e-20
8884.701164 3.377131e-16 1e-20
8884.952381 3.413806e-16 1e-20
8885.203598 3.435128e-16 1e-20
8885.454815 3.429786e-16 1e-20
8885.706032 3.402226e-16 1e-20
8885.957249 3.372205e-16 1e-20
8886.208466 3.359674e-16 1e-20
8886.459683 3.354242e-16 1e-20
8886.710899 3.340181e-16 1e-20
8886.962116 3.311587e-16 1e-20
8887.213333 3.292676e-16 1e-20
8887.46455 3.309633e-16 1e-20
8887.715767 3.344743e-16 1e-20
8887.966984 3.360843e-16 1e-20
8888.218201 3.327792e-16 1e-20
8888.469418 3.283756e-16 1e-20
8888.720635 3.269912e-16 1e-20
8888.971852 3.296452e-16 1e-20
8889.223069 3.332222e-16 1e-20
8889.474286 3.350541e-16 1e-20
8889.725503 3.350359e-16 1e-20
8889.97672 3.335273e-16 1e-20
8890.227937 3.30912e-16 1e-20
8890.479154 3.27642e-16 1e-20
8890.73037 3.241779e-16 1e-20
8890.981587 3.214286e-16 1e-20
8891.232804 3.204944e-16 1e-20
8891.484021 3.223151e-16 1e-20
8891.735238 3.250929e-16 1e-20
8891.986455 3.267121e-16 1e-20
8892.237672 3.263326e-16 1e-20
8892.488889 3.254054e-16 1e-20
8892.740106 3.252994e-16 1e-20
8892.991323 3.255161e-16 1e-20
8893.24254 3.250912e-16 1e-20
8893.493757 3.234393e-16 1e-20
8893.744974 3.217454e-16 1e-20
8893.996191 3.213268e-16 1e-20
8894.247408 3.219187e-16 1e-20
8894.498625 3.220331e-16 1e-20
8894.749841 3.202345e-16 1e-20
8895.001058 3.185936e-16 1e-20
8895.252275 3.195957e-16 1e-20
8895.503492 3.239499e-16 1e-20
8895.754709 3.283909e-16 1e-20
8896.005926 3.298345e-16 1e-20
8896.257143 3.286371e-16 1e-20
8896.50836 3.263505e-16 1e-20
8896.759577 3.243013e-16 1e-20
8897.010794 3.23468e-16 1e-20
8897.262011 3.252132e-16 1e-20
8897.513228 3.287485e-16 1e-20
8897.764445 3.311241e-16 1e-20
8898.015662 3.294817e-16 1e-20
8898.266879 3.255821e-16 1e-20
8898.518096 3.218781e-16 1e-20
8898.769312 3.200541e-16 1e-20
8899.020529 3.194731e-16 1e-20
8899.271746 3.198071e-16 1e-20
8899.522963 3.205301e-16 1e-20
8899.77418 3.210047e-16 1e-20
8900.025397 3.206402e-16 1e-20
8900.276614 3.201065e-16 1e-20
8900.527831 3.200817e-16 1e-20
8900.779048 3.210098e-16 1e-20
8901.030265 3.22984e-16 1e-20
8901.281482 3.262398e-16 1e-20
8901.532699 3.29689e-16 1e-20
8901.783916 3.319345e-16 1e-20
8902.035133 3.321182e-16 1e-20
8902.28635 3.315261e-16 1e-20
8902.537567 3.313752e-16 1e-20
8902.788783 3.319289e-16 1e-20
8903.04 3.328682e-16 1e-20
8903.291217 3.34014e-16 1e-20
8903.542434 3.340212e-16 1e-20
8903.793651 3.31335e-16 1e-20
8904.044868 3.259385e-16 1e-20
8904.296085 3.205086e-16 1e-20
8904.547302 3.17547e-16 1e-20
8904.798519 3.17015e-16 1e-20
8905.049736 3.181688e-16 1e-20
8905.300953 3.201712e-16 1e-20
8905.55217 3.212982e-16 1e-20
8905.803387 3.195412e-16 1e-20
8906.054604 3.152715e-16 1e-20
8906.305821 3.108636e-16 1e-20
8906.557038 3.088352e-16 1e-20
8906.808254 3.081154e-16 1e-20
8907.059471 3.072433e-16 1e-20
8907.310688 3.071855e-16 1e-20
8907.561905 3.071277e-16 1e-20
8907.813122 3.070697e-16 1e-20
8908.064339 3.070119e-16 1e-20
8908.315556 3.069542e-16 1e-20
8908.566773 3.068964e-16 1e-20
8908.81799 3.068383e-16 1e-20
8909.069207 3.067806e-16 1e-20
8909.320424 3.067228e-16 1e-20
8909.571641 3.06665e-16 1e-20
8909.822858 3.06607e-16 1e-20
8910.074075 3.065492e-16 1e-20
8910.325292 3.064914e-16 1e-20
8910.576509 3.064336e-16 1e-20
8910.827725 3.063756e-16 1e-20
8911.078942 3.063178e-16 1e-20
8911.330159 3.063293e-16 1e-20
8911.581376 3.066222e-16 1e-20
8911.832593 3.05602e-16 1e-20
8912.08381 3.040648e-16 1e-20
8912.335027 3.031774e-16 1e-20
8912.586244 3.032602e-16 1e-20
8912.837461 3.03284e-16 1e-20
8913.088678 3.023791e-16 1e-20
8913.339895 3.011343e-16 1e-20
8913.591112 3.00461e-16 1e-20
8913.842329 3.008929e-16 1e-20
8914.093546 3.013828e-16 1e-20
8914.344763 3.008432e-16 1e-20
8914.59598 2.995325e-16 1e-20
8914.847196 2.985527e-16 1e-20
8915.098413 2.988612e-16 1e-20
8915.34963 2.99813e-16 1e-20
8915.600847 3.005728e-16 1e-20
8915.852064 3.008377e-16 1e-20
8916.103281 3.013753e-16 1e-20
8916.354498 3.031493e-16 1e-20
8916.605715 3.044769e-16 1e-20
8916.856932 3.029553e-16 1e-20
8917.108149 2.971509e-16 1e-20
8917.359366 2.908362e-16 1e-20
8917.610583 2.880639e-16 1e-20
8917.8618 2.893862e-16 1e-20
8918.113017 2.923369e-16 1e-20
8918.364234 2.943865e-16 1e-20
8918.615451 2.940302e-16 1e-20
8918.866667 2.93674e-16 1e-20
8919.117884 2.933164e-16 1e-20
8919.369101 2.929602e-16 1e-20
8919.620318 2.92604e-16 1e-20
8919.871535 2.922478e-16 1e-20
8920.122752 2.918901e-16 1e-20
8920.373969 2.915339e-16 1e-20
8920.625186 2.911777e-16 1e-20
8920.876403 2.908215e-16 1e-20
8921.12762 2.904639e-16 1e-20
8921.378837 2.901077e-16 1e-20
8921.630054 2.897515e-16 1e-20
8921.881271 2.893952e-16 1e-20
8922.132488 2.890376e-16 1e-20
8922.383705 2.877307e-16 1e-20
8922.634922 2.863821e-16 1e-20
8922.886138 2.850335e-16 1e-20
8923.137355 2.836798e-16 1e-20
8923.388572 2.823312e-16 1e-20
8923.639789 2.809826e-16 1e-20
8923.891006 2.796341e-16 1e-20
8924.142223 2.782803e-16 1e-20
8924.39344 2.769317e-16 1e-20
8924.644657 2.755832e-16 1e-20
8924.895874 2.742346e-16 1e-20
8925.147091 2.717806e-16 1e-20
8925.398308 2.686859e-16 1e-20
8925.649525 2.670079e-16 1e-20
8925.900742 2.667401e-16 1e-20
8926.151959 2.678796e-16 1e-20
8926.403176 2.695927e-16 1e-20
8926.654393 2.705255e-16 1e-20
8926.905609 2.693219e-16 1e-20
8927.156826 2.669123e-16 1e-20
8927.408043 2.644429e-16 1e-20
8927.65926 2.62589e-16 1e-20
8927.910477 2.610341e-16 1e-20
8928.161694 2.596121e-16 1e-20
8928.412911 2.58385e-16 1e-20
8928.664128 2.574227e-16 1e-20
8928.915345 2.567758e-16 1e-20
8929.166562 2.569181e-16 1e-20
8929.417779 2.583868e-16 1e-20
8929.668996 2.607145e-16 1e-20
8929.920213 2.626031e-16 1e-20
8930.17143 2.62909e-16 1e-20
8930.422647 2.616073e-16 1e-20
8930.673864 2.588191e-16 1e-20
8930.92508 2.550282e-16 1e-20
8931.176297 2.514851e-16 1e-20
8931.427514 2.494192e-16 1e-20
8931.678731 2.491664e-16 1e-20
8931.929948 2.506563e-16 1e-20
8932.181165 2.536776e-16 1e-20
8932.432382 2.5653e-16 1e-20
8932.683599 2.572733e-16 1e-20
8932.934816 2.557406e-16 1e-20
8933.186033 2.538312e-16 1e-20
8933.43725 2.53323e-16 1e-20
8933.688467 2.53778e-16 1e-20
8933.939684 2.544289e-16 1e-20
8934.190901 2.547066e-16 1e-20
8934.442118 2.546372e-16 1e-20
8934.693335 2.541261e-16 1e-20
8934.944551 2.53287e-16 1e-20
8935.195768 2.523553e-16 1e-20
8935.446985 2.515681e-16 1e-20
8935.698202 2.510197e-16 1e-20
8935.949419 2.507933e-16 1e-20
8936.200636 2.508976e-16 1e-20
8936.451853 2.51238e-16 1e-20
8936.70307 2.516973e-16 1e-20
8936.954287 2.52114e-16 1e-20
8937.205504 2.523363e-16 1e-20
8937.456721 2.522092e-16 1e-20
8937.707938 2.514177e-16 1e-20
8937.959155 2.495555e-16 1e-20
8938.210372 2.470873e-16 1e-20
8938.461589 2.450526e-16 1e-20
8938.712806 2.444101e-16 1e-20
8938.964022 2.442637e-16 1e-20
8939.215239 2.43542e-16 1e-20
8939.466456 2.417481e-16 1e-20
8939.717673 2.395617e-16 1e-20
8939.96889 2.375577e-16 1e-20
8940.220107 2.358226e-16 1e-20
8940.471324 2.34315e-16 1e-20
8940.722541 2.330262e-16 1e-20
8940.973758 2.318893e-16 1e-20
8941.224975 2.307769e-16 1e-20
8941.476192 2.298371e-16 1e-20
8941.727409 2.294525e-16 1e-20
8941.978626 2.299433e-16 1e-20
8942.229843 2.311592e-16 1e-20
8942.48106 2.328703e-16 1e-20
8942.732277 2.347773e-16 1e-20
8942.983493 2.364674e-16 1e-20
8943.23471 2.37548e-16 1e-20
8943.485927 2.377478e-16 1e-20
8943.737144 2.368866e-16 1e-20
8943.988361 2.348918e-16 1e-20
8944.239578 2.323416e-16 1e-20
8944.490795 2.298642e-16 1e-20
8944.742012 2.278175e-16 1e-20
8944.993229 2.262028e-16 1e-20
8945.244446 2.250767e-16 1e-20
8945.495663 2.241054e-16 1e-20
8945.74688 2.228677e-16 1e-20
8945.998097 2.211278e-16 1e-20
8946.249314 2.192898e-16 1e-20
8946.500531 2.175801e-16 1e-20
8946.751748 2.165343e-16 1e-20
8947.002964 2.168431e-16 1e-20
8947.254181 2.191195e-16 1e-20
8947.505398 2.20954e-16 1e-20
8947.756615 2.19614e-16 1e-20
8948.007832 2.147732e-16 1e-20
8948.259049 2.098824e-16 1e-20
8948.510266 2.081168e-16 1e-20
8948.761483 2.092265e-16 1e-20
8949.0127 2.121403e-16 1e-20
8949.263917 2.15777e-16 1e-20
8949.515134 2.188353e-16 1e-20
8949.766351 2.197232e-16 1e-20
8950.017568 2.185041e-16 1e-20
8950.268785 2.164577e-16 1e-20
8950.520002 2.148103e-16 1e-20
8950.771219 2.132546e-16 1e-20
8951.022435 2.114467e-16 1e-20
8951.273652 2.092483e-16 1e-20
8951.524869 2.06896e-16 1e-20
8951.776086 2.044592e-16 1e-20
8952.027303 2.02554e-16 1e-20
8952.27852 2.019141e-16 1e-20
8952.529737 2.030034e-16 1e-20
8952.780954 2.051219e-16 1e-20
8953.032171 2.076649e-16 1e-20
8953.283388 2.095634e-16 1e-20
8953.534605 2.094237e-16 1e-20
8953.785822 2.059743e-16 1e-20
8954.037039 2.004552e-16 1e-20
8954.288256 1.944818e-16 1e-20
8954.539473 1.895785e-16 1e-20
8954.79069 1.868973e-16 1e-20
8955.041906 1.877464e-16 1e-20
8955.293123 1.914164e-16 1e-20
8955.54434 1.962649e-16 1e-20
8955.795557 2.00747e-16 1e-20
8956.046774 2.043265e-16 1e-20
8956.297991 2.063968e-16 1e-20
8956.549208 2.071048e-16 1e-20
8956.800425 2.074849e-16 1e-20
8957.051642 2.084979e-16 1e-20
8957.302859 2.105942e-16 1e-20
8957.554076 2.141407e-16 1e-20
8957.805293 2.189901e-16 1e-20
8958.05651 2.232117e-16 1e-20
8958.307727 2.24848e-16 1e-20
8958.558944 2.236801e-16 1e-20
8958.810161 2.205289e-16 1e-20
8959.061377 2.161703e-16 1e-20
8959.312594 2.118751e-16 1e-20
8959.563811 2.090615e-16 1e-20
8959.815028 2.081651e-16 1e-20
8960.066245 2.080076e-16 1e-20
8960.317462 2.074906e-16 1e-20
8960.568679 2.060935e-16 1e-20
8960.819896 2.034393e-16 1e-20
8961.071113 1.993223e-16 1e-20
8961.32233 1.943216e-16 1e-20
8961.573547 1.89087e-16 1e-20
8961.824764 1.841237e-16 1e-20
8962.075981 1.798033e-16 1e-20
8962.327198 1.765264e-16 1e-20
8962.578415 1.741947e-16 1e-20
8962.829632 1.72554e-16 1e-20
8963.080848 1.716096e-16 1e-20
8963.332065 1.720275e-16 1e-20
8963.583282 1.744082e-16 1e-20
8963.834499 1.780183e-16 1e-20
8964.085716 1.816969e-16 1e-20
8964.336933 1.844196e-16 1e-20
8964.58815 1.854059e-16 1e-20
8964.839367 1.83757e-16 1e-20
8965.090584 1.800863e-16 1e-20
8965.341801 1.76442e-16 1e-20
8965.593018 1.748692e-16 1e-20
8965.844235 1.748707e-16 1e-20
8966.095452 1.754962e-16 1e-20
8966.346669 1.763103e-16 1e-20
8966.597886 1.785888e-16 1e-20
8966.849103 1.836671e-16 1e-20
8967.100319 1.900063e-16 1e-20
8967.351536 1.948355e-16 1e-20
8967.602753 1.958833e-16 1e-20
8967.85397 1.952336e-16 1e-20
8968.105187 1.951528e-16 1e-20
8968.356404 1.96481e-16 1e-20
8968.607621 1.981183e-16 1e-20
8968.858838 1.991871e-16 1e-20
8969.110055 1.995708e-16 1e-20
8969.361272 1.992565e-16 1e-20
8969.612489 1.980991e-16 1e-20
8969.863706 1.955248e-16 1e-20
8970.114923 1.911087e-16 1e-20
8970.36614 1.849699e-16 1e-20
8970.617357 1.775881e-16 1e-20
8970.868574 1.694965e-16 1e-20
8971.11979 1.624954e-16 1e-20
8971.371007 1.584411e-16 1e-20
8971.622224 1.581677e-16 1e-20
8971.873441 1.608227e-16 1e-20
8972.124658 1.656266e-16 1e-20
8972.375875 1.712278e-16 1e-20
8972.627092 1.760838e-16 1e-20
8972.878309 1.789582e-16 1e-20
8973.129526 1.801758e-16 1e-20
8973.380743 1.801581e-16 1e-20
8973.63196 1.793315e-16 1e-20
8973.883177 1.780912e-16 1e-20
8974.134394 1.768173e-16 1e-20
8974.385611 1.765936e-16 1e-20
8974.636828 1.786156e-16 1e-20
8974.888045 1.828874e-16 1e-20
8975.139261 1.868707e-16 1e-20
8975.390478 1.880341e-16 1e-20
8975.641695 1.866985e-16 1e-20
8975.892912 1.842368e-16 1e-20
8976.144129 1.818755e-16 1e-20
8976.395346 1.798995e-16 1e-20
8976.646563 1.786104e-16 1e-20
8976.89778 1.783873e-16 1e-20
8977.148997 1.796516e-16 1e-20
8977.400214 1.828394e-16 1e-20
8977.651431 1.861185e-16 1e-20
8977.902648 1.872135e-16 1e-20
8978.153865 1.850163e-16 1e-20
8978.405082 1.819226e-16 1e-20
8978.656299 1.804328e-16 1e-20
8978.907516 1.798461e-16 1e-20
8979.158732 1.780705e-16 1e-20
8979.409949 1.735234e-16 1e-20
8979.661166 1.672969e-16 1e-20
8979.912383 1.603316e-16 1e-20
8980.1636 1.541376e-16 1e-20
8980.414817 1.508896e-16 1e-20
8980.666034 1.529304e-16 1e-20
8980.917251 1.579752e-16 1e-20
8981.168468 1.626568e-16 1e-20
8981.419685 1.646459e-16 1e-20
8981.670902 1.659685e-16 1e-20
8981.922119 1.685209e-16 1e-20
8982.173336 1.721968e-16 1e-20
8982.424553 1.75712e-16 1e-20
8982.67577 1.780785e-16 1e-20
8982.926987 1.792555e-16 1e-20
8983.178203 1.791776e-16 1e-20
8983.42942 1.78143e-16 1e-20
8983.680637 1.770553e-16 1e-20
8983.931854 1.768234e-16 1e-20
8984.183071 1.772158e-16 1e-20
8984.434288 1.776828e-16 1e-20
8984.685505 1.776621e-16 1e-20
8984.936722 1.763618e-16 1e-20
8985.187939 1.728341e-16 1e-20
8985.439156 1.674078e-16 1e-20
8985.690373 1.614425e-16 1e-20
8985.94159 1.563317e-16 1e-20
8986.192807 1.512313e-16 1e-20
8986.444024 1.45088e-16 1e-20
8986.695241 1.37823e-16 1e-20
8986.946458 1.315213e-16 1e-20
8987.197674 1.279067e-16 1e-20
8987.448891 1.278147e-16 1e-20
8987.700108 1.316451e-16 1e-20
8987.951325 1.393607e-16 1e-20
8988.202542 1.480146e-16 1e-20
8988.453759 1.544434e-16 1e-20
8988.704976 1.573216e-16 1e-20
8988.956193 1.573782e-16 1e-20
8989.20741 1.551828e-16 1e-20
8989.458627 1.517026e-16 1e-20
8989.709844 1.482064e-16 1e-20
8989.961061 1.454038e-16 1e-20
8990.212278 1.419207e-16 1e-20
8990.463495 1.363273e-16 1e-20
8990.714712 1.29585e-16 1e-20
8990.965929 1.23771e-16 1e-20
8991.217145 1.206493e-16 1e-20
8991.468362 1.201542e-16 1e-20
8991.719579 1.221002e-16 1e-20
8991.970796 1.261609e-16 1e-20
8992.222013 1.319013e-16 1e-20
8992.47323 1.388084e-16 1e-20
8992.724447 1.457057e-16 1e-20
8992.975664 1.513063e-16 1e-20
8993.226881 1.547262e-16 1e-20
8993.478098 1.564715e-16 1e-20
8993.729315 1.570907e-16 1e-20
8993.980532 1.570909e-16 1e-20
8994.231749 1.569295e-16 1e-20
8994.482966 1.570542e-16 1e-20
8994.734183 1.578207e-16 1e-20
8994.9854 1.596459e-16 1e-20
8995.236616 1.622401e-16 1e-20
8995.487833 1.640605e-16 1e-20
8995.73905 1.634049e-16 1e-20
8995.990267 1.616229e-16 1e-20
8996.241484 1.608949e-16 1e-20
8996.492701 1.62763e-16 1e-20
8996.743918 1.657856e-16 1e-20
8996.995135 1.688253e-16 1e-20
8997.246352 1.704347e-16 1e-20
8997.497569 1.690079e-16 1e-20
8997.748786 1.628532e-16 1e-20
8998.000003 1.553418e-16 1e-20
8998.25122 1.505594e-16 1e-20
8998.502437 1.50382e-16 1e-20
8998.753654 1.513264e-16 1e-20
8999.004871 1.503117e-16 1e-20
8999.256088 1.466213e-16 1e-20
8999.507304 1.404812e-16 1e-20
8999.758521 1.322533e-16 1e-20
9000.009738 1.238546e-16 1e-20
9000.260955 1.173418e-16 1e-20
9000.512172 1.140358e-16 1e-20
9000.763389 1.143013e-16 1e-20
9001.014606 1.184122e-16 1e-20
9001.265823 1.251713e-16 1e-20
9001.51704 1.330496e-16 1e-20
9001.768257 1.404198e-16 1e-20
9002.019474 1.455213e-16 1e-20
9002.270691 1.464671e-16 1e-20
9002.521908 1.439766e-16 1e-20
9002.773125 1.401563e-16 1e-20
9003.024342 1.370324e-16 1e-20
9003.275559 1.348431e-16 1e-20
9003.526775 1.337656e-16 1e-20
9003.777992 1.340901e-16 1e-20
9004.029209 1.362882e-16 1e-20
9004.280426 1.407052e-16 1e-20
9004.531643 1.462063e-16 1e-20
9004.78286 1.512581e-16 1e-20
9005.034077 1.546415e-16 1e-20
9005.285294 1.566227e-16 1e-20
9005.536511 1.576401e-16 1e-20
9005.787728 1.572181e-16 1e-20
9006.038945 1.543768e-16 1e-20
9006.290162 1.484238e-16 1e-20
9006.541379 1.415912e-16 1e-20
9006.792596 1.362718e-16 1e-20
9007.043813 1.340566e-16 1e-20
9007.29503 1.350207e-16 1e-20
9007.546246 1.395534e-16 1e-20
9007.797463 1.454874e-16 1e-20
9008.04868 1.498331e-16 1e-20
9008.299897 1.503342e-16 1e-20
9008.551114 1.491599e-16 1e-20
9008.802331 1.484341e-16 1e-20
9009.053548 1.490728e-16 1e-20
9009.304765 1.508841e-16 1e-20
9009.555982 1.539527e-16 1e-20
9009.807199 1.564515e-16 1e-20
9010.058416 1.561928e-16 1e-20
9010.309633 1.523165e-16 1e-20
9010.56085 1.473063e-16 1e-20
9010.812067 1.437157e-16 1e-20
9011.063284 1.413312e-16 1e-20
9011.314501 1.388717e-16 1e-20
9011.565717 1.354353e-16 1e-20
9011.816934 1.327448e-16 1e-20
9012.068151 1.324482e-16 1e-20
9012.319368 1.349869e-16 1e-20
9012.570585 1.394103e-16 1e-20
9012.821802 1.448474e-16 1e-20
9013.073019 1.50438e-16 1e-20
9013.324236 1.552951e-16 1e-20
9013.575453 1.586507e-16 1e-20
9013.82667 1.600709e-16 1e-20
9014.077887 1.590418e-16 1e-20
9014.329104 1.562902e-16 1e-20
9014.580321 1.531752e-16 1e-20
9014.831538 1.509012e-16 1e-20
9015.082755 1.485465e-16 1e-20
9015.333972 1.453275e-16 1e-20
9015.585188 1.404746e-16 1e-20
9015.836405 1.332343e-16 1e-20
9016.087622 1.224582e-16 1e-20
9016.338839 1.119986e-16 1e-20
9016.590056 1.068175e-16 1e-20
9016.841273 1.101344e-16 1e-20
9017.09249 1.180964e-16 1e-20
9017.343707 1.269693e-16 1e-20
9017.594924 1.346825e-16 1e-20
9017.846141 1.404005e-16 1e-20
9018.097358 1.431286e-16 1e-20
9018.348575 1.443024e-16 1e-20
9018.599792 1.458155e-16 1e-20
9018.851009 1.486086e-16 1e-20
9019.102226 1.515202e-16 1e-20
9019.353443 1.535638e-16 1e-20
9019.604659 1.548381e-16 1e-20
9019.855876 1.556976e-16 1e-20
9020.107093 1.563627e-16 1e-20
9020.35831 1.570068e-16 1e-20
9020.609527 1.580512e-16 1e-20
9020.860744 1.586604e-16 1e-20
9021.111961 1.569702e-16 1e-20
9021.363178 1.513383e-16 1e-20
9021.614395 1.435071e-16 1e-20
9021.865612 1.355957e-16 1e-20
9022.116829 1.295239e-16 1e-20
9022.368046 1.266824e-16 1e-20
9022.619263 1.287438e-16 1e-20
9022.87048 1.341458e-16 1e-20
9023.121697 1.399127e-16 1e-20
9023.372914 1.433849e-16 1e-20
9023.62413 1.45242e-16 1e-20
9023.875347 1.462164e-16 1e-20
9024.126564 1.464892e-16 1e-20
9024.377781 1.455641e-16 1e-20
9024.628998 1.432885e-16 1e-20
9024.880215 1.396729e-16 1e-20
9025.131432 1.347799e-16 1e-20
9025.382649 1.291116e-16 1e-20
9025.633866 1.245522e-16 1e-20
9025.885083 1.228084e-16 1e-20
9026.1363 1.245218e-16 1e-20
9026.387517 1.296526e-16 1e-20
9026.638734 1.379946e-16 1e-20
9026.889951 1.465257e-16 1e-20
9027.141168 1.518923e-16 1e-20
9027.392385 1.529222e-16 1e-20
9027.643601 1.518779e-16 1e-20
9027.894818 1.507902e-16 1e-20
9028.146035 1.503753e-16 1e-20
9028.397252 1.511134e-16 1e-20
9028.648469 1.532363e-16 1e-20
9028.899686 1.55562e-16 1e-20
9029.150903 1.567095e-16 1e-20
9029.40212 1.565033e-16 1e-20
9029.653337 1.556591e-16 1e-20
9029.904554 1.548662e-16 1e-20
9030.155771 1.532322e-16 1e-20
9030.406988 1.497632e-16 1e-20
9030.658205 1.444921e-16 1e-20
9030.909422 1.394456e-16 1e-20
9031.160639 1.365044e-16 1e-20
9031.411856 1.359116e-16 1e-20
9031.663072 1.37338e-16 1e-20
9031.914289 1.403606e-16 1e-20
9032.165506 1.439709e-16 1e-20
9032.416723 1.469538e-16 1e-20
9032.66794 1.490718e-16 1e-20
9032.919157 1.510202e-16 1e-20
9033.170374 1.53422e-16 1e-20
9033.421591 1.559714e-16 1e-20
9033.672808 1.583294e-16 1e-20
9033.924025 1.601686e-16 1e-20
9034.175242 1.610893e-16 1e-20
9034.426459 1.606074e-16 1e-20
9034.677676 1.593234e-16 1e-20
9034.928893 1.58277e-16 1e-20
9035.18011 1.583365e-16 1e-20
9035.431327 1.594438e-16 1e-20
9035.682543 1.61608e-16 1e-20
9035.93376 1.642077e-16 1e-20
9036.184977 1.659179e-16 1e-20
9036.436194 1.654451e-16 1e-20
9036.687411 1.634575e-16 1e-20
9036.938628 1.609751e-16 1e-20
9037.189845 1.589686e-16 1e-20
9037.441062 1.582897e-16 1e-20
9037.692279 1.600056e-16 1e-20
9037.943496 1.632782e-16 1e-20
9038.194713 1.662147e-16 1e-20
9038.44593 1.671083e-16 1e-20
9038.697147 1.663756e-16 1e-20
9038.948364 1.645428e-16 1e-20
9039.199581 1.621297e-16 1e-20
9039.450798 1.595519e-16 1e-20
9039.702014 1.573201e-16 1e-20
9039.953231 1.557131e-16 1e-20
9040.204448 1.54891e-16 1e-20
9040.455665 1.548927e-16 1e-20
9040.706882 1.555164e-16 1e-20
9040.958099 1.566338e-16 1e-20
9041.209316 1.575686e-16 1e-20
9041.460533 1.573074e-16 1e-20
9041.71175 1.549406e-16 1e-20
9041.962967 1.517138e-16 1e-20
9042.214184 1.491331e-16 1e-20
9042.465401 1.481284e-16 1e-20
9042.716618 1.483156e-16 1e-20
9042.967835 1.493458e-16 1e-20
9043.219052 1.513183e-16 1e-20
9043.470269 1.544254e-16 1e-20
9043.721485 1.586459e-16 1e-20
9043.972702 1.628573e-16 1e-20
9044.223919 1.658476e-16 1e-20
9044.475136 1.674557e-16 1e-20
9044.726353 1.685403e-16 1e-20
9044.97757 1.698939e-16 1e-20
9045.228787 1.711678e-16 1e-20
9045.480004 1.719532e-16 1e-20
9045.731221 1.719335e-16 1e-20
9045.982438 1.709003e-16 1e-20
9046.233655 1.685097e-16 1e-20
9046.484872 1.656613e-16 1e-20
9046.736089 1.637799e-16 1e-20
9046.987306 1.64062e-16 1e-20
9047.238523 1.65968e-16 1e-20
9047.48974 1.688124e-16 1e-20
9047.740956 1.721438e-16 1e-20
9047.992173 1.758889e-16 1e-20
9048.24339 1.799578e-16 1e-20
9048.494607 1.831712e-16 1e-20
9048.745824 1.842165e-16 1e-20
9048.997041 1.82393e-16 1e-20
9049.248258 1.788905e-16 1e-20
9049.499475 1.748284e-16 1e-20
9049.750692 1.712369e-16 1e-20
9050.001909 1.690194e-16 1e-20
9050.253126 1.689509e-16 1e-20
9050.504343 1.703101e-16 1e-20
9050.75556 1.722397e-16 1e-20
9051.006777 1.737874e-16 1e-20
9051.257994 1.739801e-16 1e-20
9051.509211 1.718226e-16 1e-20
9051.760427 1.678189e-16 1e-20
9052.011644 1.629379e-16 1e-20
9052.262861 1.581855e-16 1e-20
9052.514078 1.545596e-16 1e-20
9052.765295 1.531487e-16 1e-20
9053.016512 1.54051e-16 1e-20
9053.267729 1.565723e-16 1e-20
9053.518946 1.599916e-16 1e-20
9053.770163 1.63869e-16 1e-20
9054.02138 1.677012e-16 1e-20
9054.272597 1.711507e-16 1e-20
9054.523814 1.742988e-16 1e-20
9054.775031 1.772712e-16 1e-20
9055.026248 1.797741e-16 1e-20
9055.277465 1.814183e-16 1e-20
9055.528682 1.819338e-16 1e-20
9055.779898 1.812965e-16 1e-20
9056.031115 1.794537e-16 1e-20
9056.282332 1.76876e-16 1e-20
9056.533549 1.745171e-16 1e-20
9056.784766 1.732904e-16 1e-20
9057.035983 1.729901e-16 1e-20
9057.2872 1.732132e-16 1e-20
9057.538417 1.735991e-16 1e-20
9057.789634 1.740212e-16 1e-20
9058.040851 1.742911e-16 1e-20
9058.292068 1.742627e-16 1e-20
9058.543285 1.738307e-16 1e-20
9058.794502 1.729353e-16 1e-20
9059.045719 1.717782e-16 1e-20
9059.296936 1.706059e-16 1e-20
9059.548153 1.695272e-16 1e-20
9059.799369 1.684547e-16 1e-20
9060.050586 1.673308e-16 1e-20
9060.301803 1.662463e-16 1e-20
9060.55302 1.652833e-16 1e-20
9060.804237 1.645469e-16 1e-20
9061.055454 1.643817e-16 1e-20
9061.306671 1.65287e-16 1e-20
9061.557888 1.66646e-16 1e-20
9061.809105 1.672e-16 1e-20
9062.060322 1.658301e-16 1e-20
9062.311539 1.64211e-16 1e-20
9062.562756 1.642413e-16 1e-20
9062.813973 1.665697e-16 1e-20
9063.06519 1.696555e-16 1e-20
9063.316407 1.722204e-16 1e-20
9063.567624 1.738629e-16 1e-20
9063.81884 1.743604e-16 1e-20
9064.070057 1.737363e-16 1e-20
9064.321274 1.737947e-16 1e-20
9064.572491 1.76562e-16 1e-20
9064.823708 1.815888e-16 1e-20
9065.074925 1.865027e-16 1e-20
9065.326142 1.892119e-16 1e-20
9065.577359 1.897862e-16 1e-20
9065.828576 1.883768e-16 1e-20
9066.079793 1.856905e-16 1e-20
9066.33101 1.836745e-16 1e-20
9066.582227 1.844962e-16 1e-20
9066.833444 1.86918e-16 1e-20
9067.084661 1.884751e-16 1e-20
9067.335878 1.871143e-16 1e-20
9067.587095 1.83011e-16 1e-20
9067.838311 1.763441e-16 1e-20
9068.089528 1.678683e-16 1e-20
9068.340745 1.588798e-16 1e-20
9068.591962 1.506757e-16 1e-20
9068.843179 1.448179e-16 1e-20
9069.094396 1.4277e-16 1e-20
9069.345613 1.452174e-16 1e-20
9069.59683 1.510164e-16 1e-20
9069.848047 1.590718e-16 1e-20
9070.099264 1.67305e-16 1e-20
9070.350481 1.732972e-16 1e-20
9070.601698 1.750312e-16 1e-20
9070.852915 1.728077e-16 1e-20
9071.104132 1.669635e-16 1e-20
9071.355349 1.593395e-16 1e-20
9071.606566 1.535985e-16 1e-20
9071.857782 1.535481e-16 1e-20
9072.108999 1.573258e-16 1e-20
9072.360216 1.617048e-16 1e-20
9072.611433 1.642686e-16 1e-20
9072.86265 1.663571e-16 1e-20
9073.113867 1.692438e-16 1e-20
9073.365084 1.721827e-16 1e-20
9073.616301 1.732787e-16 1e-20
9073.867518 1.71023e-16 1e-20
9074.118735 1.676439e-16 1e-20
9074.369952 1.656398e-16 1e-20
9074.621169 1.663261e-16 1e-20
9074.872386 1.688273e-16 1e-20
9075.123603 1.72525e-16 1e-20
9075.37482 1.765584e-16 1e-20
9075.626037 1.799167e-16 1e-20
9075.877253 1.818175e-16 1e-20
9076.12847 1.831619e-16 1e-20
9076.379687 1.849323e-16 1e-20
9076.630904 1.8712e-16 1e-20
9076.882121 1.889048e-16 1e-20
9077.133338 1.89614e-16 1e-20
9077.384555 1.892118e-16 1e-20
9077.635772 1.877096e-16 1e-20
9077.886989 1.852597e-16 1e-20
9078.138206 1.823134e-16 1e-20
9078.389423 1.793859e-16 1e-20
9078.64064 1.764977e-16 1e-20
9078.891857 1.734712e-16 1e-20
9079.143074 1.701727e-16 1e-20
9079.394291 1.668945e-16 1e-20
9079.645508 1.640356e-16 1e-20
9079.896724 1.61474e-16 1e-20
9080.147941 1.585376e-16 1e-20
9080.399158 1.545243e-16 1e-20
9080.650375 1.511209e-16 1e-20
9080.901592 1.503353e-16 1e-20
9081.152809 1.533214e-16 1e-20
9081.404026 1.588303e-16 1e-20
9081.655243 1.657926e-16 1e-20
9081.90646 1.728668e-16 1e-20
9082.157677 1.785832e-16 1e-20
9082.408894 1.815858e-16 1e-20
9082.660111 1.831526e-16 1e-20
9082.911328 1.849837e-16 1e-20
9083.162545 1.87183e-16 1e-20
9083.413762 1.874779e-16 1e-20
9083.664979 1.836877e-16 1e-20
9083.916195 1.782375e-16 1e-20
9084.167412 1.744563e-16 1e-20
9084.418629 1.74634e-16 1e-20
9084.669846 1.774035e-16 1e-20
9084.921063 1.817702e-16 1e-20
9085.17228 1.856202e-16 1e-20
9085.423497 1.862819e-16 1e-20
9085.674714 1.814314e-16 1e-20
9085.925931 1.726476e-16 1e-20
9086.177148 1.618164e-16 1e-20
9086.428365 1.514491e-16 1e-20
9086.679582 1.448933e-16 1e-20
9086.930799 1.456033e-16 1e-20
9087.182016 1.52414e-16 1e-20
9087.433233 1.625923e-16 1e-20
9087.68445 1.734471e-16 1e-20
9087.935666 1.831897e-16 1e-20
9088.186883 1.897839e-16 1e-20
9088.4381 1.927284e-16 1e-20
9088.689317 1.92911e-16 1e-20
9088.940534 1.913181e-16 1e-20
9089.191751 1.889697e-16 1e-20
9089.442968 1.869962e-16 1e-20
9089.694185 1.861807e-16 1e-20
9089.945402 1.864075e-16 1e-20
9090.196619 1.876037e-16 1e-20
9090.447836 1.891098e-16 1e-20
9090.699053 1.900196e-16 1e-20
9090.95027 1.895505e-16 1e-20
9091.201487 1.881605e-16 1e-20
9091.452704 1.863818e-16 1e-20
9091.703921 1.844903e-16 1e-20
9091.955137 1.824375e-16 1e-20
9092.206354 1.802321e-16 1e-20
9092.457571 1.78294e-16 1e-20
9092.708788 1.770887e-16 1e-20
9092.960005 1.768765e-16 1e-20
9093.211222 1.773351e-16 1e-20
9093.462439 1.781162e-16 1e-20
9093.713656 1.791294e-16 1e-20
9093.964873 1.804203e-16 1e-20
9094.21609 1.820107e-16 1e-20
9094.467307 1.835153e-16 1e-20
9094.718524 1.845196e-16 1e-20
9094.969741 1.850749e-16 1e-20
9095.220958 1.858869e-16 1e-20
9095.472175 1.874913e-16 1e-20
9095.723392 1.9011e-16 1e-20
9095.974608 1.939242e-16 1e-20
9096.225825 1.986685e-16 1e-20
9096.477042 2.019406e-16 1e-20
9096.728259 2.01128e-16 1e-20
9096.979476 1.967968e-16 1e-20
9097.230693 1.916348e-16 1e-20
9097.48191 1.880456e-16 1e-20
9097.733127 1.85655e-16 1e-20
9097.984344 1.840342e-16 1e-20
9098.235561 1.824757e-16 1e-20
9098.486778 1.797739e-16 1e-20
9098.737995 1.745525e-16 1e-20
9098.989212 1.678241e-16 1e-20
9099.240429 1.613585e-16 1e-20
9099.491646 1.566733e-16 1e-20
9099.742863 1.539662e-16 1e-20
9099.994079 1.535706e-16 1e-20
9100.245296 1.551214e-16 1e-20
9100.496513 1.576348e-16 1e-20
9100.74773 1.599846e-16 1e-20
9100.998947 1.629479e-16 1e-20
9101.250164 1.675581e-16 1e-20
9101.501381 1.739349e-16 1e-20
9101.752598 1.798835e-16 1e-20
9102.003815 1.83348e-16 1e-20
9102.255032 1.843839e-16 1e-20
9102.506249 1.839063e-16 1e-20
9102.757466 1.827473e-16 1e-20
9103.008683 1.820849e-16 1e-20
9103.2599 1.833891e-16 1e-20
9103.511117 1.862034e-16 1e-20
9103.762334 1.878566e-16 1e-20
9104.01355 1.858137e-16 1e-20
9104.264767 1.810766e-16 1e-20
9104.515984 1.752965e-16 1e-20
9104.767201 1.698326e-16 1e-20
9105.018418 1.648893e-16 1e-20
9105.269635 1.607434e-16 1e-20
9105.520852 1.579171e-16 1e-20
9105.772069 1.569755e-16 1e-20
9106.023286 1.582699e-16 1e-20
9106.274503 1.602843e-16 1e-20
9106.52572 1.613664e-16 1e-20
9106.776937 1.60749e-16 1e-20
9107.028154 1.590694e-16 1e-20
9107.279371 1.568307e-16 1e-20
9107.530588 1.548776e-16 1e-20
9107.781805 1.541751e-16 1e-20
9108.033021 1.554446e-16 1e-20
9108.284238 1.582732e-16 1e-20
9108.535455 1.621773e-16 1e-20
9108.786672 1.668202e-16 1e-20
9109.037889 1.719574e-16 1e-20
9109.289106 1.772535e-16 1e-20
9109.540323 1.821573e-16 1e-20
9109.79154 1.861839e-16 1e-20
9110.042757 1.88873e-16 1e-20
9110.293974 1.897421e-16 1e-20
9110.545191 1.883051e-16 1e-20
9110.796408 1.855238e-16 1e-20
9111.047625 1.82825e-16 1e-20
9111.298842 1.814178e-16 1e-20
9111.550059 1.814338e-16 1e-20
9111.801276 1.830727e-16 1e-20
9112.052492 1.857569e-16 1e-20
9112.303709 1.882536e-16 1e-20
9112.554926 1.893837e-16 1e-20
9112.806143 1.891925e-16 1e-20
9113.05736 1.878225e-16 1e-20
9113.308577 1.857774e-16 1e-20
9113.559794 1.845111e-16 1e-20
9113.811011 1.857814e-16 1e-20
9114.062228 1.883328e-16 1e-20
9114.313445 1.896514e-16 1e-20
9114.564662 1.877015e-16 1e-20
9114.815879 1.845725e-16 1e-20
9115.067096 1.82465e-16 1e-20
9115.318313 1.821249e-16 1e-20
9115.56953 1.824664e-16 1e-20
9115.820747 1.826303e-16 1e-20
9116.071963 1.82519e-16 1e-20
9116.32318 1.820807e-16 1e-20
9116.574397 1.812729e-16 1e-20
9116.825614 1.802943e-16 1e-20
9117.076831 1.794895e-16 1e-20
9117.328048 1.78382e-16 1e-20
9117.579265 1.761271e-16 1e-20
9117.830482 1.721468e-16 1e-20
9118.081699 1.669787e-16 1e-20
9118.332916 1.610719e-16 1e-20
9118.584133 1.558121e-16 1e-20
9118.83535 1.539692e-16 1e-20
9119.086567 1.583077e-16 1e-20
9119.337784 1.670298e-16 1e-20
9119.589001 1.771089e-16 1e-20
9119.840218 1.859582e-16 1e-20
9120.091435 1.932057e-16 1e-20
9120.342651 1.981674e-16 1e-20
9120.593868 2.012577e-16 1e-20
9120.845085 2.037056e-16 1e-20
9121.096302 2.068301e-16 1e-20
9121.347519 2.095813e-16 1e-20
9121.598736 2.106711e-16 1e-20
9121.849953 2.097425e-16 1e-20
9122.10117 2.084027e-16 1e-20
9122.352387 2.082501e-16 1e-20
9122.603604 2.086629e-16 1e-20
9122.854821 2.082978e-16 1e-20
9123.106038 2.062041e-16 1e-20
9123.357255 2.038446e-16 1e-20
9123.608472 2.026687e-16 1e-20
9123.859689 2.029635e-16 1e-20
9124.110906 2.038921e-16 1e-20
9124.362122 2.047417e-16 1e-20
9124.613339 2.052281e-16 1e-20
9124.864556 2.051514e-16 1e-20
9125.115773 2.043574e-16 1e-20
9125.36699 2.026882e-16 1e-20
9125.618207 1.996923e-16 1e-20
9125.869424 1.970047e-16 1e-20
9126.120641 1.970898e-16 1e-20
9126.371858 2.018124e-16 1e-20
9126.623075 2.074928e-16 1e-20
9126.874292 2.102267e-16 1e-20
9127.125509 2.085167e-16 1e-20
9127.376726 2.04013e-16 1e-20
9127.627943 1.980012e-16 1e-20
9127.87916 1.919618e-16 1e-20
9128.130377 1.875345e-16 1e-20
9128.381593 1.857704e-16 1e-20
9128.63281 1.854472e-16 1e-20
9128.884027 1.853279e-16 1e-20
9129.135244 1.848291e-16 1e-20
9129.386461 1.837843e-16 1e-20
9129.637678 1.820362e-16 1e-20
9129.888895 1.797686e-16 1e-20
9130.140112 1.7717e-16 1e-20
9130.391329 1.749107e-16 1e-20
9130.642546 1.743808e-16 1e-20
9130.893763 1.769948e-16 1e-20
9131.14498 1.817553e-16 1e-20
9131.396197 1.869854e-16 1e-20
9131.647414 1.912883e-16 1e-20
9131.898631 1.947577e-16 1e-20
9132.149848 1.973457e-16 1e-20
9132.401064 1.991578e-16 1e-20
9132.652281 2.004269e-16 1e-20
9132.903498 2.014745e-16 1e-20
9133.154715 2.016716e-16 1e-20
9133.405932 2.003321e-16 1e-20
9133.657149 1.972429e-16 1e-20
9133.908366 1.931491e-16 1e-20
9134.159583 1.886084e-16 1e-20
9134.4108 1.843978e-16 1e-20
9134.662017 1.813906e-16 1e-20
9134.913234 1.801511e-16 1e-20
9135.164451 1.784467e-16 1e-20
9135.415668 1.737944e-16 1e-20
9135.666885 1.664943e-16 1e-20
9135.918102 1.595976e-16 1e-20
9136.169319 1.559382e-16 1e-20
9136.420535 1.550014e-16 1e-20
9136.671752 1.557925e-16 1e-20
9136.922969 1.577295e-16 1e-20
9137.174186 1.615318e-16 1e-20
9137.425403 1.675176e-16 1e-20
9137.67662 1.755117e-16 1e-20
9137.927837 1.851125e-16 1e-20
9138.179054 1.958166e-16 1e-20
9138.430271 2.043662e-16 1e-20
9138.681488 2.072567e-16 1e-20
9138.932705 2.041943e-16 1e-20
9139.183922 1.990405e-16 1e-20
9139.435139 1.954813e-16 1e-20
9139.686356 1.936392e-16 1e-20
9139.937573 1.929821e-16 1e-20
9140.18879 1.930773e-16 1e-20
9140.440006 1.938634e-16 1e-20
9140.691223 1.950977e-16 1e-20
9140.94244 1.964341e-16 1e-20
9141.193657 1.97468e-16 1e-20
9141.444874 1.977624e-16 1e-20
9141.696091 1.983607e-16 1e-20
9141.947308 2.00586e-16 1e-20
9142.198525 2.042153e-16 1e-20
9142.449742 2.063667e-16 1e-20
9142.700959 2.042586e-16 1e-20
9142.952176 1.993379e-16 1e-20
9143.203393 1.94199e-16 1e-20
9143.45461 1.909912e-16 1e-20
9143.705827 1.898818e-16 1e-20
9143.957044 1.912558e-16 1e-20
9144.208261 1.945762e-16 1e-20
9144.459477 1.985857e-16 1e-20
9144.710694 2.019635e-16 1e-20
9144.961911 2.049173e-16 1e-20
9145.213128 2.07785e-16 1e-20
9145.464345 2.106833e-16 1e-20
9145.715562 2.132182e-16 1e-20
9145.966779 2.15171e-16 1e-20
9146.217996 2.161566e-16 1e-20
9146.469213 2.15764e-16 1e-20
9146.72043 2.137568e-16 1e-20
9146.971647 2.109411e-16 1e-20
9147.222864 2.081783e-16 1e-20
9147.474081 2.05901e-16 1e-20
9147.725298 2.040613e-16 1e-20
9147.976515 2.026352e-16 1e-20
9148.227732 2.015428e-16 1e-20
9148.478948 2.006654e-16 1e-20
9148.730165 1.998233e-16 1e-20
9148.981382 1.987051e-16 1e-20
9149.232599 1.96925e-16 1e-20
9149.483816 1.947874e-16 1e-20
9149.735033 1.929258e-16 1e-20
9149.98625 1.918837e-16 1e-20
9150.237467 1.909791e-16 1e-20
9150.488684 1.893698e-16 1e-20
9150.739901 1.87036e-16 1e-20
9150.991118 1.85111e-16 1e-20
9151.242335 1.848659e-16 1e-20
9151.493552 1.84519e-16 1e-20
9151.744769 1.817066e-16 1e-20
9151.995986 1.752735e-16 1e-20
9152.247203 1.685112e-16 1e-20
9152.498419 1.644482e-16 1e-20
9152.749636 1.643622e-16 1e-20
9153.000853 1.683011e-16 1e-20
9153.25207 1.761989e-16 1e-20
9153.503287 1.852048e-16 1e-20
9153.754504 1.921166e-16 1e-20
9154.005721 1.948543e-16 1e-20
9154.256938 1.935162e-16 1e-20
9154.508155 1.883112e-16 1e-20
9154.759372 1.799603e-16 1e-20
9155.010589 1.695045e-16 1e-20
9155.261806 1.584657e-16 1e-20
9155.513023 1.503705e-16 1e-20
9155.76424 1.486437e-16 1e-20
9156.015457 1.540614e-16 1e-20
9156.266674 1.651241e-16 1e-20
9156.51789 1.803105e-16 1e-20
9156.769107 1.959001e-16 1e-20
9157.020324 2.077495e-16 1e-20
9157.271541 2.134826e-16 1e-20
9157.522758 2.148333e-16 1e-20
9157.773975 2.134097e-16 1e-20
9158.025192 2.105953e-16 1e-20
9158.276409 2.077828e-16 1e-20
9158.527626 2.062438e-16 1e-20
9158.778843 2.050171e-16 1e-20
9159.03006 2.029873e-16 1e-20
9159.281277 1.99946e-16 1e-20
9159.532494 1.967104e-16 1e-20
9159.783711 1.939591e-16 1e-20
9160.034928 1.917554e-16 1e-20
9160.286145 1.900411e-16 1e-20
9160.537361 1.889117e-16 1e-20
9160.788578 1.890364e-16 1e-20
9161.039795 1.910696e-16 1e-20
9161.291012 1.943199e-16 1e-20
9161.542229 1.974788e-16 1e-20
9161.793446 1.994293e-16 1e-20
9162.044663 1.995835e-16 1e-20
9162.29588 1.972821e-16 1e-20
9162.547097 1.932084e-16 1e-20
9162.798314 1.898168e-16 1e-20
9163.049531 1.894268e-16 1e-20
9163.300748 1.919471e-16 1e-20
9163.551965 1.96726e-16 1e-20
9163.803182 2.028165e-16 1e-20
9164.054399 2.081836e-16 1e-20
9164.305616 2.106098e-16 1e-20
9164.556832 2.100191e-16 1e-20
9164.808049 2.077426e-16 1e-20
9165.059266 2.049728e-16 1e-20
9165.310483 2.030098e-16 1e-20
9165.5617 2.033662e-16 1e-20
9165.812917 2.060374e-16 1e-20
9166.064134 2.082474e-16 1e-20
9166.315351 2.0726e-16 1e-20
9166.566568 2.03503e-16 1e-20
9166.817785 1.983706e-16 1e-20
9167.069002 1.931166e-16 1e-20
9167.320219 1.881486e-16 1e-20
9167.571436 1.839536e-16 1e-20
9167.822653 1.810724e-16 1e-20
9168.07387 1.800311e-16 1e-20
9168.325087 1.813087e-16 1e-20
9168.576303 1.835954e-16 1e-20
9168.82752 1.852102e-16 1e-20
9169.078737 1.854675e-16 1e-20
9169.329954 1.862564e-16 1e-20
9169.581171 1.895488e-16 1e-20
9169.832388 1.940212e-16 1e-20
9170.083605 1.971352e-16 1e-20
9170.334822 1.969132e-16 1e-20
9170.586039 1.949181e-16 1e-20
9170.837256 1.927466e-16 1e-20
9171.088473 1.911597e-16 1e-20
9171.33969 1.899132e-16 1e-20
9171.590907 1.888856e-16 1e-20
9171.842124 1.879654e-16 1e-20
9172.093341 1.870189e-16 1e-20
9172.344558 1.857064e-16 1e-20
9172.595774 1.830636e-16 1e-20
9172.846991 1.781567e-16 1e-20
9173.098208 1.714343e-16 1e-20
9173.349425 1.640717e-16 1e-20
9173.600642 1.571901e-16 1e-20
9173.851859 1.520701e-16 1e-20
9174.103076 1.500429e-16 1e-20
9174.354293 1.513464e-16 1e-20
9174.60551 1.546635e-16 1e-20
9174.856727 1.5865e-16 1e-20
9175.107944 1.627043e-16 1e-20
9175.359161 1.664216e-16 1e-20
9175.610378 1.69403e-16 1e-20
9175.861595 1.709858e-16 1e-20
9176.112812 1.703717e-16 1e-20
9176.364029 1.688047e-16 1e-20
9176.615245 1.687871e-16 1e-20
9176.866462 1.725359e-16 1e-20
9177.117679 1.785239e-16 1e-20
9177.368896 1.849255e-16 1e-20
9177.620113 1.902608e-16 1e-20
9177.87133 1.938758e-16 1e-20
9178.122547 1.94952e-16 1e-20
9178.373764 1.939085e-16 1e-20
9178.624981 1.91618e-16 1e-20
9178.876198 1.889818e-16 1e-20
9179.127415 1.868521e-16 1e-20
9179.378632 1.862592e-16 1e-20
9179.629849 1.869844e-16 1e-20
9179.881066 1.877335e-16 1e-20
9180.132283 1.872581e-16 1e-20
9180.3835 1.861801e-16 1e-20
9180.634716 1.852983e-16 1e-20
9180.885933 1.851582e-16 1e-20
9181.13715 1.856892e-16 1e-20
9181.388367 1.869841e-16 1e-20
9181.639584 1.8857e-16 1e-20
9181.890801 1.896933e-16 1e-20
9182.142018 1.896851e-16 1e-20
9182.393235 1.896401e-16 1e-20
9182.644452 1.909453e-16 1e-20
9182.895669 1.929274e-16 1e-20
9183.146886 1.92599e-16 1e-20
9183.398103 1.872633e-16 1e-20
9183.64932 1.788906e-16 1e-20
9183.900537 1.702206e-16 1e-20
9184.151754 1.636529e-16 1e-20
9184.402971 1.605446e-16 1e-20
9184.654187 1.626441e-16 1e-20
9184.905404 1.686216e-16 1e-20
9185.156621 1.754668e-16 1e-20
9185.407838 1.803576e-16 1e-20
9185.659055 1.843341e-16 1e-20
9185.910272 1.886137e-16 1e-20
9186.161489 1.934435e-16 1e-20
9186.412706 1.975398e-16 1e-20
9186.663923 1.999101e-16 1e-20
9186.91514 2.007491e-16 1e-20
9187.166357 2.005337e-16 1e-20
9187.417574 1.99756e-16 1e-20
9187.668791 1.990071e-16 1e-20
9187.920008 1.989168e-16 1e-20
9188.171225 1.995283e-16 1e-20
9188.422442 2.004775e-16 1e-20
9188.673658 2.014768e-16 1e-20
9188.924875 2.014525e-16 1e-20
9189.176092 1.991998e-16 1e-20
9189.427309 1.947008e-16 1e-20
9189.678526 1.902249e-16 1e-20
9189.929743 1.878924e-16 1e-20
9190.18096 1.880353e-16 1e-20
9190.432177 1.903831e-16 1e-20
9190.683394 1.944926e-16 1e-20
9190.934611 1.987674e-16 1e-20
9191.185828 2.013448e-16 1e-20
9191.437045 2.019529e-16 1e-20
9191.688262 2.018115e-16 1e-20
9191.939479 2.021507e-16 1e-20
9192.190696 2.021195e-16 1e-20
9192.441913 2.005729e-16 1e-20
9192.693129 1.97346e-16 1e-20
9192.944346 1.948598e-16 1e-20
9193.195563 1.956282e-16 1e-20
9193.44678 1.982243e-16 1e-20
9193.697997 1.996422e-16 1e-20
9193.949214 1.974499e-16 1e-20
9194.200431 1.927684e-16 1e-20
9194.451648 1.867163e-16 1e-20
9194.702865 1.805705e-16 1e-20
9194.954082 1.756646e-16 1e-20
9195.205299 1.733666e-16 1e-20
9195.456516 1.738959e-16 1e-20
9195.707733 1.771764e-16 1e-20
9195.95895 1.827292e-16 1e-20
9196.210167 1.889919e-16 1e-20
9196.461384 1.941218e-16 1e-20
9196.7126 1.98176e-16 1e-20
9196.963817 2.022657e-16 1e-20
9197.215034 2.073491e-16 1e-20
9197.466251 2.118518e-16 1e-20
9197.717468 2.1411e-16 1e-20
9197.968685 2.136954e-16 1e-20
9198.219902 2.120978e-16 1e-20
9198.471119 2.107397e-16 1e-20
9198.722336 2.09596e-16 1e-20
9198.973553 2.083181e-16 1e-20
9199.22477 2.067793e-16 1e-20
9199.475987 2.057789e-16 1e-20
9199.727204 2.059448e-16 1e-20
9199.978421 2.074726e-16 1e-20
9200.229638 2.102411e-16 1e-20
9200.480855 2.142054e-16 1e-20
9200.732071 2.174895e-16 1e-20
9200.983288 2.179219e-16 1e-20
9201.234505 2.150785e-16 1e-20
9201.485722 2.121091e-16 1e-20
9201.736939 2.121043e-16 1e-20
9201.988156 2.145485e-16 1e-20
9202.239373 2.177304e-16 1e-20
9202.49059 2.202126e-16 1e-20
9202.741807 2.220421e-16 1e-20
9202.993024 2.231258e-16 1e-20
9203.244241 2.2332e-16 1e-20
9203.495458 2.224843e-16 1e-20
9203.746675 2.206686e-16 1e-20
9203.997892 2.177497e-16 1e-20
9204.249109 2.135611e-16 1e-20
9204.500326 2.085348e-16 1e-20
9204.751542 2.046871e-16 1e-20
9205.002759 2.040199e-16 1e-20
9205.253976 2.061014e-16 1e-20
9205.505193 2.094133e-16 1e-20
9205.75641 2.125561e-16 1e-20
9206.007627 2.145471e-16 1e-20
9206.258844 2.142061e-16 1e-20
9206.510061 2.116875e-16 1e-20
9206.761278 2.08795e-16 1e-20
9207.012495 2.074366e-16 1e-20
9207.263712 2.067713e-16 1e-20
9207.514929 2.054329e-16 1e-20
9207.766146 2.027744e-16 1e-20
9208.017363 2.007758e-16 1e-20
9208.26858 2.013403e-16 1e-20
9208.519797 2.041935e-16 1e-20
9208.771013 2.078232e-16 1e-20
9209.02223 2.108909e-16 1e-20
9209.273447 2.132578e-16 1e-20
9209.524664 2.147961e-16 1e-20
9209.775881 2.155064e-16 1e-20
9210.027098 2.155681e-16 1e-20
9210.278315 2.151743e-16 1e-20
9210.529532 2.148015e-16 1e-20
9210.780749 2.150064e-16 1e-20
9211.031966 2.161067e-16 1e-20
9211.283183 2.172322e-16 1e-20
9211.5344 2.17454e-16 1e-20
9211.785617 2.167113e-16 1e-20
9212.036834 2.155966e-16 1e-20
9212.288051 2.146352e-16 1e-20
9212.539268 2.137255e-16 1e-20
9212.790484 2.127053e-16 1e-20
9213.041701 2.115641e-16 1e-20
9213.292918 2.10638e-16 1e-20
9213.544135 2.10375e-16 1e-20
9213.795352 2.100605e-16 1e-20
9214.046569 2.086046e-16 1e-20
9214.297786 2.052976e-16 1e-20
9214.549003 2.019834e-16 1e-20
9214.80022 2.005145e-16 1e-20
9215.051437 2.013808e-16 1e-20
9215.302654 2.037014e-16 1e-20
9215.553871 2.067644e-16 1e-20
9215.805088 2.092875e-16 1e-20
9216.056305 2.099131e-16 1e-20
9216.307522 2.07916e-16 1e-20
9216.558739 2.041725e-16 1e-20
9216.809955 1.99411e-16 1e-20
9217.061172 1.952681e-16 1e-20
9217.312389 1.936913e-16 1e-20
9217.563606 1.962469e-16 1e-20
9217.814823 2.019592e-16 1e-20
9218.06604 2.097137e-16 1e-20
9218.317257 2.179492e-16 1e-20
9218.568474 2.247304e-16 1e-20
9218.819691 2.281874e-16 1e-20
9219.070908 2.281933e-16 1e-20
9219.322125 2.244657e-16 1e-20
9219.573342 2.176083e-16 1e-20
9219.824559 2.135515e-16 1e-20
9220.075776 2.136889e-16 1e-20
9220.326993 2.138258e-16 1e-20
9220.57821 2.139626e-16 1e-20
9220.829426 2.140995e-16 1e-20
9221.080643 2.142369e-16 1e-20
9221.33186 2.143738e-16 1e-20
9221.583077 2.145107e-16 1e-20
9221.834294 2.146475e-16 1e-20
9222.085511 2.14785e-16 1e-20
9222.336728 2.149218e-16 1e-20
9222.587945 2.150587e-16 1e-20
9222.839162 2.151956e-16 1e-20
9223.090379 2.15333e-16 1e-20
9223.341596 2.060185e-16 1e-20
9223.592813 2.041416e-16 1e-20
9223.84403 2.060935e-16 1e-20
9224.095247 2.098133e-16 1e-20
9224.346464 2.131145e-16 1e-20
9224.597681 2.129819e-16 1e-20
9224.848897 2.082943e-16 1e-20
9225.100114 2.027276e-16 1e-20
9225.351331 1.997962e-16 1e-20
9225.602548 1.996451e-16 1e-20
9225.853765 2.012148e-16 1e-20
9226.104982 2.035851e-16 1e-20
9226.356199 2.064013e-16 1e-20
9226.607416 2.091654e-16 1e-20
9226.858633 2.113683e-16 1e-20
9227.10985 2.125589e-16 1e-20
9227.361067 2.123327e-16 1e-20
9227.612284 2.11305e-16 1e-20
9227.863501 2.10315e-16 1e-20
9228.114718 2.09959e-16 1e-20
9228.365935 2.099924e-16 1e-20
9228.617152 2.100991e-16 1e-20
9228.868368 2.106616e-16 1e-20
9229.119585 2.123373e-16 1e-20
9229.370802 2.155627e-16 1e-20
9229.622019 2.187851e-16 1e-20
9229.873236 2.203772e-16 1e-20
9230.124453 2.197593e-16 1e-20
9230.37567 2.177737e-16 1e-20
9230.626887 2.150596e-16 1e-20
9230.878104 2.126402e-16 1e-20
9231.129321 2.117005e-16 1e-20
9231.380538 2.128479e-16 1e-20
9231.631755 2.142624e-16 1e-20
9231.882972 2.139131e-16 1e-20
9232.134189 2.122228e-16 1e-20
9232.385406 2.110895e-16 1e-20
9232.636623 2.121559e-16 1e-20
9232.887839 2.138984e-16 1e-20
9233.139056 2.14606e-16 1e-20
9233.390273 2.136585e-16 1e-20
9233.64149 2.123588e-16 1e-20
9233.892707 2.1175e-16 1e-20
9234.143924 2.120835e-16 1e-20
9234.395141 2.134081e-16 1e-20
9234.646358 2.155872e-16 1e-20
9234.897575 2.173116e-16 1e-20
9235.148792 2.172343e-16 1e-20
9235.400009 2.151045e-16 1e-20
9235.651226 2.11587e-16 1e-20
9235.902443 2.072732e-16 1e-20
9236.15366 2.03355e-16 1e-20
9236.404877 2.011412e-16 1e-20
9236.656094 2.01211e-16 1e-20
9236.907311 2.025086e-16 1e-20
9237.158527 2.041138e-16 1e-20
9237.409744 2.052642e-16 1e-20
9237.660961 2.052657e-16 1e-20
9237.912178 2.036624e-16 1e-20
9238.163395 2.020768e-16 1e-20
9238.414612 2.0218e-16 1e-20
9238.665829 2.045545e-16 1e-20
9238.917046 2.085903e-16 1e-20
9239.168263 2.13947e-16 1e-20
9239.41948 2.186974e-16 1e-20
9239.670697 2.205396e-16 1e-20
9239.921914 2.185832e-16 1e-20
9240.173131 2.162951e-16 1e-20
9240.424348 2.172283e-16 1e-20
9240.675565 2.209212e-16 1e-20
9240.926782 2.249755e-16 1e-20
9241.177998 2.273588e-16 1e-20
9241.429215 2.283648e-16 1e-20
9241.680432 2.282861e-16 1e-20
9241.931649 2.273364e-16 1e-20
9242.182866 2.255855e-16 1e-20
9242.434083 2.231133e-16 1e-20
9242.6853 2.209908e-16 1e-20
9242.936517 2.204843e-16 1e-20
9243.187734 2.222587e-16 1e-20
9243.438951 2.246904e-16 1e-20
9243.690168 2.261354e-16 1e-20
9243.941385 2.261981e-16 1e-20
9244.192602 2.252951e-16 1e-20
9244.443819 2.237421e-16 1e-20
9244.695036 2.219894e-16 1e-20
9244.946253 2.20718e-16 1e-20
9245.197469 2.199835e-16 1e-20
9245.448686 2.185977e-16 1e-20
9245.699903 2.152276e-16 1e-20
9245.95112 2.117711e-16 1e-20
9246.202337 2.109848e-16 1e-20
9246.453554 2.148305e-16 1e-20
9246.704771 2.215555e-16 1e-20
9246.955988 2.293629e-16 1e-20
9247.207205 2.37108e-16 1e-20
9247.458422 2.442694e-16 1e-20
9247.709639 2.502979e-16 1e-20
9247.960856 2.541648e-16 1e-20
9248.212073 2.548573e-16 1e-20
9248.46329 2.524202e-16 1e-20
9248.714507 2.4919e-16 1e-20
9248.965724 2.475433e-16 1e-20
9249.21694 2.474531e-16 1e-20
9249.468157 2.479899e-16 1e-20
9249.719374 2.483677e-16 1e-20
9249.970591 2.479166e-16 1e-20
9250.221808 2.456068e-16 1e-20
9250.473025 2.422076e-16 1e-20
9250.724242 2.40419e-16 1e-20
9250.975459 2.42898e-16 1e-20
9251.226676 2.474644e-16 1e-20
9251.477893 2.511117e-16 1e-20
9251.72911 2.519271e-16 1e-20
9251.980327 2.515218e-16 1e-20
9252.231544 2.513732e-16 1e-20
9252.482761 2.51491e-16 1e-20
9252.733978 2.511837e-16 1e-20
9252.985195 2.499695e-16 1e-20
9253.236411 2.489999e-16 1e-20
9253.487628 2.49565e-16 1e-20
9253.738845 2.517069e-16 1e-20
9253.990062 2.536674e-16 1e-20
9254.241279 2.536353e-16 1e-20
9254.492496 2.528511e-16 1e-20
9254.743713 2.532547e-16 1e-20
9254.99493 2.559502e-16 1e-20
9255.246147 2.584562e-16 1e-20
9255.497364 2.583203e-16 1e-20
9255.748581 2.5577e-16 1e-20
9255.999798 2.527724e-16 1e-20
9256.251015 2.510076e-16 1e-20
9256.502232 2.50938e-16 1e-20
9256.753449 2.529921e-16 1e-20
9257.004666 2.569426e-16 1e-20
9257.255882 2.61425e-16 1e-20
9257.507099 2.65146e-16 1e-20
9257.758316 2.671721e-16 1e-20
9258.009533 2.667056e-16 1e-20
9258.26075 2.633609e-16 1e-20
9258.511967 2.591557e-16 1e-20
9258.763184 2.564214e-16 1e-20
9259.014401 2.552712e-16 1e-20
9259.265618 2.539018e-16 1e-20
9259.516835 2.507204e-16 1e-20
9259.768052 2.469544e-16 1e-20
9260.019269 2.440119e-16 1e-20
9260.270486 2.428814e-16 1e-20
9260.521703 2.436676e-16 1e-20
9260.77292 2.467923e-16 1e-20
9261.024137 2.506453e-16 1e-20
9261.275353 2.528426e-16 1e-20
9261.52657 2.514792e-16 1e-20
9261.777787 2.483395e-16 1e-20
9262.029004 2.453311e-16 1e-20
9262.280221 2.435006e-16 1e-20
9262.531438 2.428033e-16 1e-20
9262.782655 2.433484e-16 1e-20
9263.033872 2.449972e-16 1e-20
9263.285089 2.4743e-16 1e-20
9263.536306 2.502882e-16 1e-20
9263.787523 2.534297e-16 1e-20
9264.03874 2.568226e-16 1e-20
9264.289957 2.595563e-16 1e-20
9264.541174 2.603509e-16 1e-20
9264.792391 2.582156e-16 1e-20
9265.043608 2.545072e-16 1e-20
9265.294824 2.507123e-16 1e-20
9265.546041 2.479443e-16 1e-20
9265.797258 2.466481e-16 1e-20
9266.048475 2.474005e-16 1e-20
9266.299692 2.494432e-16 1e-20
9266.550909 2.516381e-16 1e-20
9266.802126 2.530646e-16 1e-20
9267.053343 2.539198e-16 1e-20
9267.30456 2.542635e-16 1e-20
9267.555777 2.544529e-16 1e-20
9267.806994 2.550348e-16 1e-20
9268.058211 2.565615e-16 1e-20
9268.309428 2.581133e-16 1e-20
9268.560645 2.586552e-16 1e-20
9268.811862 2.577325e-16 1e-20
9269.063079 2.56018e-16 1e-20
9269.314295 2.540261e-16 1e-20
9269.565512 2.524173e-16 1e-20
9269.816729 2.519004e-16 1e-20
9270.067946 2.529518e-16 1e-20
9270.319163 2.545589e-16 1e-20
9270.57038 2.555708e-16 1e-20
9270.821597 2.557822e-16 1e-20
9271.072814 2.558683e-16 1e-20
9271.324031 2.565071e-16 1e-20
9271.575248 2.567574e-16 1e-20
9271.826465 2.553944e-16 1e-20
9272.077682 2.522401e-16 1e-20
9272.328899 2.498832e-16 1e-20
9272.580116 2.511779e-16 1e-20
9272.831333 2.542622e-16 1e-20
9273.08255 2.553858e-16 1e-20
9273.333766 2.515967e-16 1e-20
9273.584983 2.461997e-16 1e-20
9273.8362 2.426953e-16 1e-20
9274.087417 2.422223e-16 1e-20
9274.338634 2.430159e-16 1e-20
9274.589851 2.435747e-16 1e-20
9274.841068 2.444069e-16 1e-20
9275.092285 2.462685e-16 1e-20
9275.343502 2.49406e-16 1e-20
9275.594719 2.525684e-16 1e-20
9275.845936 2.544715e-16 1e-20
9276.097153 2.551877e-16 1e-20
9276.34837 2.555204e-16 1e-20
9276.599587 2.561443e-16 1e-20
9276.850804 2.559339e-16 1e-20
9277.102021 2.537511e-16 1e-20
9277.353237 2.492592e-16 1e-20
9277.604454 2.433407e-16 1e-20
9277.855671 2.368206e-16 1e-20
9278.106888 2.304191e-16 1e-20
9278.358105 2.248312e-16 1e-20
9278.609322 2.20709e-16 1e-20
9278.860539 2.186395e-16 1e-20
9279.111756 2.192671e-16 1e-20
9279.362973 2.220543e-16 1e-20
9279.61419 2.256373e-16 1e-20
9279.865407 2.2865e-16 1e-20
9280.116624 2.321286e-16 1e-20
9280.367841 2.373307e-16 1e-20
9280.619058 2.445019e-16 1e-20
9280.870275 2.518344e-16 1e-20
9281.121492 2.576826e-16 1e-20
9281.372708 2.618895e-16 1e-20
9281.623925 2.647702e-16 1e-20
9281.875142 2.666149e-16 1e-20
9282.126359 2.679122e-16 1e-20
9282.377576 2.693431e-16 1e-20
9282.628793 2.705804e-16 1e-20
9282.88001 2.703964e-16 1e-20
9283.131227 2.677555e-16 1e-20
9283.382444 2.628794e-16 1e-20
9283.633661 2.561162e-16 1e-20
9283.884878 2.482659e-16 1e-20
9284.136095 2.412777e-16 1e-20
9284.387312 2.372601e-16 1e-20
9284.638529 2.356449e-16 1e-20
9284.889746 2.347212e-16 1e-20
9285.140963 2.330412e-16 1e-20
9285.392179 2.307196e-16 1e-20
9285.643396 2.276186e-16 1e-20
9285.894613 2.246899e-16 1e-20
9286.14583 2.241574e-16 1e-20
9286.397047 2.282883e-16 1e-20
9286.648264 2.350104e-16 1e-20
9286.899481 2.414294e-16 1e-20
9287.150698 2.454642e-16 1e-20
9287.401915 2.478589e-16 1e-20
9287.653132 2.489962e-16 1e-20
9287.904349 2.499389e-16 1e-20
9288.155566 2.521064e-16 1e-20
9288.406783 2.568032e-16 1e-20
9288.658 2.622635e-16 1e-20
9288.909217 2.664857e-16 1e-20
9289.160434 2.684957e-16 1e-20
9289.41165 2.690661e-16 1e-20
9289.662867 2.687333e-16 1e-20
9289.914084 2.678966e-16 1e-20
9290.165301 2.670694e-16 1e-20
9290.416518 2.6656e-16 1e-20
9290.667735 2.648701e-16 1e-20
9290.918952 2.602074e-16 1e-20
9291.170169 2.540076e-16 1e-20
9291.421386 2.499622e-16 1e-20
9291.672603 2.513462e-16 1e-20
9291.92382 2.565894e-16 1e-20
9292.175037 2.635368e-16 1e-20
9292.426254 2.705718e-16 1e-20
9292.677471 2.775701e-16 1e-20
9292.928688 2.844477e-16 1e-20
9293.179905 2.891838e-16 1e-20
9293.431121 2.892822e-16 1e-20
9293.682338 2.832295e-16 1e-20
9293.933555 2.749104e-16 1e-20
9294.184772 2.685106e-16 1e-20
9294.435989 2.655008e-16 1e-20
9294.687206 2.645649e-16 1e-20
9294.938423 2.644003e-16 1e-20
9295.18964 2.659538e-16 1e-20
9295.440857 2.703948e-16 1e-20
9295.692074 2.772791e-16 1e-20
9295.943291 2.819289e-16 1e-20
9296.194508 2.797277e-16 1e-20
9296.445725 2.715919e-16 1e-20
9296.696942 2.60995e-16 1e-20
9296.948159 2.511635e-16 1e-20
9297.199376 2.434628e-16 1e-20
9297.450592 2.393009e-16 1e-20
9297.701809 2.393841e-16 1e-20
9297.953026 2.434817e-16 1e-20
9298.204243 2.510946e-16 1e-20
9298.45546 2.601216e-16 1e-20
9298.706677 2.68185e-16 1e-20
9298.957894 2.729933e-16 1e-20
9299.209111 2.72164e-16 1e-20
9299.460328 2.633001e-16 1e-20
9299.711545 2.484867e-16 1e-20
9299.962762 2.323895e-16 1e-20
9300.213979 2.193113e-16 1e-20
9300.465196 2.12426e-16 1e-20
9300.716413 2.151634e-16 1e-20
9300.96763 2.269364e-16 1e-20
9301.218847 2.407068e-16 1e-20
9301.470063 2.489216e-16 1e-20
9301.72128 2.538732e-16 1e-20
9301.972497 2.604304e-16 1e-20
9302.223714 2.716619e-16 1e-20
9302.474931 2.818346e-16 1e-20
9302.726148 2.857665e-16 1e-20
9302.977365 2.823763e-16 1e-20
9303.228582 2.738021e-16 1e-20
9303.479799 2.618734e-16 1e-20
9303.731016 2.507349e-16 1e-20
9303.982233 2.450869e-16 1e-20
9304.23345 2.471239e-16 1e-20
9304.484667 2.534697e-16 1e-20
9304.735884 2.604916e-16 1e-20
9304.987101 2.686449e-16 1e-20
9305.238318 2.795282e-16 1e-20
9305.489534 2.938007e-16 1e-20
9305.740751 3.08518e-16 1e-20
9305.991968 3.21125e-16 1e-20
9306.243185 3.284461e-16 1e-20
9306.494402 3.269802e-16 1e-20
9306.745619 3.137686e-16 1e-20
9306.996836 2.91379e-16 1e-20
9307.248053 2.632807e-16 1e-20
9307.49927 2.338395e-16 1e-20
9307.750487 2.096677e-16 1e-20
9308.001704 1.985501e-16 1e-20
9308.252921 1.967347e-16 1e-20
9308.504138 1.95105e-16 1e-20
9308.755355 1.859308e-16 1e-20
9309.006572 1.768877e-16 1e-20
9309.257789 1.756845e-16 1e-20
9309.509005 1.854809e-16 1e-20
9309.760222 2.032627e-16 1e-20
9310.011439 2.271948e-16 1e-20
9310.262656 2.511912e-16 1e-20
9310.513873 2.680766e-16 1e-20
9310.76509 2.735105e-16 1e-20
9311.016307 2.74159e-16 1e-20
9311.267524 2.769565e-16 1e-20
9311.518741 2.828817e-16 1e-20
9311.769958 2.892497e-16 1e-20
9312.021175 2.938307e-16 1e-20
9312.272392 2.981628e-16 1e-20
9312.523609 3.040234e-16 1e-20
9312.774826 3.106598e-16 1e-20
9313.026043 3.130519e-16 1e-20
9313.27726 3.059903e-16 1e-20
9313.528476 2.931658e-16 1e-20
9313.779693 2.808233e-16 1e-20
9314.03091 2.73377e-16 1e-20
9314.282127 2.65108e-16 1e-20
9314.533344 2.501979e-16 1e-20
9314.784561 2.291575e-16 1e-20
9315.035778 2.075098e-16 1e-20
9315.286995 1.90419e-16 1e-20
9315.538212 1.755015e-16 1e-20
9315.789429 1.595266e-16 1e-20
9316.040646 1.425176e-16 1e-20
9316.291863 1.318769e-16 1e-20
9316.54308 1.342484e-16 1e-20
9316.794297 1.486108e-16 1e-20
9317.045514 1.709082e-16 1e-20
9317.296731 1.969527e-16 1e-20
9317.547947 2.218235e-16 1e-20
9317.799164 2.404639e-16 1e-20
9318.050381 2.503162e-16 1e-20
9318.301598 2.51649e-16 1e-20
9318.552815 2.447495e-16 1e-20
9318.804032 2.35623e-16 1e-20
9319.055249 2.313138e-16 1e-20
9319.306466 2.363618e-16 1e-20
9319.557683 2.479863e-16 1e-20
9319.8089 2.638876e-16 1e-20
9320.060117 2.801139e-16 1e-20
9320.311334 2.919577e-16 1e-20
9320.562551 2.951828e-16 1e-20
9320.813768 2.921377e-16 1e-20
9321.064985 2.857587e-16 1e-20
9321.316202 2.778878e-16 1e-20
9321.567418 2.685424e-16 1e-20
9321.818635 2.582299e-16 1e-20
9322.069852 2.479449e-16 1e-20
9322.321069 2.385492e-16 1e-20
9322.572286 2.308457e-16 1e-20
9322.823503 2.263907e-16 1e-20
9323.07472 2.267549e-16 1e-20
9323.325937 2.300652e-16 1e-20
9323.577154 2.32466e-16 1e-20
9323.828371 2.307498e-16 1e-20
9324.079588 2.223875e-16 1e-20
9324.330805 2.048169e-16 1e-20
9324.582022 1.800462e-16 1e-20
9324.833239 1.577205e-16 1e-20
9325.084456 1.466078e-16 1e-20
9325.335673 1.494755e-16 1e-20
9325.586889 1.670635e-16 1e-20
9325.838106 1.979082e-16 1e-20
9326.089323 2.291932e-16 1e-20
9326.34054 2.471564e-16 1e-20
9326.591757 2.491387e-16 1e-20
9326.842974 2.419132e-16 1e-20
9327.094191 2.316695e-16 1e-20
9327.345408 2.226974e-16 1e-20
9327.596625 2.196191e-16 1e-20
9327.847842 2.249493e-16 1e-20
9328.099059 2.361234e-16 1e-20
9328.350276 2.506352e-16 1e-20
9328.601493 2.65348e-16 1e-20
9328.85271 2.767955e-16 1e-20
9329.103927 2.819903e-16 1e-20
9329.355144 2.834997e-16 1e-20
9329.60636 2.845912e-16 1e-20
9329.857577 2.851901e-16 1e-20
9330.108794 2.815866e-16 1e-20
9330.360011 2.707743e-16 1e-20
9330.611228 2.558645e-16 1e-20
9330.862445 2.406097e-16 1e-20
9331.113662 2.286598e-16 1e-20
9331.364879 2.240821e-16 1e-20
9331.616096 2.317057e-16 1e-20
9331.867313 2.462791e-16 1e-20
9332.11853 2.577062e-16 1e-20
9332.369747 2.57202e-16 1e-20
9332.620964 2.460811e-16 1e-20
9332.872181 2.2594e-16 1e-20
9333.123398 2.005572e-16 1e-20
9333.374615 1.762515e-16 1e-20
9333.625831 1.597197e-16 1e-20
9333.877048 1.515613e-16 1e-20
9334.128265 1.506642e-16 1e-20
9334.379482 1.556573e-16 1e-20
9334.630699 1.657439e-16 1e-20
9334.881916 1.79909e-16 1e-20
9335.133133 1.952809e-16 1e-20
9335.38435 2.080018e-16 1e-20
9335.635567 2.146265e-16 1e-20
9335.886784 2.182711e-16 1e-20
9336.138001 2.225446e-16 1e-20
9336.389218 2.295981e-16 1e-20
9336.640435 2.387213e-16 1e-20
9336.891652 2.501493e-16 1e-20
9337.142869 2.594405e-16 1e-20
9337.394086 2.608448e-16 1e-20
9337.645302 2.504863e-16 1e-20
9337.896519 2.344113e-16 1e-20
9338.147736 2.191615e-16 1e-20
9338.398953 2.073395e-16 1e-20
9338.65017 1.979915e-16 1e-20
9338.901387 1.902668e-16 1e-20
9339.152604 1.885209e-16 1e-20
9339.403821 1.971741e-16 1e-20
9339.655038 2.171071e-16 1e-20
9339.906255 2.416556e-16 1e-20
9340.157472 2.646683e-16 1e-20
9340.408689 2.810204e-16 1e-20
9340.659906 2.862467e-16 1e-20
9340.911123 2.769913e-16 1e-20
9341.16234 2.57479e-16 1e-20
9341.413557 2.33052e-16 1e-20
9341.664773 2.064128e-16 1e-20
9341.91599 1.769211e-16 1e-20
9342.167207 1.443222e-16 1e-20
9342.418424 1.134355e-16 1e-20
9342.669641 8.964396e-17 1e-20
9342.920858 7.62316e-17 1e-20
9343.172075 7.069456e-17 1e-20
9343.423292 7.065754e-17 1e-20
9343.674509 7.422182e-17 1e-20
9343.925726 7.972623e-17 1e-20
9344.176943 8.550565e-17 1e-20
9344.42816 9.29855e-17 1e-20
9344.679377 1.03813e-16 1e-20
9344.930594 1.186799e-16 1e-20
9345.181811 1.367495e-16 1e-20
9345.433028 1.574105e-16 1e-20
9345.684244 1.792487e-16 1e-20
9345.935461 2.006329e-16 1e-20
9346.186678 2.2025e-16 1e-20
9346.437895 2.381589e-16 1e-20
9346.689112 2.54314e-16 1e-20
9346.940329 2.691004e-16 1e-20
9347.191546 2.831688e-16 1e-20
9347.442763 2.971968e-16 1e-20
9347.69398 3.094256e-16 1e-20
9347.945197 3.179279e-16 1e-20
9348.196414 3.21863e-16 1e-20
9348.447631 3.224491e-16 1e-20
9348.698848 3.207608e-16 1e-20
9348.950065 3.178449e-16 1e-20
9349.201282 3.148444e-16 1e-20
9349.452499 3.127544e-16 1e-20
9349.703715 3.108103e-16 1e-20
9349.954932 3.075908e-16 1e-20
9350.206149 3.045738e-16 1e-20
9350.457366 3.056301e-16 1e-20
9350.708583 3.142507e-16 1e-20
9350.9598 3.242737e-16 1e-20
9351.211017 3.283118e-16 1e-20
9351.462234 3.217152e-16 1e-20
9351.713451 3.068085e-16 1e-20
9351.964668 2.857499e-16 1e-20
9352.215885 2.59795e-16 1e-20
9352.467102 2.301634e-16 1e-20
9352.718319 1.986716e-16 1e-20
9352.969536 1.683781e-16 1e-20
9353.220753 1.42357e-16 1e-20
9353.47197 1.230417e-16 1e-20
9353.723187 1.11965e-16 1e-20
9353.974403 1.100686e-16 1e-20
9354.22562 1.185071e-16 1e-20
9354.476837 1.379139e-16 1e-20
9354.728054 1.671005e-16 1e-20
9354.979271 2.0053e-16 1e-20
9355.230488 2.327502e-16 1e-20
9355.481705 2.587661e-16 1e-20
9355.732922 2.742583e-16 1e-20
9355.984139 2.758162e-16 1e-20
9356.235356 2.63982e-16 1e-20
9356.486573 2.401038e-16 1e-20
9356.73779 2.078471e-16 1e-20
9356.989007 1.736902e-16 1e-20
9357.240224 1.445443e-16 1e-20
9357.491441 1.222972e-16 1e-20
9357.742658 1.072191e-16 1e-20
9357.993874 9.977284e-17 1e-20
9358.245091 1.035405e-16 1e-20
9358.496308 1.216164e-16 1e-20
9358.747525 1.513187e-16 1e-20
9358.998742 1.859742e-16 1e-20
9359.249959 2.191788e-16 1e-20
9359.501176 2.48212e-16 1e-20
9359.752393 2.708351e-16 1e-20
9360.00361 2.857724e-16 1e-20
9360.254827 2.931853e-16 1e-20
9360.506044 2.933616e-16 1e-20
9360.757261 2.90199e-16 1e-20
9361.008478 2.887659e-16 1e-20
9361.259695 2.930328e-16 1e-20
9361.510912 3.00331e-16 1e-20
9361.762129 3.077521e-16 1e-20
9362.013345 3.137106e-16 1e-20
9362.264562 3.179777e-16 1e-20
9362.515779 3.200876e-16 1e-20
9362.766996 3.189035e-16 1e-20
9363.018213 3.133666e-16 1e-20
9363.26943 3.033341e-16 1e-20
9363.520647 2.90684e-16 1e-20
9363.771864 2.774054e-16 1e-20
9364.023081 2.642291e-16 1e-20
9364.274298 2.513305e-16 1e-20
9364.525515 2.389496e-16 1e-20
9364.776732 2.279928e-16 1e-20
9365.027949 2.194632e-16 1e-20
9365.279166 2.132416e-16 1e-20
9365.530383 2.078972e-16 1e-20
9365.7816 2.019121e-16 1e-20
9366.032816 1.977291e-16 1e-20
9366.284033 1.982872e-16 1e-20
9366.53525 2.054584e-16 1e-20
9366.786467 2.182711e-16 1e-20
9367.037684 2.359697e-16 1e-20
9367.288901 2.550758e-16 1e-20
9367.540118 2.707496e-16 1e-20
9367.791335 2.7864e-16 1e-20
9368.042552 2.774274e-16 1e-20
9368.293769 2.663114e-16 1e-20
9368.544986 2.465362e-16 1e-20
9368.796203 2.220447e-16 1e-20
9369.04742 1.965032e-16 1e-20
9369.298637 1.747344e-16 1e-20
9369.549854 1.617474e-16 1e-20
9369.801071 1.6027e-16 1e-20
9370.052287 1.630058e-16 1e-20
9370.303504 1.625378e-16 1e-20
9370.554721 1.569587e-16 1e-20
9370.805938 1.485012e-16 1e-20
9371.057155 1.387263e-16 1e-20
9371.308372 1.34683e-16 1e-20
9371.559589 1.442974e-16 1e-20
9371.810806 1.697516e-16 1e-20
9372.062023 2.014744e-16 1e-20
9372.31324 2.302665e-16 1e-20
9372.564457 2.53445e-16 1e-20
9372.815674 2.705105e-16 1e-20
9373.066891 2.811277e-16 1e-20
9373.318108 2.86797e-16 1e-20
9373.569325 2.901226e-16 1e-20
9373.820542 2.914559e-16 1e-20
9374.071758 2.88878e-16 1e-20
9374.322975 2.804093e-16 1e-20
9374.574192 2.726809e-16 1e-20
9374.825409 2.731139e-16 1e-20
9375.076626 2.850364e-16 1e-20
9375.327843 3.017295e-16 1e-20
9375.57906 3.179239e-16 1e-20
9375.830277 3.2582e-16 1e-20
9376.081494 3.170685e-16 1e-20
9376.332711 2.856203e-16 1e-20
9376.583928 2.43625e-16 1e-20
9376.835145 2.04031e-16 1e-20
9377.086362 1.759661e-16 1e-20
9377.337579 1.628189e-16 1e-20
9377.588796 1.686886e-16 1e-20
9377.840013 1.86612e-16 1e-20
9378.091229 2.067245e-16 1e-20
9378.342446 2.210468e-16 1e-20
9378.593663 2.301998e-16 1e-20
9378.84488 2.341387e-16 1e-20
9379.096097 2.334356e-16 1e-20
9379.347314 2.292651e-16 1e-20
9379.598531 2.233428e-16 1e-20
9379.849748 2.140393e-16 1e-20
9380.100965 1.998782e-16 1e-20
9380.352182 1.815319e-16 1e-20
9380.603399 1.628853e-16 1e-20
9380.854616 1.467898e-16 1e-20
9381.105833 1.39403e-16 1e-20
9381.35705 1.473157e-16 1e-20
9381.608267 1.739596e-16 1e-20
9381.859484 2.097898e-16 1e-20
9382.1107 2.452682e-16 1e-20
9382.361917 2.741307e-16 1e-20
9382.613134 2.930772e-16 1e-20
9382.864351 2.988421e-16 1e-20
9383.115568 2.973135e-16 1e-20
9383.366785 2.95792e-16 1e-20
9383.618002 2.991473e-16 1e-20
9383.869219 3.063375e-16 1e-20
9384.120436 3.169365e-16 1e-20
9384.371653 3.278081e-16 1e-20
9384.62287 3.348202e-16 1e-20
9384.874087 3.342172e-16 1e-20
9385.125304 3.24015e-16 1e-20
9385.376521 3.023315e-16 1e-20
9385.627738 2.714963e-16 1e-20
9385.878955 2.378332e-16 1e-20
9386.130171 2.076451e-16 1e-20
9386.381388 1.845403e-16 1e-20
9386.632605 1.714643e-16 1e-20
9386.883822 1.703581e-16 1e-20
9387.135039 1.813544e-16 1e-20
9387.386256 2.04149e-16 1e-20
9387.637473 2.348149e-16 1e-20
9387.88869 2.677149e-16 1e-20
9388.139907 2.975176e-16 1e-20
9388.391124 3.218511e-16 1e-20
9388.642341 3.385344e-16 1e-20
9388.893558 3.474334e-16 1e-20
9389.144775 3.508577e-16 1e-20
9389.395992 3.513717e-16 1e-20
9389.647209 3.504168e-16 1e-20
9389.898426 3.492805e-16 1e-20
9390.149642 3.488566e-16 1e-20
9390.400859 3.485893e-16 1e-20
9390.652076 3.479935e-16 1e-20
9390.903293 3.461395e-16 1e-20
9391.15451 3.41925e-16 1e-20
9391.405727 3.344278e-16 1e-20
9391.656944 3.260267e-16 1e-20
9391.908161 3.192473e-16 1e-20
9392.159378 3.158153e-16 1e-20
9392.410595 3.160359e-16 1e-20
9392.661812 3.205042e-16 1e-20
9392.913029 3.267481e-16 1e-20
9393.164246 3.314118e-16 1e-20
9393.415463 3.319348e-16 1e-20
9393.66668 3.297652e-16 1e-20
9393.917897 3.263069e-16 1e-20
9394.169113 3.227142e-16 1e-20
9394.42033 3.19876e-16 1e-20
9394.671547 3.187609e-16 1e-20
9394.922764 3.19354e-16 1e-20
9395.173981 3.214441e-16 1e-20
9395.425198 3.245733e-16 1e-20
9395.676415 3.279304e-16 1e-20
9395.927632 3.306147e-16 1e-20
9396.178849 3.323436e-16 1e-20
9396.430066 3.330373e-16 1e-20
9396.681283 3.326141e-16 1e-20
9396.9325 3.31506e-16 1e-20
9397.183717 3.304078e-16 1e-20
9397.434934 3.284964e-16 1e-20
9397.686151 3.234967e-16 1e-20
9397.937368 3.135883e-16 1e-20
9398.188584 2.9958e-16 1e-20
9398.439801 2.826903e-16 1e-20
9398.691018 2.650847e-16 1e-20
9398.942235 2.51457e-16 1e-20
9399.193452 2.465038e-16 1e-20
9399.444669 2.502805e-16 1e-20
9399.695886 2.603959e-16 1e-20
9399.947103 2.742736e-16 1e-20
9400.19832 2.889388e-16 1e-20
9400.449537 3.012752e-16 1e-20
9400.700754 3.090944e-16 1e-20
9400.951971 3.116031e-16 1e-20
9401.203188 3.079907e-16 1e-20
9401.454405 3.016517e-16 1e-20
9401.705622 2.969389e-16 1e-20
9401.956839 2.971205e-16 1e-20
9402.208055 3.013868e-16 1e-20
9402.459272 3.093968e-16 1e-20
9402.710489 3.184033e-16 1e-20
9402.961706 3.243387e-16 1e-20
9403.212923 3.235601e-16 1e-20
9403.46414 3.184863e-16 1e-20
9403.715357 3.118345e-16 1e-20
9403.966574 3.065553e-16 1e-20
9404.217791 3.057183e-16 1e-20
9404.469008 3.127065e-16 1e-20
9404.720225 3.244531e-16 1e-20
9404.971442 3.359961e-16 1e-20
9405.222659 3.429915e-16 1e-20
9405.473876 3.439007e-16 1e-20
9405.725093 3.368552e-16 1e-20
9405.97631 3.236718e-16 1e-20
9406.227526 3.090736e-16 1e-20
9406.478743 2.976282e-16 1e-20
9406.72996 2.90754e-16 1e-20
9406.981177 2.894412e-16 1e-20
9407.232394 2.934651e-16 1e-20
9407.483611 3.003061e-16 1e-20
9407.734828 3.072923e-16 1e-20
9407.986045 3.120772e-16 1e-20
9408.237262 3.125814e-16 1e-20
9408.488479 3.072176e-16 1e-20
9408.739696 2.967818e-16 1e-20
9408.990913 2.824561e-16 1e-20
9409.24213 2.65886e-16 1e-20
9409.493347 2.490429e-16 1e-20
9409.744564 2.339809e-16 1e-20
9409.995781 2.227486e-16 1e-20
9410.246997 2.171366e-16 1e-20
9410.498214 2.182657e-16 1e-20
9410.749431 2.260191e-16 1e-20
9411.000648 2.401584e-16 1e-20
9411.251865 2.581599e-16 1e-20
9411.503082 2.763968e-16 1e-20
9411.754299 2.915001e-16 1e-20
9412.005516 3.024771e-16 1e-20
9412.256733 3.085762e-16 1e-20
9412.50795 3.099677e-16 1e-20
9412.759167 3.079306e-16 1e-20
9413.010384 3.039622e-16 1e-20
9413.261601 2.995845e-16 1e-20
9413.512818 2.96283e-16 1e-20
9413.764035 2.95255e-16 1e-20
9414.015252 2.969191e-16 1e-20
9414.266468 3.017334e-16 1e-20
9414.517685 3.083506e-16 1e-20
9414.768902 3.142502e-16 1e-20
9415.020119 3.16876e-16 1e-20
9415.271336 3.176659e-16 1e-20
9415.522553 3.186226e-16 1e-20
9415.77377 3.194064e-16 1e-20
9416.024987 3.152778e-16 1e-20
9416.276204 3.022107e-16 1e-20
9416.527421 2.818268e-16 1e-20
9416.778638 2.574965e-16 1e-20
9417.029855 2.329986e-16 1e-20
9417.281072 2.149073e-16 1e-20
9417.532289 2.101712e-16 1e-20
9417.783506 2.193785e-16 1e-20
9418.034723 2.375762e-16 1e-20
9418.285939 2.596518e-16 1e-20
9418.537156 2.837235e-16 1e-20
9418.788373 3.079626e-16 1e-20
9419.03959 3.299286e-16 1e-20
9419.290807 3.459482e-16 1e-20
9419.542024 3.52825e-16 1e-20
9419.793241 3.507143e-16 1e-20
9420.044458 3.413884e-16 1e-20
9420.295675 3.27026e-16 1e-20
9420.546892 3.105746e-16 1e-20
9420.798109 2.954062e-16 1e-20
9421.049326 2.835868e-16 1e-20
9421.300543 2.755181e-16 1e-20
9421.55176 2.711634e-16 1e-20
9421.802977 2.726469e-16 1e-20
9422.054194 2.821143e-16 1e-20
9422.30541 2.995454e-16 1e-20
9422.556627 3.190539e-16 1e-20
9422.807844 3.34968e-16 1e-20
9423.059061 3.448176e-16 1e-20
9423.310278 3.479319e-16 1e-20
9423.561495 3.438688e-16 1e-20
9423.812712 3.369779e-16 1e-20
9424.063929 3.323311e-16 1e-20
9424.315146 3.312435e-16 1e-20
9424.566363 3.293945e-16 1e-20
9424.81758 3.230997e-16 1e-20
9425.068797 3.110128e-16 1e-20
9425.320014 2.923035e-16 1e-20
9425.571231 2.670344e-16 1e-20
9425.822448 2.388519e-16 1e-20
9426.073665 2.119257e-16 1e-20
9426.324881 1.875328e-16 1e-20
9426.576098 1.649981e-16 1e-20
9426.827315 1.439401e-16 1e-20
9427.078532 1.268533e-16 1e-20
9427.329749 1.160733e-16 1e-20
9427.580966 1.133544e-16 1e-20
9427.832183 1.195399e-16 1e-20
9428.0834 1.350554e-16 1e-20
9428.334617 1.582519e-16 1e-20
9428.585834 1.86643e-16 1e-20
9428.837051 2.170934e-16 1e-20
9429.088268 2.430464e-16 1e-20
9429.339485 2.581595e-16 1e-20
9429.590702 2.607141e-16 1e-20
9429.841919 2.532545e-16 1e-20
9430.093136 2.383318e-16 1e-20
9430.344352 2.234084e-16 1e-20
9430.595569 2.167096e-16 1e-20
9430.846786 2.231024e-16 1e-20
9431.098003 2.392909e-16 1e-20
9431.34922 2.623615e-16 1e-20
9431.600437 2.874851e-16 1e-20
9431.851654 3.090276e-16 1e-20
9432.102871 3.220797e-16 1e-20
9432.354088 3.28644e-16 1e-20
9432.605305 3.309064e-16 1e-20
9432.856522 3.311963e-16 1e-20
9433.107739 3.3171e-16 1e-20
9433.358956 3.352615e-16 1e-20
9433.610173 3.385494e-16 1e-20
9433.86139 3.371964e-16 1e-20
9434.112607 3.287975e-16 1e-20
9434.363823 3.172907e-16 1e-20
9434.61504 3.059156e-16 1e-20
9434.866257 2.975503e-16 1e-20
9435.117474 2.946076e-16 1e-20
9435.368691 2.988711e-16 1e-20
9435.619908 3.061565e-16 1e-20
9435.871125 3.120817e-16 1e-20
9436.122342 3.122915e-16 1e-20
9436.373559 3.028704e-16 1e-20
9436.624776 2.798772e-16 1e-20
9436.875993 2.482245e-16 1e-20
9437.12721 2.15232e-16 1e-20
9437.378427 1.875816e-16 1e-20
9437.629644 1.686149e-16 1e-20
9437.880861 1.619455e-16 1e-20
9438.132078 1.670053e-16 1e-20
9438.383294 1.800256e-16 1e-20
9438.634511 1.965406e-16 1e-20
9438.885728 2.146819e-16 1e-20
9439.136945 2.333099e-16 1e-20
9439.388162 2.482709e-16 1e-20
9439.639379 2.492412e-16 1e-20
9439.890596 2.25694e-16 1e-20
9440.141813 1.879925e-16 1e-20
9440.39303 1.532161e-16 1e-20
9440.644247 1.353839e-16 1e-20
9440.895464 1.31441e-16 1e-20
9441.146681 1.388791e-16 1e-20
9441.397898 1.534877e-16 1e-20
9441.649115 1.698029e-16 1e-20
9441.900332 1.818014e-16 1e-20
9442.151549 1.899386e-16 1e-20
9442.402765 1.956605e-16 1e-20
9442.653982 2.005939e-16 1e-20
9442.905199 2.061958e-16 1e-20
9443.156416 2.142669e-16 1e-20
9443.407633 2.253036e-16 1e-20
9443.65885 2.390827e-16 1e-20
9443.910067 2.550651e-16 1e-20
9444.161284 2.713198e-16 1e-20
9444.412501 2.859765e-16 1e-20
9444.663718 2.971105e-16 1e-20
9444.914935 3.029005e-16 1e-20
9445.166152 3.016298e-16 1e-20
9445.417369 2.964782e-16 1e-20
9445.668586 2.915607e-16 1e-20
9445.919803 2.902786e-16 1e-20
9446.17102 2.936801e-16 1e-20
9446.422236 3.03145e-16 1e-20
9446.673453 3.164696e-16 1e-20
9446.92467 3.294843e-16 1e-20
9447.175887 3.382947e-16 1e-20
9447.427104 3.423307e-16 1e-20
9447.678321 3.41099e-16 1e-20
9447.929538 3.354298e-16 1e-20
9448.180755 3.280183e-16 1e-20
9448.431972 3.218733e-16 1e-20
9448.683189 3.165715e-16 1e-20
9448.934406 3.109218e-16 1e-20
9449.185623 3.04174e-16 1e-20
9449.43684 2.971093e-16 1e-20
9449.688057 2.900688e-16 1e-20
9449.939274 2.848857e-16 1e-20
9450.190491 2.842753e-16 1e-20
9450.441707 2.904839e-16 1e-20
9450.692924 3.020175e-16 1e-20
9450.944141 3.169609e-16 1e-20
9451.195358 3.327295e-16 1e-20
9451.446575 3.457368e-16 1e-20
9451.697792 3.520065e-16 1e-20
9451.949009 3.521744e-16 1e-20
9452.200226 3.485793e-16 1e-20
9452.451443 3.431052e-16 1e-20
9452.70266 3.332999e-16 1e-20
9452.953877 3.172788e-16 1e-20
9453.205094 2.948648e-16 1e-20
9453.456311 2.675326e-16 1e-20
9453.707528 2.36519e-16 1e-20
9453.958745 2.078497e-16 1e-20
9454.209962 1.880177e-16 1e-20
9454.461178 1.809103e-16 1e-20
9454.712395 1.841413e-16 1e-20
9454.963612 1.960445e-16 1e-20
9455.214829 2.108134e-16 1e-20
9455.466046 2.209522e-16 1e-20
9455.717263 2.202452e-16 1e-20
9455.96848 2.155202e-16 1e-20
9456.219697 2.143299e-16 1e-20
9456.470914 2.199513e-16 1e-20
9456.722131 2.299139e-16 1e-20
9456.973348 2.422152e-16 1e-20
9457.224565 2.564011e-16 1e-20
9457.475782 2.719577e-16 1e-20
9457.726999 2.874069e-16 1e-20
9457.978216 2.987289e-16 1e-20
9458.229433 3.022008e-16 1e-20
9458.480649 2.96318e-16 1e-20
9458.731866 2.812025e-16 1e-20
9458.983083 2.576105e-16 1e-20
9459.2343 2.28076e-16 1e-20
9459.485517 1.953756e-16 1e-20
9459.736734 1.637304e-16 1e-20
9459.987951 1.393252e-16 1e-20
9460.239168 1.284824e-16 1e-20
9460.490385 1.289678e-16 1e-20
9460.741602 1.358176e-16 1e-20
9460.992819 1.450549e-16 1e-20
9461.244036 1.601068e-16 1e-20
9461.495253 1.843269e-16 1e-20
9461.74647 2.145637e-16 1e-20
9461.997687 2.430645e-16 1e-20
9462.248904 2.628722e-16 1e-20
9462.50012 2.757183e-16 1e-20
9462.751337 2.842453e-16 1e-20
9463.002554 2.901814e-16 1e-20
9463.253771 2.928973e-16 1e-20
9463.504988 2.92868e-16 1e-20
9463.756205 2.890194e-16 1e-20
9464.007422 2.797584e-16 1e-20
9464.258639 2.64479e-16 1e-20
9464.509856 2.502495e-16 1e-20
9464.761073 2.445459e-16 1e-20
9465.01229 2.482057e-16 1e-20
9465.263507 2.555263e-16 1e-20
9465.514724 2.612577e-16 1e-20
9465.765941 2.65271e-16 1e-20
9466.017158 2.677813e-16 1e-20
9466.268375 2.690761e-16 1e-20
9466.519591 2.700096e-16 1e-20
9466.770808 2.720236e-16 1e-20
9467.022025 2.732158e-16 1e-20
9467.273242 2.703878e-16 1e-20
9467.524459 2.611418e-16 1e-20
9467.775676 2.469303e-16 1e-20
9468.026893 2.291124e-16 1e-20
9468.27811 2.108648e-16 1e-20
9468.529327 1.973279e-16 1e-20
9468.780544 1.929839e-16 1e-20
9469.031761 1.972753e-16 1e-20
9469.282978 2.088672e-16 1e-20
9469.534195 2.241418e-16 1e-20
9469.785412 2.30075e-16 1e-20
9470.036629 2.117599e-16 1e-20
9470.287846 1.766816e-16 1e-20
9470.539062 1.451501e-16 1e-20
