3500.0 -2.380833e-17 1e-20
3500.764475 -7.188741e-17 1e-20
3501.528951 -1.772402e-17 1e-20
3502.293426 -3.833368e-17 1e-20
3503.057901 -1.397167e-17 1e-20
3503.822376 -5.002013e-17 1e-20
3504.586852 -2.41338e-17 1e-20
3505.351327 -5.958216e-17 1e-20
3506.115802 -6.867048e-17 1e-20
3506.880277 -2.584583e-17 1e-20
3507.644753 -4.729203e-17 1e-20
3508.409228 -1.293259e-17 1e-20
3509.173703 9.903997e-18 1e-20
3509.938178 -1.912744e-17 1e-20
3510.702654 -2.841856e-17 1e-20
3511.467129 1.279466e-17 1e-20
3512.231604 -2.329134e-17 1e-20
3512.996079 -7.066798e-17 1e-20
3513.760555 -4.475244e-17 1e-20
3514.52503 -3.055453e-17 1e-20
3515.289505 -2.942418e-17 1e-20
3516.05398 -4.088119e-17 1e-20
3516.818456 -4.261204e-17 1e-20
3517.582931 -1.40548e-17 1e-20
3518.347406 -2.758407e-17 1e-20
3519.111881 -5.496888e-17 1e-20
3519.876357 -3.614621e-17 1e-20
3520.640832 -1.321591e-17 1e-20
3521.405307 -3.111256e-17 1e-20
3522.169782 -4.074898e-17 1e-20
3522.934258 -3.671647e-17 1e-20
3523.698733 -3.97523e-17 1e-20
3524.463208 -1.735759e-17 1e-20
3525.227683 -2.178664e-17 1e-20
3525.992159 -2.214517e-17 1e-20
3526.756634 -3.891733e-17 1e-20
3527.521109 -1.579349e-17 1e-20
3528.285584 8.815732e-18 1e-20
3529.05006 -3.489191e-17 1e-20
3529.814535 -4.520215e-17 1e-20
3530.57901 -5.698936e-17 1e-20
3531.343485 -1.124785e-16 1e-20
3532.107961 -7.63173e-17 1e-20
3532.872436 -9.289894e-19 1e-20
3533.636911 -2.937061e-17 1e-20
3534.401386 -1.978709e-17 1e-20
3535.165862 -1.77485e-17 1e-20
3535.930337 5.201839e-18 1e-20
3536.694812 2.213238e-17 1e-20
3537.459287 5.303623e-18 1e-20
3538.223763 -1.748966e-17 1e-20
3538.988238 -2.176123e-17 1e-20
3539.752713 -2.130726e-17 1e-20
3540.517188 -5.156565e-17 1e-20
3541.281664 -1.422358e-17 1e-20
3542.046139 -4.565741e-17 1e-20
3542.810614 -1.706811e-17 1e-20
3543.575089 1.475759e-17 1e-20
3544.339565 -2.767186e-17 1e-20
3545.10404 -2.941557e-17 1e-20
3545.868515 -6.38651e-17 1e-20
3546.63299 -3.516077e-17 1e-20
3547.397466 -4.688812e-17 1e-20
3548.161941 -6.878793e-17 1e-20
3548.926416 -3.055432e-17 1e-20
3549.690891 -3.212174e-17 1e-20
3550.455367 -3.729195e-17 1e-20
3551.219842 -9.745137e-18 1e-20
3551.984317 -3.744868e-17 1e-20
3552.748792 -3.666999e-17 1e-20
3553.513268 -3.955454e-17 1e-20
3554.277743 -6.568363e-17 1e-20
3555.042218 -4.045033e-17 1e-20
3555.806693 -2.257541e-17 1e-20
3556.571169 -2.193659e-18 1e-20
3557.335644 1.695681e-18 1e-20
3558.100119 -9.712083e-18 1e-20
3558.864594 -4.622468e-18 1e-20
3559.62907 2.087295e-17 1e-20
3560.393545 -8.933121e-18 1e-20
3561.15802 -1.668162e-17 1e-20
3561.922495 -2.049936e-17 1e-20
3562.686971 -2.95959e-17 1e-20
3563.451446 -1.281384e-17 1e-20
3564.215921 -6.425545e-17 1e-20
3564.980396 -6.081092e-17 1e-20
3565.744872 -2.987022e-17 1e-20
3566.509347 -3.487278e-18 1e-20
3567.273822 2.971744e-18 1e-20
3568.038297 1.316051e-17 1e-20
3568.802773 5.286122e-18 1e-20
3569.567248 2.533321e-17 1e-20
3570.331723 -2.081328e-17 1e-20
3571.096198 -3.568982e-17 1e-20
3571.860674 8.266292e-18 1e-20
3572.625149 2.998469e-17 1e-20
3573.389624 -2.578019e-17 1e-20
3574.154099 -2.710705e-17 1e-20
3574.918575 -7.332254e-18 1e-20
3575.68305 -1.061236e-17 1e-20
3576.447525 -1.012963e-17 1e-20
3577.212 -1.408731e-17 1e-20
3577.976476 -1.84826e-17 1e-20
3578.740951 -8.089996e-18 1e-20
3579.505426 -2.538915e-17 1e-20
3580.269901 -2.772859e-17 1e-20
3581.034377 -2.368672e-17 1e-20
3581.798852 -2.698751e-17 1e-20
3582.563327 -7.430281e-18 1e-20
3583.327802 1.473701e-17 1e-20
3584.092278 -5.036889e-18 1e-20
3584.856753 -2.674394e-17 1e-20
3585.621228 8.004765e-18 1e-20
3586.385703 1.683849e-19 1e-20
3587.150179 -8.778456e-19 1e-20
3587.914654 -8.422544e-18 1e-20
3588.679129 -1.662534e-17 1e-20
3589.443604 -2.815758e-17 1e-20
3590.20808 -4.141866e-17 1e-20
3590.972555 -1.418573e-18 1e-20
3591.73703 -1.0318e-18 1e-20
3592.501505 -1.856373e-17 1e-20
3593.265981 -4.237341e-17 1e-20
3594.030456 -4.683153e-17 1e-20
3594.794931 -3.337585e-17 1e-20
3595.559406 -8.542049e-18 1e-20
3596.323882 -2.099288e-17 1e-20
3597.088357 -3.351826e-17 1e-20
3597.852832 -4.136259e-17 1e-20
3598.617307 -9.40274e-18 1e-20
3599.381783 -1.398408e-17 1e-20
3600.146258 1.788561e-17 1e-20
3600.910733 -1.292338e-17 1e-20
3601.675208 -3.678548e-17 1e-20
3602.439684 -2.368529e-17 1e-20
3603.204159 7.138669e-18 1e-20
3603.968634 -4.035508e-17 1e-20
3604.733109 -2.081264e-17 1e-20
3605.497585 -1.045061e-17 1e-20
3606.26206 -4.817681e-17 1e-20
3607.026535 -3.944214e-18 1e-20
3607.79101 3.566944e-17 1e-20
3608.555486 -2.102729e-17 1e-20
3609.319961 2.354093e-17 1e-20
3610.084436 4.351368e-17 1e-20
3610.848911 2.667765e-17 1e-20
3611.613387 2.640581e-18 1e-20
3612.377862 -4.55443e-18 1e-20
3613.142337 -1.648296e-18 1e-20
3613.906812 -2.135871e-17 1e-20
3614.671288 -4.172482e-18 1e-20
3615.435763 -1.889671e-17 1e-20
3616.200238 -2.474107e-17 1e-20
3616.964713 -1.161739e-17 1e-20
3617.729189 -3.435166e-18 1e-20
3618.493664 2.82106e-18 1e-20
3619.258139 4.910298e-18 1e-20
3620.022614 -1.37839e-18 1e-20
3620.78709 -6.74594e-18 1e-20
3621.551565 1.881024e-17 1e-20
3622.31604 1.118272e-17 1e-20
3623.080515 1.920355e-17 1e-20
3623.844991 2.417355e-17 1e-20
3624.609466 4.86864e-18 1e-20
3625.373941 3.356231e-17 1e-20
3626.138416 1.62189e-17 1e-20
3626.902892 1.938717e-17 1e-20
3627.667367 8.015861e-18 1e-20
3628.431842 5.59977e-18 1e-20
3629.196317 1.892708e-17 1e-20
3629.960793 1.839217e-17 1e-20
3630.725268 -1.146382e-17 1e-20
3631.489743 -4.561389e-18 1e-20
3632.254218 1.163666e-17 1e-20
3633.018694 3.539985e-17 1e-20
3633.783169 2.247105e-17 1e-20
3634.547644 1.002434e-17 1e-20
3635.312119 2.366034e-17 1e-20
3636.076595 2.238035e-17 1e-20
3636.84107 1.705428e-17 1e-20
3637.605545 2.37022e-17 1e-20
3638.37002 -6.485634e-18 1e-20
3639.134496 1.362116e-17 1e-20
3639.898971 -2.046525e-18 1e-20
3640.663446 1.856212e-17 1e-20
3641.427921 7.007503e-18 1e-20
3642.192397 2.20562e-17 1e-20
3642.956872 1.320961e-17 1e-20
3643.721347 2.759388e-17 1e-20
3644.485822 1.883814e-18 1e-20
3645.250298 -6.571708e-18 1e-20
3646.014773 2.5637e-17 1e-20
3646.779248 2.599501e-17 1e-20
3647.543723 1.290293e-17 1e-20
3648.308199 1.619244e-17 1e-20
3649.072674 1.926891e-17 1e-20
3649.837149 5.677434e-18 1e-20
3650.601624 -1.893039e-18 1e-20
3651.3661 6.496641e-18 1e-20
3652.130575 2.142204e-17 1e-20
3652.89505 8.856815e-18 1e-20
3653.659525 2.033224e-17 1e-20
3654.424001 -1.754568e-18 1e-20
3655.188476 -5.659551e-18 1e-20
3655.952951 2.500327e-18 1e-20
3656.717426 1.80769e-17 1e-20
3657.481902 1.086067e-17 1e-20
3658.246377 3.35193e-17 1e-20
3659.010852 -8.554814e-18 1e-20
3659.775327 2.417861e-17 1e-20
3660.539803 5.154604e-17 1e-20
3661.304278 2.169929e-17 1e-20
3662.068753 1.478467e-17 1e-20
3662.833228 1.069801e-17 1e-20
3663.597704 1.674476e-17 1e-20
3664.362179 3.78032e-17 1e-20
3665.126654 3.152229e-17 1e-20
3665.891129 3.426154e-17 1e-20
3666.655605 4.270553e-17 1e-20
3667.42008 4.723555e-17 1e-20
3668.184555 2.963258e-17 1e-20
3668.94903 4.310899e-17 1e-20
3669.713506 2.798511e-17 1e-20
3670.477981 4.336765e-17 1e-20
3671.242456 2.07296e-17 1e-20
3672.006931 2.442181e-17 1e-20
3672.771407 2.467755e-17 1e-20
3673.535882 -3.291644e-18 1e-20
3674.300357 1.211754e-17 1e-20
3675.064832 6.369155e-18 1e-20
3675.829308 2.050845e-18 1e-20
3676.593783 2.731329e-17 1e-20
3677.358258 3.382602e-17 1e-20
3678.122733 6.761592e-17 1e-20
3678.887209 6.374026e-17 1e-20
3679.651684 3.479259e-17 1e-20
3680.416159 5.451717e-17 1e-20
3681.180634 3.204696e-17 1e-20
3681.94511 3.927339e-17 1e-20
3682.709585 2.876013e-17 1e-20
3683.47406 1.690144e-17 1e-20
3684.238535 2.306754e-17 1e-20
3685.003011 2.668505e-17 1e-20
3685.767486 3.135997e-17 1e-20
3686.531961 3.946984e-17 1e-20
3687.296436 4.067185e-17 1e-20
3688.060912 5.256254e-17 1e-20
3688.825387 4.986666e-17 1e-20
3689.589862 2.059422e-17 1e-20
3690.354337 3.254093e-18 1e-20
3691.118813 2.054732e-17 1e-20
3691.883288 3.766038e-17 1e-20
3692.647763 4.308485e-17 1e-20
3693.412238 3.240904e-17 1e-20
3694.176714 3.88826e-17 1e-20
3694.941189 3.252807e-17 1e-20
3695.705664 2.146734e-17 1e-20
3696.470139 2.347588e-17 1e-20
3697.234615 4.649791e-17 1e-20
3697.99909 1.87874e-17 1e-20
3698.763565 3.422413e-17 1e-20
3699.52804 3.570636e-17 1e-20
3700.292516 2.032931e-17 1e-20
3701.056991 4.535338e-17 1e-20
3701.821466 3.517388e-17 1e-20
3702.585941 5.435474e-17 1e-20
3703.350417 3.832654e-17 1e-20
3704.114892 2.847464e-17 1e-20
3704.879367 3.704109e-17 1e-20
3705.643842 4.046913e-17 1e-20
3706.408318 5.339088e-17 1e-20
3707.172793 5.752306e-17 1e-20
3707.937268 6.182329e-17 1e-20
3708.701743 5.535278e-17 1e-20
3709.466219 5.209802e-17 1e-20
3710.230694 4.217979e-17 1e-20
3710.995169 3.27163e-17 1e-20
3711.759644 5.299041e-17 1e-20
3712.52412 4.351634e-17 1e-20
3713.288595 3.581438e-17 1e-20
3714.05307 4.737269e-17 1e-20
3714.817545 3.682158e-17 1e-20
3715.582021 2.540422e-17 1e-20
3716.346496 3.091824e-17 1e-20
3717.110971 3.712108e-17 1e-20
3717.875446 5.059479e-17 1e-20
3718.639922 3.075433e-17 1e-20
3719.404397 4.75215e-17 1e-20
3720.168872 5.909527e-17 1e-20
3720.933347 5.923243e-17 1e-20
3721.697823 7.11853e-17 1e-20
3722.462298 6.741175e-17 1e-20
3723.226773 7.410763e-17 1e-20
3723.991248 5.580713e-17 1e-20
3724.755724 6.310035e-17 1e-20
3725.520199 4.54395e-17 1e-20
3726.284674 4.790873e-17 1e-20
3727.049149 4.474253e-17 1e-20
3727.813625 4.588536e-17 1e-20
3728.5781 5.810777e-17 1e-20
3729.342575 5.977434e-17 1e-20
3730.10705 7.828958e-17 1e-20
3730.871526 6.195979e-17 1e-20
3731.636001 7.319246e-17 1e-20
3732.400476 6.972077e-17 1e-20
3733.164951 5.508848e-17 1e-20
3733.929427 6.961484e-17 1e-20
3734.693902 7.089748e-17 1e-20
3735.458377 7.282469e-17 1e-20
3736.222852 7.743717e-17 1e-20
3736.987328 7.613314e-17 1e-20
3737.751803 8.258022e-17 1e-20
3738.516278 7.48985e-17 1e-20
3739.280753 7.335757e-17 1e-20
3740.045229 6.789681e-17 1e-20
3740.809704 5.427418e-17 1e-20
3741.574179 4.490323e-17 1e-20
3742.338654 5.675226e-17 1e-20
3743.10313 4.758072e-17 1e-20
3743.867605 5.558854e-17 1e-20
3744.63208 7.697738e-17 1e-20
3745.396555 7.025845e-17 1e-20
3746.161031 7.912796e-17 1e-20
3746.925506 7.265375e-17 1e-20
3747.689981 6.313592e-17 1e-20
3748.454456 6.516427e-17 1e-20
3749.218932 8.592573e-17 1e-20
3749.983407 7.540873e-17 1e-20
3750.747882 8.263871e-17 1e-20
3751.512357 8.175293e-17 1e-20
3752.276833 6.881287e-17 1e-20
3753.041308 6.3473e-17 1e-20
3753.805783 6.602064e-17 1e-20
3754.570258 6.89649e-17 1e-20
3755.334734 8.090904e-17 1e-20
3756.099209 6.697947e-17 1e-20
3756.863684 8.142856e-17 1e-20
3757.628159 8.119542e-17 1e-20
3758.392635 9.445321e-17 1e-20
3759.15711 7.504018e-17 1e-20
3759.921585 5.265696e-17 1e-20
3760.68606 5.51575e-17 1e-20
3761.450536 7.955265e-17 1e-20
3762.215011 7.682409e-17 1e-20
3762.979486 7.204386e-17 1e-20
3763.743961 8.206509e-17 1e-20
3764.508437 6.974645e-17 1e-20
3765.272912 6.77115e-17 1e-20
3766.037387 7.047923e-17 1e-20
3766.801862 8.414533e-17 1e-20
3767.566338 8.257542e-17 1e-20
3768.330813 7.099159e-17 1e-20
3769.095288 7.908104e-17 1e-20
3769.859763 6.83179e-17 1e-20
3770.624239 7.423147e-17 1e-20
3771.388714 6.210003e-17 1e-20
3772.153189 7.503382e-17 1e-20
3772.917664 8.023951e-17 1e-20
3773.68214 8.375576e-17 1e-20
3774.446615 9.992118e-17 1e-20
3775.21109 8.889595e-17 1e-20
3775.975565 8.019833e-17 1e-20
3776.740041 8.224011e-17 1e-20
3777.504516 5.382879e-17 1e-20
3778.268991 5.101483e-17 1e-20
3779.033466 6.383903e-17 1e-20
3779.797942 7.749326e-17 1e-20
3780.562417 7.797543e-17 1e-20
3781.326892 7.770531e-17 1e-20
3782.091367 5.061763e-17 1e-20
3782.855843 7.409676e-17 1e-20
3783.620318 9.575405e-17 1e-20
3784.384793 8.975994e-17 1e-20
3785.149268 8.397115e-17 1e-20
3785.913744 7.236544e-17 1e-20
3786.678219 6.865142e-17 1e-20
3787.442694 8.362515e-17 1e-20
3788.207169 1.000823e-16 1e-20
3788.971645 8.207685e-17 1e-20
3789.73612 8.59512e-17 1e-20
3790.500595 7.28004e-17 1e-20
3791.26507 6.735539e-17 1e-20
3792.029546 8.998659e-17 1e-20
3792.794021 9.951944e-17 1e-20
3793.558496 8.991574e-17 1e-20
3794.322971 9.072522e-17 1e-20
3795.087447 9.535222e-17 1e-20
3795.851922 9.410474e-17 1e-20
3796.616397 1.026163e-16 1e-20
3797.380872 8.832085e-17 1e-20
3798.145348 9.264562e-17 1e-20
3798.909823 8.525183e-17 1e-20
3799.674298 9.728719e-17 1e-20
3800.438773 8.249762e-17 1e-20
3801.203249 8.339084e-17 1e-20
3801.967724 9.72114e-17 1e-20
3802.732199 9.421333e-17 1e-20
3803.496674 9.695271e-17 1e-20
3804.26115 8.510872e-17 1e-20
3805.025625 7.476583e-17 1e-20
3805.7901 8.191975e-17 1e-20
3806.554575 8.535065e-17 1e-20
3807.319051 1.006109e-16 1e-20
3808.083526 9.43403e-17 1e-20
3808.848001 7.946398e-17 1e-20
3809.612476 8.398566e-17 1e-20
3810.376952 8.4455e-17 1e-20
3811.141427 7.785427e-17 1e-20
3811.905902 8.448401e-17 1e-20
3812.670377 9.16197e-17 1e-20
3813.434853 8.521086e-17 1e-20
3814.199328 8.151654e-17 1e-20
3814.963803 9.155426e-17 1e-20
3815.728278 9.948065e-17 1e-20
3816.492754 8.262656e-17 1e-20
3817.257229 9.340104e-17 1e-20
3818.021704 9.310002e-17 1e-20
3818.786179 8.668552e-17 1e-20
3819.550655 9.862086e-17 1e-20
3820.31513 9.848036e-17 1e-20
3821.079605 9.381529e-17 1e-20
3821.84408 9.894486e-17 1e-20
3822.608556 8.472372e-17 1e-20
3823.373031 8.55921e-17 1e-20
3824.137506 8.140676e-17 1e-20
3824.901981 1.032001e-16 1e-20
3825.666457 9.868506e-17 1e-20
3826.430932 9.405776e-17 1e-20
3827.195407 8.906218e-17 1e-20
3827.959882 9.859296e-17 1e-20
3828.724358 1.164842e-16 1e-20
3829.488833 1.005548e-16 1e-20
3830.253308 1.006384e-16 1e-20
3831.017783 9.642774e-17 1e-20
3831.782259 9.439826e-17 1e-20
3832.546734 1.008414e-16 1e-20
3833.311209 1.031489e-16 1e-20
3834.075684 1.022332e-16 1e-20
3834.84016 1.039403e-16 1e-20
3835.604635 9.757841e-17 1e-20
3836.36911 1.010522e-16 1e-20
3837.133585 1.104229e-16 1e-20
3837.898061 1.037086e-16 1e-20
3838.662536 1.010564e-16 1e-20
3839.427011 1.14472e-16 1e-20
3840.191486 1.097367e-16 1e-20
3840.955962 1.040915e-16 1e-20
3841.720437 9.931213e-17 1e-20
3842.484912 9.492824e-17 1e-20
3843.249387 1.016112e-16 1e-20
3844.013863 1.081135e-16 1e-20
3844.778338 1.12948e-16 1e-20
3845.542813 9.787641e-17 1e-20
3846.307288 1.16311e-16 1e-20
3847.071764 1.181423e-16 1e-20
3847.836239 1.109285e-16 1e-20
3848.600714 9.572365e-17 1e-20
3849.365189 1.108303e-16 1e-20
3850.129665 1.127178e-16 1e-20
3850.89414 1.086381e-16 1e-20
3851.658615 1.122814e-16 1e-20
3852.42309 1.015363e-16 1e-20
3853.187566 1.023475e-16 1e-20
3853.952041 1.123522e-16 1e-20
3854.716516 1.222046e-16 1e-20
3855.480991 1.070982e-16 1e-20
3856.245467 1.058681e-16 1e-20
3857.009942 1.10693e-16 1e-20
3857.774417 1.146756e-16 1e-20
3858.538892 1.137845e-16 1e-20
3859.303368 1.245196e-16 1e-20
3860.067843 1.160827e-16 1e-20
3860.832318 1.151182e-16 1e-20
3861.596793 1.063806e-16 1e-20
3862.361269 1.203017e-16 1e-20
3863.125744 1.147573e-16 1e-20
3863.890219 1.237524e-16 1e-20
3864.654694 1.11988e-16 1e-20
3865.41917 1.194032e-16 1e-20
3866.183645 1.125387e-16 1e-20
3866.94812 1.034835e-16 1e-20
3867.712595 1.024974e-16 1e-20
3868.477071 1.056151e-16 1e-20
3869.241546 1.148421e-16 1e-20
3870.006021 1.079382e-16 1e-20
3870.770496 1.102607e-16 1e-20
3871.534972 1.181165e-16 1e-20
3872.299447 1.152126e-16 1e-20
3873.063922 1.191216e-16 1e-20
3873.828397 1.061995e-16 1e-20
3874.592873 1.108186e-16 1e-20
3875.357348 1.069767e-16 1e-20
3876.121823 1.189155e-16 1e-20
3876.886298 1.19632e-16 1e-20
3877.650774 1.211928e-16 1e-20
3878.415249 1.14575e-16 1e-20
3879.179724 1.22921e-16 1e-20
3879.944199 1.257548e-16 1e-20
3880.708675 1.188912e-16 1e-20
3881.47315 1.19726e-16 1e-20
3882.237625 1.365123e-16 1e-20
3883.0021 1.259058e-16 1e-20
3883.766576 1.135226e-16 1e-20
3884.531051 1.238345e-16 1e-20
3885.295526 1.127268e-16 1e-20
3886.060001 1.100002e-16 1e-20
3886.824477 1.294239e-16 1e-20
3887.588952 1.269677e-16 1e-20
3888.353427 1.078476e-16 1e-20
3889.117902 1.207218e-16 1e-20
3889.882378 1.222302e-16 1e-20
3890.646853 1.022357e-16 1e-20
3891.411328 1.177544e-16 1e-20
3892.175803 1.329311e-16 1e-20
3892.940279 1.19921e-16 1e-20
3893.704754 1.234991e-16 1e-20
3894.469229 1.260758e-16 1e-20
3895.233704 1.330627e-16 1e-20
3895.99818 1.255689e-16 1e-20
3896.762655 1.217807e-16 1e-20
3897.52713 1.252291e-16 1e-20
3898.291605 1.264111e-16 1e-20
3899.056081 1.200643e-16 1e-20
3899.820556 1.180208e-16 1e-20
3900.585031 1.217011e-16 1e-20
3901.349506 1.330918e-16 1e-20
3902.113982 1.160417e-16 1e-20
3902.878457 1.291791e-16 1e-20
3903.642932 1.192167e-16 1e-20
3904.407407 1.163666e-16 1e-20
3905.171883 1.465245e-16 1e-20
3905.936358 1.347961e-16 1e-20
3906.700833 1.28594e-16 1e-20
3907.465308 1.29511e-16 1e-20
3908.229784 1.263494e-16 1e-20
3908.994259 1.130179e-16 1e-20
3909.758734 1.162677e-16 1e-20
3910.523209 1.300991e-16 1e-20
3911.287685 1.150832e-16 1e-20
3912.05216 1.249395e-16 1e-20
3912.816635 1.323413e-16 1e-20
3913.58111 1.39496e-16 1e-20
3914.345586 1.383414e-16 1e-20
3915.110061 1.405274e-16 1e-20
3915.874536 1.285566e-16 1e-20
3916.639011 1.316797e-16 1e-20
3917.403487 1.396764e-16 1e-20
3918.167962 1.349028e-16 1e-20
3918.932437 1.400385e-16 1e-20
3919.696912 1.294229e-16 1e-20
3920.461388 1.435712e-16 1e-20
3921.225863 1.393488e-16 1e-20
3921.990338 1.378557e-16 1e-20
3922.754813 1.49523e-16 1e-20
3923.519289 1.341634e-16 1e-20
3924.283764 1.407289e-16 1e-20
3925.048239 1.362116e-16 1e-20
3925.812714 1.405782e-16 1e-20
3926.57719 1.407829e-16 1e-20
3927.341665 1.470875e-16 1e-20
3928.10614 1.421467e-16 1e-20
3928.870615 1.416173e-16 1e-20
3929.635091 1.594276e-16 1e-20
3930.399566 1.630255e-16 1e-20
3931.164041 1.514483e-16 1e-20
3931.928516 1.598323e-16 1e-20
3932.692992 1.424495e-16 1e-20
3933.457467 1.519386e-16 1e-20
3934.221942 1.560551e-16 1e-20
3934.986417 1.446838e-16 1e-20
3935.750893 1.633975e-16 1e-20
3936.515368 1.489224e-16 1e-20
3937.279843 1.481047e-16 1e-20
3938.044318 1.599582e-16 1e-20
3938.808794 1.505942e-16 1e-20
3939.573269 1.601998e-16 1e-20
3940.337744 1.534693e-16 1e-20
3941.102219 1.369254e-16 1e-20
3941.866695 1.487391e-16 1e-20
3942.63117 1.553876e-16 1e-20
3943.395645 1.591148e-16 1e-20
3944.16012 1.481647e-16 1e-20
3944.924596 1.534474e-16 1e-20
3945.689071 1.665682e-16 1e-20
3946.453546 1.400467e-16 1e-20
3947.218021 1.564658e-16 1e-20
3947.982497 1.599474e-16 1e-20
3948.746972 1.509145e-16 1e-20
3949.511447 1.413995e-16 1e-20
3950.275922 1.533441e-16 1e-20
3951.040398 1.566734e-16 1e-20
3951.804873 1.523129e-16 1e-20
3952.569348 1.54388e-16 1e-20
3953.333823 1.510907e-16 1e-20
3954.098299 1.515627e-16 1e-20
3954.862774 1.515082e-16 1e-20
3955.627249 1.564016e-16 1e-20
3956.391724 1.652262e-16 1e-20
3957.1562 1.61458e-16 1e-20
3957.920675 1.396123e-16 1e-20
3958.68515 1.564856e-16 1e-20
3959.449625 1.539257e-16 1e-20
3960.214101 1.613326e-16 1e-20
3960.978576 1.723021e-16 1e-20
3961.743051 1.583308e-16 1e-20
3962.507526 1.66193e-16 1e-20
3963.272002 1.691377e-16 1e-20
3964.036477 1.485146e-16 1e-20
3964.800952 1.62813e-16 1e-20
3965.565427 1.679932e-16 1e-20
3966.329903 1.649054e-16 1e-20
3967.094378 1.652649e-16 1e-20
3967.858853 1.597508e-16 1e-20
3968.623328 1.61517e-16 1e-20
3969.387804 1.600898e-16 1e-20
3970.152279 1.60197e-16 1e-20
3970.916754 1.628554e-16 1e-20
3971.681229 1.650239e-16 1e-20
3972.445705 1.685266e-16 1e-20
3973.21018 1.653643e-16 1e-20
3973.974655 1.640924e-16 1e-20
3974.73913 1.603682e-16 1e-20
3975.503606 1.643914e-16 1e-20
3976.268081 1.510585e-16 1e-20
3977.032556 1.621362e-16 1e-20
3977.797031 1.604729e-16 1e-20
3978.561507 1.566969e-16 1e-20
3979.325982 1.637632e-16 1e-20
3980.090457 1.52241e-16 1e-20
3980.854932 1.409919e-16 1e-20
3981.619408 1.39988e-16 1e-20
3982.383883 1.562913e-16 1e-20
3983.148358 1.530622e-16 1e-20
3983.912833 1.432211e-16 1e-20
3984.677309 1.546041e-16 1e-20
3985.441784 1.563019e-16 1e-20
3986.206259 1.571937e-16 1e-20
3986.970734 1.649308e-16 1e-20
3987.73521 1.617049e-16 1e-20
3988.499685 1.676065e-16 1e-20
3989.26416 1.563623e-16 1e-20
3990.028635 1.634613e-16 1e-20
3990.793111 1.486186e-16 1e-20
3991.557586 1.523993e-16 1e-20
3992.322061 1.665656e-16 1e-20
3993.086536 1.533571e-16 1e-20
3993.851012 1.620839e-16 1e-20
3994.615487 1.574003e-16 1e-20
3995.379962 1.594624e-16 1e-20
3996.144437 1.639681e-16 1e-20
3996.908913 1.589056e-16 1e-20
3997.673388 1.505922e-16 1e-20
3998.437863 1.651721e-16 1e-20
3999.202338 1.557634e-16 1e-20
3999.966814 1.341409e-16 1e-20
4000.731289 1.622331e-16 1e-20
4001.495764 1.484822e-16 1e-20
4002.260239 1.423541e-16 1e-20
4003.024715 1.524608e-16 1e-20
4003.78919 1.573747e-16 1e-20
4004.553665 1.565707e-16 1e-20
4005.31814 1.57837e-16 1e-20
4006.082616 1.509959e-16 1e-20
4006.847091 1.553938e-16 1e-20
4007.611566 1.587876e-16 1e-20
4008.376041 1.587777e-16 1e-20
4009.140517 1.446988e-16 1e-20
4009.904992 1.516773e-16 1e-20
4010.669467 1.596263e-16 1e-20
4011.433942 1.49866e-16 1e-20
4012.198418 1.511768e-16 1e-20
4012.962893 1.564141e-16 1e-20
4013.727368 1.56441e-16 1e-20
4014.491843 1.651629e-16 1e-20
4015.256319 1.553769e-16 1e-20
4016.020794 1.646725e-16 1e-20
4016.785269 1.623035e-16 1e-20
4017.549744 1.647179e-16 1e-20
4018.31422 1.489223e-16 1e-20
4019.078695 1.432166e-16 1e-20
4019.84317 1.49674e-16 1e-20
4020.607645 1.455377e-16 1e-20
4021.372121 1.462575e-16 1e-20
4022.136596 1.531862e-16 1e-20
4022.901071 1.600607e-16 1e-20
4023.665546 1.447891e-16 1e-20
4024.430022 1.48734e-16 1e-20
4025.194497 1.481504e-16 1e-20
4025.958972 1.550879e-16 1e-20
4026.723447 1.404331e-16 1e-20
4027.487923 1.371062e-16 1e-20
4028.252398 1.57509e-16 1e-20
4029.016873 1.570207e-16 1e-20
4029.781348 1.594701e-16 1e-20
4030.545824 1.603534e-16 1e-20
4031.310299 1.633513e-16 1e-20
4032.074774 1.567257e-16 1e-20
4032.839249 1.520728e-16 1e-20
4033.603725 1.352486e-16 1e-20
4034.3682 1.475368e-16 1e-20
4035.132675 1.541432e-16 1e-20
4035.89715 1.417948e-16 1e-20
4036.661626 1.513842e-16 1e-20
4037.426101 1.427034e-16 1e-20
4038.190576 1.330564e-16 1e-20
4038.955051 1.467138e-16 1e-20
4039.719527 1.440393e-16 1e-20
4040.484002 1.537054e-16 1e-20
4041.248477 1.527349e-16 1e-20
4042.012952 1.457995e-16 1e-20
4042.777428 1.405079e-16 1e-20
4043.541903 1.472534e-16 1e-20
4044.306378 1.423536e-16 1e-20
4045.070853 1.345319e-16 1e-20
4045.835329 1.311035e-16 1e-20
4046.599804 1.3675e-16 1e-20
4047.364279 1.455198e-16 1e-20
4048.128754 1.385381e-16 1e-20
4048.89323 1.397843e-16 1e-20
4049.657705 1.362071e-16 1e-20
4050.42218 1.314204e-16 1e-20
4051.186655 1.331745e-16 1e-20
4051.951131 1.435101e-16 1e-20
4052.715606 1.453406e-16 1e-20
4053.480081 1.300791e-16 1e-20
4054.244556 1.377289e-16 1e-20
4055.009032 1.467658e-16 1e-20
4055.773507 1.420726e-16 1e-20
4056.537982 1.422587e-16 1e-20
4057.302457 1.282451e-16 1e-20
4058.066933 1.404885e-16 1e-20
4058.831408 1.557398e-16 1e-20
4059.595883 1.5175e-16 1e-20
4060.360358 1.44728e-16 1e-20
4061.124834 1.347356e-16 1e-20
4061.889309 1.37027e-16 1e-20
4062.653784 1.378561e-16 1e-20
4063.418259 1.368839e-16 1e-20
4064.182735 1.570438e-16 1e-20
4064.94721 1.52033e-16 1e-20
4065.711685 1.392356e-16 1e-20
4066.47616 1.391782e-16 1e-20
4067.240636 1.297858e-16 1e-20
4068.005111 1.347741e-16 1e-20
4068.769586 1.247208e-16 1e-20
4069.534061 1.327986e-16 1e-20
4070.298537 1.378781e-16 1e-20
4071.063012 1.229214e-16 1e-20
4071.827487 1.324626e-16 1e-20
4072.591962 1.406379e-16 1e-20
4073.356438 1.266907e-16 1e-20
4074.120913 1.281711e-16 1e-20
4074.885388 1.327205e-16 1e-20
4075.649863 1.273081e-16 1e-20
4076.414339 1.226095e-16 1e-20
4077.178814 1.218408e-16 1e-20
4077.943289 1.306297e-16 1e-20
4078.707764 1.428887e-16 1e-20
4079.47224 1.348574e-16 1e-20
4080.236715 1.182262e-16 1e-20
4081.00119 1.243448e-16 1e-20
4081.765665 1.362844e-16 1e-20
4082.530141 1.244166e-16 1e-20
4083.294616 1.266006e-16 1e-20
4084.059091 1.208013e-16 1e-20
4084.823566 1.366253e-16 1e-20
4085.588042 1.261776e-16 1e-20
4086.352517 1.266368e-16 1e-20
4087.116992 1.315133e-16 1e-20
4087.881467 1.315265e-16 1e-20
4088.645943 1.231329e-16 1e-20
4089.410418 1.230021e-16 1e-20
4090.174893 1.135996e-16 1e-20
4090.939368 1.161325e-16 1e-20
4091.703844 1.316152e-16 1e-20
4092.468319 1.226004e-16 1e-20
4093.232794 1.221206e-16 1e-20
4093.997269 1.196763e-16 1e-20
4094.761745 1.108288e-16 1e-20
4095.52622 1.359813e-16 1e-20
4096.290695 1.243417e-16 1e-20
4097.05517 1.165331e-16 1e-20
4097.819646 1.168963e-16 1e-20
4098.584121 1.224436e-16 1e-20
4099.348596 1.292889e-16 1e-20
4100.113071 1.077875e-16 1e-20
4100.877547 1.198195e-16 1e-20
4101.642022 1.101274e-16 1e-20
4102.406497 1.274269e-16 1e-20
4103.170972 1.224209e-16 1e-20
4103.935448 1.179623e-16 1e-20
4104.699923 1.182927e-16 1e-20
4105.464398 1.106002e-16 1e-20
4106.228873 1.184479e-16 1e-20
4106.993349 1.111812e-16 1e-20
4107.757824 9.901758e-17 1e-20
4108.522299 9.62967e-17 1e-20
4109.286774 1.044131e-16 1e-20
4110.05125 1.047437e-16 1e-20
4110.815725 1.049901e-16 1e-20
4111.5802 1.169016e-16 1e-20
4112.344675 1.094025e-16 1e-20
4113.109151 9.537878e-17 1e-20
4113.873626 9.882586e-17 1e-20
4114.638101 1.092346e-16 1e-20
4115.402576 1.01261e-16 1e-20
4116.167052 1.021918e-16 1e-20
4116.931527 8.807346e-17 1e-20
4117.696002 1.038195e-16 1e-20
4118.460477 1.210415e-16 1e-20
4119.224953 1.036724e-16 1e-20
4119.989428 9.438284e-17 1e-20
4120.753903 1.153678e-16 1e-20
4121.518378 9.39328e-17 1e-20
4122.282854 9.469784e-17 1e-20
4123.047329 1.004029e-16 1e-20
4123.811804 1.11118e-16 1e-20
4124.576279 9.649373e-17 1e-20
4125.340755 9.300897e-17 1e-20
4126.10523 1.033502e-16 1e-20
4126.869705 1.041648e-16 1e-20
4127.63418 1.120188e-16 1e-20
4128.398656 1.043673e-16 1e-20
4129.163131 1.105141e-16 1e-20
4129.927606 1.095752e-16 1e-20
4130.692081 1.165385e-16 1e-20
4131.456557 1.0566e-16 1e-20
4132.221032 1.125449e-16 1e-20
4132.985507 9.544992e-17 1e-20
4133.749982 9.016755e-17 1e-20
4134.514458 1.108628e-16 1e-20
4135.278933 1.099136e-16 1e-20
4136.043408 9.47785e-17 1e-20
4136.807883 9.29902e-17 1e-20
4137.572359 9.520088e-17 1e-20
4138.336834 8.45774e-17 1e-20
4139.101309 7.909903e-17 1e-20
4139.865784 9.688867e-17 1e-20
4140.63026 9.461852e-17 1e-20
4141.394735 9.663849e-17 1e-20
4142.15921 1.074199e-16 1e-20
4142.923685 9.530221e-17 1e-20
4143.688161 9.656551e-17 1e-20
4144.452636 1.082869e-16 1e-20
4145.217111 8.417631e-17 1e-20
4145.981586 8.829239e-17 1e-20
4146.746062 9.939885e-17 1e-20
4147.510537 8.982101e-17 1e-20
4148.275012 1.035488e-16 1e-20
4149.039487 9.376868e-17 1e-20
4149.803963 1.095348e-16 1e-20
4150.568438 9.450456e-17 1e-20
4151.332913 9.74605e-17 1e-20
4152.097388 1.017025e-16 1e-20
4152.861864 1.024081e-16 1e-20
4153.626339 9.227509e-17 1e-20
4154.390814 9.935413e-17 1e-20
4155.155289 1.075292e-16 1e-20
4155.919765 9.407668e-17 1e-20
4156.68424 1.0065e-16 1e-20
4157.448715 8.190414e-17 1e-20
4158.21319 8.527387e-17 1e-20
4158.977666 9.02701e-17 1e-20
4159.742141 7.709326e-17 1e-20
4160.506616 8.992573e-17 1e-20
4161.271091 9.267057e-17 1e-20
4162.035567 8.624547e-17 1e-20
4162.800042 9.911431e-17 1e-20
4163.564517 8.550058e-17 1e-20
4164.328992 8.581129e-17 1e-20
4165.093468 9.347682e-17 1e-20
4165.857943 8.239022e-17 1e-20
4166.622418 9.582144e-17 1e-20
4167.386893 9.641649e-17 1e-20
4168.151369 9.131484e-17 1e-20
4168.915844 9.247152e-17 1e-20
4169.680319 8.599011e-17 1e-20
4170.444794 9.681795e-17 1e-20
4171.20927 9.101133e-17 1e-20
4171.973745 8.376139e-17 1e-20
4172.73822 9.911624e-17 1e-20
4173.502695 9.481102e-17 1e-20
4174.267171 8.994413e-17 1e-20
4175.031646 9.451337e-17 1e-20
4175.796121 1.037683e-16 1e-20
4176.560596 8.061097e-17 1e-20
4177.325072 8.091704e-17 1e-20
4178.089547 9.4318e-17 1e-20
4178.854022 9.12517e-17 1e-20
4179.618497 9.982615e-17 1e-20
4180.382973 9.793751e-17 1e-20
4181.147448 8.817074e-17 1e-20
4181.911923 1.080555e-16 1e-20
4182.676398 1.043309e-16 1e-20
4183.440874 9.735157e-17 1e-20
4184.205349 1.063917e-16 1e-20
4184.969824 8.849508e-17 1e-20
4185.734299 8.934356e-17 1e-20
4186.498775 9.365455e-17 1e-20
4187.26325 1.009332e-16 1e-20
4188.027725 9.082374e-17 1e-20
4188.7922 9.302838e-17 1e-20
4189.556676 9.109929e-17 1e-20
4190.321151 9.161959e-17 1e-20
4191.085626 9.106097e-17 1e-20
4191.850101 9.46067e-17 1e-20
4192.614577 9.316608e-17 1e-20
4193.379052 9.604082e-17 1e-20
4194.143527 9.670017e-17 1e-20
4194.908002 8.948949e-17 1e-20
4195.672478 9.433799e-17 1e-20
4196.436953 8.157911e-17 1e-20
4197.201428 9.612478e-17 1e-20
4197.965903 8.112736e-17 1e-20
4198.730379 9.198583e-17 1e-20
4199.494854 9.409832e-17 1e-20
4200.259329 1.030105e-16 1e-20
4201.023804 9.857317e-17 1e-20
4201.78828 9.418411e-17 1e-20
4202.552755 8.688263e-17 1e-20
4203.31723 9.104534e-17 1e-20
4204.081705 8.475552e-17 1e-20
4204.846181 8.950785e-17 1e-20
4205.610656 9.511222e-17 1e-20
4206.375131 9.3483e-17 1e-20
4207.139606 8.13961e-17 1e-20
4207.904082 9.262707e-17 1e-20
4208.668557 9.231367e-17 1e-20
4209.433032 9.651996e-17 1e-20
4210.197507 9.131821e-17 1e-20
4210.961983 9.672266e-17 1e-20
4211.726458 1.020202e-16 1e-20
4212.490933 1.050543e-16 1e-20
4213.255408 1.001491e-16 1e-20
4214.019884 9.538881e-17 1e-20
4214.784359 9.449143e-17 1e-20
4215.548834 1.071159e-16 1e-20
4216.313309 1.034784e-16 1e-20
4217.077785 9.540027e-17 1e-20
4217.84226 1.059466e-16 1e-20
4218.606735 1.092121e-16 1e-20
4219.37121 9.979106e-17 1e-20
4220.135686 9.065313e-17 1e-20
4220.900161 9.341108e-17 1e-20
4221.664636 9.697261e-17 1e-20
4222.429111 9.295347e-17 1e-20
4223.193587 9.122689e-17 1e-20
4223.958062 9.439618e-17 1e-20
4224.722537 8.870607e-17 1e-20
4225.487012 9.34463e-17 1e-20
4226.251488 1.149936e-16 1e-20
4227.015963 1.147525e-16 1e-20
4227.780438 1.145235e-16 1e-20
4228.544913 1.063055e-16 1e-20
4229.309389 9.139233e-17 1e-20
4230.073864 1.100026e-16 1e-20
4230.838339 9.804658e-17 1e-20
4231.602814 1.019394e-16 1e-20
4232.36729 1.143531e-16 1e-20
4233.131765 1.077116e-16 1e-20
4233.89624 1.053264e-16 1e-20
4234.660715 1.049361e-16 1e-20
4235.425191 1.027159e-16 1e-20
4236.189666 1.056886e-16 1e-20
4236.954141 1.143379e-16 1e-20
4237.718616 1.174486e-16 1e-20
4238.483092 1.086569e-16 1e-20
4239.247567 1.052098e-16 1e-20
4240.012042 9.830248e-17 1e-20
4240.776517 1.063928e-16 1e-20
4241.540993 1.094051e-16 1e-20
4242.305468 1.103031e-16 1e-20
4243.069943 1.128486e-16 1e-20
4243.834418 1.08008e-16 1e-20
4244.598894 1.204774e-16 1e-20
4245.363369 1.175577e-16 1e-20
4246.127844 1.073283e-16 1e-20
4246.892319 1.056148e-16 1e-20
4247.656795 1.043895e-16 1e-20
4248.42127 1.09859e-16 1e-20
4249.185745 1.169001e-16 1e-20
4249.95022 1.207731e-16 1e-20
4250.714696 1.189315e-16 1e-20
4251.479171 1.228356e-16 1e-20
4252.243646 1.186252e-16 1e-20
4253.008121 1.078828e-16 1e-20
4253.772597 1.09413e-16 1e-20
4254.537072 1.147546e-16 1e-20
4255.301547 1.152395e-16 1e-20
4256.066022 1.198846e-16 1e-20
4256.830498 1.130673e-16 1e-20
4257.594973 1.032021e-16 1e-20
4258.359448 1.260951e-16 1e-20
4259.123923 1.147275e-16 1e-20
4259.888399 1.160884e-16 1e-20
4260.652874 1.103246e-16 1e-20
4261.417349 1.154263e-16 1e-20
4262.181824 1.23327e-16 1e-20
4262.9463 1.054749e-16 1e-20
4263.710775 1.074031e-16 1e-20
4264.47525 1.079356e-16 1e-20
4265.239725 1.141631e-16 1e-20
4266.004201 1.154612e-16 1e-20
4266.768676 1.052731e-16 1e-20
4267.533151 1.096477e-16 1e-20
4268.297626 1.089054e-16 1e-20
4269.062102 1.09188e-16 1e-20
4269.826577 1.200241e-16 1e-20
4270.591052 1.191986e-16 1e-20
4271.355527 1.198579e-16 1e-20
4272.120003 1.195752e-16 1e-20
4272.884478 1.212257e-16 1e-20
4273.648953 1.184314e-16 1e-20
4274.413428 1.063231e-16 1e-20
4275.177904 1.20583e-16 1e-20
4275.942379 1.203132e-16 1e-20
4276.706854 1.103495e-16 1e-20
4277.471329 1.235427e-16 1e-20
4278.235805 1.20668e-16 1e-20
4279.00028 1.061327e-16 1e-20
4279.764755 1.173608e-16 1e-20
4280.52923 1.226808e-16 1e-20
4281.293706 1.206361e-16 1e-20
4282.058181 1.086721e-16 1e-20
4282.822656 1.175765e-16 1e-20
4283.587131 1.178113e-16 1e-20
4284.351607 1.019151e-16 1e-20
4285.116082 1.163319e-16 1e-20
4285.880557 1.251091e-16 1e-20
4286.645032 1.223676e-16 1e-20
4287.409508 1.197541e-16 1e-20
4288.173983 1.243288e-16 1e-20
4288.938458 1.135642e-16 1e-20
4289.702933 1.164506e-16 1e-20
4290.467409 1.169466e-16 1e-20
4291.231884 1.286056e-16 1e-20
4291.996359 1.211078e-16 1e-20
4292.760834 1.262253e-16 1e-20
4293.52531 1.112202e-16 1e-20
4294.289785 1.263446e-16 1e-20
4295.05426 1.146313e-16 1e-20
4295.818735 1.147596e-16 1e-20
4296.583211 1.150669e-16 1e-20
4297.347686 1.14549e-16 1e-20
4298.112161 1.15246e-16 1e-20
4298.876636 1.110979e-16 1e-20
4299.641112 1.135717e-16 1e-20
4300.405587 1.134313e-16 1e-20
4301.170062 1.267488e-16 1e-20
4301.934537 1.228978e-16 1e-20
4302.699013 1.177377e-16 1e-20
4303.463488 1.259296e-16 1e-20
4304.227963 1.241007e-16 1e-20
4304.992438 1.178581e-16 1e-20
4305.756914 1.234995e-16 1e-20
4306.521389 1.144509e-16 1e-20
4307.285864 1.030947e-16 1e-20
4308.050339 1.155062e-16 1e-20
4308.814815 1.179755e-16 1e-20
4309.57929 1.214542e-16 1e-20
4310.343765 1.086351e-16 1e-20
4311.10824 1.226587e-16 1e-20
4311.872716 1.224369e-16 1e-20
4312.637191 1.24907e-16 1e-20
4313.401666 1.221384e-16 1e-20
4314.166141 1.287502e-16 1e-20
4314.930617 1.21728e-16 1e-20
4315.695092 1.159676e-16 1e-20
4316.459567 1.160264e-16 1e-20
4317.224042 1.147047e-16 1e-20
4317.988518 1.080049e-16 1e-20
4318.752993 1.208486e-16 1e-20
4319.517468 1.144133e-16 1e-20
4320.281943 1.205304e-16 1e-20
4321.046419 1.142953e-16 1e-20
4321.810894 1.136716e-16 1e-20
4322.575369 1.111492e-16 1e-20
4323.339844 1.181054e-16 1e-20
4324.10432 1.120363e-16 1e-20
4324.868795 1.266133e-16 1e-20
4325.63327 1.267888e-16 1e-20
4326.397745 1.313656e-16 1e-20
4327.162221 1.33917e-16 1e-20
4327.926696 1.27076e-16 1e-20
4328.691171 1.32134e-16 1e-20
4329.455646 1.159997e-16 1e-20
4330.220122 1.170711e-16 1e-20
4330.984597 1.203382e-16 1e-20
4331.749072 1.188667e-16 1e-20
4332.513547 1.238261e-16 1e-20
4333.278023 1.239372e-16 1e-20
4334.042498 1.229804e-16 1e-20
4334.806973 1.244086e-16 1e-20
4335.571448 1.181195e-16 1e-20
4336.335924 1.223904e-16 1e-20
4337.100399 1.333745e-16 1e-20
4337.864874 1.26252e-16 1e-20
4338.629349 1.299806e-16 1e-20
4339.393825 1.322456e-16 1e-20
4340.1583 1.270548e-16 1e-20
4340.922775 1.269651e-16 1e-20
4341.68725 1.37374e-16 1e-20
4342.451726 1.301067e-16 1e-20
4343.216201 1.221352e-16 1e-20
4343.980676 1.234127e-16 1e-20
4344.745151 1.253885e-16 1e-20
4345.509627 1.354211e-16 1e-20
4346.274102 1.28727e-16 1e-20
4347.038577 1.291904e-16 1e-20
4347.803052 1.269971e-16 1e-20
4348.567528 1.217408e-16 1e-20
4349.332003 1.254481e-16 1e-20
4350.096478 1.316676e-16 1e-20
4350.860953 1.237802e-16 1e-20
4351.625429 1.267001e-16 1e-20
4352.389904 1.279246e-16 1e-20
4353.154379 1.326625e-16 1e-20
4353.918854 1.255732e-16 1e-20
4354.68333 1.291483e-16 1e-20
4355.447805 1.344098e-16 1e-20
4356.21228 1.265833e-16 1e-20
4356.976755 1.227703e-16 1e-20
4357.741231 1.110855e-16 1e-20
4358.505706 1.109295e-16 1e-20
4359.270181 1.112994e-16 1e-20
4360.034656 1.292245e-16 1e-20
4360.799132 1.506163e-16 1e-20
4361.563607 1.341761e-16 1e-20
4362.328082 1.161872e-16 1e-20
4363.092557 1.258041e-16 1e-20
4363.857033 1.27762e-16 1e-20
4364.621508 1.260983e-16 1e-20
4365.385983 1.291084e-16 1e-20
4366.150458 1.298148e-16 1e-20
4366.914934 1.291938e-16 1e-20
4367.679409 1.276747e-16 1e-20
4368.443884 1.310962e-16 1e-20
4369.208359 1.244206e-16 1e-20
4369.972835 1.328496e-16 1e-20
4370.73731 1.363832e-16 1e-20
4371.501785 1.258554e-16 1e-20
4372.26626 1.28858e-16 1e-20
4373.030736 1.303603e-16 1e-20
4373.795211 1.314735e-16 1e-20
4374.559686 1.435084e-16 1e-20
4375.324161 1.388668e-16 1e-20
4376.088637 1.470953e-16 1e-20
4376.853112 1.30796e-16 1e-20
4377.617587 1.373333e-16 1e-20
4378.382062 1.301203e-16 1e-20
4379.146538 1.355824e-16 1e-20
4379.911013 1.418263e-16 1e-20
4380.675488 1.383819e-16 1e-20
4381.439963 1.311684e-16 1e-20
4382.204439 1.347924e-16 1e-20
4382.968914 1.153659e-16 1e-20
4383.733389 1.392371e-16 1e-20
4384.497864 1.381601e-16 1e-20
4385.26234 1.615739e-16 1e-20
4386.026815 1.392323e-16 1e-20
4386.79129 1.342642e-16 1e-20
4387.555765 1.359088e-16 1e-20
4388.320241 1.281191e-16 1e-20
4389.084716 1.281217e-16 1e-20
4389.849191 1.281357e-16 1e-20
4390.613666 1.329172e-16 1e-20
4391.378142 1.394045e-16 1e-20
4392.142617 1.401633e-16 1e-20
4392.907092 1.380201e-16 1e-20
4393.671567 1.352463e-16 1e-20
4394.436043 1.325477e-16 1e-20
4395.200518 1.307423e-16 1e-20
4395.964993 1.402894e-16 1e-20
4396.729468 1.357323e-16 1e-20
4397.493944 1.365899e-16 1e-20
4398.258419 1.258426e-16 1e-20
4399.022894 1.21025e-16 1e-20
4399.787369 1.414862e-16 1e-20
4400.551845 1.317949e-16 1e-20
4401.31632 1.368633e-16 1e-20
4402.080795 1.400429e-16 1e-20
4402.84527 1.227752e-16 1e-20
4403.609746 1.261597e-16 1e-20
4404.374221 1.276328e-16 1e-20
4405.138696 1.246606e-16 1e-20
4405.903171 1.396497e-16 1e-20
4406.667647 1.436783e-16 1e-20
4407.432122 1.449035e-16 1e-20
4408.196597 1.376403e-16 1e-20
4408.961072 1.43023e-16 1e-20
4409.725548 1.233649e-16 1e-20
4410.490023 1.358855e-16 1e-20
4411.254498 1.364924e-16 1e-20
4412.018973 1.396741e-16 1e-20
4412.783449 1.367393e-16 1e-20
4413.547924 1.253846e-16 1e-20
4414.312399 1.129509e-16 1e-20
4415.076874 1.298663e-16 1e-20
4415.84135 1.392231e-16 1e-20
4416.605825 1.393667e-16 1e-20
4417.3703 1.322456e-16 1e-20
4418.134775 1.250914e-16 1e-20
4418.899251 1.299196e-16 1e-20
4419.663726 1.358614e-16 1e-20
4420.428201 1.401633e-16 1e-20
4421.192676 1.422505e-16 1e-20
4421.957152 1.357437e-16 1e-20
4422.721627 1.439769e-16 1e-20
4423.486102 1.35889e-16 1e-20
4424.250577 1.284203e-16 1e-20
4425.015053 1.360907e-16 1e-20
4425.779528 1.272351e-16 1e-20
4426.544003 1.336858e-16 1e-20
4427.308478 1.253896e-16 1e-20
4428.072954 1.371153e-16 1e-20
4428.837429 1.362258e-16 1e-20
4429.601904 1.398e-16 1e-20
4430.366379 1.258358e-16 1e-20
4431.130855 1.258662e-16 1e-20
4431.89533 1.231624e-16 1e-20
4432.659805 1.233758e-16 1e-20
4433.42428 1.319041e-16 1e-20
4434.188756 1.329959e-16 1e-20
4434.953231 1.253216e-16 1e-20
4435.717706 1.354816e-16 1e-20
4436.482181 1.37685e-16 1e-20
4437.246657 1.314116e-16 1e-20
4438.011132 1.298514e-16 1e-20
4438.775607 1.352369e-16 1e-20
4439.540082 1.339164e-16 1e-20
4440.304558 1.294664e-16 1e-20
4441.069033 1.208835e-16 1e-20
4441.833508 1.260585e-16 1e-20
4442.597983 1.300746e-16 1e-20
4443.362459 1.316497e-16 1e-20
4444.126934 1.325803e-16 1e-20
4444.891409 1.347609e-16 1e-20
4445.655884 1.217349e-16 1e-20
4446.42036 1.233078e-16 1e-20
4447.184835 1.240564e-16 1e-20
4447.94931 1.327116e-16 1e-20
4448.713785 1.289543e-16 1e-20
4449.478261 1.37068e-16 1e-20
4450.242736 1.263661e-16 1e-20
4451.007211 1.232755e-16 1e-20
4451.771686 1.198973e-16 1e-20
4452.536162 1.295855e-16 1e-20
4453.300637 1.326938e-16 1e-20
4454.065112 1.281979e-16 1e-20
4454.829587 1.224259e-16 1e-20
4455.594063 1.250787e-16 1e-20
4456.358538 1.287529e-16 1e-20
4457.123013 1.267023e-16 1e-20
4457.887488 1.330975e-16 1e-20
4458.651964 1.168056e-16 1e-20
4459.416439 1.161813e-16 1e-20
4460.180914 1.274705e-16 1e-20
4460.945389 1.241998e-16 1e-20
4461.709865 1.333019e-16 1e-20
4462.47434 1.230106e-16 1e-20
4463.238815 1.306274e-16 1e-20
4464.00329 1.336001e-16 1e-20
4464.767766 1.161643e-16 1e-20
4465.532241 1.168032e-16 1e-20
4466.296716 1.235307e-16 1e-20
4467.061191 1.237374e-16 1e-20
4467.825667 1.204424e-16 1e-20
4468.590142 1.218723e-16 1e-20
4469.354617 1.231873e-16 1e-20
4470.119092 1.242509e-16 1e-20
4470.883568 1.340519e-16 1e-20
4471.648043 1.330383e-16 1e-20
4472.412518 1.533957e-16 1e-20
4473.176993 1.245666e-16 1e-20
4473.941469 1.216193e-16 1e-20
4474.705944 1.252358e-16 1e-20
4475.470419 1.278653e-16 1e-20
4476.234894 1.138668e-16 1e-20
4476.99937 1.139672e-16 1e-20
4477.763845 1.142064e-16 1e-20
4478.52832 1.17764e-16 1e-20
4479.292795 1.246839e-16 1e-20
4480.057271 1.171822e-16 1e-20
4480.821746 1.209354e-16 1e-20
4481.586221 1.053731e-16 1e-20
4482.350696 1.223642e-16 1e-20
4483.115172 1.233084e-16 1e-20
4483.879647 1.171305e-16 1e-20
4484.644122 1.287387e-16 1e-20
4485.408597 1.198872e-16 1e-20
4486.173073 1.103461e-16 1e-20
4486.937548 1.182786e-16 1e-20
4487.702023 1.125279e-16 1e-20
4488.466498 1.124351e-16 1e-20
4489.230974 1.141185e-16 1e-20
4489.995449 1.160522e-16 1e-20
4490.759924 1.060596e-16 1e-20
4491.524399 1.135025e-16 1e-20
4492.288875 1.108356e-16 1e-20
4493.05335 1.105564e-16 1e-20
4493.817825 1.146151e-16 1e-20
4494.5823 1.142366e-16 1e-20
4495.346776 1.285262e-16 1e-20
4496.111251 1.215995e-16 1e-20
4496.875726 1.255241e-16 1e-20
4497.640201 1.193166e-16 1e-20
4498.404677 1.12684e-16 1e-20
4499.169152 1.199325e-16 1e-20
4499.933627 1.158123e-16 1e-20
4500.698102 1.094823e-16 1e-20
4501.462578 1.098287e-16 1e-20
4502.227053 1.128768e-16 1e-20
4502.991528 1.125617e-16 1e-20
4503.756003 1.209759e-16 1e-20
4504.520479 1.139918e-16 1e-20
4505.284954 1.193816e-16 1e-20
4506.049429 1.108667e-16 1e-20
4506.813904 1.077804e-16 1e-20
4507.57838 1.061408e-16 1e-20
4508.342855 1.217523e-16 1e-20
4509.10733 1.169853e-16 1e-20
4509.871805 1.155331e-16 1e-20
4510.636281 1.083589e-16 1e-20
4511.400756 1.053801e-16 1e-20
4512.165231 1.100066e-16 1e-20
4512.929706 9.368151e-17 1e-20
4513.694182 1.022789e-16 1e-20
4514.458657 1.094659e-16 1e-20
4515.223132 1.022954e-16 1e-20
4515.987607 1.095023e-16 1e-20
4516.752083 9.86877e-17 1e-20
4517.516558 1.073821e-16 1e-20
4518.281033 1.152675e-16 1e-20
4519.045508 1.107756e-16 1e-20
4519.809984 1.116937e-16 1e-20
4520.574459 1.097099e-16 1e-20
4521.338934 1.019959e-16 1e-20
4522.103409 1.094292e-16 1e-20
4522.867885 1.070766e-16 1e-20
4523.63236 1.132478e-16 1e-20
4524.396835 1.041945e-16 1e-20
4525.16131 1.094574e-16 1e-20
4525.925786 1.082384e-16 1e-20
4526.690261 9.998787e-17 1e-20
4527.454736 1.077049e-16 1e-20
4528.219211 1.055536e-16 1e-20
4528.983687 1.057639e-16 1e-20
4529.748162 1.058989e-16 1e-20
4530.512637 1.050882e-16 1e-20
4531.277112 1.185471e-16 1e-20
4532.041588 1.210355e-16 1e-20
4532.806063 1.075567e-16 1e-20
4533.570538 1.052662e-16 1e-20
4534.335013 1.128121e-16 1e-20
4535.099489 1.025406e-16 1e-20
4535.863964 1.129825e-16 1e-20
4536.628439 1.104093e-16 1e-20
4537.392914 1.043646e-16 1e-20
4538.15739 9.74001e-17 1e-20
4538.921865 1.136427e-16 1e-20
4539.68634 1.022721e-16 1e-20
4540.450815 9.327153e-17 1e-20
4541.215291 1.04128e-16 1e-20
4541.979766 1.103098e-16 1e-20
4542.744241 1.017392e-16 1e-20
4543.508716 1.07527e-16 1e-20
4544.273192 9.95909e-17 1e-20
4545.037667 9.881728e-17 1e-20
4545.802142 9.727525e-17 1e-20
4546.566617 1.005794e-16 1e-20
4547.331093 9.869147e-17 1e-20
4548.095568 1.033606e-16 1e-20
4548.860043 1.035119e-16 1e-20
4549.624518 9.682574e-17 1e-20
4550.388994 9.459158e-17 1e-20
4551.153469 1.101791e-16 1e-20
4551.917944 1.12666e-16 1e-20
4552.682419 9.939966e-17 1e-20
4553.446895 1.05215e-16 1e-20
4554.21137 9.451018e-17 1e-20
4554.975845 9.669978e-17 1e-20
4555.74032 1.029098e-16 1e-20
4556.504796 1.088666e-16 1e-20
4557.269271 1.094685e-16 1e-20
4558.033746 1.018656e-16 1e-20
4558.798221 1.045557e-16 1e-20
4559.562697 1.079466e-16 1e-20
4560.327172 9.674144e-17 1e-20
4561.091647 9.987877e-17 1e-20
4561.856122 1.083776e-16 1e-20
4562.620598 9.849512e-17 1e-20
4563.385073 9.805861e-17 1e-20
4564.149548 9.473053e-17 1e-20
4564.914023 8.984584e-17 1e-20
4565.678499 9.606916e-17 1e-20
4566.442974 1.057689e-16 1e-20
4567.207449 9.989651e-17 1e-20
4567.971924 1.043269e-16 1e-20
4568.7364 1.055067e-16 1e-20
4569.500875 1.057003e-16 1e-20
4570.26535 9.641554e-17 1e-20
4571.029825 1.105191e-16 1e-20
4571.794301 7.824307e-17 1e-20
4572.558776 1.062628e-16 1e-20
4573.323251 1.043162e-16 1e-20
4574.087726 9.440158e-17 1e-20
4574.852202 8.891043e-17 1e-20
4575.616677 9.563252e-17 1e-20
4576.381152 8.678035e-17 1e-20
4577.145627 8.595493e-17 1e-20
4577.910103 9.533737e-17 1e-20
4578.674578 9.43022e-17 1e-20
4579.439053 1.089131e-16 1e-20
4580.203528 9.21216e-17 1e-20
4580.968004 9.364137e-17 1e-20
4581.732479 9.519096e-17 1e-20
4582.496954 1.071403e-16 1e-20
4583.261429 1.038649e-16 1e-20
4584.025905 9.733962e-17 1e-20
4584.79038 9.965085e-17 1e-20
4585.554855 1.028471e-16 1e-20
4586.31933 9.078307e-17 1e-20
4587.083806 9.521633e-17 1e-20
4587.848281 9.233584e-17 1e-20
4588.612756 9.608563e-17 1e-20
4589.377231 9.376821e-17 1e-20
4590.141707 1.026192e-16 1e-20
4590.906182 9.328808e-17 1e-20
4591.670657 9.598715e-17 1e-20
4592.435132 9.654326e-17 1e-20
4593.199608 8.699664e-17 1e-20
4593.964083 9.927348e-17 1e-20
4594.728558 9.5383e-17 1e-20
4595.493033 8.793492e-17 1e-20
4596.257509 9.749529e-17 1e-20
4597.021984 1.025349e-16 1e-20
4597.786459 9.310583e-17 1e-20
4598.550934 9.664531e-17 1e-20
4599.31541 9.868021e-17 1e-20
4600.079885 8.897949e-17 1e-20
4600.84436 9.643109e-17 1e-20
4601.608835 8.954744e-17 1e-20
4602.373311 9.427227e-17 1e-20
4603.137786 9.556214e-17 1e-20
4603.902261 1.019434e-16 1e-20
4604.666736 9.075177e-17 1e-20
4605.431212 9.324375e-17 1e-20
4606.195687 9.352931e-17 1e-20
4606.960162 8.943189e-17 1e-20
4607.724637 9.367403e-17 1e-20
4608.489113 9.340609e-17 1e-20
4609.253588 1.081341e-16 1e-20
4610.018063 9.702771e-17 1e-20
4610.782538 9.43633e-17 1e-20
4611.547014 9.044252e-17 1e-20
4612.311489 8.988183e-17 1e-20
4613.075964 8.874644e-17 1e-20
4613.840439 1.020747e-16 1e-20
4614.604915 9.361258e-17 1e-20
4615.36939 8.63894e-17 1e-20
4616.133865 9.032532e-17 1e-20
4616.89834 9.07335e-17 1e-20
4617.662816 9.614444e-17 1e-20
4618.427291 9.179111e-17 1e-20
4619.191766 8.574236e-17 1e-20
4619.956241 9.686505e-17 1e-20
4620.720717 9.964193e-17 1e-20
4621.485192 9.881755e-17 1e-20
4622.249667 9.443305e-17 1e-20
4623.014142 9.925202e-17 1e-20
4623.778618 9.433912e-17 1e-20
4624.543093 8.57596e-17 1e-20
4625.307568 8.528023e-17 1e-20
4626.072043 9.258498e-17 1e-20
4626.836519 9.399265e-17 1e-20
4627.600994 1.005761e-16 1e-20
4628.365469 9.381354e-17 1e-20
4629.129944 8.170098e-17 1e-20
4629.89442 9.091427e-17 1e-20
4630.658895 9.625862e-17 1e-20
4631.42337 8.988323e-17 1e-20
4632.187845 8.207845e-17 1e-20
4632.952321 7.64586e-17 1e-20
4633.716796 9.129102e-17 1e-20
4634.481271 8.969429e-17 1e-20
4635.245746 8.911553e-17 1e-20
4636.010222 8.668966e-17 1e-20
4636.774697 7.516377e-17 1e-20
4637.539172 8.262062e-17 1e-20
4638.303647 8.693708e-17 1e-20
4639.068123 9.117016e-17 1e-20
4639.832598 8.639507e-17 1e-20
4640.597073 8.625015e-17 1e-20
4641.361548 8.344437e-17 1e-20
4642.126024 8.668497e-17 1e-20
4642.890499 9.188788e-17 1e-20
4643.654974 8.724858e-17 1e-20
4644.419449 8.617009e-17 1e-20
4645.183925 8.197908e-17 1e-20
4645.9484 8.511564e-17 1e-20
4646.712875 8.038631e-17 1e-20
4647.47735 8.545992e-17 1e-20
4648.241826 8.101326e-17 1e-20
4649.006301 8.386404e-17 1e-20
4649.770776 8.260833e-17 1e-20
4650.535251 8.667003e-17 1e-20
4651.299727 8.516973e-17 1e-20
4652.064202 8.602689e-17 1e-20
4652.828677 8.99609e-17 1e-20
4653.593152 8.496287e-17 1e-20
4654.357628 7.757122e-17 1e-20
4655.122103 8.149938e-17 1e-20
4655.886578 8.800242e-17 1e-20
4656.651053 7.911678e-17 1e-20
4657.415529 8.722051e-17 1e-20
4658.180004 8.068984e-17 1e-20
4658.944479 8.765135e-17 1e-20
4659.708954 8.501801e-17 1e-20
4660.47343 7.774539e-17 1e-20
4661.237905 8.245768e-17 1e-20
4662.00238 8.043173e-17 1e-20
4662.766855 7.778372e-17 1e-20
4663.531331 7.770304e-17 1e-20
4664.295806 7.379085e-17 1e-20
4665.060281 7.835359e-17 1e-20
4665.824756 7.888672e-17 1e-20
4666.589232 8.043393e-17 1e-20
4667.353707 8.179493e-17 1e-20
4668.118182 8.292939e-17 1e-20
4668.882657 8.635344e-17 1e-20
4669.647133 8.841149e-17 1e-20
4670.411608 8.459212e-17 1e-20
4671.176083 7.71116e-17 1e-20
4671.940558 8.029429e-17 1e-20
4672.705034 6.799387e-17 1e-20
4673.469509 7.615464e-17 1e-20
4674.233984 7.921786e-17 1e-20
4674.998459 7.466023e-17 1e-20
4675.762935 7.548556e-17 1e-20
4676.52741 7.838411e-17 1e-20
4677.291885 7.695492e-17 1e-20
4678.05636 7.386999e-17 1e-20
4678.820836 7.935712e-17 1e-20
4679.585311 8.044754e-17 1e-20
4680.349786 7.98951e-17 1e-20
4681.114261 7.096948e-17 1e-20
4681.878737 8.32304e-17 1e-20
4682.643212 8.312697e-17 1e-20
4683.407687 7.698988e-17 1e-20
4684.172162 7.321131e-17 1e-20
4684.936638 7.620095e-17 1e-20
4685.701113 7.443582e-17 1e-20
4686.465588 7.401244e-17 1e-20
4687.230063 6.968592e-17 1e-20
4687.994539 8.001736e-17 1e-20
4688.759014 8.097003e-17 1e-20
4689.523489 7.622731e-17 1e-20
4690.287964 7.757691e-17 1e-20
4691.05244 8.182232e-17 1e-20
4691.816915 8.232704e-17 1e-20
4692.58139 7.427888e-17 1e-20
4693.345865 6.844659e-17 1e-20
4694.110341 7.134995e-17 1e-20
4694.874816 7.858817e-17 1e-20
4695.639291 6.949183e-17 1e-20
4696.403766 7.441964e-17 1e-20
4697.168242 8.131129e-17 1e-20
4697.932717 7.554112e-17 1e-20
4698.697192 7.967293e-17 1e-20
4699.461667 7.712441e-17 1e-20
4700.226143 8.713908e-17 1e-20
4700.990618 7.667142e-17 1e-20
4701.755093 8.425062e-17 1e-20
4702.519568 7.826089e-17 1e-20
4703.284044 7.891088e-17 1e-20
4704.048519 8.615401e-17 1e-20
4704.812994 8.483922e-17 1e-20
4705.577469 8.020997e-17 1e-20
4706.341945 7.329627e-17 1e-20
4707.10642 7.233448e-17 1e-20
4707.870895 7.597506e-17 1e-20
4708.63537 7.729958e-17 1e-20
4709.399846 7.53887e-17 1e-20
4710.164321 7.620504e-17 1e-20
4710.928796 7.37084e-17 1e-20
4711.693271 7.647824e-17 1e-20
4712.457747 7.266853e-17 1e-20
4713.222222 8.080853e-17 1e-20
4713.986697 7.685629e-17 1e-20
4714.751172 7.720795e-17 1e-20
4715.515648 8.035462e-17 1e-20
4716.280123 7.816496e-17 1e-20
4717.044598 7.357237e-17 1e-20
4717.809073 7.913889e-17 1e-20
4718.573549 7.239177e-17 1e-20
4719.338024 7.612114e-17 1e-20
4720.102499 7.137525e-17 1e-20
4720.866974 6.946192e-17 1e-20
4721.63145 6.640686e-17 1e-20
4722.395925 7.760842e-17 1e-20
4723.1604 7.503123e-17 1e-20
4723.924875 7.629089e-17 1e-20
4724.689351 8.627511e-17 1e-20
4725.453826 7.848656e-17 1e-20
4726.218301 7.429894e-17 1e-20
4726.982776 8.365524e-17 1e-20
4727.747252 7.059152e-17 1e-20
4728.511727 7.560161e-17 1e-20
4729.276202 7.772755e-17 1e-20
4730.040677 7.651807e-17 1e-20
4730.805153 7.231036e-17 1e-20
4731.569628 7.5874e-17 1e-20
4732.334103 8.036178e-17 1e-20
4733.098578 7.763567e-17 1e-20
4733.863054 7.451166e-17 1e-20
4734.627529 7.377355e-17 1e-20
4735.392004 7.886728e-17 1e-20
4736.156479 8.223332e-17 1e-20
4736.920955 7.618561e-17 1e-20
4737.68543 8.147878e-17 1e-20
4738.449905 7.58372e-17 1e-20
4739.21438 7.64226e-17 1e-20
4739.978856 8.381146e-17 1e-20
4740.743331 7.672255e-17 1e-20
4741.507806 7.48397e-17 1e-20
4742.272281 8.044378e-17 1e-20
4743.036757 7.408971e-17 1e-20
4743.801232 7.96439e-17 1e-20
4744.565707 7.815152e-17 1e-20
4745.330182 7.192993e-17 1e-20
4746.094658 7.81264e-17 1e-20
4746.859133 7.624972e-17 1e-20
4747.623608 7.573553e-17 1e-20
4748.388083 7.567456e-17 1e-20
4749.152559 8.675199e-17 1e-20
4749.917034 7.380294e-17 1e-20
4750.681509 7.537259e-17 1e-20
4751.445984 7.252722e-17 1e-20
4752.21046 7.703827e-17 1e-20
4752.974935 7.445477e-17 1e-20
4753.73941 8.407606e-17 1e-20
4754.503885 7.995401e-17 1e-20
4755.268361 8.27428e-17 1e-20
4756.032836 7.939046e-17 1e-20
4756.797311 8.784132e-17 1e-20
4757.561786 8.803882e-17 1e-20
4758.326262 8.347469e-17 1e-20
4759.090737 7.591396e-17 1e-20
4759.855212 7.400486e-17 1e-20
4760.619687 8.052003e-17 1e-20
4761.384163 8.106955e-17 1e-20
4762.148638 7.340247e-17 1e-20
4762.913113 8.575312e-17 1e-20
4763.677588 8.512724e-17 1e-20
4764.442064 8.252603e-17 1e-20
4765.206539 7.580026e-17 1e-20
4765.971014 7.840126e-17 1e-20
4766.735489 8.249026e-17 1e-20
4767.499965 8.305859e-17 1e-20
4768.26444 7.87825e-17 1e-20
4769.028915 8.095962e-17 1e-20
4769.79339 8.205935e-17 1e-20
4770.557866 7.236922e-17 1e-20
4771.322341 7.918598e-17 1e-20
4772.086816 8.274105e-17 1e-20
4772.851291 7.231928e-17 1e-20
4773.615767 8.301671e-17 1e-20
4774.380242 8.840947e-17 1e-20
4775.144717 7.595957e-17 1e-20
4775.909192 7.404395e-17 1e-20
4776.673668 8.496252e-17 1e-20
4777.438143 7.558e-17 1e-20
4778.202618 7.956208e-17 1e-20
4778.967093 9.135874e-17 1e-20
4779.731569 8.117521e-17 1e-20
4780.496044 7.58218e-17 1e-20
4781.260519 8.092151e-17 1e-20
4782.024994 8.077654e-17 1e-20
4782.78947 8.913978e-17 1e-20
4783.553945 8.587417e-17 1e-20
4784.31842 7.91249e-17 1e-20
4785.082895 8.617735e-17 1e-20
4785.847371 8.534642e-17 1e-20
4786.611846 8.41422e-17 1e-20
4787.376321 8.055498e-17 1e-20
4788.140796 7.96157e-17 1e-20
4788.905272 7.739936e-17 1e-20
4789.669747 9.546457e-17 1e-20
4790.434222 8.538222e-17 1e-20
4791.198697 9.12285e-17 1e-20
4791.963173 8.686253e-17 1e-20
4792.727648 7.538948e-17 1e-20
4793.492123 7.822194e-17 1e-20
4794.256598 8.404883e-17 1e-20
4795.021074 8.260087e-17 1e-20
4795.785549 8.447522e-17 1e-20
4796.550024 7.923125e-17 1e-20
4797.314499 8.346569e-17 1e-20
4798.078975 8.602409e-17 1e-20
4798.84345 9.105329e-17 1e-20
4799.607925 8.878174e-17 1e-20
4800.3724 9.611178e-17 1e-20
4801.136876 8.999275e-17 1e-20
4801.901351 8.846058e-17 1e-20
4802.665826 8.447574e-17 1e-20
4803.430301 8.731355e-17 1e-20
4804.194777 7.989185e-17 1e-20
4804.959252 8.300553e-17 1e-20
4805.723727 7.436596e-17 1e-20
4806.488202 7.7807e-17 1e-20
4807.252678 8.431281e-17 1e-20
4808.017153 9.673179e-17 1e-20
4808.781628 8.684083e-17 1e-20
4809.546103 8.962323e-17 1e-20
4810.310579 8.710332e-17 1e-20
4811.075054 8.679999e-17 1e-20
4811.839529 8.882635e-17 1e-20
4812.604004 8.734393e-17 1e-20
4813.36848 8.435839e-17 1e-20
4814.132955 8.384665e-17 1e-20
4814.89743 7.909762e-17 1e-20
4815.661905 9.655575e-17 1e-20
4816.426381 8.254506e-17 1e-20
4817.190856 8.989492e-17 1e-20
4817.955331 9.353741e-17 1e-20
4818.719806 9.012403e-17 1e-20
4819.484282 8.266282e-17 1e-20
4820.248757 8.440989e-17 1e-20
4821.013232 8.59037e-17 1e-20
4821.777707 8.6873e-17 1e-20
4822.542183 8.827711e-17 1e-20
4823.306658 8.801763e-17 1e-20
4824.071133 8.767769e-17 1e-20
4824.835608 9.581803e-17 1e-20
4825.600084 9.299514e-17 1e-20
4826.364559 9.638162e-17 1e-20
4827.129034 9.125563e-17 1e-20
4827.893509 8.930326e-17 1e-20
4828.657985 8.500183e-17 1e-20
4829.42246 9.77062e-17 1e-20
4830.186935 8.888665e-17 1e-20
4830.95141 9.484173e-17 1e-20
4831.715886 8.97151e-17 1e-20
4832.480361 9.460558e-17 1e-20
4833.244836 9.117235e-17 1e-20
4834.009311 9.028846e-17 1e-20
4834.773787 9.605311e-17 1e-20
4835.538262 9.71649e-17 1e-20
4836.302737 9.370081e-17 1e-20
4837.067212 9.224739e-17 1e-20
4837.831688 7.677208e-17 1e-20
4838.596163 8.535298e-17 1e-20
4839.360638 8.589439e-17 1e-20
4840.125113 9.039758e-17 1e-20
4840.889589 9.230552e-17 1e-20
4841.654064 8.105499e-17 1e-20
4842.418539 9.220761e-17 1e-20
4843.183014 8.9894e-17 1e-20
4843.94749 9.378745e-17 1e-20
4844.711965 9.640882e-17 1e-20
4845.47644 9.605026e-17 1e-20
4846.240915 8.78012e-17 1e-20
4847.005391 8.888048e-17 1e-20
4847.769866 8.7429e-17 1e-20
4848.534341 9.855914e-17 1e-20
4849.298816 1.038287e-16 1e-20
4850.063292 9.590063e-17 1e-20
4850.827767 1.017759e-16 1e-20
4851.592242 9.595295e-17 1e-20
4852.356717 9.760352e-17 1e-20
4853.121193 9.599922e-17 1e-20
4853.885668 9.301822e-17 1e-20
4854.650143 8.734897e-17 1e-20
4855.414618 9.429516e-17 1e-20
4856.179094 9.51162e-17 1e-20
4856.943569 1.03118e-16 1e-20
4857.708044 9.599121e-17 1e-20
4858.472519 9.740851e-17 1e-20
4859.236995 9.750517e-17 1e-20
4860.00147 9.505142e-17 1e-20
4860.765945 9.773923e-17 1e-20
4861.53042 1.021875e-16 1e-20
4862.294896 1.061606e-16 1e-20
4863.059371 1.029926e-16 1e-20
4863.823846 1.039317e-16 1e-20
4864.588321 1.046161e-16 1e-20
4865.352797 1.025084e-16 1e-20
4866.117272 1.036108e-16 1e-20
4866.881747 1.086804e-16 1e-20
4867.646222 9.688362e-17 1e-20
4868.410698 1.021429e-16 1e-20
4869.175173 9.19496e-17 1e-20
4869.939648 9.568375e-17 1e-20
4870.704123 9.807219e-17 1e-20
4871.468599 1.032372e-16 1e-20
4872.233074 1.141979e-16 1e-20
4872.997549 1.063709e-16 1e-20
4873.762024 1.01616e-16 1e-20
4874.5265 1.065483e-16 1e-20
4875.290975 1.08035e-16 1e-20
4876.05545 1.016866e-16 1e-20
4876.819925 1.010789e-16 1e-20
4877.584401 1.132477e-16 1e-20
4878.348876 1.006625e-16 1e-20
4879.113351 1.034356e-16 1e-20
4879.877826 1.016519e-16 1e-20
4880.642302 1.0495e-16 1e-20
4881.406777 9.867314e-17 1e-20
4882.171252 9.76426e-17 1e-20
4882.935727 1.067639e-16 1e-20
4883.700203 1.036126e-16 1e-20
4884.464678 1.068319e-16 1e-20
4885.229153 1.100674e-16 1e-20
4885.993628 1.03344e-16 1e-20
4886.758104 1.079123e-16 1e-20
4887.522579 1.125336e-16 1e-20
4888.287054 1.206962e-16 1e-20
4889.051529 1.088358e-16 1e-20
4889.816005 1.011422e-16 1e-20
4890.58048 1.009999e-16 1e-20
4891.344955 1.04575e-16 1e-20
4892.10943 1.239833e-16 1e-20
4892.873906 1.160881e-16 1e-20
4893.638381 1.089907e-16 1e-20
4894.402856 1.094839e-16 1e-20
4895.167331 1.164069e-16 1e-20
4895.931807 1.03465e-16 1e-20
4896.696282 1.067943e-16 1e-20
4897.460757 1.126704e-16 1e-20
4898.225232 1.075769e-16 1e-20
4898.989708 1.170829e-16 1e-20
4899.754183 1.140383e-16 1e-20
4900.518658 1.154704e-16 1e-20
4901.283133 1.16854e-16 1e-20
4902.047609 1.16351e-16 1e-20
4902.812084 1.095616e-16 1e-20
4903.576559 1.12483e-16 1e-20
4904.341034 1.108341e-16 1e-20
4905.10551 1.111777e-16 1e-20
4905.869985 1.142508e-16 1e-20
4906.63446 1.157012e-16 1e-20
4907.398935 1.181581e-16 1e-20
4908.163411 1.144076e-16 1e-20
4908.927886 1.099255e-16 1e-20
4909.692361 1.15313e-16 1e-20
4910.456836 1.154732e-16 1e-20
4911.221312 1.170973e-16 1e-20
4911.985787 1.229472e-16 1e-20
4912.750262 1.255676e-16 1e-20
4913.514737 1.237435e-16 1e-20
4914.279213 1.240292e-16 1e-20
4915.043688 1.222326e-16 1e-20
4915.808163 1.156192e-16 1e-20
4916.572638 1.128582e-16 1e-20
4917.337114 1.165448e-16 1e-20
4918.101589 1.212756e-16 1e-20
4918.866064 1.17318e-16 1e-20
4919.630539 1.220228e-16 1e-20
4920.395015 1.2019e-16 1e-20
4921.15949 1.262766e-16 1e-20
4921.923965 1.318645e-16 1e-20
4922.68844 1.258083e-16 1e-20
4923.452916 1.197689e-16 1e-20
4924.217391 1.121061e-16 1e-20
4924.981866 1.156981e-16 1e-20
4925.746341 1.105457e-16 1e-20
4926.510817 1.155464e-16 1e-20
4927.275292 1.137124e-16 1e-20
4928.039767 1.140749e-16 1e-20
4928.804242 1.254867e-16 1e-20
4929.568718 1.190329e-16 1e-20
4930.333193 1.190506e-16 1e-20
4931.097668 1.231246e-16 1e-20
4931.862143 1.337153e-16 1e-20
4932.626619 1.255202e-16 1e-20
4933.391094 1.259817e-16 1e-20
4934.155569 1.324979e-16 1e-20
4934.920044 1.33611e-16 1e-20
4935.68452 1.19295e-16 1e-20
4936.448995 1.205939e-16 1e-20
4937.21347 1.320623e-16 1e-20
4937.977945 1.294183e-16 1e-20
4938.742421 1.226023e-16 1e-20
4939.506896 1.308037e-16 1e-20
4940.271371 1.325084e-16 1e-20
4941.035846 1.327371e-16 1e-20
4941.800322 1.237501e-16 1e-20
4942.564797 1.279447e-16 1e-20
4943.329272 1.23895e-16 1e-20
4944.093747 1.197433e-16 1e-20
4944.858223 1.196445e-16 1e-20
4945.622698 1.251098e-16 1e-20
4946.387173 1.271724e-16 1e-20
4947.151648 1.285341e-16 1e-20
4947.916124 1.262381e-16 1e-20
4948.680599 1.245248e-16 1e-20
4949.445074 1.297989e-16 1e-20
4950.209549 1.187761e-16 1e-20
4950.974025 1.235358e-16 1e-20
4951.7385 1.241615e-16 1e-20
4952.502975 1.282475e-16 1e-20
4953.26745 1.320076e-16 1e-20
4954.031926 1.272074e-16 1e-20
4954.796401 1.209501e-16 1e-20
4955.560876 1.226872e-16 1e-20
4956.325351 1.244466e-16 1e-20
4957.089827 1.28307e-16 1e-20
4957.854302 1.376655e-16 1e-20
4958.618777 1.290276e-16 1e-20
4959.383252 1.272789e-16 1e-20
4960.147728 1.243986e-16 1e-20
4960.912203 1.257229e-16 1e-20
4961.676678 1.29666e-16 1e-20
4962.441153 1.295944e-16 1e-20
4963.205629 1.302705e-16 1e-20
4963.970104 1.319328e-16 1e-20
4964.734579 1.259104e-16 1e-20
4965.499054 1.300324e-16 1e-20
4966.26353 1.189503e-16 1e-20
4967.028005 1.312008e-16 1e-20
4967.79248 1.291785e-16 1e-20
4968.556955 1.264986e-16 1e-20
4969.321431 1.328273e-16 1e-20
4970.085906 1.298587e-16 1e-20
4970.850381 1.308434e-16 1e-20
4971.614856 1.326425e-16 1e-20
4972.379332 1.305737e-16 1e-20
4973.143807 1.409025e-16 1e-20
4973.908282 1.237427e-16 1e-20
4974.672757 1.377494e-16 1e-20
4975.437233 1.289712e-16 1e-20
4976.201708 1.323213e-16 1e-20
4976.966183 1.340072e-16 1e-20
4977.730658 1.281773e-16 1e-20
4978.495134 1.258863e-16 1e-20
4979.259609 1.238586e-16 1e-20
4980.024084 1.385753e-16 1e-20
4980.788559 1.394513e-16 1e-20
4981.553035 1.30955e-16 1e-20
4982.31751 1.325355e-16 1e-20
4983.081985 1.261358e-16 1e-20
4983.84646 1.351742e-16 1e-20
4984.610936 1.335055e-16 1e-20
4985.375411 1.384799e-16 1e-20
4986.139886 1.395524e-16 1e-20
4986.904361 1.40089e-16 1e-20
4987.668837 1.388072e-16 1e-20
4988.433312 1.372254e-16 1e-20
4989.197787 1.384291e-16 1e-20
4989.962262 1.33242e-16 1e-20
4990.726738 1.312359e-16 1e-20
4991.491213 1.346573e-16 1e-20
4992.255688 1.329507e-16 1e-20
4993.020163 1.294373e-16 1e-20
4993.784639 1.371634e-16 1e-20
4994.549114 1.411213e-16 1e-20
4995.313589 1.384391e-16 1e-20
4996.078064 1.415739e-16 1e-20
4996.84254 1.320578e-16 1e-20
4997.607015 1.264633e-16 1e-20
4998.37149 1.334539e-16 1e-20
4999.135965 1.274807e-16 1e-20
4999.900441 1.298399e-16 1e-20
5000.664916 1.347442e-16 1e-20
5001.429391 1.362464e-16 1e-20
5002.193866 1.376774e-16 1e-20
5002.958342 1.319612e-16 1e-20
5003.722817 1.363524e-16 1e-20
5004.487292 1.418246e-16 1e-20
5005.251767 1.303616e-16 1e-20
5006.016243 1.365439e-16 1e-20
5006.780718 1.418722e-16 1e-20
5007.545193 1.424285e-16 1e-20
5008.309668 1.402408e-16 1e-20
5009.074144 1.412701e-16 1e-20
5009.838619 1.362898e-16 1e-20
5010.603094 1.355617e-16 1e-20
5011.367569 1.400868e-16 1e-20
5012.132045 1.404061e-16 1e-20
5012.89652 1.381278e-16 1e-20
5013.660995 1.35795e-16 1e-20
5014.42547 1.550609e-16 1e-20
5015.189946 1.280121e-16 1e-20
5015.954421 1.372333e-16 1e-20
5016.718896 1.437406e-16 1e-20
5017.483371 1.413233e-16 1e-20
5018.247847 1.414067e-16 1e-20
5019.012322 1.419854e-16 1e-20
5019.776797 1.419878e-16 1e-20
5020.541272 1.47825e-16 1e-20
5021.305748 1.412382e-16 1e-20
5022.070223 1.427943e-16 1e-20
5022.834698 1.360903e-16 1e-20
5023.599173 1.451269e-16 1e-20
5024.363649 1.42694e-16 1e-20
5025.128124 1.317717e-16 1e-20
5025.892599 1.366716e-16 1e-20
5026.657074 1.349275e-16 1e-20
5027.42155 1.388353e-16 1e-20
5028.186025 1.44962e-16 1e-20
5028.9505 1.395659e-16 1e-20
5029.714975 1.466106e-16 1e-20
5030.479451 1.455587e-16 1e-20
5031.243926 1.341268e-16 1e-20
5032.008401 1.381385e-16 1e-20
5032.772876 1.439189e-16 1e-20
5033.537352 1.406085e-16 1e-20
5034.301827 1.357574e-16 1e-20
5035.066302 1.360329e-16 1e-20
5035.830777 1.363973e-16 1e-20
5036.595253 1.376183e-16 1e-20
5037.359728 1.306184e-16 1e-20
5038.124203 1.307012e-16 1e-20
5038.888678 1.351091e-16 1e-20
5039.653154 1.373646e-16 1e-20
5040.417629 1.313754e-16 1e-20
5041.182104 1.440246e-16 1e-20
5041.946579 1.455484e-16 1e-20
5042.711055 1.33295e-16 1e-20
5043.47553 1.344931e-16 1e-20
5044.240005 1.425125e-16 1e-20
5045.00448 1.391453e-16 1e-20
5045.768956 1.362718e-16 1e-20
5046.533431 1.30052e-16 1e-20
5047.297906 1.294585e-16 1e-20
5048.062381 1.313109e-16 1e-20
5048.826857 1.397862e-16 1e-20
5049.591332 1.463006e-16 1e-20
5050.355807 1.391813e-16 1e-20
5051.120282 1.420205e-16 1e-20
5051.884758 1.374515e-16 1e-20
5052.649233 1.321281e-16 1e-20
5053.413708 1.386904e-16 1e-20
5054.178183 1.363583e-16 1e-20
5054.942659 1.359639e-16 1e-20
5055.707134 1.351462e-16 1e-20
5056.471609 1.341474e-16 1e-20
5057.236084 1.339256e-16 1e-20
5058.00056 1.358432e-16 1e-20
5058.765035 1.282917e-16 1e-20
5059.52951 1.329087e-16 1e-20
5060.293985 1.265143e-16 1e-20
5061.058461 1.40269e-16 1e-20
5061.822936 1.292832e-16 1e-20
5062.587411 1.261386e-16 1e-20
5063.351886 1.283084e-16 1e-20
5064.116362 1.288969e-16 1e-20
5064.880837 1.388985e-16 1e-20
5065.645312 1.330575e-16 1e-20
5066.409787 1.282256e-16 1e-20
5067.174263 1.316554e-16 1e-20
5067.938738 1.311205e-16 1e-20
5068.703213 1.369147e-16 1e-20
5069.467688 1.356305e-16 1e-20
5070.232164 1.335311e-16 1e-20
5070.996639 1.306598e-16 1e-20
5071.761114 1.250669e-16 1e-20
5072.525589 1.262425e-16 1e-20
5073.290065 1.312946e-16 1e-20
5074.05454 1.361688e-16 1e-20
5074.819015 1.265214e-16 1e-20
5075.58349 1.29289e-16 1e-20
5076.347966 1.301507e-16 1e-20
5077.112441 1.246778e-16 1e-20
5077.876916 1.269682e-16 1e-20
5078.641391 1.264639e-16 1e-20
5079.405867 1.264161e-16 1e-20
5080.170342 1.269242e-16 1e-20
5080.934817 1.319678e-16 1e-20
5081.699292 1.35488e-16 1e-20
5082.463768 1.245958e-16 1e-20
5083.228243 1.371078e-16 1e-20
5083.992718 1.351318e-16 1e-20
5084.757193 1.295153e-16 1e-20
5085.521669 1.324563e-16 1e-20
5086.286144 1.358859e-16 1e-20
5087.050619 1.260805e-16 1e-20
5087.815094 1.309914e-16 1e-20
5088.57957 1.27319e-16 1e-20
5089.344045 1.280438e-16 1e-20
5090.10852 1.235958e-16 1e-20
5090.872995 1.231916e-16 1e-20
5091.637471 1.255211e-16 1e-20
5092.401946 1.271251e-16 1e-20
5093.166421 1.254478e-16 1e-20
5093.930896 1.238929e-16 1e-20
5094.695372 1.263005e-16 1e-20
5095.459847 1.330589e-16 1e-20
5096.224322 1.319876e-16 1e-20
5096.988797 1.343579e-16 1e-20
5097.753273 1.256024e-16 1e-20
5098.517748 1.248094e-16 1e-20
5099.282223 1.285985e-16 1e-20
5100.046698 1.305443e-16 1e-20
5100.811174 1.217644e-16 1e-20
5101.575649 1.218838e-16 1e-20
5102.340124 1.223747e-16 1e-20
5103.104599 1.252726e-16 1e-20
5103.869075 1.296294e-16 1e-20
5104.63355 1.115317e-16 1e-20
5105.398025 1.339728e-16 1e-20
5106.1625 1.29333e-16 1e-20
5106.926976 1.23819e-16 1e-20
5107.691451 1.345167e-16 1e-20
5108.455926 1.300165e-16 1e-20
5109.220401 1.129538e-16 1e-20
5109.984877 1.207076e-16 1e-20
5110.749352 1.21575e-16 1e-20
5111.513827 1.241543e-16 1e-20
5112.278302 1.238828e-16 1e-20
5113.042778 1.195254e-16 1e-20
5113.807253 1.219609e-16 1e-20
5114.571728 1.244446e-16 1e-20
5115.336203 1.247583e-16 1e-20
5116.100679 1.283194e-16 1e-20
5116.865154 1.278042e-16 1e-20
5117.629629 1.292483e-16 1e-20
5118.394104 1.319435e-16 1e-20
5119.15858 1.213298e-16 1e-20
5119.923055 1.238774e-16 1e-20
5120.68753 1.209506e-16 1e-20
5121.452005 1.148101e-16 1e-20
5122.216481 1.223918e-16 1e-20
5122.980956 1.203364e-16 1e-20
5123.745431 1.270032e-16 1e-20
5124.509906 1.263893e-16 1e-20
5125.274382 1.288331e-16 1e-20
5126.038857 1.236133e-16 1e-20
5126.803332 1.232633e-16 1e-20
5127.567807 1.250928e-16 1e-20
5128.332283 1.30082e-16 1e-20
5129.096758 1.161622e-16 1e-20
5129.861233 1.3003e-16 1e-20
5130.625708 1.262302e-16 1e-20
5131.390184 1.189859e-16 1e-20
5132.154659 1.267085e-16 1e-20
5132.919134 1.29844e-16 1e-20
5133.683609 1.237937e-16 1e-20
5134.448085 1.287964e-16 1e-20
5135.21256 1.281058e-16 1e-20
5135.977035 1.262521e-16 1e-20
5136.74151 1.369806e-16 1e-20
5137.505986 1.270763e-16 1e-20
5138.270461 1.244055e-16 1e-20
5139.034936 1.282633e-16 1e-20
5139.799411 1.303748e-16 1e-20
5140.563887 1.198124e-16 1e-20
5141.328362 1.174867e-16 1e-20
5142.092837 1.241261e-16 1e-20
5142.857312 1.211973e-16 1e-20
5143.621788 1.270615e-16 1e-20
5144.386263 1.293347e-16 1e-20
5145.150738 1.19773e-16 1e-20
5145.915213 1.344639e-16 1e-20
5146.679689 1.239045e-16 1e-20
5147.444164 1.250495e-16 1e-20
5148.208639 1.306651e-16 1e-20
5148.973114 1.2657e-16 1e-20
5149.73759 1.276461e-16 1e-20
5150.502065 1.286185e-16 1e-20
5151.26654 1.245317e-16 1e-20
5152.031015 1.242832e-16 1e-20
5152.795491 1.239323e-16 1e-20
5153.559966 1.344554e-16 1e-20
5154.324441 1.257019e-16 1e-20
5155.088916 1.242514e-16 1e-20
5155.853392 1.293464e-16 1e-20
5156.617867 1.246107e-16 1e-20
5157.382342 1.269343e-16 1e-20
5158.146817 1.182613e-16 1e-20
5158.911293 1.30909e-16 1e-20
5159.675768 1.304497e-16 1e-20
5160.440243 1.246082e-16 1e-20
5161.204718 1.270095e-16 1e-20
5161.969194 1.237827e-16 1e-20
5162.733669 1.184759e-16 1e-20
5163.498144 1.213764e-16 1e-20
5164.262619 1.227944e-16 1e-20
5165.027095 1.259365e-16 1e-20
5165.79157 1.305041e-16 1e-20
5166.556045 1.256806e-16 1e-20
5167.32052 1.279201e-16 1e-20
5168.084996 1.298249e-16 1e-20
5168.849471 1.213541e-16 1e-20
5169.613946 1.210018e-16 1e-20
5170.378421 1.248914e-16 1e-20
5171.142897 1.193464e-16 1e-20
5171.907372 1.180598e-16 1e-20
5172.671847 1.258649e-16 1e-20
5173.436322 1.241499e-16 1e-20
5174.200798 1.248626e-16 1e-20
5174.965273 1.214787e-16 1e-20
5175.729748 1.200881e-16 1e-20
5176.494223 1.232078e-16 1e-20
5177.258699 1.267217e-16 1e-20
5178.023174 1.278756e-16 1e-20
5178.787649 1.212168e-16 1e-20
5179.552124 1.18066e-16 1e-20
5180.3166 1.1713e-16 1e-20
5181.081075 1.301851e-16 1e-20
5181.84555 1.231084e-16 1e-20
5182.610025 1.22642e-16 1e-20
5183.374501 1.243875e-16 1e-20
5184.138976 1.2763e-16 1e-20
5184.903451 1.368564e-16 1e-20
5185.667926 1.189e-16 1e-20
5186.432402 1.211658e-16 1e-20
5187.196877 1.313077e-16 1e-20
5187.961352 1.27089e-16 1e-20
5188.725827 1.255329e-16 1e-20
5189.490303 1.300454e-16 1e-20
5190.254778 1.194217e-16 1e-20
5191.019253 1.161166e-16 1e-20
5191.783728 1.195757e-16 1e-20
5192.548204 1.243497e-16 1e-20
5193.312679 1.214262e-16 1e-20
5194.077154 1.306648e-16 1e-20
5194.841629 1.193327e-16 1e-20
5195.606105 1.19573e-16 1e-20
5196.37058 1.248639e-16 1e-20
5197.135055 1.241946e-16 1e-20
5197.89953 1.181541e-16 1e-20
5198.664006 1.164915e-16 1e-20
5199.428481 1.206831e-16 1e-20
5200.192956 1.207888e-16 1e-20
5200.957431 1.197479e-16 1e-20
5201.721907 1.18123e-16 1e-20
5202.486382 1.198624e-16 1e-20
5203.250857 1.266034e-16 1e-20
5204.015332 1.235221e-16 1e-20
5204.779808 1.248339e-16 1e-20
5205.544283 1.237134e-16 1e-20
5206.308758 1.191153e-16 1e-20
5207.073233 1.167165e-16 1e-20
5207.837709 1.166684e-16 1e-20
5208.602184 1.212205e-16 1e-20
5209.366659 1.133716e-16 1e-20
5210.131134 1.193391e-16 1e-20
5210.89561 1.122558e-16 1e-20
5211.660085 1.168621e-16 1e-20
5212.42456 1.22271e-16 1e-20
5213.189035 1.183773e-16 1e-20
5213.953511 1.096904e-16 1e-20
5214.717986 1.074711e-16 1e-20
5215.482461 1.198592e-16 1e-20
5216.246936 1.149393e-16 1e-20
5217.011412 1.147901e-16 1e-20
5217.775887 1.149191e-16 1e-20
5218.540362 1.208349e-16 1e-20
5219.304837 1.140717e-16 1e-20
5220.069313 1.110551e-16 1e-20
5220.833788 1.118885e-16 1e-20
5221.598263 1.181726e-16 1e-20
5222.362738 1.163707e-16 1e-20
5223.127214 1.188445e-16 1e-20
5223.891689 1.096007e-16 1e-20
5224.656164 1.136837e-16 1e-20
5225.420639 1.142007e-16 1e-20
5226.185115 1.123626e-16 1e-20
5226.94959 1.083489e-16 1e-20
5227.714065 1.107803e-16 1e-20
5228.47854 1.156696e-16 1e-20
5229.243016 1.095533e-16 1e-20
5230.007491 1.157576e-16 1e-20
5230.771966 1.219852e-16 1e-20
5231.536441 1.107123e-16 1e-20
5232.300917 1.113873e-16 1e-20
5233.065392 1.117214e-16 1e-20
5233.829867 1.129351e-16 1e-20
5234.594342 1.142493e-16 1e-20
5235.358818 1.10637e-16 1e-20
5236.123293 1.08868e-16 1e-20
5236.887768 1.095868e-16 1e-20
5237.652243 1.101196e-16 1e-20
5238.416719 1.165213e-16 1e-20
5239.181194 1.030076e-16 1e-20
5239.945669 1.226866e-16 1e-20
5240.710144 1.159641e-16 1e-20
5241.47462 1.046117e-16 1e-20
5242.239095 1.10752e-16 1e-20
5243.00357 1.096521e-16 1e-20
5243.768045 1.054733e-16 1e-20
5244.532521 1.042976e-16 1e-20
5245.296996 1.077971e-16 1e-20
5246.061471 1.036709e-16 1e-20
5246.825946 1.040655e-16 1e-20
5247.590422 1.138355e-16 1e-20
5248.354897 1.101191e-16 1e-20
5249.119372 1.094378e-16 1e-20
5249.883847 1.114746e-16 1e-20
5250.648323 1.030634e-16 1e-20
5251.412798 1.119132e-16 1e-20
5252.177273 1.097413e-16 1e-20
5252.941749 1.128229e-16 1e-20
5253.706224 1.132749e-16 1e-20
5254.470699 1.109176e-16 1e-20
5255.235174 1.157757e-16 1e-20
5255.99965 1.128611e-16 1e-20
5256.764125 1.067377e-16 1e-20
5257.5286 1.029267e-16 1e-20
5258.293075 1.067339e-16 1e-20
5259.057551 1.066655e-16 1e-20
5259.822026 1.029781e-16 1e-20
5260.586501 1.056342e-16 1e-20
5261.350976 1.061672e-16 1e-20
5262.115452 1.04579e-16 1e-20
5262.879927 1.149297e-16 1e-20
5263.644402 1.043128e-16 1e-20
5264.408877 9.797559e-17 1e-20
5265.173353 1.021029e-16 1e-20
5265.937828 1.041721e-16 1e-20
5266.702303 1.045578e-16 1e-20
5267.466778 1.027282e-16 1e-20
5268.231254 1.023464e-16 1e-20
5268.995729 1.067266e-16 1e-20
5269.760204 1.069369e-16 1e-20
5270.524679 9.877272e-17 1e-20
5271.289155 1.040478e-16 1e-20
5272.05363 9.839541e-17 1e-20
5272.818105 1.030523e-16 1e-20
5273.58258 1.078665e-16 1e-20
5274.347056 1.040986e-16 1e-20
5275.111531 9.96687e-17 1e-20
5275.876006 9.827526e-17 1e-20
5276.640481 1.00835e-16 1e-20
5277.404957 1.052112e-16 1e-20
5278.169432 1.057332e-16 1e-20
5278.933907 1.041504e-16 1e-20
5279.698382 1.157899e-16 1e-20
5280.462858 1.097582e-16 1e-20
5281.227333 1.039457e-16 1e-20
5281.991808 1.072158e-16 1e-20
5282.756283 9.953698e-17 1e-20
5283.520759 1.06664e-16 1e-20
5284.285234 9.86914e-17 1e-20
5285.049709 9.757261e-17 1e-20
5285.814184 1.052143e-16 1e-20
5286.57866 1.036394e-16 1e-20
5287.343135 1.087462e-16 1e-20
5288.10761 1.099294e-16 1e-20
5288.872085 1.041607e-16 1e-20
5289.636561 1.021454e-16 1e-20
5290.401036 9.522058e-17 1e-20
5291.165511 1.091266e-16 1e-20
5291.929986 1.089665e-16 1e-20
5292.694462 1.105845e-16 1e-20
5293.458937 1.092465e-16 1e-20
5294.223412 9.839519e-17 1e-20
5294.987887 9.758247e-17 1e-20
5295.752363 9.315974e-17 1e-20
5296.516838 9.958946e-17 1e-20
5297.281313 1.046224e-16 1e-20
5298.045788 1.081603e-16 1e-20
5298.810264 1.052217e-16 1e-20
5299.574739 9.835747e-17 1e-20
5300.339214 1.055261e-16 1e-20
5301.103689 1.026037e-16 1e-20
5301.868165 1.031798e-16 1e-20
5302.63264 9.601678e-17 1e-20
5303.397115 1.032327e-16 1e-20
5304.16159 9.982814e-17 1e-20
5304.926066 9.30737e-17 1e-20
5305.690541 1.066698e-16 1e-20
5306.455016 1.07306e-16 1e-20
5307.219491 9.768044e-17 1e-20
5307.983967 1.120905e-16 1e-20
5308.748442 1.033846e-16 1e-20
5309.512917 1.061563e-16 1e-20
5310.277392 1.06494e-16 1e-20
5311.041868 1.069681e-16 1e-20
5311.806343 1.134661e-16 1e-20
5312.570818 1.104644e-16 1e-20
5313.335293 1.069156e-16 1e-20
5314.099769 1.01921e-16 1e-20
5314.864244 1.022208e-16 1e-20
5315.628719 1.072328e-16 1e-20
5316.393194 1.095028e-16 1e-20
5317.15767 1.158587e-16 1e-20
5317.922145 1.05798e-16 1e-20
5318.68662 1.089583e-16 1e-20
5319.451095 1.001064e-16 1e-20
5320.215571 1.053698e-16 1e-20
5320.980046 1.04778e-16 1e-20
5321.744521 1.025508e-16 1e-20
5322.508996 1.035546e-16 1e-20
5323.273472 1.076391e-16 1e-20
5324.037947 1.042833e-16 1e-20
5324.802422 1.095255e-16 1e-20
5325.566897 1.023182e-16 1e-20
5326.331373 1.034965e-16 1e-20
5327.095848 1.035829e-16 1e-20
5327.860323 1.138533e-16 1e-20
5328.624798 1.03045e-16 1e-20
5329.389274 9.842708e-17 1e-20
5330.153749 1.03839e-16 1e-20
5330.918224 1.080105e-16 1e-20
5331.682699 1.074867e-16 1e-20
5332.447175 1.109854e-16 1e-20
5333.21165 1.050647e-16 1e-20
5333.976125 1.074269e-16 1e-20
5334.7406 1.062971e-16 1e-20
5335.505076 1.096034e-16 1e-20
5336.269551 1.130635e-16 1e-20
5337.034026 1.026556e-16 1e-20
5337.798501 1.025876e-16 1e-20
5338.562977 1.043391e-16 1e-20
5339.327452 1.039125e-16 1e-20
5340.091927 1.133477e-16 1e-20
5340.856402 1.084119e-16 1e-20
5341.620878 1.069318e-16 1e-20
5342.385353 1.088878e-16 1e-20
5343.149828 1.070711e-16 1e-20
5343.914303 1.087631e-16 1e-20
5344.678779 1.025472e-16 1e-20
5345.443254 1.002326e-16 1e-20
5346.207729 1.029438e-16 1e-20
5346.972204 1.072362e-16 1e-20
5347.73668 1.033323e-16 1e-20
5348.501155 1.067035e-16 1e-20
5349.26563 1.091505e-16 1e-20
5350.030105 1.05963e-16 1e-20
5350.794581 1.085846e-16 1e-20
5351.559056 1.009706e-16 1e-20
5352.323531 1.165073e-16 1e-20
5353.088006 1.171336e-16 1e-20
5353.852482 1.034677e-16 1e-20
5354.616957 9.84171e-17 1e-20
5355.381432 1.044112e-16 1e-20
5356.145907 1.1021e-16 1e-20
5356.910383 1.101628e-16 1e-20
5357.674858 9.829529e-17 1e-20
5358.439333 1.109302e-16 1e-20
5359.203808 1.066332e-16 1e-20
5359.968284 1.175408e-16 1e-20
5360.732759 1.106282e-16 1e-20
5361.497234 1.078811e-16 1e-20
5362.261709 1.072094e-16 1e-20
5363.026185 1.112364e-16 1e-20
5363.79066 1.136875e-16 1e-20
5364.555135 1.089477e-16 1e-20
5365.31961 1.097967e-16 1e-20
5366.084086 1.143676e-16 1e-20
5366.848561 1.201383e-16 1e-20
5367.613036 1.094871e-16 1e-20
5368.377511 1.096758e-16 1e-20
5369.141987 1.081169e-16 1e-20
5369.906462 1.062975e-16 1e-20
5370.670937 1.047278e-16 1e-20
5371.435412 1.119689e-16 1e-20
5372.199888 1.095351e-16 1e-20
5372.964363 1.052452e-16 1e-20
5373.728838 1.076376e-16 1e-20
5374.493313 1.043904e-16 1e-20
5375.257789 1.053276e-16 1e-20
5376.022264 1.137764e-16 1e-20
5376.786739 1.089753e-16 1e-20
5377.551214 1.057433e-16 1e-20
5378.31569 1.040962e-16 1e-20
5379.080165 1.022615e-16 1e-20
5379.84464 1.087671e-16 1e-20
5380.609115 1.085466e-16 1e-20
5381.373591 1.150221e-16 1e-20
5382.138066 1.047275e-16 1e-20
5382.902541 1.070657e-16 1e-20
5383.667016 9.900201e-17 1e-20
5384.431492 9.896994e-17 1e-20
5385.195967 1.022199e-16 1e-20
5385.960442 1.096005e-16 1e-20
5386.724917 1.023135e-16 1e-20
5387.489393 1.023759e-16 1e-20
5388.253868 1.020554e-16 1e-20
5389.018343 1.06788e-16 1e-20
5389.782818 1.048032e-16 1e-20
5390.547294 1.075697e-16 1e-20
5391.311769 1.035324e-16 1e-20
5392.076244 1.01679e-16 1e-20
5392.840719 9.879399e-17 1e-20
5393.605195 1.08239e-16 1e-20
5394.36967 1.062293e-16 1e-20
5395.134145 1.074532e-16 1e-20
5395.89862 1.087299e-16 1e-20
5396.663096 1.108379e-16 1e-20
5397.427571 1.022686e-16 1e-20
5398.192046 1.031727e-16 1e-20
5398.956521 1.040198e-16 1e-20
5399.720997 1.082393e-16 1e-20
5400.485472 1.068785e-16 1e-20
5401.249947 1.066962e-16 1e-20
5402.014422 1.046958e-16 1e-20
5402.778898 9.993686e-17 1e-20
5403.543373 1.026077e-16 1e-20
5404.307848 1.063516e-16 1e-20
5405.072323 1.10059e-16 1e-20
5405.836799 1.022897e-16 1e-20
5406.601274 1.011074e-16 1e-20
5407.365749 1.011162e-16 1e-20
5408.130224 1.042977e-16 1e-20
5408.8947 1.040571e-16 1e-20
5409.659175 1.031056e-16 1e-20
5410.42365 1.017681e-16 1e-20
5411.188125 9.595126e-17 1e-20
5411.952601 9.794725e-17 1e-20
5412.717076 9.305809e-17 1e-20
5413.481551 1.044352e-16 1e-20
5414.246026 1.006208e-16 1e-20
5415.010502 1.073511e-16 1e-20
5415.774977 1.03739e-16 1e-20
5416.539452 1.019623e-16 1e-20
5417.303927 9.54802e-17 1e-20
5418.068403 9.218392e-17 1e-20
5418.832878 1.064752e-16 1e-20
5419.597353 1.045505e-16 1e-20
5420.361828 1.007273e-16 1e-20
5421.126304 1.046168e-16 1e-20
5421.890779 9.908272e-17 1e-20
5422.655254 9.577474e-17 1e-20
5423.419729 9.383418e-17 1e-20
5424.184205 1.021376e-16 1e-20
5424.94868 1.039509e-16 1e-20
5425.713155 9.52382e-17 1e-20
5426.47763 1.053579e-16 1e-20
5427.242106 9.609502e-17 1e-20
5428.006581 9.13712e-17 1e-20
5428.771056 1.021795e-16 1e-20
5429.535531 9.747747e-17 1e-20
5430.300007 9.705224e-17 1e-20
5431.064482 9.75607e-17 1e-20
5431.828957 1.112863e-16 1e-20
5432.593432 1.016679e-16 1e-20
5433.357908 1.030424e-16 1e-20
5434.122383 1.000099e-16 1e-20
5434.886858 1.01627e-16 1e-20
5435.651333 1.008811e-16 1e-20
5436.415809 9.864335e-17 1e-20
5437.180284 1.038274e-16 1e-20
5437.944759 1.017029e-16 1e-20
5438.709234 1.034352e-16 1e-20
5439.47371 1.040921e-16 1e-20
5440.238185 1.000138e-16 1e-20
5441.00266 1.010037e-16 1e-20
5441.767135 1.014195e-16 1e-20
5442.531611 1.066128e-16 1e-20
5443.296086 9.519244e-17 1e-20
5444.060561 1.03325e-16 1e-20
5444.825036 1.04844e-16 1e-20
5445.589512 9.99924e-17 1e-20
5446.353987 9.887063e-17 1e-20
5447.118462 9.711887e-17 1e-20
5447.882937 4.351936e-17 1e-20
5448.647413 9.682656e-17 1e-20
5449.411888 9.681675e-17 1e-20
5450.176363 9.58504e-17 1e-20
5450.940838 1.014674e-16 1e-20
5451.705314 1.020537e-16 1e-20
5452.469789 1.039209e-16 1e-20
5453.234264 1.011052e-16 1e-20
5453.998739 1.039772e-16 1e-20
5454.763215 9.698155e-17 1e-20
5455.52769 1.027967e-16 1e-20
5456.292165 9.462593e-17 1e-20
5457.05664 9.524802e-17 1e-20
5457.821116 1.062551e-16 1e-20
5458.585591 1.061754e-16 1e-20
5459.350066 9.988125e-17 1e-20
5460.114541 1.046537e-16 1e-20
5460.879017 9.514417e-17 1e-20
5461.643492 1.01362e-16 1e-20
5462.407967 9.876794e-17 1e-20
5463.172442 1.019148e-16 1e-20
5463.936918 1.008922e-16 1e-20
5464.701393 9.810254e-17 1e-20
5465.465868 9.964615e-17 1e-20
5466.230343 1.011297e-16 1e-20
5466.994819 9.901736e-17 1e-20
5467.759294 9.754963e-17 1e-20
5468.523769 1.09418e-16 1e-20
5469.288244 1.06875e-16 1e-20
5470.05272 1.061065e-16 1e-20
5470.817195 9.73816e-17 1e-20
5471.58167 9.861574e-17 1e-20
5472.346145 1.019477e-16 1e-20
5473.110621 1.084176e-16 1e-20
5473.875096 1.073745e-16 1e-20
5474.639571 9.95941e-17 1e-20
5475.404046 1.095812e-16 1e-20
5476.168522 1.14087e-16 1e-20
5476.932997 1.04545e-16 1e-20
5477.697472 8.851266e-17 1e-20
5478.461947 9.854503e-17 1e-20
5479.226423 1.014985e-16 1e-20
5479.990898 1.002769e-16 1e-20
5480.755373 1.10208e-16 1e-20
5481.519848 9.917466e-17 1e-20
5482.284324 1.014394e-16 1e-20
5483.048799 1.03049e-16 1e-20
5483.813274 1.093537e-16 1e-20
5484.577749 1.104168e-16 1e-20
5485.342225 9.8682e-17 1e-20
5486.1067 1.115585e-16 1e-20
5486.871175 1.05484e-16 1e-20
5487.63565 1.095198e-16 1e-20
5488.400126 1.107522e-16 1e-20
5489.164601 1.079877e-16 1e-20
5489.929076 1.027955e-16 1e-20
5490.693551 1.008921e-16 1e-20
5491.458027 1.024046e-16 1e-20
5492.222502 1.041572e-16 1e-20
5492.986977 9.993798e-17 1e-20
5493.751452 9.755022e-17 1e-20
5494.515928 1.009795e-16 1e-20
5495.280403 1.023685e-16 1e-20
5496.044878 1.029426e-16 1e-20
5496.809353 1.079024e-16 1e-20
5497.573829 1.069566e-16 1e-20
5498.338304 9.634427e-17 1e-20
5499.102779 1.033242e-16 1e-20
5499.867254 1.100074e-16 1e-20
5500.63173 1.127718e-16 1e-20
5501.396205 1.11467e-16 1e-20
5502.16068 1.050059e-16 1e-20
5502.925155 1.031108e-16 1e-20
5503.689631 1.057848e-16 1e-20
5504.454106 1.084372e-16 1e-20
5505.218581 9.52856e-17 1e-20
5505.983056 1.077743e-16 1e-20
5506.747532 1.101615e-16 1e-20
5507.512007 1.115259e-16 1e-20
5508.276482 1.006696e-16 1e-20
5509.040957 1.109466e-16 1e-20
5509.805433 9.806923e-17 1e-20
5510.569908 1.092126e-16 1e-20
5511.334383 1.03053e-16 1e-20
5512.098858 1.070627e-16 1e-20
5512.863334 9.658699e-17 1e-20
5513.627809 9.725897e-17 1e-20
5514.392284 1.00399e-16 1e-20
5515.156759 1.049009e-16 1e-20
5515.921235 1.183189e-16 1e-20
5516.68571 1.087626e-16 1e-20
5517.450185 1.05344e-16 1e-20
5518.21466 1.006588e-16 1e-20
5518.979136 1.03121e-16 1e-20
5519.743611 1.038395e-16 1e-20
5520.508086 1.03577e-16 1e-20
5521.272561 1.057863e-16 1e-20
5522.037037 1.07173e-16 1e-20
5522.801512 1.080225e-16 1e-20
5523.565987 1.040592e-16 1e-20
5524.330462 1.063932e-16 1e-20
5525.094938 1.120263e-16 1e-20
5525.859413 1.124731e-16 1e-20
5526.623888 1.067186e-16 1e-20
5527.388363 1.068918e-16 1e-20
5528.152839 1.041688e-16 1e-20
5528.917314 1.109774e-16 1e-20
5529.681789 1.137499e-16 1e-20
5530.446264 1.10343e-16 1e-20
5531.21074 1.065214e-16 1e-20
5531.975215 1.10828e-16 1e-20
5532.73969 1.117042e-16 1e-20
5533.504165 1.048295e-16 1e-20
5534.268641 1.049031e-16 1e-20
5535.033116 1.116972e-16 1e-20
5535.797591 1.100703e-16 1e-20
5536.562066 1.06045e-16 1e-20
5537.326542 1.022927e-16 1e-20
5538.091017 1.032622e-16 1e-20
5538.855492 1.103773e-16 1e-20
5539.619967 1.111768e-16 1e-20
5540.384443 1.044577e-16 1e-20
5541.148918 1.110638e-16 1e-20
5541.913393 1.070519e-16 1e-20
5542.677868 1.083395e-16 1e-20
5543.442344 1.11231e-16 1e-20
5544.206819 1.13535e-16 1e-20
5544.971294 1.066198e-16 1e-20
5545.735769 1.061146e-16 1e-20
5546.500245 1.043294e-16 1e-20
5547.26472 1.052635e-16 1e-20
5548.029195 1.023114e-16 1e-20
5548.79367 1.08099e-16 1e-20
5549.558146 1.082864e-16 1e-20
5550.322621 1.147062e-16 1e-20
5551.087096 9.933451e-17 1e-20
5551.851571 1.051705e-16 1e-20
5552.616047 1.122147e-16 1e-20
5553.380522 1.020273e-16 1e-20
5554.144997 1.050387e-16 1e-20
5554.909472 1.073153e-16 1e-20
5555.673948 1.108655e-16 1e-20
5556.438423 9.382704e-17 1e-20
5557.202898 1.029955e-16 1e-20
5557.967373 1.092559e-16 1e-20
5558.731849 1.064921e-16 1e-20
5559.496324 1.120181e-16 1e-20
5560.260799 1.06273e-16 1e-20
5561.025274 1.100557e-16 1e-20
5561.78975 1.114793e-16 1e-20
5562.554225 1.046835e-16 1e-20
5563.3187 1.09821e-16 1e-20
5564.083175 1.054883e-16 1e-20
5564.847651 1.11676e-16 1e-20
5565.612126 1.101529e-16 1e-20
5566.376601 1.067364e-16 1e-20
5567.141076 1.039836e-16 1e-20
5567.905552 1.066162e-16 1e-20
5568.670027 9.378492e-17 1e-20
5569.434502 1.129151e-16 1e-20
5570.198977 1.002153e-16 1e-20
5570.963453 1.042338e-16 1e-20
5571.727928 1.061198e-16 1e-20
5572.492403 1.128541e-16 1e-20
5573.256878 1.027443e-16 1e-20
5574.021354 9.88225e-17 1e-20
5574.785829 1.050839e-16 1e-20
5575.550304 1.014617e-16 1e-20
5576.314779 9.11586e-17 1e-20
5577.079255 3.988603e-17 1e-20
5577.84373 1.030561e-16 1e-20
5578.608205 1.593431e-16 1e-20
5579.37268 1.113782e-16 1e-20
5580.137156 1.088015e-16 1e-20
5580.901631 9.866759e-17 1e-20
5581.666106 1.085581e-16 1e-20
5582.430581 1.014055e-16 1e-20
5583.195057 1.041526e-16 1e-20
5583.959532 1.080855e-16 1e-20
5584.724007 1.039653e-16 1e-20
5585.488482 9.94562e-17 1e-20
5586.252958 1.087511e-16 1e-20
5587.017433 1.050768e-16 1e-20
5587.781908 1.062689e-16 1e-20
5588.546383 1.091376e-16 1e-20
5589.310859 1.021392e-16 1e-20
5590.075334 1.06294e-16 1e-20
5590.839809 1.051389e-16 1e-20
5591.604284 1.029583e-16 1e-20
5592.36876 9.874474e-17 1e-20
5593.133235 1.047172e-16 1e-20
5593.89771 1.03736e-16 1e-20
5594.662185 1.026533e-16 1e-20
5595.426661 1.056367e-16 1e-20
5596.191136 1.07469e-16 1e-20
5596.955611 9.15407e-17 1e-20
5597.720086 9.094368e-17 1e-20
5598.484562 1.067322e-16 1e-20
5599.249037 1.06364e-16 1e-20
5600.06812 1.096484e-16 1e-20
5601.318546 1.106449e-16 1e-20
5602.568971 1.12443e-16 1e-20
5603.819397 1.156313e-16 1e-20
5605.069823 1.216229e-16 1e-20
5606.320249 1.280657e-16 1e-20
5607.570674 1.235797e-16 1e-20
5608.8211 1.26531e-16 1e-20
5610.071526 1.300551e-16 1e-20
5611.321952 1.319257e-16 1e-20
5612.572377 1.193896e-16 1e-20
5613.822803 1.135309e-16 1e-20
5615.073229 1.086669e-16 1e-20
5616.323655 1.086818e-16 1e-20
5617.57408 1.113027e-16 1e-20
5618.824506 1.16406e-16 1e-20
5620.074932 1.179631e-16 1e-20
5621.325358 1.204886e-16 1e-20
5622.575783 1.130589e-16 1e-20
5623.826209 9.59639e-17 1e-20
5625.076635 1.035271e-16 1e-20
5626.327061 1.074519e-16 1e-20
5627.577486 1.104872e-16 1e-20
5628.827912 1.091634e-16 1e-20
5630.078338 1.148658e-16 1e-20
5631.328764 1.117461e-16 1e-20
5632.579189 1.055088e-16 1e-20
5633.829615 1.083632e-16 1e-20
5635.080041 1.153896e-16 1e-20
5636.330467 1.160762e-16 1e-20
5637.580892 1.070829e-16 1e-20
5638.831318 1.05304e-16 1e-20
5640.081744 1.109886e-16 1e-20
5641.33217 1.040931e-16 1e-20
5642.582595 1.14673e-16 1e-20
5643.833021 1.134507e-16 1e-20
5645.083447 1.114148e-16 1e-20
5646.333873 1.165126e-16 1e-20
5647.584298 1.121989e-16 1e-20
5648.834724 1.109411e-16 1e-20
5650.08515 1.102183e-16 1e-20
5651.335576 1.188527e-16 1e-20
5652.586001 1.154966e-16 1e-20
5653.836427 1.134975e-16 1e-20
5655.086853 1.225565e-16 1e-20
5656.337279 1.055173e-16 1e-20
5657.587704 1.116371e-16 1e-20
5658.83813 1.0709e-16 1e-20
5660.088556 1.093116e-16 1e-20
5661.338982 1.070332e-16 1e-20
5662.589407 1.098403e-16 1e-20
5663.839833 1.135264e-16 1e-20
5665.090259 1.130057e-16 1e-20
5666.340685 9.935027e-17 1e-20
5667.59111 1.012494e-16 1e-20
5668.841536 1.133084e-16 1e-20
5670.091962 1.115803e-16 1e-20
5671.342388 1.110487e-16 1e-20
5672.592813 1.037306e-16 1e-20
5673.843239 1.066187e-16 1e-20
5675.093665 1.035579e-16 1e-20
5676.344091 1.091112e-16 1e-20
5677.594516 1.078622e-16 1e-20
5678.844942 1.107445e-16 1e-20
5680.095368 1.130837e-16 1e-20
5681.345794 1.095377e-16 1e-20
5682.596219 1.075964e-16 1e-20
5683.846645 1.094647e-16 1e-20
5685.097071 1.022615e-16 1e-20
5686.347497 9.699978e-17 1e-20
5687.597922 1.020839e-16 1e-20
5688.848348 9.954772e-17 1e-20
5690.098774 1.01046e-16 1e-20
5691.3492 1.088036e-16 1e-20
5692.599625 1.064637e-16 1e-20
5693.850051 1.037534e-16 1e-20
5695.100477 1.047794e-16 1e-20
5696.350903 1.067261e-16 1e-20
5697.601328 1.088001e-16 1e-20
5698.851754 9.950472e-17 1e-20
5700.10218 9.659477e-17 1e-20
5701.352606 1.028618e-16 1e-20
5702.603031 1.016913e-16 1e-20
5703.853457 1.035095e-16 1e-20
5705.103883 1.06892e-16 1e-20
5706.354309 1.011458e-16 1e-20
5707.604734 9.592122e-17 1e-20
5708.85516 1.008435e-16 1e-20
5710.105586 9.111418e-17 1e-20
5711.356012 9.08931e-17 1e-20
5712.606437 9.786797e-17 1e-20
5713.856863 9.959014e-17 1e-20
5715.107289 1.002426e-16 1e-20
5716.357715 9.492652e-17 1e-20
5717.60814 9.809514e-17 1e-20
5718.858566 9.411995e-17 1e-20
5720.108992 9.55043e-17 1e-20
5721.359418 9.725924e-17 1e-20
5722.609843 1.002721e-16 1e-20
5723.860269 9.44678e-17 1e-20
5725.110695 9.174704e-17 1e-20
5726.361121 9.351581e-17 1e-20
5727.611546 9.088452e-17 1e-20
5728.861972 8.883971e-17 1e-20
5730.112398 9.644327e-17 1e-20
5731.362824 8.877163e-17 1e-20
5732.613249 8.862143e-17 1e-20
5733.863675 8.965471e-17 1e-20
5735.114101 8.738363e-17 1e-20
5736.364527 8.70399e-17 1e-20
5737.614952 8.484757e-17 1e-20
5738.865378 8.451782e-17 1e-20
5740.115804 8.779108e-17 1e-20
5741.36623 8.587659e-17 1e-20
5742.616655 8.794054e-17 1e-20
5743.867081 8.760206e-17 1e-20
5745.117507 8.773688e-17 1e-20
5746.367933 8.570107e-17 1e-20
5747.618358 8.324151e-17 1e-20
5748.868784 8.558626e-17 1e-20
5750.11921 9.265391e-17 1e-20
5751.369636 8.5264e-17 1e-20
5752.620061 7.549146e-17 1e-20
5753.870487 7.848551e-17 1e-20
5755.120913 7.562196e-17 1e-20
5756.371339 7.975567e-17 1e-20
5757.621764 8.081182e-17 1e-20
5758.87219 7.536583e-17 1e-20
5760.122616 7.798628e-17 1e-20
5761.373042 7.596588e-17 1e-20
5762.623467 7.337179e-17 1e-20
5763.873893 7.625608e-17 1e-20
5765.124319 7.852126e-17 1e-20
5766.374745 7.948107e-17 1e-20
5767.62517 7.757105e-17 1e-20
5768.875596 7.683424e-17 1e-20
5770.126022 7.643037e-17 1e-20
5771.376448 7.344447e-17 1e-20
5772.626873 7.132172e-17 1e-20
5773.877299 8.117005e-17 1e-20
5775.127725 7.669052e-17 1e-20
5776.378151 7.798442e-17 1e-20
5777.628576 7.810571e-17 1e-20
5778.879002 7.669573e-17 1e-20
5780.129428 7.687407e-17 1e-20
5781.379854 7.509578e-17 1e-20
5782.630279 6.647754e-17 1e-20
5783.880705 6.783507e-17 1e-20
5785.131131 6.716303e-17 1e-20
5786.381557 7.325159e-17 1e-20
5787.631982 6.682877e-17 1e-20
5788.882408 7.638902e-17 1e-20
5790.132834 6.407403e-17 1e-20
5791.38326 6.260183e-17 1e-20
5792.633685 7.39411e-17 1e-20
5793.884111 6.991078e-17 1e-20
5795.134537 6.925884e-17 1e-20
5796.384963 7.019192e-17 1e-20
5797.635388 6.713084e-17 1e-20
5798.885814 6.91711e-17 1e-20
5800.13624 7.371516e-17 1e-20
5801.386666 7.338141e-17 1e-20
5802.637091 6.78856e-17 1e-20
5803.887517 6.67253e-17 1e-20
5805.137943 5.754406e-17 1e-20
5806.388369 6.358822e-17 1e-20
5807.638794 6.621355e-17 1e-20
5808.88922 6.598389e-17 1e-20
5810.139646 6.590376e-17 1e-20
5811.390072 6.297268e-17 1e-20
5812.640497 6.384314e-17 1e-20
5813.890923 7.051488e-17 1e-20
5815.141349 6.226288e-17 1e-20
5816.391775 5.725496e-17 1e-20
5817.6422 5.700307e-17 1e-20
5818.892626 6.046363e-17 1e-20
5820.143052 6.446269e-17 1e-20
5821.393478 6.146112e-17 1e-20
5822.643903 6.331303e-17 1e-20
5823.894329 5.071025e-17 1e-20
5825.144755 6.134873e-17 1e-20
5826.395181 5.579472e-17 1e-20
5827.645606 5.292806e-17 1e-20
5828.896032 5.700051e-17 1e-20
5830.146458 5.646597e-17 1e-20
5831.396884 6.16939e-17 1e-20
5832.647309 6.079883e-17 1e-20
5833.897735 5.818824e-17 1e-20
5835.148161 5.913208e-17 1e-20
5836.398587 5.603194e-17 1e-20
5837.649012 5.53518e-17 1e-20
5838.899438 5.478772e-17 1e-20
5840.149864 5.430208e-17 1e-20
5841.40029 5.51199e-17 1e-20
5842.650715 5.138379e-17 1e-20
5843.901141 5.759259e-17 1e-20
5845.151567 5.82346e-17 1e-20
5846.401993 5.863153e-17 1e-20
5847.652418 5.445063e-17 1e-20
5848.902844 5.67004e-17 1e-20
5850.15327 5.819712e-17 1e-20
5851.403696 5.403219e-17 1e-20
5852.654121 5.327711e-17 1e-20
5853.904547 5.214124e-17 1e-20
5855.154973 4.97694e-17 1e-20
5856.405399 5.275345e-17 1e-20
5857.655824 5.062844e-17 1e-20
5858.90625 4.295575e-17 1e-20
5860.156676 4.467185e-17 1e-20
5861.407102 4.403021e-17 1e-20
5862.657527 4.796544e-17 1e-20
5863.907953 4.871411e-17 1e-20
5865.158379 5.369833e-17 1e-20
5866.408805 4.673724e-17 1e-20
5867.65923 4.489139e-17 1e-20
5868.909656 4.871158e-17 1e-20
5870.160082 5.222922e-17 1e-20
5871.410508 5.021954e-17 1e-20
5872.660933 5.303508e-17 1e-20
5873.911359 5.135475e-17 1e-20
5875.161785 4.461423e-17 1e-20
5876.412211 4.874705e-17 1e-20
5877.662636 5.332024e-17 1e-20
5878.913062 5.085271e-17 1e-20
5880.163488 4.528553e-17 1e-20
5881.413914 4.491997e-17 1e-20
5882.664339 4.204757e-17 1e-20
5883.914765 4.655586e-17 1e-20
5885.165191 4.142861e-17 1e-20
5886.415617 4.066643e-17 1e-20
5887.666042 4.593544e-17 1e-20
5888.916468 4.698453e-17 1e-20
5890.166894 5.019986e-17 1e-20
5891.41732 4.741599e-17 1e-20
5892.667745 4.271569e-17 1e-20
5893.918171 4.402473e-17 1e-20
5895.168597 4.289652e-17 1e-20
5896.419023 4.262377e-17 1e-20
5897.669448 4.097376e-17 1e-20
5898.919874 4.151934e-17 1e-20
5900.1703 4.180021e-17 1e-20
5901.420726 4.527801e-17 1e-20
5902.671151 4.374342e-17 1e-20
5903.921577 4.575375e-17 1e-20
5905.172003 4.645959e-17 1e-20
5906.422429 4.656341e-17 1e-20
5907.672854 4.604907e-17 1e-20
5908.92328 4.466985e-17 1e-20
5910.173706 4.615667e-17 1e-20
5911.424132 4.771345e-17 1e-20
5912.674557 4.935532e-17 1e-20
5913.924983 4.639096e-17 1e-20
5915.175409 4.647793e-17 1e-20
5916.425835 5.09322e-17 1e-20
5917.67626 4.796286e-17 1e-20
5918.926686 4.202551e-17 1e-20
5920.177112 4.709459e-17 1e-20
5921.427538 4.528973e-17 1e-20
5922.677963 4.720777e-17 1e-20
5923.928389 4.390151e-17 1e-20
5925.178815 4.703143e-17 1e-20
5926.429241 5.361789e-17 1e-20
5927.679666 4.513656e-17 1e-20
5928.930092 4.413321e-17 1e-20
5930.180518 4.602764e-17 1e-20
5931.430944 4.593838e-17 1e-20
5932.681369 4.674281e-17 1e-20
5933.931795 4.507957e-17 1e-20
5935.182221 4.648919e-17 1e-20
5936.432647 5.341263e-17 1e-20
5937.683072 5.614987e-17 1e-20
5938.933498 5.062747e-17 1e-20
5940.183924 5.127054e-17 1e-20
5941.43435 4.337518e-17 1e-20
5942.684775 4.54042e-17 1e-20
5943.935201 5.131757e-17 1e-20
5945.185627 4.705869e-17 1e-20
5946.436053 4.730845e-17 1e-20
5947.686478 4.728552e-17 1e-20
5948.936904 4.711538e-17 1e-20
5950.18733 4.469332e-17 1e-20
5951.437756 4.505206e-17 1e-20
5952.688181 5.230823e-17 1e-20
5953.938607 5.378392e-17 1e-20
5955.189033 4.765435e-17 1e-20
5956.439459 4.996693e-17 1e-20
5957.689884 4.378434e-17 1e-20
5958.94031 5.011204e-17 1e-20
5960.190736 4.87607e-17 1e-20
5961.441162 5.56154e-17 1e-20
5962.691587 5.450133e-17 1e-20
5963.942013 5.433101e-17 1e-20
5965.192439 5.386634e-17 1e-20
5966.442865 5.193063e-17 1e-20
5967.69329 5.359541e-17 1e-20
5968.943716 5.065061e-17 1e-20
5970.194142 5.577863e-17 1e-20
5971.444568 5.952906e-17 1e-20
5972.694993 5.772784e-17 1e-20
5973.945419 5.627774e-17 1e-20
5975.195845 5.172507e-17 1e-20
5976.446271 5.415219e-17 1e-20
5977.696696 5.33552e-17 1e-20
5978.947122 5.517593e-17 1e-20
5980.197548 5.952038e-17 1e-20
5981.447974 5.866273e-17 1e-20
5982.698399 6.028277e-17 1e-20
5983.948825 6.314878e-17 1e-20
5985.199251 6.150176e-17 1e-20
5986.449677 5.944704e-17 1e-20
5987.700102 6.41771e-17 1e-20
5988.950528 5.876692e-17 1e-20
5990.200954 5.784102e-17 1e-20
5991.45138 6.208632e-17 1e-20
5992.701805 6.027295e-17 1e-20
5993.952231 6.202977e-17 1e-20
5995.202657 6.428843e-17 1e-20
5996.453083 6.171494e-17 1e-20
5997.703508 5.529247e-17 1e-20
5998.953934 6.138759e-17 1e-20
6000.20436 6.331904e-17 1e-20
6001.454786 6.26621e-17 1e-20
6002.705211 6.406424e-17 1e-20
6003.955637 6.838957e-17 1e-20
6005.206063 6.684474e-17 1e-20
6006.456489 6.907665e-17 1e-20
6007.706914 6.370872e-17 1e-20
6008.95734 6.525131e-17 1e-20
6010.207766 6.845256e-17 1e-20
6011.458192 6.932569e-17 1e-20
6012.708617 6.744804e-17 1e-20
6013.959043 6.813092e-17 1e-20
6015.209469 6.624742e-17 1e-20
6016.459895 7.240207e-17 1e-20
6017.71032 7.491963e-17 1e-20
6018.960746 7.114866e-17 1e-20
6020.211172 7.186602e-17 1e-20
6021.461598 7.033684e-17 1e-20
6022.712023 7.201953e-17 1e-20
6023.962449 7.968192e-17 1e-20
6025.212875 7.360118e-17 1e-20
6026.463301 7.268341e-17 1e-20
6027.713726 7.139502e-17 1e-20
6028.964152 7.499858e-17 1e-20
6030.214578 7.228103e-17 1e-20
6031.465004 6.799679e-17 1e-20
6032.715429 7.159363e-17 1e-20
6033.965855 7.191037e-17 1e-20
6035.216281 7.452169e-17 1e-20
6036.466707 7.876561e-17 1e-20
6037.717132 7.771692e-17 1e-20
6038.967558 7.639103e-17 1e-20
6040.217984 7.695759e-17 1e-20
6041.46841 7.597369e-17 1e-20
6042.718835 7.678367e-17 1e-20
6043.969261 8.174881e-17 1e-20
6045.219687 7.39451e-17 1e-20
6046.470113 7.833732e-17 1e-20
6047.720538 7.47587e-17 1e-20
6048.970964 7.79006e-17 1e-20
6050.22139 8.140474e-17 1e-20
6051.471816 8.352548e-17 1e-20
6052.722241 8.595015e-17 1e-20
6053.972667 8.517088e-17 1e-20
6055.223093 8.141775e-17 1e-20
6056.473519 7.849904e-17 1e-20
6057.723944 8.232194e-17 1e-20
6058.97437 8.267649e-17 1e-20
6060.224796 8.212246e-17 1e-20
6061.475222 8.257992e-17 1e-20
6062.725647 8.479231e-17 1e-20
6063.976073 8.300199e-17 1e-20
6065.226499 8.400228e-17 1e-20
6066.476925 7.991504e-17 1e-20
6067.72735 8.34202e-17 1e-20
6068.977776 8.675671e-17 1e-20
6070.228202 8.522179e-17 1e-20
6071.478628 8.298503e-17 1e-20
6072.729053 8.615596e-17 1e-20
6073.979479 8.551411e-17 1e-20
6075.229905 8.763233e-17 1e-20
6076.480331 8.74632e-17 1e-20
6077.730756 9.077356e-17 1e-20
6078.981182 8.700309e-17 1e-20
6080.231608 8.678849e-17 1e-20
6081.482034 8.88776e-17 1e-20
6082.732459 8.970617e-17 1e-20
6083.982885 9.139133e-17 1e-20
6085.233311 9.015143e-17 1e-20
6086.483737 8.846924e-17 1e-20
6087.734162 9.228812e-17 1e-20
6088.984588 8.882143e-17 1e-20
6090.235014 9.086243e-17 1e-20
6091.48544 8.918915e-17 1e-20
6092.735865 8.951186e-17 1e-20
6093.986291 9.152491e-17 1e-20
6095.236717 8.892834e-17 1e-20
6096.487143 9.185824e-17 1e-20
6097.737568 9.311817e-17 1e-20
6098.987994 9.293108e-17 1e-20
6100.23842 9.429423e-17 1e-20
6101.488846 9.202844e-17 1e-20
6102.739271 8.729348e-17 1e-20
6103.989697 8.677833e-17 1e-20
6105.240123 9.093839e-17 1e-20
6106.490549 9.349951e-17 1e-20
6107.740974 9.441283e-17 1e-20
6108.9914 8.976702e-17 1e-20
6110.241826 9.277351e-17 1e-20
6111.492252 9.406651e-17 1e-20
6112.742677 9.383173e-17 1e-20
6113.993103 9.516243e-17 1e-20
6115.243529 9.808337e-17 1e-20
6116.493955 9.661082e-17 1e-20
6117.74438 9.532627e-17 1e-20
6118.994806 9.770094e-17 1e-20
6120.245232 9.622665e-17 1e-20
6121.495658 9.374244e-17 1e-20
6122.746083 9.132279e-17 1e-20
6123.996509 9.338883e-17 1e-20
6125.246935 9.470256e-17 1e-20
6126.497361 9.450129e-17 1e-20
6127.747786 9.225604e-17 1e-20
6128.998212 9.718213e-17 1e-20
6130.248638 9.836201e-17 1e-20
6131.499064 9.743651e-17 1e-20
6132.749489 1.030603e-16 1e-20
6133.999915 1.010373e-16 1e-20
6135.250341 9.926687e-17 1e-20
6136.500767 9.830452e-17 1e-20
6137.751192 9.146544e-17 1e-20
6139.001618 9.161131e-17 1e-20
6140.252044 9.960017e-17 1e-20
6141.50247 9.693566e-17 1e-20
6142.752895 9.730136e-17 1e-20
6144.003321 9.752838e-17 1e-20
6145.253747 9.725818e-17 1e-20
6146.504173 9.726623e-17 1e-20
6147.754598 9.883237e-17 1e-20
6149.005024 9.771559e-17 1e-20
6150.25545 1.017277e-16 1e-20
6151.505876 1.004235e-16 1e-20
6152.756301 1.047694e-16 1e-20
6154.006727 1.032658e-16 1e-20
6155.257153 9.478176e-17 1e-20
6156.507579 1.014584e-16 1e-20
6157.758004 9.826479e-17 1e-20
6159.00843 9.711123e-17 1e-20
6160.258856 1.040953e-16 1e-20
6161.509282 1.020175e-16 1e-20
6162.759707 1.018035e-16 1e-20
6164.010133 9.749817e-17 1e-20
6165.260559 9.831969e-17 1e-20
6166.510985 1.035562e-16 1e-20
6167.76141 1.02077e-16 1e-20
6169.011836 9.845173e-17 1e-20
6170.262262 9.481443e-17 1e-20
6171.512688 1.001593e-16 1e-20
6172.763113 1.055248e-16 1e-20
6174.013539 1.057765e-16 1e-20
6175.263965 1.016413e-16 1e-20
6176.514391 1.000689e-16 1e-20
6177.764816 1.038657e-16 1e-20
6179.015242 1.003976e-16 1e-20
6180.265668 1.030246e-16 1e-20
6181.516094 1.038175e-16 1e-20
6182.766519 1.016115e-16 1e-20
6184.016945 1.00183e-16 1e-20
6185.267371 1.030711e-16 1e-20
6186.517797 1.057977e-16 1e-20
6187.768222 1.076093e-16 1e-20
6189.018648 1.065944e-16 1e-20
6190.269074 1.062675e-16 1e-20
6191.5195 9.981751e-17 1e-20
6192.769925 9.594071e-17 1e-20
6194.020351 1.018709e-16 1e-20
6195.270777 1.010325e-16 1e-20
6196.521203 1.036203e-16 1e-20
6197.771628 1.038096e-16 1e-20
6199.022054 1.0482e-16 1e-20
6200.27248 1.023315e-16 1e-20
6201.522906 9.784831e-17 1e-20
6202.773331 1.00992e-16 1e-20
6204.023757 1.029259e-16 1e-20
6205.274183 1.032166e-16 1e-20
6206.524609 1.020307e-16 1e-20
6207.775034 1.042792e-16 1e-20
6209.02546 1.033199e-16 1e-20
6210.275886 1.005576e-16 1e-20
6211.526312 1.059796e-16 1e-20
6212.776737 1.111512e-16 1e-20
6214.027163 1.065734e-16 1e-20
6215.277589 1.047368e-16 1e-20
6216.528015 1.054374e-16 1e-20
6217.77844 1.072931e-16 1e-20
6219.028866 1.085324e-16 1e-20
6220.279292 1.058035e-16 1e-20
6221.529718 1.042445e-16 1e-20
6222.780143 1.086822e-16 1e-20
6224.030569 1.05491e-16 1e-20
6225.280995 1.039784e-16 1e-20
6226.531421 1.060864e-16 1e-20
6227.781846 1.055853e-16 1e-20
6229.032272 1.103907e-16 1e-20
6230.282698 1.063879e-16 1e-20
6231.533124 1.058877e-16 1e-20
6232.783549 9.752764e-17 1e-20
6234.033975 1.007704e-16 1e-20
6235.284401 1.08048e-16 1e-20
6236.534827 1.093178e-16 1e-20
6237.785252 1.076812e-16 1e-20
6239.035678 1.039993e-16 1e-20
6240.286104 1.030323e-16 1e-20
6241.53653 1.077149e-16 1e-20
6242.786955 1.096408e-16 1e-20
6244.037381 1.04755e-16 1e-20
6245.287807 1.007953e-16 1e-20
6246.538233 1.021895e-16 1e-20
6247.788658 1.029154e-16 1e-20
6249.039084 1.029104e-16 1e-20
6250.28951 1.077095e-16 1e-20
6251.539936 1.073731e-16 1e-20
6252.790361 1.047839e-16 1e-20
6254.040787 1.036656e-16 1e-20
6255.291213 1.022035e-16 1e-20
6256.541639 1.002571e-16 1e-20
6257.792064 1.068573e-16 1e-20
6259.04249 1.115622e-16 1e-20
6260.292916 1.095885e-16 1e-20
6261.543342 1.05822e-16 1e-20
6262.793767 1.078941e-16 1e-20
6264.044193 1.084309e-16 1e-20
6265.294619 1.085549e-16 1e-20
6266.545045 1.03858e-16 1e-20
6267.79547 1.065861e-16 1e-20
6269.045896 1.100876e-16 1e-20
6270.296322 1.084291e-16 1e-20
6271.546748 1.065629e-16 1e-20
6272.797173 1.041404e-16 1e-20
6274.047599 1.065162e-16 1e-20
6275.298025 1.111031e-16 1e-20
6276.548451 1.077029e-16 1e-20
6277.798876 1.034811e-16 1e-20
6279.049302 1.056213e-16 1e-20
6280.299728 1.062891e-16 1e-20
6281.550154 1.025274e-16 1e-20
6282.800579 1.069478e-16 1e-20
6284.051005 1.019989e-16 1e-20
6285.301431 9.858479e-17 1e-20
6286.551857 1.030792e-16 1e-20
6287.802282 1.109017e-16 1e-20
6289.052708 1.095129e-16 1e-20
6290.303134 1.090779e-16 1e-20
6291.55356 1.036007e-16 1e-20
6292.803985 1.038744e-16 1e-20
6294.054411 1.004616e-16 1e-20
6295.304837 1.006541e-16 1e-20
6296.555263 1.006055e-16 1e-20
6297.805688 1.083424e-16 1e-20
6299.056114 9.692717e-17 1e-20
6300.30654 9.379881e-17 1e-20
6301.556966 9.668063e-17 1e-20
6302.807391 1.115537e-16 1e-20
6304.057817 1.036135e-16 1e-20
6305.308243 1.004687e-16 1e-20
6306.558669 1.055792e-16 1e-20
6307.809094 1.089654e-16 1e-20
6309.05952 1.116097e-16 1e-20
6310.309946 1.051446e-16 1e-20
6311.560372 1.057402e-16 1e-20
6312.810797 1.077547e-16 1e-20
6314.061223 1.088744e-16 1e-20
6315.311649 1.051532e-16 1e-20
6316.562075 1.065605e-16 1e-20
6317.8125 1.014502e-16 1e-20
6319.062926 1.030714e-16 1e-20
6320.313352 1.04983e-16 1e-20
6321.563778 1.043372e-16 1e-20
6322.814203 1.064132e-16 1e-20
6324.064629 1.010258e-16 1e-20
6325.315055 1.025974e-16 1e-20
6326.565481 1.026862e-16 1e-20
6327.815906 9.742404e-17 1e-20
6329.066332 1.00572e-16 1e-20
6330.316758 1.093457e-16 1e-20
6331.567184 1.097238e-16 1e-20
6332.817609 1.063333e-16 1e-20
6334.068035 1.085559e-16 1e-20
6335.318461 1.105343e-16 1e-20
6336.568887 1.060726e-16 1e-20
6337.819312 1.075699e-16 1e-20
6339.069738 1.037826e-16 1e-20
6340.320164 1.0472e-16 1e-20
6341.57059 1.058016e-16 1e-20
6342.821015 1.080941e-16 1e-20
6344.071441 1.034824e-16 1e-20
6345.321867 1.071058e-16 1e-20
6346.572293 1.052693e-16 1e-20
6347.822718 1.023779e-16 1e-20
6349.073144 1.043936e-16 1e-20
6350.32357 1.037886e-16 1e-20
6351.573996 1.049205e-16 1e-20
6352.824421 1.057849e-16 1e-20
6354.074847 1.052464e-16 1e-20
6355.325273 1.045119e-16 1e-20
6356.575699 1.03564e-16 1e-20
6357.826124 1.091591e-16 1e-20
6359.07655 1.061968e-16 1e-20
6360.326976 9.891497e-17 1e-20
6361.577402 1.031453e-16 1e-20
6362.827827 9.528499e-17 1e-20
6364.078253 1.079184e-16 1e-20
6365.328679 1.129644e-16 1e-20
6366.579105 1.128126e-16 1e-20
6367.82953 1.05129e-16 1e-20
6370.330382 1.028236e-16 1e-20
6371.580808 1.020652e-16 1e-20
6372.831233 1.057183e-16 1e-20
6374.081659 1.046556e-16 1e-20
6375.332085 1.032462e-16 1e-20
6376.582511 1.037025e-16 1e-20
6377.832936 1.029749e-16 1e-20
6379.083362 1.043417e-16 1e-20
6380.333788 1.085168e-16 1e-20
6381.584214 1.028201e-16 1e-20
6382.834639 1.031192e-16 1e-20
6384.085065 1.013272e-16 1e-20
6385.335491 1.018447e-16 1e-20
6386.585917 1.012162e-16 1e-20
6387.836342 1.043722e-16 1e-20
6389.086768 1.050051e-16 1e-20
6390.337194 1.031126e-16 1e-20
6391.58762 1.074858e-16 1e-20
6392.838045 1.075644e-16 1e-20
6394.088471 1.03598e-16 1e-20
6395.338897 1.039492e-16 1e-20
6396.589323 1.026855e-16 1e-20
6397.839748 1.114618e-16 1e-20
6399.090174 1.063772e-16 1e-20
6400.3406 1.009264e-16 1e-20
6401.591026 9.817249e-17 1e-20
6402.841451 1.013733e-16 1e-20
6404.091877 1.015177e-16 1e-20
6405.342303 1.041623e-16 1e-20
6406.592729 1.031765e-16 1e-20
6407.843154 1.050524e-16 1e-20
6409.09358 1.045436e-16 1e-20
6410.344006 1.020388e-16 1e-20
6411.594432 1.027186e-16 1e-20
6412.844857 1.024518e-16 1e-20
6414.095283 1.015054e-16 1e-20
6415.345709 1.048279e-16 1e-20
6416.596135 1.027921e-16 1e-20
6417.84656 1.039758e-16 1e-20
6419.096986 1.071653e-16 1e-20
6420.347412 9.885766e-17 1e-20
6421.597838 1.006032e-16 1e-20
6422.848263 9.968593e-17 1e-20
6424.098689 9.912915e-17 1e-20
6425.349115 1.016761e-16 1e-20
6426.599541 9.826624e-17 1e-20
6427.849966 1.021933e-16 1e-20
6429.100392 1.03348e-16 1e-20
6430.350818 9.910723e-17 1e-20
6431.601244 1.00982e-16 1e-20
6432.851669 1.002375e-16 1e-20
6434.102095 9.457429e-17 1e-20
6435.352521 9.820305e-17 1e-20
6436.602947 1.037418e-16 1e-20
6437.853372 1.018803e-16 1e-20
6439.103798 1.01754e-16 1e-20
6440.354224 9.478819e-17 1e-20
6441.60465 9.550205e-17 1e-20
6442.855075 9.77553e-17 1e-20
6444.105501 1.02687e-16 1e-20
6445.355927 9.834576e-17 1e-20
6446.606353 9.891924e-17 1e-20
6447.856778 1.026658e-16 1e-20
6449.107204 1.002738e-16 1e-20
6450.35763 9.987404e-17 1e-20
6451.608056 9.634139e-17 1e-20
6452.858481 9.744869e-17 1e-20
6454.108907 1.021118e-16 1e-20
6455.359333 9.831149e-17 1e-20
6456.609759 9.490158e-17 1e-20
6457.860184 9.618753e-17 1e-20
6459.11061 9.862821e-17 1e-20
6460.361036 1.023148e-16 1e-20
6461.611462 9.842281e-17 1e-20
6462.861887 9.610859e-17 1e-20
6464.112313 9.395932e-17 1e-20
6465.362739 9.432525e-17 1e-20
6466.613165 9.832612e-17 1e-20
6467.86359 9.764051e-17 1e-20
6469.114016 9.344455e-17 1e-20
6470.364442 9.464458e-17 1e-20
6471.614868 9.640604e-17 1e-20
6472.865293 9.513542e-17 1e-20
6474.115719 9.74293e-17 1e-20
6475.366145 9.380863e-17 1e-20
6476.616571 8.976214e-17 1e-20
6477.866996 9.258149e-17 1e-20
6479.117422 9.525734e-17 1e-20
6480.367848 9.923104e-17 1e-20
6481.618274 9.887144e-17 1e-20
6482.868699 9.652906e-17 1e-20
6484.119125 9.159359e-17 1e-20
6485.369551 9.230481e-17 1e-20
6486.619977 9.270376e-17 1e-20
6487.870402 9.612928e-17 1e-20
6489.120828 9.212037e-17 1e-20
6490.371254 9.420191e-17 1e-20
6491.62168 9.444976e-17 1e-20
6492.872105 9.576336e-17 1e-20
6494.122531 9.37693e-17 1e-20
6495.372957 9.194083e-17 1e-20
6496.623383 8.911813e-17 1e-20
6497.873808 8.914379e-17 1e-20
6499.124234 9.519655e-17 1e-20
6500.37466 9.562685e-17 1e-20
6501.625086 9.464135e-17 1e-20
6502.875511 9.077476e-17 1e-20
6504.125937 9.264436e-17 1e-20
6505.376363 9.276716e-17 1e-20
6506.626789 9.045735e-17 1e-20
6507.877214 9.301885e-17 1e-20
6509.12764 9.347658e-17 1e-20
6510.378066 8.928951e-17 1e-20
6511.628492 9.287832e-17 1e-20
6512.878917 9.369842e-17 1e-20
6514.129343 9.412547e-17 1e-20
6515.379769 9.340405e-17 1e-20
6516.630195 8.696974e-17 1e-20
6517.88062 8.793941e-17 1e-20
6519.131046 8.790961e-17 1e-20
6520.381472 8.80743e-17 1e-20
6521.631898 9.196078e-17 1e-20
6522.882323 9.31173e-17 1e-20
6524.132749 9.333562e-17 1e-20
6525.383175 9.088771e-17 1e-20
6526.633601 9.219793e-17 1e-20
6527.884026 9.295253e-17 1e-20
6529.134452 8.869512e-17 1e-20
6530.384878 8.667733e-17 1e-20
6531.635304 8.787901e-17 1e-20
6532.885729 9.042914e-17 1e-20
6534.136155 9.315991e-17 1e-20
6535.386581 9.757597e-17 1e-20
6536.637007 9.197635e-17 1e-20
6537.887432 9.067221e-17 1e-20
6539.137858 9.127601e-17 1e-20
6540.388284 9.146275e-17 1e-20
6541.63871 8.923905e-17 1e-20
6542.889135 9.010148e-17 1e-20
6544.139561 8.801388e-17 1e-20
6545.389987 8.682554e-17 1e-20
6546.640413 9.164859e-17 1e-20
6547.890838 9.005871e-17 1e-20
6549.141264 8.861918e-17 1e-20
6550.39169 8.260903e-17 1e-20
6551.642116 8.861973e-17 1e-20
6552.892541 8.37239e-17 1e-20
6554.142967 8.75961e-17 1e-20
6555.393393 9.179374e-17 1e-20
6556.643819 8.907033e-17 1e-20
6557.894244 8.784527e-17 1e-20
6559.14467 8.959417e-17 1e-20
6560.395096 8.918825e-17 1e-20
6561.645522 9.616929e-17 1e-20
6562.895947 9.261688e-17 1e-20
6564.146373 8.469098e-17 1e-20
6565.396799 7.944563e-17 1e-20
6566.647225 8.304973e-17 1e-20
6567.89765 8.96e-17 1e-20
6569.148076 9.079116e-17 1e-20
6570.398502 8.384408e-17 1e-20
6571.648928 8.736096e-17 1e-20
6572.899353 8.782501e-17 1e-20
6574.149779 8.952592e-17 1e-20
6575.400205 8.435075e-17 1e-20
6576.650631 8.769436e-17 1e-20
6577.901056 8.486297e-17 1e-20
6579.151482 8.953198e-17 1e-20
6580.401908 8.800958e-17 1e-20
6581.652334 8.716203e-17 1e-20
6582.902759 8.525114e-17 1e-20
6584.153185 9.054701e-17 1e-20
6585.403611 9.164673e-17 1e-20
6586.654037 8.668103e-17 1e-20
6587.904462 8.801359e-17 1e-20
6589.154888 8.667373e-17 1e-20
6590.405314 8.782886e-17 1e-20
6591.65574 8.609851e-17 1e-20
6592.906165 8.586278e-17 1e-20
6594.156591 7.908553e-17 1e-20
6595.407017 7.769553e-17 1e-20
6596.657443 8.440212e-17 1e-20
6597.907868 8.627714e-17 1e-20
6599.158294 8.46968e-17 1e-20
6600.40872 8.372143e-17 1e-20
6601.659146 8.59463e-17 1e-20
6602.909571 8.488673e-17 1e-20
6604.159997 8.513008e-17 1e-20
6605.410423 8.49428e-17 1e-20
6606.660849 8.925876e-17 1e-20
6607.911274 8.907416e-17 1e-20
6609.1617 8.717324e-17 1e-20
6610.412126 8.270035e-17 1e-20
6611.662552 8.192393e-17 1e-20
6612.912977 7.821381e-17 1e-20
6614.163403 8.120096e-17 1e-20
6615.413829 7.866173e-17 1e-20
6616.664255 8.407857e-17 1e-20
6617.91468 8.682925e-17 1e-20
6619.165106 8.443466e-17 1e-20
6620.415532 8.234594e-17 1e-20
6621.665958 8.476489e-17 1e-20
6622.916383 8.676495e-17 1e-20
6624.166809 8.640955e-17 1e-20
6625.417235 8.24902e-17 1e-20
6626.667661 8.125587e-17 1e-20
6627.918086 7.956664e-17 1e-20
6629.168512 7.956712e-17 1e-20
6630.418938 8.09498e-17 1e-20
6631.669364 8.471927e-17 1e-20
6632.919789 8.162942e-17 1e-20
6634.170215 8.368864e-17 1e-20
6635.420641 8.093343e-17 1e-20
6636.671067 8.154896e-17 1e-20
6637.921492 8.204871e-17 1e-20
6639.171918 8.329576e-17 1e-20
6640.422344 8.264026e-17 1e-20
6641.67277 8.280915e-17 1e-20
6642.923195 8.25375e-17 1e-20
6644.173621 8.14529e-17 1e-20
6645.424047 8.164146e-17 1e-20
6646.674473 8.047312e-17 1e-20
6647.924898 7.60209e-17 1e-20
6649.175324 8.073771e-17 1e-20
6650.42575 7.829362e-17 1e-20
6651.676176 8.007571e-17 1e-20
6652.926601 8.169013e-17 1e-20
6654.177027 7.720516e-17 1e-20
6655.427453 7.945487e-17 1e-20
6656.677879 8.00037e-17 1e-20
6657.928304 8.107927e-17 1e-20
6659.17873 7.990213e-17 1e-20
6660.429156 8.009964e-17 1e-20
6661.679582 7.743371e-17 1e-20
6662.930007 7.846892e-17 1e-20
6664.180433 8.356445e-17 1e-20
6665.430859 8.022087e-17 1e-20
6666.681285 7.874872e-17 1e-20
6667.93171 7.806104e-17 1e-20
6669.182136 8.389256e-17 1e-20
6670.432562 8.103764e-17 1e-20
6671.682988 8.038554e-17 1e-20
6672.933413 7.842928e-17 1e-20
6674.183839 7.670486e-17 1e-20
6675.434265 7.85891e-17 1e-20
6676.684691 7.752727e-17 1e-20
6677.935116 7.936199e-17 1e-20
6679.185542 7.7267e-17 1e-20
6680.435968 7.950728e-17 1e-20
6681.686393 7.787694e-17 1e-20
6682.936819 7.62635e-17 1e-20
6684.187245 7.464749e-17 1e-20
6685.437671 7.898685e-17 1e-20
6686.688096 7.890338e-17 1e-20
6687.938522 7.930078e-17 1e-20
6689.188948 7.400302e-17 1e-20
6690.439374 7.14964e-17 1e-20
6691.689799 7.430178e-17 1e-20
6692.940225 7.553108e-17 1e-20
6694.190651 7.541889e-17 1e-20
6695.441077 7.706371e-17 1e-20
6696.691502 7.769703e-17 1e-20
6697.941928 7.519879e-17 1e-20
6699.192354 7.381547e-17 1e-20
6700.44278 7.635956e-17 1e-20
6701.693205 7.893896e-17 1e-20
6702.943631 7.88557e-17 1e-20
6704.194057 7.6163e-17 1e-20
6705.444483 7.451852e-17 1e-20
6706.694908 7.460836e-17 1e-20
6707.945334 7.680167e-17 1e-20
6709.19576 7.71973e-17 1e-20
6710.446186 8.026535e-17 1e-20
6711.696611 8.092964e-17 1e-20
6712.947037 7.739854e-17 1e-20
6714.197463 7.490277e-17 1e-20
6715.447889 7.149953e-17 1e-20
6716.698314 7.380343e-17 1e-20
6717.94874 7.409034e-17 1e-20
6719.199166 7.343579e-17 1e-20
6720.449592 7.301127e-17 1e-20
6721.700017 7.45925e-17 1e-20
6722.950443 7.417858e-17 1e-20
6724.200869 7.344156e-17 1e-20
6725.451295 7.754499e-17 1e-20
6726.70172 7.728242e-17 1e-20
6727.952146 7.450779e-17 1e-20
6729.202572 7.015802e-17 1e-20
6730.452998 7.13077e-17 1e-20
6731.703423 7.311552e-17 1e-20
6732.953849 7.810211e-17 1e-20
6734.204275 6.842585e-17 1e-20
6735.454701 6.903299e-17 1e-20
6736.705126 6.968363e-17 1e-20
6737.955552 7.351024e-17 1e-20
6739.205978 7.462545e-17 1e-20
6740.456404 7.664277e-17 1e-20
6741.706829 6.988247e-17 1e-20
6742.957255 7.260325e-17 1e-20
6744.207681 7.412207e-17 1e-20
6745.458107 7.201583e-17 1e-20
6746.708532 7.303833e-17 1e-20
6747.958958 7.288094e-17 1e-20
6749.209384 7.046536e-17 1e-20
6750.45981 6.899516e-17 1e-20
6751.710235 7.272491e-17 1e-20
6752.960661 7.455376e-17 1e-20
6754.211087 7.18551e-17 1e-20
6755.461513 7.204001e-17 1e-20
6756.711938 6.909059e-17 1e-20
6757.962364 6.810749e-17 1e-20
6759.21279 7.022818e-17 1e-20
6760.463216 7.058859e-17 1e-20
6761.713641 7.263695e-17 1e-20
6762.964067 7.132222e-17 1e-20
6764.214493 7.318292e-17 1e-20
6765.464919 7.212752e-17 1e-20
6766.715344 7.347711e-17 1e-20
6767.96577 7.44625e-17 1e-20
6769.216196 7.023612e-17 1e-20
6770.466622 7.052283e-17 1e-20
6771.717047 7.238255e-17 1e-20
6772.967473 7.130394e-17 1e-20
6774.217899 6.830003e-17 1e-20
6775.468325 7.098803e-17 1e-20
6776.71875 7.102186e-17 1e-20
6777.969176 7.293468e-17 1e-20
6779.219602 7.004212e-17 1e-20
6780.470028 6.854133e-17 1e-20
6781.720453 6.505772e-17 1e-20
6782.970879 6.973449e-17 1e-20
6784.221305 6.835087e-17 1e-20
6785.471731 6.934869e-17 1e-20
6786.722156 7.055157e-17 1e-20
6787.972582 6.941397e-17 1e-20
6789.223008 7.306433e-17 1e-20
6790.473434 7.408107e-17 1e-20
6791.723859 7.010815e-17 1e-20
6792.974285 7.294209e-17 1e-20
6794.224711 7.142605e-17 1e-20
6795.475137 7.061096e-17 1e-20
6796.725562 7.136422e-17 1e-20
6797.975988 7.023387e-17 1e-20
6799.226414 6.813385e-17 1e-20
6800.47684 6.860483e-17 1e-20
6801.727265 6.840318e-17 1e-20
6802.977691 7.242961e-17 1e-20
6804.228117 6.799407e-17 1e-20
6805.478543 6.818256e-17 1e-20
6806.728968 6.870098e-17 1e-20
6807.979394 7.03546e-17 1e-20
6809.22982 6.875776e-17 1e-20
6810.480246 6.774585e-17 1e-20
6811.730671 6.45547e-17 1e-20
6812.981097 6.57447e-17 1e-20
6814.231523 6.831203e-17 1e-20
6815.481949 6.625239e-17 1e-20
6816.732374 6.923726e-17 1e-20
6817.9828 6.662691e-17 1e-20
6819.233226 6.858918e-17 1e-20
6820.483652 6.99681e-17 1e-20
6821.734077 6.705958e-17 1e-20
6822.984503 6.914715e-17 1e-20
6824.234929 6.877996e-17 1e-20
6825.485355 7.091825e-17 1e-20
6826.73578 6.709925e-17 1e-20
6827.986206 6.630437e-17 1e-20
6829.236632 6.47775e-17 1e-20
6830.487058 6.375398e-17 1e-20
6831.737483 6.745058e-17 1e-20
6832.987909 6.444281e-17 1e-20
6834.238335 6.577237e-17 1e-20
6835.488761 6.356072e-17 1e-20
6836.739186 7.004868e-17 1e-20
6837.989612 6.647201e-17 1e-20
6839.240038 6.125502e-17 1e-20
6840.490464 6.500146e-17 1e-20
6841.740889 6.429286e-17 1e-20
6842.991315 6.456568e-17 1e-20
6844.241741 6.651327e-17 1e-20
6845.492167 6.656201e-17 1e-20
6846.742592 6.47458e-17 1e-20
6847.993018 6.502998e-17 1e-20
6849.243444 6.484949e-17 1e-20
6850.49387 6.522217e-17 1e-20
6851.744295 6.752271e-17 1e-20
6852.994721 6.767162e-17 1e-20
6854.245147 6.637938e-17 1e-20
6855.495573 6.702638e-17 1e-20
6856.745998 6.913409e-17 1e-20
6857.996424 6.869285e-17 1e-20
6859.24685 6.537359e-17 1e-20
6860.497276 6.510026e-17 1e-20
6861.747701 6.808407e-17 1e-20
6862.998127 6.530145e-17 1e-20
6864.248553 5.800829e-17 1e-20
6865.498979 6.191741e-17 1e-20
6866.749404 6.612745e-17 1e-20
6867.99983 6.815984e-17 1e-20
6869.250256 6.654444e-17 1e-20
6870.500682 5.674772e-17 1e-20
6871.751107 5.890842e-17 1e-20
6873.001533 6.343323e-17 1e-20
6874.251959 6.415693e-17 1e-20
6875.502385 6.33624e-17 1e-20
6876.75281 6.602611e-17 1e-20
6878.003236 6.403746e-17 1e-20
6879.253662 6.476703e-17 1e-20
6880.504088 6.546932e-17 1e-20
6881.754513 6.841201e-17 1e-20
6883.004939 6.412767e-17 1e-20
6884.255365 6.484409e-17 1e-20
6885.505791 6.695671e-17 1e-20
6886.756216 6.652518e-17 1e-20
6888.006642 6.321229e-17 1e-20
6889.257068 6.083468e-17 1e-20
6890.507494 6.326553e-17 1e-20
6891.757919 6.13131e-17 1e-20
6893.008345 6.232787e-17 1e-20
6894.258771 6.577144e-17 1e-20
6895.509197 6.052739e-17 1e-20
6896.759622 6.398787e-17 1e-20
6898.010048 6.366985e-17 1e-20
6899.260474 6.026501e-17 1e-20
6900.5109 6.166057e-17 1e-20
6901.761325 6.485399e-17 1e-20
6903.011751 6.285913e-17 1e-20
6904.262177 6.661459e-17 1e-20
6905.512603 6.502417e-17 1e-20
6906.763028 6.065338e-17 1e-20
6908.013454 6.14353e-17 1e-20
6909.26388 6.444196e-17 1e-20
6910.514306 6.50115e-17 1e-20
6911.764731 6.612969e-17 1e-20
6913.015157 6.632177e-17 1e-20
6914.265583 6.587627e-17 1e-20
6915.516009 6.605078e-17 1e-20
6916.766434 6.039238e-17 1e-20
6918.01686 6.241856e-17 1e-20
6919.267286 6.105635e-17 1e-20
6920.517712 6.067295e-17 1e-20
6921.768137 5.854948e-17 1e-20
6923.018563 5.539331e-17 1e-20
6924.268989 5.998516e-17 1e-20
6925.519415 6.075314e-17 1e-20
6926.76984 6.167412e-17 1e-20
6928.020266 6.174644e-17 1e-20
6929.270692 5.952396e-17 1e-20
6930.521118 6.157987e-17 1e-20
6931.771543 6.026171e-17 1e-20
6933.021969 6.350132e-17 1e-20
6934.272395 6.120309e-17 1e-20
6935.522821 5.960478e-17 1e-20
6936.773246 6.269664e-17 1e-20
6938.023672 6.287926e-17 1e-20
6939.274098 5.789244e-17 1e-20
6940.524524 6.065766e-17 1e-20
6941.774949 5.954369e-17 1e-20
6943.025375 5.991389e-17 1e-20
6944.275801 6.136274e-17 1e-20
6945.526227 6.285175e-17 1e-20
6946.776652 5.925778e-17 1e-20
6948.027078 6.085737e-17 1e-20
6949.277504 5.913038e-17 1e-20
6950.52793 5.600205e-17 1e-20
6951.778355 6.091652e-17 1e-20
6953.028781 6.365115e-17 1e-20
6954.279207 5.972421e-17 1e-20
6955.529633 6.001181e-17 1e-20
6956.780058 6.12923e-17 1e-20
6958.030484 5.862552e-17 1e-20
6959.28091 6.121982e-17 1e-20
6960.531336 5.77537e-17 1e-20
6961.781761 5.840007e-17 1e-20
6963.032187 5.717537e-17 1e-20
6964.282613 6.246075e-17 1e-20
6965.533039 6.536131e-17 1e-20
6966.783464 6.232959e-17 1e-20
6968.03389 6.334164e-17 1e-20
6969.284316 6.15963e-17 1e-20
6970.534742 6.269754e-17 1e-20
6971.785167 6.404717e-17 1e-20
6973.035593 6.289654e-17 1e-20
6974.286019 6.339161e-17 1e-20
6975.536445 6.059311e-17 1e-20
6976.78687 6.318976e-17 1e-20
6978.037296 6.050989e-17 1e-20
6979.287722 6.12986e-17 1e-20
6980.538148 6.513854e-17 1e-20
6981.788573 6.45991e-17 1e-20
6983.038999 6.05483e-17 1e-20
6984.289425 5.722259e-17 1e-20
6985.539851 5.648764e-17 1e-20
6986.790276 6.275623e-17 1e-20
6988.040702 5.688576e-17 1e-20
6989.291128 5.910032e-17 1e-20
6990.541554 5.86973e-17 1e-20
6991.791979 6.066371e-17 1e-20
6993.042405 6.239456e-17 1e-20
6994.292831 5.743813e-17 1e-20
6995.543257 6.055582e-17 1e-20
6996.793682 6.397368e-17 1e-20
6998.044108 6.172407e-17 1e-20
6999.294534 6.159824e-17 1e-20
7000.54496 6.254242e-17 1e-20
7001.795385 6.061676e-17 1e-20
7003.045811 6.171209e-17 1e-20
7004.296237 6.029158e-17 1e-20
7005.546663 5.957593e-17 1e-20
7006.797088 6.013485e-17 1e-20
7008.047514 6.06502e-17 1e-20
7009.29794 6.136052e-17 1e-20
7010.548366 5.850813e-17 1e-20
7011.798791 5.77689e-17 1e-20
7013.049217 5.816089e-17 1e-20
7014.299643 5.941423e-17 1e-20
7015.550069 5.558264e-17 1e-20
7016.800494 6.047024e-17 1e-20
7018.05092 5.741531e-17 1e-20
7019.301346 5.601359e-17 1e-20
7020.551772 5.784806e-17 1e-20
7021.802197 6.089035e-17 1e-20
7023.052623 6.067806e-17 1e-20
7024.303049 6.37929e-17 1e-20
7025.553475 6.330517e-17 1e-20
7026.8039 6.079762e-17 1e-20
7028.054326 5.939783e-17 1e-20
7029.304752 5.978083e-17 1e-20
7030.555178 5.777518e-17 1e-20
7031.805603 6.181746e-17 1e-20
7033.056029 6.095275e-17 1e-20
7034.306455 6.184698e-17 1e-20
7035.556881 5.939796e-17 1e-20
7036.807306 6.070616e-17 1e-20
7038.057732 5.999071e-17 1e-20
7039.308158 5.788432e-17 1e-20
7040.558584 5.75331e-17 1e-20
7041.809009 5.519303e-17 1e-20
7043.059435 5.987433e-17 1e-20
7044.309861 6.439465e-17 1e-20
7045.560287 6.095854e-17 1e-20
7046.810712 5.848648e-17 1e-20
7048.061138 5.845148e-17 1e-20
7049.311564 6.135829e-17 1e-20
7050.56199 5.959645e-17 1e-20
7051.812415 5.839804e-17 1e-20
7053.062841 5.819916e-17 1e-20
7054.313267 5.487888e-17 1e-20
7055.563693 6.03006e-17 1e-20
7056.814118 6.142631e-17 1e-20
7058.064544 5.820482e-17 1e-20
7059.31497 5.957856e-17 1e-20
7060.565396 5.8671e-17 1e-20
7061.815821 6.036421e-17 1e-20
7063.066247 5.851729e-17 1e-20
7064.316673 5.459026e-17 1e-20
7065.567099 5.557784e-17 1e-20
7066.817524 5.905016e-17 1e-20
7068.06795 6.049741e-17 1e-20
7069.318376 5.548467e-17 1e-20
7070.568802 5.77549e-17 1e-20
7071.819227 5.772374e-17 1e-20
7073.069653 5.686033e-17 1e-20
7074.320079 6.059432e-17 1e-20
7075.570505 5.576773e-17 1e-20
7076.82093 6.302775e-17 1e-20
7078.071356 6.078428e-17 1e-20
7079.321782 6.336276e-17 1e-20
7080.572208 5.744736e-17 1e-20
7081.822633 5.828683e-17 1e-20
7083.073059 5.988644e-17 1e-20
7084.323485 5.76953e-17 1e-20
7085.573911 6.014766e-17 1e-20
7086.824336 5.809078e-17 1e-20
7088.074762 5.960267e-17 1e-20
7089.325188 5.703363e-17 1e-20
7090.575614 5.54269e-17 1e-20
7091.826039 5.60113e-17 1e-20
7093.076465 5.911503e-17 1e-20
7094.326891 5.854107e-17 1e-20
7095.577317 5.350711e-17 1e-20
7096.827742 5.500767e-17 1e-20
7098.078168 5.511966e-17 1e-20
7099.328594 5.768846e-17 1e-20
7100.57902 6.004637e-17 1e-20
7101.829445 5.462041e-17 1e-20
7103.079871 5.541902e-17 1e-20
7104.330297 5.685568e-17 1e-20
7105.580723 5.850211e-17 1e-20
7106.831148 5.666401e-17 1e-20
7108.081574 6.048189e-17 1e-20
7109.332 5.72703e-17 1e-20
7110.582426 5.715709e-17 1e-20
7111.832851 5.844061e-17 1e-20
7113.083277 5.872533e-17 1e-20
7114.333703 5.742143e-17 1e-20
7115.584129 5.634476e-17 1e-20
7116.834554 5.395806e-17 1e-20
7118.08498 5.459203e-17 1e-20
7119.335406 5.362191e-17 1e-20
7120.585832 5.558291e-17 1e-20
7121.836257 5.764587e-17 1e-20
7123.086683 5.782566e-17 1e-20
7124.337109 5.426807e-17 1e-20
7125.587535 5.541442e-17 1e-20
7126.83796 5.74138e-17 1e-20
7128.088386 5.561409e-17 1e-20
7129.338812 5.282687e-17 1e-20
7130.589238 5.443745e-17 1e-20
7131.839663 5.262987e-17 1e-20
7133.090089 5.422279e-17 1e-20
7134.340515 5.420162e-17 1e-20
7135.590941 5.094089e-17 1e-20
7136.841366 5.743828e-17 1e-20
7138.091792 5.426322e-17 1e-20
7139.342218 5.767958e-17 1e-20
7140.592644 5.165045e-17 1e-20
7141.843069 5.289667e-17 1e-20
7143.093495 5.560938e-17 1e-20
7144.343921 5.254823e-17 1e-20
7145.594347 5.403715e-17 1e-20
7146.844772 5.070487e-17 1e-20
7148.095198 5.334432e-17 1e-20
7149.345624 5.379208e-17 1e-20
7150.59605 5.552196e-17 1e-20
7151.846475 5.456233e-17 1e-20
7153.096901 5.264345e-17 1e-20
7154.347327 5.547886e-17 1e-20
7155.597753 5.453325e-17 1e-20
7156.848178 5.360528e-17 1e-20
7158.098604 5.608936e-17 1e-20
7159.34903 5.484274e-17 1e-20
7160.599456 5.546484e-17 1e-20
7161.849881 5.283503e-17 1e-20
7163.100307 5.215897e-17 1e-20
7164.350733 5.390268e-17 1e-20
7165.601159 5.254611e-17 1e-20
7166.851584 5.118805e-17 1e-20
7168.10201 4.922676e-17 1e-20
7169.352436 4.824805e-17 1e-20
7170.602862 4.848375e-17 1e-20
7171.853287 4.683181e-17 1e-20
7173.103713 4.847783e-17 1e-20
7174.354139 4.820175e-17 1e-20
7175.604565 4.528896e-17 1e-20
7176.85499 4.421117e-17 1e-20
7178.105416 4.96774e-17 1e-20
7179.355842 5.241587e-17 1e-20
7180.606268 4.994247e-17 1e-20
7181.856693 4.840891e-17 1e-20
7183.107119 4.887044e-17 1e-20
7184.357545 4.559645e-17 1e-20
7185.607971 4.619515e-17 1e-20
7186.858396 4.619487e-17 1e-20
7188.108822 5.230134e-17 1e-20
7189.359248 5.137091e-17 1e-20
7190.609674 4.466307e-17 1e-20
7191.860099 4.451429e-17 1e-20
7193.110525 4.606682e-17 1e-20
7194.360951 4.92564e-17 1e-20
7195.611377 4.802354e-17 1e-20
7196.861802 4.650924e-17 1e-20
7198.112228 4.346593e-17 1e-20
7199.362654 4.647082e-17 1e-20
7200.61308 4.173652e-17 1e-20
7201.863505 4.731803e-17 1e-20
7203.113931 4.923394e-17 1e-20
7204.364357 4.68687e-17 1e-20
7205.614783 4.598803e-17 1e-20
7206.865208 4.622116e-17 1e-20
7208.115634 4.78978e-17 1e-20
7209.36606 4.790363e-17 1e-20
7210.616486 4.996686e-17 1e-20
7211.866911 5.139992e-17 1e-20
7213.117337 4.821015e-17 1e-20
7214.367763 4.844903e-17 1e-20
7215.618189 5.046221e-17 1e-20
7216.868614 4.898792e-17 1e-20
7218.11904 4.631322e-17 1e-20
7219.369466 5.039691e-17 1e-20
7220.619892 5.114068e-17 1e-20
7221.870317 4.887198e-17 1e-20
7223.120743 4.866381e-17 1e-20
7224.371169 4.62133e-17 1e-20
7225.621595 4.783608e-17 1e-20
7226.87202 4.354731e-17 1e-20
7228.122446 4.55084e-17 1e-20
7229.372872 4.785666e-17 1e-20
7230.623298 4.763612e-17 1e-20
7231.873723 4.152777e-17 1e-20
7233.124149 4.207611e-17 1e-20
7234.374575 4.160022e-17 1e-20
7235.625001 4.284908e-17 1e-20
7236.875426 4.913299e-17 1e-20
7238.125852 5.003433e-17 1e-20
7239.376278 4.645141e-17 1e-20
7240.626704 4.105687e-17 1e-20
7241.877129 4.070571e-17 1e-20
7243.127555 4.498004e-17 1e-20
7244.377981 4.498344e-17 1e-20
7245.628407 4.222786e-17 1e-20
7246.878832 3.819382e-17 1e-20
7248.129258 4.218254e-17 1e-20
7249.379684 4.14274e-17 1e-20
7250.63011 4.08827e-17 1e-20
7251.880535 4.344305e-17 1e-20
7253.130961 4.089245e-17 1e-20
7254.381387 4.227015e-17 1e-20
7255.631813 4.587587e-17 1e-20
7256.882238 4.71411e-17 1e-20
7258.132664 4.20917e-17 1e-20
7259.38309 4.463892e-17 1e-20
7260.633516 4.440148e-17 1e-20
7261.883941 4.056312e-17 1e-20
7263.134367 4.205388e-17 1e-20
7264.384793 3.846641e-17 1e-20
7265.635219 3.999173e-17 1e-20
7266.885644 4.290058e-17 1e-20
7268.13607 4.572992e-17 1e-20
7269.386496 4.031973e-17 1e-20
7270.636922 4.006441e-17 1e-20
7271.887347 4.395071e-17 1e-20
7273.137773 4.396206e-17 1e-20
7274.388199 4.555766e-17 1e-20
7275.638625 4.465742e-17 1e-20
7276.88905 3.435019e-17 1e-20
7278.139476 3.979367e-17 1e-20
7279.389902 4.046856e-17 1e-20
7280.640328 4.253392e-17 1e-20
7281.890753 4.01926e-17 1e-20
7283.141179 4.269158e-17 1e-20
7284.391605 4.225784e-17 1e-20
7285.642031 3.786279e-17 1e-20
7286.892456 3.582122e-17 1e-20
7288.142882 3.888703e-17 1e-20
7289.393308 3.841578e-17 1e-20
7290.643734 3.888699e-17 1e-20
7291.894159 4.265609e-17 1e-20
7293.144585 4.273698e-17 1e-20
7294.395011 4.357039e-17 1e-20
7295.645437 4.353348e-17 1e-20
7296.895862 4.084772e-17 1e-20
7298.146288 3.968201e-17 1e-20
7299.396714 4.02999e-17 1e-20
7300.64714 4.234563e-17 1e-20
7301.897565 4.007992e-17 1e-20
7303.147991 4.045567e-17 1e-20
7304.398417 3.765811e-17 1e-20
7305.648843 4.008303e-17 1e-20
7306.899268 4.124237e-17 1e-20
7308.149694 3.996982e-17 1e-20
7309.40012 3.662989e-17 1e-20
7310.650546 4.085851e-17 1e-20
7311.900971 4.168802e-17 1e-20
7313.151397 4.261998e-17 1e-20
7314.401823 4.564383e-17 1e-20
7315.652249 4.596452e-17 1e-20
7316.902674 3.495566e-17 1e-20
7318.1531 3.077945e-17 1e-20
7319.403526 3.892337e-17 1e-20
7320.653952 4.188146e-17 1e-20
7321.904377 4.112603e-17 1e-20
7323.154803 3.978044e-17 1e-20
7324.405229 3.844356e-17 1e-20
7325.655655 4.07277e-17 1e-20
7326.90608 4.164144e-17 1e-20
7328.156506 4.540514e-17 1e-20
7329.406932 4.042795e-17 1e-20
7330.657358 3.526419e-17 1e-20
7331.907783 3.697396e-17 1e-20
7333.158209 3.861042e-17 1e-20
7334.408635 4.184583e-17 1e-20
7335.659061 4.25936e-17 1e-20
7336.909486 4.296417e-17 1e-20
7338.159912 4.133207e-17 1e-20
7339.410338 4.420774e-17 1e-20
7340.660764 3.935306e-17 1e-20
7341.911189 3.335702e-17 1e-20
7343.161615 3.412792e-17 1e-20
7344.412041 3.616953e-17 1e-20
7345.662467 4.058579e-17 1e-20
7346.912892 4.228996e-17 1e-20
7348.163318 3.818932e-17 1e-20
7349.413744 3.801428e-17 1e-20
7350.66417 3.671868e-17 1e-20
7351.914595 3.655288e-17 1e-20
7353.165021 3.78229e-17 1e-20
7354.415447 3.977641e-17 1e-20
7355.665873 4.049918e-17 1e-20
7356.916298 3.869511e-17 1e-20
7358.166724 3.817426e-17 1e-20
7359.41715 3.865633e-17 1e-20
7360.667576 3.38678e-17 1e-20
7361.918001 3.355947e-17 1e-20
7363.168427 3.524861e-17 1e-20
7364.418853 3.963837e-17 1e-20
7365.669279 3.665535e-17 1e-20
7366.919704 3.819583e-17 1e-20
7368.17013 4.172723e-17 1e-20
7369.420556 3.732161e-17 1e-20
7370.670982 3.687536e-17 1e-20
7371.921407 3.146639e-17 1e-20
7373.171833 3.325133e-17 1e-20
7374.422259 3.486573e-17 1e-20
7375.672685 3.66273e-17 1e-20
7376.92311 3.384202e-17 1e-20
7378.173536 3.289239e-17 1e-20
7379.423962 3.377349e-17 1e-20
7380.674388 3.251082e-17 1e-20
7381.924813 3.586625e-17 1e-20
7383.175239 3.43619e-17 1e-20
7384.425665 3.305222e-17 1e-20
7385.676091 3.487784e-17 1e-20
7386.926516 3.569997e-17 1e-20
7388.176942 3.430641e-17 1e-20
7389.427368 3.45324e-17 1e-20
7390.677794 3.65382e-17 1e-20
7391.928219 3.722391e-17 1e-20
7393.178645 3.22147e-17 1e-20
7394.429071 3.064911e-17 1e-20
7395.679497 3.296702e-17 1e-20
7396.929922 3.219946e-17 1e-20
7398.180348 3.371682e-17 1e-20
7399.430774 3.308259e-17 1e-20
7400.6812 3.518148e-17 1e-20
7401.931625 3.460844e-17 1e-20
7403.182051 2.633566e-17 1e-20
7404.432477 2.719725e-17 1e-20
7405.682903 3.02844e-17 1e-20
7406.933328 3.010312e-17 1e-20
7408.183754 3.169163e-17 1e-20
7409.43418 2.739187e-17 1e-20
7410.684606 2.970705e-17 1e-20
7411.935031 3.263513e-17 1e-20
7413.185457 3.057163e-17 1e-20
7414.435883 3.337373e-17 1e-20
7415.686309 3.213871e-17 1e-20
7416.936734 3.107216e-17 1e-20
7418.18716 2.910367e-17 1e-20
7419.437586 2.755232e-17 1e-20
7420.688012 2.581895e-17 1e-20
7421.938437 2.947869e-17 1e-20
7423.188863 3.09651e-17 1e-20
7424.439289 2.899755e-17 1e-20
7425.689715 2.817828e-17 1e-20
7426.94014 3.123387e-17 1e-20
7428.190566 2.625631e-17 1e-20
7429.440992 2.850067e-17 1e-20
7430.691418 2.547103e-17 1e-20
7431.941843 2.739173e-17 1e-20
7433.192269 2.437595e-17 1e-20
7434.442695 2.899322e-17 1e-20
7435.693121 2.399456e-17 1e-20
7436.943546 2.900481e-17 1e-20
7438.193972 2.718299e-17 1e-20
7439.444398 2.83152e-17 1e-20
7440.694824 2.465022e-17 1e-20
7441.945249 2.398508e-17 1e-20
7443.195675 2.362975e-17 1e-20
7444.446101 2.354995e-17 1e-20
7445.696527 2.479835e-17 1e-20
7446.946952 2.470066e-17 1e-20
7448.197378 2.306668e-17 1e-20
7449.447804 2.661551e-17 1e-20
7450.69823 2.343882e-17 1e-20
7451.948655 2.109975e-17 1e-20
7453.199081 2.511972e-17 1e-20
7454.449507 2.636318e-17 1e-20
7455.699933 2.442781e-17 1e-20
7456.950358 2.375443e-17 1e-20
7458.200784 2.571307e-17 1e-20
7459.45121 2.210533e-17 1e-20
7460.701636 2.355238e-17 1e-20
7461.952061 2.207737e-17 1e-20
7463.202487 2.10605e-17 1e-20
7464.452913 2.178008e-17 1e-20
7465.703339 2.431137e-17 1e-20
7466.953764 2.088706e-17 1e-20
7468.20419 2.092588e-17 1e-20
7469.454616 2.040418e-17 1e-20
7470.705042 2.323525e-17 1e-20
7471.955467 2.325247e-17 1e-20
7473.205893 2.321468e-17 1e-20
7474.456319 2.143131e-17 1e-20
7475.706745 2.123112e-17 1e-20
7476.95717 2.154049e-17 1e-20
7478.207596 2.328757e-17 1e-20
7479.458022 2.093998e-17 1e-20
7480.708448 2.354803e-17 1e-20
7481.958873 2.113564e-17 1e-20
7483.209299 2.088044e-17 1e-20
7484.459725 2.081316e-17 1e-20
7485.710151 1.904766e-17 1e-20
7486.960576 1.662907e-17 1e-20
7488.211002 1.858644e-17 1e-20
7489.461428 2.155638e-17 1e-20
7490.711854 2.205537e-17 1e-20
7491.962279 2.037874e-17 1e-20
7493.212705 1.810916e-17 1e-20
7494.463131 1.947698e-17 1e-20
7495.713557 1.548903e-17 1e-20
7496.963982 1.885677e-17 1e-20
7498.214408 2.167866e-17 1e-20
7499.464834 2.024782e-17 1e-20
7500.71526 1.843298e-17 1e-20
7501.965685 1.807408e-17 1e-20
7503.216111 2.186353e-17 1e-20
7504.466537 1.708127e-17 1e-20
7505.716963 1.980069e-17 1e-20
7506.967388 1.824674e-17 1e-20
7508.217814 1.831451e-17 1e-20
7509.46824 1.805892e-17 1e-20
7510.718666 1.923299e-17 1e-20
7511.969091 1.586e-17 1e-20
7513.219517 1.811666e-17 1e-20
7514.469943 1.955336e-17 1e-20
7515.720369 1.656817e-17 1e-20
7516.970794 1.738246e-17 1e-20
7518.22122 1.696115e-17 1e-20
7519.471646 1.777086e-17 1e-20
7520.722072 1.925852e-17 1e-20
7521.972497 1.670922e-17 1e-20
7523.222923 2.116754e-17 1e-20
7524.473349 2.012261e-17 1e-20
7525.723775 1.404753e-17 1e-20
7526.9742 1.257052e-17 1e-20
7528.224626 1.647602e-17 1e-20
7529.475052 1.802922e-17 1e-20
7530.725478 1.535665e-17 1e-20
7531.975903 1.524221e-17 1e-20
7533.226329 1.483469e-17 1e-20
7534.476755 1.748847e-17 1e-20
7535.727181 1.668725e-17 1e-20
7536.977606 1.673431e-17 1e-20
7538.228032 1.800562e-17 1e-20
7539.478458 1.728029e-17 1e-20
7540.728884 1.642855e-17 1e-20
7541.979309 1.326355e-17 1e-20
7543.229735 1.220089e-17 1e-20
7544.480161 1.49376e-17 1e-20
7545.730587 1.441809e-17 1e-20
7546.981012 1.551503e-17 1e-20
7548.231438 1.784869e-17 1e-20
7549.481864 1.899619e-17 1e-20
7550.73229 1.632213e-17 1e-20
7551.982715 1.52908e-17 1e-20
7553.233141 1.808663e-17 1e-20
7554.483567 1.609336e-17 1e-20
7555.733993 1.228649e-17 1e-20
7556.984418 1.617092e-17 1e-20
7558.234844 1.512422e-17 1e-20
7559.48527 1.43285e-17 1e-20
7560.735696 1.413238e-17 1e-20
7561.986121 1.460954e-17 1e-20
7563.236547 1.588049e-17 1e-20
7564.486973 1.251385e-17 1e-20
7565.737399 1.226431e-17 1e-20
7566.987824 1.305541e-17 1e-20
7568.23825 1.284592e-17 1e-20
7569.488676 1.454568e-17 1e-20
7570.739102 1.810753e-17 1e-20
7571.989527 1.40188e-17 1e-20
7573.239953 8.255083e-18 1e-20
7574.490379 8.688108e-18 1e-20
7575.740805 1.301657e-17 1e-20
7576.99123 1.354127e-17 1e-20
7578.241656 1.319482e-17 1e-20
7579.492082 1.180961e-17 1e-20
7580.742508 1.336513e-17 1e-20
7581.992933 1.149497e-17 1e-20
7583.243359 9.350899e-18 1e-20
7584.493785 1.151414e-17 1e-20
7585.744211 1.651671e-17 1e-20
7586.994636 9.539913e-18 1e-20
7588.245062 1.206377e-17 1e-20
7589.495488 1.429552e-17 1e-20
7590.745914 9.714629e-18 1e-20
7591.996339 9.077579e-18 1e-20
7593.246765 8.26534e-18 1e-20
7594.497191 4.930047e-18 1e-20
7595.747617 5.591967e-18 1e-20
7596.998042 5.724727e-18 1e-20
7598.248468 1.539663e-17 1e-20
7599.498894 1.353059e-17 1e-20
7600.74932 1.163531e-17 1e-20
7601.999745 1.244009e-17 1e-20
7603.250171 1.524966e-17 1e-20
7604.500597 1.052546e-17 1e-20
7605.751023 6.601256e-18 1e-20
7607.001448 1.347482e-17 1e-20
7608.251874 2.19153e-17 1e-20
7609.5023 1.82509e-17 1e-20
7610.752726 1.760598e-17 1e-20
7612.003151 1.782159e-17 1e-20
7613.253577 2.088396e-17 1e-20
7614.504003 2.081698e-17 1e-20
7615.754429 1.361148e-17 1e-20
7617.004854 1.594583e-17 1e-20
7618.25528 1.666391e-17 1e-20
7619.505706 5.699664e-18 1e-20
7620.756132 4.504181e-18 1e-20
7622.006557 9.963101e-18 1e-20
7623.256983 9.07053e-18 1e-20
7624.507409 1.16056e-17 1e-20
7625.757835 1.387193e-17 1e-20
7627.00826 1.253589e-17 1e-20
7628.258686 1.04037e-17 1e-20
7629.509112 2.000602e-17 1e-20
7630.759538 1.272724e-17 1e-20
7632.009963 7.446699e-18 1e-20
7633.260389 1.213735e-17 1e-20
7634.510815 9.087102e-18 1e-20
7635.761241 4.691696e-18 1e-20
7637.011666 1.172104e-17 1e-20
7638.262092 1.427156e-17 1e-20
7639.512518 7.197847e-18 1e-20
7640.762944 7.218126e-18 1e-20
7642.013369 1.381192e-17 1e-20
7643.263795 1.567021e-17 1e-20
7644.514221 7.658894e-18 1e-20
7645.764647 1.28306e-17 1e-20
7647.015072 1.414903e-17 1e-20
7648.265498 8.878143e-18 1e-20
7649.515924 7.438486e-18 1e-20
7650.76635 1.941202e-17 1e-20
7652.016775 1.347897e-17 1e-20
7653.267201 7.75749e-18 1e-20
7654.517627 7.0361e-18 1e-20
7655.768053 1.508028e-17 1e-20
7657.018478 1.62193e-17 1e-20
7658.268904 5.373619e-18 1e-20
7659.51933 4.588767e-18 1e-20
7660.769756 1.349965e-17 1e-20
7662.020181 1.602278e-17 1e-20
7663.270607 8.540194e-18 1e-20
7664.521033 2.130573e-18 1e-20
7665.771459 7.836162e-18 1e-20
7667.021884 1.347316e-17 1e-20
7668.27231 1.337724e-17 1e-20
7669.522736 7.818653e-18 1e-20
7670.773162 7.111142e-18 1e-20
7672.023587 1.054797e-17 1e-20
7673.274013 1.086505e-17 1e-20
7674.524439 8.986577e-18 1e-20
7675.774865 8.250849e-18 1e-20
7677.02529 9.69389e-18 1e-20
7678.275716 1.32348e-17 1e-20
7679.526142 1.32373e-17 1e-20
7680.776568 9.864794e-18 1e-20
7682.026993 6.028143e-18 1e-20
7683.277419 9.925129e-18 1e-20
7684.527845 7.746755e-18 1e-20
7685.778271 9.980986e-18 1e-20
7687.028696 1.028965e-17 1e-20
7688.279122 5.993559e-18 1e-20
7689.529548 9.049045e-18 1e-20
7690.779974 8.487168e-18 1e-20
7692.030399 1.032929e-17 1e-20
7693.280825 8.147103e-18 1e-20
7694.531251 6.211081e-18 1e-20
7695.781677 6.605467e-18 1e-20
7697.032102 8.498017e-18 1e-20
7698.282528 8.475209e-18 1e-20
7699.532954 1.007512e-17 1e-20
7700.78338 1.005961e-17 1e-20
7702.033805 7.457059e-18 1e-20
7703.284231 9.432894e-18 1e-20
7704.534657 9.416012e-18 1e-20
7705.785083 5.675421e-18 1e-20
7707.035508 8.842979e-18 1e-20
7708.285934 8.723663e-18 1e-20
7709.53636 9.56199e-18 1e-20
7710.786786 1.188868e-17 1e-20
7712.037211 1.141798e-17 1e-20
7713.287637 1.269779e-17 1e-20
7714.538063 4.940729e-18 1e-20
7715.788489 1.040369e-17 1e-20
7717.038914 1.278134e-17 1e-20
7718.28934 1.960839e-18 1e-20
7719.539766 5.473023e-18 1e-20
7720.790192 4.703455e-18 1e-20
7722.040617 9.364299e-18 1e-20
7723.291043 1.026526e-17 1e-20
7724.541469 9.739519e-18 1e-20
7725.791895 6.018347e-18 1e-20
7727.04232 7.768105e-18 1e-20
7728.292746 4.149665e-18 1e-20
7729.543172 6.804617e-18 1e-20
7730.793598 9.23163e-18 1e-20
7732.044023 1.050297e-17 1e-20
7733.294449 1.030096e-17 1e-20
7734.544875 1.356803e-17 1e-20
7735.795301 9.407287e-18 1e-20
7737.045726 8.632492e-18 1e-20
7738.296152 1.054426e-17 1e-20
7739.546578 9.859134e-18 1e-20
7740.797004 8.446435e-18 1e-20
7742.047429 7.560442e-18 1e-20
7743.297855 9.887025e-18 1e-20
7744.548281 9.7211e-18 1e-20
7745.798707 1.120308e-17 1e-20
7747.049132 1.03658e-17 1e-20
7748.299558 1.670144e-17 1e-20
7749.549984 1.561065e-17 1e-20
7750.80041 1.414903e-17 1e-20
7752.050835 3.658413e-19 1e-20
7753.301261 3.143611e-18 1e-20
7754.551687 7.516421e-18 1e-20
7755.802113 1.127793e-17 1e-20
7757.052538 1.099396e-17 1e-20
7758.302964 1.520743e-17 1e-20
7759.55339 1.060892e-17 1e-20
7760.803816 1.113416e-17 1e-20
7762.054241 9.313395e-18 1e-20
7763.304667 1.176357e-17 1e-20
7764.555093 1.208181e-17 1e-20
7765.805519 1.088399e-17 1e-20
7767.055944 1.401147e-17 1e-20
7768.30637 1.320489e-17 1e-20
7769.556796 1.11922e-17 1e-20
7770.807222 1.25294e-17 1e-20
7772.057647 1.442323e-17 1e-20
7773.308073 1.257062e-17 1e-20
7774.558499 1.003203e-17 1e-20
7775.808925 1.024952e-17 1e-20
7777.05935 1.046176e-17 1e-20
7778.309776 1.074746e-17 1e-20
7779.560202 1.374671e-17 1e-20
7780.810628 1.320968e-17 1e-20
7782.061053 8.393818e-18 1e-20
7783.311479 7.198797e-18 1e-20
7784.561905 1.052736e-17 1e-20
7785.812331 8.302996e-18 1e-20
7787.062756 8.957605e-18 1e-20
7788.313182 8.748345e-18 1e-20
7789.563608 1.207894e-17 1e-20
7790.814034 9.751342e-18 1e-20
7792.064459 1.835824e-17 1e-20
7793.314885 1.343511e-17 1e-20
7794.565311 1.339782e-17 1e-20
7795.815737 7.410609e-18 1e-20
7797.066162 9.133438e-18 1e-20
7798.316588 1.084404e-17 1e-20
7799.567014 1.397002e-17 1e-20
7800.81744 1.365257e-17 1e-20
7802.067865 1.396602e-17 1e-20
7803.318291 1.484881e-17 1e-20
7804.568717 1.276161e-17 1e-20
7805.819143 1.244751e-17 1e-20
7807.069568 1.756058e-17 1e-20
7808.319994 1.785222e-17 1e-20
7809.57042 7.335363e-18 1e-20
7810.820846 9.759441e-18 1e-20
7812.071271 1.093696e-17 1e-20
7813.321697 1.103515e-17 1e-20
7814.572123 1.322821e-17 1e-20
7815.822549 1.278779e-17 1e-20
7817.072974 1.365565e-17 1e-20
7818.3234 1.685895e-17 1e-20
7819.573826 1.699246e-17 1e-20
7820.824252 1.88544e-17 1e-20
7822.074677 2.095089e-17 1e-20
7823.325103 1.200201e-17 1e-20
7824.575529 7.716926e-18 1e-20
7825.825955 1.328513e-17 1e-20
7827.07638 1.407626e-17 1e-20
7828.326806 1.426403e-17 1e-20
7829.577232 1.428332e-17 1e-20
7830.827658 1.533536e-17 1e-20
7832.078083 1.426855e-17 1e-20
7833.328509 1.558093e-17 1e-20
7834.578935 8.8969e-18 1e-20
7835.829361 1.167567e-17 1e-20
7837.079786 1.483731e-17 1e-20
7838.330212 1.714964e-17 1e-20
7839.580638 1.472472e-17 1e-20
7840.831064 1.816091e-17 1e-20
7842.081489 1.319533e-17 1e-20
7843.331915 1.018708e-17 1e-20
7844.582341 1.13106e-17 1e-20
7845.832767 1.582961e-17 1e-20
7847.083192 1.97534e-17 1e-20
7848.333618 1.600581e-17 1e-20
7849.584044 1.564985e-17 1e-20
7850.83447 1.438026e-17 1e-20
7852.084895 1.728197e-17 1e-20
7853.335321 1.815912e-17 1e-20
7854.585747 8.569996e-18 1e-20
7855.836173 8.796503e-18 1e-20
7857.086598 1.164449e-17 1e-20
7858.337024 1.723089e-17 1e-20
7859.58745 1.859017e-17 1e-20
7860.837876 1.548921e-17 1e-20
7862.088301 1.120421e-17 1e-20
7863.338727 1.046271e-17 1e-20
7864.589153 1.368769e-17 1e-20
7865.839579 1.661359e-17 1e-20
7867.090004 1.965147e-17 1e-20
7868.34043 1.920239e-17 1e-20
7869.590856 2.054632e-17 1e-20
7870.841282 2.200986e-17 1e-20
7872.091707 1.249558e-17 1e-20
7873.342133 1.586367e-17 1e-20
7874.592559 1.701153e-17 1e-20
7875.842985 1.713954e-17 1e-20
7877.09341 1.981899e-17 1e-20
7878.343836 2.232272e-17 1e-20
7879.594262 1.360961e-17 1e-20
7880.844688 1.645135e-17 1e-20
7882.095113 1.916285e-17 1e-20
7883.345539 1.443098e-17 1e-20
7884.595965 1.608025e-17 1e-20
7885.846391 1.717706e-17 1e-20
7887.096816 1.796375e-17 1e-20
7888.347242 2.080874e-17 1e-20
7889.597668 1.942246e-17 1e-20
7890.848094 1.607095e-17 1e-20
7892.098519 1.26382e-17 1e-20
7893.348945 1.437725e-17 1e-20
7894.599371 1.468378e-17 1e-20
7895.849797 1.454799e-17 1e-20
7897.100222 1.752447e-17 1e-20
7898.350648 1.783919e-17 1e-20
7899.601074 1.696199e-17 1e-20
7900.8515 1.670311e-17 1e-20
7902.101925 1.854665e-17 1e-20
7903.352351 1.77478e-17 1e-20
7904.602777 1.944545e-17 1e-20
7905.853203 2.152512e-17 1e-20
7907.103628 1.785813e-17 1e-20
7908.354054 1.802503e-17 1e-20
7909.60448 1.651671e-17 1e-20
7910.854906 1.754118e-17 1e-20
7912.105331 2.253854e-17 1e-20
7913.355757 2.640671e-17 1e-20
7914.606183 2.151914e-17 1e-20
7915.856609 1.320038e-17 1e-20
7917.107034 1.477381e-17 1e-20
7918.35746 2.032869e-17 1e-20
7919.607886 1.767126e-17 1e-20
7920.858312 2.086177e-17 1e-20
7922.108737 1.751966e-17 1e-20
7923.359163 1.45965e-17 1e-20
7924.609589 1.636283e-17 1e-20
7925.860015 1.897004e-17 1e-20
7927.11044 2.032729e-17 1e-20
7928.360866 1.887101e-17 1e-20
7929.611292 1.878074e-17 1e-20
7930.861718 2.3432e-17 1e-20
7932.112143 1.808612e-17 1e-20
7933.362569 1.37039e-17 1e-20
7934.612995 1.813795e-17 1e-20
7935.863421 1.880732e-17 1e-20
7937.113846 1.843306e-17 1e-20
7938.364272 1.959499e-17 1e-20
7939.614698 2.080746e-17 1e-20
7940.865124 1.918261e-17 1e-20
7942.115549 2.444947e-17 1e-20
7943.365975 1.901312e-17 1e-20
7944.616401 2.085845e-17 1e-20
7945.866827 2.102409e-17 1e-20
7947.117252 2.180996e-17 1e-20
7948.367678 2.477845e-17 1e-20
7949.618104 2.142465e-17 1e-20
7950.86853 1.97321e-17 1e-20
7952.118955 2.167209e-17 1e-20
7953.369381 2.30533e-17 1e-20
7954.619807 2.214002e-17 1e-20
7955.870233 2.270184e-17 1e-20
7957.120658 2.276744e-17 1e-20
7958.371084 1.828123e-17 1e-20
7959.62151 2.075883e-17 1e-20
7960.871936 2.560412e-17 1e-20
7962.122361 2.71415e-17 1e-20
7963.372787 2.608079e-17 1e-20
7964.623213 2.335284e-17 1e-20
7965.873638 1.513594e-17 1e-20
7967.124064 1.72038e-17 1e-20
7968.37449 2.249788e-17 1e-20
7969.624916 2.167544e-17 1e-20
7970.875341 2.276893e-17 1e-20
7972.125767 2.473649e-17 1e-20
7973.376193 2.680261e-17 1e-20
7974.626619 2.056063e-17 1e-20
7975.877044 2.643579e-17 1e-20
7977.12747 2.864306e-17 1e-20
7978.377896 2.562525e-17 1e-20
7979.628322 2.472914e-17 1e-20
7980.878747 2.022612e-17 1e-20
7982.129173 2.000846e-17 1e-20
7983.379599 2.285026e-17 1e-20
7984.630025 2.339104e-17 1e-20
7985.88045 2.108059e-17 1e-20
7987.130876 2.552381e-17 1e-20
7988.381302 2.2539e-17 1e-20
7989.631728 2.362772e-17 1e-20
7990.882153 2.570828e-17 1e-20
7992.132579 3.179633e-17 1e-20
7993.383005 2.674408e-17 1e-20
7994.633431 2.029034e-17 1e-20
7995.883856 2.154074e-17 1e-20
7997.134282 2.096506e-17 1e-20
7998.384708 2.531598e-17 1e-20
7999.635134 2.413432e-17 1e-20
8000.885559 2.587427e-17 1e-20
8002.135985 2.491687e-17 1e-20
8003.386411 2.721379e-17 1e-20
8004.636837 2.373484e-17 1e-20
8005.887262 2.866786e-17 1e-20
8007.137688 2.560215e-17 1e-20
8008.388114 2.49705e-17 1e-20
8009.63854 2.425459e-17 1e-20
8010.888965 2.398621e-17 1e-20
8012.139391 2.784787e-17 1e-20
8013.389817 3.267601e-17 1e-20
8014.640243 2.781762e-17 1e-20
8015.890668 2.472065e-17 1e-20
8017.141094 2.55157e-17 1e-20
8018.39152 2.584468e-17 1e-20
8019.641946 2.542338e-17 1e-20
8020.892371 2.518498e-17 1e-20
8022.142797 2.443795e-17 1e-20
8023.393223 2.395591e-17 1e-20
8024.643649 2.749846e-17 1e-20
8025.894074 3.244395e-17 1e-20
8027.1445 2.687772e-17 1e-20
8028.394926 2.564893e-17 1e-20
8029.645352 2.614918e-17 1e-20
8030.895777 2.914472e-17 1e-20
8032.146203 2.748898e-17 1e-20
8033.396629 2.648885e-17 1e-20
8034.647055 3.01392e-17 1e-20
8035.89748 2.637913e-17 1e-20
8037.147906 2.50453e-17 1e-20
8038.398332 2.974503e-17 1e-20
8039.648758 2.831794e-17 1e-20
8040.899183 2.862613e-17 1e-20
8042.149609 3.014449e-17 1e-20
8043.400035 2.69864e-17 1e-20
8044.650461 3.008884e-17 1e-20
8045.900886 2.90493e-17 1e-20
8047.151312 2.723956e-17 1e-20
8048.401738 3.229169e-17 1e-20
8049.652164 3.003205e-17 1e-20
8050.902589 3.008397e-17 1e-20
8052.153015 3.223615e-17 1e-20
8053.403441 2.900636e-17 1e-20
8054.653867 2.780898e-17 1e-20
8055.904292 2.903669e-17 1e-20
8057.154718 3.101222e-17 1e-20
8058.405144 3.278711e-17 1e-20
8059.65557 3.33181e-17 1e-20
8060.905995 3.766912e-17 1e-20
8062.156421 3.267876e-17 1e-20
8063.406847 2.596589e-17 1e-20
8064.657273 2.889743e-17 1e-20
8065.907698 3.091098e-17 1e-20
8067.158124 3.381648e-17 1e-20
8068.40855 3.389322e-17 1e-20
8069.658976 3.476979e-17 1e-20
8070.909401 3.277518e-17 1e-20
8072.159827 3.309152e-17 1e-20
8073.410253 3.223359e-17 1e-20
8074.660679 3.758165e-17 1e-20
8075.911104 3.121518e-17 1e-20
8077.16153 3.579897e-17 1e-20
8078.411956 3.528079e-17 1e-20
8079.662382 3.093082e-17 1e-20
8080.912807 3.522187e-17 1e-20
8082.163233 3.50723e-17 1e-20
8083.413659 3.572004e-17 1e-20
8084.664085 3.178939e-17 1e-20
8085.91451 3.588797e-17 1e-20
8087.164936 3.402302e-17 1e-20
8088.415362 3.497791e-17 1e-20
8089.665788 3.588232e-17 1e-20
8090.916213 3.378494e-17 1e-20
8092.166639 3.416401e-17 1e-20
8093.417065 3.670673e-17 1e-20
8094.667491 3.55255e-17 1e-20
8095.917916 3.330231e-17 1e-20
8097.168342 3.439309e-17 1e-20
8098.418768 3.092767e-17 1e-20
8099.669194 3.612459e-17 1e-20
8100.919619 3.36392e-17 1e-20
8102.170045 4.22172e-17 1e-20
8103.420471 3.516342e-17 1e-20
8104.670897 3.555011e-17 1e-20
8105.921322 3.327212e-17 1e-20
8107.171748 3.33488e-17 1e-20
8108.422174 3.181809e-17 1e-20
8109.6726 3.863399e-17 1e-20
8110.923025 3.695869e-17 1e-20
8112.173451 3.765465e-17 1e-20
8113.423877 3.702121e-17 1e-20
8114.674303 3.592929e-17 1e-20
8115.924728 3.895226e-17 1e-20
8117.175154 4.238826e-17 1e-20
8118.42558 3.967074e-17 1e-20
8119.676006 3.407953e-17 1e-20
8120.926431 3.829369e-17 1e-20
8122.176857 3.786302e-17 1e-20
8123.427283 3.924268e-17 1e-20
8124.677709 3.503097e-17 1e-20
8125.928134 3.363721e-17 1e-20
8127.17856 3.800155e-17 1e-20
8128.428986 3.855889e-17 1e-20
8129.679412 3.870287e-17 1e-20
8130.929837 3.947134e-17 1e-20
8132.180263 4.033633e-17 1e-20
8133.430689 3.566411e-17 1e-20
8134.681115 3.627371e-17 1e-20
8135.93154 3.902959e-17 1e-20
8137.181966 4.097525e-17 1e-20
8138.432392 3.829751e-17 1e-20
8139.682818 3.437915e-17 1e-20
8140.933243 4.041034e-17 1e-20
8142.183669 3.998984e-17 1e-20
8143.434095 3.661998e-17 1e-20
8144.684521 3.893951e-17 1e-20
8145.934946 3.981934e-17 1e-20
8147.185372 3.633128e-17 1e-20
8148.435798 3.743296e-17 1e-20
8149.686224 3.329415e-17 1e-20
8150.936649 4.231026e-17 1e-20
8152.187075 3.998846e-17 1e-20
8153.437501 3.91922e-17 1e-20
8154.687927 3.263707e-17 1e-20
8155.938352 3.996925e-17 1e-20
8157.188778 4.504731e-17 1e-20
8158.439204 4.498433e-17 1e-20
8159.68963 4.511175e-17 1e-20
8160.940055 3.98467e-17 1e-20
8162.190481 3.265361e-17 1e-20
8163.440907 3.771431e-17 1e-20
8164.691333 3.665193e-17 1e-20
8165.941758 3.632697e-17 1e-20
8167.192184 4.134761e-17 1e-20
8168.44261 4.031795e-17 1e-20
8169.693036 3.284314e-17 1e-20
8170.943461 3.809205e-17 1e-20
8172.193887 4.891463e-17 1e-20
8173.444313 4.525153e-17 1e-20
8174.694739 3.752245e-17 1e-20
8175.945164 3.890004e-17 1e-20
8177.19559 3.872539e-17 1e-20
8178.446016 3.88546e-17 1e-20
8179.696442 3.957869e-17 1e-20
8180.946867 4.41378e-17 1e-20
8182.197293 4.288025e-17 1e-20
8183.447719 4.447826e-17 1e-20
8184.698145 4.783059e-17 1e-20
8185.94857 4.392132e-17 1e-20
8187.198996 4.529054e-17 1e-20
8188.449422 4.065395e-17 1e-20
8189.699848 4.247425e-17 1e-20
8190.950273 4.496137e-17 1e-20
8192.200699 4.385376e-17 1e-20
8193.451125 4.083155e-17 1e-20
8194.701551 4.352279e-17 1e-20
8195.951976 4.902137e-17 1e-20
8197.202402 4.636854e-17 1e-20
8198.452828 4.354171e-17 1e-20
8199.703254 4.196496e-17 1e-20
8200.953679 4.339396e-17 1e-20
8202.204105 4.087615e-17 1e-20
8203.454531 4.666792e-17 1e-20
8204.704957 4.763826e-17 1e-20
8205.955382 4.97916e-17 1e-20
8207.205808 4.920611e-17 1e-20
8208.456234 4.788797e-17 1e-20
8209.70666 4.380975e-17 1e-20
8210.957085 4.629271e-17 1e-20
8212.207511 4.075414e-17 1e-20
8213.457937 4.7183e-17 1e-20
8214.708363 4.78316e-17 1e-20
8215.958788 4.789053e-17 1e-20
8217.209214 4.451668e-17 1e-20
8218.45964 4.805105e-17 1e-20
8219.710066 4.830855e-17 1e-20
8220.960491 4.805915e-17 1e-20
8222.210917 5.323406e-17 1e-20
8223.461343 4.41955e-17 1e-20
8224.711769 4.31301e-17 1e-20
8225.962194 4.59105e-17 1e-20
8227.21262 4.497644e-17 1e-20
8228.463046 4.041765e-17 1e-20
8229.713472 4.201899e-17 1e-20
8230.963897 4.460183e-17 1e-20
8232.214323 4.569329e-17 1e-20
8233.464749 4.779102e-17 1e-20
8234.715175 4.403922e-17 1e-20
8235.9656 4.471679e-17 1e-20
8237.216026 4.818329e-17 1e-20
8238.466452 5.014937e-17 1e-20
8239.716878 5.161633e-17 1e-20
8240.967303 4.828837e-17 1e-20
8242.217729 4.866785e-17 1e-20
8243.468155 4.643263e-17 1e-20
8244.718581 4.840539e-17 1e-20
8245.969006 4.801707e-17 1e-20
8247.219432 4.934622e-17 1e-20
8248.469858 5.217195e-17 1e-20
8249.720284 5.197289e-17 1e-20
8250.970709 5.116931e-17 1e-20
8252.221135 4.754545e-17 1e-20
8253.471561 4.975425e-17 1e-20
8254.721987 5.026703e-17 1e-20
8255.972412 4.75921e-17 1e-20
8257.222838 4.624533e-17 1e-20
8258.473264 4.918263e-17 1e-20
8259.72369 4.965702e-17 1e-20
8260.974115 4.97911e-17 1e-20
8262.224541 5.350061e-17 1e-20
8263.474967 4.789661e-17 1e-20
8264.725393 5.046389e-17 1e-20
8265.975818 5.173299e-17 1e-20
8267.226244 5.629023e-17 1e-20
8268.47667 5.132059e-17 1e-20
8269.727096 5.543679e-17 1e-20
8270.977521 4.944915e-17 1e-20
8272.227947 4.941051e-17 1e-20
8273.478373 4.929571e-17 1e-20
8274.728799 4.864124e-17 1e-20
8275.979224 4.914787e-17 1e-20
8277.22965 5.069518e-17 1e-20
8278.480076 5.060398e-17 1e-20
8279.730502 5.006652e-17 1e-20
8280.980927 5.023609e-17 1e-20
8282.231353 4.771152e-17 1e-20
8283.481779 4.688529e-17 1e-20
8284.732205 4.837617e-17 1e-20
8285.98263 5.011083e-17 1e-20
8287.233056 5.168033e-17 1e-20
8288.483482 4.959003e-17 1e-20
8289.733908 4.92562e-17 1e-20
8290.984333 5.503155e-17 1e-20
8292.234759 5.223344e-17 1e-20
8293.485185 5.049761e-17 1e-20
8294.735611 4.908498e-17 1e-20
8295.986036 4.855976e-17 1e-20
8297.236462 5.084818e-17 1e-20
8298.486888 5.960621e-17 1e-20
8299.737314 5.511939e-17 1e-20
8300.987739 5.222046e-17 1e-20
8302.238165 5.264966e-17 1e-20
8303.488591 5.459707e-17 1e-20
8304.739017 5.203768e-17 1e-20
8305.989442 4.886326e-17 1e-20
8307.239868 4.929405e-17 1e-20
8308.490294 5.551148e-17 1e-20
8309.74072 5.862533e-17 1e-20
8310.991145 5.331986e-17 1e-20
8312.241571 5.259064e-17 1e-20
8313.491997 5.371007e-17 1e-20
8314.742423 5.247272e-17 1e-20
8315.992848 5.544951e-17 1e-20
8317.243274 5.057927e-17 1e-20
8318.4937 5.369137e-17 1e-20
8319.744126 5.111337e-17 1e-20
8320.994551 5.043094e-17 1e-20
8322.244977 5.215842e-17 1e-20
8323.495403 5.024219e-17 1e-20
8324.745829 5.707083e-17 1e-20
8325.996254 5.456792e-17 1e-20
8327.24668 5.808287e-17 1e-20
8328.497106 5.391921e-17 1e-20
8329.747532 5.253962e-17 1e-20
8330.997957 5.368179e-17 1e-20
8332.248383 5.47222e-17 1e-20
8333.498809 5.265871e-17 1e-20
8334.749235 5.300556e-17 1e-20
8335.99966 5.532778e-17 1e-20
8337.250086 5.808802e-17 1e-20
8338.500512 5.685384e-17 1e-20
8339.750938 5.631498e-17 1e-20
8341.001363 5.65362e-17 1e-20
8342.251789 5.728981e-17 1e-20
8343.502215 5.89343e-17 1e-20
8344.752641 6.078713e-17 1e-20
8346.003066 5.774202e-17 1e-20
8347.253492 5.055454e-17 1e-20
8348.503918 5.214892e-17 1e-20
8349.754344 5.32018e-17 1e-20
8351.004769 5.558214e-17 1e-20
8352.255195 6.007575e-17 1e-20
8353.505621 5.228161e-17 1e-20
8354.756047 4.837963e-17 1e-20
8356.006472 5.244071e-17 1e-20
8357.256898 5.183156e-17 1e-20
8358.507324 5.49816e-17 1e-20
8359.75775 5.486828e-17 1e-20
8361.008175 5.746962e-17 1e-20
8362.258601 5.452207e-17 1e-20
8363.509027 5.314579e-17 1e-20
8364.759453 5.92974e-17 1e-20
8366.009878 5.909155e-17 1e-20
8367.260304 5.230305e-17 1e-20
8368.51073 5.04098e-17 1e-20
8369.761156 5.298718e-17 1e-20
8371.011581 5.439905e-17 1e-20
8372.262007 5.573487e-17 1e-20
8373.512433 5.58875e-17 1e-20
8374.762859 5.634102e-17 1e-20
8376.013284 5.645453e-17 1e-20
8377.26371 5.391577e-17 1e-20
8378.514136 5.582304e-17 1e-20
8379.764562 5.544961e-17 1e-20
8381.014987 5.637609e-17 1e-20
8382.265413 6.026356e-17 1e-20
8383.515839 5.722258e-17 1e-20
8384.766265 5.135647e-17 1e-20
8386.01669 5.40923e-17 1e-20
8387.267116 5.176664e-17 1e-20
8388.517542 5.489981e-17 1e-20
8389.767968 5.707322e-17 1e-20
8391.018393 6.201636e-17 1e-20
8392.268819 5.616106e-17 1e-20
8393.519245 5.665837e-17 1e-20
8394.769671 5.320659e-17 1e-20
8396.020096 5.438449e-17 1e-20
8397.270522 5.941831e-17 1e-20
8398.520948 5.859241e-17 1e-20
8399.771374 6.13618e-17 1e-20
8401.021799 6.095133e-17 1e-20
8402.272225 5.342767e-17 1e-20
8403.522651 5.397747e-17 1e-20
8404.773077 5.57659e-17 1e-20
8406.023502 5.4804e-17 1e-20
8407.273928 5.39445e-17 1e-20
8408.524354 5.565444e-17 1e-20
8409.77478 5.839825e-17 1e-20
8411.025205 5.295861e-17 1e-20
8412.275631 5.756923e-17 1e-20
8413.526057 5.983377e-17 1e-20
8414.776483 5.752395e-17 1e-20
8416.026908 4.956323e-17 1e-20
8417.277334 5.288928e-17 1e-20
8418.52776 6.083502e-17 1e-20
8419.778186 5.372279e-17 1e-20
8421.028611 5.95915e-17 1e-20
8422.279037 5.52953e-17 1e-20
8423.529463 5.650438e-17 1e-20
8424.779889 5.597804e-17 1e-20
8426.030314 5.551813e-17 1e-20
8427.28074 5.658675e-17 1e-20
8428.531166 6.036333e-17 1e-20
8429.781592 5.396905e-17 1e-20
8431.032017 5.661693e-17 1e-20
8432.282443 6.555644e-17 1e-20
8433.532869 5.70969e-17 1e-20
8434.783295 5.451836e-17 1e-20
8436.03372 5.564594e-17 1e-20
8437.284146 5.733352e-17 1e-20
8438.534572 5.793612e-17 1e-20
8439.784998 5.920499e-17 1e-20
8441.035423 5.637813e-17 1e-20
8442.285849 5.700713e-17 1e-20
8443.536275 5.46382e-17 1e-20
8444.786701 6.058434e-17 1e-20
8446.037126 5.69794e-17 1e-20
8447.287552 6.138565e-17 1e-20
8448.537978 5.866307e-17 1e-20
8449.788404 5.744043e-17 1e-20
8451.038829 6.086351e-17 1e-20
8452.289255 6.060926e-17 1e-20
8453.539681 5.705633e-17 1e-20
8454.790107 5.578977e-17 1e-20
8456.040532 5.657851e-17 1e-20
8457.290958 5.60291e-17 1e-20
8458.541384 5.558614e-17 1e-20
8459.79181 5.565332e-17 1e-20
8461.042235 5.444723e-17 1e-20
8462.292661 5.521703e-17 1e-20
8463.543087 5.60417e-17 1e-20
8464.793513 5.497007e-17 1e-20
8466.043938 5.810862e-17 1e-20
8467.294364 6.094822e-17 1e-20
8468.54479 5.472846e-17 1e-20
8469.795216 5.869179e-17 1e-20
8471.045641 5.727923e-17 1e-20
8472.296067 5.468463e-17 1e-20
8473.546493 5.297333e-17 1e-20
8474.796919 5.89126e-17 1e-20
8476.047344 5.642861e-17 1e-20
8477.29777 5.961234e-17 1e-20
8478.548196 5.812027e-17 1e-20
8479.798622 5.73588e-17 1e-20
8481.049047 5.559684e-17 1e-20
8482.299473 5.492869e-17 1e-20
8483.549899 5.705266e-17 1e-20
8484.800325 5.426902e-17 1e-20
8486.05075 5.586132e-17 1e-20
8487.301176 5.338522e-17 1e-20
8488.551602 5.732008e-17 1e-20
8489.802028 5.28491e-17 1e-20
8491.052453 5.513923e-17 1e-20
8492.302879 5.888834e-17 1e-20
8493.553305 5.389255e-17 1e-20
8494.803731 5.717398e-17 1e-20
8496.054156 5.780271e-17 1e-20
8497.304582 5.428065e-17 1e-20
8498.555008 5.705092e-17 1e-20
8499.805434 5.444743e-17 1e-20
8501.055859 5.346647e-17 1e-20
8502.306285 5.832107e-17 1e-20
8503.556711 5.722129e-17 1e-20
8504.807137 5.339028e-17 1e-20
8506.057562 5.117882e-17 1e-20
8507.307988 5.662891e-17 1e-20
8508.558414 5.867746e-17 1e-20
8509.80884 5.463492e-17 1e-20
8511.059265 5.555905e-17 1e-20
8512.309691 5.134397e-17 1e-20
8513.560117 5.263928e-17 1e-20
8514.810543 5.71746e-17 1e-20
8516.060968 5.645233e-17 1e-20
8517.311394 5.861311e-17 1e-20
8518.56182 5.569173e-17 1e-20
8519.812246 5.342407e-17 1e-20
8521.062671 5.348508e-17 1e-20
8522.313097 5.228117e-17 1e-20
8523.563523 5.671204e-17 1e-20
8524.813949 5.470767e-17 1e-20
8526.064374 5.406561e-17 1e-20
8527.3148 5.512602e-17 1e-20
8528.565226 5.581659e-17 1e-20
8529.815652 5.793767e-17 1e-20
8531.066077 5.238806e-17 1e-20
8532.316503 5.45846e-17 1e-20
8533.566929 5.448656e-17 1e-20
8534.817355 4.993604e-17 1e-20
8536.06778 5.509679e-17 1e-20
8537.318206 5.819062e-17 1e-20
8538.568632 5.187018e-17 1e-20
8539.819058 5.270738e-17 1e-20
8541.069483 5.477548e-17 1e-20
8542.319909 5.5345e-17 1e-20
8543.570335 5.518441e-17 1e-20
8544.820761 5.452616e-17 1e-20
8546.071186 5.180382e-17 1e-20
8547.321612 5.443458e-17 1e-20
8548.572038 5.873946e-17 1e-20
8549.822464 5.591342e-17 1e-20
8551.072889 5.107088e-17 1e-20
8552.323315 5.22551e-17 1e-20
8553.573741 4.944863e-17 1e-20
8554.824167 5.357317e-17 1e-20
8556.074592 5.391016e-17 1e-20
8557.325018 5.370906e-17 1e-20
8558.575444 5.033421e-17 1e-20
8559.82587 5.07752e-17 1e-20
8561.076295 5.162184e-17 1e-20
8562.326721 5.248326e-17 1e-20
8563.577147 4.951728e-17 1e-20
8564.827573 5.096291e-17 1e-20
8566.077998 5.186432e-17 1e-20
8567.328424 4.961594e-17 1e-20
8568.57885 5.255774e-17 1e-20
8569.829276 5.487049e-17 1e-20
8571.079701 5.398373e-17 1e-20
8572.330127 5.20564e-17 1e-20
8573.580553 4.923454e-17 1e-20
8574.830979 5.149269e-17 1e-20
8576.081404 5.077644e-17 1e-20
8577.33183 5.380758e-17 1e-20
8578.582256 5.398455e-17 1e-20
8579.832682 5.135362e-17 1e-20
8581.083107 4.896912e-17 1e-20
8582.333533 4.697787e-17 1e-20
8583.583959 4.951353e-17 1e-20
8584.834385 4.571203e-17 1e-20
8586.08481 4.924271e-17 1e-20
8587.335236 4.932811e-17 1e-20
8588.585662 5.050806e-17 1e-20
8589.836088 4.818014e-17 1e-20
8591.086513 5.02583e-17 1e-20
8592.336939 5.137283e-17 1e-20
8593.587365 4.834123e-17 1e-20
8594.837791 5.391651e-17 1e-20
8596.088216 5.022086e-17 1e-20
8597.338642 5.373291e-17 1e-20
8598.589068 5.064443e-17 1e-20
8599.839494 5.06051e-17 1e-20
8601.089919 4.920575e-17 1e-20
8602.340345 5.189451e-17 1e-20
8603.590771 5.234273e-17 1e-20
8604.841197 5.082854e-17 1e-20
8606.091622 4.768207e-17 1e-20
8607.342048 5.062215e-17 1e-20
8608.592474 4.887235e-17 1e-20
8609.8429 5.11412e-17 1e-20
8611.093325 5.017092e-17 1e-20
8612.343751 5.456297e-17 1e-20
8613.594177 5.054719e-17 1e-20
8614.844603 5.111234e-17 1e-20
8616.095028 4.639409e-17 1e-20
8617.345454 5.245981e-17 1e-20
8618.59588 5.016625e-17 1e-20
8619.846306 5.102684e-17 1e-20
8621.096731 4.808095e-17 1e-20
8622.347157 5.252856e-17 1e-20
8623.597583 5.109077e-17 1e-20
8624.848009 5.29177e-17 1e-20
8626.098434 4.87189e-17 1e-20
8627.34886 4.853712e-17 1e-20
8628.599286 4.870315e-17 1e-20
8629.849712 4.912376e-17 1e-20
8631.100137 4.572947e-17 1e-20
8632.350563 4.74856e-17 1e-20
8633.600989 4.877632e-17 1e-20
8634.851415 4.889111e-17 1e-20
8636.10184 4.736145e-17 1e-20
8637.352266 4.824189e-17 1e-20
8638.602692 4.745555e-17 1e-20
8639.853118 4.752627e-17 1e-20
8641.103543 4.719976e-17 1e-20
8642.353969 4.739491e-17 1e-20
8643.604395 5.022028e-17 1e-20
8644.854821 4.729101e-17 1e-20
8646.105246 4.998965e-17 1e-20
8647.355672 4.648094e-17 1e-20
8648.606098 4.602765e-17 1e-20
8649.856524 4.578145e-17 1e-20
8651.106949 5.125455e-17 1e-20
8652.357375 5.051065e-17 1e-20
8653.607801 4.856039e-17 1e-20
8654.858227 4.922991e-17 1e-20
8656.108652 4.95843e-17 1e-20
8657.359078 5.229955e-17 1e-20
8658.609504 4.933284e-17 1e-20
8659.85993 4.990897e-17 1e-20
8661.110355 5.117598e-17 1e-20
8662.360781 4.776697e-17 1e-20
8663.611207 4.428108e-17 1e-20
8664.861633 4.481686e-17 1e-20
8666.112058 4.783021e-17 1e-20
8667.362484 4.920332e-17 1e-20
8668.61291 4.725982e-17 1e-20
8669.863336 4.562392e-17 1e-20
8671.113761 4.454602e-17 1e-20
8672.364187 4.529508e-17 1e-20
8673.614613 4.807767e-17 1e-20
8674.865039 4.72144e-17 1e-20
8676.115464 4.703347e-17 1e-20
8677.36589 4.424086e-17 1e-20
8678.616316 4.585697e-17 1e-20
8679.866742 4.800783e-17 1e-20
8681.117167 4.440285e-17 1e-20
8682.367593 4.828965e-17 1e-20
8683.618019 5.086939e-17 1e-20
8684.868445 4.51813e-17 1e-20
8686.11887 4.66222e-17 1e-20
8687.369296 4.773012e-17 1e-20
8688.619722 4.850121e-17 1e-20
8689.870148 4.801112e-17 1e-20
8691.120573 4.61011e-17 1e-20
8692.370999 4.626357e-17 1e-20
8693.621425 4.52503e-17 1e-20
8694.871851 4.660501e-17 1e-20
8696.122276 4.723045e-17 1e-20
8697.372702 4.67252e-17 1e-20
8698.623128 4.934566e-17 1e-20
8699.873554 4.769101e-17 1e-20
8701.123979 4.777222e-17 1e-20
8702.374405 4.514727e-17 1e-20
8703.624831 4.822815e-17 1e-20
8704.875257 4.980737e-17 1e-20
8706.125682 4.365693e-17 1e-20
8707.376108 4.57583e-17 1e-20
8708.626534 4.697816e-17 1e-20
8709.87696 4.823202e-17 1e-20
8711.127385 4.57073e-17 1e-20
8712.377811 4.971616e-17 1e-20
8713.628237 4.689468e-17 1e-20
8714.878663 4.955041e-17 1e-20
8716.129088 4.53268e-17 1e-20
8717.379514 4.833757e-17 1e-20
8718.62994 4.377552e-17 1e-20
8719.880366 4.417322e-17 1e-20
8721.130791 4.590006e-17 1e-20
8722.381217 4.501257e-17 1e-20
8723.631643 4.673894e-17 1e-20
8724.882069 4.165252e-17 1e-20
8726.132494 4.660274e-17 1e-20
8727.38292 4.418982e-17 1e-20
8728.633346 4.325268e-17 1e-20
8729.883772 4.656241e-17 1e-20
8731.134197 4.594408e-17 1e-20
8732.384623 4.831911e-17 1e-20
8733.635049 4.476019e-17 1e-20
8734.885475 4.482807e-17 1e-20
8736.1359 4.573336e-17 1e-20
8737.386326 4.228858e-17 1e-20
8738.636752 4.481915e-17 1e-20
8739.887178 4.763079e-17 1e-20
8741.137603 4.504715e-17 1e-20
8742.388029 4.671473e-17 1e-20
8743.638455 4.449017e-17 1e-20
8744.888881 4.442764e-17 1e-20
8746.139306 4.491028e-17 1e-20
8747.389732 4.513222e-17 1e-20
8748.640158 4.442789e-17 1e-20
8749.890584 4.890027e-17 1e-20
8751.141009 4.197644e-17 1e-20
8752.391435 4.324206e-17 1e-20
8753.641861 4.546125e-17 1e-20
8754.892287 4.338234e-17 1e-20
8756.142712 4.414261e-17 1e-20
8757.393138 4.292599e-17 1e-20
8758.643564 3.971704e-17 1e-20
8759.89399 4.119024e-17 1e-20
8761.144415 3.50898e-17 1e-20
8762.394841 4.473566e-17 1e-20
8763.645267 4.90642e-17 1e-20
8764.895693 4.391146e-17 1e-20
8766.146118 4.024431e-17 1e-20
8767.396544 3.549068e-17 1e-20
8768.64697 3.964367e-17 1e-20
8769.897396 4.951156e-17 1e-20
8771.147821 4.752561e-17 1e-20
8772.398247 4.275922e-17 1e-20
8773.648673 4.363528e-17 1e-20
8774.899099 4.050496e-17 1e-20
8776.149524 3.398695e-17 1e-20
8777.39995 3.961566e-17 1e-20
8778.650376 4.463108e-17 1e-20
8779.900802 4.75158e-17 1e-20
8781.151227 5.440658e-17 1e-20
8782.401653 4.608389e-17 1e-20
8783.652079 4.509675e-17 1e-20
8784.902505 4.061015e-17 1e-20
8786.15293 4.0998e-17 1e-20
8787.403356 4.310482e-17 1e-20
8788.653782 4.436023e-17 1e-20
8789.904208 3.6351e-17 1e-20
8791.154633 3.585826e-17 1e-20
8792.405059 4.284557e-17 1e-20
8793.655485 4.497053e-17 1e-20
8794.905911 4.251678e-17 1e-20
8796.156336 4.330458e-17 1e-20
8797.406762 4.238411e-17 1e-20
8798.657188 4.108042e-17 1e-20
8799.907614 4.129271e-17 1e-20
8801.158039 4.168642e-17 1e-20
8802.408465 4.459458e-17 1e-20
8803.658891 4.494943e-17 1e-20
8804.909317 3.99939e-17 1e-20
8806.159742 4.349968e-17 1e-20
8807.410168 4.09795e-17 1e-20
8808.660594 3.982736e-17 1e-20
8809.91102 3.902825e-17 1e-20
8811.161445 4.457549e-17 1e-20
8812.411871 4.318956e-17 1e-20
8813.662297 4.018625e-17 1e-20
8814.912723 4.061123e-17 1e-20
8816.163148 4.212078e-17 1e-20
8817.413574 4.079483e-17 1e-20
8818.664 4.36659e-17 1e-20
8819.914426 4.27754e-17 1e-20
8821.164851 4.205712e-17 1e-20
8822.415277 3.999153e-17 1e-20
8823.665703 4.089835e-17 1e-20
8824.916129 3.901465e-17 1e-20
8826.166554 3.009544e-17 1e-20
8827.41698 2.750347e-17 1e-20
8828.667406 5.853238e-17 1e-20
8829.917832 5.479396e-17 1e-20
8831.168257 4.343602e-17 1e-20
8832.418683 3.713487e-17 1e-20
8833.669109 4.052272e-17 1e-20
8834.919535 3.754875e-17 1e-20
8836.16996 2.676884e-17 1e-20
8837.420386 5.094872e-17 1e-20
8838.670812 5.551172e-17 1e-20
8839.921238 4.432372e-17 1e-20
8841.171663 3.441936e-17 1e-20
8842.422089 4.20237e-17 1e-20
8843.672515 4.28697e-17 1e-20
8844.922941 4.138085e-17 1e-20
8846.173366 3.78395e-17 1e-20
8847.423792 3.681813e-17 1e-20
8848.674218 3.890462e-17 1e-20
8849.924644 3.44455e-17 1e-20
8851.175069 4.399207e-17 1e-20
8852.425495 4.000135e-17 1e-20
8853.675921 4.201272e-17 1e-20
8854.926347 4.137919e-17 1e-20
8856.176772 4.187262e-17 1e-20
8857.427198 4.415147e-17 1e-20
8858.677624 4.04929e-17 1e-20
8859.92805 3.77418e-17 1e-20
8861.178475 4.470809e-17 1e-20
8862.428901 4.05782e-17 1e-20
8863.679327 4.115628e-17 1e-20
8864.929753 4.135741e-17 1e-20
8866.180178 3.479022e-17 1e-20
8867.430604 3.34325e-17 1e-20
8868.68103 4.123363e-17 1e-20
8869.931456 5.133928e-17 1e-20
8871.181881 4.186529e-17 1e-20
8872.432307 4.331994e-17 1e-20
8873.682733 3.936723e-17 1e-20
8874.933159 3.996034e-17 1e-20
8876.183584 4.334767e-17 1e-20
8877.43401 4.133028e-17 1e-20
8878.684436 4.495217e-17 1e-20
8879.934862 4.445251e-17 1e-20
8881.185287 3.968739e-17 1e-20
8882.435713 3.95458e-17 1e-20
8883.686139 3.36735e-17 1e-20
8884.936565 2.526235e-17 1e-20
8886.18699 3.665486e-17 1e-20
8887.437416 5.049149e-17 1e-20
8888.687842 4.090948e-17 1e-20
8889.938268 3.770386e-17 1e-20
8891.188693 4.164382e-17 1e-20
8892.439119 4.002481e-17 1e-20
8893.689545 3.992093e-17 1e-20
8894.939971 3.609647e-17 1e-20
8896.190396 3.796476e-17 1e-20
8897.440822 4.084373e-17 1e-20
8898.691248 4.300934e-17 1e-20
8899.941674 4.379843e-17 1e-20
8901.192099 3.932276e-17 1e-20
8902.442525 3.082786e-17 1e-20
8903.692951 3.858074e-17 1e-20
8904.943377 4.734648e-17 1e-20
8906.193802 3.777498e-17 1e-20
8907.444228 3.574004e-17 1e-20
8908.694654 3.768294e-17 1e-20
8909.94508 4.114021e-17 1e-20
8911.195505 4.189089e-17 1e-20
8912.445931 3.962703e-17 1e-20
8913.696357 3.854165e-17 1e-20
8914.946783 4.57986e-17 1e-20
8916.197208 4.243118e-17 1e-20
8917.447634 3.535912e-17 1e-20
8918.69806 1.252444e-17 1e-20
8919.948486 3.903188e-17 1e-20
8921.198911 7.490176e-17 1e-20
8922.449337 5.504576e-17 1e-20
8923.699763 4.450711e-17 1e-20
8924.950189 4.313456e-17 1e-20
8926.200614 4.689546e-17 1e-20
8927.45104 4.246727e-17 1e-20
8928.701466 3.961995e-17 1e-20
8929.951892 3.56293e-17 1e-20
8931.202317 3.765299e-17 1e-20
8932.452743 3.669194e-17 1e-20
8933.703169 3.406783e-17 1e-20
8934.953595 3.95468e-17 1e-20
8936.20402 3.944427e-17 1e-20
8937.454446 3.848707e-17 1e-20
8938.704872 4.222107e-17 1e-20
8939.955298 4.042187e-17 1e-20
8941.205723 4.08237e-17 1e-20
8942.456149 3.327225e-17 1e-20
8943.706575 3.381624e-17 1e-20
8944.957001 4.625653e-17 1e-20
8946.207426 4.139245e-17 1e-20
8947.457852 3.809653e-17 1e-20
8948.708278 4.345268e-17 1e-20
8949.958704 3.734701e-17 1e-20
8951.209129 3.735599e-17 1e-20
8952.459555 4.024049e-17 1e-20
8953.709981 3.897334e-17 1e-20
8954.960407 3.817043e-17 1e-20
8956.210832 2.628207e-17 1e-20
8957.461258 1.870706e-17 1e-20
8958.711684 4.726377e-17 1e-20
8959.96211 6.139334e-17 1e-20
8961.212535 4.090998e-17 1e-20
8962.462961 4.055704e-17 1e-20
8963.713387 3.589615e-17 1e-20
8964.963813 3.568001e-17 1e-20
8966.214238 3.597986e-17 1e-20
8967.464664 3.62526e-17 1e-20
8968.71509 3.702152e-17 1e-20
8969.965516 4.034996e-17 1e-20
8971.215941 3.477913e-17 1e-20
8972.466367 3.499649e-17 1e-20
8973.716793 3.433643e-17 1e-20
8974.967219 3.654345e-17 1e-20
8976.217644 3.191721e-17 1e-20
8977.46807 3.795938e-17 1e-20
8978.718496 3.853795e-17 1e-20
8979.968922 4.0216e-17 1e-20
8981.219347 4.138135e-17 1e-20
8982.469773 3.880325e-17 1e-20
8983.720199 4.180891e-17 1e-20
8984.970625 3.725305e-17 1e-20
8986.22105 4.204444e-17 1e-20
8987.471476 3.184311e-17 1e-20
8988.721902 2.786173e-17 1e-20
8989.972328 3.259636e-17 1e-20
8991.222753 3.468936e-17 1e-20
8992.473179 3.498226e-17 1e-20
8993.723605 3.489812e-17 1e-20
8994.974031 3.826279e-17 1e-20
8996.224456 3.987644e-17 1e-20
8997.474882 4.181129e-17 1e-20
8998.725308 4.318782e-17 1e-20
8999.975734 3.136301e-17 1e-20
9001.226159 2.151392e-17 1e-20
9002.476585 3.411016e-17 1e-20
9003.727011 4.946063e-17 1e-20
9004.977437 3.262115e-17 1e-20
9006.227862 3.252784e-17 1e-20
9007.478288 3.561742e-17 1e-20
9008.728714 3.312996e-17 1e-20
9009.97914 3.678296e-17 1e-20
9011.229565 4.170401e-17 1e-20
9012.479991 3.444558e-17 1e-20
9013.730417 3.776014e-17 1e-20
9014.980843 3.837142e-17 1e-20
9016.231268 3.537196e-17 1e-20
9017.481694 3.536841e-17 1e-20
9018.73212 3.165598e-17 1e-20
9019.982546 3.449772e-17 1e-20
9021.232971 3.767006e-17 1e-20
9022.483397 3.624438e-17 1e-20
9023.733823 3.418973e-17 1e-20
9024.984249 3.757308e-17 1e-20
9026.234674 3.493655e-17 1e-20
9027.4851 3.272352e-17 1e-20
9028.735526 4.229152e-17 1e-20
9029.985952 4.065434e-17 1e-20
9031.236377 4.061444e-17 1e-20
9032.486803 3.407457e-17 1e-20
9033.737229 3.657012e-17 1e-20
9034.987655 3.982404e-17 1e-20
9036.23808 3.982474e-17 1e-20
9037.488506 4.071747e-17 1e-20
9038.738932 4.713309e-17 1e-20
9039.989358 4.603605e-17 1e-20
9041.239783 3.511231e-17 1e-20
9042.490209 3.809502e-17 1e-20
9043.740635 3.619134e-17 1e-20
9044.991061 3.703521e-17 1e-20
9046.241486 4.028719e-17 1e-20
9047.491912 4.180179e-17 1e-20
9048.742338 3.455964e-17 1e-20
9049.992764 3.169729e-17 1e-20
9051.243189 3.996041e-17 1e-20
9052.493615 3.560561e-17 1e-20
9053.744041 3.320337e-17 1e-20
9054.994467 2.951804e-17 1e-20
9056.244892 3.580443e-17 1e-20
9057.495318 3.858402e-17 1e-20
9058.745744 3.683523e-17 1e-20
9059.99617 3.782635e-17 1e-20
9061.246595 2.912716e-17 1e-20
9062.497021 3.086237e-17 1e-20
9063.747447 2.745506e-17 1e-20
9064.997873 3.013265e-17 1e-20
9066.248298 3.356953e-17 1e-20
9067.498724 3.640975e-17 1e-20
9068.74915 3.50459e-17 1e-20
9069.999576 2.798571e-17 1e-20
9071.250001 3.182353e-17 1e-20
9072.500427 3.433562e-17 1e-20
9073.750853 3.723182e-17 1e-20
9075.001279 2.852536e-17 1e-20
9076.251704 4.040719e-17 1e-20
9077.50213 3.727685e-17 1e-20
9078.752556 3.787064e-17 1e-20
9080.002982 3.868702e-17 1e-20
9081.253407 2.934188e-17 1e-20
9082.503833 2.900158e-17 1e-20
9083.754259 3.409102e-17 1e-20
9085.004685 3.915994e-17 1e-20
9086.25511 3.86858e-17 1e-20
9087.505536 3.370576e-17 1e-20
9088.755962 3.769457e-17 1e-20
9090.006388 3.926305e-17 1e-20
9091.256813 3.101417e-17 1e-20
9092.507239 3.273324e-17 1e-20
9093.757665 3.442657e-17 1e-20
9095.008091 3.368227e-17 1e-20
9096.258516 3.384805e-17 1e-20
9097.508942 3.490657e-17 1e-20
9098.759368 3.772347e-17 1e-20
9100.009794 3.217975e-17 1e-20
9101.260219 2.77313e-17 1e-20
9102.510645 3.089118e-17 1e-20
9103.761071 4.066229e-17 1e-20
9105.011497 3.4203e-17 1e-20
9106.261922 2.528382e-17 1e-20
9107.512348 2.848396e-17 1e-20
9108.762774 2.636651e-17 1e-20
9110.0132 3.026885e-17 1e-20
9111.263625 3.568103e-17 1e-20
9112.514051 3.589144e-17 1e-20
9113.764477 3.551947e-17 1e-20
9115.014903 3.080681e-17 1e-20
9116.265328 3.012186e-17 1e-20
9117.515754 3.326216e-17 1e-20
9118.76618 2.81505e-17 1e-20
9120.016606 2.700364e-17 1e-20
9121.267031 2.799322e-17 1e-20
9122.517457 3.097495e-17 1e-20
9123.767883 3.542307e-17 1e-20
9125.018309 3.408998e-17 1e-20
9126.268734 3.215877e-17 1e-20
9127.51916 3.691752e-17 1e-20
9128.769586 3.565545e-17 1e-20
9130.020012 2.997282e-17 1e-20
9131.270437 2.825584e-17 1e-20
9132.520863 3.082548e-17 1e-20
9133.771289 3.036642e-17 1e-20
9135.021715 3.386099e-17 1e-20
9136.27214 3.156204e-17 1e-20
9137.522566 3.023085e-17 1e-20
9138.772992 2.830542e-17 1e-20
9140.023418 3.381705e-17 1e-20
9141.273843 3.545116e-17 1e-20
9142.524269 3.110588e-17 1e-20
9143.774695 3.686701e-17 1e-20
9145.025121 3.220042e-17 1e-20
9146.275546 3.290816e-17 1e-20
9147.525972 3.408953e-17 1e-20
9148.776398 3.019565e-17 1e-20
9150.026824 3.806358e-17 1e-20
9151.277249 2.980449e-17 1e-20
9152.527675 2.636189e-17 1e-20
9153.778101 2.322392e-17 1e-20
9155.028527 2.564911e-17 1e-20
9156.278952 2.25626e-17 1e-20
9157.529378 2.597759e-17 1e-20
9158.779804 2.818256e-17 1e-20
9160.03023 2.784322e-17 1e-20
9161.280655 3.005007e-17 1e-20
9162.531081 2.74251e-17 1e-20
9163.781507 2.941304e-17 1e-20
9165.031933 3.102861e-17 1e-20
9166.282358 3.447216e-17 1e-20
9167.532784 3.540175e-17 1e-20
9168.78321 2.751319e-17 1e-20
9170.033636 2.981596e-17 1e-20
9171.284061 3.755734e-17 1e-20
9172.534487 3.620032e-17 1e-20
9173.784913 3.40841e-17 1e-20
9175.035339 2.800195e-17 1e-20
9176.285764 2.824311e-17 1e-20
9177.53619 3.369414e-17 1e-20
9178.786616 3.376468e-17 1e-20
9180.037042 3.649034e-17 1e-20
9181.287467 3.663654e-17 1e-20
9182.537893 3.761973e-17 1e-20
9183.788319 3.805012e-17 1e-20
9185.038745 2.765568e-17 1e-20
9186.28917 3.066984e-17 1e-20
9187.539596 3.239057e-17 1e-20
9188.790022 3.207504e-17 1e-20
9190.040448 3.522106e-17 1e-20
9191.290873 3.701017e-17 1e-20
9192.541299 3.346375e-17 1e-20
9193.791725 3.218003e-17 1e-20
9195.042151 2.750584e-17 1e-20
9196.292576 2.784147e-17 1e-20
9197.543002 2.771319e-17 1e-20
9198.793428 2.957205e-17 1e-20
9200.043854 2.802592e-17 1e-20
9201.294279 3.45585e-17 1e-20
9202.544705 3.52301e-17 1e-20
9203.795131 3.139826e-17 1e-20
9205.045557 3.105142e-17 1e-20
9206.295982 3.083631e-17 1e-20
9207.546408 3.220214e-17 1e-20
9208.796834 2.698399e-17 1e-20
9210.04726 3.065105e-17 1e-20
9211.297685 3.568933e-17 1e-20
9212.548111 2.760576e-17 1e-20
9213.798537 2.913964e-17 1e-20
9215.048963 3.006158e-17 1e-20
9216.299388 2.85849e-17 1e-20
9217.549814 3.06468e-17 1e-20
9218.80024 3.139602e-17 1e-20
9220.050666 3.297118e-17 1e-20
9221.301091 3.428349e-17 1e-20
9222.551517 3.359505e-17 1e-20
9223.801943 3.375179e-17 1e-20
9225.052369 3.612099e-17 1e-20
9226.302794 3.299241e-17 1e-20
9227.55322 3.375201e-17 1e-20
9228.803646 3.581924e-17 1e-20
9230.054072 2.672337e-17 1e-20
9231.304497 3.28896e-17 1e-20
9232.554923 3.514337e-17 1e-20
9233.805349 2.714116e-17 1e-20
9235.055775 2.920642e-17 1e-20
9236.3062 3.017311e-17 1e-20
9237.556626 3.189385e-17 1e-20
9238.807052 3.050134e-17 1e-20
9240.057478 3.078912e-17 1e-20
9241.307903 2.990777e-17 1e-20
9242.558329 3.00418e-17 1e-20
9243.808755 2.957988e-17 1e-20
9245.05918 2.315625e-17 1e-20
9246.309606 2.576047e-17 1e-20
9247.560032 2.678098e-17 1e-20
9248.810458 2.818191e-17 1e-20
9250.060883 2.944938e-17 1e-20
9251.311309 2.889534e-17 1e-20
9252.561735 2.58885e-17 1e-20
9253.812161 2.675576e-17 1e-20
9255.062586 2.772633e-17 1e-20
9256.313012 2.851422e-17 1e-20
9257.563438 3.19278e-17 1e-20
9258.813864 2.781747e-17 1e-20
9260.064289 2.767261e-17 1e-20
9261.314715 2.721391e-17 1e-20
9262.565141 3.031944e-17 1e-20
9263.815567 3.503089e-17 1e-20
9265.065992 3.771323e-17 1e-20
9266.316418 3.488032e-17 1e-20
9267.566844 3.896475e-17 1e-20
9268.81727 3.68556e-17 1e-20
9270.067695 2.953049e-17 1e-20
9271.318121 3.152064e-17 1e-20
9272.568547 2.976379e-17 1e-20
9273.818973 3.057229e-17 1e-20
9275.069398 3.285739e-17 1e-20
9276.319824 3.221005e-17 1e-20
9277.57025 2.843677e-17 1e-20
9278.820676 2.726024e-17 1e-20
9280.071101 2.322962e-17 1e-20
9281.321527 2.535844e-17 1e-20
9282.571953 2.891911e-17 1e-20
9283.822379 2.89259e-17 1e-20
9285.072804 2.360566e-17 1e-20
9286.32323 2.739013e-17 1e-20
9287.573656 2.547224e-17 1e-20
9288.824082 2.220214e-17 1e-20
9290.074507 2.320713e-17 1e-20
9291.324933 2.50838e-17 1e-20
9292.575359 2.325668e-17 1e-20
9293.825785 2.848439e-17 1e-20
9295.07621 2.959854e-17 1e-20
9296.326636 2.68371e-17 1e-20
9297.577062 2.55338e-17 1e-20
9298.827488 2.986092e-17 1e-20
9300.077913 2.767539e-17 1e-20
9301.328339 2.352207e-17 1e-20
9302.578765 2.259736e-17 1e-20
9303.829191 2.168124e-17 1e-20
9305.079616 2.190494e-17 1e-20
9306.330042 2.405007e-17 1e-20
9307.580468 2.190255e-17 1e-20
9308.830894 2.607533e-17 1e-20
9310.081319 1.290407e-17 1e-20
9311.331745 1.655801e-17 1e-20
9312.582171 1.935775e-17 1e-20
9313.832597 4.11908e-17 1e-20
9315.083022 3.674578e-17 1e-20
9316.333448 1.658874e-17 1e-20
9317.583874 1.175408e-17 1e-20
9318.8343 2.223556e-17 1e-20
9320.084725 1.728388e-17 1e-20
9321.335151 2.005752e-17 1e-20
9322.585577 1.135889e-17 1e-20
9323.836003 2.059049e-17 1e-20
9325.086428 1.327226e-17 1e-20
9326.336854 1.523638e-17 1e-20
9327.58728 1.863598e-17 1e-20
9328.837706 1.950655e-17 1e-20
9330.088131 1.907812e-17 1e-20
9331.338557 2.195976e-17 1e-20
9332.588983 2.441114e-17 1e-20
9333.839409 1.354381e-17 1e-20
9335.089834 1.802457e-17 1e-20
9336.34026 2.203384e-17 1e-20
9337.590686 1.84258e-17 1e-20
9338.841112 8.009881e-18 1e-20
9340.091537 1.949666e-17 1e-20
9341.341963 2.08879e-17 1e-20
9342.592389 2.405368e-17 1e-20
9343.842815 1.763603e-17 1e-20
9345.09324 1.312919e-17 1e-20
9346.343666 2.223991e-17 1e-20
9347.594092 2.105116e-17 1e-20
9348.844518 1.69744e-17 1e-20
9350.094943 2.816285e-17 1e-20
9351.345369 2.036285e-17 1e-20
9352.595795 2.46288e-17 1e-20
9353.846221 1.484835e-17 1e-20
9355.096646 1.371493e-17 1e-20
9356.347072 1.308157e-17 1e-20
9357.597498 1.489501e-17 1e-20
9358.847924 1.609997e-17 1e-20
9360.098349 2.073276e-17 1e-20
9361.348775 1.810814e-17 1e-20
9362.599201 2.073852e-17 1e-20
9363.849627 2.141648e-17 1e-20
9365.100052 2.147837e-17 1e-20
9366.350478 1.058385e-17 1e-20
9367.600904 2.131548e-17 1e-20
9368.85133 2.029478e-17 1e-20
9370.101755 1.343654e-17 1e-20
9371.352181 1.05829e-17 1e-20
9372.602607 1.407559e-17 1e-20
9373.853033 2.147801e-17 1e-20
9375.103458 7.267587e-18 1e-20
9376.353884 2.941068e-17 1e-20
9377.60431 8.735273e-18 1e-20
9378.854736 -8.829504e-18 1e-20
9380.105161 1.167088e-17 1e-20
9381.355587 1.396592e-17 1e-20
9382.606013 1.447183e-17 1e-20
9383.856439 2.201856e-17 1e-20
9385.106864 2.317085e-17 1e-20
9386.35729 1.57817e-17 1e-20
9387.607716 1.978122e-17 1e-20
9388.858142 1.983874e-17 1e-20
9390.108567 2.136301e-17 1e-20
9391.358993 2.41621e-17 1e-20
9392.609419 1.739222e-17 1e-20
9393.859845 2.467391e-17 1e-20
9395.11027 2.1827e-17 1e-20
9396.360696 2.430439e-17 1e-20
9397.611122 1.864433e-17 1e-20
9398.861548 2.301012e-17 1e-20
9400.111973 1.784621e-17 1e-20
9401.362399 1.535336e-17 1e-20
9402.612825 2.163992e-17 1e-20
9403.863251 1.519047e-17 1e-20
9405.113676 1.764847e-17 1e-20
9406.364102 1.742052e-17 1e-20
9407.614528 2.013663e-17 1e-20
9408.864954 2.112869e-17 1e-20
9410.115379 1.077679e-17 1e-20
9411.365805 1.519849e-17 1e-20
9412.616231 2.443067e-17 1e-20
9413.866657 2.038533e-17 1e-20
9415.117082 2.283074e-17 1e-20
9416.367508 2.381163e-17 1e-20
9417.617934 2.104807e-17 1e-20
9418.86836 2.309077e-17 1e-20
9420.118785 3.537495e-17 1e-20
9421.369211 2.209943e-17 1e-20
9422.619637 1.555267e-17 1e-20
9423.870063 1.835893e-17 1e-20
9425.120488 3.052038e-17 1e-20
9426.370914 1.458936e-17 1e-20
9427.62134 1.474741e-17 1e-20
9428.871766 1.162159e-17 1e-20
9430.122191 1.736855e-17 1e-20
9431.372617 1.739845e-17 1e-20
9432.623043 2.148599e-17 1e-20
9433.873469 2.088587e-17 1e-20
9435.123894 2.152319e-17 1e-20
9436.37432 1.957974e-17 1e-20
9437.624746 2.114243e-17 1e-20
9438.875172 1.943571e-17 1e-20
9440.125597 3.017072e-17 1e-20
9441.376023 9.948503e-19 1e-20
9442.626449 -8.388675e-18 1e-20
9443.876875 1.227427e-17 1e-20
9445.1273 1.962873e-17 1e-20
9446.377726 1.800627e-17 1e-20
9447.628152 1.990247e-17 1e-20
9448.878578 1.969493e-17 1e-20
9450.129003 1.343195e-17 1e-20
9451.379429 1.267813e-17 1e-20
9452.629855 1.556823e-17 1e-20
9453.880281 1.451827e-17 1e-20
9455.130706 1.723853e-17 1e-20
9456.381132 1.24415e-18 1e-20
9457.631558 2.841641e-17 1e-20
9458.881984 3.623733e-17 1e-20
9460.132409 9.844513e-18 1e-20
9461.382835 1.19243e-17 1e-20
9462.633261 1.598015e-17 1e-20
9463.883687 1.880894e-17 1e-20
9465.134112 2.557734e-17 1e-20
9466.384538 2.577683e-17 1e-20
9467.634964 2.414224e-17 1e-20
9468.88539 1.236499e-17 1e-20
9470.135815 1.318262e-17 1e-20
9471.386241 2.150002e-17 1e-20
9472.636667 2.697797e-17 1e-20
9473.887093 1.852151e-17 1e-20
9475.137518 1.64754e-17 1e-20
9476.387944 3.946284e-17 1e-20
9477.63837 3.808643e-17 1e-20
9478.888796 8.134319e-18 1e-20
9480.139221 5.218518e-18 1e-20
9481.389647 -3.255065e-19 1e-20
9482.640073 7.580068e-18 1e-20
9483.890499 2.317629e-17 1e-20
9485.140924 2.191042e-17 1e-20
9486.39135 1.337939e-17 1e-20
9487.641776 2.216725e-17 1e-20
9488.892202 2.021414e-17 1e-20
9490.142627 2.113633e-17 1e-20
9491.393053 2.231779e-17 1e-20
9492.643479 1.391004e-17 1e-20
9493.893905 2.204479e-17 1e-20
9495.14433 1.872627e-17 1e-20
9496.394756 1.976564e-17 1e-20
9497.645182 1.5975e-17 1e-20
9498.895608 1.521988e-17 1e-20
9500.146033 1.096571e-17 1e-20
9501.396459 3.544644e-18 1e-20
9502.646885 2.321839e-17 1e-20
9503.897311 2.392308e-17 1e-20
9505.147736 1.477238e-17 1e-20
9506.398162 1.551857e-17 1e-20
9507.648588 2.079074e-17 1e-20
9508.899014 2.054299e-17 1e-20
9510.149439 2.204986e-17 1e-20
9511.399865 2.278006e-17 1e-20
9512.650291 1.833515e-17 1e-20
9513.900717 1.803993e-17 1e-20
9515.151142 2.09219e-17 1e-20
9516.401568 2.02042e-17 1e-20
9517.651994 1.152356e-17 1e-20
9518.90242 1.911474e-17 1e-20
9520.152845 1.784474e-17 1e-20
9521.403271 1.663596e-17 1e-20
9522.653697 1.397974e-17 1e-20
9523.904123 2.345062e-17 1e-20
9525.154548 1.974628e-17 1e-20
9526.404974 1.904189e-17 1e-20
9527.6554 2.068547e-17 1e-20
9528.905826 1.252778e-17 1e-20
9530.156251 2.00734e-17 1e-20
9531.406677 2.002677e-17 1e-20
9532.657103 2.280148e-17 1e-20
9533.907529 2.466376e-17 1e-20
9535.157954 1.996982e-17 1e-20
9536.40838 1.935391e-17 1e-20
9537.658806 2.172557e-17 1e-20
9538.909232 2.018284e-17 1e-20
9540.159657 2.052013e-17 1e-20
9541.410083 1.584671e-17 1e-20
9542.660509 2.858688e-17 1e-20
9543.910935 1.915036e-17 1e-20
9545.16136 1.82374e-17 1e-20
9546.411786 1.57484e-17 1e-20
9547.662212 2.316398e-17 1e-20
9548.912638 2.041389e-17 1e-20
9550.163063 1.59301e-17 1e-20
9551.413489 2.70993e-17 1e-20
9552.663915 2.803208e-17 1e-20
9553.914341 1.028912e-17 1e-20
