4227.389 6.292021195e-16 1e-20
4227.501398 6.272830605e-16 1e-20
4227.613796 6.253640014e-16 1e-20
4227.726194 6.271248241e-16 1e-20
4227.838592 6.288856997e-16 1e-20
4227.95099 6.367578651e-16 1e-20
4228.063388 6.446298188e-16 1e-20
4228.175786 6.41345025e-16 1e-20
4228.288184 6.380596489e-16 1e-20
4228.400582 6.150065355e-16 1e-20
4228.51298 5.919537927e-16 1e-20
4228.625378 5.798834144e-16 1e-20
4228.737776 5.678142537e-16 1e-20
4228.850174 5.834214181e-16 1e-20
4228.962572 5.990284766e-16 1e-20
4229.07497 6.129181758e-16 1e-20
4229.187368 6.268067632e-16 1e-20
4229.299766 6.211766941e-16 1e-20
4229.412164 6.155459896e-16 1e-20
4229.524562 6.007390596e-16 1e-20
4229.63696 5.859322884e-16 1e-20
4229.749358 5.728340885e-16 1e-20
4229.861756 5.597368416e-16 1e-20
4229.974154 5.586811739e-16 1e-20
4230.086552 5.576270943e-16 1e-20
4230.19895 5.758797543e-16 1e-20
4230.311348 5.94134479e-16 1e-20
4230.423746 6.359783831e-16 1e-20
4230.536144 6.778229224e-16 1e-20
4230.648542 7.253034072e-16 1e-20
4230.76094 7.727802392e-16 1e-20
4230.873338 7.845020105e-16 1e-20
4230.985736 7.962200231e-16 1e-20
4231.098134 7.736213958e-16 1e-20
4231.210532 7.510231391e-16 1e-20
4231.32293 7.310708545e-16 1e-20
4231.435328 7.111194699e-16 1e-20
4231.547726 6.990272805e-16 1e-20
4231.660124 6.869344558e-16 1e-20
4231.772522 6.696845769e-16 1e-20
4231.88492 6.524340627e-16 1e-20
4231.997318 6.306507046e-16 1e-20
4232.109716 6.088672936e-16 1e-20
4232.222114 5.869534396e-16 1e-20
4232.334512 5.650434501e-16 1e-20
4232.44691 5.687715068e-16 1e-20
4232.559308 5.725084044e-16 1e-20
4232.671706 6.314942965e-16 1e-20
4232.784104 6.904794475e-16 1e-20
4232.896502 7.450663799e-16 1e-20
4233.0089 7.996398657e-16 1e-20
4233.121298 7.763225309e-16 1e-20
4233.233696 7.530031316e-16 1e-20
4233.346094 7.181971184e-16 1e-20
4233.458492 6.834039695e-16 1e-20
4233.57089 7.174002721e-16 1e-20
4233.683288 7.513999629e-16 1e-20
4233.795686 8.029525586e-16 1e-20
4233.908084 8.544969486e-16 1e-20
4234.020482 8.651493409e-16 1e-20
4234.13288 8.757969156e-16 1e-20
4234.245278 8.634051942e-16 1e-20
4234.357676 8.510129963e-16 1e-20
4234.470074 8.365661611e-16 1e-20
4234.582472 8.221187966e-16 1e-20
4234.69487 8.055024983e-16 1e-20
4234.807268 7.888858295e-16 1e-20
4234.919666 7.706423809e-16 1e-20
4235.032064 7.523989324e-16 1e-20
4235.144462 7.341877769e-16 1e-20
4235.25686 7.159771509e-16 1e-20
4235.369258 6.996970189e-16 1e-20
4235.481656 6.834181573e-16 1e-20
4235.594054 6.723717889e-16 1e-20
4235.706452 6.61327591e-16 1e-20
4235.81885 6.584865366e-16 1e-20
4235.931248 6.556482351e-16 1e-20
4236.043646 6.629732172e-16 1e-20
4236.156044 6.703011639e-16 1e-20
4236.268442 6.886837377e-16 1e-20
4236.38084 7.070699642e-16 1e-20
4236.493238 7.388287234e-16 1e-20
4236.605636 7.705870591e-16 1e-20
4236.718034 8.010861215e-16 1e-20
4236.830432 8.31574543e-16 1e-20
4236.94283 8.255569563e-16 1e-20
4237.055228 8.195315874e-16 1e-20
4237.167626 7.875965924e-16 1e-20
4237.280024 7.556691678e-16 1e-20
4237.392422 7.487004689e-16 1e-20
4237.50482 7.417394463e-16 1e-20
4237.617218 7.59472081e-16 1e-20
4237.729616 7.77201857e-16 1e-20
4237.842014 7.859190966e-16 1e-20
4237.954412 7.946307246e-16 1e-20
4238.06681 7.86082574e-16 1e-20
4238.179208 7.775300823e-16 1e-20
4238.291606 7.557537122e-16 1e-20
4238.404004 7.339785598e-16 1e-20
4238.516402 7.158057856e-16 1e-20
4238.6288 6.976415875e-16 1e-20
4238.741198 7.042717379e-16 1e-20
4238.853596 7.109061764e-16 1e-20
4238.965994 7.298267749e-16 1e-20
4239.078392 7.487438793e-16 1e-20
4239.19079 7.578661595e-16 1e-20
4239.303188 7.669847868e-16 1e-20
4239.415586 7.6612976e-16 1e-20
4239.527984 7.65273092e-16 1e-20
4239.640382 7.599351433e-16 1e-20
4239.75278 7.545993122e-16 1e-20
4239.865178 7.548371697e-16 1e-20
4239.977576 7.550800564e-16 1e-20
4240.089974 7.681742857e-16 1e-20
4240.202372 7.812664505e-16 1e-20
4240.31477 7.892524359e-16 1e-20
4240.427168 7.972307981e-16 1e-20
4240.539566 7.8628925e-16 1e-20
4240.651964 7.753481254e-16 1e-20
4240.764362 7.653179318e-16 1e-20
4240.87676 7.552938792e-16 1e-20
4240.989158 7.600537279e-16 1e-20
4241.101556 7.648134708e-16 1e-20
4241.213954 7.692432943e-16 1e-20
4241.326352 7.736684591e-16 1e-20
4241.43875 7.672732015e-16 1e-20
4241.551148 7.608739735e-16 1e-20
4241.663546 7.453949758e-16 1e-20
4241.775944 7.299164545e-16 1e-20
4241.888342 7.153090007e-16 1e-20
4242.00074 7.007147289e-16 1e-20
4242.113138 7.154797308e-16 1e-20
4242.225536 7.302575441e-16 1e-20
4242.337934 7.730912591e-16 1e-20
4242.450332 8.159156567e-16 1e-20
4242.56273 8.387085192e-16 1e-20
4242.675128 8.614850234e-16 1e-20
4242.787526 8.496507555e-16 1e-20
4242.899924 8.378121995e-16 1e-20
4243.012322 8.17069792e-16 1e-20
4243.12472 7.963305079e-16 1e-20
4243.237118 7.820893959e-16 1e-20
4243.349516 7.678549014e-16 1e-20
4243.461914 7.669911925e-16 1e-20
4243.574312 7.661338893e-16 1e-20
4243.68671 7.781640335e-16 1e-20
4243.799108 7.901967189e-16 1e-20
4243.911506 8.072627916e-16 1e-20
4244.023904 8.243275938e-16 1e-20
4244.136302 8.38995134e-16 1e-20
4244.2487 8.536584919e-16 1e-20
4244.361098 8.603613813e-16 1e-20
4244.473496 8.670550591e-16 1e-20
4244.585894 8.561215578e-16 1e-20
4244.698292 8.45173657e-16 1e-20
4244.81069 8.071596124e-16 1e-20
4244.923088 7.691484266e-16 1e-20
4245.035486 7.364018152e-16 1e-20
4245.147884 7.036807207e-16 1e-20
4245.260282 7.176694169e-16 1e-20
4245.37268 7.316680128e-16 1e-20
4245.485078 7.636864405e-16 1e-20
4245.597476 7.95691051e-16 1e-20
4245.709874 8.030570083e-16 1e-20
4245.822272 8.104167717e-16 1e-20
4245.93467 8.068833209e-16 1e-20
4246.047068 8.033551639e-16 1e-20
4246.159466 8.090105382e-16 1e-20
4246.271864 8.146605127e-16 1e-20
4246.384262 8.110388116e-16 1e-20
4246.49666 8.074044579e-16 1e-20
4246.609058 7.822077688e-16 1e-20
4246.721456 7.570225676e-16 1e-20
4246.833854 7.510706259e-16 1e-20
4246.946252 7.451447834e-16 1e-20
4247.05865 7.824828957e-16 1e-20
4247.171048 8.198151846e-16 1e-20
4247.283446 8.47549902e-16 1e-20
4247.395844 8.752591556e-16 1e-20
4247.508242 8.617513094e-16 1e-20
4247.62064 8.482435691e-16 1e-20
4247.733038 8.349884034e-16 1e-20
4247.845436 8.217472138e-16 1e-20
4247.957834 8.30699558e-16 1e-20
4248.070232 8.39649414e-16 1e-20
4248.18263 8.447344175e-16 1e-20
4248.295028 8.4981148e-16 1e-20
4248.407426 8.426533634e-16 1e-20
4248.519824 8.355021289e-16 1e-20
4248.632222 8.389439944e-16 1e-20
4248.74462 8.423908361e-16 1e-20
4248.857018 8.533741535e-16 1e-20
4248.969416 8.643370363e-16 1e-20
4249.081814 8.44489625e-16 1e-20
4249.194212 8.246282376e-16 1e-20
4249.30661 7.838662593e-16 1e-20
4249.419008 7.431300626e-16 1e-20
4249.531406 7.403989107e-16 1e-20
4249.643804 7.376917405e-16 1e-20
4249.756202 7.700147825e-16 1e-20
4249.8686 8.023280306e-16 1e-20
4249.980998 8.204702587e-16 1e-20
4250.093396 8.385925816e-16 1e-20
4250.205794 8.282769908e-16 1e-20
4250.318192 8.179446712e-16 1e-20
4250.43059 7.838725591e-16 1e-20
4250.542988 7.498088115e-16 1e-20
4250.655386 7.275081281e-16 1e-20
4250.767784 7.052508551e-16 1e-20
4250.880182 7.432774463e-16 1e-20
4250.99258 7.813198136e-16 1e-20
4251.104978 8.411073695e-16 1e-20
4251.217376 9.008614675e-16 1e-20
4251.329774 9.149285672e-16 1e-20
4251.442172 9.289706794e-16 1e-20
4251.55457 9.092880689e-16 1e-20
4251.666968 8.896055643e-16 1e-20
4251.779366 8.699011957e-16 1e-20
4251.891764 8.501929625e-16 1e-20
4252.004162 8.253564742e-16 1e-20
4252.11656 8.005114096e-16 1e-20
4252.228958 7.644050421e-16 1e-20
4252.341356 7.283252502e-16 1e-20
4252.453754 7.268388132e-16 1e-20
4252.566152 7.254033571e-16 1e-20
4252.67855 7.897466267e-16 1e-20
4252.790948 8.540829613e-16 1e-20
4252.903346 9.095094622e-16 1e-20
4253.015744 9.648822294e-16 1e-20
4253.128142 9.520908672e-16 1e-20
4253.24054 9.392839408e-16 1e-20
4253.352938 9.069554461e-16 1e-20
4253.465336 8.746427273e-16 1e-20
4253.577734 8.619565561e-16 1e-20
4253.690132 8.492718671e-16 1e-20
4253.80253 8.383498008e-16 1e-20
4253.914928 8.274232875e-16 1e-20
4254.027326 8.109722665e-16 1e-20
4254.139724 7.945312511e-16 1e-20
4254.252122 7.902467467e-16 1e-20
4254.36452 7.859798183e-16 1e-20
4254.476918 8.02853191e-16 1e-20
4254.589316 8.197418104e-16 1e-20
4254.701714 8.548518025e-16 1e-20
4254.814112 8.899664004e-16 1e-20
4254.92651 9.304747982e-16 1e-20
4255.038908 9.709667847e-16 1e-20
4255.151306 9.920593874e-16 1e-20
4255.263704 1.013124567e-15 1e-20
4255.376102 1.002126374e-15 1e-20
4255.4885 9.910999108e-16 1e-20
4255.600898 9.472646852e-16 1e-20
4255.713296 9.034231069e-16 1e-20
4255.825694 8.52440035e-16 1e-20
4255.938092 8.014924855e-16 1e-20
4256.05049 7.910139468e-16 1e-20
4256.162888 7.805703482e-16 1e-20
4256.275286 8.095413632e-16 1e-20
4256.387684 8.38517778e-16 1e-20
4256.500082 8.73572713e-16 1e-20
4256.61248 9.086112896e-16 1e-20
4256.724878 9.254711628e-16 1e-20
4256.837276 9.422974723e-16 1e-20
4256.949674 9.221307825e-16 1e-20
4257.062072 9.019538224e-16 1e-20
4257.17447 8.705426643e-16 1e-20
4257.286868 8.391600407e-16 1e-20
4257.399266 8.387572236e-16 1e-20
4257.511664 8.383759529e-16 1e-20
4257.624062 8.61215614e-16 1e-20
4257.73646 8.840550633e-16 1e-20
4257.848858 9.066850308e-16 1e-20
4257.961256 9.293018693e-16 1e-20
4258.073654 9.379474287e-16 1e-20
4258.186052 9.465717064e-16 1e-20
4258.29845 9.327236706e-16 1e-20
4258.410848 9.188649411e-16 1e-20
4258.523246 8.939239501e-16 1e-20
4258.635644 8.689872472e-16 1e-20
4258.748042 8.485503009e-16 1e-20
4258.86044 8.281326776e-16 1e-20
4258.972838 8.276034408e-16 1e-20
4259.085236 8.270990327e-16 1e-20
4259.197634 8.520170479e-16 1e-20
4259.310032 8.76928181e-16 1e-20
4259.42243 8.948365222e-16 1e-20
4259.534828 9.127154819e-16 1e-20
4259.647226 9.009418298e-16 1e-20
4259.759624 8.891576957e-16 1e-20
4259.872022 8.668201134e-16 1e-20
4259.98442 8.444902073e-16 1e-20
4260.096818 8.298686716e-16 1e-20
4260.209216 8.152666177e-16 1e-20
4260.321614 8.199626742e-16 1e-20
4260.434012 8.246753009e-16 1e-20
4260.54641 8.457312694e-16 1e-20
4260.658808 8.667690796e-16 1e-20
4260.771206 8.700820372e-16 1e-20
4260.883604 8.73371225e-16 1e-20
4260.996002 8.536304869e-16 1e-20
4261.1084 8.339095482e-16 1e-20
4261.220798 8.332957669e-16 1e-20
4261.333196 8.327046438e-16 1e-20
4261.445594 8.538079932e-16 1e-20
4261.557992 8.748864611e-16 1e-20
4261.67039 8.723537267e-16 1e-20
4261.782788 8.697966401e-16 1e-20
4261.895186 8.442505499e-16 1e-20
4262.007584 8.187239415e-16 1e-20
4262.119982 8.114444345e-16 1e-20
4262.23238 8.041865797e-16 1e-20
4262.344778 8.17125008e-16 1e-20
4262.457176 8.300596775e-16 1e-20
4262.569574 8.39477731e-16 1e-20
4262.681972 8.488794261e-16 1e-20
4262.79437 8.432076406e-16 1e-20
4262.906768 8.375134087e-16 1e-20
4263.019166 8.113605253e-16 1e-20
4263.131564 7.852049949e-16 1e-20
4263.243962 7.566375911e-16 1e-20
4263.35636 7.280977689e-16 1e-20
4263.468758 7.244724679e-16 1e-20
4263.581156 7.208693485e-16 1e-20
4263.693554 7.371682212e-16 1e-20
4263.805952 7.534714349e-16 1e-20
4263.91835 7.736671356e-16 1e-20
4264.030748 7.938572247e-16 1e-20
4264.143146 8.090417726e-16 1e-20
4264.255544 8.242145679e-16 1e-20
4264.367942 8.290198917e-16 1e-20
4264.48034 8.338331034e-16 1e-20
4264.592738 8.455745153e-16 1e-20
4264.705136 8.573417617e-16 1e-20
4264.817534 8.916165264e-16 1e-20
4264.929932 9.25887903e-16 1e-20
4265.04233 9.572198635e-16 1e-20
4265.154728 9.885221778e-16 1e-20
4265.267126 9.942445206e-16 1e-20
4265.379524 9.999556403e-16 1e-20
4265.491922 9.961033344e-16 1e-20
4265.60432 9.92257699e-16 1e-20
4265.716718 9.939187306e-16 1e-20
4265.829116 9.955872796e-16 1e-20
4265.941514 1.00354039e-15 1e-20
4266.053912 1.011493605e-15 1e-20
4266.16631 1.01959717e-15 1e-20
4266.278708 1.027670876e-15 1e-20
4266.391106 1.010889353e-15 1e-20
4266.503504 9.940710906e-16 1e-20
4266.615902 9.46680656e-16 1e-20
4266.7283 8.992950919e-16 1e-20
4266.840698 8.559551159e-16 1e-20
4266.953096 8.126457919e-16 1e-20
4267.065494 7.944872584e-16 1e-20
4267.177892 7.763580534e-16 1e-20
4267.29029 7.821101482e-16 1e-20
4267.402688 7.878785485e-16 1e-20
4267.515086 8.0681487e-16 1e-20
4267.627484 8.257377449e-16 1e-20
4267.739882 8.337465473e-16 1e-20
4267.85228 8.417381443e-16 1e-20
4267.964678 8.359088106e-16 1e-20
4268.077076 8.300860944e-16 1e-20
4268.189474 8.295390699e-16 1e-20
4268.301872 8.290049627e-16 1e-20
4268.41427 8.387460004e-16 1e-20
4268.526668 8.484944497e-16 1e-20
4268.639066 8.641043669e-16 1e-20
4268.751464 8.797079314e-16 1e-20
4268.863862 8.903297775e-16 1e-20
4268.97626 9.009253126e-16 1e-20
4269.088658 8.908993013e-16 1e-20
4269.201056 8.80867096e-16 1e-20
4269.313454 8.660039442e-16 1e-20
4269.425852 8.511738796e-16 1e-20
4269.53825 8.618387655e-16 1e-20
4269.650648 8.725109042e-16 1e-20
4269.763046 8.887508022e-16 1e-20
4269.875444 9.049520014e-16 1e-20
4269.987842 8.915873038e-16 1e-20
4270.10024 8.782310765e-16 1e-20
4270.212638 8.713677274e-16 1e-20
4270.325036 8.645733055e-16 1e-20
4270.437434 9.098335582e-16 1e-20
4270.549832 9.550991047e-16 1e-20
4270.66223 1.004416963e-15 1e-20
4270.774628 1.05366547e-15 1e-20
4270.887026 1.051026962e-15 1e-20
4270.999424 1.048342609e-15 1e-20
4271.111822 1.011521346e-15 1e-20
4271.22422 9.746930944e-16 1e-20
4271.336618 9.326693547e-16 1e-20
4271.449016 8.906719788e-16 1e-20
4271.561414 8.682027358e-16 1e-20
4271.673812 8.457766915e-16 1e-20
4271.78621 8.550045861e-16 1e-20
4271.898608 8.642226339e-16 1e-20
4272.011006 8.662066497e-16 1e-20
4272.123404 8.681499021e-16 1e-20
4272.235802 8.404986704e-16 1e-20
4272.3482 8.128621029e-16 1e-20
4272.460598 7.958065122e-16 1e-20
4272.572996 7.787960789e-16 1e-20
4272.685394 7.941777737e-16 1e-20
4272.797792 8.095741857e-16 1e-20
4272.91019 8.354569715e-16 1e-20
4273.022588 8.613257283e-16 1e-20
4273.134986 8.772291424e-16 1e-20
4273.247384 8.930897285e-16 1e-20
4273.359782 8.786288644e-16 1e-20
4273.47218 8.641381953e-16 1e-20
4273.584578 8.286108277e-16 1e-20
4273.696976 7.931275058e-16 1e-20
4273.809374 7.885069411e-16 1e-20
4273.921772 7.839437628e-16 1e-20
4274.03417 8.193828272e-16 1e-20
4274.146568 8.548273444e-16 1e-20
4274.258966 8.940516403e-16 1e-20
4274.371364 9.332512663e-16 1e-20
4274.483762 9.553675083e-16 1e-20
4274.59616 9.774440456e-16 1e-20
4274.708558 9.723101789e-16 1e-20
4274.820956 9.671561952e-16 1e-20
4274.933354 9.482515845e-16 1e-20
4275.045752 9.293715377e-16 1e-20
4275.15815 9.273066832e-16 1e-20
4275.270548 9.252580281e-16 1e-20
4275.382946 9.342086253e-16 1e-20
4275.495344 9.431398465e-16 1e-20
4275.607742 9.389607977e-16 1e-20
4275.72014 9.347663965e-16 1e-20
4275.832538 9.202373462e-16 1e-20
4275.944936 9.057116841e-16 1e-20
4276.057334 8.934018601e-16 1e-20
4276.169732 8.81091295e-16 1e-20
4276.28213 8.68362031e-16 1e-20
4276.394528 8.556244024e-16 1e-20
4276.506926 8.373234615e-16 1e-20
4276.619324 8.190302498e-16 1e-20
4276.731722 8.058150535e-16 1e-20
4276.84412 7.926251094e-16 1e-20
4276.956518 7.959919595e-16 1e-20
4277.068916 7.99377656e-16 1e-20
4277.181314 8.151196045e-16 1e-20
4277.293712 8.308693352e-16 1e-20
4277.40611 8.516489062e-16 1e-20
4277.518508 8.724323948e-16 1e-20
4277.630906 8.957506825e-16 1e-20
4277.743304 9.190660055e-16 1e-20
4277.855702 9.404600461e-16 1e-20
4277.9681 9.618238052e-16 1e-20
4278.080498 9.637727221e-16 1e-20
4278.192896 9.65684052e-16 1e-20
4278.305294 9.435632571e-16 1e-20
4278.417692 9.214656499e-16 1e-20
4278.53009 9.141054629e-16 1e-20
4278.642488 9.067939804e-16 1e-20
4278.754886 9.303121678e-16 1e-20
4278.867284 9.53807803e-16 1e-20
4278.979682 9.631583056e-16 1e-20
4279.09208 9.724530099e-16 1e-20
4279.204478 9.467177137e-16 1e-20
4279.316876 9.209702415e-16 1e-20
4279.429274 8.875920082e-16 1e-20
4279.541672 8.542273804e-16 1e-20
4279.65407 8.293105298e-16 1e-20
4279.766468 8.044032613e-16 1e-20
4279.878866 7.854454464e-16 1e-20
4279.991264 7.665103954e-16 1e-20
4280.103662 7.616161861e-16 1e-20
4280.21606 7.567783574e-16 1e-20
4280.328458 7.865314485e-16 1e-20
4280.440856 8.163141857e-16 1e-20
4280.553254 8.642414804e-16 1e-20
4280.665652 9.121175825e-16 1e-20
4280.77805 9.288252015e-16 1e-20
4280.890448 9.454808339e-16 1e-20
4281.002846 9.306422989e-16 1e-20
4281.115244 9.15809058e-16 1e-20
4281.227642 9.041993067e-16 1e-20
4281.34004 8.925989788e-16 1e-20
4281.452438 8.867635041e-16 1e-20
4281.564836 8.80914371e-16 1e-20
4281.677234 8.669292218e-16 1e-20
4281.789632 8.529479371e-16 1e-20
4281.90203 8.412576119e-16 1e-20
4282.014428 8.29601168e-16 1e-20
4282.126826 8.380154874e-16 1e-20
4282.239224 8.464453711e-16 1e-20
4282.351622 8.640814441e-16 1e-20
4282.46402 8.817013176e-16 1e-20
4282.576418 8.897798414e-16 1e-20
4282.688816 8.978393599e-16 1e-20
4282.801214 8.946824681e-16 1e-20
4282.913612 8.915124473e-16 1e-20
4283.02601 8.806645492e-16 1e-20
4283.138408 8.698218922e-16 1e-20
4283.250806 8.620014488e-16 1e-20
4283.363204 8.542016518e-16 1e-20
4283.475602 8.583673069e-16 1e-20
4283.588 8.625286209e-16 1e-20
4283.700398 8.642191399e-16 1e-20
4283.812796 8.658850949e-16 1e-20
4283.925194 8.53458751e-16 1e-20
4284.037592 8.410365363e-16 1e-20
4284.14999 8.310204247e-16 1e-20
4284.262388 8.210299887e-16 1e-20
4284.374786 8.257151926e-16 1e-20
4284.487184 8.304094492e-16 1e-20
4284.599582 8.402817241e-16 1e-20
4284.71198 8.501472227e-16 1e-20
4284.824378 8.561736504e-16 1e-20
4284.936776 8.62184355e-16 1e-20
4285.049174 8.59344677e-16 1e-20
4285.161572 8.564896995e-16 1e-20
4285.27397 8.450766188e-16 1e-20
4285.386368 8.336697849e-16 1e-20
4285.498766 8.257680263e-16 1e-20
4285.611164 8.17878285e-16 1e-20
4285.723562 8.166870919e-16 1e-20
4285.83596 8.154849404e-16 1e-20
4285.948358 8.081689581e-16 1e-20
4286.060756 8.008428113e-16 1e-20
4286.173154 7.878793426e-16 1e-20
4286.285552 7.749356204e-16 1e-20
4286.39795 7.728469959e-16 1e-20
4286.510348 7.70784259e-16 1e-20
4286.622746 7.829057769e-16 1e-20
4286.735144 7.950392592e-16 1e-20
4286.847542 8.136839366e-16 1e-20
4286.95994 8.32315538e-16 1e-20
4287.072338 8.438420683e-16 1e-20
4287.184736 8.553219587e-16 1e-20
4287.297134 8.415083337e-16 1e-20
4287.409532 8.276667565e-16 1e-20
4287.52193 7.987328522e-16 1e-20
4287.634328 7.698194884e-16 1e-20
4287.746726 7.519563577e-16 1e-20
4287.859124 7.341350491e-16 1e-20
4287.971522 7.387342792e-16 1e-20
4288.08392 7.433818961e-16 1e-20
4288.196318 7.738918111e-16 1e-20
4288.308716 8.043960086e-16 1e-20
4288.421114 8.318708457e-16 1e-20
4288.533512 8.592707205e-16 1e-20
4288.64591 8.469112392e-16 1e-20
4288.758308 8.345256588e-16 1e-20
4288.870706 8.083489526e-16 1e-20
4288.983104 7.822203155e-16 1e-20
4289.095502 7.813782588e-16 1e-20
4289.2079 7.805648955e-16 1e-20
4289.320298 7.948043134e-16 1e-20
4289.432696 8.090382256e-16 1e-20
4289.545094 8.204120782e-16 1e-20
4289.657492 8.317822779e-16 1e-20
4289.76989 8.412707939e-16 1e-20
4289.882288 8.507597334e-16 1e-20
4289.994686 8.604564078e-16 1e-20
4290.107084 8.701542997e-16 1e-20
4290.219482 8.805261652e-16 1e-20
4290.33188 8.908955955e-16 1e-20
4290.444278 9.000405867e-16 1e-20
4290.556676 9.091563553e-16 1e-20
4290.669074 9.032638647e-16 1e-20
4290.781472 8.973338929e-16 1e-20
4290.89387 8.721982432e-16 1e-20
4291.006268 8.470719637e-16 1e-20
4291.118666 8.266730281e-16 1e-20
4291.231064 8.063097737e-16 1e-20
4291.343462 8.040496251e-16 1e-20
4291.45586 8.017993232e-16 1e-20
4291.568258 8.045045347e-16 1e-20
4291.680656 8.07206411e-16 1e-20
4291.793054 8.082139567e-16 1e-20
4291.905452 8.092300256e-16 1e-20
4292.01785 8.145188464e-16 1e-20
4292.130248 8.19814814e-16 1e-20
4292.242646 8.286957957e-16 1e-20
4292.355044 8.375664541e-16 1e-20
4292.467442 8.412851405e-16 1e-20
4292.57984 8.449930272e-16 1e-20
4292.692238 8.433197136e-16 1e-20
4292.804636 8.416509528e-16 1e-20
4292.917034 8.422140709e-16 1e-20
4293.029432 8.427922239e-16 1e-20
4293.14183 8.507631215e-16 1e-20
4293.254228 8.587564126e-16 1e-20
4293.366626 8.777609203e-16 1e-20
4293.479024 8.967681808e-16 1e-20
4293.591422 9.170981362e-16 1e-20
4293.70382 9.373950573e-16 1e-20
4293.816218 9.415273076e-16 1e-20
4293.928616 9.456228178e-16 1e-20
4294.041014 9.317454535e-16 1e-20
4294.153412 9.17844584e-16 1e-20
4294.26581 8.924704415e-16 1e-20
4294.378208 8.671039753e-16 1e-20
4294.490606 8.4542152e-16 1e-20
4294.603004 8.237819987e-16 1e-20
4294.715402 8.228690031e-16 1e-20
4294.8278 8.219724717e-16 1e-20
4294.940198 8.289972335e-16 1e-20
4295.052596 8.359966373e-16 1e-20
4295.164994 8.308270894e-16 1e-20
4295.277392 8.256528298e-16 1e-20
4295.38979 8.182397563e-16 1e-20
4295.502188 8.108502408e-16 1e-20
4295.614586 8.146813709e-16 1e-20
4295.726984 8.185095363e-16 1e-20
4295.839382 8.209078042e-16 1e-20
4295.95178 8.232785435e-16 1e-20
4296.064178 8.126493918e-16 1e-20
4296.176576 8.020250575e-16 1e-20
4296.288974 7.936906239e-16 1e-20
4296.401372 7.853873187e-16 1e-20
4296.51377 7.916937967e-16 1e-20
4296.626168 7.980123448e-16 1e-20
4296.738566 8.099419568e-16 1e-20
4296.850964 8.218606633e-16 1e-20
4296.963362 8.286680024e-16 1e-20
4297.07576 8.354374368e-16 1e-20
4297.188158 8.245995443e-16 1e-20
4297.300556 8.137223708e-16 1e-20
4297.412954 7.846078367e-16 1e-20
4297.525352 7.555140549e-16 1e-20
4297.63775 7.360002686e-16 1e-20
4297.750148 7.165346574e-16 1e-20
4297.862546 7.192883086e-16 1e-20
4297.974944 7.220488419e-16 1e-20
4298.087342 7.27968067e-16 1e-20
4298.19974 7.338843274e-16 1e-20
4298.312138 7.384468704e-16 1e-20
4298.424536 7.430454122e-16 1e-20
4298.536934 7.640894694e-16 1e-20
4298.649332 7.851624315e-16 1e-20
4298.76173 8.193788038e-16 1e-20
4298.874128 8.535677006e-16 1e-20
4298.986526 8.752966368e-16 1e-20
4299.098924 8.969794097e-16 1e-20
4299.211322 8.977970082e-16 1e-20
4299.32372 8.985837959e-16 1e-20
4299.436118 8.85426145e-16 1e-20
4299.548516 8.722462064e-16 1e-20
4299.660914 8.490553443e-16 1e-20
4299.773312 8.258472239e-16 1e-20
4299.88571 7.948905519e-16 1e-20
4299.998108 7.639464267e-16 1e-20
4300.110506 7.385825015e-16 1e-20
4300.222904 7.132713042e-16 1e-20
4300.335302 7.113942262e-16 1e-20
4300.4477 7.095472709e-16 1e-20
4300.560098 7.210480195e-16 1e-20
4300.672496 7.325303982e-16 1e-20
4300.784894 7.358906308e-16 1e-20
4300.897292 7.39249487e-16 1e-20
4301.00969 7.419908562e-16 1e-20
4301.122088 7.447639891e-16 1e-20
4301.234486 7.615109952e-16 1e-20
4301.346884 7.782597482e-16 1e-20
4301.459282 7.95763737e-16 1e-20
4301.57168 8.132318857e-16 1e-20
4301.684078 8.15021084e-16 1e-20
4301.796476 8.167944004e-16 1e-20
4301.908874 8.116467165e-16 1e-20
4302.021272 8.065090382e-16 1e-20
4302.13367 8.056984806e-16 1e-20
4302.246068 8.048898288e-16 1e-20
4302.358466 8.049048107e-16 1e-20
4302.470864 8.049140222e-16 1e-20
4302.583262 8.024474623e-16 1e-20
4302.69566 7.999849257e-16 1e-20
4302.808058 7.99269977e-16 1e-20
4302.920456 7.985677337e-16 1e-20
4303.032854 8.033161475e-16 1e-20
4303.145252 8.080800196e-16 1e-20
4303.25765 8.194490017e-16 1e-20
4303.370048 8.308315893e-16 1e-20
4303.482446 8.480198465e-16 1e-20
4303.594844 8.652146153e-16 1e-20
4303.707242 8.851666882e-16 1e-20
4303.81964 9.051084907e-16 1e-20
4303.932038 9.20685109e-16 1e-20
4304.044436 9.362169404e-16 1e-20
4304.156834 9.327988448e-16 1e-20
4304.269232 9.293295037e-16 1e-20
4304.38163 9.042850688e-16 1e-20
4304.494028 8.792218933e-16 1e-20
4304.606426 8.462806761e-16 1e-20
4304.718824 8.13360423e-16 1e-20
4304.831222 7.892500537e-16 1e-20
4304.94362 7.65213535e-16 1e-20
4305.056018 7.720059981e-16 1e-20
4305.168416 7.788436716e-16 1e-20
4305.280814 8.045202578e-16 1e-20
4305.393212 8.301325753e-16 1e-20
4305.50561 8.290478437e-16 1e-20
4305.618008 8.279050375e-16 1e-20
4305.730406 8.027162364e-16 1e-20
4305.842804 7.775593579e-16 1e-20
4305.955202 7.655797709e-16 1e-20
4306.0676 7.536602703e-16 1e-20
4306.179998 7.664980605e-16 1e-20
4306.292396 7.793901137e-16 1e-20
4306.404794 8.145671273e-16 1e-20
4306.517192 8.497457291e-16 1e-20
4306.62959 8.856046572e-16 1e-20
4306.741988 9.213925933e-16 1e-20
4306.854386 9.281911973e-16 1e-20
4306.966784 9.349450145e-16 1e-20
4307.079182 9.23417002e-16 1e-20
4307.19158 9.119036008e-16 1e-20
4307.303978 9.062870312e-16 1e-20
4307.416376 9.006809436e-16 1e-20
4307.528774 8.993390317e-16 1e-20
4307.641172 8.979889671e-16 1e-20
4307.75357 8.933616261e-16 1e-20
4307.865968 8.887176621e-16 1e-20
4307.978366 8.773437036e-16 1e-20
4308.090764 8.659498929e-16 1e-20
4308.203162 8.465826434e-16 1e-20
4308.31556 8.272165585e-16 1e-20
4308.427958 8.083267709e-16 1e-20
4308.540356 7.894604355e-16 1e-20
4308.652754 7.799388852e-16 1e-20
4308.765152 7.704445987e-16 1e-20
4308.87755 7.717977339e-16 1e-20
4308.989948 7.731795093e-16 1e-20
4309.102346 7.859228024e-16 1e-20
4309.214744 7.987084471e-16 1e-20
4309.327142 8.28262856e-16 1e-20
4309.43954 8.578474933e-16 1e-20
4309.551938 8.993703719e-16 1e-20
4309.664336 9.408457637e-16 1e-20
4309.776734 9.63580128e-16 1e-20
4309.889132 9.862260832e-16 1e-20
4310.00153 9.741483463e-16 1e-20
4310.113928 9.620185169e-16 1e-20
4310.226326 9.295135216e-16 1e-20
4310.338724 8.970083147e-16 1e-20
4310.451122 8.643702294e-16 1e-20
4310.56352 8.31806683e-16 1e-20
4310.675918 8.282472917e-16 1e-20
4310.788316 8.24767098e-16 1e-20
4310.900714 8.52078299e-16 1e-20
4311.013112 8.793762651e-16 1e-20
4311.12551 9.015496818e-16 1e-20
4311.237908 9.236795822e-16 1e-20
4311.350306 9.290101723e-16 1e-20
4311.462704 9.343321862e-16 1e-20
4311.575102 9.363799942e-16 1e-20
4311.6875 9.384311904e-16 1e-20
4311.799898 9.417956053e-16 1e-20
4311.912296 9.451610789e-16 1e-20
4312.024694 9.489536689e-16 1e-20
4312.137092 9.527435061e-16 1e-20
4312.24949 9.555221977e-16 1e-20
4312.361888 9.582918895e-16 1e-20
4312.474286 9.576506856e-16 1e-20
4312.586684 9.569997408e-16 1e-20
4312.699082 9.526189923e-16 1e-20
4312.81148 9.48231891e-16 1e-20
4312.923878 9.414518158e-16 1e-20
4313.036276 9.34669623e-16 1e-20
4313.148674 9.27047597e-16 1e-20
4313.261072 9.194265239e-16 1e-20
4313.37347 9.121363231e-16 1e-20
4313.485868 9.048844505e-16 1e-20
4313.598266 9.12032138e-16 1e-20
4313.710664 9.192517175e-16 1e-20
4313.823062 9.534629547e-16 1e-20
4313.93546 9.876497339e-16 1e-20
4314.047858 1.012671299e-15 1e-20
4314.160256 1.037568985e-15 1e-20
4314.272654 1.016241225e-15 1e-20
4314.385052 9.94843267e-16 1e-20
4314.49745 9.472800377e-16 1e-20
4314.609848 8.997293021e-16 1e-20
4314.722246 8.567663087e-16 1e-20
4314.834644 8.139168178e-16 1e-20
4314.947042 8.131024485e-16 1e-20
4315.05944 8.124444098e-16 1e-20
4315.171838 8.695550769e-16 1e-20
4315.284236 9.266347743e-16 1e-20
4315.396634 9.72315367e-16 1e-20
4315.509032 1.017838941e-15 1e-20
4315.62143 1.005634255e-15 1e-20
4315.733828 9.933946289e-16 1e-20
4315.846226 9.682982074e-16 1e-20
4315.958624 9.432566312e-16 1e-20
4316.071022 9.382627367e-16 1e-20
4316.18342 9.333105586e-16 1e-20
4316.295818 9.435621984e-16 1e-20
4316.408216 9.538319434e-16 1e-20
4316.520614 9.706910755e-16 1e-20
4316.633012 9.875185496e-16 1e-20
4316.74541 9.928699979e-16 1e-20
4316.857808 9.981817415e-16 1e-20
4316.970206 9.891302416e-16 1e-20
4317.082604 9.801018233e-16 1e-20
4317.195002 9.793876686e-16 1e-20
4317.3074 9.78693631e-16 1e-20
4317.419798 9.852623715e-16 1e-20
4317.532196 9.917709727e-16 1e-20
4317.644594 9.766365056e-16 1e-20
4317.756992 9.614652985e-16 1e-20
4317.86939 9.331787391e-16 1e-20
4317.981788 9.049666127e-16 1e-20
4318.094186 9.033711203e-16 1e-20
4318.206584 9.018468845e-16 1e-20
4318.318982 9.257508954e-16 1e-20
4318.43138 9.496476007e-16 1e-20
4318.543778 9.71002466e-16 1e-20
4318.656176 9.923283203e-16 1e-20
4318.768574 1.00340677e-15 1e-20
4318.880972 1.014463832e-15 1e-20
4318.99337 1.017943761e-15 1e-20
4319.105768 1.021399656e-15 1e-20
4319.218166 1.016319682e-15 1e-20
4319.330564 1.011213238e-15 1e-20
4319.442962 9.968220419e-16 1e-20
4319.55536 9.824404812e-16 1e-20
4319.667758 9.714436642e-16 1e-20
4319.780156 9.604977751e-16 1e-20
4319.892554 9.673939997e-16 1e-20
4320.004952 9.74298377e-16 1e-20
4320.11735 9.840303621e-16 1e-20
4320.229748 9.93718619e-16 1e-20
4320.342146 9.881078728e-16 1e-20
4320.454544 9.825018911e-16 1e-20
4320.566942 9.78534177e-16 1e-20
4320.67934 9.746221554e-16 1e-20
4320.791738 9.900823066e-16 1e-20
4320.904136 1.005580998e-15 1e-20
4321.016534 1.034423105e-15 1e-20
4321.128932 1.063267541e-15 1e-20
4321.24133 1.092900142e-15 1e-20
4321.353728 1.122450051e-15 1e-20
4321.466126 1.123523136e-15 1e-20
4321.578524 1.124476366e-15 1e-20
4321.690922 1.084249183e-15 1e-20
4321.80332 1.044029835e-15 1e-20
4321.915718 1.006473876e-15 1e-20
4322.028116 9.690074916e-16 1e-20
4322.140514 9.622209578e-16 1e-20
4322.252912 9.554566585e-16 1e-20
4322.36531 9.562823039e-16 1e-20
4322.477708 9.570977848e-16 1e-20
4322.590106 9.544473129e-16 1e-20
4322.702504 9.518340045e-16 1e-20
4322.814902 9.618143819e-16 1e-20
4322.9273 9.718373228e-16 1e-20
4323.039698 9.962937051e-16 1e-20
4323.152096 1.020739499e-15 1e-20
4323.264494 1.041587521e-15 1e-20
4323.376892 1.062404521e-15 1e-20
4323.48929 1.072720006e-15 1e-20
4323.601688 1.083024479e-15 1e-20
4323.714086 1.08958549e-15 1e-20
4323.826484 1.096130408e-15 1e-20
4323.938882 1.097281949e-15 1e-20
4324.05128 1.098389551e-15 1e-20
4324.163678 1.084792978e-15 1e-20
4324.276076 1.071176923e-15 1e-20
4324.388474 1.051034374e-15 1e-20
4324.500872 1.030931741e-15 1e-20
4324.61327 1.024165218e-15 1e-20
4324.725668 1.017441365e-15 1e-20
4324.838066 1.024905419e-15 1e-20
4324.950464 1.032383344e-15 1e-20
4325.062862 1.044501421e-15 1e-20
4325.17526 1.056606263e-15 1e-20
4325.287658 1.064331732e-15 1e-20
4325.400056 1.072017498e-15 1e-20
4325.512454 1.066552018e-15 1e-20
4325.624852 1.061094373e-15 1e-20
4325.73725 1.058252895e-15 1e-20
4325.849648 1.055483838e-15 1e-20
4325.962046 1.076551453e-15 1e-20
4326.074444 1.097625633e-15 1e-20
4326.186842 1.120870652e-15 1e-20
4326.29924 1.144035627e-15 1e-20
4326.411638 1.140946604e-15 1e-20
4326.524036 1.137793418e-15 1e-20
4326.636434 1.113680295e-15 1e-20
4326.748832 1.089544515e-15 1e-20
4326.86123 1.057986397e-15 1e-20
4326.973628 1.026468195e-15 1e-20
4327.086026 1.007943796e-15 1e-20
4327.198424 9.895018773e-16 1e-20
4327.310822 9.97832764e-16 1e-20
4327.42322 1.006179321e-15 1e-20
4327.535618 1.019599923e-15 1e-20
4327.648016 1.032978596e-15 1e-20
4327.760414 1.032842118e-15 1e-20
4327.872812 1.032684993e-15 1e-20
4327.98521 1.025894965e-15 1e-20
4328.097608 1.019111714e-15 1e-20
4328.210006 1.014516243e-15 1e-20
4328.322404 1.00996397e-15 1e-20
4328.434802 1.019297532e-15 1e-20
4328.5472 1.02867281e-15 1e-20
4328.659598 1.05141988e-15 1e-20
4328.771996 1.074126821e-15 1e-20
4328.884394 1.083999308e-15 1e-20
4328.996792 1.093787938e-15 1e-20
4329.10919 1.076818375e-15 1e-20
4329.221588 1.059781366e-15 1e-20
4329.333986 1.021298859e-15 1e-20
4329.446384 9.828016349e-16 1e-20
4329.558782 9.396633057e-16 1e-20
4329.67118 8.966111621e-16 1e-20
4329.783578 8.808809132e-16 1e-20
4329.895976 8.652502966e-16 1e-20
4330.008374 8.810916127e-16 1e-20
4330.120772 8.969534693e-16 1e-20
4330.23317 9.193081511e-16 1e-20
4330.345568 9.41650445e-16 1e-20
4330.457966 9.601226454e-16 1e-20
4330.570364 9.785840461e-16 1e-20
4330.682762 9.936600679e-16 1e-20
4330.79516 1.008725396e-15 1e-20
4330.907558 1.020472472e-15 1e-20
4331.019956 1.032214043e-15 1e-20
4331.132354 1.042250536e-15 1e-20
4331.244752 1.052267336e-15 1e-20
4331.35715 1.056122289e-15 1e-20
4331.469548 1.059935526e-15 1e-20
4331.581946 1.05072743e-15 1e-20
4331.694344 1.041510124e-15 1e-20
4331.806742 1.029412587e-15 1e-20
4331.91914 1.017354756e-15 1e-20
4332.031538 1.017597748e-15 1e-20
4332.143936 1.017857258e-15 1e-20
4332.256334 1.023206801e-15 1e-20
4332.368732 1.028534003e-15 1e-20
4332.48113 1.026987532e-15 1e-20
4332.593528 1.025444556e-15 1e-20
4332.705926 1.02499404e-15 1e-20
4332.818324 1.024578147e-15 1e-20
4332.930722 1.034807234e-15 1e-20
4333.04312 1.045053792e-15 1e-20
4333.155518 1.060686844e-15 1e-20
4333.267916 1.076314496e-15 1e-20
4333.380314 1.090259517e-15 1e-20
4333.492712 1.104186644e-15 1e-20
4333.60511 1.112648186e-15 1e-20
4333.717508 1.121084422e-15 1e-20
4333.829906 1.121826423e-15 1e-20
4333.942304 1.122551166e-15 1e-20
4334.054702 1.118033621e-15 1e-20
4334.1671 1.113506442e-15 1e-20
4334.279498 1.106025341e-15 1e-20
4334.391896 1.098521582e-15 1e-20
4334.504294 1.084112493e-15 1e-20
4334.616692 1.069697898e-15 1e-20
4334.72909 1.053616342e-15 1e-20
4334.841488 1.037624784e-15 1e-20
4334.953886 1.048734256e-15 1e-20
4335.066284 1.059940396e-15 1e-20
4335.178682 1.100194578e-15 1e-20
4335.29108 1.140390527e-15 1e-20
4335.403478 1.163145114e-15 1e-20
4335.515876 1.185792657e-15 1e-20
4335.628274 1.176373121e-15 1e-20
4335.740672 1.166950303e-15 1e-20
4335.85307 1.156549268e-15 1e-20
4335.965468 1.146175232e-15 1e-20
4336.077866 1.143843245e-15 1e-20
4336.190264 1.141489552e-15 1e-20
4336.302662 1.132697985e-15 1e-20
4336.41506 1.123893925e-15 1e-20
4336.527458 1.111354872e-15 1e-20
4336.639856 1.098856478e-15 1e-20
4336.752254 1.098418985e-15 1e-20
4336.864652 1.098005527e-15 1e-20
4336.97705 1.104697617e-15 1e-20
4337.089448 1.11135212e-15 1e-20
4337.201846 1.106933572e-15 1e-20
4337.314244 1.102492049e-15 1e-20
4337.426642 1.09126251e-15 1e-20
4337.53904 1.080065052e-15 1e-20
4337.651438 1.078325564e-15 1e-20
4337.763836 1.076579935e-15 1e-20
4337.876234 1.073023455e-15 1e-20
4337.988632 1.069390743e-15 1e-20
4338.10103 1.043476193e-15 1e-20
4338.213428 1.017615007e-15 1e-20
4338.325826 1.007368555e-15 1e-20
4338.438224 9.973329086e-16 1e-20
4338.550622 1.04879556e-15 1e-20
4338.66302 1.100262552e-15 1e-20
4338.775418 1.152980718e-15 1e-20
4338.887816 1.20546055e-15 1e-20
4339.000214 1.188728473e-15 1e-20
4339.112612 1.171885435e-15 1e-20
4339.22501 1.122862768e-15 1e-20
4339.337408 1.073899817e-15 1e-20
4339.449806 1.042210726e-15 1e-20
4339.562204 1.010609091e-15 1e-20
4339.674602 1.004273602e-15 1e-20
4339.787 9.980204876e-16 1e-20
4339.899398 1.015474025e-15 1e-20
4340.011796 1.03292661e-15 1e-20
4340.124194 1.050133237e-15 1e-20
4340.236592 1.067288195e-15 1e-20
4340.34899 1.069642206e-15 1e-20
4340.461388 1.072052861e-15 1e-20
4340.573786 1.090683457e-15 1e-20
4340.686184 1.109406803e-15 1e-20
4340.798582 1.154644926e-15 1e-20
4340.91098 1.199817617e-15 1e-20
4341.023378 1.226334195e-15 1e-20
4341.135776 1.252705825e-15 1e-20
4341.248174 1.237816786e-15 1e-20
4341.360572 1.222850455e-15 1e-20
4341.47297 1.185935382e-15 1e-20
4341.585368 1.149024439e-15 1e-20
4341.697766 1.113293307e-15 1e-20
4341.810164 1.077674725e-15 1e-20
4341.922562 1.073898228e-15 1e-20
4342.03496 1.070221258e-15 1e-20
4342.147358 1.094665359e-15 1e-20
4342.259756 1.119039579e-15 1e-20
4342.372154 1.123729071e-15 1e-20
4342.484552 1.128346142e-15 1e-20
4342.59695 1.112576082e-15 1e-20
4342.709348 1.096886385e-15 1e-20
4342.821746 1.103765457e-15 1e-20
4342.934144 1.110713986e-15 1e-20
4343.046542 1.137131038e-15 1e-20
4343.15894 1.163495468e-15 1e-20
4343.271338 1.175141006e-15 1e-20
4343.383736 1.186737734e-15 1e-20
4343.496134 1.184691726e-15 1e-20
4343.608532 1.182665517e-15 1e-20
4343.72093 1.186167046e-15 1e-20
4343.833328 1.189679691e-15 1e-20
4343.945726 1.196284219e-15 1e-20
4344.058124 1.202863124e-15 1e-20
4344.170522 1.202354163e-15 1e-20
4344.28292 1.201828897e-15 1e-20
4344.395318 1.196805356e-15 1e-20
4344.507716 1.191787745e-15 1e-20
4344.620114 1.188376743e-15 1e-20
4344.732512 1.184974e-15 1e-20
4344.84491 1.183869045e-15 1e-20
4344.957308 1.182770126e-15 1e-20
4345.069706 1.183352144e-15 1e-20
4345.182104 1.183945808e-15 1e-20
4345.294502 1.187753856e-15 1e-20
4345.4069 1.191574928e-15 1e-20
4345.519298 1.198980431e-15 1e-20
4345.631696 1.206375346e-15 1e-20
4345.744094 1.210862821e-15 1e-20
4345.856492 1.215319167e-15 1e-20
4345.96889 1.211247162e-15 1e-20
4346.081288 1.20715324e-15 1e-20
4346.193686 1.197096206e-15 1e-20
4346.306084 1.187027102e-15 1e-20
4346.418482 1.173673098e-15 1e-20
4346.53088 1.160298342e-15 1e-20
4346.643278 1.141314322e-15 1e-20
4346.755676 1.122316538e-15 1e-20
4346.868074 1.099601973e-15 1e-20
4346.980472 1.076913454e-15 1e-20
4347.09287 1.061271826e-15 1e-20
4347.205268 1.045692667e-15 1e-20
4347.317666 1.046961734e-15 1e-20
4347.430064 1.048328739e-15 1e-20
4347.542462 1.076140325e-15 1e-20
4347.65486 1.104022743e-15 1e-20
4347.767258 1.150942863e-15 1e-20
4347.879656 1.197807925e-15 1e-20
4347.992054 1.229865052e-15 1e-20
4348.104452 1.261819899e-15 1e-20
4348.21685 1.266371431e-15 1e-20
4348.329248 1.27087574e-15 1e-20
4348.441646 1.262750259e-15 1e-20
4348.554044 1.254610273e-15 1e-20
4348.666442 1.242611733e-15 1e-20
4348.77884 1.230618064e-15 1e-20
4348.891238 1.219940049e-15 1e-20
4349.003636 1.2092416e-15 1e-20
4349.116034 1.193117057e-15 1e-20
4349.228432 1.176905588e-15 1e-20
4349.34083 1.137592459e-15 1e-20
4349.453228 1.098264402e-15 1e-20
4349.565626 1.054974242e-15 1e-20
4349.678024 1.011816643e-15 1e-20
4349.790422 1.003750771e-15 1e-20
4349.90282 9.958107904e-16 1e-20
4350.015218 1.0211087e-15 1e-20
4350.127616 1.04645309e-15 1e-20
4350.240014 1.084054153e-15 1e-20
4350.352412 1.121599524e-15 1e-20
4350.46481 1.144470155e-15 1e-20
4350.577208 1.167188002e-15 1e-20
4350.689606 1.149783487e-15 1e-20
4350.802004 1.132335243e-15 1e-20
4350.914402 1.103447185e-15 1e-20
4351.0268 1.074667652e-15 1e-20
4351.139198 1.07431571e-15 1e-20
4351.251596 1.074033224e-15 1e-20
4351.363994 1.091917266e-15 1e-20
4351.476392 1.109796226e-15 1e-20
4351.58879 1.126343756e-15 1e-20
4351.701188 1.142860263e-15 1e-20
4351.813586 1.151281253e-15 1e-20
4351.925984 1.159660738e-15 1e-20
4352.038382 1.157257811e-15 1e-20
4352.15078 1.15485012e-15 1e-20
4352.263178 1.151232548e-15 1e-20
4352.375576 1.147646634e-15 1e-20
4352.487974 1.152241682e-15 1e-20
4352.600372 1.156876435e-15 1e-20
4352.71277 1.171773415e-15 1e-20
4352.825168 1.186700041e-15 1e-20
4352.937566 1.209237047e-15 1e-20
4353.049964 1.231753935e-15 1e-20
4353.162362 1.249055007e-15 1e-20
4353.27476 1.266301233e-15 1e-20
4353.387158 1.269469772e-15 1e-20
4353.499556 1.272591088e-15 1e-20
4353.611954 1.263602586e-15 1e-20
4353.724352 1.254578191e-15 1e-20
4353.83675 1.236374606e-15 1e-20
4353.949148 1.218142328e-15 1e-20
4354.061546 1.19255378e-15 1e-20
4354.173944 1.166973703e-15 1e-20
4354.286342 1.143577065e-15 1e-20
4354.39874 1.120270847e-15 1e-20
4354.511138 1.119963798e-15 1e-20
4354.623536 1.119727793e-15 1e-20
4354.735934 1.13754079e-15 1e-20
4354.848332 1.155288777e-15 1e-20
4354.96073 1.156493682e-15 1e-20
4355.073128 1.157655917e-15 1e-20
4355.185526 1.147962895e-15 1e-20
4355.297924 1.138386129e-15 1e-20
4355.410322 1.158228723e-15 1e-20
4355.52272 1.178116633e-15 1e-20
4355.635118 1.209451664e-15 1e-20
4355.747516 1.240620359e-15 1e-20
4355.859914 1.229818783e-15 1e-20
4355.972312 1.218901269e-15 1e-20
4356.08471 1.178795106e-15 1e-20
4356.197108 1.1387512e-15 1e-20
4356.309506 1.114333146e-15 1e-20
4356.421904 1.089992596e-15 1e-20
4356.534302 1.085096533e-15 1e-20
4356.6467 1.080230329e-15 1e-20
4356.759098 1.08281685e-15 1e-20
4356.871496 1.085471981e-15 1e-20
4356.983894 1.105296046e-15 1e-20
4357.096292 1.125230013e-15 1e-20
4357.20869 1.172565179e-15 1e-20
4357.321088 1.21986604e-15 1e-20
4357.433486 1.258625632e-15 1e-20
4357.545884 1.297202371e-15 1e-20
4357.658282 1.290293759e-15 1e-20
4357.77068 1.283300549e-15 1e-20
4357.883078 1.255282499e-15 1e-20
4357.995476 1.227306801e-15 1e-20
4358.107874 1.20985231e-15 1e-20
4358.220272 1.192454465e-15 1e-20
4358.33267 1.189088886e-15 1e-20
4358.445068 1.185779634e-15 1e-20
4358.557466 1.196342135e-15 1e-20
4358.669864 1.206965834e-15 1e-20
4358.782262 1.232672437e-15 1e-20
4358.89466 1.258418744e-15 1e-20
4359.007058 1.293917789e-15 1e-20
4359.119456 1.329377765e-15 1e-20
4359.231854 1.355217881e-15 1e-20
4359.344252 1.380968848e-15 1e-20
4359.45665 1.384868376e-15 1e-20
4359.569048 1.388708399e-15 1e-20
4359.681446 1.377989833e-15 1e-20
4359.793844 1.36723082e-15 1e-20
4359.906242 1.34657571e-15 1e-20
4360.01864 1.325863637e-15 1e-20
4360.131038 1.291243495e-15 1e-20
4360.243436 1.256597094e-15 1e-20
4360.355834 1.215529972e-15 1e-20
4360.468232 1.174522884e-15 1e-20
4360.58063 1.148121714e-15 1e-20
4360.693028 1.12183267e-15 1e-20
4360.805426 1.122717184e-15 1e-20
4360.917824 1.123743259e-15 1e-20
4361.030222 1.159090367e-15 1e-20
4361.14262 1.194455898e-15 1e-20
4361.255018 1.234262529e-15 1e-20
4361.367416 1.273815051e-15 1e-20
4361.479814 1.251990929e-15 1e-20
4361.592212 1.230032553e-15 1e-20
4361.70461 1.175700366e-15 1e-20
4361.817008 1.121627688e-15 1e-20
4361.929406 1.130001667e-15 1e-20
4362.041804 1.138575335e-15 1e-20
4362.154202 1.195104514e-15 1e-20
4362.2666 1.251535119e-15 1e-20
4362.378998 1.284313177e-15 1e-20
4362.491396 1.316962379e-15 1e-20
4362.603794 1.318725373e-15 1e-20
4362.716192 1.320435638e-15 1e-20
4362.82859 1.309543641e-15 1e-20
4362.940988 1.298644974e-15 1e-20
4363.053386 1.286180461e-15 1e-20
4363.165784 1.273750676e-15 1e-20
4363.278182 1.269596085e-15 1e-20
4363.39058 1.265445306e-15 1e-20
4363.502978 1.262169724e-15 1e-20
4363.615376 1.258855602e-15 1e-20
4363.727774 1.246348525e-15 1e-20
4363.840172 1.23385013e-15 1e-20
4363.95257 1.223397532e-15 1e-20
4364.064968 1.213002849e-15 1e-20
4364.177366 1.216287855e-15 1e-20
4364.289764 1.21961013e-15 1e-20
4364.402162 1.231732654e-15 1e-20
4364.51456 1.243859201e-15 1e-20
4364.626958 1.256927225e-15 1e-20
4364.739356 1.269948239e-15 1e-20
4364.851754 1.271890168e-15 1e-20
4364.964152 1.273765499e-15 1e-20
4365.07655 1.25993991e-15 1e-20
4365.188948 1.246147355e-15 1e-20
4365.301346 1.240096786e-15 1e-20
4365.413744 1.234122981e-15 1e-20
4365.526142 1.246118979e-15 1e-20
4365.63854 1.258055367e-15 1e-20
4365.750938 1.256035405e-15 1e-20
4365.863336 1.253919517e-15 1e-20
4365.975734 1.229403948e-15 1e-20
4366.088132 1.20497086e-15 1e-20
4366.20053 1.199784371e-15 1e-20
4366.312928 1.194741772e-15 1e-20
4366.425326 1.223228866e-15 1e-20
4366.537724 1.251739254e-15 1e-20
4366.650122 1.285657842e-15 1e-20
4366.76252 1.319523278e-15 1e-20
4366.874918 1.341041409e-15 1e-20
4366.987316 1.362482883e-15 1e-20
4367.099714 1.366186958e-15 1e-20
4367.212112 1.369816282e-15 1e-20
4367.32451 1.356170264e-15 1e-20
4367.436908 1.342482106e-15 1e-20
4367.549306 1.319076044e-15 1e-20
4367.661704 1.295672312e-15 1e-20
4367.774102 1.272822222e-15 1e-20
4367.8865 1.250021895e-15 1e-20
4367.998898 1.238673348e-15 1e-20
4368.111296 1.227392775e-15 1e-20
4368.223694 1.231733289e-15 1e-20
4368.336092 1.236139449e-15 1e-20
4368.44849 1.255593995e-15 1e-20
4368.560888 1.275049495e-15 1e-20
4368.673286 1.294732106e-15 1e-20
4368.785684 1.314327683e-15 1e-20
4368.898082 1.314033234e-15 1e-20
4369.01048 1.313687432e-15 1e-20
4369.122878 1.3016404e-15 1e-20
4369.235276 1.289620791e-15 1e-20
4369.347674 1.283835768e-15 1e-20
4369.460072 1.278075309e-15 1e-20
4369.57247 1.277927819e-15 1e-20
4369.684868 1.277783718e-15 1e-20
4369.797266 1.278402687e-15 1e-20
4369.909664 1.279041561e-15 1e-20
4370.022062 1.284181569e-15 1e-20
4370.13446 1.289355776e-15 1e-20
4370.246858 1.302272287e-15 1e-20
4370.359256 1.315190281e-15 1e-20
4370.471654 1.328438829e-15 1e-20
4370.584052 1.341660696e-15 1e-20
4370.69645 1.348863758e-15 1e-20
4370.808848 1.356070102e-15 1e-20
4370.921246 1.364031683e-15 1e-20
4371.033644 1.372017721e-15 1e-20
4371.146042 1.385528744e-15 1e-20
4371.25844 1.399049084e-15 1e-20
4371.370838 1.414651642e-15 1e-20
4371.483236 1.43022339e-15 1e-20
4371.595634 1.438873396e-15 1e-20
4371.708032 1.447369137e-15 1e-20
4371.82043 1.421289098e-15 1e-20
4371.932828 1.395053841e-15 1e-20
4372.045226 1.334101562e-15 1e-20
4372.157624 1.273263209e-15 1e-20
4372.270022 1.237849079e-15 1e-20
4372.38242 1.20265793e-15 1e-20
4372.494818 1.21721705e-15 1e-20
4372.607216 1.231836415e-15 1e-20
4372.719614 1.259904017e-15 1e-20
4372.832012 1.287901632e-15 1e-20
4372.94441 1.300323688e-15 1e-20
4373.056808 1.312573055e-15 1e-20
4373.169206 1.28648444e-15 1e-20
4373.281604 1.260306251e-15 1e-20
4373.394002 1.214274669e-15 1e-20
4373.5064 1.168449552e-15 1e-20
4373.618798 1.168361566e-15 1e-20
4373.731196 1.168469457e-15 1e-20
4373.843594 1.211852049e-15 1e-20
4373.955992 1.255157879e-15 1e-20
4374.06839 1.281515533e-15 1e-20
4374.180788 1.307819294e-15 1e-20
4374.293186 1.322261841e-15 1e-20
4374.405584 1.336857595e-15 1e-20
4374.517982 1.385169813e-15 1e-20
4374.63038 1.433473244e-15 1e-20
4374.742778 1.479859415e-15 1e-20
4374.855176 1.525920749e-15 1e-20
4374.967574 1.500750635e-15 1e-20
4375.079972 1.475411962e-15 1e-20
4375.19237 1.413145194e-15 1e-20
4375.304768 1.351026021e-15 1e-20
4375.417166 1.32114884e-15 1e-20
4375.529564 1.29144583e-15 1e-20
4375.641962 1.299734365e-15 1e-20
4375.75436 1.308127614e-15 1e-20
4375.866758 1.339365236e-15 1e-20
4375.979156 1.370544519e-15 1e-20
4376.091554 1.389031648e-15 1e-20
4376.203952 1.40731189e-15 1e-20
4376.31635 1.380657351e-15 1e-20
4376.428748 1.353943309e-15 1e-20
4376.541146 1.314345683e-15 1e-20
4376.653544 1.274857219e-15 1e-20
4376.765942 1.259026173e-15 1e-20
4376.87834 1.24328576e-15 1e-20
4376.990738 1.247141771e-15 1e-20
4377.103136 1.251044581e-15 1e-20
4377.215534 1.2650616e-15 1e-20
4377.327932 1.279079466e-15 1e-20
4377.44033 1.293263033e-15 1e-20
4377.552728 1.307410495e-15 1e-20
4377.665126 1.3137805e-15 1e-20
4377.777524 1.320124671e-15 1e-20
4377.889922 1.320928188e-15 1e-20
4378.00232 1.321717199e-15 1e-20
4378.114718 1.319394211e-15 1e-20
4378.227116 1.317063388e-15 1e-20
4378.339514 1.313057346e-15 1e-20
4378.451912 1.309037751e-15 1e-20
4378.56431 1.302093669e-15 1e-20
4378.676708 1.295090718e-15 1e-20
4378.789106 1.275489105e-15 1e-20
4378.901504 1.25586494e-15 1e-20
4379.013902 1.23141184e-15 1e-20
4379.1263 1.207099136e-15 1e-20
4379.238698 1.212692094e-15 1e-20
4379.351096 1.218412743e-15 1e-20
4379.463494 1.251289903e-15 1e-20
4379.575892 1.284080031e-15 1e-20
4379.68829 1.298391076e-15 1e-20
4379.800688 1.312591372e-15 1e-20
4379.913086 1.303282797e-15 1e-20
4380.025484 1.29400641e-15 1e-20
4380.137882 1.291528839e-15 1e-20
4380.25028 1.289086208e-15 1e-20
4380.362678 1.294009163e-15 1e-20
4380.475076 1.298882885e-15 1e-20
4380.587474 1.293342866e-15 1e-20
4380.699872 1.28777193e-15 1e-20
4380.81227 1.275682441e-15 1e-20
4380.924668 1.263623974e-15 1e-20
4381.037066 1.258117412e-15 1e-20
4381.149464 1.252678402e-15 1e-20
4381.261862 1.261416923e-15 1e-20
4381.37426 1.270243007e-15 1e-20
4381.486658 1.297463575e-15 1e-20
4381.599056 1.324651215e-15 1e-20
4381.711454 1.344919231e-15 1e-20
4381.823852 1.365010006e-15 1e-20
4381.93625 1.347968973e-15 1e-20
4382.048648 1.330835403e-15 1e-20
4382.161046 1.294379846e-15 1e-20
4382.273444 1.257965688e-15 1e-20
4382.385842 1.230212124e-15 1e-20
4382.49824 1.202533205e-15 1e-20
4382.610638 1.190420104e-15 1e-20
4382.723036 1.178384719e-15 1e-20
4382.835434 1.182507228e-15 1e-20
4382.947832 1.186650384e-15 1e-20
4383.06023 1.195074338e-15 1e-20
4383.172628 1.203466741e-15 1e-20
4383.285026 1.205285215e-15 1e-20
4383.397424 1.207095642e-15 1e-20
4383.509822 1.207227673e-15 1e-20
4383.62222 1.20737908e-15 1e-20
4383.734618 1.211553047e-15 1e-20
4383.847016 1.215780059e-15 1e-20
4383.959414 1.230960689e-15 1e-20
4384.071812 1.246174248e-15 1e-20
4384.18421 1.268195305e-15 1e-20
4384.296608 1.290074271e-15 1e-20
4384.409006 1.282685285e-15 1e-20
4384.521404 1.275124775e-15 1e-20
4384.633802 1.232284602e-15 1e-20
4384.7462 1.189541731e-15 1e-20
4384.858598 1.166768615e-15 1e-20
4384.970996 1.144192646e-15 1e-20
4385.083394 1.162049688e-15 1e-20
4385.195792 1.179940295e-15 1e-20
4385.30819 1.204697374e-15 1e-20
4385.420588 1.229388596e-15 1e-20
4385.532986 1.240616124e-15 1e-20
4385.645384 1.251748254e-15 1e-20
4385.757782 1.243392803e-15 1e-20
4385.87018 1.234975943e-15 1e-20
4385.982578 1.214056347e-15 1e-20
4386.094976 1.193174443e-15 1e-20
4386.207374 1.179961894e-15 1e-20
4386.319772 1.166835636e-15 1e-20
4386.43217 1.171262125e-15 1e-20
4386.544568 1.175788245e-15 1e-20
4386.656966 1.200548395e-15 1e-20
4386.769364 1.225299121e-15 1e-20
4386.881762 1.24815874e-15 1e-20
4386.99416 1.270834553e-15 1e-20
4387.106558 1.256286974e-15 1e-20
4387.218956 1.24162674e-15 1e-20
4387.331354 1.204175601e-15 1e-20
4387.443752 1.166790638e-15 1e-20
4387.55615 1.142763595e-15 1e-20
4387.668548 1.118848043e-15 1e-20
4387.780946 1.11744758e-15 1e-20
4387.893344 1.116149714e-15 1e-20
4388.005742 1.135513734e-15 1e-20
4388.11814 1.154924765e-15 1e-20
4388.230538 1.183791965e-15 1e-20
4388.342936 1.212633967e-15 1e-20
4388.455334 1.236435487e-15 1e-20
4388.567732 1.260174644e-15 1e-20
4388.68013 1.271393701e-15 1e-20
4388.792528 1.282533137e-15 1e-20
4388.904926 1.277722625e-15 1e-20
4389.017324 1.272858115e-15 1e-20
4389.129722 1.257194994e-15 1e-20
4389.24212 1.241515143e-15 1e-20
4389.354518 1.222476066e-15 1e-20
4389.466916 1.203448106e-15 1e-20
4389.579314 1.186634608e-15 1e-20
4389.691712 1.169855521e-15 1e-20
4389.80411 1.159952011e-15 1e-20
4389.916508 1.150092971e-15 1e-20
4390.028906 1.149087014e-15 1e-20
4390.141304 1.148126902e-15 1e-20
4390.253702 1.156294417e-15 1e-20
4390.3661 1.164502696e-15 1e-20
4390.478498 1.180779175e-15 1e-20
4390.590896 1.197076195e-15 1e-20
4390.703294 1.217419809e-15 1e-20
4390.815692 1.237739917e-15 1e-20
4390.92809 1.253435014e-15 1e-20
4391.040488 1.269080666e-15 1e-20
4391.152886 1.274973156e-15 1e-20
4391.265284 1.280821919e-15 1e-20
4391.377682 1.278020887e-15 1e-20
4391.49008 1.275185126e-15 1e-20
4391.602478 1.265517092e-15 1e-20
4391.714876 1.255825447e-15 1e-20
4391.827274 1.241487403e-15 1e-20
4391.939672 1.227146394e-15 1e-20
4392.05207 1.212216803e-15 1e-20
4392.164468 1.197310929e-15 1e-20
4392.276866 1.187033878e-15 1e-20
4392.389264 1.176789756e-15 1e-20
4392.501662 1.172994731e-15 1e-20
4392.61406 1.169227657e-15 1e-20
4392.726458 1.170921088e-15 1e-20
4392.838856 1.172620236e-15 1e-20
4392.951254 1.175417774e-15 1e-20
4393.063652 1.178191066e-15 1e-20
4393.17605 1.17623749e-15 1e-20
4393.288448 1.174249398e-15 1e-20
4393.400846 1.165515853e-15 1e-20
4393.513244 1.156749168e-15 1e-20
4393.625642 1.141526609e-15 1e-20
4393.73804 1.126335603e-15 1e-20
4393.850438 1.117281562e-15 1e-20
4393.962836 1.108336047e-15 1e-20
4394.075234 1.120428078e-15 1e-20
4394.187632 1.132584059e-15 1e-20
4394.30003 1.157131603e-15 1e-20
4394.412428 1.181663372e-15 1e-20
4394.524826 1.203135445e-15 1e-20
4394.637224 1.224520486e-15 1e-20
4394.749622 1.229092029e-15 1e-20
4394.86202 1.233532705e-15 1e-20
4394.974418 1.21272767e-15 1e-20
4395.086816 1.191918399e-15 1e-20
4395.199214 1.170305824e-15 1e-20
4395.311612 1.148804317e-15 1e-20
4395.42401 1.148667838e-15 1e-20
4395.536408 1.14852109e-15 1e-20
4395.648806 1.146418119e-15 1e-20
4395.761204 1.144212657e-15 1e-20
4395.873602 1.122333055e-15 1e-20
4395.986 1.100476534e-15 1e-20
4396.098398 1.083051478e-15 1e-20
4396.210796 1.065739607e-15 1e-20
4396.323194 1.070091662e-15 1e-20
4396.435592 1.074507563e-15 1e-20
4396.54799 1.091149113e-15 1e-20
4396.660388 1.107800299e-15 1e-20
4396.772786 1.126277793e-15 1e-20
4396.885184 1.144703407e-15 1e-20
4396.997582 1.153205394e-15 1e-20
4397.10998 1.161658147e-15 1e-20
4397.222378 1.160719106e-15 1e-20
4397.334776 1.159869637e-15 1e-20
4397.447174 1.176043626e-15 1e-20
4397.559572 1.192297023e-15 1e-20
4397.67197 1.223619137e-15 1e-20
4397.784368 1.254790479e-15 1e-20
4397.896766 1.257364506e-15 1e-20
4398.009164 1.259770397e-15 1e-20
4398.121562 1.23033632e-15 1e-20
4398.23396 1.200943112e-15 1e-20
4398.346358 1.179285009e-15 1e-20
4398.458756 1.157749832e-15 1e-20
4398.571154 1.159419757e-15 1e-20
4398.683552 1.161196303e-15 1e-20
4398.79595 1.183074952e-15 1e-20
4398.908348 1.204972765e-15 1e-20
4399.020746 1.230505938e-15 1e-20
4399.133144 1.255915233e-15 1e-20
4399.245542 1.258037685e-15 1e-20
4399.35794 1.260070988e-15 1e-20
4399.470338 1.245341932e-15 1e-20
4399.582736 1.230656393e-15 1e-20
4399.695134 1.22411931e-15 1e-20
4399.807532 1.217586145e-15 1e-20
4399.91993 1.211777193e-15 1e-20
4400.032328 1.205873267e-15 1e-20
4400.144726 1.182205155e-15 1e-20
4400.257124 1.158549007e-15 1e-20
4400.369522 1.13711685e-15 1e-20
4400.48192 1.115841818e-15 1e-20
4400.594318 1.123884925e-15 1e-20
4400.706716 1.13197409e-15 1e-20
4400.819114 1.148675673e-15 1e-20
4400.931512 1.16527646e-15 1e-20
4401.04391 1.163124467e-15 1e-20
4401.156308 1.160929593e-15 1e-20
4401.268706 1.150765092e-15 1e-20
4401.381104 1.140637648e-15 1e-20
4401.493502 1.137397112e-15 1e-20
4401.6059 1.134177858e-15 1e-20
4401.718298 1.134900906e-15 1e-20
4401.830696 1.135632637e-15 1e-20
4401.943094 1.137977118e-15 1e-20
4402.055492 1.140386186e-15 1e-20
4402.16789 1.154749217e-15 1e-20
4402.280288 1.169189753e-15 1e-20
4402.392686 1.197936357e-15 1e-20
4402.505084 1.22663828e-15 1e-20
4402.617482 1.247098361e-15 1e-20
4402.72988 1.267429587e-15 1e-20
4402.842278 1.264015091e-15 1e-20
4402.954676 1.260491752e-15 1e-20
4403.067074 1.236938095e-15 1e-20
4403.179472 1.213326628e-15 1e-20
4403.29187 1.179062028e-15 1e-20
4403.404268 1.144840626e-15 1e-20
4403.516666 1.118552535e-15 1e-20
4403.629064 1.092343218e-15 1e-20
4403.741462 1.080587142e-15 1e-20
4403.85386 1.068834771e-15 1e-20
4403.966258 1.057753251e-15 1e-20
4404.078656 1.046662413e-15 1e-20
4404.191054 1.033864381e-15 1e-20
4404.303452 1.021116111e-15 1e-20
4404.41585 1.017469635e-15 1e-20
4404.528248 1.013892085e-15 1e-20
4404.640646 1.022890116e-15 1e-20
4404.753044 1.031946063e-15 1e-20
4404.865442 1.051553076e-15 1e-20
4404.97784 1.071172688e-15 1e-20
4405.090238 1.09306976e-15 1e-20
4405.202636 1.114909446e-15 1e-20
4405.315034 1.126327027e-15 1e-20
4405.427432 1.137688174e-15 1e-20
4405.53983 1.138813669e-15 1e-20
4405.652228 1.139924023e-15 1e-20
4405.764626 1.138289567e-15 1e-20
4405.877024 1.136679781e-15 1e-20
4405.989422 1.139546776e-15 1e-20
4406.10182 1.142475816e-15 1e-20
4406.214218 1.156615337e-15 1e-20
4406.326616 1.170751893e-15 1e-20
4406.439014 1.184341902e-15 1e-20
4406.551412 1.197837677e-15 1e-20
4406.66381 1.194336149e-15 1e-20
4406.776208 1.190819904e-15 1e-20
4406.888606 1.184639845e-15 1e-20
4407.001004 1.178546926e-15 1e-20
4407.113402 1.188118398e-15 1e-20
4407.2258 1.197696541e-15 1e-20
4407.338198 1.208461588e-15 1e-20
4407.450596 1.21913558e-15 1e-20
4407.562994 1.213467553e-15 1e-20
4407.675392 1.207685918e-15 1e-20
4407.78779 1.181543305e-15 1e-20
4407.900188 1.155311859e-15 1e-20
4408.012586 1.113166146e-15 1e-20
4408.124984 1.071110749e-15 1e-20
4408.237382 1.045171635e-15 1e-20
4408.34978 1.019441951e-15 1e-20
4408.462178 1.031104536e-15 1e-20
4408.574576 1.042848436e-15 1e-20
4408.686974 1.069110586e-15 1e-20
4408.799372 1.095329115e-15 1e-20
4408.91177 1.113804174e-15 1e-20
4409.024168 1.132167319e-15 1e-20
4409.136566 1.130619366e-15 1e-20
4409.248964 1.128970087e-15 1e-20
4409.361362 1.109334064e-15 1e-20
4409.47376 1.089778614e-15 1e-20
4409.586158 1.084538127e-15 1e-20
4409.698556 1.0794356e-15 1e-20
4409.810954 1.098790727e-15 1e-20
4409.923352 1.118124042e-15 1e-20
4410.03575 1.133619133e-15 1e-20
4410.148148 1.149029204e-15 1e-20
4410.260546 1.149412169e-15 1e-20
4410.372944 1.149763793e-15 1e-20
4410.485342 1.144569258e-15 1e-20
4410.59774 1.139391134e-15 1e-20
4410.710138 1.137113674e-15 1e-20
4410.822536 1.134906518e-15 1e-20
4410.934934 1.145099077e-15 1e-20
4411.047332 1.155322976e-15 1e-20
4411.15973 1.171069107e-15 1e-20
4411.272128 1.186733605e-15 1e-20
4411.384526 1.188080599e-15 1e-20
4411.496924 1.189342255e-15 1e-20
4411.609322 1.175618733e-15 1e-20
4411.72172 1.161871282e-15 1e-20
4411.834118 1.143945736e-15 1e-20
4411.946516 1.126050894e-15 1e-20
4412.058914 1.113532806e-15 1e-20
4412.171312 1.101096139e-15 1e-20
4412.28371 1.102879143e-15 1e-20
4412.396108 1.104701958e-15 1e-20
4412.508506 1.113474466e-15 1e-20
4412.620904 1.122211505e-15 1e-20
4412.733302 1.124759486e-15 1e-20
4412.8457 1.127321126e-15 1e-20
4412.958098 1.132248105e-15 1e-20
4413.070496 1.137255552e-15 1e-20
4413.182894 1.156247619e-15 1e-20
4413.295292 1.175219463e-15 1e-20
4413.40769 1.190670508e-15 1e-20
4413.520088 1.205993864e-15 1e-20
4413.632486 1.199156296e-15 1e-20
4413.744884 1.192244613e-15 1e-20
4413.857282 1.172476029e-15 1e-20
4413.96968 1.152711044e-15 1e-20
4414.082078 1.133568523e-15 1e-20
4414.194476 1.114498e-15 1e-20
4414.306874 1.107887437e-15 1e-20
4414.419272 1.101376083e-15 1e-20
4414.53167 1.111984641e-15 1e-20
4414.644068 1.122563448e-15 1e-20
4414.756466 1.12802554e-15 1e-20
4414.868864 1.133379952e-15 1e-20
4414.981262 1.120194402e-15 1e-20
4415.09366 1.107008429e-15 1e-20
4415.206058 1.093755857e-15 1e-20
4415.318456 1.080580048e-15 1e-20
4415.430854 1.080596141e-15 1e-20
4415.543252 1.080686774e-15 1e-20
4415.65565 1.093600321e-15 1e-20
4415.768048 1.106550713e-15 1e-20
4415.880446 1.125808219e-15 1e-20
4415.992844 1.145001033e-15 1e-20
4416.105242 1.153101103e-15 1e-20
4416.21764 1.1611062e-15 1e-20
4416.330038 1.152881721e-15 1e-20
4416.442436 1.144628868e-15 1e-20
4416.554834 1.131553326e-15 1e-20
4416.667232 1.118517277e-15 1e-20
4416.77963 1.112216728e-15 1e-20
4416.892028 1.106031482e-15 1e-20
4417.004426 1.119477495e-15 1e-20
4417.116824 1.132983859e-15 1e-20
4417.229222 1.156770026e-15 1e-20
4417.34162 1.180449785e-15 1e-20
4417.454018 1.186048779e-15 1e-20
4417.566416 1.191538188e-15 1e-20
4417.678814 1.178423682e-15 1e-20
4417.791212 1.165298377e-15 1e-20
4417.90361 1.150348881e-15 1e-20
4418.016008 1.135459207e-15 1e-20
4418.128406 1.130718681e-15 1e-20
4418.240804 1.126097057e-15 1e-20
4418.353202 1.141604642e-15 1e-20
4418.4656 1.157094016e-15 1e-20
4418.577998 1.169501037e-15 1e-20
4418.690396 1.181692382e-15 1e-20
4418.802794 1.157478357e-15 1e-20
4418.915192 1.133201334e-15 1e-20
4419.02759 1.098308659e-15 1e-20
4419.139988 1.063589732e-15 1e-20
4419.252386 1.058125204e-15 1e-20
4419.364784 1.052816637e-15 1e-20
4419.477182 1.07374121e-15 1e-20
4419.58958 1.094735557e-15 1e-20
4419.701978 1.127447122e-15 1e-20
4419.814376 1.160133912e-15 1e-20
4419.926774 1.188646946e-15 1e-20
4420.039172 1.217050291e-15 1e-20
4420.15157 1.227057879e-15 1e-20
4420.263968 1.23693206e-15 1e-20
4420.376366 1.224471993e-15 1e-20
4420.488764 1.211907318e-15 1e-20
4420.601162 1.181851731e-15 1e-20
4420.71356 1.151858717e-15 1e-20
4420.825958 1.132316609e-15 1e-20
4420.938356 1.112948988e-15 1e-20
4421.050754 1.122680973e-15 1e-20
4421.163152 1.132491097e-15 1e-20
4421.27555 1.155302118e-15 1e-20
4421.387948 1.178098316e-15 1e-20
4421.500346 1.198419907e-15 1e-20
4421.612744 1.218682205e-15 1e-20
4421.725142 1.229085782e-15 1e-20
4421.83754 1.239419266e-15 1e-20
4421.949938 1.238120235e-15 1e-20
4422.062336 1.23681411e-15 1e-20
4422.174734 1.234322563e-15 1e-20
4422.287132 1.231841921e-15 1e-20
4422.39953 1.231154342e-15 1e-20
4422.511928 1.230417212e-15 1e-20
4422.624326 1.221459626e-15 1e-20
4422.736724 1.212461807e-15 1e-20
4422.849122 1.196793709e-15 1e-20
4422.96152 1.18117061e-15 1e-20
4423.073918 1.172974084e-15 1e-20
4423.186316 1.164847862e-15 1e-20
4423.298714 1.16831085e-15 1e-20
4423.411112 1.171823284e-15 1e-20
4423.52351 1.18347581e-15 1e-20
4423.635908 1.195122831e-15 1e-20
4423.748306 1.205849868e-15 1e-20
4423.860704 1.216481508e-15 1e-20
4423.973102 1.211435415e-15 1e-20
4424.0855 1.206393134e-15 1e-20
4424.197898 1.201957116e-15 1e-20
4424.310296 1.197726822e-15 1e-20
4424.422694 1.227225909e-15 1e-20
4424.535092 1.256752313e-15 1e-20
4424.64749 1.290752957e-15 1e-20
4424.759888 1.324461797e-15 1e-20
4424.872286 1.310440226e-15 1e-20
4424.984684 1.296282599e-15 1e-20
4425.097082 1.2598875e-15 1e-20
4425.20948 1.223645924e-15 1e-20
4425.321878 1.21245789e-15 1e-20
4425.434276 1.2013445e-15 1e-20
4425.546674 1.202406997e-15 1e-20
4425.659072 1.203398872e-15 1e-20
4425.77147 1.192891323e-15 1e-20
4425.883868 1.182399126e-15 1e-20
4425.996266 1.174391064e-15 1e-20
4426.108664 1.166490153e-15 1e-20
4426.221062 1.17599418e-15 1e-20
4426.33346 1.185529759e-15 1e-20
4426.445858 1.200185759e-15 1e-20
4426.558256 1.214789665e-15 1e-20
4426.670654 1.220939231e-15 1e-20
4426.783052 1.227001339e-15 1e-20
4426.89545 1.21891334e-15 1e-20
4427.007848 1.210743071e-15 1e-20
4427.120246 1.189274492e-15 1e-20
4427.232644 1.167834818e-15 1e-20
4427.345042 1.151053718e-15 1e-20
4427.45744 1.134383263e-15 1e-20
4427.569838 1.135563286e-15 1e-20
4427.682236 1.136852576e-15 1e-20
4427.794634 1.155766716e-15 1e-20
4427.907032 1.174722889e-15 1e-20
4428.01943 1.200470468e-15 1e-20
4428.131828 1.226059015e-15 1e-20
4428.244226 1.226061556e-15 1e-20
4428.356624 1.225878491e-15 1e-20
4428.469022 1.19589596e-15 1e-20
4428.58142 1.165992309e-15 1e-20
4428.693818 1.148755718e-15 1e-20
4428.806216 1.13168091e-15 1e-20
4428.918614 1.140539922e-15 1e-20
4429.031012 1.149415239e-15 1e-20
4429.14341 1.160901323e-15 1e-20
4429.255808 1.172339868e-15 1e-20
4429.368206 1.176188468e-15 1e-20
4429.480604 1.179992387e-15 1e-20
4429.593002 1.1766789e-15 1e-20
4429.7054 1.173352814e-15 1e-20
4429.817798 1.168020741e-15 1e-20
4429.930196 1.162738961e-15 1e-20
4430.042594 1.165465031e-15 1e-20
4430.154992 1.168222441e-15 1e-20
4430.26739 1.17598751e-15 1e-20
4430.379788 1.183716474e-15 1e-20
4430.492186 1.185718012e-15 1e-20
4430.604584 1.187675294e-15 1e-20
4430.716982 1.182610778e-15 1e-20
4430.82938 1.177523286e-15 1e-20
4430.941778 1.168780742e-15 1e-20
4431.054176 1.160025491e-15 1e-20
4431.166574 1.149250915e-15 1e-20
4431.278972 1.13847295e-15 1e-20
4431.39137 1.127150449e-15 1e-20
4431.503768 1.115879193e-15 1e-20
4431.616166 1.112729183e-15 1e-20
4431.728564 1.109680077e-15 1e-20
4431.840962 1.1225716e-15 1e-20
4431.95336 1.135478582e-15 1e-20
4432.065758 1.150817608e-15 1e-20
4432.178156 1.166076907e-15 1e-20
4432.290554 1.168760413e-15 1e-20
4432.402952 1.171406014e-15 1e-20
4432.51535 1.168081516e-15 1e-20
4432.627748 1.164771417e-15 1e-20
4432.740146 1.163735919e-15 1e-20
4432.852544 1.162679457e-15 1e-20
4432.964942 1.158326449e-15 1e-20
4433.07734 1.153947607e-15 1e-20
4433.189738 1.145515076e-15 1e-20
4433.302136 1.137216165e-15 1e-20
4433.414534 1.149862684e-15 1e-20
4433.526932 1.162687398e-15 1e-20
4433.63933 1.203416554e-15 1e-20
4433.751728 1.244017808e-15 1e-20
4433.864126 1.264613414e-15 1e-20
4433.976524 1.284938181e-15 1e-20
4434.088922 1.262958206e-15 1e-20
4434.20132 1.240948902e-15 1e-20
4434.313718 1.214390289e-15 1e-20
4434.426116 1.187952379e-15 1e-20
4434.538514 1.180319342e-15 1e-20
4434.650912 1.172791972e-15 1e-20
4434.76331 1.181718429e-15 1e-20
4434.875708 1.190692319e-15 1e-20
4434.988106 1.207033385e-15 1e-20
4435.100504 1.223293559e-15 1e-20
4435.212902 1.226984611e-15 1e-20
4435.3253 1.230569254e-15 1e-20
4435.437698 1.217644696e-15 1e-20
4435.550096 1.204699491e-15 1e-20
4435.662494 1.188549432e-15 1e-20
4435.774892 1.172447124e-15 1e-20
4435.88729 1.163736555e-15 1e-20
4435.999688 1.155133135e-15 1e-20
4436.112086 1.163094186e-15 1e-20
4436.224484 1.171100447e-15 1e-20
4436.336882 1.186096954e-15 1e-20
4436.44928 1.200996475e-15 1e-20
4436.561678 1.200911454e-15 1e-20
4436.674076 1.200740459e-15 1e-20
4436.786474 1.187310434e-15 1e-20
4436.898872 1.173885068e-15 1e-20
4437.01127 1.161177986e-15 1e-20
4437.123668 1.148471644e-15 1e-20
4437.236066 1.135868641e-15 1e-20
4437.348464 1.12323398e-15 1e-20
4437.460862 1.105739362e-15 1e-20
4437.57326 1.088283813e-15 1e-20
4437.685658 1.076809692e-15 1e-20
4437.798056 1.065457333e-15 1e-20
4437.910454 1.07276384e-15 1e-20
4438.022852 1.080140332e-15 1e-20
4438.13525 1.098238355e-15 1e-20
4438.247648 1.11632812e-15 1e-20
4438.360046 1.133136113e-15 1e-20
4438.472444 1.149930023e-15 1e-20
4438.584842 1.16455553e-15 1e-20
4438.69724 1.179165577e-15 1e-20
4438.809638 1.191400121e-15 1e-20
4438.922036 1.203565632e-15 1e-20
4439.034434 1.205203688e-15 1e-20
4439.146832 1.206748358e-15 1e-20
4439.25923 1.194061287e-15 1e-20
4439.371628 1.181375592e-15 1e-20
4439.484026 1.168899538e-15 1e-20
4439.596424 1.156490929e-15 1e-20
4439.708822 1.154338406e-15 1e-20
4439.82122 1.15219806e-15 1e-20
4439.933618 1.151901598e-15 1e-20
4440.046016 1.151578138e-15 1e-20
4440.158414 1.147173143e-15 1e-20
4440.270812 1.142754807e-15 1e-20
4440.38321 1.136308251e-15 1e-20
4440.495608 1.129863813e-15 1e-20
4440.608006 1.123743365e-15 1e-20
4440.720404 1.117653515e-15 1e-20
4440.832802 1.116215042e-15 1e-20
4440.9452 1.114793191e-15 1e-20
4441.057598 1.115892746e-15 1e-20
4441.169996 1.116921149e-15 1e-20
4441.282394 1.107224634e-15 1e-20
4441.394792 1.097488414e-15 1e-20
4441.50719 1.08177087e-15 1e-20
4441.619588 1.066179005e-15 1e-20
4441.731986 1.069517056e-15 1e-20
4441.844384 1.072999209e-15 1e-20
4441.956782 1.098171228e-15 1e-20
4442.06918 1.123382211e-15 1e-20
4442.181578 1.154433274e-15 1e-20
4442.293976 1.185426104e-15 1e-20
4442.406374 1.207668659e-15 1e-20
4442.518772 1.229766902e-15 1e-20
4442.63117 1.230198359e-15 1e-20
4442.743568 1.230494609e-15 1e-20
4442.855966 1.210522525e-15 1e-20
4442.968364 1.190482361e-15 1e-20
4443.080762 1.160247308e-15 1e-20
4443.19316 1.130096747e-15 1e-20
4443.305558 1.112591646e-15 1e-20
4443.417956 1.095337373e-15 1e-20
4443.530354 1.11554038e-15 1e-20
4443.642752 1.135898817e-15 1e-20
4443.75515 1.179444039e-15 1e-20
4443.867548 1.222959616e-15 1e-20
4443.979946 1.262072739e-15 1e-20
4444.092344 1.3010677e-15 1e-20
4444.204742 1.322453694e-15 1e-20
4444.31714 1.343673775e-15 1e-20
4444.429538 1.340201787e-15 1e-20
4444.541936 1.336582415e-15 1e-20
4444.654334 1.311064807e-15 1e-20
4444.766732 1.285457942e-15 1e-20
4444.87913 1.246594376e-15 1e-20
4444.991528 1.20776808e-15 1e-20
4445.103926 1.174491967e-15 1e-20
4445.216324 1.141352227e-15 1e-20
4445.328722 1.128414222e-15 1e-20
4445.44112 1.115555203e-15 1e-20
4445.553518 1.114399744e-15 1e-20
4445.665916 1.113262073e-15 1e-20
4445.778314 1.114762592e-15 1e-20
4445.890712 1.116263746e-15 1e-20
4446.00311 1.117864744e-15 1e-20
4446.115508 1.119487024e-15 1e-20
4446.227906 1.124244596e-15 1e-20
4446.340304 1.129177504e-15 1e-20
4446.452702 1.159963129e-15 1e-20
4446.5651 1.190896454e-15 1e-20
4446.677498 1.243580633e-15 1e-20
4446.789896 1.296002232e-15 1e-20
4446.902294 1.309815327e-15 1e-20
4447.014692 1.323260387e-15 1e-20
4447.12709 1.282635734e-15 1e-20
4447.239488 1.242020716e-15 1e-20
4447.351886 1.202822149e-15 1e-20
4447.464284 1.163798494e-15 1e-20
4447.576682 1.150439937e-15 1e-20
4447.68908 1.137156237e-15 1e-20
4447.801478 1.134838226e-15 1e-20
4447.913876 1.132576224e-15 1e-20
4448.026274 1.138499208e-15 1e-20
4448.138672 1.144523518e-15 1e-20
4448.25107 1.165356082e-15 1e-20
4448.363468 1.186207809e-15 1e-20
4448.475866 1.209857393e-15 1e-20
4448.588264 1.233366051e-15 1e-20
4448.700662 1.236312561e-15 1e-20
4448.81306 1.239121746e-15 1e-20
4448.925458 1.221921683e-15 1e-20
4449.037856 1.20468181e-15 1e-20
4449.150254 1.181634149e-15 1e-20
4449.262652 1.158679662e-15 1e-20
4449.37505 1.149260656e-15 1e-20
4449.487448 1.140065478e-15 1e-20
4449.599846 1.163390542e-15 1e-20
4449.712244 1.186854095e-15 1e-20
4449.824642 1.2304152e-15 1e-20
4449.93704 1.27394867e-15 1e-20
4450.049438 1.313456298e-15 1e-20
4450.161836 1.352757674e-15 1e-20
4450.274234 1.362192774e-15 1e-20
4450.386632 1.371293084e-15 1e-20
4450.49903 1.331963439e-15 1e-20
4450.611428 1.292535643e-15 1e-20
4450.723826 1.238929999e-15 1e-20
4450.836224 1.185506042e-15 1e-20
4450.948622 1.158331002e-15 1e-20
4451.06102 1.131322192e-15 1e-20
4451.173418 1.128303684e-15 1e-20
4451.285816 1.125393385e-15 1e-20
4451.398214 1.138074421e-15 1e-20
4451.510612 1.150882618e-15 1e-20
4451.62301 1.181991703e-15 1e-20
4451.735408 1.213199043e-15 1e-20
4451.847806 1.258527165e-15 1e-20
4451.960204 1.303795146e-15 1e-20
4452.072602 1.340411216e-15 1e-20
4452.185 1.376847079e-15 1e-20
4452.297398 1.387406616e-15 1e-20
4452.409796 1.397763923e-15 1e-20
4452.522194 1.379133857e-15 1e-20
4452.634592 1.36037843e-15 1e-20
4452.74699 1.323666328e-15 1e-20
4452.859388 1.287111456e-15 1e-20
4452.971786 1.273060979e-15 1e-20
4453.084184 1.259220673e-15 1e-20
4453.196582 1.275446224e-15 1e-20
4453.30898 1.291509886e-15 1e-20
4453.421378 1.284448385e-15 1e-20
4453.533776 1.277180101e-15 1e-20
4453.646174 1.240422047e-15 1e-20
4453.758572 1.203870881e-15 1e-20
4453.87097 1.19681732e-15 1e-20
4453.983368 1.189968212e-15 1e-20
4454.095766 1.212217756e-15 1e-20
4454.208164 1.234234366e-15 1e-20
4454.320562 1.223121399e-15 1e-20
4454.43296 1.211838179e-15 1e-20
4454.545358 1.176375027e-15 1e-20
4454.657756 1.141201984e-15 1e-20
4454.770154 1.147210095e-15 1e-20
4454.882552 1.153398306e-15 1e-20
4454.99495 1.18514743e-15 1e-20
4455.107348 1.216620527e-15 1e-20
4455.219746 1.20898696e-15 1e-20
4455.332144 1.20123915e-15 1e-20
4455.444542 1.177310575e-15 1e-20
4455.55694 1.153705143e-15 1e-20
4455.669338 1.175799257e-15 1e-20
4455.781736 1.198014601e-15 1e-20
4455.894134 1.237355153e-15 1e-20
4456.006532 1.276414171e-15 1e-20
4456.11893 1.275720663e-15 1e-20
4456.231328 1.274905288e-15 1e-20
4456.343726 1.256911238e-15 1e-20
4456.456124 1.2390831e-15 1e-20
4456.568522 1.244633707e-15 1e-20
4456.68092 1.250305545e-15 1e-20
4456.793318 1.273056638e-15 1e-20
4456.905716 1.295821178e-15 1e-20
4457.018114 1.320477778e-15 1e-20
4457.130512 1.345114684e-15 1e-20
4457.24291 1.366985287e-15 1e-20
4457.355308 1.388809302e-15 1e-20
4457.467706 1.40411487e-15 1e-20
4457.580104 1.419353204e-15 1e-20
4457.692502 1.425165227e-15 1e-20
4457.8049 1.430904193e-15 1e-20
4457.917298 1.426412589e-15 1e-20
4458.029696 1.421857246e-15 1e-20
4458.142094 1.40837174e-15 1e-20
4458.254492 1.394856906e-15 1e-20
4458.36689 1.377256408e-15 1e-20
4458.479288 1.359737967e-15 1e-20
4458.591686 1.353681364e-15 1e-20
4458.704084 1.347728628e-15 1e-20
4458.816482 1.356242156e-15 1e-20
4458.92888 1.364650546e-15 1e-20
4459.041278 1.358414584e-15 1e-20
4459.153676 1.352031767e-15 1e-20
4459.266074 1.325221692e-15 1e-20
4459.378472 1.298547566e-15 1e-20
4459.49087 1.290791073e-15 1e-20
4459.603268 1.283240939e-15 1e-20
4459.715666 1.304364564e-15 1e-20
4459.828064 1.32546352e-15 1e-20
4459.940462 1.343152109e-15 1e-20
4460.05286 1.360733442e-15 1e-20
4460.165258 1.363450936e-15 1e-20
4460.277656 1.366125019e-15 1e-20
4460.390054 1.362773415e-15 1e-20
4460.502452 1.359455587e-15 1e-20
4460.61485 1.360789029e-15 1e-20
4460.727248 1.362270066e-15 1e-20
4460.839646 1.384141621e-15 1e-20
4460.952044 1.406018577e-15 1e-20
4461.064442 1.428639227e-15 1e-20
4461.17684 1.450949863e-15 1e-20
4461.289238 1.430497723e-15 1e-20
4461.401636 1.409870247e-15 1e-20
4461.514034 1.365068133e-15 1e-20
4461.626432 1.320449826e-15 1e-20
4461.73883 1.301150286e-15 1e-20
4461.851228 1.282069069e-15 1e-20
4461.963626 1.293028087e-15 1e-20
4462.076024 1.304102196e-15 1e-20
4462.188422 1.330977704e-15 1e-20
4462.30082 1.357835848e-15 1e-20
4462.413218 1.38229096e-15 1e-20
4462.525616 1.406595724e-15 1e-20
4462.638014 1.410290799e-15 1e-20
4462.750412 1.413868878e-15 1e-20
4462.86281 1.401432846e-15 1e-20
4462.975208 1.388965262e-15 1e-20
4463.087606 1.372173681e-15 1e-20
4463.200004 1.35543091e-15 1e-20
4463.312402 1.345361382e-15 1e-20
4463.4248 1.335400593e-15 1e-20
4463.537198 1.340294537e-15 1e-20
4463.649596 1.345259633e-15 1e-20
4463.761994 1.359916691e-15 1e-20
4463.874392 1.374583596e-15 1e-20
4463.98679 1.390597071e-15 1e-20
4464.099188 1.406535161e-15 1e-20
4464.211586 1.412180106e-15 1e-20
4464.323984 1.417715466e-15 1e-20
4464.436382 1.408324518e-15 1e-20
4464.54878 1.398961627e-15 1e-20
4464.661178 1.393424044e-15 1e-20
4464.773576 1.387997315e-15 1e-20
4464.885974 1.397626386e-15 1e-20
4464.998372 1.407278326e-15 1e-20
4465.11077 1.420045972e-15 1e-20
4465.223168 1.43278143e-15 1e-20
4465.335566 1.441176479e-15 1e-20
4465.447964 1.449555541e-15 1e-20
4465.560362 1.455772551e-15 1e-20
4465.67276 1.461989561e-15 1e-20
4465.785158 1.468204559e-15 1e-20
4465.897556 1.474449521e-15 1e-20
4466.009954 1.484738536e-15 1e-20
4466.122352 1.495014634e-15 1e-20
4466.23475 1.503533139e-15 1e-20
4466.347148 1.511911565e-15 1e-20
4466.459546 1.501385593e-15 1e-20
4466.571944 1.490694343e-15 1e-20
4466.684342 1.457728667e-15 1e-20
4466.79674 1.424658595e-15 1e-20
4466.909138 1.377511894e-15 1e-20
4467.021536 1.33041718e-15 1e-20
4467.133934 1.290312499e-15 1e-20
4467.246332 1.250479822e-15 1e-20
4467.35873 1.247201275e-15 1e-20
4467.471128 1.24416805e-15 1e-20
4467.583526 1.274077101e-15 1e-20
4467.695924 1.304060056e-15 1e-20
4467.808322 1.343943132e-15 1e-20
4467.92072 1.383776021e-15 1e-20
4468.033118 1.41687468e-15 1e-20
4468.145516 1.44982585e-15 1e-20
4468.257914 1.463029929e-15 1e-20
4468.370312 1.47620415e-15 1e-20
4468.48271 1.485396257e-15 1e-20
4468.595108 1.494735219e-15 1e-20
4468.707506 1.523727357e-15 1e-20
4468.819904 1.552759517e-15 1e-20
4468.932302 1.587144184e-15 1e-20
4469.0447 1.621403808e-15 1e-20
4469.157098 1.638994353e-15 1e-20
4469.269496 1.656417292e-15 1e-20
4469.381894 1.651482266e-15 1e-20
4469.494292 1.646390222e-15 1e-20
4469.60669 1.620390122e-15 1e-20
4469.719088 1.59438134e-15 1e-20
4469.831486 1.567206194e-15 1e-20
4469.943884 1.540162231e-15 1e-20
4470.056282 1.53054269e-15 1e-20
4470.16868 1.521052215e-15 1e-20
4470.281078 1.528702723e-15 1e-20
4470.393476 1.536436345e-15 1e-20
4470.505874 1.555197384e-15 1e-20
4470.618272 1.573932694e-15 1e-20
4470.73067 1.589258273e-15 1e-20
4470.843068 1.604474373e-15 1e-20
4470.955466 1.605184822e-15 1e-20
4471.067864 1.605781874e-15 1e-20
4471.180262 1.591368867e-15 1e-20
4471.29266 1.57689445e-15 1e-20
4471.405058 1.554308846e-15 1e-20
4471.517456 1.531822345e-15 1e-20
4471.629854 1.522413821e-15 1e-20
4471.742252 1.513140504e-15 1e-20
4471.85465 1.521719042e-15 1e-20
4471.967048 1.530253428e-15 1e-20
4472.079446 1.532973992e-15 1e-20
4472.191844 1.535590159e-15 1e-20
4472.304242 1.524468193e-15 1e-20
4472.41664 1.513329181e-15 1e-20
4472.529038 1.499963636e-15 1e-20
4472.641436 1.486656537e-15 1e-20
4472.753834 1.481034038e-15 1e-20
4472.866232 1.475554582e-15 1e-20
4472.97863 1.488868669e-15 1e-20
4473.091028 1.502229026e-15 1e-20
4473.203426 1.521663032e-15 1e-20
4473.315824 1.540891103e-15 1e-20
4473.428222 1.533111106e-15 1e-20
4473.54062 1.525247781e-15 1e-20
4473.653018 1.506483249e-15 1e-20
4473.765416 1.487977908e-15 1e-20
4473.877814 1.503387873e-15 1e-20
4473.990212 1.518990219e-15 1e-20
4474.10261 1.559724351e-15 1e-20
4474.215008 1.600397074e-15 1e-20
4474.327406 1.633048182e-15 1e-20
4474.439804 1.665533907e-15 1e-20
4474.552202 1.67643448e-15 1e-20
4474.6646 1.687131236e-15 1e-20
4474.776998 1.671258685e-15 1e-20
4474.889396 1.655291373e-15 1e-20
4475.001794 1.626987767e-15 1e-20
4475.114192 1.59873943e-15 1e-20
4475.22659 1.57767785e-15 1e-20
4475.338988 1.55664634e-15 1e-20
4475.451386 1.539529286e-15 1e-20
4475.563784 1.522393598e-15 1e-20
4475.676182 1.502830525e-15 1e-20
4475.78858 1.483340614e-15 1e-20
4475.900978 1.473350602e-15 1e-20
4476.013376 1.463502891e-15 1e-20
4476.125774 1.472108428e-15 1e-20
4476.238172 1.480761081e-15 1e-20
4476.35057 1.495528677e-15 1e-20
4476.462968 1.510239416e-15 1e-20
4476.575366 1.517603521e-15 1e-20
4476.687764 1.524819818e-15 1e-20
4476.800162 1.512932769e-15 1e-20
4476.91256 1.500907972e-15 1e-20
4477.024958 1.47109093e-15 1e-20
4477.137356 1.44143853e-15 1e-20
4477.249754 1.433058515e-15 1e-20
4477.362152 1.424972527e-15 1e-20
4477.47455 1.454796557e-15 1e-20
4477.586948 1.484618152e-15 1e-20
4477.699346 1.514114804e-15 1e-20
4477.811744 1.543443743e-15 1e-20
4477.924142 1.55119473e-15 1e-20
4478.03654 1.558851802e-15 1e-20
4478.148938 1.554415784e-15 1e-20
4478.261336 1.549995755e-15 1e-20
4478.373734 1.54762925e-15 1e-20
4478.486132 1.545463281e-15 1e-20
4478.59853 1.569046373e-15 1e-20
4478.710928 1.592773989e-15 1e-20
4478.823326 1.635047709e-15 1e-20
4478.935724 1.677137306e-15 1e-20
4479.048122 1.695646352e-15 1e-20
4479.16052 1.7139141e-15 1e-20
4479.272918 1.701283039e-15 1e-20
4479.385316 1.688581144e-15 1e-20
4479.497714 1.666807527e-15 1e-20
4479.610112 1.645054662e-15 1e-20
4479.72251 1.625949093e-15 1e-20
4479.834908 1.606909275e-15 1e-20
4479.947306 1.596265247e-15 1e-20
4480.059704 1.58569724e-15 1e-20
4480.172102 1.584821726e-15 1e-20
4480.2845 1.584001798e-15 1e-20
4480.396898 1.590274395e-15 1e-20
4480.509296 1.59653725e-15 1e-20
4480.621694 1.601575297e-15 1e-20
4480.734092 1.606531604e-15 1e-20
4480.84649 1.601093547e-15 1e-20
4480.958888 1.595564221e-15 1e-20
4481.071286 1.57841858e-15 1e-20
4481.183684 1.561206765e-15 1e-20
4481.296082 1.535572689e-15 1e-20
4481.40848 1.510060904e-15 1e-20
4481.520878 1.50006888e-15 1e-20
4481.633276 1.490369082e-15 1e-20
4481.745674 1.517725176e-15 1e-20
4481.858072 1.54514035e-15 1e-20
4481.97047 1.580045519e-15 1e-20
4482.082868 1.614758941e-15 1e-20
4482.195266 1.62521101e-15 1e-20
4482.307664 1.63556747e-15 1e-20
4482.420062 1.633842487e-15 1e-20
4482.53246 1.632126504e-15 1e-20
4482.644858 1.631558992e-15 1e-20
4482.757256 1.630940552e-15 1e-20
4482.869654 1.623880956e-15 1e-20
4482.982052 1.616735175e-15 1e-20
4483.09445 1.598704067e-15 1e-20
4483.206848 1.580631666e-15 1e-20
4483.319246 1.557349059e-15 1e-20
4483.431644 1.534084664e-15 1e-20
4483.544042 1.513110117e-15 1e-20
4483.65644 1.492243248e-15 1e-20
4483.768838 1.484915143e-15 1e-20
4483.881236 1.477722457e-15 1e-20
4483.993634 1.487527392e-15 1e-20
4484.106032 1.497368433e-15 1e-20
4484.21843 1.511724477e-15 1e-20
4484.330828 1.526085814e-15 1e-20
4484.443226 1.541114932e-15 1e-20
4484.555624 1.556252893e-15 1e-20
4484.668022 1.585045978e-15 1e-20
4484.78042 1.613858757e-15 1e-20
4484.892818 1.64512486e-15 1e-20
4485.005216 1.676086138e-15 1e-20
4485.117614 1.66891558e-15 1e-20
4485.230012 1.661503936e-15 1e-20
4485.34241 1.623951789e-15 1e-20
4485.454808 1.586567673e-15 1e-20
4485.567206 1.570159056e-15 1e-20
4485.679604 1.553993327e-15 1e-20
4485.792002 1.568128401e-15 1e-20
4485.9044 1.582354848e-15 1e-20
4486.016798 1.607979501e-15 1e-20
4486.129196 1.633539885e-15 1e-20
4486.241594 1.651097925e-15 1e-20
4486.353992 1.668428219e-15 1e-20
4486.46639 1.657412661e-15 1e-20
4486.578788 1.646302342e-15 1e-20
4486.691186 1.623402277e-15 1e-20
4486.803584 1.60066283e-15 1e-20
4486.915982 1.597887315e-15 1e-20
4487.02838 1.595247113e-15 1e-20
4487.140778 1.609395634e-15 1e-20
4487.253176 1.623560248e-15 1e-20
4487.365574 1.639721849e-15 1e-20
4487.477972 1.655795252e-15 1e-20
4487.59037 1.660948283e-15 1e-20
4487.702768 1.665934025e-15 1e-20
4487.815166 1.65021394e-15 1e-20
4487.927564 1.634498832e-15 1e-20
4488.039962 1.619387235e-15 1e-20
4488.15236 1.604447373e-15 1e-20
4488.264758 1.610717852e-15 1e-20
4488.377156 1.616919087e-15 1e-20
4488.489554 1.614569629e-15 1e-20
4488.601952 1.611966591e-15 1e-20
4488.71435 1.578087496e-15 1e-20
4488.826748 1.544249271e-15 1e-20
4488.939146 1.515458198e-15 1e-20
4489.051544 1.486960833e-15 1e-20
4489.163942 1.494642363e-15 1e-20
4489.27634 1.502611673e-15 1e-20
4489.388738 1.545986324e-15 1e-20
4489.501136 1.589531653e-15 1e-20
4489.613534 1.654062858e-15 1e-20
4489.725932 1.71845282e-15 1e-20
4489.83833 1.765496077e-15 1e-20
4489.950728 1.812157957e-15 1e-20
4490.063126 1.812032385e-15 1e-20
4490.175524 1.811417227e-15 1e-20
4490.287922 1.750735469e-15 1e-20
4490.40032 1.689772814e-15 1e-20
4490.512718 1.594388963e-15 1e-20
4490.625116 1.49944991e-15 1e-20
4490.737514 1.458953265e-15 1e-20
4490.849912 1.419014603e-15 1e-20
4490.96231 1.447331761e-15 1e-20
4491.074708 1.475512124e-15 1e-20
4491.187106 1.486986668e-15 1e-20
4491.299504 1.498187514e-15 1e-20
4491.411902 1.475971428e-15 1e-20
4491.5243 1.453867891e-15 1e-20
4491.636698 1.445493382e-15 1e-20
4491.749096 1.437383254e-15 1e-20
4491.861494 1.461506328e-15 1e-20
4491.973892 1.485905324e-15 1e-20
4492.08629 1.543899553e-15 1e-20
4492.198688 1.601916016e-15 1e-20
4492.311086 1.662647748e-15 1e-20
4492.423484 1.722986882e-15 1e-20
4492.535882 1.735601426e-15 1e-20
4492.64828 1.747916226e-15 1e-20
4492.760678 1.723817609e-15 1e-20
4492.873076 1.699750333e-15 1e-20
4492.985474 1.679479775e-15 1e-20
4493.097872 1.659334897e-15 1e-20
4493.21027 1.654425811e-15 1e-20
4493.322668 1.649642828e-15 1e-20
4493.435066 1.660126872e-15 1e-20
4493.547464 1.670607846e-15 1e-20
4493.659862 1.680721843e-15 1e-20
4493.77226 1.690680516e-15 1e-20
4493.884658 1.681834951e-15 1e-20
4493.997056 1.672842002e-15 1e-20
4494.109454 1.64603288e-15 1e-20
4494.221852 1.619146995e-15 1e-20
4494.33425 1.582989911e-15 1e-20
4494.446648 1.546977459e-15 1e-20
4494.559046 1.528417378e-15 1e-20
4494.671444 1.51016403e-15 1e-20
4494.783842 1.528887588e-15 1e-20
4494.89624 1.547711095e-15 1e-20
4495.008638 1.57856967e-15 1e-20
4495.121036 1.609314001e-15 1e-20
4495.233434 1.626302094e-15 1e-20
4495.345832 1.643088699e-15 1e-20
4495.45823 1.635656726e-15 1e-20
4495.570628 1.628055664e-15 1e-20
4495.683026 1.600148575e-15 1e-20
4495.795424 1.572428152e-15 1e-20
4495.907822 1.567123184e-15 1e-20
4496.02022 1.562145595e-15 1e-20
4496.132618 1.596437195e-15 1e-20
4496.245016 1.630686337e-15 1e-20
4496.357414 1.659849893e-15 1e-20
4496.469812 1.688747692e-15 1e-20
4496.58221 1.685807112e-15 1e-20
4496.694608 1.682631479e-15 1e-20
4496.807006 1.651320377e-15 1e-20
4496.919404 1.619933465e-15 1e-20
4497.031802 1.579489336e-15 1e-20
4497.1442 1.53931954e-15 1e-20
4497.256598 1.531914036e-15 1e-20
4497.368996 1.524823206e-15 1e-20
4497.481394 1.555292357e-15 1e-20
4497.593792 1.585774638e-15 1e-20
4497.70619 1.617839282e-15 1e-20
4497.818588 1.649781741e-15 1e-20
4497.930986 1.667173869e-15 1e-20
4498.043384 1.684445824e-15 1e-20
4498.155782 1.687430344e-15 1e-20
4498.26818 1.69030528e-15 1e-20
4498.380578 1.680140249e-15 1e-20
4498.492976 1.669897821e-15 1e-20
4498.605374 1.650468262e-15 1e-20
4498.717772 1.631052361e-15 1e-20
4498.83017 1.613257363e-15 1e-20
4498.942568 1.595580633e-15 1e-20
4499.054966 1.591953214e-15 1e-20
4499.167364 1.588465873e-15 1e-20
4499.279762 1.60160346e-15 1e-20
4499.39216 1.614857197e-15 1e-20
4499.504558 1.641877865e-15 1e-20
4499.616956 1.668816372e-15 1e-20
4499.729354 1.686042904e-15 1e-20
4499.841752 1.702979328e-15 1e-20
4499.95415 1.685612294e-15 1e-20
4500.066548 1.668145839e-15 1e-20
4500.178946 1.638939296e-15 1e-20
4500.291344 1.609890937e-15 1e-20
4500.403742 1.599531406e-15 1e-20
4500.51614 1.589362034e-15 1e-20
4500.628538 1.601618072e-15 1e-20
4500.740936 1.614026046e-15 1e-20
4500.853334 1.644343155e-15 1e-20
4500.965732 1.674646923e-15 1e-20
4501.07813 1.703381563e-15 1e-20
4501.190528 1.731964901e-15 1e-20
4501.302926 1.742754513e-15 1e-20
4501.415324 1.753480279e-15 1e-20
4501.527722 1.756720392e-15 1e-20
4501.64012 1.75995627e-15 1e-20
4501.752518 1.762706692e-15 1e-20
4501.864916 1.765351129e-15 1e-20
4501.977314 1.755542593e-15 1e-20
4502.089712 1.745578203e-15 1e-20
4502.20211 1.717338654e-15 1e-20
4502.314508 1.688982956e-15 1e-20
4502.426906 1.64702179e-15 1e-20
4502.539304 1.605085401e-15 1e-20
4502.651702 1.566049252e-15 1e-20
4502.7641 1.527379869e-15 1e-20
4502.876498 1.531609316e-15 1e-20
4502.988896 1.536220246e-15 1e-20
4503.101294 1.585408932e-15 1e-20
4503.213692 1.634509949e-15 1e-20
4503.32609 1.673370021e-15 1e-20
4503.438488 1.711962112e-15 1e-20
4503.550886 1.719276666e-15 1e-20
4503.663284 1.726487669e-15 1e-20
4503.775682 1.7216221e-15 1e-20
4503.88808 1.716700097e-15 1e-20
4504.000478 1.705202578e-15 1e-20
4504.112876 1.693606485e-15 1e-20
4504.225274 1.670536907e-15 1e-20
4504.337672 1.6474686e-15 1e-20
4504.45007 1.624541007e-15 1e-20
4504.562468 1.60178409e-15 1e-20
4504.674866 1.598861085e-15 1e-20
4504.787264 1.596160638e-15 1e-20
4504.899662 1.619306661e-15 1e-20
4505.01206 1.6426601e-15 1e-20
4505.124458 1.690061229e-15 1e-20
4505.236856 1.737385701e-15 1e-20
4505.349254 1.775823315e-15 1e-20
4505.461652 1.813821107e-15 1e-20
4505.57405 1.800864467e-15 1e-20
4505.686448 1.787679341e-15 1e-20
4505.798846 1.748035234e-15 1e-20
4505.911244 1.708547829e-15 1e-20
4506.023642 1.687185764e-15 1e-20
4506.13604 1.666043821e-15 1e-20
4506.248438 1.670329278e-15 1e-20
4506.360836 1.674794095e-15 1e-20
4506.473234 1.699959126e-15 1e-20
4506.585632 1.725168203e-15 1e-20
4506.69803 1.755441796e-15 1e-20
4506.810428 1.785608133e-15 1e-20
4506.922826 1.803423354e-15 1e-20
4507.035224 1.821050321e-15 1e-20
4507.147622 1.817025856e-15 1e-20
4507.26002 1.812806361e-15 1e-20
4507.372418 1.786137741e-15 1e-20
4507.484816 1.759489237e-15 1e-20
4507.597214 1.735162663e-15 1e-20
4507.709612 1.711022647e-15 1e-20
4507.82201 1.708310553e-15 1e-20
4507.934408 1.705691422e-15 1e-20
4508.046806 1.713727964e-15 1e-20
4508.159204 1.721777319e-15 1e-20
4508.271602 1.731303898e-15 1e-20
4508.384 1.740867853e-15 1e-20
4508.496398 1.754726371e-15 1e-20
4508.608796 1.768598335e-15 1e-20
4508.721194 1.784003853e-15 1e-20
4508.833592 1.799290468e-15 1e-20
4508.94599 1.800968017e-15 1e-20
4509.058388 1.802540534e-15 1e-20
4509.170786 1.792113135e-15 1e-20
4509.283184 1.781860859e-15 1e-20
4509.395582 1.791634349e-15 1e-20
4509.50798 1.801505459e-15 1e-20
4509.620378 1.822505524e-15 1e-20
4509.732776 1.843047131e-15 1e-20
4509.845174 1.811296525e-15 1e-20
4509.957572 1.779212399e-15 1e-20
4510.06997 1.709115129e-15 1e-20
4510.182368 1.639455351e-15 1e-20
4510.294766 1.619619745e-15 1e-20
4510.407164 1.600288653e-15 1e-20
4510.519562 1.638364796e-15 1e-20
4510.63196 1.676502984e-15 1e-20
4510.744358 1.72169918e-15 1e-20
4510.856756 1.766723004e-15 1e-20
4510.969154 1.792162051e-15 1e-20
4511.081552 1.81730453e-15 1e-20
4511.19395 1.808766438e-15 1e-20
4511.306348 1.800055551e-15 1e-20
4511.418746 1.771734898e-15 1e-20
4511.531144 1.743489843e-15 1e-20
4511.643542 1.723800245e-15 1e-20
4511.75594 1.704225314e-15 1e-20
4511.868338 1.697633809e-15 1e-20
4511.980736 1.691117796e-15 1e-20
4512.093134 1.693150781e-15 1e-20
4512.205532 1.695084663e-15 1e-20
4512.31793 1.685807112e-15 1e-20
4512.430328 1.676268462e-15 1e-20
4512.542726 1.63722829e-15 1e-20
4512.655124 1.598287962e-15 1e-20
4512.767522 1.570613384e-15 1e-20
4512.87992 1.543406579e-15 1e-20
4512.992318 1.568960187e-15 1e-20
4513.104716 1.594747258e-15 1e-20
4513.217114 1.646853443e-15 1e-20
4513.329512 1.698891971e-15 1e-20
4513.44191 1.74331059e-15 1e-20
4513.554308 1.787496381e-15 1e-20
4513.666706 1.805469362e-15 1e-20
4513.779104 1.823167268e-15 1e-20
4513.891502 1.809932802e-15 1e-20
4514.0039 1.796805062e-15 1e-20
4514.116298 1.795677449e-15 1e-20
4514.228696 1.794850533e-15 1e-20
4514.341094 1.82775014e-15 1e-20
4514.453492 1.860494951e-15 1e-20
4514.56589 1.87586987e-15 1e-20
4514.678288 1.890857483e-15 1e-20
4514.790686 1.862417928e-15 1e-20
4514.903084 1.833887529e-15 1e-20
4515.015482 1.795187864e-15 1e-20
4515.12788 1.756594184e-15 1e-20
4515.240278 1.729859072e-15 1e-20
4515.352676 1.703262449e-15 1e-20
4515.465074 1.692146412e-15 1e-20
4515.577472 1.681111161e-15 1e-20
4515.68987 1.679100199e-15 1e-20
4515.802268 1.676952335e-15 1e-20
4515.914666 1.659530773e-15 1e-20
4516.027064 1.642031919e-15 1e-20
4516.139462 1.615908788e-15 1e-20
4516.25186 1.590078518e-15 1e-20
4516.364258 1.596882522e-15 1e-20
4516.476656 1.603906966e-15 1e-20
4516.589054 1.635479061e-15 1e-20
4516.701452 1.666851996e-15 1e-20
4516.81385 1.676064115e-15 1e-20
4516.926248 1.685041817e-15 1e-20
4517.038646 1.667962245e-15 1e-20
4517.151044 1.650843286e-15 1e-20
4517.263442 1.629344636e-15 1e-20
4517.37584 1.607948372e-15 1e-20
4517.488238 1.597901291e-15 1e-20
4517.600636 1.588072321e-15 1e-20
4517.713034 1.60243387e-15 1e-20
4517.825432 1.616885099e-15 1e-20
4517.93783 1.64128166e-15 1e-20
4518.050228 1.66554873e-15 1e-20
4518.162626 1.675462192e-15 1e-20
4518.275024 1.685267763e-15 1e-20
4518.387422 1.683117782e-15 1e-20
4518.49982 1.680950119e-15 1e-20
4518.612218 1.67683915e-15 1e-20
4518.724616 1.672712512e-15 1e-20
4518.837014 1.666853902e-15 1e-20
4518.949412 1.660974752e-15 1e-20
4519.06181 1.652807131e-15 1e-20
4519.174208 1.644611558e-15 1e-20
4519.286606 1.633319021e-15 1e-20
4519.399004 1.62201346e-15 1e-20
4519.511402 1.609269956e-15 1e-20
4519.6238 1.59669914e-15 1e-20
4519.736198 1.603160095e-15 1e-20
4519.848596 1.609884901e-15 1e-20
4519.960994 1.645643033e-15 1e-20
4520.073392 1.681367494e-15 1e-20
4520.18579 1.713392116e-15 1e-20
4520.298188 1.745127688e-15 1e-20
4520.410586 1.745089148e-15 1e-20
4520.522984 1.744667008e-15 1e-20
4520.635382 1.702103814e-15 1e-20
4520.74778 1.659307474e-15 1e-20
4520.860178 1.590917716e-15 1e-20
4520.972576 1.522982603e-15 1e-20
4521.084974 1.504900038e-15 1e-20
4521.197372 1.487533427e-15 1e-20
4521.30977 1.548614138e-15 1e-20
4521.422168 1.609887972e-15 1e-20
4521.534566 1.692308725e-15 1e-20
4521.646964 1.774494108e-15 1e-20
4521.759362 1.830926725e-15 1e-20
4521.87176 1.886841276e-15 1e-20
4521.984158 1.886108804e-15 1e-20
4522.096556 1.884934181e-15 1e-20
4522.208954 1.835468516e-15 1e-20
4522.321352 1.786052826e-15 1e-20
4522.43375 1.742072546e-15 1e-20
4522.546148 1.698410432e-15 1e-20
4522.658546 1.689434424e-15 1e-20
4522.770944 1.680849851e-15 1e-20
4522.883342 1.71492694e-15 1e-20
4522.99574 1.749125365e-15 1e-20
4523.108138 1.79653507e-15 1e-20
4523.220536 1.843554504e-15 1e-20
4523.332934 1.848103918e-15 1e-20
4523.445332 1.852292073e-15 1e-20
4523.55773 1.817175357e-15 1e-20
4523.670128 1.78202116e-15 1e-20
4523.782526 1.742787547e-15 1e-20
4523.894924 1.703714553e-15 1e-20
4524.007322 1.682081966e-15 1e-20
4524.11972 1.660743407e-15 1e-20
4524.232118 1.671297437e-15 1e-20
4524.344516 1.681984346e-15 1e-20
4524.456914 1.707076426e-15 1e-20
4524.569312 1.732050346e-15 1e-20
4524.68171 1.744226974e-15 1e-20
4524.794108 1.756269559e-15 1e-20
4524.906506 1.753820575e-15 1e-20
4525.018904 1.751292711e-15 1e-20
4525.131302 1.740239672e-15 1e-20
4525.2437 1.729243067e-15 1e-20
4525.356098 1.724343087e-15 1e-20
4525.468496 1.719606691e-15 1e-20
4525.580894 1.732547237e-15 1e-20
4525.693292 1.745474971e-15 1e-20
4525.80569 1.757010501e-15 1e-20
4525.918088 1.768378424e-15 1e-20
4526.030486 1.761677864e-15 1e-20
4526.142884 1.754908377e-15 1e-20
4526.255282 1.740700246e-15 1e-20
4526.36768 1.726535526e-15 1e-20
4526.480078 1.717027475e-15 1e-20
4526.592476 1.707648174e-15 1e-20
4526.704874 1.712124213e-15 1e-20
4526.817272 1.716743931e-15 1e-20
4526.92967 1.736812047e-15 1e-20
4527.042068 1.756869047e-15 1e-20
4527.154466 1.775738611e-15 1e-20
4527.266864 1.79449118e-15 1e-20
4527.379262 1.800682567e-15 1e-20
4527.49166 1.806758334e-15 1e-20
4527.604058 1.800413422e-15 1e-20
4527.716456 1.794010065e-15 1e-20
4527.828854 1.781364075e-15 1e-20
4527.941252 1.76881814e-15 1e-20
4528.05365 1.767000196e-15 1e-20
4528.166048 1.765259543e-15 1e-20
4528.278446 1.77180012e-15 1e-20
4528.390844 1.778164619e-15 1e-20
4528.503242 1.765706035e-15 1e-20
4528.61564 1.753069468e-15 1e-20
4528.728038 1.721412883e-15 1e-20
4528.840436 1.689799072e-15 1e-20
4528.952834 1.662759557e-15 1e-20
4529.065232 1.635907659e-15 1e-20
4529.17763 1.629085127e-15 1e-20
4529.290028 1.622544127e-15 1e-20
4529.402426 1.646019221e-15 1e-20
4529.514824 1.669646041e-15 1e-20
4529.627222 1.709438695e-15 1e-20
4529.73962 1.749113825e-15 1e-20
4529.852018 1.776285477e-15 1e-20
4529.964416 1.803341827e-15 1e-20
4530.076814 1.818137798e-15 1e-20
4530.189212 1.832946475e-15 1e-20
4530.30161 1.849088594e-15 1e-20
4530.414008 1.865111916e-15 1e-20
4530.526406 1.868530329e-15 1e-20
4530.638804 1.871652281e-15 1e-20
4530.751202 1.843298277e-15 1e-20
4530.8636 1.814863381e-15 1e-20
4530.975998 1.777871758e-15 1e-20
4531.088396 1.741082893e-15 1e-20
4531.200794 1.725769279e-15 1e-20
4531.313192 1.710610142e-15 1e-20
4531.42559 1.711800647e-15 1e-20
4531.537988 1.713034986e-15 1e-20
4531.650386 1.718912547e-15 1e-20
4531.762784 1.724801332e-15 1e-20
4531.875182 1.731877339e-15 1e-20
4531.98758 1.738943606e-15 1e-20
4532.099978 1.744982633e-15 1e-20
4532.212376 1.751049083e-15 1e-20
4532.324774 1.760013656e-15 1e-20
4532.437172 1.769017722e-15 1e-20
4532.54957 1.782192261e-15 1e-20
4532.661968 1.795287602e-15 1e-20
4532.774366 1.80003861e-15 1e-20
4532.886764 1.804655363e-15 1e-20
4532.999162 1.795120313e-15 1e-20
4533.11156 1.785586746e-15 1e-20
4533.223958 1.776204691e-15 1e-20
4533.336356 1.766897705e-15 1e-20
4533.448754 1.76548316e-15 1e-20
4533.561152 1.76406205e-15 1e-20
4533.67355 1.761948597e-15 1e-20
4533.785948 1.759797345e-15 1e-20
4533.898346 1.753682297e-15 1e-20
4534.010744 1.747597636e-15 1e-20
4534.123142 1.744696124e-15 1e-20
4534.23554 1.741798001e-15 1e-20
4534.347938 1.739251396e-15 1e-20
4534.460336 1.736541315e-15 1e-20
4534.572734 1.716684215e-15 1e-20
4534.685132 1.696761153e-15 1e-20
4534.79753 1.669925032e-15 1e-20
4534.909928 1.643390984e-15 1e-20
4535.022326 1.648465558e-15 1e-20
4535.134724 1.653813301e-15 1e-20
4535.247122 1.687734959e-15 1e-20
4535.35952 1.721596689e-15 1e-20
4535.471918 1.749200222e-15 1e-20
4535.584316 1.776623231e-15 1e-20
4535.696714 1.785189275e-15 1e-20
4535.809112 1.793580619e-15 1e-20
4535.92151 1.783748049e-15 1e-20
4536.033908 1.773869527e-15 1e-20
4536.146306 1.759190976e-15 1e-20
4536.258704 1.744659808e-15 1e-20
4536.371102 1.745482277e-15 1e-20
4536.4835 1.746402896e-15 1e-20
4536.595898 1.757533438e-15 1e-20
4536.708296 1.768616864e-15 1e-20
4536.820694 1.774801369e-15 1e-20
4536.933092 1.78100345e-15 1e-20
4537.04549 1.789026546e-15 1e-20
4537.157888 1.797160816e-15 1e-20
4537.270286 1.816853908e-15 1e-20
4537.382684 1.836385853e-15 1e-20
4537.495082 1.839204355e-15 1e-20
4537.60748 1.841610987e-15 1e-20
4537.719878 1.801284807e-15 1e-20
4537.832276 1.760929087e-15 1e-20
4537.944674 1.717502873e-15 1e-20
4538.057072 1.674425953e-15 1e-20
4538.16947 1.66751787e-15 1e-20
4538.281868 1.660794652e-15 1e-20
4538.394266 1.673193732e-15 1e-20
4538.506664 1.685576189e-15 1e-20
4538.619062 1.69625071e-15 1e-20
4538.73146 1.706824964e-15 1e-20
4538.843858 1.707027404e-15 1e-20
4538.956256 1.707107978e-15 1e-20
4539.068654 1.694589361e-15 1e-20
4539.181052 1.682112142e-15 1e-20
4539.29345 1.673895075e-15 1e-20
4539.405848 1.665810146e-15 1e-20
4539.518246 1.671348683e-15 1e-20
4539.630644 1.676891772e-15 1e-20
4539.743042 1.682906341e-15 1e-20
4539.85544 1.688892747e-15 1e-20
4539.967838 1.691985793e-15 1e-20
4540.080236 1.695209601e-15 1e-20
4540.192634 1.711893185e-15 1e-20
4540.305032 1.728692072e-15 1e-20
4540.41743 1.75735969e-15 1e-20
4540.529828 1.785889983e-15 1e-20
4540.642226 1.800316649e-15 1e-20
4540.754624 1.814530073e-15 1e-20
4540.867022 1.806875648e-15 1e-20
4540.97942 1.799129108e-15 1e-20
4541.091818 1.781944504e-15 1e-20
4541.204216 1.764727289e-15 1e-20
4541.316614 1.74416027e-15 1e-20
4541.429012 1.723560746e-15 1e-20
4541.54141 1.69963916e-15 1e-20
4541.653808 1.675824405e-15 1e-20
4541.766206 1.662944845e-15 1e-20
4541.878604 1.650389382e-15 1e-20
4541.991002 1.670981388e-15 1e-20
4542.1034 1.691742377e-15 1e-20
4542.215798 1.729768969e-15 1e-20
4542.328196 1.7676216e-15 1e-20
4542.440594 1.787700305e-15 1e-20
4542.552992 1.80758398e-15 1e-20
4542.66539 1.807592662e-15 1e-20
4542.777788 1.807522358e-15 1e-20
4542.890186 1.799412653e-15 1e-20
4543.002584 1.79123455e-15 1e-20
4543.114982 1.776054978e-15 1e-20
4543.22738 1.760809126e-15 1e-20
4543.339778 1.73880501e-15 1e-20
4543.452176 1.716818682e-15 1e-20
4543.564574 1.696640663e-15 1e-20
4543.676972 1.67657117e-15 1e-20
4543.78937 1.667553128e-15 1e-20
4543.901768 1.658768232e-15 1e-20
4544.014166 1.673680882e-15 1e-20
4544.126564 1.688869559e-15 1e-20
4544.238962 1.73211472e-15 1e-20
4544.35136 1.775281637e-15 1e-20
4544.463758 1.810500738e-15 1e-20
4544.576156 1.845342379e-15 1e-20
4544.688554 1.841893896e-15 1e-20
4544.800952 1.838171186e-15 1e-20
4544.91335 1.80667109e-15 1e-20
4545.025748 1.775089572e-15 1e-20
4545.138146 1.735260495e-15 1e-20
4545.250544 1.69568161e-15 1e-20
4545.362942 1.681439598e-15 1e-20
4545.47534 1.667582245e-15 1e-20
4545.587738 1.692626256e-15 1e-20
4545.700136 1.717668044e-15 1e-20
4545.812534 1.742469592e-15 1e-20
4545.924932 1.767053771e-15 1e-20
4546.03733 1.769679255e-15 1e-20
4546.149728 1.772245236e-15 1e-20
4546.262126 1.768809246e-15 1e-20
4546.374524 1.765440385e-15 1e-20
4546.486922 1.768836881e-15 1e-20
4546.59932 1.772404372e-15 1e-20
4546.711718 1.793202419e-15 1e-20
4546.824116 1.81408284e-15 1e-20
4546.936514 1.843254866e-15 1e-20
4547.048912 1.872182524e-15 1e-20
4547.16131 1.876497521e-15 1e-20
4547.273708 1.880505681e-15 1e-20
4547.386106 1.853669772e-15 1e-20
4547.498504 1.826695584e-15 1e-20
4547.610902 1.785851443e-15 1e-20
4547.7233 1.745102488e-15 1e-20
4547.835698 1.713919394e-15 1e-20
4547.948096 1.683115135e-15 1e-20
4548.060494 1.690326138e-15 1e-20
4548.172892 1.697772934e-15 1e-20
4548.28529 1.728857032e-15 1e-20
4548.397688 1.75979004e-15 1e-20
4548.510086 1.775580534e-15 1e-20
4548.622484 1.791176104e-15 1e-20
4548.734882 1.787240154e-15 1e-20
4548.84728 1.783219289e-15 1e-20
4548.959678 1.770708188e-15 1e-20
4549.072076 1.758201747e-15 1e-20
4549.184474 1.746163291e-15 1e-20
4549.296872 1.734214833e-15 1e-20
4549.40927 1.731274887e-15 1e-20
4549.521668 1.728391905e-15 1e-20
4549.634066 1.731205431e-15 1e-20
4549.746464 1.734011121e-15 1e-20
4549.858862 1.7360422e-15 1e-20
4549.97126 1.738097843e-15 1e-20
4550.083658 1.742613906e-15 1e-20
4550.196056 1.747182907e-15 1e-20
4550.308454 1.757031889e-15 1e-20
4550.420852 1.766825495e-15 1e-20
4550.53325 1.771096447e-15 1e-20
4550.645648 1.775231874e-15 1e-20
4550.758046 1.765875865e-15 1e-20
4550.870444 1.756506411e-15 1e-20
4550.982842 1.745802879e-15 1e-20
4551.09524 1.735182674e-15 1e-20
4551.207638 1.732843169e-15 1e-20
4551.320036 1.730523781e-15 1e-20
4551.432434 1.73019725e-15 1e-20
4551.544832 1.729836519e-15 1e-20
4551.65723 1.726075481e-15 1e-20
4551.769628 1.722246469e-15 1e-20
4551.882026 1.71167391e-15 1e-20
4551.994424 1.701090339e-15 1e-20
4552.106822 1.689413248e-15 1e-20
4552.21922 1.678015997e-15 1e-20
4552.331618 1.694317569e-15 1e-20
4552.444016 1.710854723e-15 1e-20
4552.556414 1.750702858e-15 1e-20
4552.668812 1.790174276e-15 1e-20
4552.78121 1.792405784e-15 1e-20
4552.893608 1.794156602e-15 1e-20
4553.006006 1.748402423e-15 1e-20
4553.118404 1.702711136e-15 1e-20
4553.230802 1.663225425e-15 1e-20
4553.3432 1.624024211e-15 1e-20
4553.455598 1.612877151e-15 1e-20
4553.567996 1.60192745e-15 1e-20
4553.680394 1.610438438e-15 1e-20
4553.792792 1.619064515e-15 1e-20
4553.90519 1.639017541e-15 1e-20
4554.017588 1.65898359e-15 1e-20
4554.129986 1.680224106e-15 1e-20
4554.242384 1.701407447e-15 1e-20
4554.354782 1.71696056e-15 1e-20
4554.46718 1.732419864e-15 1e-20
4554.579578 1.738664403e-15 1e-20
4554.691976 1.744852825e-15 1e-20
4554.804374 1.745527275e-15 1e-20
4554.916772 1.746213478e-15 1e-20
4555.02917 1.748045928e-15 1e-20
4555.141568 1.749939046e-15 1e-20
4555.253966 1.757771031e-15 1e-20
4555.366364 1.765694812e-15 1e-20
4555.478762 1.782614295e-15 1e-20
4555.59116 1.799358866e-15 1e-20
4555.703558 1.798944243e-15 1e-20
4555.815956 1.798078788e-15 1e-20
4555.928354 1.753058775e-15 1e-20
4556.040752 1.707993551e-15 1e-20
4556.15315 1.658527463e-15 1e-20
4556.265548 1.609479173e-15 1e-20
4556.377946 1.601293658e-15 1e-20
4556.490344 1.593340019e-15 1e-20
4556.602742 1.608049063e-15 1e-20
4556.71514 1.622746567e-15 1e-20
4556.827538 1.636312541e-15 1e-20
4556.939936 1.649923831e-15 1e-20
4557.052334 1.667948904e-15 1e-20
4557.164732 1.686053492e-15 1e-20
4557.27713 1.711908008e-15 1e-20
4557.389528 1.737730972e-15 1e-20
4557.501926 1.760465548e-15 1e-20
4557.614324 1.783078469e-15 1e-20
4557.726722 1.793854634e-15 1e-20
4557.83912 1.804482992e-15 1e-20
4557.951518 1.800748e-15 1e-20
4558.063916 1.796885318e-15 1e-20
4558.176314 1.780611909e-15 1e-20
4558.288712 1.764298902e-15 1e-20
4558.40111 1.744166835e-15 1e-20
4558.513508 1.724099248e-15 1e-20
4558.625906 1.710285199e-15 1e-20
4558.738304 1.696661627e-15 1e-20
4558.850702 1.701532172e-15 1e-20
4558.9631 1.706571912e-15 1e-20
4559.075498 1.72802101e-15 1e-20
4559.187896 1.749421192e-15 1e-20
4559.300294 1.766085718e-15 1e-20
4559.412692 1.782606884e-15 1e-20
4559.52509 1.785229298e-15 1e-20
4559.637488 1.787734186e-15 1e-20
4559.749886 1.778846057e-15 1e-20
4559.862284 1.769977199e-15 1e-20
4559.974682 1.762957625e-15 1e-20
4560.08708 1.756204549e-15 1e-20
4560.199478 1.775197569e-15 1e-20
4560.311876 1.794302291e-15 1e-20
4560.424274 1.824195354e-15 1e-20
4560.536672 1.853786239e-15 1e-20
4560.64907 1.854202344e-15 1e-20
4560.761468 1.854362856e-15 1e-20
4560.873866 1.829895251e-15 1e-20
4560.986264 1.805445645e-15 1e-20
4561.098662 1.782718057e-15 1e-20
4561.21106 1.760120065e-15 1e-20
4561.323458 1.750005539e-15 1e-20
4561.435856 1.740065607e-15 1e-20
4561.548254 1.746937691e-15 1e-20
4561.660652 1.753794105e-15 1e-20
4561.77305 1.759146612e-15 1e-20
4561.885448 1.764252315e-15 1e-20
4561.997846 1.74562966e-15 1e-20
4562.110244 1.726975348e-15 1e-20
4562.222642 1.705263776e-15 1e-20
4562.33504 1.683791173e-15 1e-20
4562.447438 1.685261622e-15 1e-20
4562.559836 1.686907831e-15 1e-20
4562.672234 1.705409466e-15 1e-20
4562.784632 1.723950276e-15 1e-20
4562.89703 1.746250747e-15 1e-20
4563.009428 1.768373236e-15 1e-20
4563.121826 1.773429705e-15 1e-20
4563.234224 1.778183042e-15 1e-20
4563.346622 1.753908984e-15 1e-20
4563.45902 1.729597233e-15 1e-20
4563.571418 1.701686226e-15 1e-20
4563.683816 1.673975014e-15 1e-20
4563.796214 1.665378477e-15 1e-20
4563.908612 1.657024826e-15 1e-20
4564.02101 1.671874372e-15 1e-20
4564.133408 1.686891314e-15 1e-20
4564.245806 1.717885837e-15 1e-20
4564.358204 1.74872006e-15 1e-20
4564.470602 1.764246068e-15 1e-20
4564.583 1.779466509e-15 1e-20
4564.695398 1.765541923e-15 1e-20
4564.807796 1.751531045e-15 1e-20
4564.920194 1.729289971e-15 1e-20
4565.032592 1.707138472e-15 1e-20
4565.14499 1.693524429e-15 1e-20
4565.257388 1.680098533e-15 1e-20
4565.369786 1.68457002e-15 1e-20
4565.482184 1.689236748e-15 1e-20
4565.594582 1.712466838e-15 1e-20
4565.70698 1.735780785e-15 1e-20
4565.819378 1.767067429e-15 1e-20
4565.931776 1.798321039e-15 1e-20
4566.044174 1.826439568e-15 1e-20
4566.156572 1.854427019e-15 1e-20
4566.26897 1.869973674e-15 1e-20
4566.381368 1.885289088e-15 1e-20
4566.493766 1.878683078e-15 1e-20
4566.606164 1.871750325e-15 1e-20
4566.718562 1.833852165e-15 1e-20
4566.83096 1.795900431e-15 1e-20
4566.943358 1.752863745e-15 1e-20
4567.055756 1.710227918e-15 1e-20
4567.168154 1.705531332e-15 1e-20
4567.280552 1.70118076e-15 1e-20
4567.39295 1.729545352e-15 1e-20
4567.505348 1.757973789e-15 1e-20
4567.617746 1.792439877e-15 1e-20
4567.730144 1.826787911e-15 1e-20
4567.842542 1.849966967e-15 1e-20
4567.95494 1.872896996e-15 1e-20
4568.067338 1.872333507e-15 1e-20
4568.179736 1.871641905e-15 1e-20
4568.292134 1.858851284e-15 1e-20
4568.404532 1.846112755e-15 1e-20
4568.51693 1.838273254e-15 1e-20
4568.629328 1.830490292e-15 1e-20
4568.741726 1.828037708e-15 1e-20
4568.854124 1.825605664e-15 1e-20
4568.966522 1.825105703e-15 1e-20
4569.07892 1.824568684e-15 1e-20
4569.191318 1.820554807e-15 1e-20
4569.303716 1.816453473e-15 1e-20
4569.416114 1.804149473e-15 1e-20
4569.528512 1.791743405e-15 1e-20
4569.64091 1.769753371e-15 1e-20
4569.753308 1.747703197e-15 1e-20
4569.865706 1.720016655e-15 1e-20
4569.978104 1.692495601e-15 1e-20
4570.090502 1.680504474e-15 1e-20
4570.2029 1.66876375e-15 1e-20
4570.315298 1.680492827e-15 1e-20
4570.427696 1.692159753e-15 1e-20
4570.540094 1.698009786e-15 1e-20
4570.652492 1.703642661e-15 1e-20
4570.76489 1.688941133e-15 1e-20
4570.877288 1.674218854e-15 1e-20
4570.989686 1.657561316e-15 1e-20
4571.102084 1.641004892e-15 1e-20
4571.214482 1.633910462e-15 1e-20
4571.32688 1.626916193e-15 1e-20
4571.439278 1.629299214e-15 1e-20
4571.551676 1.631767045e-15 1e-20
4571.664074 1.642155586e-15 1e-20
4571.776472 1.652583832e-15 1e-20
4571.88887 1.66672293e-15 1e-20
4572.001268 1.680859169e-15 1e-20
4572.113666 1.694731662e-15 1e-20
4572.226064 1.708571016e-15 1e-20
4572.338462 1.719309065e-15 1e-20
4572.45086 1.729992479e-15 1e-20
4572.563258 1.735588932e-15 1e-20
4572.675656 1.741116987e-15 1e-20
4572.788054 1.740264977e-15 1e-20
4572.900452 1.739402168e-15 1e-20
4573.01285 1.73754166e-15 1e-20
4573.125248 1.735769668e-15 1e-20
4573.237646 1.742222153e-15 1e-20
4573.350044 1.748721119e-15 1e-20
4573.462442 1.759535718e-15 1e-20
4573.57484 1.770292613e-15 1e-20
4573.687238 1.775700601e-15 1e-20
4573.799636 1.781081589e-15 1e-20
4573.912034 1.78395769e-15 1e-20
4574.024432 1.786875718e-15 1e-20
4574.13683 1.79369031e-15 1e-20
4574.249228 1.800570335e-15 1e-20
4574.361626 1.81352888e-15 1e-20
4574.474024 1.82655053e-15 1e-20
4574.586422 1.845405906e-15 1e-20
4574.69882 1.864161122e-15 1e-20
4574.811218 1.873611045e-15 1e-20
4574.923616 1.882816811e-15 1e-20
4575.036014 1.869438772e-15 1e-20
4575.148412 1.856004618e-15 1e-20
4575.26081 1.837374975e-15 1e-20
4575.373208 1.818881705e-15 1e-20
4575.485606 1.812971109e-15 1e-20
4575.598004 1.80713844e-15 1e-20
4575.710402 1.808487975e-15 1e-20
4575.8228 1.809842381e-15 1e-20
4575.935198 1.811653338e-15 1e-20
4576.047596 1.81347467e-15 1e-20
4576.159994 1.816245315e-15 1e-20
4576.272392 1.818996266e-15 1e-20
4576.38479 1.819948755e-15 1e-20
4576.497188 1.820737978e-15 1e-20
4576.609586 1.806497025e-15 1e-20
4576.721984 1.792080312e-15 1e-20
4576.834382 1.761518304e-15 1e-20
4576.94678 1.731038671e-15 1e-20
4577.059178 1.7081421e-15 1e-20
4577.171576 1.685491698e-15 1e-20
4577.283974 1.685463216e-15 1e-20
4577.396372 1.68568948e-15 1e-20
4577.50877 1.709306029e-15 1e-20
4577.621168 1.733036292e-15 1e-20
4577.733566 1.767195331e-15 1e-20
4577.845964 1.801123448e-15 1e-20
4577.958362 1.813866423e-15 1e-20
4578.07076 1.826304255e-15 1e-20
4578.183158 1.810756118e-15 1e-20
4578.295556 1.795131325e-15 1e-20
4578.407954 1.772474252e-15 1e-20
4578.520352 1.749830838e-15 1e-20
4578.63275 1.728446327e-15 1e-20
4578.745148 1.707048157e-15 1e-20
4578.857546 1.684412154e-15 1e-20
4578.969944 1.661891666e-15 1e-20
4579.082342 1.649941619e-15 1e-20
4579.19474 1.638313762e-15 1e-20
4579.307138 1.656110242e-15 1e-20
4579.419536 1.674100904e-15 1e-20
4579.531934 1.709803449e-15 1e-20
4579.644332 1.745408373e-15 1e-20
4579.75673 1.772092876e-15 1e-20
4579.869128 1.798634865e-15 1e-20
4579.981526 1.812178922e-15 1e-20
4580.093924 1.825637216e-15 1e-20
4580.206322 1.831274221e-15 1e-20
4580.31872 1.836796452e-15 1e-20
4580.431118 1.831863332e-15 1e-20
4580.543516 1.826790452e-15 1e-20
4580.655914 1.80899196e-15 1e-20
4580.768312 1.791189869e-15 1e-20
4580.88071 1.77306834e-15 1e-20
4580.993108 1.755086254e-15 1e-20
4581.105506 1.749783722e-15 1e-20
4581.217904 1.744557423e-15 1e-20
4581.330302 1.746252971e-15 1e-20
4581.4427 1.747940578e-15 1e-20
4581.555098 1.748906513e-15 1e-20
4581.667496 1.74989246e-15 1e-20
4581.779894 1.752687986e-15 1e-20
4581.892292 1.755528087e-15 1e-20
4582.00469 1.762412665e-15 1e-20
4582.117088 1.769329007e-15 1e-20
4582.229486 1.779128966e-15 1e-20
4582.341884 1.788932314e-15 1e-20
4582.454282 1.799022806e-15 1e-20
4582.56668 1.809045747e-15 1e-20
4582.679078 1.81295078e-15 1e-20
4582.791476 1.816752688e-15 1e-20
4582.903874 1.811243162e-15 1e-20
4583.016272 1.805679849e-15 1e-20
4583.12867 1.795254356e-15 1e-20
4583.241068 1.784818275e-15 1e-20
4583.353466 1.773431717e-15 1e-20
4583.465864 1.762047488e-15 1e-20
4583.578262 1.750868453e-15 1e-20
4583.69066 1.739734523e-15 1e-20
4583.803058 1.73266995e-15 1e-20
4583.915456 1.725737409e-15 1e-20
4584.027854 1.730693399e-15 1e-20
4584.140252 1.735764056e-15 1e-20
4584.25265 1.751154539e-15 1e-20
4584.365048 1.76652914e-15 1e-20
4584.477446 1.780466643e-15 1e-20
4584.589844 1.794332996e-15 1e-20
4584.702242 1.801795145e-15 1e-20
4584.81464 1.809189954e-15 1e-20
4584.927038 1.810539913e-15 1e-20
4585.039436 1.811890295e-15 1e-20
4585.151834 1.813278794e-15 1e-20
4585.264232 1.814789265e-15 1e-20
4585.37663 1.827248273e-15 1e-20
4585.489028 1.839712151e-15 1e-20
4585.601426 1.852605687e-15 1e-20
4585.713824 1.865268617e-15 1e-20
4585.826222 1.857263732e-15 1e-20
4585.93862 1.849123746e-15 1e-20
4586.051018 1.828902317e-15 1e-20
4586.163416 1.808771308e-15 1e-20
4586.275814 1.796752334e-15 1e-20
4586.388212 1.784894296e-15 1e-20
4586.50061 1.787458265e-15 1e-20
4586.613008 1.790182323e-15 1e-20
4586.725406 1.80720832e-15 1e-20
4586.837804 1.824326645e-15 1e-20
4586.950202 1.849694858e-15 1e-20
4587.0626 1.875050789e-15 1e-20
4587.174998 1.89932633e-15 1e-20
4587.287396 1.923269622e-15 1e-20
4587.399794 1.917551726e-15 1e-20
4587.512192 1.911299352e-15 1e-20
4587.62459 1.85739227e-15 1e-20
4587.736988 1.803610124e-15 1e-20
4587.849386 1.760979486e-15 1e-20
4587.961784 1.719009003e-15 1e-20
4588.074182 1.735861041e-15 1e-20
4588.18658 1.752829017e-15 1e-20
4588.298978 1.780118089e-15 1e-20
4588.411376 1.807087618e-15 1e-20
4588.523774 1.80560404e-15 1e-20
4588.636172 1.80411538e-15 1e-20
4588.74857 1.802178004e-15 1e-20
4588.860968 1.800409399e-15 1e-20
4588.973366 1.813650853e-15 1e-20
4589.085764 1.826788758e-15 1e-20
4589.198162 1.830725767e-15 1e-20
4589.31056 1.834444877e-15 1e-20
4589.422958 1.81882093e-15 1e-20
4589.535356 1.80316882e-15 1e-20
4589.647754 1.785030669e-15 1e-20
4589.760152 1.766987914e-15 1e-20
4589.87255 1.757387431e-15 1e-20
4589.984948 1.747899285e-15 1e-20
4590.097346 1.748374788e-15 1e-20
4590.209744 1.748958076e-15 1e-20
4590.322142 1.759082555e-15 1e-20
4590.43454 1.769277444e-15 1e-20
4590.546938 1.785694107e-15 1e-20
4590.659336 1.802112994e-15 1e-20
4590.771734 1.818751685e-15 1e-20
4590.884132 1.83530885e-15 1e-20
4590.99653 1.844677882e-15 1e-20
4591.108928 1.85392727e-15 1e-20
4591.221326 1.852618392e-15 1e-20
4591.333724 1.851186906e-15 1e-20
4591.446122 1.838950457e-15 1e-20
4591.55852 1.826703207e-15 1e-20
4591.670918 1.813514057e-15 1e-20
4591.783316 1.800481608e-15 1e-20
4591.895714 1.801241609e-15 1e-20
4592.008112 1.802147299e-15 1e-20
4592.12051 1.815887655e-15 1e-20
4592.232908 1.829682222e-15 1e-20
4592.345306 1.848218268e-15 1e-20
4592.457704 1.866611588e-15 1e-20
4592.570102 1.872455268e-15 1e-20
4592.6825 1.877961406e-15 1e-20
4592.794898 1.853800215e-15 1e-20
4592.907296 1.829613824e-15 1e-20
4593.019694 1.803191055e-15 1e-20
4593.132092 1.777133357e-15 1e-20
4593.24449 1.783113833e-15 1e-20
4593.356888 1.789330631e-15 1e-20
4593.469286 1.816284702e-15 1e-20
4593.581684 1.843240255e-15 1e-20
4593.694082 1.870314816e-15 1e-20
4593.80648 1.897191172e-15 1e-20
4593.918878 1.906697211e-15 1e-20
4594.031276 1.915895777e-15 1e-20
4594.143674 1.898158271e-15 1e-20
4594.256072 1.88042606e-15 1e-20
4594.36847 1.863163529e-15 1e-20
4594.480868 1.846140708e-15 1e-20
4594.593266 1.850104822e-15 1e-20
4594.705664 1.854063854e-15 1e-20
4594.818062 1.857580311e-15 1e-20
4594.93046 1.860912539e-15 1e-20
4595.042858 1.848148599e-15 1e-20
4595.155256 1.835277298e-15 1e-20
4595.267654 1.813039719e-15 1e-20
4595.380052 1.790800869e-15 1e-20
4595.49245 1.76845434e-15 1e-20
4595.604848 1.746261018e-15 1e-20
4595.717246 1.737436946e-15 1e-20
4595.829644 1.728828127e-15 1e-20
4595.942042 1.73897664e-15 1e-20
4596.05444 1.749231245e-15 1e-20
4596.166838 1.768727296e-15 1e-20
4596.279236 1.788260193e-15 1e-20
4596.391634 1.810990746e-15 1e-20
4596.504032 1.833764286e-15 1e-20
4596.61643 1.860280864e-15 1e-20
4596.728828 1.88673815e-15 1e-20
4596.841226 1.908030229e-15 1e-20
4596.953624 1.929055069e-15 1e-20
4597.066022 1.926857018e-15 1e-20
4597.17842 1.924438316e-15 1e-20
4597.290818 1.902852316e-15 1e-20
4597.403216 1.881291516e-15 1e-20
4597.515614 1.861938931e-15 1e-20
4597.628012 1.84269646e-15 1e-20
4597.74041 1.832990945e-15 1e-20
4597.852808 1.823376274e-15 1e-20
4597.965206 1.821647691e-15 1e-20
4598.077604 1.819959766e-15 1e-20
4598.190002 1.821780887e-15 1e-20
4598.3024 1.82357215e-15 1e-20
4598.414798 1.822802197e-15 1e-20
4598.527196 1.82196554e-15 1e-20
4598.639594 1.815358471e-15 1e-20
4598.751992 1.808673476e-15 1e-20
4598.86439 1.79524038e-15 1e-20
4598.976788 1.781842013e-15 1e-20
4599.089186 1.771445531e-15 1e-20
4599.201584 1.761210514e-15 1e-20
4599.313982 1.764926553e-15 1e-20
4599.42638 1.768782353e-15 1e-20
4599.538778 1.784704349e-15 1e-20
4599.651176 1.800688284e-15 1e-20
4599.763574 1.822011492e-15 1e-20
4599.875972 1.843155552e-15 1e-20
4599.98837 1.848878742e-15 1e-20
4600.100768 1.854260577e-15 1e-20
4600.213166 1.830245499e-15 1e-20
4600.325564 1.806241432e-15 1e-20
4600.437962 1.783188372e-15 1e-20
4600.55036 1.760445749e-15 1e-20
4600.662758 1.764429239e-15 1e-20
4600.775156 1.768541796e-15 1e-20
4600.887554 1.783746778e-15 1e-20
4600.999952 1.798933867e-15 1e-20
4601.11235 1.812574909e-15 1e-20
4601.224748 1.826312725e-15 1e-20
4601.337146 1.84837031e-15 1e-20
4601.449544 1.870518316e-15 1e-20
4601.561942 1.900417944e-15 1e-20
4601.67434 1.930104754e-15 1e-20
4601.786738 1.941535676e-15 1e-20
4601.899136 1.952677124e-15 1e-20
4602.011534 1.938982507e-15 1e-20
4602.123932 1.925332147e-15 1e-20
4602.23633 1.915458072e-15 1e-20
4602.348728 1.905757851e-15 1e-20
4602.461126 1.910946351e-15 1e-20
4602.573524 1.916163439e-15 1e-20
4602.685922 1.923813841e-15 1e-20
4602.79832 1.931337611e-15 1e-20
4602.910718 1.928010465e-15 1e-20
4603.023116 1.924357847e-15 1e-20
4603.135514 1.892862833e-15 1e-20
4603.247912 1.861212388e-15 1e-20
4603.36031 1.816291055e-15 1e-20
4603.472708 1.771713617e-15 1e-20
4603.585106 1.756478035e-15 1e-20
4603.697504 1.741601172e-15 1e-20
4603.809902 1.757331738e-15 1e-20
4603.9223 1.77310148e-15 1e-20
4604.034698 1.792208002e-15 1e-20
4604.147096 1.811286149e-15 1e-20
4604.259494 1.827948346e-15 1e-20
4604.371892 1.844632565e-15 1e-20
4604.48429 1.863206516e-15 1e-20
4604.596688 1.88171228e-15 1e-20
4604.709086 1.89440041e-15 1e-20
4604.821484 1.906906004e-15 1e-20
4604.933882 1.90388739e-15 1e-20
4605.04628 1.90066443e-15 1e-20
4605.158678 1.88005273e-15 1e-20
4605.271076 1.859269083e-15 1e-20
4605.383474 1.823859506e-15 1e-20
4605.495872 1.788601124e-15 1e-20
4605.60827 1.766193609e-15 1e-20
4605.720668 1.744244232e-15 1e-20
4605.833066 1.761183832e-15 1e-20
4605.945464 1.778211418e-15 1e-20
4606.057862 1.802706976e-15 1e-20
4606.17026 1.826899719e-15 1e-20
4606.282658 1.825418258e-15 1e-20
4606.395056 1.823921128e-15 1e-20
4606.507454 1.821097543e-15 1e-20
4606.619852 1.818513669e-15 1e-20
4606.73225 1.83621814e-15 1e-20
4606.844648 1.853910329e-15 1e-20
4606.957046 1.87055135e-15 1e-20
4607.069444 1.88698866e-15 1e-20
4607.181842 1.886182073e-15 1e-20
4607.29424 1.885293747e-15 1e-20
4607.406638 1.877482197e-15 1e-20
4607.519036 1.869681871e-15 1e-20
4607.631434 1.862835303e-15 1e-20
4607.743832 1.855975184e-15 1e-20
4607.85623 1.847956111e-15 1e-20
4607.968628 1.839934074e-15 1e-20
4608.081026 1.831653903e-15 1e-20
4608.193424 1.823451024e-15 1e-20
4608.305822 1.821744041e-15 1e-20
4608.41822 1.820113926e-15 1e-20
4608.530618 1.824962343e-15 1e-20
4608.643016 1.829762267e-15 1e-20
4608.755414 1.83046721e-15 1e-20
4608.867812 1.831114555e-15 1e-20
4608.98021 1.826899507e-15 1e-20
4609.092608 1.822763022e-15 1e-20
4609.205006 1.825231487e-15 1e-20
4609.317404 1.827767928e-15 1e-20
4609.429802 1.83601337e-15 1e-20
4609.5422 1.844188932e-15 1e-20
4609.654598 1.846482909e-15 1e-20
4609.766996 1.848666772e-15 1e-20
4609.879394 1.841589176e-15 1e-20
4609.991792 1.834427301e-15 1e-20
4610.10419 1.820181689e-15 1e-20
4610.216588 1.805947724e-15 1e-20
4610.328986 1.792691658e-15 1e-20
4610.441384 1.779578317e-15 1e-20
4610.553782 1.778425506e-15 1e-20
4610.66618 1.777423254e-15 1e-20
4610.778578 1.78906191e-15 1e-20
4610.890976 1.800795858e-15 1e-20
4611.003374 1.820527914e-15 1e-20
4611.115772 1.840233923e-15 1e-20
4611.22817 1.857748447e-15 1e-20
4611.340568 1.875104364e-15 1e-20
4611.452966 1.879189816e-15 1e-20
4611.565364 1.883216822e-15 1e-20
4611.677762 1.882351366e-15 1e-20
4611.79016 1.881568919e-15 1e-20
4611.902558 1.887727484e-15 1e-20
4612.014956 1.893800075e-15 1e-20
4612.127354 1.892706556e-15 1e-20
4612.239752 1.891369938e-15 1e-20
4612.35215 1.869747728e-15 1e-20
4612.464548 1.848178669e-15 1e-20
4612.576946 1.831018628e-15 1e-20
4612.689344 1.814158438e-15 1e-20
4612.801742 1.822296095e-15 1e-20
4612.91414 1.830446246e-15 1e-20
4613.026538 1.839653706e-15 1e-20
4613.138936 1.848659572e-15 1e-20
4613.251334 1.840867927e-15 1e-20
4613.363732 1.833134728e-15 1e-20
4613.47613 1.830248675e-15 1e-20
4613.588528 1.827554687e-15 1e-20
4613.700926 1.840815623e-15 1e-20
4613.813324 1.853978727e-15 1e-20
4613.925722 1.858992103e-15 1e-20
4614.03812 1.863789486e-15 1e-20
4614.150518 1.850642899e-15 1e-20
4614.262916 1.837550311e-15 1e-20
4614.375314 1.828922645e-15 1e-20
4614.487712 1.820451045e-15 1e-20
4614.60011 1.824908133e-15 1e-20
4614.712508 1.829340868e-15 1e-20
4614.824906 1.8317583e-15 1e-20
4614.937304 1.834103522e-15 1e-20
4615.049702 1.830465516e-15 1e-20
4615.1621 1.826843179e-15 1e-20
4615.274498 1.824512145e-15 1e-20
4615.386896 1.822326588e-15 1e-20
4615.499294 1.832167629e-15 1e-20
4615.611692 1.842366117e-15 1e-20
4615.72409 1.882123726e-15 1e-20
4615.836488 1.921935969e-15 1e-20
4615.948886 1.966255485e-15 1e-20
4616.061284 2.009934857e-15 1e-20
4616.173682 2.000723797e-15 1e-20
4616.28608 1.990938449e-15 1e-20
4616.398478 1.933759278e-15 1e-20
4616.510876 1.876531826e-15 1e-20
4616.623274 1.815321202e-15 1e-20
4616.735672 1.754409157e-15 1e-20
4616.84807 1.718124489e-15 1e-20
4616.960468 1.68238044e-15 1e-20
4617.072866 1.691171901e-15 1e-20
4617.185264 1.700236106e-15 1e-20
4617.297662 1.731746685e-15 1e-20
4617.41006 1.76307621e-15 1e-20
4617.522458 1.779499755e-15 1e-20
4617.634856 1.795706672e-15 1e-20
4617.747254 1.79409625e-15 1e-20
4617.859652 1.792367244e-15 1e-20
4617.97205 1.780913241e-15 1e-20
4618.084448 1.769639127e-15 1e-20
4618.196846 1.773141079e-15 1e-20
4618.309244 1.777061147e-15 1e-20
4618.421642 1.815309767e-15 1e-20
4618.53404 1.853308724e-15 1e-20
4618.646438 1.870811813e-15 1e-20
4618.758836 1.887531608e-15 1e-20
4618.871234 1.840024071e-15 1e-20
4618.983632 1.792648248e-15 1e-20
4619.09603 1.756086176e-15 1e-20
4619.208428 1.720360656e-15 1e-20
4619.320826 1.753168783e-15 1e-20
4619.433224 1.786106612e-15 1e-20
4619.545622 1.829657235e-15 1e-20
4619.65802 1.872777776e-15 1e-20
4619.770418 1.880708334e-15 1e-20
4619.882816 1.888385417e-15 1e-20
4619.995214 1.875343439e-15 1e-20
4620.107612 1.862229887e-15 1e-20
4620.22001 1.843271172e-15 1e-20
4620.332408 1.824379584e-15 1e-20
4620.444806 1.810950512e-15 1e-20
4620.557204 1.797679412e-15 1e-20
4620.669602 1.797306505e-15 1e-20
4620.782 1.797076959e-15 1e-20
4620.894398 1.808544938e-15 1e-20
4621.006796 1.820046587e-15 1e-20
4621.119194 1.834287117e-15 1e-20
4621.231592 1.84832097e-15 1e-20
4621.34399 1.845518562e-15 1e-20
4621.456388 1.842505454e-15 1e-20
4621.568786 1.822342258e-15 1e-20
4621.681184 1.802230308e-15 1e-20
4621.793582 1.786268184e-15 1e-20
4621.90598 1.770438832e-15 1e-20
4622.018378 1.765399833e-15 1e-20
4622.130776 1.76042722e-15 1e-20
4622.243174 1.760853701e-15 1e-20
4622.355572 1.761314805e-15 1e-20
4622.46797 1.764593352e-15 1e-20
4622.580368 1.76787984e-15 1e-20
4622.692766 1.771813355e-15 1e-20
4622.805164 1.775800127e-15 1e-20
4622.917562 1.78410825e-15 1e-20
4623.02996 1.792548086e-15 1e-20
4623.142358 1.81168616e-15 1e-20
4623.254756 1.830833128e-15 1e-20
4623.367154 1.850711297e-15 1e-20
4623.479552 1.870413072e-15 1e-20
4623.59195 1.875839589e-15 1e-20
4623.704348 1.881062394e-15 1e-20
4623.816746 1.869773774e-15 1e-20
4623.929144 1.858323794e-15 1e-20
4624.041542 1.833804731e-15 1e-20
4624.15394 1.809347926e-15 1e-20
4624.266338 1.789933931e-15 1e-20
4624.378736 1.770793527e-15 1e-20
4624.491134 1.773782495e-15 1e-20
4624.603532 1.77685553e-15 1e-20
4624.71593 1.786718593e-15 1e-20
4624.828328 1.796437661e-15 1e-20
4624.940726 1.794527602e-15 1e-20
4625.053124 1.792416796e-15 1e-20
4625.165522 1.774094203e-15 1e-20
4625.27792 1.755616073e-15 1e-20
4625.390318 1.724598468e-15 1e-20
4625.502716 1.693830631e-15 1e-20
4625.615114 1.683189568e-15 1e-20
4625.727512 1.672999444e-15 1e-20
4625.83991 1.699131999e-15 1e-20
4625.952308 1.725144169e-15 1e-20
4626.064706 1.741458658e-15 1e-20
4626.177104 1.757351008e-15 1e-20
4626.289502 1.739268019e-15 1e-20
4626.4019 1.721258828e-15 1e-20
4626.514298 1.709194326e-15 1e-20
4626.626696 1.697406592e-15 1e-20
4626.739094 1.707866602e-15 1e-20
4626.851492 1.718195957e-15 1e-20
4626.96389 1.718029939e-15 1e-20
4627.076288 1.717628869e-15 1e-20
4627.188686 1.698355269e-15 1e-20
4627.301084 1.679180667e-15 1e-20
4627.413482 1.667939057e-15 1e-20
4627.52588 1.65691143e-15 1e-20
4627.638278 1.663038442e-15 1e-20
4627.750676 1.66926477e-15 1e-20
4627.863074 1.683443254e-15 1e-20
4627.975472 1.697603528e-15 1e-20
4628.08787 1.710295046e-15 1e-20
4628.200268 1.722827534e-15 1e-20
4628.312666 1.722628587e-15 1e-20
4628.425064 1.722347478e-15 1e-20
4628.537462 1.715498899e-15 1e-20
4628.64986 1.708801197e-15 1e-20
4628.762258 1.714160692e-15 1e-20
4628.874656 1.719681018e-15 1e-20
4628.987054 1.73804808e-15 1e-20
4629.099452 1.756469882e-15 1e-20
4629.21185 1.779268939e-15 1e-20
4629.324248 1.801945069e-15 1e-20
4629.436646 1.814799006e-15 1e-20
4629.549044 1.827331917e-15 1e-20
4629.661442 1.81423827e-15 1e-20
4629.77384 1.8011226e-15 1e-20
4629.886238 1.786226891e-15 1e-20
4629.998636 1.771720922e-15 1e-20
4630.111034 1.788259558e-15 1e-20
4630.223432 1.80486691e-15 1e-20
4630.33583 1.826950329e-15 1e-20
4630.448228 1.848656819e-15 1e-20
4630.560626 1.840343826e-15 1e-20
4630.673024 1.831687361e-15 1e-20
4630.785422 1.795702648e-15 1e-20
4630.89782 1.759537836e-15 1e-20
4631.010218 1.709038155e-15 1e-20
4631.122616 1.658682787e-15 1e-20
4631.235014 1.61979614e-15 1e-20
4631.347412 1.581304316e-15 1e-20
4631.45981 1.574168804e-15 1e-20
4631.572208 1.567218475e-15 1e-20
4631.684606 1.574972003e-15 1e-20
4631.797004 1.582704144e-15 1e-20
4631.909402 1.588742641e-15 1e-20
4632.0218 1.594783045e-15 1e-20
4632.134198 1.600973162e-15 1e-20
4632.246596 1.607189854e-15 1e-20
4632.358994 1.615527411e-15 1e-20
4632.471392 1.623895356e-15 1e-20
4632.58379 1.634672897e-15 1e-20
4632.696188 1.645495649e-15 1e-20
4632.808586 1.65989468e-15 1e-20
4632.920984 1.674389531e-15 1e-20
4633.033382 1.696466704e-15 1e-20
4633.14578 1.718550123e-15 1e-20
4633.258178 1.741139221e-15 1e-20
4633.370576 1.763418623e-15 1e-20
4633.482974 1.761225549e-15 1e-20
4633.595372 1.758678838e-15 1e-20
4633.70777 1.728194758e-15 1e-20
4633.820168 1.697627562e-15 1e-20
4633.932566 1.660503908e-15 1e-20
4634.044964 1.623578354e-15 1e-20
4634.157362 1.602272193e-15 1e-20
4634.26976 1.581477852e-15 1e-20
4634.382158 1.601026949e-15 1e-20
4634.494556 1.620854508e-15 1e-20
4634.606954 1.662629114e-15 1e-20
4634.719352 1.704017049e-15 1e-20
4634.83175 1.714951609e-15 1e-20
4634.944148 1.72551591e-15 1e-20
4635.056546 1.706932325e-15 1e-20
4635.168944 1.688398079e-15 1e-20
4635.281342 1.673743986e-15 1e-20
4635.39374 1.659246276e-15 1e-20
4635.506138 1.657042296e-15 1e-20
4635.618536 1.654975853e-15 1e-20
4635.730934 1.66371988e-15 1e-20
4635.843332 1.672381428e-15 1e-20
4635.95573 1.674563914e-15 1e-20
4636.068128 1.67639774e-15 1e-20
4636.180526 1.650857156e-15 1e-20
4636.292924 1.625378722e-15 1e-20
4636.405322 1.604779622e-15 1e-20
4636.51772 1.584750046e-15 1e-20
4636.630118 1.609366623e-15 1e-20
4636.742516 1.634244828e-15 1e-20
4636.854914 1.679625465e-15 1e-20
4636.967312 1.724826531e-15 1e-20
4637.07971 1.755963674e-15 1e-20
4637.192108 1.786804356e-15 1e-20
4637.304506 1.794435699e-15 1e-20
4637.416904 1.801758299e-15 1e-20
4637.529302 1.784911237e-15 1e-20
4637.6417 1.767957025e-15 1e-20
4637.754098 1.742613906e-15 1e-20
4637.866496 1.717365547e-15 1e-20
4637.978894 1.699518457e-15 1e-20
4638.091292 1.681809434e-15 1e-20
4638.20369 1.674885998e-15 1e-20
4638.316088 1.668083265e-15 1e-20
4638.428486 1.670714255e-15 1e-20
4638.540884 1.673357104e-15 1e-20
4638.653282 1.676921101e-15 1e-20
4638.76568 1.680368525e-15 1e-20
4638.878078 1.674721991e-15 1e-20
4638.990476 1.66878122e-15 1e-20
4639.102874 1.639912114e-15 1e-20
4639.215272 1.610837496e-15 1e-20
4639.32767 1.565754379e-15 1e-20
4639.440068 1.521014946e-15 1e-20
4639.552466 1.503031378e-15 1e-20
4639.664864 1.485555182e-15 1e-20
4639.777262 1.507556757e-15 1e-20
4639.88966 1.529699257e-15 1e-20
4640.002058 1.562797387e-15 1e-20
4640.114456 1.595810496e-15 1e-20
4640.226854 1.622215584e-15 1e-20
4640.339252 1.648452747e-15 1e-20
4640.45165 1.661648779e-15 1e-20
4640.564048 1.674673075e-15 1e-20
4640.676446 1.674365602e-15 1e-20
4640.788844 1.673975649e-15 1e-20
4640.901242 1.667193668e-15 1e-20
4641.01364 1.660366265e-15 1e-20
4641.126038 1.650015734e-15 1e-20
4641.238436 1.63961904e-15 1e-20
4641.350834 1.625645432e-15 1e-20
4641.463232 1.611679764e-15 1e-20
4641.57563 1.598326713e-15 1e-20
4641.688028 1.585052966e-15 1e-20
4641.800426 1.577918513e-15 1e-20
4641.912824 1.570840812e-15 1e-20
4642.025222 1.568161329e-15 1e-20
4642.13762 1.56547994e-15 1e-20
4642.250018 1.562659003e-15 1e-20
4642.362416 1.559822925e-15 1e-20
4642.474814 1.5558244e-15 1e-20
4642.587212 1.551814864e-15 1e-20
4642.69961 1.546953318e-15 1e-20
4642.812008 1.542103631e-15 1e-20
4642.924406 1.538167151e-15 1e-20
4643.036804 1.534268576e-15 1e-20
4643.149202 1.533298088e-15 1e-20
4643.2616 1.532414421e-15 1e-20
4643.373998 1.538226444e-15 1e-20
4643.486396 1.544140216e-15 1e-20
4643.598794 1.557896243e-15 1e-20
4643.711192 1.571542155e-15 1e-20
4643.82359 1.576705139e-15 1e-20
4643.935988 1.581631906e-15 1e-20
4644.048386 1.568366417e-15 1e-20
4644.160784 1.555229148e-15 1e-20
4644.273182 1.551967118e-15 1e-20
4644.38558 1.549028443e-15 1e-20
4644.497978 1.570951985e-15 1e-20
4644.610376 1.592720308e-15 1e-20
4644.722774 1.602554361e-15 1e-20
4644.835172 1.612002166e-15 1e-20
4644.94757 1.59177809e-15 1e-20
4645.059968 1.571601977e-15 1e-20
4645.172366 1.555109928e-15 1e-20
4645.284764 1.538899835e-15 1e-20
4645.397162 1.544326351e-15 1e-20
4645.50956 1.549884264e-15 1e-20
4645.621958 1.565522292e-15 1e-20
4645.734356 1.581141474e-15 1e-20
4645.846754 1.595314558e-15 1e-20
4645.959152 1.609308072e-15 1e-20
4646.07155 1.609546618e-15 1e-20
4646.183948 1.609601357e-15 1e-20
4646.296346 1.595590797e-15 1e-20
4646.408744 1.581556414e-15 1e-20
4646.521142 1.565695404e-15 1e-20
4646.63354 1.550028048e-15 1e-20
4646.745938 1.549180591e-15 1e-20
4646.858336 1.548830767e-15 1e-20
4646.970734 1.586527333e-15 1e-20
4647.083132 1.624316014e-15 1e-20
4647.19553 1.669134115e-15 1e-20
4647.307928 1.713142665e-15 1e-20
4647.420326 1.695322574e-15 1e-20
4647.532724 1.676986322e-15 1e-20
4647.645122 1.61925118e-15 1e-20
4647.75752 1.56192399e-15 1e-20
4647.869918 1.535726955e-15 1e-20
4647.982316 1.509974189e-15 1e-20
4648.094714 1.518101258e-15 1e-20
4648.207112 1.526342995e-15 1e-20
4648.31951 1.543330558e-15 1e-20
4648.431908 1.560241783e-15 1e-20
4648.544306 1.571332303e-15 1e-20
4648.656704 1.582202806e-15 1e-20
4648.769102 1.576329797e-15 1e-20
4648.8815 1.570369226e-15 1e-20
4648.993898 1.557742189e-15 1e-20
4649.106296 1.545228547e-15 1e-20
4649.218694 1.541338443e-15 1e-20
4649.331092 1.537529441e-15 1e-20
4649.44349 1.539876993e-15 1e-20
4649.555888 1.542257262e-15 1e-20
4649.668286 1.547126325e-15 1e-20
4649.780684 1.552306355e-15 1e-20
4649.893082 1.581097428e-15 1e-20
4650.00548 1.61030143e-15 1e-20
4650.117878 1.670836122e-15 1e-20
4650.230276 1.730946027e-15 1e-20
4650.342674 1.758834586e-15 1e-20
4650.455072 1.785785587e-15 1e-20
4650.56747 1.741672428e-15 1e-20
4650.679868 1.69745392e-15 1e-20
4650.792266 1.645257209e-15 1e-20
4650.904664 1.59353653e-15 1e-20
4651.017062 1.577849904e-15 1e-20
4651.12946 1.562317755e-15 1e-20
4651.241858 1.558466296e-15 1e-20
4651.354256 1.554569415e-15 1e-20
4651.466654 1.547243321e-15 1e-20
4651.579052 1.539942215e-15 1e-20
4651.69145 1.534518663e-15 1e-20
4651.803848 1.529184155e-15 1e-20
4651.916246 1.530572654e-15 1e-20
4652.028644 1.532161476e-15 1e-20
4652.141042 1.548875024e-15 1e-20
4652.25344 1.565711286e-15 1e-20
4652.365838 1.591807313e-15 1e-20
4652.478236 1.617703757e-15 1e-20
4652.590634 1.628539849e-15 1e-20
4652.703032 1.639136867e-15 1e-20
4652.81543 1.631713788e-15 1e-20
4652.927828 1.624271121e-15 1e-20
4653.040226 1.61534657e-15 1e-20
4653.152624 1.606539333e-15 1e-20
4653.265022 1.606566862e-15 1e-20
4653.37742 1.606809431e-15 1e-20
4653.489818 1.623237952e-15 1e-20
4653.602216 1.639633546e-15 1e-20
4653.714614 1.653549662e-15 1e-20
4653.827012 1.666989851e-15 1e-20
4653.93941 1.644655816e-15 1e-20
4654.051808 1.622056236e-15 1e-20
4654.164206 1.579505535e-15 1e-20
4654.276604 1.53718364e-15 1e-20
4654.389002 1.512039573e-15 1e-20
4654.5014 1.487223096e-15 1e-20
4654.613798 1.487000538e-15 1e-20
4654.726196 1.487041831e-15 1e-20
4654.838594 1.506873413e-15 1e-20
4654.950992 1.526774135e-15 1e-20
4655.06339 1.551859756e-15 1e-20
4655.175788 1.576788783e-15 1e-20
4655.288186 1.589984815e-15 1e-20
4655.400584 1.602966654e-15 1e-20
4655.512982 1.59990463e-15 1e-20
4655.62538 1.596648741e-15 1e-20
4655.737778 1.578877672e-15 1e-20
4655.850176 1.561043923e-15 1e-20
4655.962574 1.538517823e-15 1e-20
4656.074972 1.516081614e-15 1e-20
4656.18737 1.500362483e-15 1e-20
4656.299768 1.484907943e-15 1e-20
4656.412166 1.489218388e-15 1e-20
4656.524564 1.493828576e-15 1e-20
4656.636962 1.520821611e-15 1e-20
4656.74936 1.54764005e-15 1e-20
4656.861758 1.561413547e-15 1e-20
4656.974156 1.574779833e-15 1e-20
4657.086554 1.557749282e-15 1e-20
4657.198952 1.540911114e-15 1e-20
4657.31135 1.538423061e-15 1e-20
4657.423748 1.536360748e-15 1e-20
4657.536146 1.566035912e-15 1e-20
4657.648544 1.595471789e-15 1e-20
4657.760942 1.60708334e-15 1e-20
4657.87334 1.618240246e-15 1e-20
4657.985738 1.595546222e-15 1e-20
4658.098136 1.572966653e-15 1e-20
4658.210534 1.558908023e-15 1e-20
4658.322932 1.545158349e-15 1e-20
4658.43533 1.554381903e-15 1e-20
4658.547728 1.563618903e-15 1e-20
4658.660126 1.573858896e-15 1e-20
4658.772524 1.584025197e-15 1e-20
4658.884922 1.588709713e-15 1e-20
4658.99732 1.593430228e-15 1e-20
4659.109718 1.600822178e-15 1e-20
4659.222116 1.60824134e-15 1e-20
4659.334514 1.617674958e-15 1e-20
4659.446912 1.627032766e-15 1e-20
4659.55931 1.630776334e-15 1e-20
4659.671708 1.634540548e-15 1e-20
4659.784106 1.639845092e-15 1e-20
4659.896504 1.645393264e-15 1e-20
4660.008902 1.668995837e-15 1e-20
4660.1213 1.692574905e-15 1e-20
4660.233698 1.714411414e-15 1e-20
4660.346096 1.735743621e-15 1e-20
4660.458494 1.71973004e-15 1e-20
4660.570892 1.703441702e-15 1e-20
4660.68329 1.666818539e-15 1e-20
4660.795688 1.630402051e-15 1e-20
4660.908086 1.609267944e-15 1e-20
4661.020484 1.588283338e-15 1e-20
4661.132882 1.578344253e-15 1e-20
4661.24528 1.568360805e-15 1e-20
4661.357678 1.555089705e-15 1e-20
4661.470076 1.541905319e-15 1e-20
4661.582474 1.535118786e-15 1e-20
4661.694872 1.528556292e-15 1e-20
4661.80727 1.53852534e-15 1e-20
4661.919668 1.548442084e-15 1e-20
4662.032066 1.554504617e-15 1e-20
4662.144464 1.560281276e-15 1e-20
4662.256862 1.544980155e-15 1e-20
4662.36926 1.529721492e-15 1e-20
4662.481658 1.517581921e-15 1e-20
4662.594056 1.505757024e-15 1e-20
4662.706454 1.517109595e-15 1e-20
4662.818852 1.528594408e-15 1e-20
4662.93125 1.549817031e-15 1e-20
4663.043648 1.570971043e-15 1e-20
4663.156046 1.587085633e-15 1e-20
4663.268444 1.60295416e-15 1e-20
4663.380842 1.600726146e-15 1e-20
4663.49324 1.598257363e-15 1e-20
4663.605638 1.578094802e-15 1e-20
4663.718036 1.558158717e-15 1e-20
4663.830434 1.554861747e-15 1e-20
4663.942832 1.551918837e-15 1e-20
4664.05523 1.574977403e-15 1e-20
4664.167628 1.597854493e-15 1e-20
4664.280026 1.607411989e-15 1e-20
4664.392424 1.616603673e-15 1e-20
4664.504822 1.598960082e-15 1e-20
4664.61722 1.581265776e-15 1e-20
4664.729618 1.559847171e-15 1e-20
4664.842016 1.53857288e-15 1e-20
4664.954414 1.527872419e-15 1e-20
4665.066812 1.517387104e-15 1e-20
4665.17921 1.52266359e-15 1e-20
4665.291608 1.528149822e-15 1e-20
4665.404006 1.548982915e-15 1e-20
4665.516404 1.569944545e-15 1e-20
4665.628802 1.60031417e-15 1e-20
4665.7412 1.630617409e-15 1e-20
4665.853598 1.656069479e-15 1e-20
4665.965996 1.681191205e-15 1e-20
4666.078394 1.682165611e-15 1e-20
4666.190792 1.682912588e-15 1e-20
4666.30319 1.667036014e-15 1e-20
4666.415588 1.651234509e-15 1e-20
4666.527986 1.640912989e-15 1e-20
4666.640384 1.630661561e-15 1e-20
4666.752782 1.625523988e-15 1e-20
4666.86518 1.620335488e-15 1e-20
4666.977578 1.61142396e-15 1e-20
4667.089976 1.602457587e-15 1e-20
4667.202374 1.58949756e-15 1e-20
4667.314772 1.576515933e-15 1e-20
4667.42717 1.561965389e-15 1e-20
4667.539568 1.547519454e-15 1e-20
4667.651966 1.540691521e-15 1e-20
4667.764364 1.534082441e-15 1e-20
4667.876762 1.543408485e-15 1e-20
4667.98916 1.552903407e-15 1e-20
4668.101558 1.574681895e-15 1e-20
4668.213956 1.596511734e-15 1e-20
4668.326354 1.622067353e-15 1e-20
4668.438752 1.647361239e-15 1e-20
4668.55115 1.653639765e-15 1e-20
4668.663548 1.659467457e-15 1e-20
4668.775946 1.63255288e-15 1e-20
4668.888344 1.605566092e-15 1e-20
4669.000742 1.573339453e-15 1e-20
4669.11314 1.541382277e-15 1e-20
4669.225538 1.528970703e-15 1e-20
4669.337936 1.516853685e-15 1e-20
4669.450334 1.526092167e-15 1e-20
4669.562732 1.535547702e-15 1e-20
4669.67513 1.560724803e-15 1e-20
4669.787528 1.585852989e-15 1e-20
4669.899926 1.60744407e-15 1e-20
4670.012324 1.628817253e-15 1e-20
4670.124722 1.634410211e-15 1e-20
4670.23712 1.63985028e-15 1e-20
4670.349518 1.634222276e-15 1e-20
4670.461916 1.628508933e-15 1e-20
4670.574314 1.616622307e-15 1e-20
4670.686712 1.604712812e-15 1e-20
4670.79911 1.591139215e-15 1e-20
4670.911508 1.577582453e-15 1e-20
4671.023906 1.565236948e-15 1e-20
4671.136304 1.552895148e-15 1e-20
4671.248702 1.540825141e-15 1e-20
4671.3611 1.528807437e-15 1e-20
4671.473498 1.52057343e-15 1e-20
4671.585896 1.512506817e-15 1e-20
4671.698294 1.516517307e-15 1e-20
4671.810692 1.520601276e-15 1e-20
4671.92309 1.52998079e-15 1e-20
4672.035488 1.539191849e-15 1e-20
4672.147886 1.536254763e-15 1e-20
4672.260284 1.533196656e-15 1e-20
4672.372682 1.521416122e-15 1e-20
4672.48508 1.509718385e-15 1e-20
4672.597478 1.503976772e-15 1e-20
4672.709876 1.498415471e-15 1e-20
4672.822274 1.505821081e-15 1e-20
4672.934672 1.513442895e-15 1e-20
4673.04707 1.536621951e-15 1e-20
4673.159468 1.559837854e-15 1e-20
4673.271866 1.585697452e-15 1e-20
4673.384264 1.611351645e-15 1e-20
4673.496662 1.622254759e-15 1e-20
4673.60906 1.632916574e-15 1e-20
4673.721458 1.626263131e-15 1e-20
4673.833856 1.619417834e-15 1e-20
4673.946254 1.598811216e-15 1e-20
4674.058652 1.578143401e-15 1e-20
4674.17105 1.55308086e-15 1e-20
4674.283448 1.528102388e-15 1e-20
4674.395846 1.509157861e-15 1e-20
4674.508244 1.490405399e-15 1e-20
4674.620642 1.485419339e-15 1e-20
4674.73304 1.480659755e-15 1e-20
4674.845438 1.492117782e-15 1e-20
4674.957836 1.503575279e-15 1e-20
4675.070234 1.514993812e-15 1e-20
4675.182632 1.526242621e-15 1e-20
4675.29503 1.525343602e-15 1e-20
4675.407428 1.524427536e-15 1e-20
4675.519826 1.522293013e-15 1e-20
4675.632224 1.520265639e-15 1e-20
4675.744622 1.525894173e-15 1e-20
4675.85702 1.531620857e-15 1e-20
4675.969418 1.544362456e-15 1e-20
4676.081816 1.557149795e-15 1e-20
4676.194214 1.573208375e-15 1e-20
4676.306612 1.589170711e-15 1e-20
4676.41901 1.598271233e-15 1e-20
4676.531408 1.607222677e-15 1e-20
4676.643806 1.605537187e-15 1e-20
4676.756204 1.603792405e-15 1e-20
4676.868602 1.597817329e-15 1e-20
4676.981 1.59189191e-15 1e-20
4677.093398 1.589504442e-15 1e-20
4677.205796 1.587315814e-15 1e-20
4677.318194 1.599291907e-15 1e-20
4677.430592 1.611362868e-15 1e-20
4677.54299 1.630191881e-15 1e-20
4677.655388 1.648754396e-15 1e-20
4677.767786 1.648350891e-15 1e-20
4677.880184 1.647632819e-15 1e-20
4677.992582 1.624541218e-15 1e-20
4678.10498 1.601326269e-15 1e-20
4678.217378 1.56933807e-15 1e-20
4678.329776 1.537456067e-15 1e-20
4678.442174 1.513109481e-15 1e-20
4678.554572 1.48911812e-15 1e-20
4678.66697 1.490351083e-15 1e-20
4678.779368 1.491824179e-15 1e-20
4678.891766 1.510334284e-15 1e-20
4679.004164 1.528785944e-15 1e-20
4679.116562 1.543096459e-15 1e-20
4679.22896 1.557256627e-15 1e-20
4679.341358 1.560751061e-15 1e-20
4679.453756 1.56409663e-15 1e-20
4679.566154 1.556886685e-15 1e-20
4679.678552 1.549599131e-15 1e-20
4679.79095 1.53682111e-15 1e-20
4679.903348 1.524069452e-15 1e-20
4680.015746 1.51318995e-15 1e-20
4680.128144 1.502476359e-15 1e-20
4680.240542 1.503506351e-15 1e-20
4680.35294 1.504792465e-15 1e-20
4680.465338 1.524193013e-15 1e-20
4680.577736 1.543645125e-15 1e-20
4680.690134 1.566735137e-15 1e-20
4680.802532 1.589656908e-15 1e-20
4680.91493 1.600681359e-15 1e-20
4681.027328 1.611498287e-15 1e-20
4681.139726 1.607653287e-15 1e-20
4681.252124 1.603640469e-15 1e-20
4681.364522 1.587779353e-15 1e-20
4681.47692 1.571976154e-15 1e-20
4681.589318 1.560256606e-15 1e-20
4681.701716 1.548744052e-15 1e-20
4681.814114 1.551821534e-15 1e-20
4681.926512 1.554971332e-15 1e-20
4682.03891 1.563212327e-15 1e-20
4682.151308 1.571409912e-15 1e-20
4682.263706 1.576543885e-15 1e-20
4682.376104 1.581601201e-15 1e-20
4682.488502 1.5812572e-15 1e-20
4682.6009 1.58085433e-15 1e-20
4682.713298 1.576310315e-15 1e-20
4682.825696 1.571808653e-15 1e-20
4682.938094 1.570288229e-15 1e-20
4683.050492 1.568900577e-15 1e-20
4683.16289 1.576858663e-15 1e-20
4683.275288 1.585042272e-15 1e-20
4683.387686 1.609078314e-15 1e-20
4683.500084 1.63319006e-15 1e-20
4683.612482 1.662614185e-15 1e-20
4683.72488 1.691689332e-15 1e-20
4683.837278 1.696266804e-15 1e-20
4683.949676 1.700502392e-15 1e-20
4684.062074 1.680748313e-15 1e-20
4684.174472 1.661029598e-15 1e-20
4684.28687 1.643792583e-15 1e-20
4684.399268 1.626716505e-15 1e-20
4684.511666 1.620922482e-15 1e-20
4684.624064 1.615246408e-15 1e-20
4684.736462 1.617834412e-15 1e-20
4684.84886 1.620517283e-15 1e-20
4684.961258 1.629838774e-15 1e-20
4685.073656 1.639226864e-15 1e-20
4685.186054 1.653274482e-15 1e-20
4685.298452 1.667242902e-15 1e-20
4685.41085 1.675678397e-15 1e-20
4685.523248 1.68386963e-15 1e-20
4685.635646 1.674976101e-15 1e-20
4685.748044 1.665966318e-15 1e-20
4685.860442 1.648837829e-15 1e-20
4685.97284 1.631804844e-15 1e-20
4686.085238 1.621447748e-15 1e-20
4686.197636 1.611247248e-15 1e-20
4686.310034 1.611973791e-15 1e-20
4686.422432 1.612853011e-15 1e-20
4686.53483 1.624392564e-15 1e-20
4686.647228 1.635982728e-15 1e-20
4686.759626 1.651102795e-15 1e-20
4686.872024 1.666143877e-15 1e-20
4686.984422 1.675676809e-15 1e-20
4687.09682 1.684901633e-15 1e-20
4687.209218 1.672651631e-15 1e-20
4687.321616 1.660026393e-15 1e-20
4687.434014 1.621274212e-15 1e-20
4687.546412 1.582790541e-15 1e-20
4687.65881 1.56299104e-15 1e-20
4687.771208 1.543845448e-15 1e-20
4687.883606 1.57020109e-15 1e-20
4687.996004 1.59656372e-15 1e-20
4688.108402 1.623417841e-15 1e-20
4688.2208 1.649863057e-15 1e-20
4688.333198 1.64789307e-15 1e-20
4688.445596 1.645839227e-15 1e-20
4688.557994 1.637961714e-15 1e-20
4688.670392 1.630182034e-15 1e-20
4688.78279 1.629196512e-15 1e-20
4688.895188 1.628173507e-15 1e-20
4689.007586 1.624547995e-15 1e-20
4689.119984 1.620888495e-15 1e-20
4689.232382 1.614868949e-15 1e-20
4689.34478 1.609025904e-15 1e-20
4689.457178 1.615418885e-15 1e-20
4689.569576 1.621927381e-15 1e-20
4689.681974 1.636435996e-15 1e-20
4689.794372 1.650686796e-15 1e-20
4689.90677 1.647085741e-15 1e-20
4690.019168 1.643207389e-15 1e-20
4690.131566 1.620133365e-15 1e-20
4690.243964 1.59705574e-15 1e-20
4690.356362 1.573735123e-15 1e-20
4690.46876 1.550685345e-15 1e-20
4690.581158 1.546359866e-15 1e-20
4690.693556 1.542598192e-15 1e-20
4690.805954 1.577811258e-15 1e-20
4690.918352 1.613197859e-15 1e-20
4691.03075 1.660570082e-15 1e-20
4691.143148 1.707347689e-15 1e-20
4691.255546 1.713073208e-15 1e-20
4691.367944 1.718417351e-15 1e-20
4691.480342 1.697433274e-15 1e-20
4691.59274 1.676684673e-15 1e-20
4691.705138 1.672184175e-15 1e-20
4691.817536 1.667924552e-15 1e-20
4691.929934 1.680274081e-15 1e-20
4692.042332 1.692674749e-15 1e-20
4692.15473 1.708596321e-15 1e-20
4692.267128 1.724231279e-15 1e-20
4692.379526 1.720127722e-15 1e-20
4692.491924 1.715455806e-15 1e-20
4692.604322 1.671642074e-15 1e-20
4692.71672 1.627864658e-15 1e-20
4692.829118 1.586579531e-15 1e-20
4692.941516 1.545953713e-15 1e-20
4693.053914 1.550677193e-15 1e-20
4693.166312 1.555700204e-15 1e-20
4693.27871 1.581313845e-15 1e-20
4693.391108 1.606797466e-15 1e-20
4693.503506 1.623350502e-15 1e-20
4693.615904 1.639728837e-15 1e-20
4693.728302 1.644106832e-15 1e-20
4693.8407 1.64833988e-15 1e-20
4693.953098 1.642621878e-15 1e-20
4694.065496 1.636970156e-15 1e-20
4694.177894 1.635868167e-15 1e-20
4694.290292 1.634924148e-15 1e-20
4694.40269 1.644817705e-15 1e-20
4694.515088 1.654544608e-15 1e-20
4694.627486 1.652850118e-15 1e-20
4694.739884 1.650886378e-15 1e-20
4694.852282 1.63047172e-15 1e-20
4694.96468 1.610160293e-15 1e-20
4695.077078 1.596908251e-15 1e-20
4695.189476 1.583961458e-15 1e-20
4695.301874 1.591913509e-15 1e-20
4695.414272 1.600143599e-15 1e-20
4695.52667 1.627396249e-15 1e-20
4695.639068 1.654634287e-15 1e-20
4695.751466 1.680882885e-15 1e-20
4695.863864 1.70644274e-15 1e-20
4695.976262 1.68492408e-15 1e-20
4696.08866 1.662860142e-15 1e-20
4696.201058 1.603533425e-15 1e-20
4696.313456 1.544625248e-15 1e-20
4696.425854 1.514299139e-15 1e-20
4696.538252 1.484612328e-15 1e-20
4696.65065 1.498554385e-15 1e-20
4696.763048 1.512788562e-15 1e-20
4696.875446 1.546949189e-15 1e-20
4696.987844 1.581132156e-15 1e-20
4697.100242 1.616841265e-15 1e-20
4697.21264 1.652315323e-15 1e-20
4697.325038 1.671766905e-15 1e-20
4697.437436 1.691042305e-15 1e-20
4697.549834 1.698318847e-15 1e-20
4697.662232 1.705662728e-15 1e-20
4697.77463 1.717595729e-15 1e-20
4697.887028 1.729337935e-15 1e-20
4697.999426 1.72809142e-15 1e-20
4698.111824 1.726271993e-15 1e-20
4698.224222 1.685484921e-15 1e-20
4698.33662 1.644825858e-15 1e-20
4698.449018 1.612877257e-15 1e-20
4698.561416 1.581888769e-15 1e-20
4698.673814 1.616144475e-15 1e-20
4698.786212 1.65049632e-15 1e-20
4698.89861 1.691385459e-15 1e-20
4699.011008 1.731375261e-15 1e-20
4699.123406 1.71031728e-15 1e-20
4699.235804 1.688995767e-15 1e-20
4699.348202 1.649798576e-15 1e-20
4699.4606 1.611049466e-15 1e-20
4699.572998 1.60268851e-15 1e-20
4699.685396 1.594551911e-15 1e-20
4699.797794 1.601631942e-15 1e-20
4699.910192 1.60868942e-15 1e-20
4700.02259 1.614220969e-15 1e-20
4700.134988 1.619728165e-15 1e-20
4700.247386 1.623586612e-15 1e-20
4700.359784 1.627449506e-15 1e-20
4700.472182 1.631608014e-15 1e-20
4700.58458 1.635905965e-15 1e-20
4700.696978 1.649637005e-15 1e-20
4700.809376 1.66353978e-15 1e-20
4700.921774 1.689051883e-15 1e-20
4701.034172 1.714565998e-15 1e-20
4701.14657 1.740220085e-15 1e-20
4701.258968 1.765644943e-15 1e-20
4701.371366 1.77558244e-15 1e-20
4701.483764 1.784904884e-15 1e-20
4701.596162 1.752692327e-15 1e-20
4701.70856 1.720048207e-15 1e-20
4701.820958 1.658280023e-15 1e-20
4701.933356 1.597063999e-15 1e-20
4702.045754 1.57310239e-15 1e-20
4702.158152 1.549868064e-15 1e-20
4702.27055 1.575667629e-15 1e-20
4702.382948 1.60149377e-15 1e-20
4702.495346 1.629108844e-15 1e-20
4702.607744 1.656490772e-15 1e-20
4702.720142 1.668162251e-15 1e-20
4702.83254 1.679670781e-15 1e-20
4702.944938 1.680200706e-15 1e-20
4703.057336 1.680708608e-15 1e-20
4703.169734 1.679724039e-15 1e-20
4703.282132 1.678947098e-15 1e-20
4703.39453 1.692129683e-15 1e-20
4703.506928 1.705308245e-15 1e-20
4703.619326 1.71822031e-15 1e-20
4703.731724 1.730706316e-15 1e-20
4703.844122 1.714560174e-15 1e-20
4703.95652 1.698194121e-15 1e-20
4704.068918 1.667051049e-15 1e-20
4704.181316 1.636118571e-15 1e-20
4704.293714 1.619330589e-15 1e-20
4704.406112 1.602789201e-15 1e-20
4704.51851 1.602804235e-15 1e-20
4704.630908 1.602973854e-15 1e-20
4704.743306 1.613514861e-15 1e-20
4704.855704 1.624029293e-15 1e-20
4704.968102 1.632756803e-15 1e-20
4705.0805 1.641292777e-15 1e-20
4705.192898 1.636995779e-15 1e-20
4705.305296 1.632750132e-15 1e-20
4705.417694 1.631942063e-15 1e-20
4705.530092 1.631414891e-15 1e-20
4705.64249 1.649688038e-15 1e-20
4705.754888 1.667960021e-15 1e-20
4705.867286 1.686165618e-15 1e-20
4705.979684 1.704138281e-15 1e-20
4706.092082 1.706535278e-15 1e-20
4706.20448 1.708945193e-15 1e-20
4706.316878 1.712214211e-15 1e-20
4706.429276 1.715656976e-15 1e-20
4706.541674 1.730714575e-15 1e-20
4706.654072 1.745750469e-15 1e-20
4706.76647 1.759342065e-15 1e-20
4706.878868 1.772741279e-15 1e-20
4706.991266 1.773305297e-15 1e-20
4707.103664 1.77357963e-15 1e-20
4707.216062 1.754527636e-15 1e-20
4707.32846 1.735238578e-15 1e-20
4707.440858 1.700141874e-15 1e-20
4707.553256 1.665125108e-15 1e-20
4707.665654 1.635426968e-15 1e-20
4707.778052 1.606003267e-15 1e-20
4707.89045 1.594865737e-15 1e-20
4708.002848 1.584004869e-15 1e-20
4708.115246 1.591565908e-15 1e-20
4708.227644 1.599301225e-15 1e-20
4708.340042 1.618636764e-15 1e-20
4708.45244 1.637929527e-15 1e-20
4708.564838 1.654378589e-15 1e-20
4708.677236 1.670658668e-15 1e-20
4708.789634 1.675701267e-15 1e-20
4708.902032 1.680533908e-15 1e-20
4709.01443 1.671416869e-15 1e-20
4709.126828 1.662230161e-15 1e-20
4709.239226 1.648417595e-15 1e-20
4709.351624 1.634809587e-15 1e-20
4709.464022 1.634785129e-15 1e-20
4709.57642 1.634893867e-15 1e-20
4709.688818 1.643847958e-15 1e-20
4709.801216 1.652678806e-15 1e-20
4709.913614 1.653340868e-15 1e-20
4710.026012 1.653862958e-15 1e-20
4710.13841 1.645111414e-15 1e-20
4710.250808 1.636305977e-15 1e-20
4710.363206 1.623922355e-15 1e-20
4710.475604 1.611624919e-15 1e-20
4710.588002 1.605029391e-15 1e-20
4710.7004 1.59865875e-15 1e-20
4710.812798 1.607180325e-15 1e-20
4710.925196 1.61585966e-15 1e-20
4711.037594 1.634987782e-15 1e-20
4711.149992 1.654142373e-15 1e-20
4711.26239 1.675052969e-15 1e-20
4711.374788 1.695861604e-15 1e-20
4711.487186 1.709928598e-15 1e-20
4711.599584 1.723797916e-15 1e-20
4711.711982 1.72459995e-15 1e-20
4711.82438 1.725310293e-15 1e-20
4711.936778 1.719963292e-15 1e-20
4712.049176 1.714621796e-15 1e-20
4712.161574 1.709650348e-15 1e-20
4712.273972 1.704528869e-15 1e-20
4712.38637 1.689512351e-15 1e-20
4712.498768 1.674286405e-15 1e-20
4712.611166 1.645248845e-15 1e-20
4712.723564 1.6162926e-15 1e-20
4712.835962 1.59270305e-15 1e-20
4712.94836 1.569425949e-15 1e-20
4713.060758 1.566744878e-15 1e-20
4713.173156 1.564463289e-15 1e-20
4713.285554 1.58849139e-15 1e-20
4713.397952 1.612754437e-15 1e-20
4713.51035 1.652488012e-15 1e-20
4713.622748 1.691786317e-15 1e-20
4713.735146 1.702431404e-15 1e-20
4713.847544 1.712476261e-15 1e-20
4713.959942 1.683043667e-15 1e-20
4714.07234 1.653667082e-15 1e-20
4714.184738 1.62797202e-15 1e-20
4714.297136 1.602659075e-15 1e-20
4714.409534 1.602462564e-15 1e-20
4714.521932 1.602578395e-15 1e-20
4714.63433 1.623215506e-15 1e-20
4714.746728 1.643939861e-15 1e-20
4714.859126 1.670391853e-15 1e-20
4714.971524 1.696508949e-15 1e-20
4715.083922 1.700636964e-15 1e-20
4715.19632 1.704493188e-15 1e-20
4715.308718 1.690520638e-15 1e-20
4715.421116 1.676722789e-15 1e-20
4715.533514 1.674382331e-15 1e-20
4715.645912 1.672191375e-15 1e-20
4715.75831 1.679800907e-15 1e-20
4715.870708 1.68728529e-15 1e-20
4715.983106 1.68657537e-15 1e-20
4716.095504 1.685579895e-15 1e-20
4716.207902 1.665895273e-15 1e-20
4716.3203 1.645826098e-15 1e-20
4716.432698 1.600583421e-15 1e-20
4716.545096 1.555426824e-15 1e-20
4716.657494 1.515893679e-15 1e-20
4716.769892 1.477056159e-15 1e-20
4716.88229 1.483708227e-15 1e-20
4716.994688 1.49073193e-15 1e-20
4717.107086 1.522045997e-15 1e-20
4717.219484 1.553184304e-15 1e-20
4717.331882 1.572838433e-15 1e-20
4717.44428 1.592287474e-15 1e-20
4717.556678 1.598348948e-15 1e-20
4717.669076 1.604285273e-15 1e-20
4717.781474 1.602049211e-15 1e-20
4717.893872 1.599873184e-15 1e-20
4718.00627 1.601609178e-15 1e-20
4718.118668 1.60350939e-15 1e-20
4718.231066 1.616112394e-15 1e-20
4718.343464 1.628315703e-15 1e-20
4718.455862 1.614468197e-15 1e-20
4718.56826 1.599932794e-15 1e-20
4718.680658 1.540591677e-15 1e-20
4718.793056 1.481515576e-15 1e-20
4718.905454 1.439705924e-15 1e-20
4719.017852 1.398785339e-15 1e-20
4719.13025 1.41572748e-15 1e-20
4719.242648 1.433017646e-15 1e-20
4719.355046 1.472956308e-15 1e-20
4719.467444 1.512825831e-15 1e-20
4719.579842 1.548205445e-15 1e-20
4719.69224 1.583522377e-15 1e-20
4719.804638 1.614762011e-15 1e-20
4719.917036 1.645882849e-15 1e-20
4720.029434 1.669290393e-15 1e-20
4720.141832 1.692443191e-15 1e-20
4720.25423 1.699047189e-15 1e-20
4720.366628 1.705427783e-15 1e-20
4720.479026 1.697304737e-15 1e-20
4720.591424 1.689188785e-15 1e-20
4720.703822 1.681534254e-15 1e-20
4720.81622 1.673981049e-15 1e-20
4720.928618 1.672994044e-15 1e-20
4721.041016 1.672047273e-15 1e-20
4721.153414 1.673709258e-15 1e-20
4721.265812 1.675391147e-15 1e-20
4721.37821 1.678362645e-15 1e-20
4721.490608 1.681368977e-15 1e-20
4721.603006 1.686629051e-15 1e-20
4721.715404 1.691808763e-15 1e-20
4721.827802 1.691789705e-15 1e-20
4721.9402 1.691508384e-15 1e-20
4722.052598 1.674253264e-15 1e-20
4722.164996 1.656856372e-15 1e-20
4722.277394 1.630284737e-15 1e-20
4722.389792 1.60383698e-15 1e-20
4722.50219 1.585391356e-15 1e-20
4722.614588 1.567181524e-15 1e-20
4722.726986 1.564199544e-15 1e-20
4722.839384 1.561482262e-15 1e-20
4722.951782 1.575858317e-15 1e-20
4723.06418 1.590393297e-15 1e-20
4723.176578 1.615190398e-15 1e-20
4723.288976 1.639987182e-15 1e-20
4723.401374 1.664761202e-15 1e-20
4723.513772 1.689430189e-15 1e-20
4723.62617 1.707316666e-15 1e-20
4723.738568 1.725024631e-15 1e-20
4723.850966 1.731221736e-15 1e-20
4723.963364 1.737233764e-15 1e-20
4724.075762 1.731327721e-15 1e-20
4724.18816 1.725269318e-15 1e-20
4724.300558 1.70939772e-15 1e-20
4724.412956 1.693413679e-15 1e-20
4724.525354 1.670190683e-15 1e-20
4724.637752 1.64693857e-15 1e-20
4724.75015 1.621822984e-15 1e-20
4724.862548 1.59694192e-15 1e-20
4724.974946 1.587142384e-15 1e-20
4725.087344 1.577677321e-15 1e-20
4725.199742 1.589710377e-15 1e-20
4725.31214 1.6016636e-15 1e-20
4725.424538 1.608491638e-15 1e-20
4725.536936 1.614998545e-15 1e-20
4725.649334 1.60087893e-15 1e-20
4725.761732 1.586668046e-15 1e-20
4725.87413 1.566596012e-15 1e-20
4725.986528 1.546628481e-15 1e-20
4726.098926 1.533368498e-15 1e-20
4726.211324 1.520304603e-15 1e-20
4726.323722 1.519822112e-15 1e-20
4726.43612 1.519592989e-15 1e-20
4726.548518 1.53560403e-15 1e-20
4726.660916 1.551909414e-15 1e-20
4726.773314 1.587073563e-15 1e-20
4726.885712 1.622236654e-15 1e-20
4726.99811 1.657338334e-15 1e-20
4727.110508 1.691748306e-15 1e-20
4727.222906 1.681889266e-15 1e-20
4727.335304 1.671472667e-15 1e-20
4727.447702 1.625377028e-15 1e-20
4727.5601 1.57958071e-15 1e-20
4727.672498 1.552933159e-15 1e-20
4727.784896 1.52679044e-15 1e-20
4727.897294 1.532918935e-15 1e-20
4728.009692 1.539306834e-15 1e-20
4728.12209 1.562269368e-15 1e-20
4728.234488 1.585257419e-15 1e-20
4728.346886 1.609869549e-15 1e-20
4728.459284 1.634285697e-15 1e-20
4728.571682 1.646194239e-15 1e-20
4728.68408 1.657678947e-15 1e-20
4728.796478 1.64212287e-15 1e-20
4728.908876 1.625970375e-15 1e-20
4729.021274 1.571776254e-15 1e-20
4729.133672 1.517809244e-15 1e-20
4729.24607 1.478329144e-15 1e-20
4729.358468 1.440064642e-15 1e-20
4729.470866 1.479265327e-15 1e-20
4729.583264 1.518870364e-15 1e-20
4729.695662 1.584234626e-15 1e-20
4729.80806 1.64888124e-15 1e-20
4729.920458 1.667841225e-15 1e-20
4730.032856 1.686231899e-15 1e-20
4730.145254 1.668384808e-15 1e-20
4730.257652 1.6503555e-15 1e-20
4730.37005 1.620732323e-15 1e-20
4730.482448 1.591232812e-15 1e-20
4730.594846 1.569588262e-15 1e-20
4730.707244 1.548289195e-15 1e-20
4730.819642 1.548946175e-15 1e-20
4730.93204 1.549729257e-15 1e-20
4731.044438 1.558519235e-15 1e-20
4731.156836 1.567235099e-15 1e-20
4731.269234 1.57124167e-15 1e-20
4731.381632 1.575261583e-15 1e-20
4731.49403 1.580132022e-15 1e-20
4731.606428 1.585054554e-15 1e-20
4731.718826 1.593270033e-15 1e-20
4731.831224 1.601458829e-15 1e-20
4731.943622 1.60795536e-15 1e-20
4732.05602 1.614317743e-15 1e-20
4732.168418 1.612178773e-15 1e-20
4732.280816 1.609691249e-15 1e-20
4732.393214 1.585124646e-15 1e-20
4732.505612 1.56031431e-15 1e-20
4732.61801 1.520071669e-15 1e-20
4732.730408 1.48020384e-15 1e-20
4732.842806 1.464059815e-15 1e-20
4732.955204 1.448395317e-15 1e-20
4733.067602 1.463068892e-15 1e-20
4733.18 1.477686246e-15 1e-20
4733.292398 1.488747755e-15 1e-20
4733.404796 1.499601106e-15 1e-20
4733.517194 1.497296117e-15 1e-20
4733.629592 1.494976624e-15 1e-20
4733.74199 1.491746146e-15 1e-20
4733.854388 1.488592748e-15 1e-20
4733.966786 1.490310743e-15 1e-20
4734.079184 1.492151769e-15 1e-20
4734.191582 1.501754793e-15 1e-20
4734.30398 1.511367452e-15 1e-20
4734.416378 1.521587964e-15 1e-20
4734.528776 1.531611328e-15 1e-20
4734.641174 1.529197813e-15 1e-20
4734.753572 1.526655973e-15 1e-20
4734.86597 1.516021369e-15 1e-20
4734.978368 1.505449762e-15 1e-20
4735.090766 1.498844811e-15 1e-20
4735.203164 1.492376021e-15 1e-20
4735.315562 1.494487039e-15 1e-20
4735.42796 1.496750205e-15 1e-20
4735.540358 1.508592255e-15 1e-20
4735.652756 1.520542937e-15 1e-20
4735.765154 1.539330974e-15 1e-20
4735.877552 1.558146541e-15 1e-20
4735.98995 1.578691113e-15 1e-20
4736.102348 1.599055056e-15 1e-20
4736.214746 1.608065581e-15 1e-20
4736.327144 1.616731998e-15 1e-20
4736.439542 1.603773982e-15 1e-20
4736.55194 1.590698652e-15 1e-20
4736.664338 1.570258583e-15 1e-20
4736.776736 1.549933709e-15 1e-20
4736.889134 1.53684218e-15 1e-20
4737.001532 1.523763462e-15 1e-20
4737.11393 1.511487943e-15 1e-20
4737.226328 1.499154296e-15 1e-20
4737.338726 1.483181796e-15 1e-20
4737.451124 1.467333068e-15 1e-20
4737.563522 1.459251633e-15 1e-20
4737.67592 1.451378567e-15 1e-20
4737.788318 1.456569079e-15 1e-20
4737.900716 1.46175525e-15 1e-20
4738.013114 1.466670265e-15 1e-20
4738.125512 1.471483953e-15 1e-20
4738.23791 1.469954953e-15 1e-20
4738.350308 1.46851235e-15 1e-20
4738.462706 1.47247784e-15 1e-20
4738.575104 1.476583621e-15 1e-20
4738.687502 1.489461698e-15 1e-20
4738.7999 1.502308858e-15 1e-20
4738.912298 1.513228384e-15 1e-20
4739.024696 1.524042559e-15 1e-20
4739.137094 1.52826756e-15 1e-20
4739.249492 1.53242035e-15 1e-20
4739.36189 1.532060361e-15 1e-20
4739.474288 1.531712337e-15 1e-20
4739.586686 1.53211436e-15 1e-20
4739.699084 1.532683354e-15 1e-20
4739.811482 1.543677418e-15 1e-20
4739.92388 1.554734375e-15 1e-20
4740.036278 1.569719976e-15 1e-20
4740.148676 1.584459725e-15 1e-20
4740.261074 1.583875273e-15 1e-20
4740.373472 1.583024534e-15 1e-20
4740.48587 1.565579996e-15 1e-20
4740.598268 1.548030638e-15 1e-20
4740.710666 1.523955632e-15 1e-20
4740.823064 1.499918849e-15 1e-20
4740.935462 1.478268793e-15 1e-20
4741.04786 1.456791955e-15 1e-20
4741.160258 1.446102505e-15 1e-20
4741.272656 1.435564568e-15 1e-20
4741.385054 1.434460566e-15 1e-20
4741.497452 1.433411622e-15 1e-20
4741.60985 1.435790196e-15 1e-20
4741.722248 1.438287673e-15 1e-20
4741.834646 1.448182712e-15 1e-20
4741.947044 1.458270239e-15 1e-20
4742.059442 1.480317766e-15 1e-20
4742.17184 1.502281965e-15 1e-20
4742.284238 1.519066558e-15 1e-20
4742.396636 1.535497939e-15 1e-20
4742.509034 1.530002918e-15 1e-20
4742.621432 1.524325574e-15 1e-20
4742.73383 1.50733547e-15 1e-20
4742.846228 1.490415034e-15 1e-20
4742.958626 1.477811501e-15 1e-20
4743.071024 1.465625132e-15 1e-20
4743.183422 1.479302173e-15 1e-20
4743.29582 1.493504374e-15 1e-20
4743.408218 1.540250535e-15 1e-20
4743.520616 1.586688269e-15 1e-20
4743.633014 1.614026893e-15 1e-20
4743.745412 1.640522295e-15 1e-20
4743.85781 1.614809763e-15 1e-20
4743.970208 1.588789017e-15 1e-20
4744.082606 1.543699441e-15 1e-20
4744.195004 1.498817071e-15 1e-20
4744.307402 1.466763968e-15 1e-20
4744.4198 1.435302411e-15 1e-20
4744.532198 1.440415949e-15 1e-20
4744.644596 1.446026272e-15 1e-20
4744.756994 1.482343868e-15 1e-20
4744.869392 1.518130587e-15 1e-20
4744.98179 1.521121143e-15 1e-20
4745.094188 1.523380391e-15 1e-20
4745.206586 1.480479231e-15 1e-20
4745.318984 1.43786638e-15 1e-20
4745.431382 1.413049268e-15 1e-20
4745.54378 1.388833443e-15 1e-20
4745.656178 1.401711943e-15 1e-20
4745.768576 1.414772768e-15 1e-20
4745.880974 1.439073296e-15 1e-20
4745.993372 1.463186842e-15 1e-20
4746.10577 1.475768881e-15 1e-20
4746.218168 1.487770491e-15 1e-20
4746.330566 1.464006452e-15 1e-20
4746.442964 1.440008315e-15 1e-20
4746.555362 1.401598229e-15 1e-20
4746.66776 1.363810713e-15 1e-20
4746.780158 1.364358743e-15 1e-20
4746.892556 1.365428864e-15 1e-20
4747.004954 1.398630543e-15 1e-20
4747.117352 1.431758955e-15 1e-20
4747.22975 1.460386022e-15 1e-20
4747.342148 1.488706568e-15 1e-20
4747.454546 1.498177561e-15 1e-20
4747.566944 1.507266331e-15 1e-20
4747.679342 1.492860841e-15 1e-20
4747.79174 1.478361119e-15 1e-20
4747.904138 1.458081033e-15 1e-20
4748.016536 1.438087667e-15 1e-20
4748.128934 1.435693105e-15 1e-20
4748.241332 1.433446774e-15 1e-20
4748.35373 1.440292282e-15 1e-20
4748.466128 1.447039641e-15 1e-20
4748.578526 1.447767666e-15 1e-20
4748.690924 1.448333801e-15 1e-20
4748.803322 1.438975252e-15 1e-20
4748.91572 1.429465401e-15 1e-20
4749.028118 1.410680434e-15 1e-20
4749.140516 1.391956665e-15 1e-20
4749.252914 1.376993616e-15 1e-20
4749.365312 1.362294312e-15 1e-20
4749.47771 1.363745809e-15 1e-20
4749.590108 1.365509014e-15 1e-20
4749.702506 1.386350048e-15 1e-20
4749.814904 1.407446251e-15 1e-20
4749.927302 1.444151365e-15 1e-20
4750.0397 1.480840279e-15 1e-20
4750.152098 1.516539965e-15 1e-20
4750.264496 1.552000152e-15 1e-20
4750.376894 1.572823716e-15 1e-20
4750.489292 1.593353783e-15 1e-20
4750.60169 1.595949833e-15 1e-20
4750.714088 1.598294526e-15 1e-20
4750.826486 1.585291512e-15 1e-20
4750.938884 1.572238628e-15 1e-20
4751.051282 1.556140979e-15 1e-20
4751.16368 1.540105692e-15 1e-20
4751.276078 1.527867125e-15 1e-20
4751.388476 1.515624322e-15 1e-20
4751.500874 1.503123281e-15 1e-20
4751.613272 1.490666285e-15 1e-20
4751.72567 1.480890677e-15 1e-20
4751.838068 1.471343134e-15 1e-20
4751.950466 1.475686084e-15 1e-20
4752.062864 1.48021951e-15 1e-20
4752.175262 1.496347546e-15 1e-20
4752.28766 1.512444349e-15 1e-20
4752.400058 1.526641468e-15 1e-20
4752.512456 1.540648217e-15 1e-20
4752.624854 1.543074225e-15 1e-20
4752.737252 1.545196572e-15 1e-20
4752.84965 1.528846083e-15 1e-20
4752.962048 1.51238241e-15 1e-20
4753.074446 1.489040299e-15 1e-20
4753.186844 1.465941393e-15 1e-20
4753.299242 1.457624906e-15 1e-20
4753.41164 1.449593022e-15 1e-20
4753.524038 1.458861574e-15 1e-20
4753.636436 1.468301544e-15 1e-20
4753.748834 1.488151656e-15 1e-20
4753.861232 1.507964497e-15 1e-20
4753.97363 1.525517985e-15 1e-20
4754.086028 1.542816197e-15 1e-20
4754.198426 1.544617201e-15 1e-20
4754.310824 1.546237999e-15 1e-20
4754.423222 1.536930483e-15 1e-20
4754.53562 1.527604862e-15 1e-20
4754.648018 1.517178839e-15 1e-20
4754.760416 1.506940435e-15 1e-20
4754.872814 1.508076412e-15 1e-20
4754.985212 1.509524626e-15 1e-20
4755.09761 1.529880628e-15 1e-20
4755.210008 1.550114127e-15 1e-20
4755.322406 1.562923701e-15 1e-20
4755.434804 1.575246654e-15 1e-20
4755.547202 1.558123671e-15 1e-20
4755.6596 1.540837211e-15 1e-20
4755.771998 1.5136681e-15 1e-20
4755.884396 1.486664583e-15 1e-20
4755.996794 1.469675114e-15 1e-20
4756.109192 1.45294939e-15 1e-20
4756.22159 1.452174355e-15 1e-20
4756.333988 1.451632783e-15 1e-20
4756.446386 1.465192828e-15 1e-20
4756.558784 1.478625076e-15 1e-20
4756.671182 1.484337043e-15 1e-20
4756.78358 1.489779124e-15 1e-20
4756.895978 1.478921538e-15 1e-20
4757.008376 1.468168666e-15 1e-20
4757.120774 1.463730108e-15 1e-20
4757.233172 1.459560588e-15 1e-20
4757.34557 1.471616196e-15 1e-20
4757.457968 1.483762119e-15 1e-20
4757.570366 1.501362193e-15 1e-20
4757.682764 1.518886352e-15 1e-20
4757.795162 1.531836956e-15 1e-20
4757.90756 1.54452731e-15 1e-20
4758.019958 1.541548295e-15 1e-20
4758.132356 1.538414167e-15 1e-20
4758.244754 1.525935043e-15 1e-20
4758.357152 1.513718816e-15 1e-20
4758.46955 1.517315318e-15 1e-20
4758.581948 1.521145177e-15 1e-20
4758.694346 1.539017784e-15 1e-20
4758.806744 1.556746184e-15 1e-20
4758.919142 1.565807742e-15 1e-20
4759.03154 1.574645896e-15 1e-20
4759.143938 1.570058895e-15 1e-20
4759.256336 1.565353203e-15 1e-20
4759.368734 1.553512635e-15 1e-20
4759.481132 1.541592764e-15 1e-20
4759.59353 1.524906639e-15 1e-20
4759.705928 1.508164503e-15 1e-20
4759.818326 1.488057529e-15 1e-20
4759.930724 1.468078563e-15 1e-20
4760.043122 1.455789491e-15 1e-20
4760.15552 1.443834362e-15 1e-20
4760.267918 1.451906375e-15 1e-20
4760.380316 1.460149699e-15 1e-20
4760.492714 1.478660757e-15 1e-20
4760.605112 1.497084253e-15 1e-20
4760.71751 1.510261333e-15 1e-20
4760.829908 1.523386744e-15 1e-20
4760.942306 1.533419743e-15 1e-20
4761.054704 1.543469577e-15 1e-20
4761.167102 1.554522087e-15 1e-20
4761.2795 1.565328004e-15 1e-20
4761.391898 1.561375007e-15 1e-20
4761.504296 1.557014164e-15 1e-20
4761.616694 1.528254113e-15 1e-20
4761.729092 1.499588824e-15 1e-20
4761.84149 1.476592726e-15 1e-20
4761.953888 1.454106225e-15 1e-20
4762.066286 1.462080193e-15 1e-20
4762.178684 1.470435326e-15 1e-20
4762.291082 1.501555846e-15 1e-20
4762.40348 1.532786798e-15 1e-20
4762.515878 1.570607454e-15 1e-20
4762.628276 1.60798363e-15 1e-20
4762.740674 1.61882364e-15 1e-20
4762.853072 1.629040552e-15 1e-20
4762.96547 1.602075999e-15 1e-20
4763.077868 1.57520822e-15 1e-20
4763.190266 1.554115617e-15 1e-20
4763.302664 1.533488671e-15 1e-20
4763.415062 1.540621217e-15 1e-20
4763.52746 1.547916818e-15 1e-20
4763.639858 1.564930322e-15 1e-20
4763.752256 1.581873204e-15 1e-20
4763.864654 1.594605274e-15 1e-20
4763.977052 1.607099116e-15 1e-20
4764.08945 1.605409603e-15 1e-20
4764.201848 1.603540413e-15 1e-20
4764.314246 1.590978914e-15 1e-20
4764.426644 1.578582058e-15 1e-20
4764.539042 1.575985055e-15 1e-20
4764.65144 1.573554917e-15 1e-20
4764.763838 1.581048406e-15 1e-20
4764.876236 1.588424263e-15 1e-20
4764.988634 1.58880331e-15 1e-20
4765.101032 1.589042279e-15 1e-20
4765.21343 1.580965291e-15 1e-20
4765.325828 1.57287115e-15 1e-20
4765.438226 1.563761099e-15 1e-20
4765.550624 1.554831995e-15 1e-20
4765.663022 1.556645069e-15 1e-20
4765.77542 1.558865989e-15 1e-20
4765.887818 1.585293523e-15 1e-20
4766.000216 1.611771032e-15 1e-20
4766.112614 1.64120818e-15 1e-20
4766.225012 1.670142084e-15 1e-20
4766.33741 1.669241582e-15 1e-20
4766.449808 1.667950492e-15 1e-20
4766.562206 1.643510945e-15 1e-20
4766.674604 1.619009882e-15 1e-20
4766.787002 1.590869329e-15 1e-20
4766.8994 1.56283328e-15 1e-20
4767.011798 1.540992747e-15 1e-20
4767.124196 1.519375302e-15 1e-20
4767.236594 1.510968817e-15 1e-20
4767.348992 1.502838042e-15 1e-20
4767.46139 1.511022075e-15 1e-20
4767.573788 1.519453229e-15 1e-20
4767.686186 1.542504913e-15 1e-20
4767.798584 1.565610489e-15 1e-20
4767.910982 1.591910545e-15 1e-20
4768.02338 1.618052099e-15 1e-20
4768.135778 1.634824622e-15 1e-20
4768.248176 1.651204969e-15 1e-20
4768.360574 1.644416952e-15 1e-20
4768.472972 1.637209867e-15 1e-20
4768.58537 1.605261266e-15 1e-20
4768.697768 1.573459414e-15 1e-20
4768.810166 1.550314768e-15 1e-20
4768.922564 1.527664472e-15 1e-20
4769.034962 1.534171485e-15 1e-20
4769.14736 1.540886021e-15 1e-20
4769.259758 1.559838066e-15 1e-20
4769.372156 1.578780581e-15 1e-20
4769.484554 1.597158126e-15 1e-20
4769.596952 1.615501683e-15 1e-20
4769.70935 1.631838196e-15 1e-20
4769.821748 1.648090746e-15 1e-20
4769.934146 1.659394295e-15 1e-20
4770.046544 1.670556072e-15 1e-20
4770.158942 1.673373091e-15 1e-20
4770.27134 1.67605141e-15 1e-20
4770.383738 1.670570365e-15 1e-20
4770.496136 1.6650043e-15 1e-20
4770.608534 1.654431211e-15 1e-20
4770.720932 1.643882157e-15 1e-20
4770.83333 1.634740554e-15 1e-20
4770.945728 1.625784875e-15 1e-20
4771.058126 1.627747873e-15 1e-20
4771.170524 1.629832951e-15 1e-20
4771.282922 1.639091974e-15 1e-20
4771.39532 1.648243318e-15 1e-20
4771.507718 1.651067855e-15 1e-20
4771.620116 1.653806842e-15 1e-20
4771.732514 1.651530865e-15 1e-20
4771.844912 1.649321908e-15 1e-20
4771.95731 1.651044879e-15 1e-20
4772.069708 1.652833389e-15 1e-20
4772.182106 1.658462347e-15 1e-20
4772.294504 1.664095434e-15 1e-20
4772.406902 1.669961878e-15 1e-20
4772.5193 1.67567395e-15 1e-20
4772.631698 1.672330923e-15 1e-20
4772.744096 1.668680317e-15 1e-20
4772.856494 1.647013744e-15 1e-20
4772.968892 1.625209633e-15 1e-20
4773.08129 1.595355004e-15 1e-20
4773.193688 1.565609536e-15 1e-20
4773.306086 1.542251015e-15 1e-20
4773.418484 1.519218177e-15 1e-20
4773.530882 1.515239134e-15 1e-20
4773.64328 1.511690489e-15 1e-20
4773.755678 1.533306559e-15 1e-20
4773.868076 1.554859524e-15 1e-20
4773.980474 1.572728637e-15 1e-20
4774.092872 1.590134105e-15 1e-20
4774.20527 1.580456648e-15 1e-20
4774.317668 1.570798672e-15 1e-20
4774.430066 1.562287156e-15 1e-20
4774.542464 1.55414304e-15 1e-20
4774.654862 1.567448657e-15 1e-20
4774.76726 1.580646806e-15 1e-20
4774.879658 1.587578818e-15 1e-20
4774.992056 1.594166511e-15 1e-20
4775.104454 1.580668935e-15 1e-20
4775.216852 1.567329437e-15 1e-20
4775.32925 1.563202375e-15 1e-20
4775.441648 1.559483053e-15 1e-20
4775.554046 1.57952057e-15 1e-20
4775.666444 1.599681648e-15 1e-20
4775.778842 1.627036789e-15 1e-20
4775.89124 1.654282451e-15 1e-20
4776.003638 1.67515906e-15 1e-20
4776.116036 1.695793842e-15 1e-20
4776.228434 1.702355806e-15 1e-20
4776.340832 1.708627344e-15 1e-20
4776.45323 1.697992739e-15 1e-20
4776.565628 1.687100637e-15 1e-20
4776.678026 1.661223992e-15 1e-20
4776.790424 1.635400498e-15 1e-20
4776.902822 1.612665922e-15 1e-20
4777.01522 1.590576997e-15 1e-20
4777.127618 1.606001997e-15 1e-20
4777.240016 1.621853265e-15 1e-20
4777.352414 1.662460872e-15 1e-20
4777.464812 1.702667302e-15 1e-20
4777.57721 1.71957895e-15 1e-20
4777.689608 1.735891323e-15 1e-20
4777.802006 1.717430769e-15 1e-20
4777.914404 1.698554746e-15 1e-20
4778.026802 1.655578094e-15 1e-20
4778.1392 1.612617853e-15 1e-20
4778.251598 1.570607137e-15 1e-20
4778.363996 1.529144556e-15 1e-20
4778.476394 1.519451111e-15 1e-20
4778.588792 1.51023391e-15 1e-20
4778.70119 1.528618972e-15 1e-20
4778.813588 1.547154065e-15 1e-20
4778.925986 1.574377704e-15 1e-20
4779.038384 1.6014565e-15 1e-20
4779.150782 1.620158141e-15 1e-20
4779.26318 1.638472793e-15 1e-20
4779.375578 1.634395706e-15 1e-20
4779.487976 1.630010616e-15 1e-20
4779.600374 1.607801518e-15 1e-20
4779.712772 1.585482412e-15 1e-20
4779.82517 1.556802829e-15 1e-20
4779.937568 1.528288312e-15 1e-20
4780.049966 1.509317738e-15 1e-20
4780.162364 1.490739977e-15 1e-20
4780.274762 1.494854545e-15 1e-20
4780.38716 1.499400253e-15 1e-20
4780.499558 1.528847354e-15 1e-20
4780.611956 1.55859081e-15 1e-20
4780.724354 1.605442002e-15 1e-20
4780.836752 1.651994615e-15 1e-20
4780.94915 1.681323237e-15 1e-20
4781.061548 1.710006208e-15 1e-20
4781.173946 1.701449692e-15 1e-20
4781.286344 1.69268036e-15 1e-20
4781.398742 1.671646309e-15 1e-20
4781.51114 1.65076557e-15 1e-20
4781.623538 1.63872362e-15 1e-20
4781.735936 1.626947216e-15 1e-20
4781.848334 1.630473202e-15 1e-20
4781.960732 1.634220158e-15 1e-20
4782.07313 1.650689231e-15 1e-20
4782.185528 1.667079637e-15 1e-20
4782.297926 1.678942651e-15 1e-20
4782.410324 1.690495015e-15 1e-20
4782.522722 1.684174985e-15 1e-20
4782.63512 1.677376063e-15 1e-20
4782.747518 1.64303343e-15 1e-20
4782.859916 1.608554107e-15 1e-20
4782.972314 1.566212412e-15 1e-20
4783.084712 1.5246394e-15 1e-20
4783.19711 1.52723545e-15 1e-20
4783.309508 1.530539514e-15 1e-20
4783.421906 1.574519158e-15 1e-20
4783.534304 1.618356396e-15 1e-20
4783.646702 1.654011506e-15 1e-20
4783.7591 1.689184232e-15 1e-20
4783.871498 1.69666925e-15 1e-20
4783.983896 1.703663942e-15 1e-20
4784.096294 1.682528882e-15 1e-20
4784.208692 1.661186722e-15 1e-20
4784.32109 1.627972655e-15 1e-20
4784.433488 1.594994909e-15 1e-20
4784.545886 1.575568844e-15 1e-20
4784.658284 1.5565808e-15 1e-20
4784.770682 1.562688755e-15 1e-20
4784.88308 1.569283965e-15 1e-20
4784.995478 1.603783088e-15 1e-20
4785.107876 1.638393172e-15 1e-20
4785.220274 1.679351238e-15 1e-20
4785.332672 1.71994561e-15 1e-20
4785.44507 1.739722241e-15 1e-20
4785.557468 1.759182929e-15 1e-20
4785.669866 1.760577463e-15 1e-20
4785.782264 1.761834989e-15 1e-20
4785.894662 1.755260954e-15 1e-20
4786.00706 1.748583264e-15 1e-20
4786.119458 1.735976132e-15 1e-20
4786.231856 1.723308331e-15 1e-20
4786.344254 1.70716833e-15 1e-20
4786.456652 1.691083174e-15 1e-20
4786.56905 1.67813564e-15 1e-20
4786.681448 1.665333266e-15 1e-20
4786.793846 1.660818263e-15 1e-20
4786.906244 1.656447467e-15 1e-20
4787.018642 1.660304432e-15 1e-20
4787.13104 1.664266852e-15 1e-20
4787.243438 1.674242359e-15 1e-20
4787.355836 1.684236712e-15 1e-20
4787.468234 1.695299704e-15 1e-20
4787.580632 1.706300544e-15 1e-20
4787.69303 1.713757081e-15 1e-20
4787.805428 1.721106045e-15 1e-20
4787.917826 1.722328102e-15 1e-20
4788.030224 1.723432315e-15 1e-20
4788.142622 1.717828769e-15 1e-20
4788.25502 1.712138931e-15 1e-20
4788.367418 1.701535455e-15 1e-20
4788.479816 1.690928802e-15 1e-20
4788.592214 1.680148296e-15 1e-20
4788.704612 1.66953222e-15 1e-20
4788.81701 1.668273741e-15 1e-20
4788.929408 1.667132153e-15 1e-20
4789.041806 1.672638184e-15 1e-20
4789.154204 1.677949081e-15 1e-20
4789.266602 1.672170516e-15 1e-20
4789.379 1.666232921e-15 1e-20
4789.491398 1.651257908e-15 1e-20
4789.603796 1.636468501e-15 1e-20
4789.716194 1.632219996e-15 1e-20
4789.828592 1.628171813e-15 1e-20
4789.94099 1.635497378e-15 1e-20
4790.053388 1.642828766e-15 1e-20
4790.165786 1.650495261e-15 1e-20
4790.278184 1.658043489e-15 1e-20
4790.390582 1.658877499e-15 1e-20
4790.50298 1.659493715e-15 1e-20
4790.615378 1.647765168e-15 1e-20
4790.727776 1.636105548e-15 1e-20
4790.840174 1.628350961e-15 1e-20
4790.952572 1.621075795e-15 1e-20
4791.06497 1.640949835e-15 1e-20
4791.177368 1.660983011e-15 1e-20
4791.289766 1.690025547e-15 1e-20
4791.402164 1.718710318e-15 1e-20
4791.514562 1.727140837e-15 1e-20
4791.62696 1.735051701e-15 1e-20
4791.739358 1.713554534e-15 1e-20
4791.851756 1.691564077e-15 1e-20
4791.964154 1.641668966e-15 1e-20
4792.076552 1.591906521e-15 1e-20
4792.18895 1.549652389e-15 1e-20
4792.301348 1.50813401e-15 1e-20
4792.413746 1.50819002e-15 1e-20
4792.526144 1.508853459e-15 1e-20
4792.638542 1.543832637e-15 1e-20
4792.75094 1.579081384e-15 1e-20
4792.863338 1.629555548e-15 1e-20
4792.975736 1.679633618e-15 1e-20
4793.088134 1.707357747e-15 1e-20
4793.200532 1.734291807e-15 1e-20
4793.31293 1.716654781e-15 1e-20
4793.425328 1.698800915e-15 1e-20
4793.537726 1.668720763e-15 1e-20
4793.650124 1.638956555e-15 1e-20
4793.762522 1.626998567e-15 1e-20
4793.87492 1.615624079e-15 1e-20
4793.987318 1.637136704e-15 1e-20
4794.099716 1.659089787e-15 1e-20
4794.212114 1.70585437e-15 1e-20
4794.324512 1.752084793e-15 1e-20
4794.43691 1.768231782e-15 1e-20
4794.549308 1.78351215e-15 1e-20
4794.661706 1.750016126e-15 1e-20
4794.774104 1.71636679e-15 1e-20
4794.886502 1.674097622e-15 1e-20
4794.9989 1.632143869e-15 1e-20
4795.111298 1.607924761e-15 1e-20
4795.223696 1.584191216e-15 1e-20
4795.336094 1.587752248e-15 1e-20
4795.448492 1.591712127e-15 1e-20
4795.56089 1.618087251e-15 1e-20
4795.673288 1.644495197e-15 1e-20
4795.785686 1.672746816e-15 1e-20
4795.898084 1.700789536e-15 1e-20
4796.010482 1.717106567e-15 1e-20
4796.12288 1.733074303e-15 1e-20
4796.235278 1.729433226e-15 1e-20
4796.347676 1.725599555e-15 1e-20
4796.460074 1.710956473e-15 1e-20
4796.572472 1.696482374e-15 1e-20
4796.68487 1.691479374e-15 1e-20
4796.797268 1.686466527e-15 1e-20
4796.909666 1.680904485e-15 1e-20
4797.022064 1.674929409e-15 1e-20
4797.134462 1.645805769e-15 1e-20
4797.24686 1.616704046e-15 1e-20
4797.359258 1.588825439e-15 1e-20
4797.471656 1.561614929e-15 1e-20
4797.584054 1.571809923e-15 1e-20
4797.696452 1.582399847e-15 1e-20
4797.80885 1.615091507e-15 1e-20
4797.921248 1.647677288e-15 1e-20
4798.033646 1.674344956e-15 1e-20
4798.146044 1.700740938e-15 1e-20
4798.258442 1.711951525e-15 1e-20
4798.37084 1.722836639e-15 1e-20
4798.483238 1.715534686e-15 1e-20
4798.595636 1.70807709e-15 1e-20
4798.708034 1.691927454e-15 1e-20
4798.820432 1.675826734e-15 1e-20
4798.93283 1.66245219e-15 1e-20
4799.045228 1.649204594e-15 1e-20
4799.157626 1.643043065e-15 1e-20
4799.270024 1.637036543e-15 1e-20
4799.382422 1.639683626e-15 1e-20
4799.49482 1.642383967e-15 1e-20
4799.607218 1.648059935e-15 1e-20
4799.719616 1.653731033e-15 1e-20
4799.832014 1.659123562e-15 1e-20
4799.944412 1.66470625e-15 1e-20
4800.05681 1.680891779e-15 1e-20
4800.169208 1.697199069e-15 1e-20
4800.281606 1.720288658e-15 1e-20
4800.394004 1.742785324e-15 1e-20
4800.506402 1.732258292e-15 1e-20
4800.6188 1.72108074e-15 1e-20
4800.731198 1.673687658e-15 1e-20
4800.843596 1.62671047e-15 1e-20
4800.955994 1.602884386e-15 1e-20
4801.068392 1.579851019e-15 1e-20
4801.18079 1.600917046e-15 1e-20
4801.293188 1.622261006e-15 1e-20
4801.405586 1.659057599e-15 1e-20
4801.517984 1.695672081e-15 1e-20
4801.630382 1.722161236e-15 1e-20
4801.74278 1.748010882e-15 1e-20
4801.855178 1.738329825e-15 1e-20
4801.967576 1.728213393e-15 1e-20
4802.079974 1.693914276e-15 1e-20
4802.192372 1.65996403e-15 1e-20
4802.30477 1.645381935e-15 1e-20
4802.417168 1.631175604e-15 1e-20
4802.529566 1.637821107e-15 1e-20
4802.641964 1.644386459e-15 1e-20
4802.754362 1.646502983e-15 1e-20
4802.86676 1.648563179e-15 1e-20
4802.979158 1.64749867e-15 1e-20
4803.091556 1.646595839e-15 1e-20
4803.203954 1.654658428e-15 1e-20
4803.316352 1.662872636e-15 1e-20
4803.42875 1.679491634e-15 1e-20
4803.541148 1.696173101e-15 1e-20
4803.653546 1.716307603e-15 1e-20
4803.765944 1.736221348e-15 1e-20
4803.878342 1.743906901e-15 1e-20
4803.99074 1.75109694e-15 1e-20
4804.103138 1.730866406e-15 1e-20
4804.215536 1.710485522e-15 1e-20
4804.327934 1.681788893e-15 1e-20
4804.440332 1.653368714e-15 1e-20
4804.55273 1.640237162e-15 1e-20
4804.665128 1.627240501e-15 1e-20
4804.777526 1.621698046e-15 1e-20
4804.889924 1.616113346e-15 1e-20
4805.002322 1.608200788e-15 1e-20
4805.11472 1.600441543e-15 1e-20
4805.227118 1.601145004e-15 1e-20
4805.339516 1.602127986e-15 1e-20
4805.451914 1.618539461e-15 1e-20
4805.564312 1.635005887e-15 1e-20
4805.67671 1.654496433e-15 1e-20
4805.789108 1.673840759e-15 1e-20
4805.901506 1.685118791e-15 1e-20
4806.013904 1.696168442e-15 1e-20
4806.126302 1.694618372e-15 1e-20
4806.2387 1.692903448e-15 1e-20
4806.351098 1.682095413e-15 1e-20
4806.463496 1.671532595e-15 1e-20
4806.575894 1.67448514e-15 1e-20
4806.688292 1.677775651e-15 1e-20
4806.80069 1.699686805e-15 1e-20
4806.913088 1.721404518e-15 1e-20
4807.025486 1.732478098e-15 1e-20
4807.137884 1.743181629e-15 1e-20
4807.250282 1.733521113e-15 1e-20
4807.36268 1.72385149e-15 1e-20
4807.475078 1.713684448e-15 1e-20
4807.587476 1.703559757e-15 1e-20
4807.699874 1.695762713e-15 1e-20
4807.812272 1.687728818e-15 1e-20
4807.92467 1.666669673e-15 1e-20
4808.037068 1.645399722e-15 1e-20
4808.149466 1.61253855e-15 1e-20
4808.261864 1.579716129e-15 1e-20
4808.374262 1.549017537e-15 1e-20
4808.48666 1.518603019e-15 1e-20
4808.599058 1.50379106e-15 1e-20
4808.711456 1.489517179e-15 1e-20
4808.823854 1.504784736e-15 1e-20
4808.936252 1.520282368e-15 1e-20
4809.04865 1.548400368e-15 1e-20
4809.161048 1.576128203e-15 1e-20
4809.273446 1.582452257e-15 1e-20
4809.385844 1.58866122e-15 1e-20
4809.498242 1.588564765e-15 1e-20
4809.61064 1.588970705e-15 1e-20
4809.723038 1.616908816e-15 1e-20
4809.835436 1.644754813e-15 1e-20
4809.947834 1.667555881e-15 1e-20
4810.060232 1.689426483e-15 1e-20
4810.17263 1.660350383e-15 1e-20
4810.285028 1.631160569e-15 1e-20
4810.397426 1.595744957e-15 1e-20
4810.509824 1.561228788e-15 1e-20
4810.622222 1.575926821e-15 1e-20
4810.73462 1.590927245e-15 1e-20
4810.847018 1.622462388e-15 1e-20
4810.959416 1.653547121e-15 1e-20
4811.071814 1.660013158e-15 1e-20
4811.184212 1.666060444e-15 1e-20
4811.29661 1.649221323e-15 1e-20
4811.409008 1.63215128e-15 1e-20
4811.521406 1.602461716e-15 1e-20
4811.633804 1.572907466e-15 1e-20
4811.746202 1.550746861e-15 1e-20
4811.8586 1.529027877e-15 1e-20
4811.970998 1.531408358e-15 1e-20
4812.083396 1.534309234e-15 1e-20
4812.195794 1.565603819e-15 1e-20
4812.308192 1.597210324e-15 1e-20
4812.42059 1.645831074e-15 1e-20
4812.532988 1.693925711e-15 1e-20
4812.645386 1.713339706e-15 1e-20
4812.757784 1.731866116e-15 1e-20
4812.870182 1.70201604e-15 1e-20
4812.98258 1.671844197e-15 1e-20
4813.094978 1.624140466e-15 1e-20
4813.207376 1.576689574e-15 1e-20
4813.319774 1.543000427e-15 1e-20
4813.432172 1.510180653e-15 1e-20
4813.54457 1.524683128e-15 1e-20
4813.656968 1.539804466e-15 1e-20
4813.769366 1.588597164e-15 1e-20
4813.881764 1.63664119e-15 1e-20
4813.994162 1.643963684e-15 1e-20
4814.10656 1.650424957e-15 1e-20
4814.218958 1.610054837e-15 1e-20
4814.331356 1.569890547e-15 1e-20
4814.443754 1.540916938e-15 1e-20
4814.556152 1.512509782e-15 1e-20
4814.66855 1.514875227e-15 1e-20
4814.780948 1.517680177e-15 1e-20
4814.893346 1.54435028e-15 1e-20
4815.005744 1.571170202e-15 1e-20
4815.118142 1.606125346e-15 1e-20
4815.23054 1.640814733e-15 1e-20
4815.342938 1.661081796e-15 1e-20
4815.455336 1.680970236e-15 1e-20
4815.567734 1.680322256e-15 1e-20
4815.680132 1.679362144e-15 1e-20
4815.79253 1.661475031e-15 1e-20
4815.904928 1.643379655e-15 1e-20
4816.017326 1.61399407e-15 1e-20
4816.129724 1.584542205e-15 1e-20
4816.242122 1.551499132e-15 1e-20
4816.35452 1.518639548e-15 1e-20
4816.466918 1.495721907e-15 1e-20
4816.579316 1.473200148e-15 1e-20
4816.691714 1.472108216e-15 1e-20
4816.804112 1.471273254e-15 1e-20
4816.91651 1.484352289e-15 1e-20
4817.028908 1.497464042e-15 1e-20
4817.141306 1.512341011e-15 1e-20
4817.253704 1.527021998e-15 1e-20
4817.366102 1.531100038e-15 1e-20
4817.4785 1.534860652e-15 1e-20
4817.590898 1.521462603e-15 1e-20
4817.703296 1.508089117e-15 1e-20
4817.815694 1.496045156e-15 1e-20
4817.928092 1.484309197e-15 1e-20
4818.04049 1.489217752e-15 1e-20
4818.152888 1.494337114e-15 1e-20
4818.265286 1.510843245e-15 1e-20
4818.377684 1.527386222e-15 1e-20
4818.490082 1.545921208e-15 1e-20
4818.60248 1.564178898e-15 1e-20
4818.714878 1.56746835e-15 1e-20
4818.827276 1.570386802e-15 1e-20
4818.939674 1.553292724e-15 1e-20
4819.052072 1.536236234e-15 1e-20
4819.16447 1.521205211e-15 1e-20
4819.276868 1.506391981e-15 1e-20
4819.389266 1.503314392e-15 1e-20
4819.501664 1.500227804e-15 1e-20
4819.614062 1.496653325e-15 1e-20
4819.72646 1.492965767e-15 1e-20
4819.838858 1.483189207e-15 1e-20
4819.951256 1.473329426e-15 1e-20
4820.063654 1.458989899e-15 1e-20
4820.176052 1.444687219e-15 1e-20
4820.28845 1.432366701e-15 1e-20
4820.400848 1.420305905e-15 1e-20
4820.513246 1.422216388e-15 1e-20
4820.625644 1.424371981e-15 1e-20
4820.738042 1.4397055e-15 1e-20
4820.85044 1.45508783e-15 1e-20
4820.962838 1.473089928e-15 1e-20
4821.075236 1.490935112e-15 1e-20
4821.187634 1.500355177e-15 1e-20
4821.300032 1.509420653e-15 1e-20
4821.41243 1.499444617e-15 1e-20
4821.524828 1.489255551e-15 1e-20
4821.637226 1.467634506e-15 1e-20
4821.749624 1.446104411e-15 1e-20
4821.862022 1.429453331e-15 1e-20
4821.97442 1.41307489e-15 1e-20
4822.086818 1.411317826e-15 1e-20
4822.199216 1.409924775e-15 1e-20
4822.311614 1.428048845e-15 1e-20
4822.424012 1.446265771e-15 1e-20
4822.53641 1.469460391e-15 1e-20
4822.648808 1.492396349e-15 1e-20
4822.761206 1.501473366e-15 1e-20
4822.873604 1.51011342e-15 1e-20
4822.986002 1.495353871e-15 1e-20
4823.0984 1.480136395e-15 1e-20
4823.210798 1.440398691e-15 1e-20
4823.323196 1.400896251e-15 1e-20
4823.435594 1.37398072e-15 1e-20
4823.547992 1.347878976e-15 1e-20
4823.66039 1.365314514e-15 1e-20
4823.772788 1.383012315e-15 1e-20
4823.885186 1.414731899e-15 1e-20
4823.997584 1.446133633e-15 1e-20
4824.109982 1.460545687e-15 1e-20
4824.22238 1.474498755e-15 1e-20
4824.334778 1.463926725e-15 1e-20
4824.447176 1.452958601e-15 1e-20
4824.559574 1.420834559e-15 1e-20
4824.671972 1.388887547e-15 1e-20
4824.78437 1.366400516e-15 1e-20
4824.896768 1.344391e-15 1e-20
4825.009166 1.347871035e-15 1e-20
4825.121564 1.351359858e-15 1e-20
4825.233962 1.35531889e-15 1e-20
4825.34636 1.359130221e-15 1e-20
4825.458758 1.355067745e-15 1e-20
4825.571156 1.351316659e-15 1e-20
4825.683554 1.364169749e-15 1e-20
4825.795952 1.377404957e-15 1e-20
4825.90835 1.411006012e-15 1e-20
4826.020748 1.444569481e-15 1e-20
4826.133146 1.476124529e-15 1e-20
4826.245544 1.507336634e-15 1e-20
4826.357942 1.520285227e-15 1e-20
4826.47034 1.532667472e-15 1e-20
4826.582738 1.514904874e-15 1e-20
4826.695136 1.496874189e-15 1e-20
4826.807534 1.464576611e-15 1e-20
4826.919932 1.432762689e-15 1e-20
4827.03233 1.42667464e-15 1e-20
4827.144728 1.421100528e-15 1e-20
4827.257126 1.442853604e-15 1e-20
4827.369524 1.464668832e-15 1e-20
4827.481922 1.489782935e-15 1e-20
4827.59432 1.514637105e-15 1e-20
4827.706718 1.525683156e-15 1e-20
4827.819116 1.53623041e-15 1e-20
4827.931514 1.520289356e-15 1e-20
4828.043912 1.504020924e-15 1e-20
4828.15631 1.470376352e-15 1e-20
4828.268708 1.436761002e-15 1e-20
4828.381106 1.404699958e-15 1e-20
4828.493504 1.372953481e-15 1e-20
4828.605902 1.357902976e-15 1e-20
4828.7183 1.343360902e-15 1e-20
4828.830698 1.355782958e-15 1e-20
4828.943096 1.368427466e-15 1e-20
4829.055494 1.392864578e-15 1e-20
4829.167892 1.417132919e-15 1e-20
4829.28029 1.432460933e-15 1e-20
4829.392688 1.447423559e-15 1e-20
4829.505086 1.443025975e-15 1e-20
4829.617484 1.438209746e-15 1e-20
4829.729882 1.411222641e-15 1e-20
4829.84228 1.384245806e-15 1e-20
4829.954678 1.357814249e-15 1e-20
4830.067076 1.331775503e-15 1e-20
4830.179474 1.326522523e-15 1e-20
4830.291872 1.321512852e-15 1e-20
4830.40427 1.329373953e-15 1e-20
4830.516668 1.337313511e-15 1e-20
4830.629066 1.349408612e-15 1e-20
4830.741464 1.361591593e-15 1e-20
4830.853862 1.37842362e-15 1e-20
4830.96626 1.395289104e-15 1e-20
4831.078658 1.413917688e-15 1e-20
4831.191056 1.432394018e-15 1e-20
4831.303454 1.442833064e-15 1e-20
4831.415852 1.453028376e-15 1e-20
4831.52825 1.450359904e-15 1e-20
4831.640648 1.447512179e-15 1e-20
4831.753046 1.435206591e-15 1e-20
4831.865444 1.422854733e-15 1e-20
4831.977842 1.408058655e-15 1e-20
4832.09024 1.393439714e-15 1e-20
4832.202638 1.388156663e-15 1e-20
4832.315036 1.383095218e-15 1e-20
4832.427434 1.38971171e-15 1e-20
4832.539832 1.396390671e-15 1e-20
4832.65223 1.406360778e-15 1e-20
4832.764628 1.416221406e-15 1e-20
4832.877026 1.420321892e-15 1e-20
4832.989424 1.424117024e-15 1e-20
4833.101822 1.411830917e-15 1e-20
4833.21422 1.399412249e-15 1e-20
4833.326618 1.380010642e-15 1e-20
4833.439016 1.360911637e-15 1e-20
4833.551414 1.357731663e-15 1e-20
4833.663812 1.354863186e-15 1e-20
4833.77621 1.368375162e-15 1e-20
4833.888608 1.381968029e-15 1e-20
4834.001006 1.39980866e-15 1e-20
4834.113404 1.417495873e-15 1e-20
4834.225802 1.427125896e-15 1e-20
4834.3382 1.436390637e-15 1e-20
4834.450598 1.426470081e-15 1e-20
4834.562996 1.416315427e-15 1e-20
4834.675394 1.393863865e-15 1e-20
4834.787792 1.371436974e-15 1e-20
4834.90019 1.350307949e-15 1e-20
4835.012588 1.32946628e-15 1e-20
4835.124986 1.323704232e-15 1e-20
4835.237384 1.318416523e-15 1e-20
4835.349782 1.338006595e-15 1e-20
4835.46218 1.357687935e-15 1e-20
4835.574578 1.382153529e-15 1e-20
4835.686976 1.406294815e-15 1e-20
4835.799374 1.413439326e-15 1e-20
4835.911772 1.420485687e-15 1e-20
4836.02417 1.422391723e-15 1e-20
4836.136568 1.424423014e-15 1e-20
4836.248966 1.433013517e-15 1e-20
4836.361364 1.441459282e-15 1e-20
4836.473762 1.442329291e-15 1e-20
4836.58616 1.442886744e-15 1e-20
4836.698558 1.427088733e-15 1e-20
4836.810956 1.411289345e-15 1e-20
4836.923354 1.39542283e-15 1e-20
4837.035752 1.379746367e-15 1e-20
4837.14815 1.374008354e-15 1e-20
4837.260548 1.368251177e-15 1e-20
4837.372946 1.361497148e-15 1e-20
4837.485344 1.35461797e-15 1e-20
4837.597742 1.341196416e-15 1e-20
4837.71014 1.327758979e-15 1e-20
4837.822538 1.313490391e-15 1e-20
4837.934936 1.2993352e-15 1e-20
4838.047334 1.291097699e-15 1e-20
4838.159732 1.283175082e-15 1e-20
4838.27213 1.291690093e-15 1e-20
4838.384528 1.300411779e-15 1e-20
4838.496926 1.319915877e-15 1e-20
4838.609324 1.339099056e-15 1e-20
4838.721722 1.341545499e-15 1e-20
4838.83412 1.343671446e-15 1e-20
4838.946518 1.329084903e-15 1e-20
4839.058916 1.314681426e-15 1e-20
4839.171314 1.309818398e-15 1e-20
4839.283712 1.30534024e-15 1e-20
4839.39611 1.320907224e-15 1e-20
4839.508508 1.336871254e-15 1e-20
4839.620906 1.373506381e-15 1e-20
4839.733304 1.41002716e-15 1e-20
4839.845702 1.440598273e-15 1e-20
4839.9581 1.470221874e-15 1e-20
4840.070498 1.450540852e-15 1e-20
4840.182896 1.430394808e-15 1e-20
4840.295294 1.386060574e-15 1e-20
4840.407692 1.342346475e-15 1e-20
4840.52009 1.330871402e-15 1e-20
4840.632488 1.319735036e-15 1e-20
4840.744886 1.326198533e-15 1e-20
4840.857284 1.332278112e-15 1e-20
4840.969682 1.318411653e-15 1e-20
4841.08208 1.304412316e-15 1e-20
4841.194478 1.283519295e-15 1e-20
4841.306876 1.262937665e-15 1e-20
4841.419274 1.258526106e-15 1e-20
4841.531672 1.254387079e-15 1e-20
4841.64407 1.264391174e-15 1e-20
4841.756468 1.274512159e-15 1e-20
4841.868866 1.290704252e-15 1e-20
4841.981264 1.306625189e-15 1e-20
4842.093662 1.30848718e-15 1e-20
4842.20606 1.309834597e-15 1e-20
4842.318458 1.284501536e-15 1e-20
4842.430856 1.259380868e-15 1e-20
4842.543254 1.245269299e-15 1e-20
4842.655652 1.231875167e-15 1e-20
4842.76805 1.255643229e-15 1e-20
4842.880448 1.279350517e-15 1e-20
4842.992846 1.299911077e-15 1e-20
4843.105244 1.319888349e-15 1e-20
4843.217642 1.309671861e-15 1e-20
4843.33004 1.299351188e-15 1e-20
4843.442438 1.283640633e-15 1e-20
4843.554836 1.268175399e-15 1e-20
4843.667234 1.265402955e-15 1e-20
4843.779632 1.26289309e-15 1e-20
4843.89203 1.273965081e-15 1e-20
4844.004428 1.285145704e-15 1e-20
4844.116826 1.301939297e-15 1e-20
4844.229224 1.318330338e-15 1e-20
4844.341622 1.313923861e-15 1e-20
4844.45402 1.309109113e-15 1e-20
4844.566418 1.283208964e-15 1e-20
4844.678816 1.25763958e-15 1e-20
4844.791214 1.24914151e-15 1e-20
4844.903612 1.241072674e-15 1e-20
4845.01601 1.255155232e-15 1e-20
4845.128408 1.269062137e-15 1e-20
4845.240806 1.273909706e-15 1e-20
4845.353204 1.278552082e-15 1e-20
4845.465602 1.272617134e-15 1e-20
4845.578 1.26689945e-15 1e-20
4845.690398 1.272386424e-15 1e-20
4845.802796 1.278074885e-15 1e-20
4845.915194 1.2941449e-15 1e-20
4846.027592 1.310156364e-15 1e-20
4846.13999 1.323149426e-15 1e-20
4846.252388 1.335893142e-15 1e-20
4846.364786 1.335798169e-15 1e-20
4846.477184 1.335295243e-15 1e-20
4846.589582 1.313789606e-15 1e-20
4846.70198 1.292284604e-15 1e-20
4846.814378 1.270809566e-15 1e-20
4846.926776 1.249925863e-15 1e-20
4847.039174 1.259460913e-15 1e-20
4847.151572 1.269175745e-15 1e-20
4847.26397 1.28813986e-15 1e-20
4847.376368 1.30663853e-15 1e-20
4847.488766 1.301214978e-15 1e-20
4847.601164 1.295575962e-15 1e-20
4847.713562 1.278862414e-15 1e-20
4847.82596 1.262336166e-15 1e-20
4847.938358 1.255431577e-15 1e-20
4848.050756 1.248809897e-15 1e-20
4848.163154 1.256708903e-15 1e-20
4848.275552 1.264850583e-15 1e-20
4848.38795 1.285446189e-15 1e-20
4848.500348 1.305717276e-15 1e-20
4848.612746 1.309340777e-15 1e-20
4848.725144 1.312268864e-15 1e-20
4848.837542 1.279527758e-15 1e-20
4848.94994 1.24676103e-15 1e-20
4849.062338 1.212680871e-15 1e-20
4849.174736 1.179126296e-15 1e-20
4849.287134 1.172507792e-15 1e-20
4849.399532 1.166311005e-15 1e-20
4849.51193 1.181721076e-15 1e-20
4849.624328 1.19734121e-15 1e-20
4849.736726 1.223720357e-15 1e-20
4849.849124 1.249944286e-15 1e-20
4849.961522 1.268229398e-15 1e-20
4850.07392 1.286157803e-15 1e-20
4850.186318 1.285834766e-15 1e-20
4850.298716 1.285297006e-15 1e-20
4850.411114 1.273771428e-15 1e-20
4850.523512 1.262208687e-15 1e-20
4850.63591 1.24873864e-15 1e-20
4850.748308 1.23546574e-15 1e-20
4850.860706 1.232272743e-15 1e-20
4850.973104 1.229233907e-15 1e-20
4851.085502 1.234073429e-15 1e-20
4851.1979 1.238658419e-15 1e-20
4851.310298 1.230244417e-15 1e-20
4851.422696 1.221643644e-15 1e-20
4851.535094 1.203506022e-15 1e-20
4851.647492 1.18567852e-15 1e-20
4851.75989 1.183676028e-15 1e-20
4851.872288 1.181971162e-15 1e-20
4851.984686 1.195453174e-15 1e-20
4852.097084 1.208889657e-15 1e-20
4852.209482 1.22000273e-15 1e-20
4852.32188 1.230887738e-15 1e-20
4852.434278 1.230146796e-15 1e-20
4852.546676 1.229072229e-15 1e-20
4852.659074 1.210999193e-15 1e-20
4852.771472 1.192937804e-15 1e-20
4852.88387 1.175471243e-15 1e-20
4852.996268 1.158533549e-15 1e-20
4853.108666 1.168534149e-15 1e-20
4853.221064 1.178692192e-15 1e-20
4853.333462 1.196872272e-15 1e-20
4853.44586 1.214607553e-15 1e-20
4853.558258 1.209707044e-15 1e-20
4853.670656 1.204675139e-15 1e-20
4853.783054 1.192958556e-15 1e-20
4853.895452 1.181584068e-15 1e-20
4854.00785 1.187601602e-15 1e-20
4854.120248 1.193925868e-15 1e-20
4854.232646 1.215846445e-15 1e-20
4854.345044 1.237908795e-15 1e-20
4854.457442 1.26717643e-15 1e-20
4854.56984 1.296275188e-15 1e-20
4854.682238 1.316799749e-15 1e-20
4854.794636 1.336901747e-15 1e-20
4854.907034 1.3355448e-15 1e-20
4855.019432 1.333812935e-15 1e-20
4855.13183 1.313054381e-15 1e-20
4855.244228 1.292101962e-15 1e-20
4855.356626 1.261311891e-15 1e-20
4855.469024 1.230778365e-15 1e-20
4855.581422 1.213263312e-15 1e-20
4855.69382 1.196245785e-15 1e-20
4855.806218 1.204458405e-15 1e-20
4855.918616 1.212838843e-15 1e-20
4856.031014 1.229734927e-15 1e-20
4856.143412 1.246501732e-15 1e-20
4856.25581 1.256720761e-15 1e-20
4856.368208 1.266637293e-15 1e-20
4856.480606 1.261229835e-15 1e-20
4856.593004 1.255561173e-15 1e-20
4856.705402 1.236669585e-15 1e-20
4856.8178 1.217909711e-15 1e-20
4856.930198 1.205815669e-15 1e-20
4857.042596 1.194035135e-15 1e-20
4857.154994 1.198118151e-15 1e-20
4857.267392 1.202410914e-15 1e-20
4857.37979 1.217314459e-15 1e-20
4857.492188 1.232329812e-15 1e-20
4857.604586 1.252996357e-15 1e-20
4857.716984 1.273678996e-15 1e-20
4857.829382 1.295173092e-15 1e-20
4857.94178 1.316548074e-15 1e-20
4858.054178 1.331903088e-15 1e-20
4858.166576 1.346988215e-15 1e-20
4858.278974 1.348443206e-15 1e-20
4858.391372 1.349688344e-15 1e-20
4858.50377 1.340334242e-15 1e-20
4858.616168 1.330966375e-15 1e-20
4858.728566 1.32089833e-15 1e-20
4858.840964 1.310784227e-15 1e-20
4858.953362 1.298345654e-15 1e-20
4859.06576 1.285739369e-15 1e-20
4859.178158 1.2646708e-15 1e-20
4859.290556 1.243561892e-15 1e-20
4859.402954 1.220422858e-15 1e-20
4859.515352 1.197442748e-15 1e-20
4859.62775 1.182474194e-15 1e-20
4859.740148 1.167757208e-15 1e-20
4859.852546 1.165712682e-15 1e-20
4859.964944 1.163948207e-15 1e-20
4860.077342 1.176286301e-15 1e-20
4860.18974 1.188767649e-15 1e-20
4860.302138 1.208462223e-15 1e-20
4860.414536 1.228125564e-15 1e-20
4860.526934 1.246222211e-15 1e-20
4860.639332 1.264229073e-15 1e-20
4860.75173 1.277723049e-15 1e-20
4860.864128 1.291082241e-15 1e-20
4860.976526 1.297660828e-15 1e-20
4861.088924 1.303942213e-15 1e-20
4861.201322 1.295287124e-15 1e-20
4861.31372 1.286306881e-15 1e-20
4861.426118 1.26098176e-15 1e-20
4861.538516 1.235752778e-15 1e-20
4861.650914 1.215351248e-15 1e-20
4861.763312 1.195341471e-15 1e-20
4861.87571 1.19500954e-15 1e-20
4861.988108 1.194957448e-15 1e-20
4862.100506 1.208953926e-15 1e-20
4862.212904 1.22301192e-15 1e-20
4862.325302 1.240153008e-15 1e-20
4862.4377 1.25693739e-15 1e-20
4862.550098 1.255832435e-15 1e-20
4862.662496 1.254311376e-15 1e-20
4862.774894 1.23193033e-15 1e-20
4862.887292 1.209713715e-15 1e-20
4862.99969 1.195745188e-15 1e-20
4863.112088 1.182177309e-15 1e-20
4863.224486 1.188684322e-15 1e-20
4863.336884 1.195370059e-15 1e-20
4863.449282 1.211007663e-15 1e-20
4863.56168 1.226582058e-15 1e-20
4863.674078 1.238994585e-15 1e-20
4863.786476 1.251050087e-15 1e-20
4863.898874 1.245232983e-15 1e-20
4864.011272 1.239156474e-15 1e-20
4864.12367 1.220096433e-15 1e-20
4864.236068 1.201212151e-15 1e-20
4864.348466 1.191118059e-15 1e-20
4864.460864 1.181276278e-15 1e-20
4864.573262 1.184044275e-15 1e-20
4864.68566 1.186907988e-15 1e-20
4864.798058 1.194551931e-15 1e-20
4864.910456 1.202218744e-15 1e-20
4865.022854 1.211020263e-15 1e-20
4865.135252 1.219802301e-15 1e-20
4865.24765 1.227612368e-15 1e-20
4865.360048 1.235356367e-15 1e-20
4865.472446 1.23980636e-15 1e-20
4865.584844 1.244156721e-15 1e-20
4865.697242 1.243531187e-15 1e-20
4865.80964 1.242903536e-15 1e-20
4865.922038 1.242165453e-15 1e-20
4866.034436 1.241541719e-15 1e-20
4866.146834 1.246613223e-15 1e-20
4866.259232 1.251660586e-15 1e-20
4866.37163 1.255503575e-15 1e-20
4866.484028 1.259165933e-15 1e-20
4866.596426 1.253823379e-15 1e-20
4866.708824 1.248370498e-15 1e-20
4866.821222 1.237418468e-15 1e-20
4866.93362 1.226479885e-15 1e-20
4867.046018 1.216212363e-15 1e-20
4867.158416 1.206198104e-15 1e-20
4867.270814 1.208793096e-15 1e-20
4867.383212 1.211747758e-15 1e-20
4867.49561 1.232600333e-15 1e-20
4867.608008 1.253400921e-15 1e-20
4867.720406 1.271612977e-15 1e-20
4867.832804 1.289426397e-15 1e-20
4867.945202 1.287416917e-15 1e-20
4868.0576 1.284968357e-15 1e-20
4868.169998 1.260698851e-15 1e-20
4868.282396 1.236142307e-15 1e-20
4868.394794 1.197325646e-15 1e-20
4868.507192 1.158725402e-15 1e-20
4868.61959 1.130873264e-15 1e-20
4868.731988 1.103575934e-15 1e-20
4868.844386 1.103828455e-15 1e-20
4868.956784 1.104657383e-15 1e-20
4869.069182 1.134096966e-15 1e-20
4869.18158 1.163865409e-15 1e-20
4869.293978 1.209952049e-15 1e-20
4869.406376 1.255743179e-15 1e-20
4869.518774 1.286871746e-15 1e-20
4869.631172 1.317519833e-15 1e-20
4869.74357 1.324338342e-15 1e-20
4869.855968 1.33102175e-15 1e-20
4869.968366 1.331009256e-15 1e-20
4870.080764 1.330980563e-15 1e-20
4870.193162 1.330150577e-15 1e-20
4870.30556 1.329252404e-15 1e-20
4870.417958 1.32497637e-15 1e-20
4870.530356 1.320559305e-15 1e-20
4870.642754 1.309158241e-15 1e-20
4870.755152 1.297500845e-15 1e-20
4870.86755 1.273154259e-15 1e-20
4870.979948 1.248804497e-15 1e-20
4871.092346 1.224297928e-15 1e-20
4871.204744 1.200214346e-15 1e-20
4871.317142 1.197053854e-15 1e-20
4871.42954 1.194213012e-15 1e-20
4871.541938 1.207175475e-15 1e-20
4871.654336 1.22014249e-15 1e-20
4871.766734 1.23332857e-15 1e-20
4871.879132 1.246208235e-15 1e-20
4871.99153 1.243953751e-15 1e-20
4872.103928 1.24115346e-15 1e-20
4872.216326 1.211394334e-15 1e-20
4872.328724 1.181724887e-15 1e-20
4872.441122 1.156482353e-15 1e-20
4872.55352 1.132041958e-15 1e-20
4872.665918 1.147196966e-15 1e-20
4872.778316 1.16263647e-15 1e-20
4872.890714 1.192106017e-15 1e-20
4873.003112 1.221230504e-15 1e-20
4873.11551 1.233334075e-15 1e-20
4873.227908 1.245297463e-15 1e-20
4873.340306 1.250350438e-15 1e-20
4873.452704 1.255484516e-15 1e-20
4873.565102 1.264612038e-15 1e-20
4873.6775 1.273636856e-15 1e-20
4873.789898 1.277602876e-15 1e-20
4873.902296 1.281349832e-15 1e-20
4874.014694 1.274307283e-15 1e-20
4874.127092 1.267190088e-15 1e-20
4874.23949 1.256393065e-15 1e-20
4874.351888 1.245649299e-15 1e-20
4874.464286 1.237530806e-15 1e-20
4874.576684 1.229524015e-15 1e-20
4874.689082 1.227014468e-15 1e-20
4874.80148 1.224611224e-15 1e-20
4874.913878 1.22743322e-15 1e-20
4875.026276 1.230215618e-15 1e-20
4875.138674 1.231050157e-15 1e-20
4875.251072 1.231830698e-15 1e-20
4875.36347 1.229960237e-15 1e-20
4875.475868 1.228252725e-15 1e-20
4875.588266 1.234554226e-15 1e-20
4875.700664 1.241014864e-15 1e-20
4875.813062 1.25529044e-15 1e-20
4875.92546 1.26945569e-15 1e-20
4876.037858 1.278205752e-15 1e-20
4876.150256 1.286771902e-15 1e-20
4876.262654 1.286314822e-15 1e-20
4876.375052 1.285776109e-15 1e-20
4876.48745 1.281226059e-15 1e-20
4876.599848 1.276695068e-15 1e-20
4876.712246 1.273096555e-15 1e-20
4876.824644 1.269622237e-15 1e-20
4876.937042 1.272236816e-15 1e-20
4877.04944 1.274947745e-15 1e-20
4877.161838 1.282386283e-15 1e-20
4877.274236 1.289817515e-15 1e-20
4877.386634 1.296893098e-15 1e-20
4877.499032 1.303864285e-15 1e-20
4877.61143 1.305728817e-15 1e-20
4877.723828 1.307402872e-15 1e-20
4877.836226 1.299755435e-15 1e-20
4877.948624 1.292150879e-15 1e-20
4878.061022 1.286653423e-15 1e-20
4878.17342 1.281502192e-15 1e-20
4878.285818 1.293291726e-15 1e-20
4878.398216 1.305211386e-15 1e-20
4878.510614 1.32349438e-15 1e-20
4878.623012 1.341572181e-15 1e-20
4878.73541 1.349611159e-15 1e-20
4878.847808 1.357370616e-15 1e-20
4878.960206 1.351466584e-15 1e-20
4879.072604 1.345293726e-15 1e-20
4879.185002 1.32598868e-15 1e-20
4879.2974 1.306480135e-15 1e-20
4879.409798 1.277032505e-15 1e-20
4879.522196 1.247514572e-15 1e-20
4879.634594 1.214562449e-15 1e-20
4879.746992 1.181926269e-15 1e-20
4879.85939 1.164709266e-15 1e-20
4879.971788 1.147991694e-15 1e-20
4880.084186 1.155645802e-15 1e-20
4880.196584 1.163120126e-15 1e-20
4880.308982 1.161833166e-15 1e-20
4880.42138 1.160060961e-15 1e-20
4880.533778 1.134637373e-15 1e-20
4880.646176 1.109708982e-15 1e-20
4880.758574 1.108914041e-15 1e-20
4880.870972 1.108968569e-15 1e-20
4880.98337 1.150409232e-15 1e-20
4881.095768 1.191614103e-15 1e-20
4881.208166 1.221340195e-15 1e-20
4881.320564 1.250339638e-15 1e-20
4881.432962 1.243961057e-15 1e-20
4881.54536 1.237360235e-15 1e-20
4881.657758 1.219938673e-15 1e-20
4881.770156 1.202696788e-15 1e-20
4881.882554 1.194197236e-15 1e-20
4881.994952 1.186183986e-15 1e-20
4882.10735 1.20181905e-15 1e-20
4882.219748 1.217831678e-15 1e-20
4882.332146 1.252195805e-15 1e-20
4882.444544 1.286385337e-15 1e-20
4882.556942 1.312091411e-15 1e-20
4882.66934 1.337330981e-15 1e-20
4882.781738 1.33990649e-15 1e-20
4882.894136 1.341929205e-15 1e-20
4883.006534 1.317107646e-15 1e-20
4883.118932 1.292118056e-15 1e-20
4883.23133 1.258976939e-15 1e-20
4883.343728 1.226350924e-15 1e-20
4883.456126 1.21872191e-15 1e-20
4883.568524 1.211567023e-15 1e-20
4883.680922 1.227412045e-15 1e-20
4883.79332 1.243321864e-15 1e-20
4883.905718 1.262372482e-15 1e-20
4884.018116 1.28133035e-15 1e-20
4884.130514 1.295797461e-15 1e-20
4884.242912 1.31010533e-15 1e-20
4884.35531 1.316699376e-15 1e-20
4884.467708 1.323227247e-15 1e-20
4884.580106 1.326553757e-15 1e-20
4884.692504 1.329952689e-15 1e-20
4884.804902 1.336859289e-15 1e-20
4884.9173 1.343711998e-15 1e-20
4885.029698 1.347961985e-15 1e-20
4885.142096 1.352021179e-15 1e-20
4885.254494 1.34684422e-15 1e-20
4885.366892 1.341599815e-15 1e-20
4885.47929 1.33309931e-15 1e-20
4885.591688 1.324689543e-15 1e-20
4885.704086 1.320669525e-15 1e-20
4885.816484 1.31697625e-15 1e-20
4885.928882 1.329074739e-15 1e-20
4886.04128 1.341535017e-15 1e-20
4886.153678 1.371478691e-15 1e-20
4886.266076 1.400964013e-15 1e-20
4886.378474 1.408310012e-15 1e-20
4886.490872 1.414794473e-15 1e-20
4886.60327 1.37967077e-15 1e-20
4886.715668 1.344726108e-15 1e-20
4886.828066 1.318420017e-15 1e-20
4886.940464 1.292894044e-15 1e-20
4887.052862 1.305011062e-15 1e-20
4887.16526 1.317334121e-15 1e-20
4887.277658 1.339596688e-15 1e-20
4887.390056 1.361645273e-15 1e-20
4887.502454 1.37337488e-15 1e-20
4887.614852 1.384806542e-15 1e-20
4887.72725 1.381880573e-15 1e-20
4887.839648 1.37861939e-15 1e-20
4887.952046 1.359205818e-15 1e-20
4888.064444 1.33948128e-15 1e-20
4888.176842 1.304779187e-15 1e-20
4888.28924 1.270092129e-15 1e-20
4888.401638 1.236130978e-15 1e-20
4888.514036 1.202842266e-15 1e-20
4888.626434 1.201922282e-15 1e-20
4888.738832 1.201587386e-15 1e-20
4888.85123 1.229408925e-15 1e-20
4888.963628 1.25707048e-15 1e-20
4889.076026 1.277033564e-15 1e-20
4889.188424 1.29668314e-15 1e-20
4889.300822 1.301257224e-15 1e-20
4889.41322 1.305765133e-15 1e-20
4889.525618 1.30709614e-15 1e-20
4889.638016 1.30835176e-15 1e-20
4889.750414 1.305983774e-15 1e-20
4889.862812 1.30343431e-15 1e-20
4889.97521 1.292168243e-15 1e-20
4890.087608 1.280842248e-15 1e-20
4890.200006 1.266636658e-15 1e-20
4890.312404 1.252561829e-15 1e-20
4890.424802 1.244760762e-15 1e-20
4890.5372 1.237143818e-15 1e-20
4890.649598 1.23835984e-15 1e-20
4890.761996 1.239747597e-15 1e-20
4890.874394 1.249374127e-15 1e-20
4890.986792 1.258983504e-15 1e-20
4891.09919 1.267769459e-15 1e-20
4891.211588 1.276344185e-15 1e-20
4891.323986 1.274785644e-15 1e-20
4891.436384 1.273156059e-15 1e-20
4891.548782 1.268119072e-15 1e-20
4891.66118 1.263178646e-15 1e-20
4891.773578 1.262869691e-15 1e-20
4891.885976 1.262622569e-15 1e-20
4891.998374 1.26533858e-15 1e-20
4892.110772 1.268044321e-15 1e-20
4892.22317 1.270261324e-15 1e-20
4892.335568 1.272287744e-15 1e-20
4892.447966 1.265190667e-15 1e-20
4892.560364 1.257867008e-15 1e-20
4892.672762 1.23969741e-15 1e-20
4892.78516 1.22178097e-15 1e-20
4892.897558 1.215970006e-15 1e-20
4893.009956 1.210641639e-15 1e-20
4893.122354 1.228388144e-15 1e-20
4893.234752 1.246159531e-15 1e-20
4893.34715 1.265115599e-15 1e-20
4893.459548 1.283805063e-15 1e-20
4893.571946 1.289757058e-15 1e-20
4893.684344 1.295531917e-15 1e-20
4893.796742 1.292843857e-15 1e-20
4893.90914 1.290038061e-15 1e-20
4894.021538 1.281608071e-15 1e-20
4894.133936 1.273081202e-15 1e-20
4894.246334 1.259936204e-15 1e-20
4894.358732 1.246756689e-15 1e-20
4894.47113 1.23193213e-15 1e-20
4894.583528 1.217143464e-15 1e-20
4894.695926 1.204067393e-15 1e-20
4894.808324 1.191160834e-15 1e-20
4894.920722 1.186334864e-15 1e-20
4895.03312 1.181876083e-15 1e-20
4895.145518 1.194921131e-15 1e-20
4895.257916 1.20817275e-15 1e-20
4895.370314 1.231268374e-15 1e-20
4895.482712 1.254158592e-15 1e-20
4895.59511 1.267270662e-15 1e-20
4895.707508 1.280105647e-15 1e-20
4895.819906 1.279746611e-15 1e-20
4895.932304 1.279230979e-15 1e-20
4896.044702 1.271261458e-15 1e-20
4896.1571 1.263342335e-15 1e-20
4896.269498 1.257821798e-15 1e-20
4896.381896 1.25258904e-15 1e-20
4896.494294 1.2610401e-15 1e-20
4896.606692 1.269532558e-15 1e-20
4896.71909 1.27999712e-15 1e-20
4896.831488 1.290127846e-15 1e-20
4896.943886 1.284391739e-15 1e-20
4897.056284 1.278455521e-15 1e-20
4897.168682 1.263003946e-15 1e-20
4897.28108 1.247609863e-15 1e-20
4897.393478 1.234943226e-15 1e-20
4897.505876 1.222549864e-15 1e-20
4897.618274 1.223125846e-15 1e-20
4897.730672 1.224088181e-15 1e-20
4897.84307 1.243387298e-15 1e-20
4897.955468 1.262627439e-15 1e-20
4898.067866 1.279071949e-15 1e-20
4898.180264 1.295064566e-15 1e-20
4898.292662 1.289618568e-15 1e-20
4898.40506 1.283961446e-15 1e-20
4898.517458 1.268294407e-15 1e-20
4898.629856 1.252684967e-15 1e-20
4898.742254 1.23980636e-15 1e-20
4898.854652 1.227094831e-15 1e-20
4898.96705 1.222296813e-15 1e-20
4899.079448 1.21768493e-15 1e-20
4899.191846 1.221887378e-15 1e-20
4899.304244 1.226048004e-15 1e-20
4899.416642 1.22822202e-15 1e-20
4899.52904 1.230251828e-15 1e-20
4899.641438 1.225458363e-15 1e-20
4899.753836 1.220737319e-15 1e-20
4899.866234 1.219447288e-15 1e-20
4899.978632 1.218296488e-15 1e-20
4900.09103 1.223732533e-15 1e-20
4900.203428 1.229130463e-15 1e-20
4900.315826 1.232726435e-15 1e-20
4900.428224 1.236194929e-15 1e-20
4900.540622 1.233634984e-15 1e-20
4900.65302 1.230944172e-15 1e-20
4900.765418 1.222075631e-15 1e-20
4900.877816 1.213214078e-15 1e-20
4900.990214 1.204681068e-15 1e-20
4901.102612 1.196448332e-15 1e-20
4901.21501 1.202394821e-15 1e-20
4901.327408 1.20857742e-15 1e-20
4901.439806 1.225904961e-15 1e-20
4901.552204 1.243130329e-15 1e-20
4901.664602 1.255532903e-15 1e-20
4901.777 1.267726684e-15 1e-20
4901.889398 1.270070636e-15 1e-20
4902.001796 1.272232264e-15 1e-20
4902.114194 1.265791213e-15 1e-20
4902.226592 1.259403738e-15 1e-20
4902.33899 1.255538727e-15 1e-20
4902.451388 1.252049692e-15 1e-20
4902.563786 1.266277728e-15 1e-20
4902.676184 1.280658865e-15 1e-20
4902.788582 1.302253441e-15 1e-20
4902.90098 1.323595494e-15 1e-20
4903.013378 1.333048065e-15 1e-20
4903.125776 1.342225031e-15 1e-20
4903.238174 1.338427465e-15 1e-20
4903.350572 1.334456257e-15 1e-20
4903.46297 1.322306628e-15 1e-20
4903.575368 1.310174681e-15 1e-20
4903.687766 1.29886965e-15 1e-20
4903.800164 1.287758483e-15 1e-20
4903.912562 1.285766474e-15 1e-20
4904.02496 1.283792146e-15 1e-20
4904.137358 1.282648122e-15 1e-20
4904.249756 1.281355655e-15 1e-20
4904.362154 1.273081096e-15 1e-20
4904.474552 1.264905429e-15 1e-20
4904.58695 1.261374889e-15 1e-20
4904.699348 1.258109789e-15 1e-20
4904.811746 1.267307296e-15 1e-20
4904.924144 1.276501098e-15 1e-20
4905.036542 1.285521681e-15 1e-20
4905.14894 1.294315577e-15 1e-20
4905.261338 1.292473598e-15 1e-20
4905.373736 1.290341616e-15 1e-20
4905.486134 1.274605544e-15 1e-20
4905.598532 1.258732464e-15 1e-20
4905.71093 1.236429875e-15 1e-20
4905.823328 1.214654034e-15 1e-20
4905.935726 1.217577039e-15 1e-20
4906.048124 1.221152789e-15 1e-20
4906.160522 1.255323898e-15 1e-20
4906.27292 1.28924672e-15 1e-20
4906.385318 1.311534275e-15 1e-20
4906.497716 1.333357443e-15 1e-20
4906.610114 1.333426477e-15 1e-20
4906.722512 1.333818865e-15 1e-20
4906.83491 1.349353343e-15 1e-20
4906.947308 1.365235634e-15 1e-20
4907.059706 1.397391228e-15 1e-20
4907.172104 1.429146493e-15 1e-20
4907.284502 1.442168037e-15 1e-20
4907.3969 1.454537259e-15 1e-20
4907.509298 1.436394237e-15 1e-20
4907.621696 1.417699478e-15 1e-20
4907.734094 1.373207802e-15 1e-20
4907.846492 1.328738996e-15 1e-20
4907.95889 1.285338828e-15 1e-20
4908.071288 1.242862667e-15 1e-20
4908.183686 1.24356221e-15 1e-20
4908.296084 1.24483096e-15 1e-20
4908.408482 1.272693579e-15 1e-20
4908.52088 1.300123364e-15 1e-20
4908.633278 1.307342838e-15 1e-20
4908.745676 1.314189723e-15 1e-20
4908.858074 1.303637704e-15 1e-20
4908.970472 1.293178224e-15 1e-20
4909.08287 1.287041258e-15 1e-20
4909.195268 1.281023724e-15 1e-20
4909.307666 1.280580197e-15 1e-20
4909.420064 1.280175739e-15 1e-20
4909.532462 1.281592189e-15 1e-20
4909.64486 1.283086885e-15 1e-20
4909.757258 1.288223928e-15 1e-20
4909.869656 1.29347045e-15 1e-20
4909.982054 1.303824051e-15 1e-20
4910.094452 1.314104384e-15 1e-20
4910.20685 1.320977422e-15 1e-20
4910.319248 1.327639547e-15 1e-20
4910.431646 1.324480538e-15 1e-20
4910.544044 1.32146023e-15 1e-20
4910.656442 1.324896749e-15 1e-20
4910.76884 1.328714538e-15 1e-20
4910.881238 1.350274068e-15 1e-20
4910.993636 1.371777799e-15 1e-20
4911.106034 1.39068188e-15 1e-20
4911.218432 1.409194527e-15 1e-20
4911.33083 1.409505599e-15 1e-20
4911.443228 1.40960322e-15 1e-20
4911.555626 1.399782191e-15 1e-20
4911.668024 1.38989414e-15 1e-20
4911.780422 1.376893137e-15 1e-20
4911.89282 1.36378382e-15 1e-20
4912.005218 1.345643233e-15 1e-20
4912.117616 1.327484646e-15 1e-20
4912.230014 1.308491626e-15 1e-20
4912.342412 1.289809362e-15 1e-20
4912.45481 1.285555245e-15 1e-20
4912.567208 1.281678481e-15 1e-20
4912.679606 1.295308512e-15 1e-20
4912.792004 1.308999952e-15 1e-20
4912.904402 1.325541553e-15 1e-20
4913.0168 1.341980239e-15 1e-20
4913.129198 1.3536478e-15 1e-20
4913.241596 1.365209482e-15 1e-20
4913.353994 1.371864514e-15 1e-20
4913.466392 1.378502499e-15 1e-20
4913.57879 1.384349038e-15 1e-20
4913.691188 1.39040183e-15 1e-20
4913.803586 1.406017412e-15 1e-20
4913.915984 1.421546279e-15 1e-20
4914.028382 1.433058303e-15 1e-20
4914.14078 1.44383341e-15 1e-20
4914.253178 1.420483358e-15 1e-20
4914.365576 1.396654521e-15 1e-20
4914.477974 1.350662326e-15 1e-20
4914.590372 1.304941182e-15 1e-20
4914.70277 1.271759513e-15 1e-20
4914.815168 1.239087653e-15 1e-20
4914.927566 1.229998671e-15 1e-20
4915.039964 1.221401922e-15 1e-20
4915.152362 1.235572995e-15 1e-20
4915.26476 1.250111151e-15 1e-20
4915.377158 1.281622788e-15 1e-20
4915.489556 1.313287209e-15 1e-20
4915.601954 1.352010273e-15 1e-20
4915.714352 1.390507074e-15 1e-20
4915.82675 1.418546194e-15 1e-20
4915.939148 1.446023943e-15 1e-20
4916.051546 1.44757846e-15 1e-20
4916.163944 1.448682461e-15 1e-20
4916.276342 1.428986828e-15 1e-20
4916.38874 1.409097012e-15 1e-20
4916.501138 1.380238388e-15 1e-20
4916.613536 1.351486595e-15 1e-20
4916.725934 1.327662523e-15 1e-20
4916.838332 1.304212734e-15 1e-20
4916.95073 1.298028758e-15 1e-20
4917.063128 1.29246354e-15 1e-20
4917.175526 1.315428085e-15 1e-20
4917.287924 1.338915038e-15 1e-20
4917.400322 1.386478162e-15 1e-20
4917.51272 1.433364612e-15 1e-20
4917.625118 1.44907125e-15 1e-20
4917.737516 1.463550113e-15 1e-20
4917.849914 1.421481904e-15 1e-20
4917.962312 1.37952868e-15 1e-20
4918.07471 1.342864541e-15 1e-20
4918.187108 1.307090105e-15 1e-20
4918.299506 1.312270135e-15 1e-20
4918.411904 1.317763779e-15 1e-20
4918.524302 1.337688323e-15 1e-20
4918.6367 1.357581527e-15 1e-20
4918.749098 1.376031598e-15 1e-20
4918.861496 1.394471294e-15 1e-20
4918.973894 1.412432839e-15 1e-20
4919.086292 1.43037035e-15 1e-20
4919.19869 1.447199836e-15 1e-20
4919.311088 1.464045416e-15 1e-20
4919.423486 1.481625479e-15 1e-20
4919.535884 1.499011253e-15 1e-20
4919.648282 1.507474383e-15 1e-20
4919.76068 1.515276192e-15 1e-20
4919.873078 1.492714093e-15 1e-20
4919.985476 1.469649809e-15 1e-20
4920.097874 1.423529606e-15 1e-20
4920.210272 1.377519941e-15 1e-20
4920.32267 1.336578286e-15 1e-20
4920.435068 1.296122404e-15 1e-20
4920.547466 1.277954395e-15 1e-20
4920.659864 1.260492493e-15 1e-20
4920.772262 1.275416049e-15 1e-20
4920.88466 1.29064316e-15 1e-20
4920.997058 1.319790834e-15 1e-20
4921.109456 1.348546015e-15 1e-20
4921.221854 1.359315509e-15 1e-20
4921.334252 1.369844976e-15 1e-20
4921.44665 1.369377519e-15 1e-20
4921.559048 1.369104669e-15 1e-20
4921.671446 1.377749699e-15 1e-20
4921.783844 1.386489385e-15 1e-20
4921.896242 1.399560903e-15 1e-20
4922.00864 1.412507378e-15 1e-20
4922.121038 1.41972537e-15 1e-20
4922.233436 1.426622653e-15 1e-20
4922.345834 1.418844138e-15 1e-20
4922.458232 1.410643694e-15 1e-20
4922.57063 1.383148158e-15 1e-20
4922.683028 1.355699314e-15 1e-20
4922.795426 1.330390287e-15 1e-20
4922.907824 1.305557081e-15 1e-20
4923.020222 1.302480128e-15 1e-20
4923.13262 1.299634415e-15 1e-20
4923.245018 1.307359461e-15 1e-20
4923.357416 1.315067567e-15 1e-20
4923.469814 1.32200159e-15 1e-20
4923.582212 1.328991094e-15 1e-20
4923.69461 1.338513545e-15 1e-20
4923.807008 1.348142298e-15 1e-20
4923.919406 1.362618408e-15 1e-20
4924.031804 1.377188328e-15 1e-20
4924.144202 1.396044869e-15 1e-20
4924.2566 1.414918669e-15 1e-20
4924.368998 1.434578728e-15 1e-20
4924.481396 1.454051168e-15 1e-20
4924.593794 1.464966776e-15 1e-20
4924.706192 1.475559134e-15 1e-20
4924.81859 1.471418626e-15 1e-20
4924.930988 1.466914316e-15 1e-20
4925.043386 1.445828702e-15 1e-20
4925.155784 1.424569657e-15 1e-20
4925.268182 1.395405995e-15 1e-20
4925.38058 1.366542818e-15 1e-20
4925.492978 1.351360811e-15 1e-20
4925.605376 1.336679083e-15 1e-20
4925.717774 1.344780636e-15 1e-20
4925.830172 1.353319257e-15 1e-20
4925.94257 1.381752353e-15 1e-20
4926.054968 1.410203555e-15 1e-20
4926.167366 1.439478178e-15 1e-20
4926.279764 1.468047752e-15 1e-20
4926.392162 1.464550777e-15 1e-20
4926.50456 1.460557652e-15 1e-20
4926.616958 1.434007086e-15 1e-20
4926.729356 1.407762935e-15 1e-20
4926.841754 1.395448346e-15 1e-20
4926.954152 1.383663789e-15 1e-20
4927.06655 1.39596239e-15 1e-20
4927.178948 1.408714153e-15 1e-20
4927.291346 1.442053793e-15 1e-20
4927.403744 1.475339118e-15 1e-20
4927.516142 1.506160741e-15 1e-20
4927.62854 1.536283985e-15 1e-20
4927.740938 1.534707551e-15 1e-20
4927.853336 1.532751328e-15 1e-20
4927.965734 1.513563703e-15 1e-20
4928.078132 1.494576824e-15 1e-20
4928.19053 1.484693855e-15 1e-20
4928.302928 1.474880661e-15 1e-20
4928.415326 1.468234629e-15 1e-20
4928.527724 1.461423002e-15 1e-20
4928.640122 1.447102957e-15 1e-20
4928.75252 1.432742466e-15 1e-20
4928.864918 1.416549314e-15 1e-20
4928.977316 1.400470405e-15 1e-20
4929.089714 1.38956242e-15 1e-20
4929.202112 1.37885243e-15 1e-20
4929.31451 1.377112942e-15 1e-20
4929.426908 1.375587012e-15 1e-20
4929.539306 1.383733563e-15 1e-20
4929.651704 1.391852586e-15 1e-20
4929.764102 1.398727105e-15 1e-20
4929.8765 1.405445135e-15 1e-20
4929.988898 1.405080593e-15 1e-20
4930.101296 1.404906528e-15 1e-20
4930.213694 1.413343506e-15 1e-20
4930.326092 1.422077368e-15 1e-20
4930.43849 1.444231939e-15 1e-20
4930.550888 1.46614881e-15 1e-20
4930.663286 1.477319269e-15 1e-20
4930.775684 1.488038365e-15 1e-20
4930.888082 1.478354767e-15 1e-20
4931.00048 1.468589006e-15 1e-20
4931.112878 1.455106465e-15 1e-20
4931.225276 1.44186374e-15 1e-20
4931.337674 1.439453296e-15 1e-20
4931.450072 1.437561448e-15 1e-20
4931.56247 1.459087096e-15 1e-20
4931.674868 1.480952511e-15 1e-20
4931.787266 1.518154092e-15 1e-20
4931.899664 1.554991026e-15 1e-20
4932.012062 1.575375615e-15 1e-20
4932.12446 1.595124929e-15 1e-20
4932.236858 1.586225471e-15 1e-20
4932.349256 1.576813029e-15 1e-20
4932.461654 1.544280506e-15 1e-20
4932.574052 1.511594245e-15 1e-20
4932.68645 1.471985608e-15 1e-20
4932.798848 1.432745642e-15 1e-20
4932.911246 1.41011451e-15 1e-20
4933.023644 1.388010974e-15 1e-20
4933.136042 1.389667982e-15 1e-20
4933.24844 1.391782917e-15 1e-20
4933.360838 1.414517493e-15 1e-20
4933.473236 1.437306174e-15 1e-20
4933.585634 1.462529227e-15 1e-20
4933.698032 1.487279741e-15 1e-20
4933.81043 1.490762741e-15 1e-20
4933.922828 1.494081098e-15 1e-20
4934.035226 1.489993105e-15 1e-20
4934.147624 1.486272195e-15 1e-20
4934.260022 1.499060275e-15 1e-20
4934.37242 1.511950317e-15 1e-20
4934.484818 1.529428418e-15 1e-20
4934.597216 1.546602117e-15 1e-20
4934.709614 1.55009814e-15 1e-20
4934.822012 1.553155293e-15 1e-20
4934.93441 1.536498285e-15 1e-20
4935.046808 1.5194311e-15 1e-20
4935.159206 1.483948466e-15 1e-20
4935.271604 1.448762188e-15 1e-20
4935.384002 1.426876551e-15 1e-20
4935.4964 1.405806183e-15 1e-20
4935.608798 1.421323297e-15 1e-20
4935.721196 1.436943326e-15 1e-20
4935.833594 1.457183919e-15 1e-20
4935.945992 1.476939904e-15 1e-20
4936.05839 1.47496547e-15 1e-20
4936.170788 1.472757255e-15 1e-20
4936.283186 1.460071137e-15 1e-20
4936.395584 1.44742917e-15 1e-20
4936.507982 1.436762696e-15 1e-20
4936.62038 1.426400307e-15 1e-20
4936.732778 1.429665301e-15 1e-20
4936.845176 1.433242321e-15 1e-20
4936.957574 1.450794856e-15 1e-20
4937.069972 1.468124515e-15 1e-20
4937.18237 1.475473584e-15 1e-20
4937.294768 1.482379444e-15 1e-20
4937.407166 1.469448427e-15 1e-20
4937.519564 1.456359756e-15 1e-20
4937.631962 1.43622123e-15 1e-20
4937.74436 1.416187948e-15 1e-20
4937.856758 1.400862369e-15 1e-20
4937.969156 1.385879733e-15 1e-20
4938.081554 1.386232204e-15 1e-20
4938.193952 1.386937465e-15 1e-20
4938.30635 1.403413527e-15 1e-20
4938.418748 1.420018231e-15 1e-20
4938.531146 1.442373336e-15 1e-20
4938.643544 1.464635374e-15 1e-20
4938.755942 1.482740915e-15 1e-20
4938.86834 1.500548618e-15 1e-20
4938.980738 1.505050069e-15 1e-20
4939.093136 1.509254846e-15 1e-20
4939.205534 1.500210864e-15 1e-20
4939.317932 1.491013886e-15 1e-20
4939.43033 1.474992893e-15 1e-20
4939.542728 1.458999005e-15 1e-20
4939.655126 1.444218915e-15 1e-20
4939.767524 1.429643808e-15 1e-20
4939.879922 1.424206809e-15 1e-20
4939.99232 1.41903112e-15 1e-20
4940.104718 1.425512193e-15 1e-20
4940.217116 1.432232764e-15 1e-20
4940.329514 1.449634421e-15 1e-20
4940.441912 1.466955397e-15 1e-20
4940.55431 1.480688448e-15 1e-20
4940.666708 1.494001583e-15 1e-20
4940.779106 1.488605983e-15 1e-20
4940.891504 1.483104716e-15 1e-20
4941.003902 1.472894686e-15 1e-20
4941.1163 1.462939826e-15 1e-20
4941.228698 1.464341242e-15 1e-20
4941.341096 1.465685695e-15 1e-20
4941.453494 1.464490214e-15 1e-20
4941.565892 1.462940567e-15 1e-20
4941.67829 1.44563399e-15 1e-20
4941.790688 1.428098184e-15 1e-20
4941.903086 1.400365584e-15 1e-20
4942.015484 1.372650772e-15 1e-20
4942.127882 1.345726665e-15 1e-20
4942.24028 1.319398446e-15 1e-20
4942.352678 1.319554936e-15 1e-20
4942.465076 1.320513353e-15 1e-20
4942.577474 1.357102e-15 1e-20
4942.689872 1.393646178e-15 1e-20
4942.80227 1.428217828e-15 1e-20
4942.914668 1.462195707e-15 1e-20
4943.027066 1.469809687e-15 1e-20
4943.139464 1.477005867e-15 1e-20
4943.251862 1.465654355e-15 1e-20
4943.36426 1.454223116e-15 1e-20
4943.476658 1.439253502e-15 1e-20
4943.589056 1.424857542e-15 1e-20
4943.701454 1.435905075e-15 1e-20
4943.813852 1.447450875e-15 1e-20
4943.92625 1.481091954e-15 1e-20
4944.038648 1.514132591e-15 1e-20
4944.151046 1.520552148e-15 1e-20
4944.263444 1.526155906e-15 1e-20
4944.375842 1.495606816e-15 1e-20
4944.48824 1.464937341e-15 1e-20
4944.600638 1.428934206e-15 1e-20
4944.713036 1.393201168e-15 1e-20
4944.825434 1.369432577e-15 1e-20
4944.937832 1.346081996e-15 1e-20
4945.05023 1.341238026e-15 1e-20
4945.162628 1.336857172e-15 1e-20
4945.275026 1.35297822e-15 1e-20
4945.387424 1.369518974e-15 1e-20
4945.499822 1.404631137e-15 1e-20
4945.61222 1.439606503e-15 1e-20
4945.724618 1.468534584e-15 1e-20
4945.837016 1.496567246e-15 1e-20
4945.949414 1.485001646e-15 1e-20
4946.061812 1.473063775e-15 1e-20
4946.17421 1.444664666e-15 1e-20
4946.286608 1.41686621e-15 1e-20
4946.399006 1.415608684e-15 1e-20
4946.511404 1.414748204e-15 1e-20
4946.623802 1.431426706e-15 1e-20
4946.7362 1.44798313e-15 1e-20
4946.848598 1.459146177e-15 1e-20
4946.960996 1.470347552e-15 1e-20
4947.073394 1.483239606e-15 1e-20
4947.185792 1.496367558e-15 1e-20
4947.29819 1.519908191e-15 1e-20
4947.410588 1.543053049e-15 1e-20
4947.522986 1.548738546e-15 1e-20
4947.635384 1.553556363e-15 1e-20
4947.747782 1.52010375e-15 1e-20
4947.86018 1.486787191e-15 1e-20
4947.972578 1.459471649e-15 1e-20
4948.084976 1.433067833e-15 1e-20
4948.197374 1.446852341e-15 1e-20
4948.309772 1.46067486e-15 1e-20
4948.42217 1.476168892e-15 1e-20
4948.534568 1.491094672e-15 1e-20
4948.646966 1.480986604e-15 1e-20
4948.759364 1.47097711e-15 1e-20
4948.871762 1.465305589e-15 1e-20
4948.98416 1.460047314e-15 1e-20
4949.096558 1.472983837e-15 1e-20
4949.208956 1.485666567e-15 1e-20
4949.321354 1.487179579e-15 1e-20
4949.433752 1.488288875e-15 1e-20
4949.54615 1.471637372e-15 1e-20
4949.658548 1.455437337e-15 1e-20
4949.770946 1.459094826e-15 1e-20
4949.883344 1.463299921e-15 1e-20
4949.995742 1.491581504e-15 1e-20
4950.10814 1.51941183e-15 1e-20
4950.220538 1.527406868e-15 1e-20
4950.332936 1.534742385e-15 1e-20
4950.445334 1.513097305e-15 1e-20
4950.557732 1.49143285e-15 1e-20
4950.67013 1.468916702e-15 1e-20
4950.782528 1.446703792e-15 1e-20
4950.894926 1.437802217e-15 1e-20
4951.007324 1.429286148e-15 1e-20
4951.119722 1.437686174e-15 1e-20
4951.23212 1.446250206e-15 1e-20
4951.344518 1.462014231e-15 1e-20
4951.456916 1.477524886e-15 1e-20
4951.569314 1.481917387e-15 1e-20
4951.681712 1.485817233e-15 1e-20
4951.79411 1.468108103e-15 1e-20
4951.906508 1.449777146e-15 1e-20
4952.018906 1.404178927e-15 1e-20
4952.131304 1.358821371e-15 1e-20
4952.243702 1.32400567e-15 1e-20
4952.3561 1.29059562e-15 1e-20
4952.468498 1.318767724e-15 1e-20
4952.580896 1.347580609e-15 1e-20
4952.693294 1.404457283e-15 1e-20
4952.805692 1.460667766e-15 1e-20
4952.91809 1.487705269e-15 1e-20
4953.030488 1.514054453e-15 1e-20
4953.142886 1.510269909e-15 1e-20
4953.255284 1.506115848e-15 1e-20
4953.367682 1.485790869e-15 1e-20
4953.48008 1.465377693e-15 1e-20
4953.592478 1.441112104e-15 1e-20
4953.704876 1.417040804e-15 1e-20
4953.817274 1.401465245e-15 1e-20
4953.929672 1.386156289e-15 1e-20
4954.04207 1.382503777e-15 1e-20
4954.154468 1.379108657e-15 1e-20
4954.266866 1.386961182e-15 1e-20
4954.379264 1.395013819e-15 1e-20
4954.491662 1.411807835e-15 1e-20
4954.60406 1.428658497e-15 1e-20
4954.716458 1.447980059e-15 1e-20
4954.828856 1.466960162e-15 1e-20
4954.941254 1.471032167e-15 1e-20
4955.053652 1.474666256e-15 1e-20
4955.16605 1.459184717e-15 1e-20
4955.278448 1.443978358e-15 1e-20
4955.390846 1.440782926e-15 1e-20
4955.503244 1.438130231e-15 1e-20
4955.615642 1.459154224e-15 1e-20
4955.72804 1.480059632e-15 1e-20
4955.840438 1.495789669e-15 1e-20
4955.952836 1.511053203e-15 1e-20
4956.065234 1.505978735e-15 1e-20
4956.177632 1.50053316e-15 1e-20
4956.29003 1.478918044e-15 1e-20
4956.402428 1.457298481e-15 1e-20
4956.514826 1.435484418e-15 1e-20
4956.627224 1.414393827e-15 1e-20
4956.739622 1.424809367e-15 1e-20
4956.85202 1.435932921e-15 1e-20
4956.964418 1.477881487e-15 1e-20
4957.076816 1.519824865e-15 1e-20
4957.189214 1.561538061e-15 1e-20
4957.301612 1.602799047e-15 1e-20
4957.41401 1.624388117e-15 1e-20
4957.526408 1.645278808e-15 1e-20
4957.638806 1.635790769e-15 1e-20
4957.751204 1.625864813e-15 1e-20
4957.863602 1.596900733e-15 1e-20
4957.976 1.568065508e-15 1e-20
4958.088398 1.544831924e-15 1e-20
4958.200796 1.521947635e-15 1e-20
4958.313194 1.514241117e-15 1e-20
4958.425592 1.506921482e-15 1e-20
4958.53799 1.516406981e-15 1e-20
4958.650388 1.525866856e-15 1e-20
4958.762786 1.534214895e-15 1e-20
4958.875184 1.542024645e-15 1e-20
4958.987582 1.526463591e-15 1e-20
4959.09998 1.51070539e-15 1e-20
4959.212378 1.486390251e-15 1e-20
4959.324776 1.462405983e-15 1e-20
4959.437174 1.452772889e-15 1e-20
4959.549572 1.443697567e-15 1e-20
4959.66197 1.458810117e-15 1e-20
4959.774368 1.474499708e-15 1e-20
4959.886766 1.515208323e-15 1e-20
4959.999164 1.555685698e-15 1e-20
4960.111562 1.586135792e-15 1e-20
4960.22396 1.615674689e-15 1e-20
4960.336358 1.605729146e-15 1e-20
4960.448756 1.59536951e-15 1e-20
4960.561154 1.567071939e-15 1e-20
4960.673552 1.538892211e-15 1e-20
4960.78595 1.515820728e-15 1e-20
4960.898348 1.492929027e-15 1e-20
4961.010746 1.47782643e-15 1e-20
4961.123144 1.462973601e-15 1e-20
4961.235542 1.458926584e-15 1e-20
4961.34794 1.455303083e-15 1e-20
4961.460338 1.470003128e-15 1e-20
4961.572736 1.485057656e-15 1e-20
4961.685134 1.51544221e-15 1e-20
4961.797532 1.545703627e-15 1e-20
4961.90993 1.570639218e-15 1e-20
4962.022328 1.595082683e-15 1e-20
4962.134726 1.598252704e-15 1e-20
4962.247124 1.600737263e-15 1e-20
4962.359522 1.57360521e-15 1e-20
4962.47192 1.546013006e-15 1e-20
4962.584318 1.498547926e-15 1e-20
4962.696716 1.451380897e-15 1e-20
4962.809114 1.417088238e-15 1e-20
4962.921512 1.38340322e-15 1e-20
4963.03391 1.375948695e-15 1e-20
4963.146308 1.368917792e-15 1e-20
4963.258706 1.380167343e-15 1e-20
4963.371104 1.391686885e-15 1e-20
4963.483502 1.414854401e-15 1e-20
4963.5959 1.438150242e-15 1e-20
4963.708298 1.466977314e-15 1e-20
4963.820696 1.495647474e-15 1e-20
4963.933094 1.517550581e-15 1e-20
4964.045492 1.538982103e-15 1e-20
4964.15789 1.540088116e-15 1e-20
4964.270288 1.540743825e-15 1e-20
4964.382686 1.521996763e-15 1e-20
4964.495084 1.502997073e-15 1e-20
4964.607482 1.473119044e-15 1e-20
4964.71988 1.443571147e-15 1e-20
4964.832278 1.428242603e-15 1e-20
4964.944676 1.413865172e-15 1e-20
4965.057074 1.440433737e-15 1e-20
4965.169472 1.467438206e-15 1e-20
4965.28187 1.513199373e-15 1e-20
4965.394268 1.558588692e-15 1e-20
4965.506666 1.587983382e-15 1e-20
4965.619064 1.616588744e-15 1e-20
4965.731462 1.611254766e-15 1e-20
4965.84386 1.605005674e-15 1e-20
4965.956258 1.559411479e-15 1e-20
4966.068656 1.514027559e-15 1e-20
4966.181054 1.477679893e-15 1e-20
4966.293452 1.442541684e-15 1e-20
4966.40585 1.459366194e-15 1e-20
4966.518248 1.476648207e-15 1e-20
4966.630646 1.513578314e-15 1e-20
4966.743044 1.55016982e-15 1e-20
4966.855442 1.57222137e-15 1e-20
4966.96784 1.593885508e-15 1e-20
4967.080238 1.598916037e-15 1e-20
4967.192636 1.603627446e-15 1e-20
4967.305034 1.59464392e-15 1e-20
4967.417432 1.585638583e-15 1e-20
4967.52983 1.575698016e-15 1e-20
4967.642228 1.565899222e-15 1e-20
4967.754626 1.562178206e-15 1e-20
4967.867024 1.558345594e-15 1e-20
4967.979422 1.549728092e-15 1e-20
4968.09182 1.540903597e-15 1e-20
4968.204218 1.52321162e-15 1e-20
4968.316616 1.505502067e-15 1e-20
4968.429014 1.487046489e-15 1e-20
4968.541412 1.468742637e-15 1e-20
4968.65381 1.456934574e-15 1e-20
4968.766208 1.445390044e-15 1e-20
4968.878606 1.445130111e-15 1e-20
4968.991004 1.445263095e-15 1e-20
4969.103402 1.462221648e-15 1e-20
4969.2158 1.479778947e-15 1e-20
4969.328198 1.522957086e-15 1e-20
4969.440596 1.566205001e-15 1e-20
4969.552994 1.612439129e-15 1e-20
4969.665392 1.657568621e-15 1e-20
4969.77779 1.655451674e-15 1e-20
4969.890188 1.65257568e-15 1e-20
4970.002586 1.617253559e-15 1e-20
4970.114984 1.582522349e-15 1e-20
4970.227382 1.573045321e-15 1e-20
4970.33978 1.564149781e-15 1e-20
4970.452178 1.580101847e-15 1e-20
4970.564576 1.595964339e-15 1e-20
4970.676974 1.6079993e-15 1e-20
4970.789372 1.619535254e-15 1e-20
4970.90177 1.609756682e-15 1e-20
4971.014168 1.599204981e-15 1e-20
4971.126566 1.5556443e-15 1e-20
4971.238964 1.512126076e-15 1e-20
4971.351362 1.470420927e-15 1e-20
4971.46376 1.429790874e-15 1e-20
4971.576158 1.435024373e-15 1e-20
4971.688556 1.440904687e-15 1e-20
4971.800954 1.474371382e-15 1e-20
4971.913352 1.507727963e-15 1e-20
4972.02575 1.53639357e-15 1e-20
4972.138148 1.564549157e-15 1e-20
4972.250546 1.570968184e-15 1e-20
4972.362944 1.576700374e-15 1e-20
4972.475342 1.553167258e-15 1e-20
4972.58774 1.529609048e-15 1e-20
4972.700138 1.504979977e-15 1e-20
4972.812536 1.480927735e-15 1e-20
4972.924934 1.481437755e-15 1e-20
4973.037332 1.482377538e-15 1e-20
4973.14973 1.50161408e-15 1e-20
4973.262128 1.520956289e-15 1e-20
4973.374526 1.544796878e-15 1e-20
4973.486924 1.568061909e-15 1e-20
4973.599322 1.566840487e-15 1e-20
4973.71172 1.564828043e-15 1e-20
4973.824118 1.529177908e-15 1e-20
4973.936516 1.493728838e-15 1e-20
4974.048914 1.466825695e-15 1e-20
4974.161312 1.440691447e-15 1e-20
4974.27371 1.447237953e-15 1e-20
4974.386108 1.454244503e-15 1e-20
4974.498506 1.480796551e-15 1e-20
4974.610904 1.507400585e-15 1e-20
4974.723302 1.536210187e-15 1e-20
4974.8357 1.564480653e-15 1e-20
4974.948098 1.569855713e-15 1e-20
4975.060496 1.574717046e-15 1e-20
4975.172894 1.557771411e-15 1e-20
4975.285292 1.541121073e-15 1e-20
4975.39769 1.536998034e-15 1e-20
4975.510088 1.533317464e-15 1e-20
4975.622486 1.54840545e-15 1e-20
4975.734884 1.563492483e-15 1e-20
4975.847282 1.578535047e-15 1e-20
4975.95968 1.593305502e-15 1e-20
4976.072078 1.596540003e-15 1e-20
4976.184476 1.599325048e-15 1e-20
4976.296874 1.583056509e-15 1e-20
4976.409272 1.566591671e-15 1e-20
4976.52167 1.541809075e-15 1e-20
4976.634068 1.517337658e-15 1e-20
4976.746466 1.506049674e-15 1e-20
4976.858864 1.495016646e-15 1e-20
4976.971262 1.494782653e-15 1e-20
4977.08366 1.494507473e-15 1e-20
4977.196058 1.492493017e-15 1e-20
4977.308456 1.490422763e-15 1e-20
4977.420854 1.485994792e-15 1e-20
4977.533252 1.481581539e-15 1e-20
4977.64565 1.47779509e-15 1e-20
4977.758048 1.474210658e-15 1e-20
4977.870446 1.479175224e-15 1e-20
4977.982844 1.484503273e-15 1e-20
4978.095242 1.505205393e-15 1e-20
4978.20764 1.525960136e-15 1e-20
4978.320038 1.54894321e-15 1e-20
4978.432436 1.571636599e-15 1e-20
4978.544834 1.582089198e-15 1e-20
4978.657232 1.592328344e-15 1e-20
4978.76963 1.593551777e-15 1e-20
4978.882028 1.594685848e-15 1e-20
4978.994426 1.592044376e-15 1e-20
4979.106824 1.589365105e-15 1e-20
4979.219222 1.585091082e-15 1e-20
4979.33162 1.580781696e-15 1e-20
4979.444018 1.574979733e-15 1e-20
4979.556416 1.56891233e-15 1e-20
4979.668814 1.55165128e-15 1e-20
4979.781212 1.534084135e-15 1e-20
4979.89361 1.503605031e-15 1e-20
4980.006008 1.473279134e-15 1e-20
4980.118406 1.449415568e-15 1e-20
4980.230804 1.426032059e-15 1e-20
4980.343202 1.422885014e-15 1e-20
4980.4556 1.420305587e-15 1e-20
4980.567998 1.441643723e-15 1e-20
4980.680396 1.463252275e-15 1e-20
4980.792794 1.496258396e-15 1e-20
4980.905192 1.528572491e-15 1e-20
4981.01759 1.531741559e-15 1e-20
4981.129988 1.53418959e-15 1e-20
4981.242386 1.506285043e-15 1e-20
4981.354784 1.478855469e-15 1e-20
4981.467182 1.471421484e-15 1e-20
4981.57958 1.464733206e-15 1e-20
4981.691978 1.489425805e-15 1e-20
4981.804376 1.514266528e-15 1e-20
4981.916774 1.545340144e-15 1e-20
4982.029172 1.576052606e-15 1e-20
4982.14157 1.591576178e-15 1e-20
4982.253968 1.606247742e-15 1e-20
4982.366366 1.585104635e-15 1e-20
4982.478764 1.563577081e-15 1e-20
4982.591162 1.525889409e-15 1e-20
4982.70356 1.488875763e-15 1e-20
4982.815958 1.480176205e-15 1e-20
4982.928356 1.472181167e-15 1e-20
4983.040754 1.49377426e-15 1e-20
4983.153152 1.515591606e-15 1e-20
4983.26555 1.546826687e-15 1e-20
4983.377948 1.578092896e-15 1e-20
4983.490346 1.610660995e-15 1e-20
4983.602744 1.643139097e-15 1e-20
4983.715142 1.671843773e-15 1e-20
4983.82754 1.700293069e-15 1e-20
4983.939938 1.718031527e-15 1e-20
4984.052336 1.735394644e-15 1e-20
4984.164734 1.737012159e-15 1e-20
4984.277132 1.738224369e-15 1e-20
4984.38953 1.722443298e-15 1e-20
4984.501928 1.706324473e-15 1e-20
4984.614326 1.676050351e-15 1e-20
4984.726724 1.64583605e-15 1e-20
4984.839122 1.618125473e-15 1e-20
4984.95152 1.59082539e-15 1e-20
4985.063918 1.580722404e-15 1e-20
4985.176316 1.570930174e-15 1e-20
4985.288714 1.574152181e-15 1e-20
4985.401112 1.577503573e-15 1e-20
4985.51351 1.586271635e-15 1e-20
4985.625908 1.594982839e-15 1e-20
4985.738306 1.601316316e-15 1e-20
4985.850704 1.60745667e-15 1e-20
4985.963102 1.605515694e-15 1e-20
4986.0755 1.60342204e-15 1e-20
4986.187898 1.59494504e-15 1e-20
4986.300296 1.586385878e-15 1e-20
4986.412694 1.574393797e-15 1e-20
4986.525092 1.562336283e-15 1e-20
4986.63749 1.547542218e-15 1e-20
4986.749888 1.532908559e-15 1e-20
4986.862286 1.524975566e-15 1e-20
4986.974684 1.517848101e-15 1e-20
4987.087082 1.544369126e-15 1e-20
4987.19948 1.57153252e-15 1e-20
4987.311878 1.62551573e-15 1e-20
4987.424276 1.678890664e-15 1e-20
4987.536674 1.706872715e-15 1e-20
4987.649072 1.73383028e-15 1e-20
4987.76147 1.718030257e-15 1e-20
4987.873868 1.701635299e-15 1e-20
4987.986266 1.660422699e-15 1e-20
4988.098664 1.619315872e-15 1e-20
4988.211062 1.582625793e-15 1e-20
4988.32346 1.547018751e-15 1e-20
4988.435858 1.556570742e-15 1e-20
4988.548256 1.566834664e-15 1e-20
4988.660654 1.606770255e-15 1e-20
4988.773052 1.646145429e-15 1e-20
4988.88545 1.662166528e-15 1e-20
4988.997848 1.677516777e-15 1e-20
4989.110246 1.664921185e-15 1e-20
4989.222644 1.65213014e-15 1e-20
4989.335042 1.631196568e-15 1e-20
4989.44744 1.610421603e-15 1e-20
4989.559838 1.596252118e-15 1e-20
4989.672236 1.582538443e-15 1e-20
4989.784634 1.587800953e-15 1e-20
4989.897032 1.593245892e-15 1e-20
4990.00943 1.606280459e-15 1e-20
4990.121828 1.619062927e-15 1e-20
4990.234226 1.621361986e-15 1e-20
4990.346624 1.623289198e-15 1e-20
4990.459022 1.609757635e-15 1e-20
4990.57142 1.595884929e-15 1e-20
4990.683818 1.567830351e-15 1e-20
4990.796216 1.539908439e-15 1e-20
4990.908614 1.517501877e-15 1e-20
4991.021012 1.495668014e-15 1e-20
4991.13341 1.497625507e-15 1e-20
4991.245808 1.499948283e-15 1e-20
4991.358206 1.517442373e-15 1e-20
4991.470604 1.53503387e-15 1e-20
4991.583002 1.556671962e-15 1e-20
4991.6954 1.578362253e-15 1e-20
4991.807798 1.602221371e-15 1e-20
4991.920196 1.626062278e-15 1e-20
4992.032594 1.649148902e-15 1e-20
4992.144992 1.672111436e-15 1e-20
4992.25739 1.689930468e-15 1e-20
4992.369788 1.707484167e-15 1e-20
4992.482186 1.714031732e-15 1e-20
4992.594584 1.719987114e-15 1e-20
4992.706982 1.701398129e-15 1e-20
4992.81938 1.682328665e-15 1e-20
4992.931778 1.643351597e-15 1e-20
4993.044176 1.604825785e-15 1e-20
4993.156574 1.585000238e-15 1e-20
4993.268972 1.565937126e-15 1e-20
4993.38137 1.578458179e-15 1e-20
4993.493768 1.591098558e-15 1e-20
4993.606166 1.608680632e-15 1e-20
4993.718564 1.626109923e-15 1e-20
4993.830962 1.637211878e-15 1e-20
4993.94336 1.648309069e-15 1e-20
4994.055758 1.659203607e-15 1e-20
4994.168156 1.67008618e-15 1e-20
4994.280554 1.68047578e-15 1e-20
4994.392952 1.690784912e-15 1e-20
4994.50535 1.697768381e-15 1e-20
4994.617748 1.70443686e-15 1e-20
4994.730146 1.698080407e-15 1e-20
4994.842544 1.691045799e-15 1e-20
4994.954942 1.655985623e-15 1e-20
4995.06734 1.620731158e-15 1e-20
4995.179738 1.577442481e-15 1e-20
4995.292136 1.534874205e-15 1e-20
4995.404534 1.522061561e-15 1e-20
4995.516932 1.50992792e-15 1e-20
4995.62933 1.525827469e-15 1e-20
4995.741728 1.541943965e-15 1e-20
4995.854126 1.567017623e-15 1e-20
4995.966524 1.591976931e-15 1e-20
4996.078922 1.612221548e-15 1e-20
4996.19132 1.632089023e-15 1e-20
4996.303718 1.636402115e-15 1e-20
4996.416116 1.640677831e-15 1e-20
4996.528514 1.643416289e-15 1e-20
4996.640912 1.646541629e-15 1e-20
4996.75331 1.665617764e-15 1e-20
4996.865708 1.684727674e-15 1e-20
4996.978106 1.705231695e-15 1e-20
4997.090504 1.725358256e-15 1e-20
4997.202902 1.729927258e-15 1e-20
4997.3153 1.734217162e-15 1e-20
4997.427698 1.727007112e-15 1e-20
4997.540096 1.719692982e-15 1e-20
4997.652494 1.708089901e-15 1e-20
4997.764892 1.696517525e-15 1e-20
4997.87729 1.686207017e-15 1e-20
4997.989688 1.676057339e-15 1e-20
4998.102086 1.67252987e-15 1e-20
4998.214484 1.669334862e-15 1e-20
4998.326882 1.679823883e-15 1e-20
4998.43928 1.690567966e-15 1e-20
4998.551678 1.711800541e-15 1e-20
4998.664076 1.732575506e-15 1e-20
4998.776474 1.734532999e-15 1e-20
4998.888872 1.735771573e-15 1e-20
4999.00127 1.707453991e-15 1e-20
4999.113668 1.679092681e-15 1e-20
4999.226066 1.648938626e-15 1e-20
4999.338464 1.619195488e-15 1e-20
4999.450862 1.60633848e-15 1e-20
4999.56326 1.593989905e-15 1e-20
4999.675658 1.602526409e-15 1e-20
4999.788056 1.611364668e-15 1e-20
4999.900454 1.632592267e-15 1e-20
5000.012852 1.653503075e-15 1e-20
5000.12525 1.661413092e-15 1e-20
5000.237648 1.668874182e-15 1e-20
5000.350046 1.65790807e-15 1e-20
5000.462444 1.646872819e-15 1e-20
5000.574842 1.632997784e-15 1e-20
5000.68724 1.619191888e-15 1e-20
5000.799638 1.608221858e-15 1e-20
5000.912036 1.597253099e-15 1e-20
5001.024434 1.586337597e-15 1e-20
5001.136832 1.575760379e-15 1e-20
5001.24923 1.579049302e-15 1e-20
5001.361628 1.583207281e-15 1e-20
5001.474026 1.622971984e-15 1e-20
5001.586424 1.663008584e-15 1e-20
5001.698822 1.714188856e-15 1e-20
5001.81122 1.764579799e-15 1e-20
5001.923618 1.782652835e-15 1e-20
5002.036016 1.799952636e-15 1e-20
5002.148414 1.785596698e-15 1e-20
5002.260812 1.770910841e-15 1e-20
5002.37321 1.742730267e-15 1e-20
5002.485608 1.714571292e-15 1e-20
5002.598006 1.687298207e-15 1e-20
5002.710404 1.660357795e-15 1e-20
5002.822802 1.647022743e-15 1e-20
5002.9352 1.63428178e-15 1e-20
5003.047598 1.645832768e-15 1e-20
5003.159996 1.658028984e-15 1e-20
5003.272394 1.696599158e-15 1e-20
5003.384792 1.734811673e-15 1e-20
5003.49719 1.758408741e-15 1e-20
5003.609588 1.780832773e-15 1e-20
5003.721986 1.755329564e-15 1e-20
5003.834384 1.72948246e-15 1e-20
5003.946782 1.689585302e-15 1e-20
5004.05918 1.650154648e-15 1e-20
5004.171578 1.629767518e-15 1e-20
5004.283976 1.60982148e-15 1e-20
5004.396374 1.60787648e-15 1e-20
5004.508772 1.606238107e-15 1e-20
5004.62117 1.617112634e-15 1e-20
5004.733568 1.628008336e-15 1e-20
5004.845966 1.639765895e-15 1e-20
5004.958364 1.651362834e-15 1e-20
5005.070762 1.656412845e-15 1e-20
5005.18316 1.661461161e-15 1e-20
5005.295558 1.666438644e-15 1e-20
5005.407956 1.671442809e-15 1e-20
5005.520354 1.6775334e-15 1e-20
5005.632752 1.683425573e-15 1e-20
5005.74515 1.681237051e-15 1e-20
5005.857548 1.678839207e-15 1e-20
5005.969946 1.667914705e-15 1e-20
5006.082344 1.657053837e-15 1e-20
5006.194742 1.648788384e-15 1e-20
5006.30714 1.640638233e-15 1e-20
5006.419538 1.637184667e-15 1e-20
5006.531936 1.633654128e-15 1e-20
5006.644334 1.626989673e-15 1e-20
5006.756732 1.62031103e-15 1e-20
5006.86913 1.613059052e-15 1e-20
5006.981528 1.606069865e-15 1e-20
5007.093926 1.60977394e-15 1e-20
5007.206324 1.613628575e-15 1e-20
5007.318722 1.623610117e-15 1e-20
5007.43112 1.633361055e-15 1e-20
5007.543518 1.633737032e-15 1e-20
5007.655916 1.634193582e-15 1e-20
5007.768314 1.637924657e-15 1e-20
5007.880712 1.642371791e-15 1e-20
5007.99311 1.675910908e-15 1e-20
5008.105508 1.709437743e-15 1e-20
5008.217906 1.742468851e-15 1e-20
5008.330304 1.774350642e-15 1e-20
5008.442702 1.759567588e-15 1e-20
5008.5551 1.744430579e-15 1e-20
5008.667498 1.714924928e-15 1e-20
5008.779896 1.68628632e-15 1e-20
5008.892294 1.692826368e-15 1e-20
5009.004692 1.69997649e-15 1e-20
5009.11709 1.731879669e-15 1e-20
5009.229488 1.76379767e-15 1e-20
5009.341886 1.79631823e-15 1e-20
5009.454284 1.828214314e-15 1e-20
5009.566682 1.834791313e-15 1e-20
5009.67908 1.840347849e-15 1e-20
5009.791478 1.804545884e-15 1e-20
5009.903876 1.768672662e-15 1e-20
5010.016274 1.72992154e-15 1e-20
5010.128672 1.691927136e-15 1e-20
5010.24107 1.684587596e-15 1e-20
5010.353468 1.67758221e-15 1e-20
5010.465866 1.684104681e-15 1e-20
5010.578264 1.690535038e-15 1e-20
5010.690662 1.69323252e-15 1e-20
5010.80306 1.695717291e-15 1e-20
5010.915458 1.689591231e-15 1e-20
5011.027856 1.683292482e-15 1e-20
5011.140254 1.670005924e-15 1e-20
5011.252652 1.657006085e-15 1e-20
5011.36505 1.65560054e-15 1e-20
5011.477448 1.65463397e-15 1e-20
5011.589846 1.671414539e-15 1e-20
5011.702244 1.688203579e-15 1e-20
5011.814642 1.705335668e-15 1e-20
5011.92704 1.72216833e-15 1e-20
5012.039438 1.726904409e-15 1e-20
5012.151836 1.73115175e-15 1e-20
5012.264234 1.715657717e-15 1e-20
5012.376632 1.699996819e-15 1e-20
5012.48903 1.677600315e-15 1e-20
5012.601428 1.656030727e-15 1e-20
5012.713826 1.667853825e-15 1e-20
5012.826224 1.680194883e-15 1e-20
5012.938622 1.713447491e-15 1e-20
5013.05102 1.745729504e-15 1e-20
5013.163418 1.738842915e-15 1e-20
5013.275816 1.731172714e-15 1e-20
5013.388214 1.691887008e-15 1e-20
5013.500612 1.653112593e-15 1e-20
5013.61301 1.634953053e-15 1e-20
5013.725408 1.617542079e-15 1e-20
5013.837806 1.63031216e-15 1e-20
5013.950204 1.643532544e-15 1e-20
5014.062602 1.674903574e-15 1e-20
5014.175 1.706148608e-15 1e-20
5014.287398 1.732311232e-15 1e-20
5014.399796 1.757672034e-15 1e-20
5014.512194 1.750740022e-15 1e-20
5014.624592 1.743559724e-15 1e-20
5014.73699 1.726382213e-15 1e-20
5014.849388 1.709840083e-15 1e-20
5014.961786 1.718880678e-15 1e-20
5015.074184 1.72812816e-15 1e-20
5015.186582 1.745706211e-15 1e-20
5015.29898 1.762842005e-15 1e-20
5015.411378 1.762183543e-15 1e-20
5015.523776 1.761429472e-15 1e-20
5015.636174 1.756832412e-15 1e-20
5015.748572 1.752520591e-15 1e-20
5015.86097 1.759674631e-15 1e-20
5015.973368 1.766664453e-15 1e-20
5016.085766 1.767052394e-15 1e-20
5016.198164 1.766906175e-15 1e-20
5016.310562 1.745292118e-15 1e-20
5016.42296 1.723440574e-15 1e-20
5016.535358 1.692048474e-15 1e-20
5016.647756 1.660780888e-15 1e-20
5016.760154 1.634512808e-15 1e-20
5016.872552 1.608795299e-15 1e-20
5016.98495 1.605187786e-15 1e-20
5017.097348 1.602191513e-15 1e-20
5017.209746 1.623727537e-15 1e-20
5017.322144 1.644968689e-15 1e-20
5017.434542 1.654373189e-15 1e-20
5017.54694 1.663111711e-15 1e-20
5017.659338 1.645132695e-15 1e-20
5017.771736 1.627266335e-15 1e-20
5017.884134 1.613919214e-15 1e-20
5017.996532 1.601090582e-15 1e-20
5018.10893 1.609046127e-15 1e-20
5018.221328 1.617381672e-15 1e-20
5018.333726 1.640950788e-15 1e-20
5018.446124 1.664508045e-15 1e-20
5018.558522 1.687589586e-15 1e-20
5018.67092 1.709889423e-15 1e-20
5018.783318 1.700875404e-15 1e-20
5018.895716 1.691208852e-15 1e-20
5019.008114 1.655410699e-15 1e-20
5019.120512 1.619968405e-15 1e-20
5019.23291 1.598769818e-15 1e-20
5019.345308 1.578149542e-15 1e-20
5019.457706 1.580672535e-15 1e-20
5019.570104 1.583426451e-15 1e-20
5019.682502 1.595418955e-15 1e-20
5019.7949 1.607395683e-15 1e-20
5019.907298 1.618738196e-15 1e-20
5020.019696 1.629843115e-15 1e-20
5020.132094 1.631445066e-15 1e-20
5020.244492 1.632986243e-15 1e-20
5020.35689 1.632095799e-15 1e-20
5020.469288 1.631517911e-15 1e-20
5020.581686 1.643432912e-15 1e-20
5020.694084 1.655429545e-15 1e-20
5020.806482 1.670688103e-15 1e-20
5020.91888 1.685625211e-15 1e-20
5021.031278 1.687722253e-15 1e-20
5021.143676 1.690047464e-15 1e-20
5021.256074 1.701487068e-15 1e-20
5021.368472 1.713778151e-15 1e-20
5021.48087 1.760064372e-15 1e-20
5021.593268 1.806349853e-15 1e-20
5021.705666 1.852609498e-15 1e-20
5021.818064 1.897919832e-15 1e-20
5021.930462 1.90535784e-15 1e-20
5022.04286 1.912036059e-15 1e-20
5022.155258 1.888409981e-15 1e-20
5022.267656 1.864469653e-15 1e-20
5022.380054 1.827995991e-15 1e-20
5022.492452 1.791972104e-15 1e-20
5022.60485 1.773871433e-15 1e-20
5022.717248 1.756660782e-15 1e-20
5022.829646 1.77491286e-15 1e-20
5022.942044 1.793153503e-15 1e-20
5023.054442 1.810939077e-15 1e-20
5023.16684 1.8281078e-15 1e-20
5023.279238 1.82071172e-15 1e-20
5023.391636 1.813282182e-15 1e-20
5023.504034 1.804514756e-15 1e-20
5023.616432 1.796014568e-15 1e-20
5023.72883 1.798161585e-15 1e-20
5023.841228 1.8001699e-15 1e-20
5023.953626 1.796658313e-15 1e-20
5024.066024 1.792886899e-15 1e-20
5024.178422 1.778769825e-15 1e-20
5024.29082 1.764747723e-15 1e-20
5024.403218 1.754505189e-15 1e-20
5024.515616 1.744412792e-15 1e-20
5024.628014 1.740287741e-15 1e-20
5024.740412 1.73598439e-15 1e-20
5024.85281 1.724589786e-15 1e-20
5024.965208 1.713000363e-15 1e-20
5025.077606 1.693665777e-15 1e-20
5025.190004 1.674404142e-15 1e-20
5025.302402 1.658038089e-15 1e-20
5025.4148 1.641985544e-15 1e-20
5025.527198 1.638383007e-15 1e-20
5025.639596 1.635312619e-15 1e-20
5025.751994 1.653365644e-15 1e-20
5025.864392 1.671774952e-15 1e-20
5025.97679 1.704324628e-15 1e-20
5026.089188 1.736813106e-15 1e-20
5026.201586 1.766875682e-15 1e-20
5026.313984 1.796586316e-15 1e-20
5026.426382 1.812333717e-15 1e-20
5026.53878 1.827535417e-15 1e-20
5026.651178 1.821087379e-15 1e-20
5026.763576 1.814457228e-15 1e-20
5026.875974 1.800603581e-15 1e-20
5026.988372 1.787119452e-15 1e-20
5027.10077 1.788273322e-15 1e-20
5027.213168 1.789744619e-15 1e-20
5027.325566 1.80378059e-15 1e-20
5027.437964 1.817881359e-15 1e-20
5027.550362 1.834542285e-15 1e-20
5027.66276 1.851138414e-15 1e-20
5027.775158 1.865164644e-15 1e-20
5027.887556 1.87901215e-15 1e-20
5027.999954 1.885793073e-15 1e-20
5028.112352 1.892004789e-15 1e-20
5028.22475 1.875681617e-15 1e-20
5028.337148 1.858641432e-15 1e-20
5028.449546 1.813228819e-15 1e-20
5028.561944 1.768441317e-15 1e-20
5028.674342 1.748380188e-15 1e-20
5028.78674 1.729808885e-15 1e-20
5028.899138 1.770142582e-15 1e-20
5029.011536 1.810306132e-15 1e-20
5029.123934 1.843747839e-15 1e-20
5029.236332 1.87587114e-15 1e-20
5029.34873 1.855904033e-15 1e-20
5029.461128 1.835570372e-15 1e-20
5029.573526 1.800753718e-15 1e-20
5029.685924 1.766393297e-15 1e-20
5029.798322 1.750047784e-15 1e-20
5029.91072 1.734529929e-15 1e-20
5030.023118 1.751691981e-15 1e-20
5030.135516 1.769500637e-15 1e-20
5030.247914 1.812832407e-15 1e-20
5030.360312 1.85561943e-15 1e-20
5030.47271 1.876915956e-15 1e-20
5030.585108 1.897103292e-15 1e-20
5030.697506 1.873535659e-15 1e-20
5030.809904 1.849191932e-15 1e-20
5030.922302 1.794238764e-15 1e-20
5031.0347 1.739186175e-15 1e-20
5031.147098 1.680210977e-15 1e-20
5031.259496 1.622178844e-15 1e-20
5031.371894 1.601317269e-15 1e-20
5031.484292 1.581665893e-15 1e-20
5031.59669 1.609703001e-15 1e-20
5031.709088 1.638525097e-15 1e-20
5031.821486 1.698268237e-15 1e-20
5031.933884 1.757986918e-15 1e-20
5032.046282 1.816739135e-15 1e-20
5032.15868 1.874427373e-15 1e-20
5032.271078 1.890225808e-15 1e-20
5032.383476 1.905035332e-15 1e-20
5032.495874 1.880917339e-15 1e-20
5032.608272 1.856531472e-15 1e-20
5032.72067 1.821607245e-15 1e-20
5032.833068 1.786979903e-15 1e-20
5032.945466 1.764024357e-15 1e-20
5033.057864 1.741799166e-15 1e-20
5033.170262 1.74829612e-15 1e-20
5033.28266 1.75552237e-15 1e-20
5033.395058 1.791418144e-15 1e-20
5033.507456 1.827789527e-15 1e-20
5033.619854 1.882867421e-15 1e-20
5033.732252 1.937300511e-15 1e-20
5033.84465 1.96640901e-15 1e-20
5033.957048 1.99385563e-15 1e-20
5034.069446 1.956019516e-15 1e-20
5034.181844 1.917738709e-15 1e-20
5034.294242 1.861993988e-15 1e-20
5034.40664 1.807177615e-15 1e-20
5034.519038 1.788802083e-15 1e-20
5034.631436 1.771023708e-15 1e-20
5034.743834 1.7766857e-15 1e-20
5034.856232 1.7824523e-15 1e-20
5034.96863 1.792323834e-15 1e-20
5035.081028 1.802238778e-15 1e-20
5035.193426 1.813852235e-15 1e-20
5035.305824 1.825373366e-15 1e-20
5035.418222 1.833270465e-15 1e-20
5035.53062 1.840625676e-15 1e-20
5035.643018 1.826741112e-15 1e-20
5035.755416 1.812300683e-15 1e-20
5035.867814 1.77607753e-15 1e-20
5035.980212 1.740372339e-15 1e-20
5036.09261 1.724955704e-15 1e-20
5036.205008 1.71048404e-15 1e-20
5036.317406 1.733021152e-15 1e-20
5036.429804 1.755595638e-15 1e-20
5036.542202 1.779636763e-15 1e-20
5036.6546 1.803223666e-15 1e-20
5036.766998 1.80902923e-15 1e-20
5036.879396 1.81456946e-15 1e-20
5036.991794 1.80973142e-15 1e-20
5037.104192 1.804735196e-15 1e-20
5037.21659 1.79355182e-15 1e-20
5037.328988 1.782206025e-15 1e-20
5037.441386 1.764520507e-15 1e-20
5037.553784 1.747054476e-15 1e-20
5037.666182 1.738171959e-15 1e-20
5037.77858 1.730229649e-15 1e-20
5037.890978 1.759040733e-15 1e-20
5038.003376 1.788474705e-15 1e-20
5038.115774 1.842249438e-15 1e-20
5038.228172 1.895602561e-15 1e-20
5038.34057 1.932486187e-15 1e-20
5038.452968 1.968588426e-15 1e-20
5038.565366 1.974177573e-15 1e-20
5038.677764 1.979031071e-15 1e-20
5038.790162 1.955170153e-15 1e-20
5038.90256 1.931155499e-15 1e-20
5039.014958 1.901149992e-15 1e-20
5039.127356 1.871798818e-15 1e-20
5039.239754 1.867991828e-15 1e-20
5039.352152 1.86461852e-15 1e-20
5039.46455 1.878162576e-15 1e-20
5039.576948 1.891566873e-15 1e-20
5039.689346 1.899518395e-15 1e-20
5039.801744 1.907382248e-15 1e-20
5039.914142 1.911827689e-15 1e-20
5040.02654 1.916354657e-15 1e-20
5040.138938 1.924055245e-15 1e-20
5040.251336 1.931645507e-15 1e-20
5040.363734 1.934940889e-15 1e-20
5040.476132 1.937950609e-15 1e-20
5040.58853 1.929825022e-15 1e-20
5040.700928 1.9216808e-15 1e-20
5040.813326 1.912808765e-15 1e-20
5040.925724 1.904150818e-15 1e-20
5041.038122 1.903827886e-15 1e-20
5041.15052 1.90342851e-15 1e-20
5041.262918 1.900053508e-15 1e-20
5041.375316 1.896439006e-15 1e-20
5041.487714 1.883503331e-15 1e-20
5041.600112 1.870809907e-15 1e-20
5041.71251 1.867531254e-15 1e-20
5041.824908 1.864750868e-15 1e-20
5041.937306 1.881337891e-15 1e-20
5042.049704 1.898012158e-15 1e-20
5042.162102 1.918074134e-15 1e-20
5042.2745 1.937899575e-15 1e-20
5042.386898 1.948524545e-15 1e-20
5042.499296 1.958800536e-15 1e-20
5042.611694 1.955510449e-15 1e-20
5042.724092 1.95196371e-15 1e-20
5042.83649 1.938446758e-15 1e-20
5042.948888 1.925168034e-15 1e-20
5043.061286 1.921143357e-15 1e-20
5043.173684 1.917303334e-15 1e-20
5043.286082 1.920618197e-15 1e-20
5043.39848 1.923279363e-15 1e-20
5043.510878 1.900563845e-15 1e-20
5043.623276 1.877351966e-15 1e-20
5043.735674 1.83487771e-15 1e-20
5043.848072 1.793051224e-15 1e-20
5043.96047 1.776349216e-15 1e-20
5044.072868 1.76046449e-15 1e-20
5044.185266 1.776277536e-15 1e-20
5044.297664 1.792340775e-15 1e-20
5044.410062 1.818101376e-15 1e-20
5044.52246 1.843738099e-15 1e-20
5044.634858 1.864572144e-15 1e-20
5044.747256 1.885004485e-15 1e-20
5044.859654 1.88987556e-15 1e-20
5044.972052 1.894448055e-15 1e-20
5045.08445 1.88745601e-15 1e-20
5045.196848 1.88048747e-15 1e-20
5045.309246 1.874431608e-15 1e-20
5045.421644 1.868386969e-15 1e-20
5045.534042 1.862787446e-15 1e-20
5045.64644 1.857083526e-15 1e-20
5045.758838 1.84734053e-15 1e-20
5045.871236 1.837688801e-15 1e-20
5045.983634 1.831565176e-15 1e-20
5046.096032 1.82575326e-15 1e-20
5046.20843 1.831995893e-15 1e-20
5046.320828 1.838540069e-15 1e-20
5046.433226 1.856753607e-15 1e-20
5046.545624 1.875140998e-15 1e-20
5046.658022 1.900250231e-15 1e-20
5046.77042 1.924800422e-15 1e-20
5046.882818 1.92775445e-15 1e-20
5046.995216 1.929679544e-15 1e-20
5047.107614 1.891843429e-15 1e-20
5047.220012 1.854318599e-15 1e-20
5047.33241 1.828823542e-15 1e-20
5047.444808 1.804622117e-15 1e-20
5047.557206 1.830376154e-15 1e-20
5047.669604 1.856217223e-15 1e-20
5047.782002 1.885419319e-15 1e-20
5047.8944 1.913819064e-15 1e-20
5048.006798 1.911249166e-15 1e-20
5048.119196 1.908403982e-15 1e-20
5048.231594 1.894941876e-15 1e-20
5048.343992 1.881643035e-15 1e-20
5048.45639 1.874635955e-15 1e-20
5048.568788 1.867954559e-15 1e-20
5048.681186 1.873828944e-15 1e-20
5048.793584 1.879967815e-15 1e-20
5048.905982 1.896291199e-15 1e-20
5049.01838 1.912354755e-15 1e-20
5049.130778 1.918391136e-15 1e-20
5049.243176 1.924045928e-15 1e-20
5049.355574 1.914989875e-15 1e-20
5049.467972 1.906030807e-15 1e-20
5049.58037 1.900804191e-15 1e-20
5049.692768 1.895791873e-15 1e-20
5049.805166 1.899024786e-15 1e-20
5049.917564 1.902192478e-15 1e-20
5050.029962 1.90284554e-15 1e-20
5050.14236 1.903418981e-15 1e-20
5050.254758 1.900926375e-15 1e-20
5050.367156 1.898571835e-15 1e-20
5050.479554 1.901529886e-15 1e-20
5050.591952 1.904439021e-15 1e-20
5050.70435 1.905469013e-15 1e-20
5050.816748 1.905992267e-15 1e-20
5050.929146 1.887022117e-15 1e-20
5051.041544 1.868010251e-15 1e-20
5051.153942 1.847392199e-15 1e-20
5051.26634 1.827631344e-15 1e-20
5051.378738 1.840814776e-15 1e-20
5051.491136 1.854383185e-15 1e-20
5051.603534 1.882736766e-15 1e-20
5051.715932 1.910510976e-15 1e-20
5051.82833 1.916027067e-15 1e-20
5051.940728 1.921102488e-15 1e-20
5052.053126 1.909265626e-15 1e-20
5052.165524 1.897445705e-15 1e-20
5052.277922 1.886286258e-15 1e-20
5052.39032 1.875264241e-15 1e-20
5052.502718 1.869527711e-15 1e-20
5052.615116 1.863967786e-15 1e-20
5052.727514 1.865176714e-15 1e-20
5052.839912 1.866491733e-15 1e-20
5052.95231 1.87187378e-15 1e-20
5053.064708 1.877256463e-15 1e-20
5053.177106 1.882663921e-15 1e-20
5053.289504 1.887942631e-15 1e-20
5053.401902 1.888285255e-15 1e-20
5053.5143 1.888457627e-15 1e-20
5053.626698 1.882112715e-15 1e-20
5053.739096 1.87597342e-15 1e-20
5053.851494 1.877717461e-15 1e-20
5053.963892 1.879846054e-15 1e-20
5054.07629 1.896711116e-15 1e-20
5054.188688 1.91335256e-15 1e-20
5054.301086 1.921432619e-15 1e-20
5054.413484 1.929021187e-15 1e-20
5054.525882 1.91778953e-15 1e-20
5054.63828 1.906779161e-15 1e-20
5054.750678 1.904231709e-15 1e-20
5054.863076 1.902142503e-15 1e-20
5054.975474 1.91759556e-15 1e-20
5055.087872 1.932772485e-15 1e-20
5055.20027 1.937387544e-15 1e-20
5055.312668 1.941493324e-15 1e-20
5055.425066 1.926124335e-15 1e-20
5055.537464 1.910771863e-15 1e-20
5055.649862 1.8960589e-15 1e-20
5055.76226 1.88154372e-15 1e-20
5055.874658 1.874589156e-15 1e-20
5055.987056 1.867596264e-15 1e-20
5056.099454 1.859140334e-15 1e-20
5056.211852 1.850776095e-15 1e-20
5056.32425 1.845915397e-15 1e-20
5056.436648 1.841602729e-15 1e-20
5056.549046 1.85820521e-15 1e-20
5056.661444 1.875092294e-15 1e-20
5056.773842 1.902839399e-15 1e-20
5056.88624 1.930117248e-15 1e-20
5056.998638 1.939487762e-15 1e-20
5057.111036 1.948420359e-15 1e-20
5057.223434 1.940640785e-15 1e-20
5057.335832 1.932872858e-15 1e-20
5057.44823 1.92554327e-15 1e-20
5057.560628 1.918438569e-15 1e-20
5057.673026 1.919908595e-15 1e-20
5057.785424 1.921717858e-15 1e-20
5057.897822 1.936458772e-15 1e-20
5058.01022 1.951091901e-15 1e-20
5058.122618 1.961610992e-15 1e-20
5058.235016 1.971452668e-15 1e-20
5058.347414 1.955482497e-15 1e-20
5058.459812 1.939447528e-15 1e-20
5058.57221 1.92093647e-15 1e-20
5058.684608 1.903136496e-15 1e-20
5058.797006 1.912422094e-15 1e-20
5058.909404 1.921841736e-15 1e-20
5059.021802 1.936364328e-15 1e-20
5059.1342 1.950359853e-15 1e-20
5059.246598 1.944303356e-15 1e-20
5059.358996 1.938175496e-15 1e-20
5059.471394 1.929326966e-15 1e-20
5059.583792 1.920854519e-15 1e-20
5059.69619 1.926688035e-15 1e-20
5059.808588 1.932728227e-15 1e-20
5059.920986 1.946628673e-15 1e-20
5060.033384 1.96046665e-15 1e-20
5060.145782 1.971920653e-15 1e-20
5060.25818 1.982814768e-15 1e-20
5060.370578 1.97242972e-15 1e-20
5060.482976 1.961370223e-15 1e-20
5060.595374 1.924683108e-15 1e-20
5060.707772 1.888257939e-15 1e-20
5060.82017 1.861787947e-15 1e-20
5060.932568 1.836070333e-15 1e-20
5061.044966 1.838929916e-15 1e-20
5061.157364 1.841976694e-15 1e-20
5061.269762 1.852136219e-15 1e-20
5061.38216 1.862255933e-15 1e-20
5061.494558 1.870858823e-15 1e-20
5061.606956 1.87976728e-15 1e-20
5061.719354 1.90026696e-15 1e-20
5061.831752 1.921093171e-15 1e-20
5061.94415 1.954306603e-15 1e-20
5062.056548 1.987561117e-15 1e-20
5062.168946 2.022364218e-15 1e-20
5062.281344 2.056778955e-15 1e-20
5062.393742 2.076464424e-15 1e-20
5062.50614 2.095132183e-15 1e-20
5062.618538 2.075217592e-15 1e-20
5062.730936 2.05477551e-15 1e-20
5062.843334 2.014345357e-15 1e-20
5062.955732 1.974748049e-15 1e-20
5063.06813 1.966703566e-15 1e-20
5063.180528 1.959433058e-15 1e-20
5063.292926 1.981475608e-15 1e-20
5063.405324 2.003382422e-15 1e-20
5063.517722 2.020149439e-15 1e-20
5063.63012 2.036635453e-15 1e-20
5063.742518 2.042484004e-15 1e-20
5063.854916 2.048226463e-15 1e-20
5063.967314 2.049949328e-15 1e-20
5064.079712 2.051707769e-15 1e-20
5064.19211 2.054807274e-15 1e-20
5064.304508 2.05808995e-15 1e-20
5064.416906 2.068299027e-15 1e-20
5064.529304 2.078341873e-15 1e-20
5064.641702 2.082103334e-15 1e-20
5064.7541 2.085307025e-15 1e-20
5064.866498 2.067419383e-15 1e-20
5064.978896 2.049630632e-15 1e-20
5065.091294 2.035573062e-15 1e-20
5065.203692 2.022296456e-15 1e-20
5065.31609 2.038521372e-15 1e-20
5065.428488 2.054938141e-15 1e-20
5065.540886 2.078590265e-15 1e-20
5065.653284 2.101796215e-15 1e-20
5065.765682 2.108157221e-15 1e-20
5065.87808 2.114207154e-15 1e-20
5065.990478 2.108516151e-15 1e-20
5066.102876 2.102723716e-15 1e-20
5066.215274 2.093108833e-15 1e-20
5066.327672 2.083551761e-15 1e-20
5066.44007 2.076181727e-15 1e-20
5066.552468 2.068975382e-15 1e-20
5066.664866 2.067947508e-15 1e-20
5066.777264 2.06697342e-15 1e-20
5066.889662 2.068034329e-15 1e-20
5067.00206 2.06909672e-15 1e-20
5067.114458 2.070205698e-15 1e-20
5067.226856 2.071483447e-15 1e-20
5067.339254 2.079118814e-15 1e-20
5067.451652 2.086834649e-15 1e-20
5067.56405 2.097576297e-15 1e-20
5067.676448 2.107848054e-15 1e-20
5067.788846 2.100428045e-15 1e-20
5067.901244 2.092502358e-15 1e-20
5068.013642 2.065539817e-15 1e-20
5068.12604 2.038710683e-15 1e-20
5068.238438 2.016900432e-15 1e-20
5068.350836 1.995565155e-15 1e-20
5068.463234 1.992091472e-15 1e-20
5068.575632 1.989140621e-15 1e-20
5068.68803 2.00584877e-15 1e-20
5068.800428 2.022779688e-15 1e-20
5068.912826 2.048099408e-15 1e-20
5069.025224 2.073033306e-15 1e-20
5069.137622 2.08346981e-15 1e-20
5069.25002 2.093465011e-15 1e-20
5069.362418 2.086866412e-15 1e-20
5069.474816 2.080149018e-15 1e-20
5069.587214 2.068965006e-15 1e-20
5069.699612 2.057797512e-15 1e-20
5069.81201 2.047248987e-15 1e-20
5069.924408 2.036781989e-15 1e-20
5070.036806 2.029381039e-15 1e-20
5070.149204 2.022026676e-15 1e-20
5070.261602 2.016426305e-15 1e-20
5070.374 2.010786125e-15 1e-20
5070.486398 2.003661519e-15 1e-20
5070.598796 1.996840574e-15 1e-20
5070.711194 2.001411164e-15 1e-20
5070.823592 2.006650275e-15 1e-20
5070.93599 2.036978925e-15 1e-20
5071.048388 2.067455805e-15 1e-20
5071.160786 2.103490281e-15 1e-20
5071.273184 2.139028395e-15 1e-20
5071.385582 2.155940255e-15 1e-20
5071.49798 2.172262157e-15 1e-20
5071.610378 2.16645511e-15 1e-20
5071.722776 2.160167373e-15 1e-20
5071.835174 2.135862821e-15 1e-20
5071.947572 2.111616503e-15 1e-20
5072.05997 2.08955553e-15 1e-20
5072.172368 2.06798266e-15 1e-20
5072.284766 2.06470316e-15 1e-20
5072.397164 2.061556009e-15 1e-20
5072.509562 2.063366542e-15 1e-20
5072.62196 2.065063996e-15 1e-20
5072.734358 2.062529462e-15 1e-20
5072.846756 2.060276778e-15 1e-20
5072.959154 2.068569865e-15 1e-20
5073.071552 2.077280117e-15 1e-20
5073.18395 2.101602245e-15 1e-20
5073.296348 2.125865503e-15 1e-20
5073.408746 2.1479305e-15 1e-20
5073.521144 2.169593156e-15 1e-20
5073.633542 2.176201707e-15 1e-20
5073.74594 2.182289544e-15 1e-20
5073.858338 2.168912988e-15 1e-20
5073.970736 2.155223242e-15 1e-20
5074.083134 2.129827712e-15 1e-20
5074.195532 2.104823934e-15 1e-20
5074.30793 2.094461969e-15 1e-20
5074.420328 2.084607587e-15 1e-20
5074.532726 2.093720179e-15 1e-20
5074.645124 2.102742139e-15 1e-20
5074.757522 2.108381049e-15 1e-20
5074.86992 2.113807142e-15 1e-20
5074.982318 2.111278961e-15 1e-20
5075.094716 2.108818118e-15 1e-20
5075.207114 2.108858988e-15 1e-20
5075.319512 2.108984772e-15 1e-20
5075.43191 2.112272742e-15 1e-20
5075.544308 2.115551395e-15 1e-20
5075.656706 2.118480011e-15 1e-20
5075.769104 2.121077438e-15 1e-20
5075.881502 2.111332959e-15 1e-20
5075.9939 2.100811963e-15 1e-20
5076.106298 2.061341922e-15 1e-20
5076.218696 2.02197183e-15 1e-20
5076.331094 1.986335248e-15 1e-20
5076.443492 1.952128034e-15 1e-20
5076.55589 1.971181617e-15 1e-20
5076.668288 1.990957507e-15 1e-20
5076.780686 2.037649139e-15 1e-20
5076.893084 2.083762037e-15 1e-20
5077.005482 2.108315616e-15 1e-20
5077.11788 2.132328788e-15 1e-20
5077.230278 2.136216669e-15 1e-20
5077.342676 2.139920533e-15 1e-20
5077.455074 2.136770629e-15 1e-20
5077.567472 2.133479059e-15 1e-20
5077.67987 2.124924661e-15 1e-20
5077.792268 2.116286196e-15 1e-20
5077.904666 2.104525143e-15 1e-20
5078.017064 2.092899616e-15 1e-20
5078.129462 2.086312029e-15 1e-20
5078.24186 2.080016457e-15 1e-20
5078.354258 2.084580059e-15 1e-20
5078.466656 2.089375324e-15 1e-20
5078.579054 2.102782797e-15 1e-20
5078.691452 2.116248503e-15 1e-20
5078.80385 2.131879649e-15 1e-20
5078.916248 2.147083255e-15 1e-20
5079.028646 2.146403088e-15 1e-20
5079.141044 2.145159008e-15 1e-20
5079.253442 2.122956369e-15 1e-20
5079.36584 2.100956382e-15 1e-20
5079.478238 2.086482918e-15 1e-20
5079.590636 2.072691316e-15 1e-20
5079.703034 2.084213293e-15 1e-20
5079.815432 2.096306595e-15 1e-20
5079.92783 2.129598589e-15 1e-20
5080.040228 2.163026745e-15 1e-20
5080.152626 2.201498769e-15 1e-20
5080.265024 2.239164207e-15 1e-20
5080.377422 2.246901218e-15 1e-20
5080.48982 2.253657364e-15 1e-20
5080.602218 2.224040222e-15 1e-20
5080.714616 2.194222968e-15 1e-20
5080.827014 2.156989941e-15 1e-20
5080.939412 2.120120714e-15 1e-20
5081.05181 2.096741122e-15 1e-20
5081.164208 2.074095273e-15 1e-20
5081.276606 2.078632193e-15 1e-20
5081.389004 2.083662298e-15 1e-20
5081.501402 2.106954434e-15 1e-20
5081.6138 2.130014694e-15 1e-20
5081.726198 2.144492817e-15 1e-20
5081.838596 2.158541282e-15 1e-20
5081.950994 2.156691785e-15 1e-20
5082.063392 2.154528039e-15 1e-20
5082.17579 2.140733049e-15 1e-20
5082.288188 2.12705262e-15 1e-20
5082.400586 2.117613497e-15 1e-20
5082.512984 2.108831459e-15 1e-20
5082.625382 2.12434995e-15 1e-20
5082.73778 2.140162572e-15 1e-20
5082.850178 2.16684411e-15 1e-20
5082.962576 2.193169894e-15 1e-20
5083.074974 2.206342527e-15 1e-20
5083.187372 2.218870568e-15 1e-20
5083.29977 2.207581525e-15 1e-20
5083.412168 2.19558055e-15 1e-20
5083.524566 2.15727052e-15 1e-20
5083.636964 2.119261823e-15 1e-20
5083.749362 2.09239542e-15 1e-20
5083.86176 2.066784532e-15 1e-20
5083.974158 2.087550603e-15 1e-20
5084.086556 2.108600431e-15 1e-20
5084.198954 2.140127421e-15 1e-20
5084.311352 2.170946291e-15 1e-20
5084.42375 2.175619372e-15 1e-20
5084.536148 2.180050836e-15 1e-20
5084.648546 2.17556982e-15 1e-20
5084.760944 2.171312633e-15 1e-20
5084.873342 2.175312534e-15 1e-20
5084.98574 2.179481842e-15 1e-20
5085.098138 2.189891877e-15 1e-20
5085.210536 2.200340875e-15 1e-20
5085.322934 2.212227924e-15 1e-20
5085.435332 2.223869968e-15 1e-20
5085.54773 2.22648243e-15 1e-20
5085.660128 2.22867561e-15 1e-20
5085.772526 2.215410438e-15 1e-20
5085.884924 2.201742079e-15 1e-20
5085.997322 2.173208928e-15 1e-20
5086.10972 2.144618178e-15 1e-20
5086.222118 2.113904128e-15 1e-20
5086.334516 2.084058498e-15 1e-20
5086.446914 2.086196621e-15 1e-20
5086.559312 2.089233658e-15 1e-20
5086.67171 2.125368295e-15 1e-20
5086.784108 2.161247975e-15 1e-20
5086.896506 2.187743378e-15 1e-20
5087.008904 2.213500591e-15 1e-20
5087.121302 2.212088587e-15 1e-20
5087.2337 2.210081119e-15 1e-20
5087.346098 2.186164508e-15 1e-20
5087.458496 2.162318625e-15 1e-20
5087.570894 2.141071862e-15 1e-20
5087.683292 2.121058803e-15 1e-20
5087.79569 2.146388265e-15 1e-20
5087.908088 2.172346436e-15 1e-20
5088.020486 2.221406161e-15 1e-20
5088.132884 2.269395024e-15 1e-20
5088.245282 2.278042172e-15 1e-20
5088.35768 2.285597282e-15 1e-20
5088.470078 2.253044748e-15 1e-20
5088.582476 2.220192151e-15 1e-20
5088.694874 2.176324527e-15 1e-20
5088.807272 2.132989897e-15 1e-20
5088.91967 2.109222153e-15 1e-20
5089.032068 2.086746557e-15 1e-20
5089.144466 2.11169316e-15 1e-20
5089.256864 2.137085302e-15 1e-20
5089.369262 2.178827085e-15 1e-20
5089.48166 2.219782611e-15 1e-20
5089.594058 2.231903652e-15 1e-20
5089.706456 2.24309804e-15 1e-20
5089.818854 2.220309042e-15 1e-20
5089.931252 2.196862958e-15 1e-20
5090.04365 2.149325775e-15 1e-20
5090.156048 2.102495653e-15 1e-20
5090.268446 2.081587703e-15 1e-20
5090.380844 2.062443064e-15 1e-20
5090.493242 2.107922169e-15 1e-20
5090.60564 2.153598209e-15 1e-20
5090.718038 2.206488429e-15 1e-20
5090.830436 2.258182638e-15 1e-20
5090.942834 2.266067667e-15 1e-20
5091.055232 2.273465653e-15 1e-20
5091.16763 2.263032536e-15 1e-20
5091.280028 2.252756333e-15 1e-20
5091.392426 2.248217718e-15 1e-20
5091.504824 2.243736067e-15 1e-20
5091.617222 2.241333035e-15 1e-20
5091.72962 2.238943555e-15 1e-20
5091.842018 2.237045989e-15 1e-20
5091.954416 2.235237574e-15 1e-20
5092.066814 2.236686e-15 1e-20
5092.179212 2.238203671e-15 1e-20
5092.29161 2.242245077e-15 1e-20
5092.404008 2.246224438e-15 1e-20
5092.516406 2.247934598e-15 1e-20
5092.628804 2.249466033e-15 1e-20
5092.741202 2.244475527e-15 1e-20
5092.8536 2.239154254e-15 1e-20
5092.965998 2.221747727e-15 1e-20
5093.078396 2.204314942e-15 1e-20
5093.190794 2.185926492e-15 1e-20
5093.303192 2.168379357e-15 1e-20
5093.41559 2.181560461e-15 1e-20
5093.527988 2.195351428e-15 1e-20
5093.640386 2.231416185e-15 1e-20
5093.752784 2.266878066e-15 1e-20
5093.865182 2.280346737e-15 1e-20
5093.97758 2.293238367e-15 1e-20
5094.089978 2.285077204e-15 1e-20
5094.202376 2.277191327e-15 1e-20
5094.314774 2.279338344e-15 1e-20
5094.427172 2.281766788e-15 1e-20
5094.53957 2.294462965e-15 1e-20
5094.651968 2.307034839e-15 1e-20
5094.764366 2.315079323e-15 1e-20
5094.876764 2.322879861e-15 1e-20
5094.989162 2.321786342e-15 1e-20
5095.10156 2.320459888e-15 1e-20
5095.213958 2.310647858e-15 1e-20
5095.326356 2.300546143e-15 1e-20
5095.438754 2.279885528e-15 1e-20
5095.551152 2.258917862e-15 1e-20
5095.66355 2.226767668e-15 1e-20
5095.775948 2.195223314e-15 1e-20
5095.888346 2.18573591e-15 1e-20
5096.000744 2.177692485e-15 1e-20
5096.113142 2.222219101e-15 1e-20
5096.22554 2.266737459e-15 1e-20
5096.337938 2.310951096e-15 1e-20
5096.450336 2.353696614e-15 1e-20
5096.562734 2.34303014e-15 1e-20
5096.675132 2.331870692e-15 1e-20
5096.78753 2.302778922e-15 1e-20
5096.899928 2.274244076e-15 1e-20
5097.012326 2.265952047e-15 1e-20
5097.124724 2.258222448e-15 1e-20
5097.237122 2.270942554e-15 1e-20
5097.34952 2.283941757e-15 1e-20
5097.461918 2.307089473e-15 1e-20
5097.574316 2.329462154e-15 1e-20
5097.686714 2.323682213e-15 1e-20
5097.799112 2.31673379e-15 1e-20
5097.91151 2.267344146e-15 1e-20
5098.023908 2.21818426e-15 1e-20
5098.136306 2.177371671e-15 1e-20
5098.248704 2.137661708e-15 1e-20
5098.361102 2.137989721e-15 1e-20
5098.4735 2.139145286e-15 1e-20
5098.585898 2.170333251e-15 1e-20
5098.698296 2.20189031e-15 1e-20
5098.810694 2.246833031e-15 1e-20
5098.923092 2.29144541e-15 1e-20
5099.03549 2.324081166e-15 1e-20
5099.147888 2.355973227e-15 1e-20
5099.260286 2.360900206e-15 1e-20
5099.372684 2.365062949e-15 1e-20
5099.485082 2.341514798e-15 1e-20
5099.59748 2.317583576e-15 1e-20
5099.709878 2.279758896e-15 1e-20
5099.822276 2.242309452e-15 1e-20
5099.934674 2.218457428e-15 1e-20
5100.047072 2.195201079e-15 1e-20
5100.15947 2.193530519e-15 1e-20
5100.271868 2.1922119e-15 1e-20
5100.384266 2.203632445e-15 1e-20
5100.496664 2.215328276e-15 1e-20
5100.609062 2.236995379e-15 1e-20
5100.72146 2.258984778e-15 1e-20
5100.833858 2.292644385e-15 1e-20
5100.946256 2.325751091e-15 1e-20
5101.058654 2.338846644e-15 1e-20
5101.171052 2.350216367e-15 1e-20
5101.28345 2.299144727e-15 1e-20
5101.395848 2.247960009e-15 1e-20
5101.508246 2.192685815e-15 1e-20
5101.620644 2.139620048e-15 1e-20
5101.733042 2.166414029e-15 1e-20
5101.84544 2.193989822e-15 1e-20
5101.957838 2.249821999e-15 1e-20
5102.070236 2.3042841e-15 1e-20
5102.182634 2.309223996e-15 1e-20
5102.295032 2.313252908e-15 1e-20
5102.40743 2.284360826e-15 1e-20
5102.519828 2.255481873e-15 1e-20
5102.632226 2.227077682e-15 1e-20
5102.744624 2.19927679e-15 1e-20
5102.857022 2.193254174e-15 1e-20
5102.96942 2.18814953e-15 1e-20
5103.081818 2.216181027e-15 1e-20
5103.194216 2.244335766e-15 1e-20
5103.306614 2.276931288e-15 1e-20
5103.419012 2.308900218e-15 1e-20
5103.53141 2.318250191e-15 1e-20
5103.643808 2.326803953e-15 1e-20
5103.756206 2.306629746e-15 1e-20
5103.868604 2.285929955e-15 1e-20
5103.981002 2.246264249e-15 1e-20
5104.0934 2.207461669e-15 1e-20
5104.205798 2.199775057e-15 1e-20
5104.318196 2.193432898e-15 1e-20
5104.430594 2.235554576e-15 1e-20
5104.542992 2.277412827e-15 1e-20
5104.65539 2.309777956e-15 1e-20
5104.767788 2.341136809e-15 1e-20
5104.880186 2.336244347e-15 1e-20
5104.992584 2.331206619e-15 1e-20
5105.104982 2.320941638e-15 1e-20
5105.21738 2.31069741e-15 1e-20
5105.329778 2.301201959e-15 1e-20
5105.442176 2.290932108e-15 1e-20
5105.554574 2.252790426e-15 1e-20
5105.666972 2.214318189e-15 1e-20
5105.77937 2.163945987e-15 1e-20
5105.891768 2.114918661e-15 1e-20
5106.004166 2.114281269e-15 1e-20
5106.116564 2.114835652e-15 1e-20
5106.228962 2.158266843e-15 1e-20
5106.34136 2.201314963e-15 1e-20
5106.453758 2.230586939e-15 1e-20
5106.566156 2.25917536e-15 1e-20
5106.678554 2.26317632e-15 1e-20
5106.790952 2.266934606e-15 1e-20
5106.90335 2.261966546e-15 1e-20
5107.015748 2.257091024e-15 1e-20
5107.128146 2.255541589e-15 1e-20
5107.240544 2.2544108e-15 1e-20
5107.352942 2.268327975e-15 1e-20
5107.46534 2.282130588e-15 1e-20
5107.577738 2.291826151e-15 1e-20
5107.690136 2.300632753e-15 1e-20
5107.802534 2.277520188e-15 1e-20
5107.914932 2.253993213e-15 1e-20
5108.02733 2.215593609e-15 1e-20
5108.139728 2.177569877e-15 1e-20
5108.252126 2.153039379e-15 1e-20
5108.364524 2.129266552e-15 1e-20
5108.476922 2.13267946e-15 1e-20
5108.58932 2.136978576e-15 1e-20
5108.701718 2.173056673e-15 1e-20
5108.814116 2.20916357e-15 1e-20
5108.926514 2.246302789e-15 1e-20
5109.038912 2.282672054e-15 1e-20
5109.15131 2.291447739e-15 1e-20
5109.263708 2.299977361e-15 1e-20
5109.376106 2.299693393e-15 1e-20
5109.488504 2.299655065e-15 1e-20
5109.600902 2.308426091e-15 1e-20
5109.7133 2.317128931e-15 1e-20
5109.825698 2.323382787e-15 1e-20
5109.938096 2.329336582e-15 1e-20
5110.050494 2.324538563e-15 1e-20
5110.162892 2.319528787e-15 1e-20
5110.27529 2.306937854e-15 1e-20
5110.387688 2.294290382e-15 1e-20
5110.500086 2.279625912e-15 1e-20
5110.612484 2.265217034e-15 1e-20
5110.724882 2.259958019e-15 1e-20
5110.83728 2.255020875e-15 1e-20
5110.949678 2.261601898e-15 1e-20
5111.062076 2.268119605e-15 1e-20
5111.174474 2.272369592e-15 1e-20
5111.286872 2.276373729e-15 1e-20
5111.39927 2.271589263e-15 1e-20
5111.511668 2.266652544e-15 1e-20
5111.624066 2.256271943e-15 1e-20
5111.736464 2.245915059e-15 1e-20
5111.848862 2.236402032e-15 1e-20
5111.96126 2.227229936e-15 1e-20
5112.073658 2.230239868e-15 1e-20
5112.186056 2.233395277e-15 1e-20
5112.298454 2.241737281e-15 1e-20
5112.410852 2.249557513e-15 1e-20
5112.52325 2.238744502e-15 1e-20
5112.635648 2.227623383e-15 1e-20
5112.748046 2.205503753e-15 1e-20
5112.860444 2.183874343e-15 1e-20
5112.972842 2.179741246e-15 1e-20
5113.08524 2.175980631e-15 1e-20
5113.197638 2.18550467e-15 1e-20
5113.310036 2.194814621e-15 1e-20
5113.422434 2.196484969e-15 1e-20
5113.534832 2.198066168e-15 1e-20
5113.64723 2.196460617e-15 1e-20
5113.759628 2.195143058e-15 1e-20
5113.872026 2.20409069e-15 1e-20
5113.984424 2.212901527e-15 1e-20
5114.096822 2.216842559e-15 1e-20
5114.20922 2.220095801e-15 1e-20
5114.321618 2.19883718e-15 1e-20
5114.434016 2.177554418e-15 1e-20
5114.546414 2.155408318e-15 1e-20
5114.658812 2.134037042e-15 1e-20
5114.77121 2.14026464e-15 1e-20
5114.883608 2.146918719e-15 1e-20
5114.996006 2.168759675e-15 1e-20
5115.108404 2.190527787e-15 1e-20
5115.220802 2.209698472e-15 1e-20
5115.3332 2.228680692e-15 1e-20
5115.445598 2.240966905e-15 1e-20
5115.557996 2.253044748e-15 1e-20
5115.670394 2.257715711e-15 1e-20
5115.782792 2.262456766e-15 1e-20
5115.89519 2.269685133e-15 1e-20
5116.007588 2.277105142e-15 1e-20
5116.119986 2.291333178e-15 1e-20
5116.232384 2.305236165e-15 1e-20
5116.344782 2.307584775e-15 1e-20
5116.45718 2.309321405e-15 1e-20
5116.569578 2.289313428e-15 1e-20
5116.681976 2.268942709e-15 1e-20
5116.794374 2.235689678e-15 1e-20
5116.906772 2.202548243e-15 1e-20
5117.01917 2.173371134e-15 1e-20
5117.131568 2.145188231e-15 1e-20
5117.243966 2.152320883e-15 1e-20
5117.356364 2.16056929e-15 1e-20
5117.468762 2.208434275e-15 1e-20
5117.58116 2.25645829e-15 1e-20
5117.693558 2.31012058e-15 1e-20
5117.805956 2.363052093e-15 1e-20
5117.918354 2.390059315e-15 1e-20
5118.030752 2.415487032e-15 1e-20
5118.14315 2.384883943e-15 1e-20
5118.255548 2.353259968e-15 1e-20
5118.367946 2.285428299e-15 1e-20
5118.480344 2.218468651e-15 1e-20
5118.592742 2.18243354e-15 1e-20
5118.70514 2.147609051e-15 1e-20
5118.817538 2.155699063e-15 1e-20
5118.929936 2.164205814e-15 1e-20
5119.042334 2.187482915e-15 1e-20
5119.154732 2.210641008e-15 1e-20
5119.26713 2.229588076e-15 1e-20
5119.379528 2.247979702e-15 1e-20
5119.491926 2.246694118e-15 1e-20
5119.604324 2.245124142e-15 1e-20
5119.716722 2.233473416e-15 1e-20
5119.82912 2.222146891e-15 1e-20
5119.941518 2.222288346e-15 1e-20
5120.053916 2.222475117e-15 1e-20
5120.166314 2.224265744e-15 1e-20
5120.278712 2.225589233e-15 1e-20
5120.39111 2.210391345e-15 1e-20
5120.503508 2.195117647e-15 1e-20
5120.615906 2.177172618e-15 1e-20
5120.728304 2.159683294e-15 1e-20
5120.840702 2.158311736e-15 1e-20
5120.9531 2.157125678e-15 1e-20
5121.065498 2.162494596e-15 1e-20
5121.177896 2.167708507e-15 1e-20
5121.290294 2.167433433e-15 1e-20
5121.402692 2.167278426e-15 1e-20
5121.51509 2.171362819e-15 1e-20
5121.627488 2.175784543e-15 1e-20
5121.739886 2.192119785e-15 1e-20
5121.852284 2.208418181e-15 1e-20
5121.964682 2.223427182e-15 1e-20
5122.07708 2.238102663e-15 1e-20
5122.189478 2.240992527e-15 1e-20
5122.301876 2.243701974e-15 1e-20
5122.414274 2.240037498e-15 1e-20
5122.526672 2.236323047e-15 1e-20
5122.63907 2.23084719e-15 1e-20
5122.751468 2.225267573e-15 1e-20
5122.863866 2.216035972e-15 1e-20
5122.976264 2.206761173e-15 1e-20
5123.088662 2.19595515e-15 1e-20
5123.20106 2.185410437e-15 1e-20
5123.313458 2.184086525e-15 1e-20
5123.425856 2.18305738e-15 1e-20
5123.538254 2.192424294e-15 1e-20
5123.650652 2.201655682e-15 1e-20
5123.76305 2.206106205e-15 1e-20
5123.875448 2.210356405e-15 1e-20
5123.987846 2.207544467e-15 1e-20
5124.100244 2.204969699e-15 1e-20
5124.212642 2.210755145e-15 1e-20
5124.32504 2.216726304e-15 1e-20
5124.437438 2.22923444e-15 1e-20
5124.549836 2.241394868e-15 1e-20
5124.662234 2.241314188e-15 1e-20
5124.774632 2.240918836e-15 1e-20
5124.88703 2.229434339e-15 1e-20
5124.999428 2.218079863e-15 1e-20
5125.111826 2.21130847e-15 1e-20
5125.224224 2.204785469e-15 1e-20
5125.336622 2.207011048e-15 1e-20
5125.44902 2.209436103e-15 1e-20
5125.561418 2.218880521e-15 1e-20
5125.673816 2.228233247e-15 1e-20
5125.786214 2.23435073e-15 1e-20
5125.898612 2.239974182e-15 1e-20
5126.01101 2.228226047e-15 1e-20
5126.123408 2.216547157e-15 1e-20
5126.235806 2.207301792e-15 1e-20
5126.348204 2.198941789e-15 1e-20
5126.460602 2.221702834e-15 1e-20
5126.573 2.24484208e-15 1e-20
5126.685398 2.281264285e-15 1e-20
5126.797796 2.317239045e-15 1e-20
5126.910194 2.337503038e-15 1e-20
5127.022592 2.357034982e-15 1e-20
5127.13499 2.350858418e-15 1e-20
5127.247388 2.343914866e-15 1e-20
5127.359786 2.310048371e-15 1e-20
5127.472184 2.276020728e-15 1e-20
5127.584582 2.236339564e-15 1e-20
5127.69698 2.19713295e-15 1e-20
5127.809378 2.174573709e-15 1e-20
5127.921776 2.152588969e-15 1e-20
5128.034174 2.150747943e-15 1e-20
5128.146572 2.149415349e-15 1e-20
5128.25897 2.165913009e-15 1e-20
5128.371368 2.182691461e-15 1e-20
5128.483766 2.209322601e-15 1e-20
5128.596164 2.23589233e-15 1e-20
5128.708562 2.260312502e-15 1e-20
5128.82096 2.284071141e-15 1e-20
5128.933358 2.28465517e-15 1e-20
5129.045756 2.284491269e-15 1e-20
5129.158154 2.258125251e-15 1e-20
5129.270552 2.232035154e-15 1e-20
5129.38295 2.215612032e-15 1e-20
5129.495348 2.200018579e-15 1e-20
5129.607746 2.213472215e-15 1e-20
5129.720144 2.227469858e-15 1e-20
5129.832542 2.26052066e-15 1e-20
5129.94494 2.293567439e-15 1e-20
5130.057338 2.326479963e-15 1e-20
5130.169736 2.358463504e-15 1e-20
5130.282134 2.357939402e-15 1e-20
5130.394532 2.356372179e-15 1e-20
5130.50693 2.318317742e-15 1e-20
5130.619328 2.280039688e-15 1e-20
5130.731726 2.233954531e-15 1e-20
5130.844124 2.18799897e-15 1e-20
5130.956522 2.146573341e-15 1e-20
5131.06892 2.105226063e-15 1e-20
5131.181318 2.066617031e-15 1e-20
5131.293716 2.028372435e-15 1e-20
5131.406114 2.002867214e-15 1e-20
5131.518512 1.97814931e-15 1e-20
5131.63091 1.980926731e-15 1e-20
5131.743308 1.9844326e-15 1e-20
5131.855706 2.013372752e-15 1e-20
5131.968104 2.042729431e-15 1e-20
5132.080502 2.086630937e-15 1e-20
5132.1929 2.130378071e-15 1e-20
5132.305298 2.168732358e-15 1e-20
5132.417696 2.206323045e-15 1e-20
5132.530094 2.217273064e-15 1e-20
5132.642492 2.227838106e-15 1e-20
5132.75489 2.224971111e-15 1e-20
5132.867288 2.222364579e-15 1e-20
5132.979686 2.228842052e-15 1e-20
5133.092084 2.235494013e-15 1e-20
5133.204482 2.248225977e-15 1e-20
5133.31688 2.260880226e-15 1e-20
5133.429278 2.270820793e-15 1e-20
5133.541676 2.280426146e-15 1e-20
5133.654074 2.278354304e-15 1e-20
5133.766472 2.275789276e-15 1e-20
5133.87887 2.256047691e-15 1e-20
5133.991268 2.236166557e-15 1e-20
5134.103666 2.211420913e-15 1e-20
5134.216064 2.186910744e-15 1e-20
5134.328462 2.170603878e-15 1e-20
5134.44086 2.154652342e-15 1e-20
5134.553258 2.151084427e-15 1e-20
5134.665656 2.147897254e-15 1e-20
5134.778054 2.15797144e-15 1e-20
5134.890452 2.168351829e-15 1e-20
5135.00285 2.189393398e-15 1e-20
5135.115248 2.210477954e-15 1e-20
5135.227646 2.233063664e-15 1e-20
5135.340044 2.255025111e-15 1e-20
5135.452442 2.255278585e-15 1e-20
5135.56484 2.254737119e-15 1e-20
5135.677238 2.226551463e-15 1e-20
5135.789636 2.198338489e-15 1e-20
5135.902034 2.169174933e-15 1e-20
5136.014432 2.140433199e-15 1e-20
5136.12683 2.126353183e-15 1e-20
5136.239228 2.112572804e-15 1e-20
5136.351626 2.109206271e-15 1e-20
5136.464024 2.106272996e-15 1e-20
5136.576422 2.118391073e-15 1e-20
5136.68882 2.131373547e-15 1e-20
5136.801218 2.174373174e-15 1e-20
5136.913616 2.217820459e-15 1e-20
5137.026014 2.276809104e-15 1e-20
5137.138412 2.335168192e-15 1e-20
5137.25081 2.371669806e-15 1e-20
5137.363208 2.406989598e-15 1e-20
5137.475606 2.40130156e-15 1e-20
5137.588004 2.394213588e-15 1e-20
5137.700402 2.338551876e-15 1e-20
5137.8128 2.282838708e-15 1e-20
5137.925198 2.22534317e-15 1e-20
5138.037596 2.16994298e-15 1e-20
5138.149994 2.187205935e-15 1e-20
5138.262392 2.205657701e-15 1e-20
5138.37479 2.265315926e-15 1e-20
5138.487188 2.324003239e-15 1e-20
5138.599586 2.349045979e-15 1e-20
5138.711984 2.372804407e-15 1e-20
5138.824382 2.352071369e-15 1e-20
5138.93678 2.330426925e-15 1e-20
5139.049178 2.277209115e-15 1e-20
5139.161576 2.223997658e-15 1e-20
5139.273974 2.171004524e-15 1e-20
5139.386372 2.118984208e-15 1e-20
5139.49877 2.100646156e-15 1e-20
5139.611168 2.083016224e-15 1e-20
5139.723566 2.089895614e-15 1e-20
5139.835964 2.096971939e-15 1e-20
5139.948362 2.11085608e-15 1e-20
5140.06076 2.124743608e-15 1e-20
5140.173158 2.138755227e-15 1e-20
5140.285556 2.152657367e-15 1e-20
5140.397954 2.162779411e-15 1e-20
5140.510352 2.172970488e-15 1e-20
5140.62275 2.185546598e-15 1e-20
5140.735148 2.198323666e-15 1e-20
5140.847546 2.218050217e-15 1e-20
5140.959944 2.23784093e-15 1e-20
5141.072342 2.259848963e-15 1e-20
5141.18474 2.281729518e-15 1e-20
5141.297138 2.299208255e-15 1e-20
5141.409536 2.316178772e-15 1e-20
5141.521934 2.315602789e-15 1e-20
5141.634332 2.314573856e-15 1e-20
5141.74673 2.297904883e-15 1e-20
5141.859128 2.281796857e-15 1e-20
5141.971526 2.285061322e-15 1e-20
5142.083924 2.289051695e-15 1e-20
5142.196322 2.318091796e-15 1e-20
5142.30872 2.3466313e-15 1e-20
5142.421118 2.357900862e-15 1e-20
5142.533516 2.368278286e-15 1e-20
5142.645914 2.347877286e-15 1e-20
5142.758312 2.32716373e-15 1e-20
5142.87071 2.295674222e-15 1e-20
5142.983108 2.264507221e-15 1e-20
5143.095506 2.244464516e-15 1e-20
5143.207904 2.225536929e-15 1e-20
5143.320302 2.245046004e-15 1e-20
5143.4327 2.265074521e-15 1e-20
5143.545098 2.30300868e-15 1e-20
5143.657496 2.339792144e-15 1e-20
5143.769894 2.336922609e-15 1e-20
5143.882292 2.333037692e-15 1e-20
5143.99469 2.294172432e-15 1e-20
5144.107088 2.255464721e-15 1e-20
5144.219486 2.222178232e-15 1e-20
5144.331884 2.189655343e-15 1e-20
5144.444282 2.183434945e-15 1e-20
5144.55668 2.178292396e-15 1e-20
5144.669078 2.210259631e-15 1e-20
5144.781476 2.242398179e-15 1e-20
5144.893874 2.280439275e-15 1e-20
5145.006272 2.317392146e-15 1e-20
5145.11867 2.316899597e-15 1e-20
5145.231068 2.315571873e-15 1e-20
5145.343466 2.285516179e-15 1e-20
5145.455864 2.255331101e-15 1e-20
5145.568262 2.220687877e-15 1e-20
5145.68066 2.186652823e-15 1e-20
5145.793058 2.173520212e-15 1e-20
5145.905456 2.161509709e-15 1e-20
5146.017854 2.188061227e-15 1e-20
5146.130252 2.214775375e-15 1e-20
5146.24265 2.247072953e-15 1e-20
5146.355048 2.278560344e-15 1e-20
5146.467446 2.282214445e-15 1e-20
5146.579844 2.285243011e-15 1e-20
5146.692242 2.26679548e-15 1e-20
5146.80464 2.248122004e-15 1e-20
5146.917038 2.221694576e-15 1e-20
5147.029436 2.195672453e-15 1e-20
5147.141834 2.183571317e-15 1e-20
5147.254232 2.172238016e-15 1e-20
5147.36663 2.18725104e-15 1e-20
5147.479028 2.202525585e-15 1e-20
5147.591426 2.226768091e-15 1e-20
5147.703824 2.25088926e-15 1e-20
5147.816222 2.270846415e-15 1e-20
5147.92862 2.29073602e-15 1e-20
5148.041018 2.308315765e-15 1e-20
5148.153416 2.325796831e-15 1e-20
5148.265814 2.3399048e-15 1e-20
5148.378212 2.35380334e-15 1e-20
5148.49061 2.36051417e-15 1e-20
5148.603008 2.366835154e-15 1e-20
5148.715406 2.359790169e-15 1e-20
5148.827804 2.352014618e-15 1e-20
5148.940202 2.319211997e-15 1e-20
5149.0526 2.286009787e-15 1e-20
5149.164998 2.239122067e-15 1e-20
5149.277396 2.192832987e-15 1e-20
5149.389794 2.167035963e-15 1e-20
5149.502192 2.142202228e-15 1e-20
5149.61459 2.150345603e-15 1e-20
5149.726988 2.15930827e-15 1e-20
5149.839386 2.196303916e-15 1e-20
5149.951784 2.233491415e-15 1e-20
5150.064182 2.277244691e-15 1e-20
5150.17658 2.320248977e-15 1e-20
5150.288978 2.337637928e-15 1e-20
5150.401376 2.354351794e-15 1e-20
5150.513774 2.347970671e-15 1e-20
5150.626172 2.34153195e-15 1e-20
5150.73857 2.333119431e-15 1e-20
5150.850968 2.324817873e-15 1e-20
5150.963366 2.320311869e-15 1e-20
5151.075764 2.315908145e-15 1e-20
5151.188162 2.314997584e-15 1e-20
5151.30056 2.314307041e-15 1e-20
5151.412958 2.321133703e-15 1e-20
5151.525356 2.32825725e-15 1e-20
5151.637754 2.345527405e-15 1e-20
5151.750152 2.362399454e-15 1e-20
5151.86255 2.365681495e-15 1e-20
5151.974948 2.367935661e-15 1e-20
5152.087346 2.335108052e-15 1e-20
5152.199744 2.302311148e-15 1e-20
5152.312142 2.270560542e-15 1e-20
5152.42454 2.239879526e-15 1e-20
5152.536938 2.245691443e-15 1e-20
5152.649336 2.251903794e-15 1e-20
5152.761734 2.271773493e-15 1e-20
5152.874132 2.291377647e-15 1e-20
5152.98653 2.301933795e-15 1e-20
5153.098928 2.312491849e-15 1e-20
5153.211326 2.323123383e-15 1e-20
5153.323724 2.333955452e-15 1e-20
5153.436122 2.351620113e-15 1e-20
5153.54852 2.369358253e-15 1e-20
5153.660918 2.389608905e-15 1e-20
5153.773316 2.409760878e-15 1e-20
5153.885714 2.4265586e-15 1e-20
5153.998112 2.442970075e-15 1e-20
5154.11051 2.446236657e-15 1e-20
5154.222908 2.449031231e-15 1e-20
5154.335306 2.435753142e-15 1e-20
5154.447704 2.422267954e-15 1e-20
5154.560102 2.401727194e-15 1e-20
5154.6725 2.381241066e-15 1e-20
5154.784898 2.362608036e-15 1e-20
5154.897296 2.344278666e-15 1e-20
5155.009694 2.336284158e-15 1e-20
5155.122092 2.328539947e-15 1e-20
5155.23449 2.329307359e-15 1e-20
5155.346888 2.329927811e-15 1e-20
5155.459286 2.325548438e-15 1e-20
5155.571684 2.320843382e-15 1e-20
5155.684082 2.305069299e-15 1e-20
5155.79648 2.289001296e-15 1e-20
5155.908878 2.262943175e-15 1e-20
5156.021276 2.236811573e-15 1e-20
5156.133674 2.208175295e-15 1e-20
5156.246072 2.179768139e-15 1e-20
5156.35847 2.159133569e-15 1e-20
5156.470868 2.139242695e-15 1e-20
5156.583266 2.144618178e-15 1e-20
5156.695664 2.151312067e-15 1e-20
5156.808062 2.202775248e-15 1e-20
5156.92046 2.254412917e-15 1e-20
5157.032858 2.3119777e-15 1e-20
5157.145256 2.367986483e-15 1e-20
5157.257654 2.371185515e-15 1e-20
5157.370052 2.373247405e-15 1e-20
5157.48245 2.336719744e-15 1e-20
5157.594848 2.300175567e-15 1e-20
5157.707246 2.2630679e-15 1e-20
5157.819644 2.226740351e-15 1e-20
5157.932042 2.216872841e-15 1e-20
5158.04444 2.208290915e-15 1e-20
5158.156838 2.243301539e-15 1e-20
5158.269236 2.278461242e-15 1e-20
5158.381634 2.318674978e-15 1e-20
5158.494032 2.357824629e-15 1e-20
5158.60643 2.360916723e-15 1e-20
5158.718828 2.363281427e-15 1e-20
5158.831226 2.341008907e-15 1e-20
5158.943624 2.318591969e-15 1e-20
5159.056022 2.291281721e-15 1e-20
5159.16842 2.264430141e-15 1e-20
5159.280818 2.253106793e-15 1e-20
5159.393216 2.242571397e-15 1e-20
5159.505614 2.258727492e-15 1e-20
5159.618012 2.275051722e-15 1e-20
5159.73041 2.29706632e-15 1e-20
5159.842808 2.318740411e-15 1e-20
5159.955206 2.32889443e-15 1e-20
5160.067604 2.338686555e-15 1e-20
5160.180002 2.336236088e-15 1e-20
5160.2924 2.333564546e-15 1e-20
5160.404798 2.323411374e-15 1e-20
5160.517196 2.313576051e-15 1e-20
5160.629594 2.314481953e-15 1e-20
5160.741992 2.315629894e-15 1e-20
5160.85439 2.32495488e-15 1e-20
5160.966788 2.333323989e-15 1e-20
5161.079186 2.309378791e-15 1e-20
5161.191584 2.284702604e-15 1e-20
5161.303982 2.235323548e-15 1e-20
5161.41638 2.187222452e-15 1e-20
5161.528778 2.182302462e-15 1e-20
5161.641176 2.178812474e-15 1e-20
5161.753574 2.223620093e-15 1e-20
5161.865972 2.268274823e-15 1e-20
5161.97837 2.307762864e-15 1e-20
5162.090768 2.346594031e-15 1e-20
5162.203166 2.363244157e-15 1e-20
5162.315564 2.379455309e-15 1e-20
5162.427962 2.380859478e-15 1e-20
5162.54036 2.3822484e-15 1e-20
5162.652758 2.383131432e-15 1e-20
5162.765156 2.384602728e-15 1e-20
5162.877554 2.405922336e-15 1e-20
5162.989952 2.427333211e-15 1e-20
5163.10235 2.451820299e-15 1e-20
5163.214748 2.475452518e-15 1e-20
5163.327146 2.470266559e-15 1e-20
5163.439544 2.4644773e-15 1e-20
5163.551942 2.438354804e-15 1e-20
5163.66434 2.412276777e-15 1e-20
5163.776738 2.387700751e-15 1e-20
5163.889136 2.363728872e-15 1e-20
5164.001534 2.360113735e-15 1e-20
5164.113932 2.357477557e-15 1e-20
5164.22633 2.387813195e-15 1e-20
5164.338728 2.418078953e-15 1e-20
5164.451126 2.445990594e-15 1e-20
5164.563524 2.472745401e-15 1e-20
5164.675922 2.460553844e-15 1e-20
5164.78832 2.447820185e-15 1e-20
5164.900718 2.416842073e-15 1e-20
5165.013116 2.38610113e-15 1e-20
5165.125514 2.363337966e-15 1e-20
5165.237912 2.340964862e-15 1e-20
5165.35031 2.331707215e-15 1e-20
5165.462708 2.322887273e-15 1e-20
5165.575106 2.328787281e-15 1e-20
5165.687504 2.335078406e-15 1e-20
5165.799902 2.354514424e-15 1e-20
5165.9123 2.374107355e-15 1e-20
5166.024698 2.398971372e-15 1e-20
5166.137096 2.423376509e-15 1e-20
5166.249494 2.432358658e-15 1e-20
5166.361892 2.440618711e-15 1e-20
5166.47429 2.424623129e-15 1e-20
5166.586688 2.408380849e-15 1e-20
5166.699086 2.383848234e-15 1e-20
5166.811484 2.359512554e-15 1e-20
5166.923882 2.341791989e-15 1e-20
5167.03628 2.32464169e-15 1e-20
5167.148678 2.326639205e-15 1e-20
5167.261076 2.329091789e-15 1e-20
5167.373474 2.346815742e-15 1e-20
5167.485872 2.364176952e-15 1e-20
5167.59827 2.369360582e-15 1e-20
5167.710668 2.374099732e-15 1e-20
5167.823066 2.363934701e-15 1e-20
5167.935464 2.354033098e-15 1e-20
5168.047862 2.352967742e-15 1e-20
5168.16026 2.352204989e-15 1e-20
5168.272658 2.361597949e-15 1e-20
5168.385056 2.370836326e-15 1e-20
5168.497454 2.374890437e-15 1e-20
5168.609852 2.378676039e-15 1e-20
5168.72225 2.373468692e-15 1e-20
5168.834648 2.368067163e-15 1e-20
5168.947046 2.356169738e-15 1e-20
5169.059444 2.344327371e-15 1e-20
5169.171842 2.33433577e-15 1e-20
5169.28424 2.324728511e-15 1e-20
5169.396638 2.32799107e-15 1e-20
5169.509036 2.33150181e-15 1e-20
5169.621434 2.343319825e-15 1e-20
5169.733832 2.355075795e-15 1e-20
5169.84623 2.364756323e-15 1e-20
5169.958628 2.374328642e-15 1e-20
5170.071026 2.380279684e-15 1e-20
5170.183424 2.386158305e-15 1e-20
5170.295822 2.389612293e-15 1e-20
5170.40822 2.393110751e-15 1e-20
5170.520618 2.398100834e-15 1e-20
5170.633016 2.403232795e-15 1e-20
5170.745414 2.413114493e-15 1e-20
5170.857812 2.423062683e-15 1e-20
5170.97021 2.435243864e-15 1e-20
5171.082608 2.447331447e-15 1e-20
5171.195006 2.456294327e-15 1e-20
5171.307404 2.464621084e-15 1e-20
5171.419802 2.451680538e-15 1e-20
5171.5322 2.437866066e-15 1e-20
5171.644598 2.394856909e-15 1e-20
5171.756996 2.351889469e-15 1e-20
5171.869394 2.310310316e-15 1e-20
5171.981792 2.269589419e-15 1e-20
5172.09419 2.257533387e-15 1e-20
5172.206588 2.246684165e-15 1e-20
5172.318986 2.276124701e-15 1e-20
5172.431384 2.306469657e-15 1e-20
5172.543782 2.366995243e-15 1e-20
5172.65618 2.426732665e-15 1e-20
5172.768578 2.460165267e-15 1e-20
5172.880976 2.492067069e-15 1e-20
5172.993374 2.472898078e-15 1e-20
5173.105772 2.453278466e-15 1e-20
5173.21817 2.418631854e-15 1e-20
5173.330568 2.384289115e-15 1e-20
5173.442966 2.360080066e-15 1e-20
5173.555364 2.336419471e-15 1e-20
5173.667762 2.331048012e-15 1e-20
5173.78016 2.326247241e-15 1e-20
5173.892558 2.340470406e-15 1e-20
5174.004956 2.354950223e-15 1e-20
5174.117354 2.377987825e-15 1e-20
5174.229752 2.401068202e-15 1e-20
5174.34215 2.425571171e-15 1e-20
5174.454548 2.450024589e-15 1e-20
5174.566946 2.472823116e-15 1e-20
5174.679344 2.495338734e-15 1e-20
5174.791742 2.508431322e-15 1e-20
5174.90414 2.52097588e-15 1e-20
5175.016538 2.515282336e-15 1e-20
5175.128936 2.509006669e-15 1e-20
5175.241334 2.483350465e-15 1e-20
5175.353732 2.457216745e-15 1e-20
5175.46613 2.415188029e-15 1e-20
5175.578528 2.373344814e-15 1e-20
5175.690926 2.337671174e-15 1e-20
5175.803324 2.302991951e-15 1e-20
5175.915722 2.301378989e-15 1e-20
5176.02812 2.300419088e-15 1e-20
5176.140518 2.321175631e-15 1e-20
5176.252916 2.341892363e-15 1e-20
5176.365314 2.361286029e-15 1e-20
5176.477712 2.380384928e-15 1e-20
5176.59011 2.389696573e-15 1e-20
5176.702508 2.398640606e-15 1e-20
5176.814906 2.395379105e-15 1e-20
5176.927304 2.392485429e-15 1e-20
5177.039702 2.401807026e-15 1e-20
5177.1521 2.412089371e-15 1e-20
5177.264498 2.454279447e-15 1e-20
5177.376896 2.496229812e-15 1e-20
5177.489294 2.530213833e-15 1e-20
5177.601692 2.562980879e-15 1e-20
5177.71409 2.555348689e-15 1e-20
5177.826488 2.547472341e-15 1e-20
5177.938886 2.531485865e-15 1e-20
5178.051284 2.516059066e-15 1e-20
5178.163682 2.519203464e-15 1e-20
5178.27608 2.522580796e-15 1e-20
5178.388478 2.533674174e-15 1e-20
5178.500876 2.544691532e-15 1e-20
5178.613274 2.553179014e-15 1e-20
5178.725672 2.561446267e-15 1e-20
5178.83807 2.562411673e-15 1e-20
5178.950468 2.563111746e-15 1e-20
5179.062866 2.555008605e-15 1e-20
5179.175264 2.546797891e-15 1e-20
5179.287662 2.535014816e-15 1e-20
5179.40006 2.523329573e-15 1e-20
5179.512458 2.514886137e-15 1e-20
5179.624856 2.506857747e-15 1e-20
5179.737254 2.512584325e-15 1e-20
5179.849652 2.518507203e-15 1e-20
5179.96205 2.530932329e-15 1e-20
5180.074448 2.542623289e-15 1e-20
5180.186846 2.53001838e-15 1e-20
5180.299244 2.516886828e-15 1e-20
5180.411642 2.486330115e-15 1e-20
5180.52404 2.456542295e-15 1e-20
5180.636438 2.45218664e-15 1e-20
5180.748836 2.448568963e-15 1e-20
5180.861234 2.469358116e-15 1e-20
5180.973632 2.489898665e-15 1e-20
5181.08603 2.502223206e-15 1e-20
5181.198428 2.51428792e-15 1e-20
5181.310826 2.517757367e-15 1e-20
5181.423224 2.521468218e-15 1e-20
5181.535622 2.533158755e-15 1e-20
5181.64802 2.544974229e-15 1e-20
5181.760418 2.560915389e-15 1e-20
5181.872816 2.576636533e-15 1e-20
5181.985214 2.585099239e-15 1e-20
5182.097612 2.593392962e-15 1e-20
5182.21001 2.596112996e-15 1e-20
5182.322408 2.598827737e-15 1e-20
5182.434806 2.601371165e-15 1e-20
5182.547204 2.603900406e-15 1e-20
5182.659602 2.605954884e-15 1e-20
5182.772 2.60795007e-15 1e-20
5182.884398 2.60798501e-15 1e-20
5182.996796 2.607806074e-15 1e-20
5183.109194 2.600565002e-15 1e-20
5183.221592 2.593020056e-15 1e-20
5183.33399 2.575448992e-15 1e-20
5183.446388 2.558057077e-15 1e-20
5183.558786 2.546574063e-15 1e-20
5183.671184 2.535641832e-15 1e-20
5183.783582 2.542875493e-15 1e-20
5183.89598 2.550198305e-15 1e-20
5184.008378 2.560467944e-15 1e-20
5184.120776 2.570393476e-15 1e-20
5184.233174 2.568985072e-15 1e-20
5184.345572 2.567131764e-15 1e-20
5184.45797 2.550623727e-15 1e-20
5184.570368 2.533848663e-15 1e-20
5184.682766 2.508276527e-15 1e-20
5184.795164 2.483336277e-15 1e-20
5184.907562 2.479207838e-15 1e-20
5185.01996 2.47601643e-15 1e-20
5185.132358 2.503680103e-15 1e-20
5185.244756 2.531310106e-15 1e-20
5185.357154 2.557837695e-15 1e-20
5185.469552 2.583692317e-15 1e-20
5185.58195 2.587396816e-15 1e-20
5185.694348 2.590302986e-15 1e-20
5185.806746 2.566943935e-15 1e-20
5185.919144 2.543278046e-15 1e-20
5186.031542 2.509518277e-15 1e-20
5186.14394 2.476823017e-15 1e-20
5186.256338 2.479129064e-15 1e-20
5186.368736 2.482461504e-15 1e-20
5186.481134 2.519537618e-15 1e-20
5186.593532 2.556135794e-15 1e-20
5186.70593 2.577023838e-15 1e-20
5186.818328 2.597152729e-15 1e-20
5186.930726 2.592336288e-15 1e-20
5187.043124 2.587424132e-15 1e-20
5187.155522 2.579370543e-15 1e-20
5187.26792 2.571407375e-15 1e-20
5187.380318 2.566413904e-15 1e-20
5187.492716 2.561454526e-15 1e-20
5187.605114 2.557615561e-15 1e-20
5187.717512 2.55392885e-15 1e-20
5187.82991 2.555242386e-15 1e-20
5187.942308 2.556855772e-15 1e-20
5188.054706 2.568316975e-15 1e-20
5188.167104 2.579997559e-15 1e-20
5188.279502 2.5988847e-15 1e-20
5188.3919 2.617803816e-15 1e-20
5188.504298 2.637780029e-15 1e-20
5188.616696 2.657695892e-15 1e-20
5188.729094 2.675638379e-15 1e-20
5188.841492 2.693454658e-15 1e-20
5188.95389 2.707127252e-15 1e-20
5189.066288 2.720087068e-15 1e-20
5189.178686 2.709687621e-15 1e-20
5189.291084 2.698166279e-15 1e-20
5189.403482 2.649880107e-15 1e-20
5189.51588 2.602104272e-15 1e-20
5189.628278 2.571049715e-15 1e-20
5189.740676 2.541810773e-15 1e-20
5189.853074 2.572051331e-15 1e-20
5189.965472 2.602084155e-15 1e-20
5190.07787 2.625310222e-15 1e-20
5190.190268 2.646709662e-15 1e-20
5190.302666 2.608299048e-15 1e-20
5190.415064 2.569486516e-15 1e-20
5190.527462 2.517514692e-15 1e-20
5190.63986 2.466277457e-15 1e-20
5190.752258 2.4390769e-15 1e-20
5190.864656 2.412142946e-15 1e-20
5190.977054 2.393932796e-15 1e-20
5191.089452 2.375805656e-15 1e-20
5191.20185 2.360385633e-15 1e-20
5191.314248 2.345580979e-15 1e-20
5191.426646 2.350906064e-15 1e-20
5191.539044 2.357014018e-15 1e-20
5191.651442 2.388724179e-15 1e-20
5191.76384 2.42082461e-15 1e-20
5191.876238 2.465681146e-15 1e-20
5191.988636 2.510558645e-15 1e-20
5192.101034 2.556114195e-15 1e-20
5192.213432 2.601377941e-15 1e-20
5192.32583 2.63710198e-15 1e-20
5192.438228 2.672336009e-15 1e-20
5192.550626 2.691561751e-15 1e-20
5192.663024 2.710308708e-15 1e-20
5192.775422 2.713429812e-15 1e-20
5192.88782 2.715937877e-15 1e-20
5193.000218 2.698434365e-15 1e-20
5193.112616 2.679996787e-15 1e-20
5193.225014 2.63107407e-15 1e-20
5193.337412 2.582115989e-15 1e-20
5193.44981 2.532001284e-15 1e-20
5193.562208 2.483509495e-15 1e-20
5193.674606 2.487967641e-15 1e-20
5193.787004 2.493522483e-15 1e-20
5193.899402 2.534853033e-15 1e-20
5194.0118 2.57563894e-15 1e-20
5194.124198 2.598657483e-15 1e-20
5194.236596 2.62098019e-15 1e-20
5194.348994 2.620613636e-15 1e-20
5194.461392 2.620000808e-15 1e-20
5194.57379 2.61136086e-15 1e-20
5194.686188 2.60256527e-15 1e-20
5194.798586 2.588702729e-15 1e-20
5194.910984 2.574739602e-15 1e-20
5195.023382 2.557498035e-15 1e-20
5195.13578 2.540595492e-15 1e-20
5195.248178 2.534736354e-15 1e-20
5195.360576 2.529585335e-15 1e-20
5195.472974 2.547484411e-15 1e-20
5195.585372 2.565488732e-15 1e-20
5195.69777 2.586924807e-15 1e-20
5195.810168 2.607831062e-15 1e-20
5195.922566 2.611490033e-15 1e-20
5196.034964 2.614861859e-15 1e-20
5196.147362 2.608888371e-15 1e-20
5196.25976 2.602915306e-15 1e-20
5196.372158 2.596956218e-15 1e-20
5196.484556 2.590894215e-15 1e-20
5196.596954 2.58147902e-15 1e-20
5196.709352 2.57195837e-15 1e-20
5196.82175 2.559001942e-15 1e-20
5196.934148 2.546368869e-15 1e-20
5197.046546 2.54425171e-15 1e-20
5197.158944 2.542542398e-15 1e-20
5197.271342 2.554082586e-15 1e-20
5197.38374 2.565142295e-15 1e-20
5197.496138 2.560596693e-15 1e-20
5197.608536 2.555448639e-15 1e-20
5197.720934 2.530726076e-15 1e-20
5197.833332 2.506874687e-15 1e-20
5197.94573 2.511319704e-15 1e-20
5198.058128 2.516903134e-15 1e-20
5198.170526 2.559450446e-15 1e-20
5198.282924 2.601526172e-15 1e-20
5198.395322 2.628303848e-15 1e-20
5198.50772 2.654239997e-15 1e-20
5198.620118 2.652868439e-15 1e-20
5198.732516 2.651759038e-15 1e-20
5198.844914 2.659153e-15 1e-20
5198.957312 2.666810178e-15 1e-20
5199.06971 2.682998248e-15 1e-20
5199.182108 2.698533044e-15 1e-20
5199.294506 2.692886087e-15 1e-20
5199.406904 2.686464942e-15 1e-20
5199.519302 2.654944305e-15 1e-20
5199.6317 2.623052456e-15 1e-20
5199.744098 2.579122786e-15 1e-20
5199.856496 2.535361464e-15 1e-20
5199.968894 2.497058846e-15 1e-20
5200.081292 2.459518134e-15 1e-20
5200.19369 2.446663562e-15 1e-20
5200.306088 2.434690116e-15 1e-20
5200.418486 2.451256175e-15 1e-20
5200.530884 2.468517436e-15 1e-20
5200.643282 2.508295585e-15 1e-20
5200.75568 2.548264952e-15 1e-20
5200.868078 2.59442253e-15 1e-20
5200.980476 2.640180097e-15 1e-20
5201.092874 2.672986319e-15 1e-20
5201.205272 2.704834969e-15 1e-20
5201.31767 2.70570106e-15 1e-20
5201.430068 2.705289614e-15 1e-20
5201.542466 2.66354783e-15 1e-20
5201.654864 2.621616947e-15 1e-20
5201.767262 2.573563285e-15 1e-20
5201.87966 2.526446019e-15 1e-20
5201.992058 2.509612933e-15 1e-20
5202.104456 2.493090285e-15 1e-20
5202.216854 2.486600742e-15 1e-20
5202.329252 2.479781491e-15 1e-20
5202.44165 2.462302331e-15 1e-20
5202.554048 2.445082363e-15 1e-20
5202.666446 2.436234892e-15 1e-20
5202.778844 2.428054883e-15 1e-20
5202.891242 2.441441392e-15 1e-20
5203.00364 2.455006413e-15 1e-20
5203.116038 2.474331893e-15 1e-20
5203.228436 2.493479708e-15 1e-20
5203.340834 2.506890357e-15 1e-20
5203.453232 2.520272207e-15 1e-20
5203.56563 2.532727192e-15 1e-20
5203.678028 2.545200387e-15 1e-20
5203.790426 2.558261e-15 1e-20
5203.902824 2.571184605e-15 1e-20
5204.015222 2.579688604e-15 1e-20
5204.12762 2.587928752e-15 1e-20
5204.240018 2.58765262e-15 1e-20
5204.352416 2.586945347e-15 1e-20
5204.464814 2.572324288e-15 1e-20
5204.577212 2.557529375e-15 1e-20
5204.68961 2.537126257e-15 1e-20
5204.802008 2.517425541e-15 1e-20
5204.914406 2.520372157e-15 1e-20
5205.026804 2.523768971e-15 1e-20
5205.139202 2.541678424e-15 1e-20
5205.2516 2.558602354e-15 1e-20
5205.363998 2.543761702e-15 1e-20
5205.476396 2.528285351e-15 1e-20
5205.588794 2.492321602e-15 1e-20
5205.701192 2.457449468e-15 1e-20
5205.81359 2.457729412e-15 1e-20
5205.925988 2.458839025e-15 1e-20
5206.038386 2.486664269e-15 1e-20
5206.150784 2.513878379e-15 1e-20
5206.263182 2.521422266e-15 1e-20
5206.37558 2.528666304e-15 1e-20
5206.487978 2.526251201e-15 1e-20
5206.600376 2.524607322e-15 1e-20
5206.712774 2.54777325e-15 1e-20
5206.825172 2.57082631e-15 1e-20
5206.93757 2.590242423e-15 1e-20
5207.049968 2.608154417e-15 1e-20
5207.162366 2.577690242e-15 1e-20
5207.274764 2.5470916e-15 1e-20
5207.387162 2.512167584e-15 1e-20
5207.49956 2.478928741e-15 1e-20
5207.611958 2.499867184e-15 1e-20
5207.724356 2.521420996e-15 1e-20
5207.836754 2.562746039e-15 1e-20
5207.949152 2.60322405e-15 1e-20
5208.06155 2.616481174e-15 1e-20
5208.173948 2.628992486e-15 1e-20
5208.286346 2.617549494e-15 1e-20
5208.398744 2.60571835e-15 1e-20
5208.511142 2.581419092e-15 1e-20
5208.62354 2.557067107e-15 1e-20
5208.735938 2.531011526e-15 1e-20
5208.848336 2.505226149e-15 1e-20
5208.960734 2.488114602e-15 1e-20
5209.073132 2.471399253e-15 1e-20
5209.18553 2.467404858e-15 1e-20
5209.297928 2.463780616e-15 1e-20
5209.410326 2.472041728e-15 1e-20
5209.522724 2.480405755e-15 1e-20
5209.635122 2.492074904e-15 1e-20
5209.74752 2.503527848e-15 1e-20
5209.859918 2.508055451e-15 1e-20
5209.972316 2.511924698e-15 1e-20
5210.084714 2.494691812e-15 1e-20
5210.197112 2.476946049e-15 1e-20
5210.30951 2.44276954e-15 1e-20
5210.421908 2.409279339e-15 1e-20
5210.534306 2.397786161e-15 1e-20
5210.646704 2.387236577e-15 1e-20
5210.759102 2.406914635e-15 1e-20
5210.8715 2.426437686e-15 1e-20
5210.983898 2.4409967e-15 1e-20
5211.096296 2.455160361e-15 1e-20
5211.208694 2.456661515e-15 1e-20
5211.321092 2.45846019e-15 1e-20
5211.43349 2.469793279e-15 1e-20
5211.545888 2.481288998e-15 1e-20
5211.658286 2.497989523e-15 1e-20
5211.770684 2.514076797e-15 1e-20
5211.883082 2.51053874e-15 1e-20
5211.99548 2.50654858e-15 1e-20
5212.107878 2.488092579e-15 1e-20
5212.220276 2.469922028e-15 1e-20
5212.332674 2.460883551e-15 1e-20
5212.445072 2.452180711e-15 1e-20
5212.55747 2.454217825e-15 1e-20
5212.669868 2.456298985e-15 1e-20
5212.782266 2.459794478e-15 1e-20
5212.894664 2.463334441e-15 1e-20
5213.007062 2.468292337e-15 1e-20
5213.11946 2.473366064e-15 1e-20
5213.231858 2.482136031e-15 1e-20
5213.344256 2.490822142e-15 1e-20
5213.456654 2.4968221e-15 1e-20
5213.569052 2.502513103e-15 1e-20
5213.68145 2.498330031e-15 1e-20
5213.793848 2.493705866e-15 1e-20
5213.906246 2.474991308e-15 1e-20
5214.018644 2.455839893e-15 1e-20
5214.131042 2.422746316e-15 1e-20
5214.24344 2.390281026e-15 1e-20
5214.355838 2.377871569e-15 1e-20
5214.468236 2.3668576e-15 1e-20
5214.580634 2.400381682e-15 1e-20
5214.693032 2.433359427e-15 1e-20
5214.80543 2.448901847e-15 1e-20
5214.917828 2.462482749e-15 1e-20
5215.030226 2.413486552e-15 1e-20
5215.142624 2.364689407e-15 1e-20
5215.255022 2.322240351e-15 1e-20
5215.36742 2.281477738e-15 1e-20
5215.479818 2.29449134e-15 1e-20
5215.592216 2.307579058e-15 1e-20
5215.704614 2.323031057e-15 1e-20
5215.817012 2.337640893e-15 1e-20
5215.92941 2.325412913e-15 1e-20
5216.041808 2.313510406e-15 1e-20
5216.154206 2.311975794e-15 1e-20
5216.266604 2.311141467e-15 1e-20
5216.379002 2.332609093e-15 1e-20
5216.4914 2.353623981e-15 1e-20
5216.603798 2.360228508e-15 1e-20
5216.716196 2.366083835e-15 1e-20
5216.828594 2.348083326e-15 1e-20
5216.940992 2.3302806e-15 1e-20
5217.05339 2.318777045e-15 1e-20
5217.165788 2.307718818e-15 1e-20
5217.278186 2.310831241e-15 1e-20
5217.390584 2.313840961e-15 1e-20
5217.502982 2.313580498e-15 1e-20
5217.61538 2.313243803e-15 1e-20
5217.727778 2.310482899e-15 1e-20
5217.840176 2.308106548e-15 1e-20
5217.952574 2.317962411e-15 1e-20
5218.064972 2.328285414e-15 1e-20
5218.17737 2.353448857e-15 1e-20
5218.289768 2.378984147e-15 1e-20
5218.402166 2.416333853e-15 1e-20
5218.514564 2.453217268e-15 1e-20
5218.626962 2.475284382e-15 1e-20
5218.73936 2.495658277e-15 1e-20
5218.851758 2.46224071e-15 1e-20
5218.964156 2.428489835e-15 1e-20
5219.076554 2.38415253e-15 1e-20
5219.188952 2.341806812e-15 1e-20
5219.30135 2.362700998e-15 1e-20
5219.413748 2.384276833e-15 1e-20
5219.526146 2.427498383e-15 1e-20
5219.638544 2.4691129e-15 1e-20
5219.750942 2.459711893e-15 1e-20
5219.86334 2.449637495e-15 1e-20
5219.975738 2.418198385e-15 1e-20
5220.088136 2.387573485e-15 1e-20
5220.200534 2.382776314e-15 1e-20
5220.312932 2.378066387e-15 1e-20
5220.42533 2.376115458e-15 1e-20
5220.537728 2.3734022e-15 1e-20
5220.650126 2.346519068e-15 1e-20
5220.762524 2.319535987e-15 1e-20
5220.874922 2.289384367e-15 1e-20
5220.98732 2.259771036e-15 1e-20
5221.099718 2.247213349e-15 1e-20
5221.212116 2.23493603e-15 1e-20
5221.324514 2.23153604e-15 1e-20
5221.436912 2.228146638e-15 1e-20
5221.54931 2.225093507e-15 1e-20
5221.661708 2.222013272e-15 1e-20
5221.774106 2.218070757e-15 1e-20
5221.886504 2.214092879e-15 1e-20
5221.998902 2.208994376e-15 1e-20
5222.1113 2.203979941e-15 1e-20
5222.223698 2.201626883e-15 1e-20
5222.336096 2.199340529e-15 1e-20
5222.448494 2.199158417e-15 1e-20
5222.560892 2.198625633e-15 1e-20
5222.67329 2.186993118e-15 1e-20
5222.785688 2.175182303e-15 1e-20
5222.898086 2.157728765e-15 1e-20
5223.010484 2.141284468e-15 1e-20
5223.122882 2.156769077e-15 1e-20
5223.23528 2.173192834e-15 1e-20
5223.347678 2.219316954e-15 1e-20
5223.460076 2.264702462e-15 1e-20
5223.572474 2.286733577e-15 1e-20
5223.684872 2.307811357e-15 1e-20
5223.79727 2.298759963e-15 1e-20
5223.909668 2.289970937e-15 1e-20
5224.022066 2.289483046e-15 1e-20
5224.134464 2.28927277e-15 1e-20
5224.246862 2.297836697e-15 1e-20
5224.35926 2.305855981e-15 1e-20
5224.471658 2.296666944e-15 1e-20
5224.584056 2.287101825e-15 1e-20
5224.696454 2.265656221e-15 1e-20
5224.808852 2.24449035e-15 1e-20
5224.92125 2.232158821e-15 1e-20
5225.033648 2.220492424e-15 1e-20
5225.146046 2.229818892e-15 1e-20
5225.258444 2.240052109e-15 1e-20
5225.370842 2.278895134e-15 1e-20
5225.48324 2.317579341e-15 1e-20
5225.595638 2.351249536e-15 1e-20
5225.708036 2.383369449e-15 1e-20
5225.820434 2.366589302e-15 1e-20
5225.932832 2.349409357e-15 1e-20
5226.04523 2.319618149e-15 1e-20
5226.157628 2.291041587e-15 1e-20
5226.270026 2.300757266e-15 1e-20
5226.382424 2.310571625e-15 1e-20
5226.494822 2.32350476e-15 1e-20
5226.60722 2.335229813e-15 1e-20
5226.719618 2.308889206e-15 1e-20
5226.832016 2.282489307e-15 1e-20
5226.944414 2.254220217e-15 1e-20
5227.056812 2.226991285e-15 1e-20
5227.16921 2.23252728e-15 1e-20
5227.281608 2.238383031e-15 1e-20
5227.394006 2.254305556e-15 1e-20
5227.506404 2.269794401e-15 1e-20
5227.618802 2.27162738e-15 1e-20
5227.7312 2.272743769e-15 1e-20
5227.843598 2.251303671e-15 1e-20
5227.955996 2.229232534e-15 1e-20
5228.068394 2.187300379e-15 1e-20
5228.180792 2.145748755e-15 1e-20
5228.29319 2.11616507e-15 1e-20
5228.405588 2.087561615e-15 1e-20
5228.517986 2.0897855e-15 1e-20
5228.630384 2.092601461e-15 1e-20
5228.742782 2.114029912e-15 1e-20
5228.85518 2.135553866e-15 1e-20
5228.967578 2.160076529e-15 1e-20
5229.079976 2.184067255e-15 1e-20
5229.192374 2.191342844e-15 1e-20
5229.304772 2.197941443e-15 1e-20
5229.41717 2.183265326e-15 1e-20
5229.529568 2.16843145e-15 1e-20
5229.641966 2.148640525e-15 1e-20
5229.754364 2.12909037e-15 1e-20
5229.866762 2.117106759e-15 1e-20
5229.97916 2.105675626e-15 1e-20
5230.091558 2.111594269e-15 1e-20
5230.203956 2.117728058e-15 1e-20
5230.316354 2.130625617e-15 1e-20
5230.428752 2.142825221e-15 1e-20
5230.54115 2.133115682e-15 1e-20
5230.653548 2.123042766e-15 1e-20
5230.765946 2.101562646e-15 1e-20
5230.878344 2.080810974e-15 1e-20
5230.990742 2.082917545e-15 1e-20
5231.10314 2.085774163e-15 1e-20
5231.215538 2.112161357e-15 1e-20
5231.327936 2.138795038e-15 1e-20
5231.440334 2.173162129e-15 1e-20
5231.552732 2.207185537e-15 1e-20
5231.66513 2.230433626e-15 1e-20
5231.777528 2.252769674e-15 1e-20
5231.889926 2.246518147e-15 1e-20
5232.002324 2.239620122e-15 1e-20
5232.114722 2.21246107e-15 1e-20
5232.22712 2.185210961e-15 1e-20
5232.339518 2.155107834e-15 1e-20
5232.451916 2.125161831e-15 1e-20
5232.564314 2.100139207e-15 1e-20
5232.676712 2.075439514e-15 1e-20
5232.78911 2.060852125e-15 1e-20
5232.901508 2.046897045e-15 1e-20
5233.013906 2.052749619e-15 1e-20
5233.126304 2.059321113e-15 1e-20
5233.238702 2.088396154e-15 1e-20
5233.3511 2.117137676e-15 1e-20
5233.463498 2.135438246e-15 1e-20
5233.575896 2.152687013e-15 1e-20
5233.688294 2.137030033e-15 1e-20
5233.800692 2.12146305e-15 1e-20
5233.91309 2.108713933e-15 1e-20
5234.025488 2.096883424e-15 1e-20
5234.137886 2.113778555e-15 1e-20
5234.250284 2.131084497e-15 1e-20
5234.362682 2.161235482e-15 1e-20
5234.47508 2.191175767e-15 1e-20
5234.587478 2.214521266e-15 1e-20
5234.699876 2.236804161e-15 1e-20
5234.812274 2.225876166e-15 1e-20
5234.924672 2.213912461e-15 1e-20
5235.03707 2.169592944e-15 1e-20
5235.149468 2.12597837e-15 1e-20
5235.261866 2.104392371e-15 1e-20
5235.374264 2.084002806e-15 1e-20
5235.486662 2.100980734e-15 1e-20
5235.59906 2.117709211e-15 1e-20
5235.711458 2.12664075e-15 1e-20
5235.823856 2.135114044e-15 1e-20
5235.936254 2.129284975e-15 1e-20
5236.048652 2.124238565e-15 1e-20
5236.16105 2.143613173e-15 1e-20
5236.273448 2.163404521e-15 1e-20
5236.385846 2.196201637e-15 1e-20
5236.498244 2.227679711e-15 1e-20
5236.610642 2.218014218e-15 1e-20
5236.72304 2.207409789e-15 1e-20
5236.835438 2.167524278e-15 1e-20
5236.947836 2.128489188e-15 1e-20
5237.060234 2.115974488e-15 1e-20
5237.172632 2.104180825e-15 1e-20
5237.28503 2.114853228e-15 1e-20
5237.397428 2.125131761e-15 1e-20
5237.509826 2.12313234e-15 1e-20
5237.622224 2.120893843e-15 1e-20
5237.734622 2.111206751e-15 1e-20
5237.84702 2.101898494e-15 1e-20
5237.959418 2.104387924e-15 1e-20
5238.071816 2.106836908e-15 1e-20
5238.184214 2.108024025e-15 1e-20
5238.296612 2.108551303e-15 1e-20
5238.40901 2.088542267e-15 1e-20
5238.521408 2.068760024e-15 1e-20
5238.633806 2.056033778e-15 1e-20
5238.746204 2.0445226e-15 1e-20
5238.858602 2.070817044e-15 1e-20
5238.971 2.097344422e-15 1e-20
5239.083398 2.131109484e-15 1e-20
5239.195796 2.16400295e-15 1e-20
5239.308194 2.169778868e-15 1e-20
5239.420592 2.175014167e-15 1e-20
5239.53299 2.163429085e-15 1e-20
5239.645388 2.151756759e-15 1e-20
5239.757786 2.137368634e-15 1e-20
5239.870184 2.122951286e-15 1e-20
5239.982582 2.107619567e-15 1e-20
5240.09498 2.092332316e-15 1e-20
5240.207378 2.078421282e-15 1e-20
5240.319776 2.064733865e-15 1e-20
5240.432174 2.057993389e-15 1e-20
5240.544572 2.051468058e-15 1e-20
5240.65697 2.051627936e-15 1e-20
5240.769368 2.051546197e-15 1e-20
5240.881766 2.043952123e-15 1e-20
5240.994164 2.03595465e-15 1e-20
5241.106562 2.015428501e-15 1e-20
5241.21896 1.994880328e-15 1e-20
5241.331358 1.973646906e-15 1e-20
5241.443756 1.952830436e-15 1e-20
5241.556154 1.944959806e-15 1e-20
5241.668552 1.938142462e-15 1e-20
5241.78095 1.964006613e-15 1e-20
5241.893348 1.990425994e-15 1e-20
5242.005746 2.034072119e-15 1e-20
5242.118144 2.076320429e-15 1e-20
5242.230542 2.075211451e-15 1e-20
5242.34294 2.072744467e-15 1e-20
5242.455338 2.028167664e-15 1e-20
5242.567736 1.984150115e-15 1e-20
5242.680134 1.95746413e-15 1e-20
5242.792532 1.931784209e-15 1e-20
5242.90493 1.937295217e-15 1e-20
5243.017328 1.943261929e-15 1e-20
5243.129726 1.963348045e-15 1e-20
5243.242124 1.98320165e-15 1e-20
5243.354522 1.995857804e-15 1e-20
5243.46692 2.007458556e-15 1e-20
5243.579318 1.986373576e-15 1e-20
5243.691716 1.965039993e-15 1e-20
5243.804114 1.936010903e-15 1e-20
5243.916512 1.908209376e-15 1e-20
5244.02891 1.918413794e-15 1e-20
5244.141308 1.929356824e-15 1e-20
5244.253706 1.963158944e-15 1e-20
5244.366104 1.996600017e-15 1e-20
5244.478502 2.018870207e-15 1e-20
5244.5909 2.040338681e-15 1e-20
5244.703298 2.037006241e-15 1e-20
5244.815696 2.032754983e-15 1e-20
5244.928094 2.000088946e-15 1e-20
5245.040492 1.968014984e-15 1e-20
5245.15289 1.954251758e-15 1e-20
5245.265288 1.94242866e-15 1e-20
5245.377686 1.990580789e-15 1e-20
5245.490084 2.038895337e-15 1e-20
5245.602482 2.092229613e-15 1e-20
5245.71488 2.143963633e-15 1e-20
5245.827278 2.146252316e-15 1e-20
5245.939676 2.14745002e-15 1e-20
5246.052074 2.114949366e-15 1e-20
5246.164472 2.082141451e-15 1e-20
5246.27687 2.039839355e-15 1e-20
5246.389268 1.997977504e-15 1e-20
5246.501666 1.969712862e-15 1e-20
5246.614064 1.942398802e-15 1e-20
5246.726462 1.944435493e-15 1e-20
5246.83886 1.947266065e-15 1e-20
5246.951258 1.974614218e-15 1e-20
5247.063656 2.002268361e-15 1e-20
5247.176054 2.039363958e-15 1e-20
5247.288452 2.075726023e-15 1e-20
5247.40085 2.089454945e-15 1e-20
5247.513248 2.102125287e-15 1e-20
5247.625646 2.082131075e-15 1e-20
5247.738044 2.061990537e-15 1e-20
5247.850442 2.037328326e-15 1e-20
5247.96284 2.013034362e-15 1e-20
5248.075238 2.000091275e-15 1e-20
5248.187636 1.987475566e-15 1e-20
5248.300034 1.984950561e-15 1e-20
5248.412432 1.982651502e-15 1e-20
5248.52483 1.987311454e-15 1e-20
5248.637228 1.992010581e-15 1e-20
5248.749626 1.997911012e-15 1e-20
5248.862024 2.003569616e-15 1e-20
5248.974422 2.001779623e-15 1e-20
5249.08682 1.999414072e-15 1e-20
5249.199218 1.979318004e-15 1e-20
5249.311616 1.958924839e-15 1e-20
5249.424014 1.929387317e-15 1e-20
5249.536412 1.900205338e-15 1e-20
5249.64881 1.88197486e-15 1e-20
5249.761208 1.864196909e-15 1e-20
5249.873606 1.860348838e-15 1e-20
5249.986004 1.856770124e-15 1e-20
5250.098402 1.86147878e-15 1e-20
5250.2108 1.86621433e-15 1e-20
5250.323198 1.871781242e-15 1e-20
5250.435596 1.877127502e-15 1e-20
5250.547994 1.875680982e-15 1e-20
5250.660392 1.874179192e-15 1e-20
5250.77279 1.870981855e-15 1e-20
5250.885188 1.867994369e-15 1e-20
5250.997586 1.87146424e-15 1e-20
5251.109984 1.875375414e-15 1e-20
5251.222382 1.892839963e-15 1e-20
5251.33478 1.910817391e-15 1e-20
5251.447178 1.94455916e-15 1e-20
5251.559576 1.977829555e-15 1e-20
5251.671974 1.996626063e-15 1e-20
5251.784372 2.014152445e-15 1e-20
5251.89677 1.992665337e-15 1e-20
5252.009168 1.970808076e-15 1e-20
5252.121566 1.937582996e-15 1e-20
5252.233964 1.904894301e-15 1e-20
5252.346362 1.888674255e-15 1e-20
5252.45876 1.873006052e-15 1e-20
5252.571158 1.874275119e-15 1e-20
5252.683556 1.876012595e-15 1e-20
5252.795954 1.892129091e-15 1e-20
5252.908352 1.908714631e-15 1e-20
5253.02075 1.939687873e-15 1e-20
5253.133148 1.970738195e-15 1e-20
5253.245546 2.004156186e-15 1e-20
5253.357944 2.036354873e-15 1e-20
5253.470342 2.031156208e-15 1e-20
5253.58274 2.02460335e-15 1e-20
5253.695138 1.976521525e-15 1e-20
5253.807536 1.929068621e-15 1e-20
5253.919934 1.900885929e-15 1e-20
5254.032332 1.874061031e-15 1e-20
5254.14473 1.888843238e-15 1e-20
5254.257128 1.903913225e-15 1e-20
5254.369526 1.927806754e-15 1e-20
5254.481924 1.951382222e-15 1e-20
5254.594322 1.965215329e-15 1e-20
5254.70672 1.978589132e-15 1e-20
5254.819118 1.977894988e-15 1e-20
5254.931516 1.97680041e-15 1e-20
5255.043914 1.963436771e-15 1e-20
5255.156312 1.949957301e-15 1e-20
5255.26871 1.932926221e-15 1e-20
5255.381108 1.916144804e-15 1e-20
5255.493506 1.907003625e-15 1e-20
5255.605904 1.898491155e-15 1e-20
5255.718302 1.909209722e-15 1e-20
5255.8307 1.920394157e-15 1e-20
5255.943098 1.945826109e-15 1e-20
5256.055496 1.97125785e-15 1e-20
5256.167894 1.996675826e-15 1e-20
5256.280292 2.02173212e-15 1e-20
5256.39269 2.035727222e-15 1e-20
5256.505088 2.049094249e-15 1e-20
5256.617486 2.043264333e-15 1e-20
5256.729884 2.036918362e-15 1e-20
5256.842282 2.014802755e-15 1e-20
5256.95468 1.992455061e-15 1e-20
5257.067078 1.963018549e-15 1e-20
5257.179476 1.933689186e-15 1e-20
5257.291874 1.907634029e-15 1e-20
5257.404272 1.881991377e-15 1e-20
5257.51667 1.868946858e-15 1e-20
5257.629068 1.85625894e-15 1e-20
5257.741466 1.854456242e-15 1e-20
5257.853864 1.852880337e-15 1e-20
5257.966262 1.858219397e-15 1e-20
5258.07866 1.863866143e-15 1e-20
5258.191058 1.878907754e-15 1e-20
5258.303456 1.894251544e-15 1e-20
5258.415854 1.918819099e-15 1e-20
5258.528252 1.943332233e-15 1e-20
5258.64065 1.966179252e-15 1e-20
5258.753048 1.988679835e-15 1e-20
5258.865446 2.000614953e-15 1e-20
5258.977844 2.012188176e-15 1e-20
5259.090242 2.012729642e-15 1e-20
5259.20264 2.012990952e-15 1e-20
5259.315038 2.004707816e-15 1e-20
5259.427436 1.996389741e-15 1e-20
5259.539834 1.987003345e-15 1e-20
5259.652232 1.977711394e-15 1e-20
5259.76463 1.971303378e-15 1e-20
5259.877028 1.964815953e-15 1e-20
5259.989426 1.955906225e-15 1e-20
5260.101824 1.946973204e-15 1e-20
5260.214222 1.937319146e-15 1e-20
5260.32662 1.928069334e-15 1e-20
5260.439018 1.931130299e-15 1e-20
5260.551416 1.934572853e-15 1e-20
5260.663814 1.94963204e-15 1e-20
5260.776212 1.964570737e-15 1e-20
5260.88861 1.975849827e-15 1e-20
5261.001008 1.986662415e-15 1e-20
5261.113406 1.983280424e-15 1e-20
5261.225804 1.979182479e-15 1e-20
5261.338202 1.95330541e-15 1e-20
5261.4506 1.927307851e-15 1e-20
5261.562998 1.897644758e-15 1e-20
5261.675396 1.869023091e-15 1e-20
5261.787794 1.872071139e-15 1e-20
5261.900192 1.876139862e-15 1e-20
5262.01259 1.911247472e-15 1e-20
5262.124988 1.9467138e-15 1e-20
5262.237386 1.993081019e-15 1e-20
5262.349784 2.038589558e-15 1e-20
5262.462182 2.058005671e-15 1e-20
5262.57458 2.075250203e-15 1e-20
5262.686978 2.026517644e-15 1e-20
5262.799376 1.977055155e-15 1e-20
5262.911774 1.905426449e-15 1e-20
5263.024172 1.83530038e-15 1e-20
5263.13657 1.810813293e-15 1e-20
5263.248968 1.787756844e-15 1e-20
5263.361366 1.80814048e-15 1e-20
5263.473764 1.82919179e-15 1e-20
5263.586162 1.870516622e-15 1e-20
5263.69856 1.911484641e-15 1e-20
5263.810958 1.941630755e-15 1e-20
5263.923356 1.970571542e-15 1e-20
5264.035754 1.962937445e-15 1e-20
5264.148152 1.954855481e-15 1e-20
5264.26055 1.933183296e-15 1e-20
5264.372948 1.911925521e-15 1e-20
5264.485346 1.903234116e-15 1e-20
5264.597744 1.895010909e-15 1e-20
5264.710142 1.90099202e-15 1e-20
5264.82254 1.907294581e-15 1e-20
5264.934938 1.923343526e-15 1e-20
5265.047336 1.939029517e-15 1e-20
5265.159734 1.943713609e-15 1e-20
5265.272132 1.947807955e-15 1e-20
5265.38453 1.934035411e-15 1e-20
5265.496928 1.920903435e-15 1e-20
5265.609326 1.927173385e-15 1e-20
5265.721724 1.934521608e-15 1e-20
5265.834122 1.974526762e-15 1e-20
5265.94652 2.014326087e-15 1e-20
5266.058918 2.047891674e-15 1e-20
5266.171316 2.080495666e-15 1e-20
5266.283714 2.083990312e-15 1e-20
5266.396112 2.08665656e-15 1e-20
5266.50851 2.06425508e-15 1e-20
5266.620908 2.041356603e-15 1e-20
5266.733306 2.003420326e-15 1e-20
5266.845704 1.965551177e-15 1e-20
5266.958102 1.929704955e-15 1e-20
5267.0705 1.894449114e-15 1e-20
5267.182898 1.877044916e-15 1e-20
5267.295296 1.860693157e-15 1e-20
5267.407694 1.876163155e-15 1e-20
5267.520092 1.892225864e-15 1e-20
5267.63249 1.926203956e-15 1e-20
5267.744888 1.959593783e-15 1e-20
5267.857286 1.97519973e-15 1e-20
5267.969684 1.99009671e-15 1e-20
5268.082082 1.983565239e-15 1e-20
5268.19448 1.976852291e-15 1e-20
5268.306878 1.96465671e-15 1e-20
5268.419276 1.952626513e-15 1e-20
5268.531674 1.94558894e-15 1e-20
5268.644072 1.938991189e-15 1e-20
5268.75647 1.945671738e-15 1e-20
5268.868868 1.952401203e-15 1e-20
5268.981266 1.960613187e-15 1e-20
5269.093664 1.968272694e-15 1e-20
5269.206062 1.959250734e-15 1e-20
5269.31846 1.950016381e-15 1e-20
5269.430858 1.934374859e-15 1e-20
5269.543256 1.919067703e-15 1e-20
5269.655654 1.913851674e-15 1e-20
5269.768052 1.90881564e-15 1e-20
5269.88045 1.909209087e-15 1e-20
5269.992848 1.909522277e-15 1e-20
5270.105246 1.907411683e-15 1e-20
5270.217644 1.905340264e-15 1e-20
5270.330042 1.904442621e-15 1e-20
5270.44244 1.903674573e-15 1e-20
5270.554838 1.906810078e-15 1e-20
5270.667236 1.909668179e-15 1e-20
5270.779634 1.9041595e-15 1e-20
5270.892032 1.898200623e-15 1e-20
5271.00443 1.87866762e-15 1e-20
5271.116828 1.859505405e-15 1e-20
5271.229226 1.851517249e-15 1e-20
5271.341624 1.844470359e-15 1e-20
5271.454022 1.865765402e-15 1e-20
5271.56642 1.887748872e-15 1e-20
5271.678818 1.93046199e-15 1e-20
5271.791216 1.973367174e-15 1e-20
5271.903614 2.022053781e-15 1e-20
5272.016012 2.069930624e-15 1e-20
5272.12841 2.093433247e-15 1e-20
5272.240808 2.115978299e-15 1e-20
5272.353206 2.109709832e-15 1e-20
5272.465604 2.103999771e-15 1e-20
5272.578002 2.115089762e-15 1e-20
5272.6904 2.126885543e-15 1e-20
5272.802798 2.159906487e-15 1e-20
5272.915196 2.191827982e-15 1e-20
5273.027594 2.190674323e-15 1e-20
5273.139992 2.188124754e-15 1e-20
5273.25239 2.14359962e-15 1e-20
5273.364788 2.098939173e-15 1e-20
5273.477186 2.050210003e-15 1e-20
5273.589584 2.002000487e-15 1e-20
5273.701982 1.969412377e-15 1e-20
5273.81438 1.937542762e-15 1e-20
5273.926778 1.9272583e-15 1e-20
5274.039176 1.917530338e-15 1e-20
5274.151574 1.924525348e-15 1e-20
5274.263972 1.93159405e-15 1e-20
5274.37637 1.940872025e-15 1e-20
5274.488768 1.950093673e-15 1e-20
5274.601166 1.957623796e-15 1e-20
5274.713564 1.9651914e-15 1e-20
5274.825962 1.973891487e-15 1e-20
5274.93836 1.982120201e-15 1e-20
5275.050758 1.976204311e-15 1e-20
5275.163156 1.969210148e-15 1e-20
5275.275554 1.929867585e-15 1e-20
5275.387952 1.890434601e-15 1e-20
5275.50035 1.848291324e-15 1e-20
5275.612748 1.807383021e-15 1e-20
5275.725146 1.803509963e-15 1e-20
5275.837544 1.800851126e-15 1e-20
5275.949942 1.834599672e-15 1e-20
5276.06234 1.869087042e-15 1e-20
5276.174738 1.925722206e-15 1e-20
5276.287136 1.982166152e-15 1e-20
5276.399534 2.032871662e-15 1e-20
5276.511932 2.082540827e-15 1e-20
5276.62433 2.10114527e-15 1e-20
5276.736728 2.118800613e-15 1e-20
5276.849126 2.108013013e-15 1e-20
5276.961524 2.096641596e-15 1e-20
5277.073922 2.067781066e-15 1e-20
5277.18632 2.038962252e-15 1e-20
5277.298718 2.011395565e-15 1e-20
5277.411116 1.98440126e-15 1e-20
5277.523514 1.974537138e-15 1e-20
5277.635912 1.965365465e-15 1e-20
5277.74831 1.976918995e-15 1e-20
5277.860708 1.988984767e-15 1e-20
5277.973106 2.016380354e-15 1e-20
5278.085504 2.043588323e-15 1e-20
5278.197902 2.065178346e-15 1e-20
5278.3103 2.086109588e-15 1e-20
5278.422698 2.087335669e-15 1e-20
5278.535096 2.087857229e-15 1e-20
5278.647494 2.067310116e-15 1e-20
5278.759892 2.046529009e-15 1e-20
5278.87229 2.018750352e-15 1e-20
5278.984688 1.991975429e-15 1e-20
5279.097086 1.995198813e-15 1e-20
5279.209484 1.999533927e-15 1e-20
5279.321882 2.037088404e-15 1e-20
5279.43428 2.074589093e-15 1e-20
5279.546678 2.110475126e-15 1e-20
5279.659076 2.145478975e-15 1e-20
5279.771474 2.154121887e-15 1e-20
5279.883872 2.161288633e-15 1e-20
5279.99627 2.124359055e-15 1e-20
5280.108668 2.086823214e-15 1e-20
5280.221066 2.031189031e-15 1e-20
5280.333464 1.976894007e-15 1e-20
5280.445862 1.962574915e-15 1e-20
5280.55826 1.949374542e-15 1e-20
5280.670658 1.969564631e-15 1e-20
5280.783056 1.989453812e-15 1e-20
5280.895454 2.000368467e-15 1e-20
5281.007852 2.010801371e-15 1e-20
5281.12025 2.006867962e-15 1e-20
5281.232648 2.002778064e-15 1e-20
5281.345046 1.994027154e-15 1e-20
5281.457444 1.985242576e-15 1e-20
5281.569842 1.975458075e-15 1e-20
5281.68224 1.965737948e-15 1e-20
5281.794638 1.957942492e-15 1e-20
5281.907036 1.950456838e-15 1e-20
5282.019434 1.952206385e-15 1e-20
5282.131832 1.954440434e-15 1e-20
5282.24423 1.971119572e-15 1e-20
5282.356628 1.987715065e-15 1e-20
5282.469026 2.001822187e-15 1e-20
5282.581424 2.015298905e-15 1e-20
5282.693822 2.010000925e-15 1e-20
5282.80622 2.004512999e-15 1e-20
5282.918618 1.993369433e-15 1e-20
5283.031016 1.982508989e-15 1e-20
5283.143414 1.980078428e-15 1e-20
5283.255812 1.977853272e-15 1e-20
5283.36821 1.981741365e-15 1e-20
5283.480608 1.985731949e-15 1e-20
5283.593006 1.992773969e-15 1e-20
5283.705404 1.999959138e-15 1e-20
5283.817802 2.01140213e-15 1e-20
5283.9302 2.022888743e-15 1e-20
5284.042598 2.035670682e-15 1e-20
5284.154996 2.048089244e-15 1e-20
5284.267394 2.049694795e-15 1e-20
5284.379792 2.050716952e-15 1e-20
5284.49219 2.034394415e-15 1e-20
5284.604588 2.017582929e-15 1e-20
5284.716986 1.986238898e-15 1e-20
5284.829384 1.954804235e-15 1e-20
5284.941782 1.920677701e-15 1e-20
5285.05418 1.887302697e-15 1e-20
5285.166578 1.876263528e-15 1e-20
5285.278976 1.866181084e-15 1e-20
5285.391374 1.884515112e-15 1e-20
5285.503772 1.903280068e-15 1e-20
5285.61617 1.934848351e-15 1e-20
5285.728568 1.966051562e-15 1e-20
5285.840966 1.986424187e-15 1e-20
5285.953364 2.005326362e-15 1e-20
5286.065762 1.980568648e-15 1e-20
5286.17816 1.954923455e-15 1e-20
5286.290558 1.902925161e-15 1e-20
5286.402956 1.851928907e-15 1e-20
5286.515354 1.830666263e-15 1e-20
5286.627752 1.810608734e-15 1e-20
5286.74015 1.826306796e-15 1e-20
5286.852548 1.842388352e-15 1e-20
5286.964946 1.869843442e-15 1e-20
5287.077344 1.897327544e-15 1e-20
5287.189742 1.925671596e-15 1e-20
5287.30214 1.95386064e-15 1e-20
5287.414538 1.977452202e-15 1e-20
5287.526936 2.000708127e-15 1e-20
5287.639334 2.014012262e-15 1e-20
5287.751732 2.026877633e-15 1e-20
5287.86413 2.026744649e-15 1e-20
5287.976528 2.026352473e-15 1e-20
5288.088926 2.018280884e-15 1e-20
5288.201324 2.010201249e-15 1e-20
5288.313722 2.001878303e-15 1e-20
5288.42612 1.993540534e-15 1e-20
5288.538518 1.984769084e-15 1e-20
5288.650916 1.975939189e-15 1e-20
5288.763314 1.965382618e-15 1e-20
5288.875712 1.954753201e-15 1e-20
5288.98811 1.941965121e-15 1e-20
5289.100508 1.929159466e-15 1e-20
5289.212906 1.91583352e-15 1e-20
5289.325304 1.902917114e-15 1e-20
5289.437702 1.902125562e-15 1e-20
5289.5501 1.902000625e-15 1e-20
5289.662498 1.921594614e-15 1e-20
5289.774896 1.941509841e-15 1e-20
5289.887294 1.970924966e-15 1e-20
5289.999692 2.000192072e-15 1e-20
5290.11209 2.025081712e-15 1e-20
5290.224488 2.0491546e-15 1e-20
5290.336886 2.049082602e-15 1e-20
5290.449284 2.048015552e-15 1e-20
5290.561682 2.017533378e-15 1e-20
5290.67408 1.986872479e-15 1e-20
5290.786478 1.950924401e-15 1e-20
5290.898876 1.915509106e-15 1e-20
5291.011274 1.89584206e-15 1e-20
5291.123672 1.877163501e-15 1e-20
5291.23607 1.887684074e-15 1e-20
5291.348468 1.899112242e-15 1e-20
5291.460866 1.937346886e-15 1e-20
5291.573264 1.975672374e-15 1e-20
5291.685662 2.016682956e-15 1e-20
5291.79806 2.057317668e-15 1e-20
5291.910458 2.086854766e-15 1e-20
5292.022856 2.115977664e-15 1e-20
5292.135254 2.132873219e-15 1e-20
5292.247652 2.149278553e-15 1e-20
5292.36005 2.151216564e-15 1e-20
5292.472448 2.152601887e-15 1e-20
5292.584846 2.137683307e-15 1e-20
5292.697244 2.122448784e-15 1e-20
5292.809642 2.097894358e-15 1e-20
5292.92204 2.073417435e-15 1e-20
5293.034438 2.051232795e-15 1e-20
5293.146836 2.029341864e-15 1e-20
5293.259234 2.016105703e-15 1e-20
5293.371632 2.003283107e-15 1e-20
5293.48403 2.002644444e-15 1e-20
5293.596428 2.001921501e-15 1e-20
5293.708826 1.998705529e-15 1e-20
5293.821224 1.994735062e-15 1e-20
5293.933622 1.968536968e-15 1e-20
5294.04602 1.942396473e-15 1e-20
5294.158418 1.917951949e-15 1e-20
5294.270816 1.894665955e-15 1e-20
5294.383214 1.905505435e-15 1e-20
5294.495612 1.91700306e-15 1e-20
5294.60801 1.947878258e-15 1e-20
5294.720408 1.978607131e-15 1e-20
5294.832806 2.005030112e-15 1e-20
5294.945204 2.03121783e-15 1e-20
5295.057602 2.050476818e-15 1e-20
5295.17 2.069510072e-15 1e-20
5295.282398 2.081898141e-15 1e-20
5295.394796 2.093989536e-15 1e-20
5295.507194 2.097355221e-15 1e-20
5295.619592 2.100419575e-15 1e-20
5295.73199 2.094627564e-15 1e-20
5295.844388 2.08863057e-15 1e-20
5295.956786 2.076605455e-15 1e-20
5296.069184 2.064515754e-15 1e-20
5296.181582 2.050522558e-15 1e-20
5296.29398 2.036665522e-15 1e-20
5296.406378 2.026806694e-15 1e-20
5296.518776 2.017209176e-15 1e-20
5296.631174 2.015302716e-15 1e-20
5296.743572 2.013633214e-15 1e-20
5296.85597 2.018929288e-15 1e-20
5296.968368 2.024335052e-15 1e-20
5297.080766 2.032964624e-15 1e-20
5297.193164 2.041426271e-15 1e-20
5297.305562 2.044956281e-15 1e-20
5297.41796 2.048202535e-15 1e-20
5297.530358 2.04311589e-15 1e-20
5297.642756 2.037853486e-15 1e-20
5297.755154 2.027428628e-15 1e-20
5297.867552 2.017031722e-15 1e-20
5297.97995 2.007464697e-15 1e-20
5298.092348 1.998254272e-15 1e-20
5298.204746 1.999505764e-15 1e-20
5298.317144 2.000986589e-15 1e-20
5298.429542 2.009192009e-15 1e-20
5298.54194 2.017117273e-15 1e-20
5298.654338 2.016821235e-15 1e-20
5298.766736 2.016058058e-15 1e-20
5298.879134 2.001593912e-15 1e-20
5298.991532 1.986674273e-15 1e-20
5299.10393 1.958396078e-15 1e-20
5299.216328 1.930319265e-15 1e-20
5299.328726 1.908138649e-15 1e-20
5299.441124 1.887130749e-15 1e-20
5299.553522 1.900488883e-15 1e-20
5299.66592 1.914517654e-15 1e-20
5299.778318 1.948199707e-15 1e-20
5299.890716 1.981452527e-15 1e-20
5300.003114 2.00212966e-15 1e-20
5300.115512 2.022398523e-15 1e-20
5300.22791 2.030711516e-15 1e-20
5300.340308 2.038978558e-15 1e-20
5300.452706 2.045899664e-15 1e-20
5300.565104 2.052819923e-15 1e-20
5300.677502 2.059720489e-15 1e-20
5300.7899 2.066601361e-15 1e-20
5300.902298 2.072910486e-15 1e-20
5301.014696 2.079034322e-15 1e-20
5301.127094 2.079742442e-15 1e-20
5301.239492 2.080121701e-15 1e-20
5301.35189 2.070885654e-15 1e-20
5301.464288 2.061424719e-15 1e-20
5301.576686 2.045385091e-15 1e-20
5301.689084 2.029295912e-15 1e-20
5301.801482 2.011756401e-15 1e-20
5301.91388 1.994384391e-15 1e-20
5302.026278 1.981908231e-15 1e-20
5302.138676 1.969808365e-15 1e-20
5302.251074 1.968698752e-15 1e-20
5302.363472 1.96822526e-15 1e-20
5302.47587 1.986334189e-15 1e-20
5302.588268 2.004994325e-15 1e-20
5302.700666 2.039751475e-15 1e-20
5302.813064 2.074248374e-15 1e-20
5302.925462 2.101146964e-15 1e-20
5303.03786 2.127159134e-15 1e-20
5303.150258 2.127286189e-15 1e-20
5303.262656 2.126219351e-15 1e-20
5303.375054 2.090298378e-15 1e-20
5303.487452 2.053706343e-15 1e-20
5303.59985 1.997533659e-15 1e-20
5303.712248 1.942492399e-15 1e-20
5303.824646 1.920467213e-15 1e-20
5303.937044 1.900036143e-15 1e-20
5304.049442 1.926113112e-15 1e-20
5304.16184 1.952583738e-15 1e-20
5304.274238 1.990531873e-15 1e-20
5304.386636 2.028113243e-15 1e-20
5304.499034 2.055001033e-15 1e-20
5304.611432 2.081109976e-15 1e-20
5304.72383 2.08451759e-15 1e-20
5304.836228 2.087483264e-15 1e-20
5304.948626 2.077569167e-15 1e-20
5305.061024 2.068218347e-15 1e-20
5305.173422 2.075284507e-15 1e-20
5305.28582 2.082496358e-15 1e-20
5305.398218 2.09396349e-15 1e-20
5305.510616 2.104365266e-15 1e-20
5305.623014 2.083732814e-15 1e-20
5305.735412 2.062488381e-15 1e-20
5305.84781 2.023423221e-15 1e-20
5305.960208 1.984867128e-15 1e-20
5306.072606 1.961137712e-15 1e-20
5306.185004 1.938284551e-15 1e-20
5306.297402 1.940953129e-15 1e-20
5306.4098 1.944531208e-15 1e-20
5306.522198 1.974589442e-15 1e-20
5306.634596 2.004299123e-15 1e-20
5306.746994 2.023866643e-15 1e-20
5306.859392 2.041762331e-15 1e-20
5306.97179 2.011016306e-15 1e-20
5307.084188 1.98003057e-15 1e-20
5307.196586 1.942071848e-15 1e-20
5307.308984 1.905534446e-15 1e-20
5307.421382 1.910328864e-15 1e-20
5307.53378 1.91602029e-15 1e-20
5307.646178 1.947788896e-15 1e-20
5307.758576 1.979598372e-15 1e-20
5307.870974 2.012594964e-15 1e-20
5307.983372 2.044734358e-15 1e-20
5308.09577 2.051961879e-15 1e-20
5308.208168 2.057948072e-15 1e-20
5308.320566 2.027858921e-15 1e-20
5308.432964 1.998107736e-15 1e-20
5308.545362 1.978173662e-15 1e-20
5308.65776 1.959539784e-15 1e-20
5308.770158 1.978673412e-15 1e-20
5308.882556 1.997892378e-15 1e-20
5308.994954 2.019591456e-15 1e-20
5309.107352 2.040590885e-15 1e-20
5309.21975 2.04128037e-15 1e-20
5309.332148 2.041564337e-15 1e-20
5309.444546 2.030075394e-15 1e-20
5309.556944 2.018537323e-15 1e-20
5309.669342 2.005578354e-15 1e-20
5309.78174 1.993118712e-15 1e-20
5309.894138 1.995151167e-15 1e-20
5310.006536 1.99762048e-15 1e-20
5310.118934 2.012760982e-15 1e-20
5310.231332 2.027342231e-15 1e-20
5310.34373 2.025696658e-15 1e-20
5310.456128 2.023600463e-15 1e-20
5310.568526 2.008434973e-15 1e-20
5310.680924 1.994106776e-15 1e-20
5310.793322 2.004056872e-15 1e-20
5310.90572 2.014697935e-15 1e-20
5311.018118 2.045372174e-15 1e-20
5311.130516 2.075490125e-15 1e-20
5311.242914 2.089495179e-15 1e-20
5311.355312 2.102790632e-15 1e-20
5311.46771 2.095524571e-15 1e-20
5311.580108 2.088014354e-15 1e-20
5311.692506 2.073429293e-15 1e-20
5311.804904 2.059171188e-15 1e-20
5311.917302 2.054382064e-15 1e-20
5312.0297 2.05055051e-15 1e-20
5312.142098 2.074438533e-15 1e-20
5312.254496 2.098305381e-15 1e-20
5312.366894 2.121556435e-15 1e-20
5312.479292 2.143310359e-15 1e-20
5312.59169 2.121735794e-15 1e-20
5312.704088 2.099708279e-15 1e-20
5312.816486 2.064570599e-15 1e-20
5312.928884 2.030574085e-15 1e-20
5313.041282 2.029586021e-15 1e-20
5313.15368 2.028931476e-15 1e-20
5313.266078 2.037924637e-15 1e-20
5313.378476 2.046166479e-15 1e-20
5313.490874 2.032689973e-15 1e-20
5313.603272 2.019279324e-15 1e-20
5313.71567 2.00777577e-15 1e-20
5313.828068 1.997151435e-15 1e-20
5313.940466 2.011937454e-15 1e-20
5314.052864 2.026993041e-15 1e-20
5314.165262 2.049836673e-15 1e-20
5314.27766 2.072328574e-15 1e-20
5314.390058 2.084663703e-15 1e-20
5314.502456 2.096515812e-15 1e-20
5314.614854 2.094417288e-15 1e-20
5314.727252 2.09196301e-15 1e-20
5314.83965 2.07923761e-15 1e-20
5314.952048 2.067024666e-15 1e-20
5315.064446 2.069613198e-15 1e-20
5315.176844 2.073009165e-15 1e-20
5315.289242 2.099714208e-15 1e-20
5315.40164 2.126005687e-15 1e-20
5315.514038 2.140361413e-15 1e-20
5315.626436 2.15388133e-15 1e-20
5315.738834 2.143290665e-15 1e-20
5315.851232 2.132985874e-15 1e-20
5315.96363 2.13092229e-15 1e-20
5316.076028 2.129523415e-15 1e-20
5316.188426 2.147289508e-15 1e-20
5316.300824 2.165107481e-15 1e-20
5316.413222 2.184423432e-15 1e-20
5316.52562 2.203258057e-15 1e-20
5316.638018 2.208211082e-15 1e-20
5316.750416 2.212184937e-15 1e-20
5316.862814 2.187935866e-15 1e-20
5316.975212 2.16297317e-15 1e-20
5317.08761 2.117445361e-15 1e-20
5317.200008 2.072110887e-15 1e-20
5317.312406 2.032339302e-15 1e-20
5317.424804 1.993402468e-15 1e-20
5317.537202 1.978511417e-15 1e-20
5317.6496 1.964912726e-15 1e-20
5317.761998 1.988536899e-15 1e-20
5317.874396 2.012593905e-15 1e-20
5317.986794 2.049114366e-15 1e-20
5318.099192 2.084527331e-15 1e-20
5318.21159 2.088048659e-15 1e-20
5318.323988 2.090883043e-15 1e-20
5318.436386 2.073941537e-15 1e-20
5318.548784 2.05749491e-15 1e-20
5318.661182 2.055288389e-15 1e-20
5318.77358 2.053640486e-15 1e-20
5318.885978 2.068065034e-15 1e-20
5318.998376 2.082745597e-15 1e-20
5319.110774 2.104789206e-15 1e-20
5319.223172 2.126472402e-15 1e-20
5319.33557 2.137789398e-15 1e-20
5319.447968 2.148193715e-15 1e-20
5319.560366 2.13235547e-15 1e-20
5319.672764 2.115952889e-15 1e-20
5319.785162 2.083322215e-15 1e-20
5319.89756 2.050724575e-15 1e-20
5320.009958 2.019073072e-15 1e-20
5320.122356 1.988579039e-15 1e-20
5320.234754 1.991348201e-15 1e-20
5320.347152 1.995813547e-15 1e-20
5320.45955 2.049008275e-15 1e-20
5320.571948 2.101642479e-15 1e-20
5320.684346 2.138183268e-15 1e-20
5320.796744 2.172739036e-15 1e-20
5320.909142 2.150306427e-15 1e-20
5321.02154 2.128185738e-15 1e-20
5321.133938 2.11501967e-15 1e-20
5321.246336 2.103426965e-15 1e-20
5321.358734 2.136985987e-15 1e-20
5321.471132 2.170153044e-15 1e-20
5321.58353 2.192071293e-15 1e-20
5321.695928 2.212754355e-15 1e-20
5321.808326 2.198007723e-15 1e-20
5321.920724 2.183492755e-15 1e-20
5322.033122 2.17561916e-15 1e-20
5322.14552 2.168586669e-15 1e-20
5322.257918 2.185669206e-15 1e-20
5322.370316 2.202994206e-15 1e-20
5322.482714 2.227268264e-15 1e-20
5322.595112 2.251208168e-15 1e-20
5322.70751 2.265569188e-15 1e-20
5322.819908 2.278921604e-15 1e-20
5322.932306 2.263372197e-15 1e-20
5323.044704 2.247173539e-15 1e-20
5323.157102 2.212378907e-15 1e-20
5323.2695 2.178300443e-15 1e-20
5323.381898 2.164734363e-15 1e-20
5323.494296 2.151983764e-15 1e-20
5323.606694 2.16258777e-15 1e-20
5323.719092 2.173235609e-15 1e-20
5323.83149 2.185134093e-15 1e-20
5323.943888 2.196451935e-15 1e-20
5324.056286 2.191149509e-15 1e-20
5324.168684 2.184714388e-15 1e-20
5324.281082 2.145864375e-15 1e-20
5324.39348 2.106937917e-15 1e-20
5324.505878 2.065831408e-15 1e-20
5324.618276 2.026319862e-15 1e-20
5324.730674 2.03244751e-15 1e-20
5324.843072 2.039797003e-15 1e-20
5324.95547 2.082103334e-15 1e-20
5325.067868 2.124552391e-15 1e-20
5325.180266 2.171088381e-15 1e-20
5325.292664 2.216775644e-15 1e-20
5325.405062 2.238186731e-15 1e-20
5325.51746 2.258032501e-15 1e-20
5325.629858 2.233136509e-15 1e-20
5325.742256 2.208388959e-15 1e-20
5325.854654 2.187890973e-15 1e-20
5325.967052 2.169257519e-15 1e-20
5326.07945 2.203900108e-15 1e-20
5326.191848 2.238825394e-15 1e-20
5326.304246 2.281826504e-15 1e-20
5326.416644 2.323503913e-15 1e-20
5326.529042 2.327375065e-15 1e-20
5326.64144 2.330522216e-15 1e-20
5326.753838 2.313005151e-15 1e-20
5326.866236 2.29544637e-15 1e-20
5326.978634 2.276694331e-15 1e-20
5327.091032 2.258039913e-15 1e-20
5327.20343 2.242172444e-15 1e-20
5327.315828 2.226535793e-15 1e-20
5327.428226 2.217493292e-15 1e-20
5327.540624 2.208806546e-15 1e-20
5327.653022 2.210266407e-15 1e-20
5327.76542 2.211995625e-15 1e-20
5327.877818 2.22140362e-15 1e-20
5327.990216 2.230572963e-15 1e-20
5328.102614 2.232933009e-15 1e-20
5328.215012 2.234978805e-15 1e-20
5328.32741 2.228067863e-15 1e-20
5328.439808 2.221578956e-15 1e-20
5328.552206 2.227127022e-15 1e-20
5328.664604 2.233055193e-15 1e-20
5328.777002 2.249819246e-15 1e-20
5328.8894 2.265906519e-15 1e-20
5329.001798 2.262709605e-15 1e-20
5329.114196 2.25873935e-15 1e-20
5329.226594 2.232739674e-15 1e-20
5329.338992 2.206710986e-15 1e-20
5329.45139 2.179851783e-15 1e-20
5329.563788 2.153791756e-15 1e-20
5329.676186 2.150482187e-15 1e-20
5329.788584 2.148970868e-15 1e-20
5329.900982 2.198654009e-15 1e-20
5330.01338 2.248706245e-15 1e-20
5330.125778 2.309264018e-15 1e-20
5330.238176 2.367302292e-15 1e-20
5330.350574 2.353642827e-15 1e-20
5330.462972 2.338320213e-15 1e-20
5330.57537 2.275681068e-15 1e-20
5330.687768 2.213998434e-15 1e-20
5330.800166 2.179529276e-15 1e-20
5330.912564 2.146220129e-15 1e-20
5331.024962 2.145897621e-15 1e-20
5331.13736 2.146031452e-15 1e-20
5331.249758 2.15914564e-15 1e-20
5331.362156 2.172891078e-15 1e-20
5331.474554 2.204585146e-15 1e-20
5331.586952 2.237081988e-15 1e-20
5331.69935 2.292393028e-15 1e-20
5331.811748 2.346714098e-15 1e-20
5331.924146 2.372898215e-15 1e-20
5332.036544 2.396485965e-15 1e-20
5332.148942 2.346312816e-15 1e-20
5332.26134 2.295627211e-15 1e-20
5332.373738 2.230383016e-15 1e-20
5332.486136 2.166791594e-15 1e-20
5332.598534 2.150137444e-15 1e-20
5332.710932 2.134550556e-15 1e-20
5332.82333 2.149263094e-15 1e-20
5332.935728 2.164151181e-15 1e-20
5333.048126 2.184020668e-15 1e-20
5333.160524 2.20327288e-15 1e-20
5333.272922 2.205005909e-15 1e-20
5333.38532 2.205778403e-15 1e-20
5333.497718 2.179294224e-15 1e-20
5333.610116 2.152894113e-15 1e-20
5333.722514 2.128872047e-15 1e-20
5333.834912 2.105699131e-15 1e-20
5333.94731 2.10661308e-15 1e-20
5334.059708 2.108403919e-15 1e-20
5334.172106 2.135056023e-15 1e-20
5334.284504 2.162036775e-15 1e-20
5334.396902 2.198334889e-15 1e-20
5334.5093 2.233327938e-15 1e-20
5334.621698 2.231328305e-15 1e-20
5334.734096 2.227893798e-15 1e-20
5334.846494 2.183790698e-15 1e-20
5334.958892 2.14026464e-15 1e-20
5335.07129 2.11309267e-15 1e-20
5335.183688 2.087213272e-15 1e-20
5335.296086 2.097952803e-15 1e-20
5335.408484 2.109364878e-15 1e-20
5335.520882 2.139825453e-15 1e-20
5335.63328 2.170135892e-15 1e-20
5335.745678 2.196192955e-15 1e-20
5335.858076 2.22095554e-15 1e-20
5335.970474 2.209068914e-15 1e-20
5336.082872 2.196634471e-15 1e-20
5336.19527 2.168691277e-15 1e-20
5336.307668 2.142251779e-15 1e-20
5336.420066 2.158358322e-15 1e-20
5336.532464 2.17525303e-15 1e-20
5336.644862 2.214445668e-15 1e-20
5336.75726 2.252353145e-15 1e-20
5336.869658 2.253909568e-15 1e-20
5336.982056 2.254433882e-15 1e-20
5337.094454 2.225764781e-15 1e-20
5337.206852 2.197187795e-15 1e-20
5337.31925 2.171218188e-15 1e-20
5337.431648 2.145601583e-15 1e-20
5337.544046 2.129962602e-15 1e-20
5337.656444 2.114693774e-15 1e-20
5337.768842 2.10989025e-15 1e-20
5337.88124 2.104988259e-15 1e-20
5337.993638 2.097304399e-15 1e-20
5338.106036 2.089068486e-15 1e-20
5338.218434 2.065242932e-15 1e-20
5338.330832 2.042081663e-15 1e-20
5338.44323 2.037683656e-15 1e-20
5338.555628 2.034936728e-15 1e-20
5338.668026 2.078816847e-15 1e-20
5338.780424 2.122235967e-15 1e-20
5338.892822 2.152634497e-15 1e-20
5339.00522 2.181019207e-15 1e-20
5339.117618 2.152556994e-15 1e-20
5339.230016 2.12458966e-15 1e-20
5339.342414 2.110585664e-15 1e-20
5339.454812 2.098740967e-15 1e-20
5339.56721 2.147819539e-15 1e-20
5339.679608 2.197020083e-15 1e-20
5339.792006 2.249653228e-15 1e-20
5339.904404 2.300930696e-15 1e-20
5340.016802 2.313977333e-15 1e-20
5340.1292 2.325944215e-15 1e-20
5340.241598 2.307469155e-15 1e-20
5340.353996 2.288450936e-15 1e-20
5340.466394 2.254123867e-15 1e-20
5340.578792 2.22030523e-15 1e-20
5340.69119 2.200817755e-15 1e-20
5340.803588 2.182127761e-15 1e-20
5340.915986 2.185912304e-15 1e-20
5341.028384 2.189447396e-15 1e-20
5341.140782 2.185957409e-15 1e-20
5341.25318 2.1821843e-15 1e-20
5341.365578 2.170441247e-15 1e-20
5341.477976 2.159633319e-15 1e-20
5341.590374 2.175154351e-15 1e-20
5341.702772 2.191511827e-15 1e-20
5341.81517 2.231418938e-15 1e-20
5341.927568 2.270819522e-15 1e-20
5342.039966 2.295964119e-15 1e-20
5342.152364 2.320835124e-15 1e-20
5342.264762 2.338006811e-15 1e-20
5342.37716 2.35629044e-15 1e-20
5342.489558 2.405869185e-15 1e-20
5342.601956 2.455349461e-15 1e-20
5342.714354 2.502062693e-15 1e-20
5342.826752 2.546183792e-15 1e-20
5342.93915 2.517402672e-15 1e-20
5343.051548 2.486983601e-15 1e-20
5343.163946 2.410503302e-15 1e-20
5343.276344 2.334734723e-15 1e-20
5343.388742 2.278969885e-15 1e-20
5343.50114 2.224726954e-15 1e-20
5343.613538 2.213255375e-15 1e-20
5343.725936 2.203447369e-15 1e-20
5343.838334 2.240390499e-15 1e-20
5343.950732 2.277354805e-15 1e-20
5344.06313 2.31491034e-15 1e-20
5344.175528 2.350638401e-15 1e-20
5344.287926 2.335025678e-15 1e-20
5344.400324 2.318871066e-15 1e-20
5344.512722 2.287492519e-15 1e-20
5344.62512 2.257109447e-15 1e-20
5344.737518 2.254682486e-15 1e-20
5344.849916 2.251965839e-15 1e-20
5344.962314 2.241115347e-15 1e-20
5345.074712 2.228942849e-15 1e-20
5345.18711 2.179667554e-15 1e-20
5345.299508 2.130829963e-15 1e-20
5345.411906 2.094271386e-15 1e-20
5345.524304 2.059418098e-15 1e-20
5345.636702 2.072411795e-15 1e-20
5345.7491 2.085887666e-15 1e-20
5345.861498 2.112892135e-15 1e-20
5345.973896 2.139455723e-15 1e-20
5346.086294 2.15365136e-15 1e-20
5346.198692 2.167744083e-15 1e-20
5346.31109 2.178955623e-15 1e-20
5346.423488 2.190233655e-15 1e-20
5346.535886 2.203373677e-15 1e-20
5346.648284 2.216413325e-15 1e-20
5346.760682 2.226640825e-15 1e-20
5346.87308 2.23664746e-15 1e-20
5346.985478 2.240461014e-15 1e-20
5347.097876 2.243884298e-15 1e-20
5347.210274 2.236377257e-15 1e-20
5347.322672 2.228762642e-15 1e-20
5347.43507 2.218133649e-15 1e-20
5347.547468 2.20828075e-15 1e-20
5347.659866 2.220164199e-15 1e-20
5347.772264 2.232738615e-15 1e-20
5347.884662 2.26465164e-15 1e-20
5347.99706 2.296254016e-15 1e-20
5348.109458 2.31915821e-15 1e-20
5348.221856 2.341247771e-15 1e-20
5348.334254 2.340544733e-15 1e-20
5348.446652 2.338874173e-15 1e-20
5348.55905 2.310129474e-15 1e-20
5348.671448 2.281154171e-15 1e-20
5348.783846 2.245721512e-15 1e-20
5348.896244 2.211332398e-15 1e-20
5349.008642 2.206127804e-15 1e-20
5349.12104 2.20175415e-15 1e-20
5349.233438 2.220615244e-15 1e-20
5349.345836 2.239351825e-15 1e-20
5349.458234 2.254605406e-15 1e-20
5349.570632 2.269664593e-15 1e-20
5349.68303 2.279294722e-15 1e-20
5349.795428 2.288960003e-15 1e-20
5349.907826 2.299613137e-15 1e-20
5350.020224 2.309391073e-15 1e-20
5350.132622 2.294719404e-15 1e-20
5350.24502 2.278306023e-15 1e-20
5350.357418 2.21323314e-15 1e-20
5350.469816 2.148416909e-15 1e-20
5350.582214 2.090761282e-15 1e-20
5350.694612 2.035467183e-15 1e-20
5350.80701 2.046117775e-15 1e-20
5350.919408 2.05806221e-15 1e-20
5351.031806 2.106126459e-15 1e-20
5351.144204 2.154038031e-15 1e-20
5351.256602 2.197693262e-15 1e-20
5351.369 2.240760864e-15 1e-20
5351.481398 2.267437955e-15 1e-20
5351.593796 2.293313541e-15 1e-20
5351.706194 2.296827669e-15 1e-20
5351.818592 2.299777249e-15 1e-20
5351.93099 2.28698684e-15 1e-20
5352.043388 2.273985096e-15 1e-20
5352.155786 2.255093508e-15 1e-20
5352.268184 2.236305682e-15 1e-20
5352.380582 2.22041365e-15 1e-20
5352.49298 2.204866149e-15 1e-20
5352.605378 2.198924636e-15 1e-20
5352.717776 2.193393511e-15 1e-20
5352.830174 2.19929966e-15 1e-20
5352.942572 2.205515188e-15 1e-20
5353.05497 2.220359864e-15 1e-20
5353.167368 2.235152024e-15 1e-20
5353.279766 2.248488134e-15 1e-20
5353.392164 2.261669025e-15 1e-20
5353.504562 2.270528566e-15 1e-20
5353.61696 2.279542056e-15 1e-20
5353.729358 2.292841532e-15 1e-20
5353.841756 2.306180183e-15 1e-20
5353.954154 2.320605154e-15 1e-20
5354.066552 2.334540964e-15 1e-20
5354.17895 2.334856484e-15 1e-20
5354.291348 2.334518729e-15 1e-20
5354.403746 2.315999624e-15 1e-20
5354.516144 2.296928042e-15 1e-20
5354.628542 2.262481753e-15 1e-20
5354.74094 2.228085651e-15 1e-20
5354.853338 2.195078048e-15 1e-20
5354.965736 2.163017215e-15 1e-20
5355.078134 2.157292755e-15 1e-20
5355.190532 2.152392246e-15 1e-20
5355.30293 2.170405884e-15 1e-20
5355.415328 2.188588928e-15 1e-20
5355.527726 2.211485076e-15 1e-20
5355.640124 2.233981848e-15 1e-20
5355.752522 2.245382911e-15 1e-20
5355.86492 2.255920213e-15 1e-20
5355.977318 2.242451118e-15 1e-20
5356.089716 2.228673492e-15 1e-20
5356.202114 2.206325587e-15 1e-20
5356.314512 2.184492889e-15 1e-20
5356.42691 2.176976742e-15 1e-20
5356.539308 2.169962462e-15 1e-20
5356.651706 2.176883568e-15 1e-20
5356.764104 2.184069161e-15 1e-20
5356.876502 2.198598105e-15 1e-20
5356.9889 2.213064581e-15 1e-20
5357.101298 2.225796121e-15 1e-20
5357.213696 2.238205154e-15 1e-20
5357.326094 2.241659142e-15 1e-20
5357.438492 2.245184705e-15 1e-20
5357.55089 2.250694231e-15 1e-20
5357.663288 2.256549982e-15 1e-20
5357.775686 2.27201405e-15 1e-20
5357.888084 2.287190128e-15 1e-20
5358.000482 2.294379744e-15 1e-20
5358.11288 2.300915873e-15 1e-20
5358.225278 2.289335451e-15 1e-20
5358.337676 2.277753546e-15 1e-20
5358.450074 2.266133948e-15 1e-20
5358.562472 2.254955654e-15 1e-20
5358.67487 2.256009151e-15 1e-20
5358.787268 2.257287324e-15 1e-20
5358.899666 2.264790342e-15 1e-20
5359.012064 2.272422532e-15 1e-20
5359.124462 2.283631531e-15 1e-20
5359.23686 2.295197766e-15 1e-20
5359.349258 2.31666031e-15 1e-20
5359.461656 2.338242074e-15 1e-20
5359.574054 2.363127267e-15 1e-20
5359.686452 2.387202484e-15 1e-20
5359.79885 2.388854622e-15 1e-20
5359.911248 2.389713514e-15 1e-20
5360.023646 2.368614982e-15 1e-20
5360.136044 2.347801053e-15 1e-20
5360.248442 2.334864954e-15 1e-20
5360.36084 2.32260267e-15 1e-20
5360.473238 2.328986122e-15 1e-20
5360.585636 2.335869958e-15 1e-20
5360.698034 2.356598549e-15 1e-20
5360.810432 2.377236718e-15 1e-20
5360.92283 2.395372329e-15 1e-20
5361.035228 2.412498488e-15 1e-20
5361.147626 2.401705806e-15 1e-20
5361.260024 2.390288861e-15 1e-20
5361.372422 2.361606419e-15 1e-20
5361.48482 2.333415045e-15 1e-20
5361.597218 2.318803939e-15 1e-20
5361.709616 2.304575691e-15 1e-20
5361.822014 2.300930273e-15 1e-20
5361.934412 2.297063144e-15 1e-20
5362.04681 2.287073661e-15 1e-20
5362.159208 2.277173963e-15 1e-20
5362.271606 2.26975946e-15 1e-20
5362.384004 2.262936186e-15 1e-20
5362.496402 2.272444767e-15 1e-20
5362.6088 2.282028733e-15 1e-20
5362.721198 2.293694706e-15 1e-20
5362.833596 2.30480206e-15 1e-20
5362.945994 2.300482616e-15 1e-20
5363.058392 2.295849134e-15 1e-20
5363.17079 2.282551564e-15 1e-20
5363.283188 2.269353096e-15 1e-20
5363.395586 2.258889063e-15 1e-20
5363.507984 2.249128279e-15 1e-20
5363.620382 2.25877429e-15 1e-20
5363.73278 2.269352038e-15 1e-20
5363.845178 2.305633212e-15 1e-20
5363.957576 2.341225324e-15 1e-20
5364.069974 2.357812347e-15 1e-20
5364.182372 2.372725844e-15 1e-20
5364.29477 2.341487904e-15 1e-20
5364.407168 2.310374902e-15 1e-20
5364.519566 2.282714406e-15 1e-20
5364.631964 2.256288672e-15 1e-20
5364.744362 2.263904557e-15 1e-20
5364.85676 2.27164665e-15 1e-20
5364.969158 2.282862213e-15 1e-20
5365.081556 2.293420055e-15 1e-20
5365.193954 2.285856686e-15 1e-20
5365.306352 2.277552799e-15 1e-20
5365.41875 2.248851723e-15 1e-20
5365.531148 2.219733695e-15 1e-20
5365.643546 2.179137099e-15 1e-20
5365.755944 2.139149945e-15 1e-20
5365.868342 2.115947383e-15 1e-20
5365.98074 2.093664487e-15 1e-20
5366.093138 2.096704488e-15 1e-20
5366.205536 2.100046033e-15 1e-20
5366.317934 2.111684054e-15 1e-20
5366.430332 2.123284806e-15 1e-20
5366.54273 2.1338598e-15 1e-20
5366.655128 2.144284658e-15 1e-20
5366.767526 2.150578113e-15 1e-20
5366.879924 2.156882156e-15 1e-20
5366.992322 2.163471649e-15 1e-20
5367.10472 2.170498846e-15 1e-20
5367.217118 2.189561746e-15 1e-20
5367.329516 2.208763347e-15 1e-20
5367.441914 2.231769821e-15 1e-20
5367.554312 2.254166854e-15 1e-20
5367.66671 2.259804917e-15 1e-20
5367.779108 2.265229952e-15 1e-20
5367.891506 2.264798388e-15 1e-20
5368.003904 2.265055675e-15 1e-20
5368.116302 2.284241183e-15 1e-20
5368.2287 2.30317131e-15 1e-20
5368.341098 2.315080805e-15 1e-20
5368.453496 2.325350444e-15 1e-20
5368.565894 2.290570213e-15 1e-20
5368.678292 2.255609775e-15 1e-20
5368.79069 2.2156925e-15 1e-20
5368.903088 2.177514396e-15 1e-20
5369.015486 2.187085868e-15 1e-20
5369.127884 2.197848057e-15 1e-20
5369.240282 2.241299577e-15 1e-20
5369.35268 2.284856976e-15 1e-20
5369.465078 2.331312498e-15 1e-20
5369.577476 2.376577727e-15 1e-20
5369.689874 2.389172895e-15 1e-20
5369.802272 2.399860121e-15 1e-20
5369.91467 2.358201559e-15 1e-20
5370.027068 2.317041475e-15 1e-20
5370.139466 2.289559279e-15 1e-20
5370.251864 2.264242311e-15 1e-20
5370.364262 2.298307435e-15 1e-20
5370.47666 2.332102144e-15 1e-20
5370.589058 2.358479174e-15 1e-20
5370.701456 2.382932591e-15 1e-20
5370.813854 2.354645502e-15 1e-20
5370.926252 2.325704716e-15 1e-20
5371.03865 2.278847065e-15 1e-20
5371.151048 2.232454224e-15 1e-20
5371.263446 2.198799487e-15 1e-20
5371.375844 2.166170719e-15 1e-20
5371.488242 2.161649892e-15 1e-20
5371.60064 2.158293736e-15 1e-20
5371.713038 2.186848276e-15 1e-20
5371.825436 2.216028137e-15 1e-20
5371.937834 2.262331828e-15 1e-20
5372.050232 2.308402374e-15 1e-20
5372.16263 2.348088832e-15 1e-20
5372.275028 2.386209126e-15 1e-20
5372.387426 2.381446684e-15 1e-20
5372.499824 2.37558818e-15 1e-20
5372.612222 2.339734546e-15 1e-20
5372.72462 2.305271952e-15 1e-20
5372.837018 2.30887396e-15 1e-20
5372.949416 2.313591721e-15 1e-20
5373.061814 2.348834856e-15 1e-20
5373.174212 2.382696693e-15 1e-20
5373.28661 2.378773024e-15 1e-20
5373.399008 2.37344434e-15 1e-20
5373.511406 2.329682595e-15 1e-20
5373.623804 2.285954307e-15 1e-20
5373.736202 2.243134674e-15 1e-20
5373.8486 2.201187696e-15 1e-20
5373.960998 2.183099096e-15 1e-20
5374.073396 2.166431182e-15 1e-20
5374.185794 2.188589775e-15 1e-20
5374.298192 2.211238166e-15 1e-20
5374.41059 2.2472737e-15 1e-20
5374.522988 2.282319265e-15 1e-20
5374.635386 2.290314832e-15 1e-20
5374.747784 2.297829285e-15 1e-20
5374.860182 2.292200116e-15 1e-20
5374.97258 2.287088484e-15 1e-20
5375.084978 2.296105997e-15 1e-20
5375.197376 2.304810531e-15 1e-20
5375.309774 2.304964903e-15 1e-20
5375.422172 2.3039059e-15 1e-20
5375.53457 2.269716262e-15 1e-20
5375.646968 2.235663843e-15 1e-20
5375.759366 2.205359757e-15 1e-20
5375.871764 2.176460899e-15 1e-20
5375.984162 2.18590701e-15 1e-20
5376.09656 2.195762874e-15 1e-20
5376.208958 2.216800843e-15 1e-20
5376.321356 2.237245042e-15 1e-20
5376.433754 2.241490159e-15 1e-20
5376.546152 2.245131554e-15 1e-20
5376.65855 2.232314675e-15 1e-20
5376.770948 2.219172535e-15 1e-20
5376.883346 2.19717149e-15 1e-20
5376.995744 2.175811013e-15 1e-20
5377.108142 2.171912544e-15 1e-20
5377.22054 2.16908176e-15 1e-20
5377.332938 2.195353969e-15 1e-20
5377.445336 2.221778644e-15 1e-20
5377.557734 2.252360768e-15 1e-20
5377.670132 2.282395498e-15 1e-20
5377.78253 2.297521177e-15 1e-20
5377.894928 2.311818034e-15 1e-20
5378.007326 2.303545487e-15 1e-20
5378.119724 2.294748838e-15 1e-20
5378.232122 2.271678837e-15 1e-20
5378.34452 2.249358037e-15 1e-20
5378.456918 2.247440566e-15 1e-20
5378.569316 2.24620051e-15 1e-20
5378.681714 2.263404172e-15 1e-20
5378.794112 2.279592454e-15 1e-20
5378.90651 2.268147345e-15 1e-20
5379.018908 2.255842497e-15 1e-20
5379.131306 2.220139212e-15 1e-20
5379.243704 2.185300323e-15 1e-20
5379.356102 2.173970198e-15 1e-20
5379.4685 2.163708818e-15 1e-20
5379.580898 2.182510832e-15 1e-20
5379.693296 2.201605707e-15 1e-20
5379.805694 2.228666292e-15 1e-20
5379.918092 2.25541411e-15 1e-20
5380.03049 2.273656659e-15 1e-20
5380.142888 2.291056622e-15 1e-20
5380.255286 2.285551754e-15 1e-20
5380.367684 2.279524903e-15 1e-20
5380.480082 2.259320838e-15 1e-20
5380.59248 2.239307991e-15 1e-20
5380.704878 2.224492114e-15 1e-20
5380.817276 2.209850726e-15 1e-20
5380.929674 2.199955687e-15 1e-20
5381.042072 2.190013638e-15 1e-20
5381.15447 2.178796169e-15 1e-20
5381.266868 2.167980617e-15 1e-20
5381.379266 2.168080567e-15 1e-20
5381.491664 2.168997903e-15 1e-20
5381.604062 2.192104962e-15 1e-20
5381.71646 2.215462531e-15 1e-20
5381.828858 2.245623257e-15 1e-20
5381.941256 2.275322985e-15 1e-20
5382.053654 2.292512883e-15 1e-20
5382.166052 2.308483266e-15 1e-20
5382.27845 2.291357742e-15 1e-20
5382.390848 2.272813861e-15 1e-20
5382.503246 2.215792662e-15 1e-20
5382.615644 2.159470053e-15 1e-20
5382.728042 2.122097901e-15 1e-20
5382.84044 2.086787427e-15 1e-20
5382.952838 2.107378374e-15 1e-20
5383.065236 2.128146563e-15 1e-20
5383.177634 2.153712982e-15 1e-20
5383.290032 2.178191599e-15 1e-20
5383.40243 2.173180128e-15 1e-20
5383.514828 2.167884478e-15 1e-20
5383.627226 2.154887393e-15 1e-20
5383.739624 2.142284178e-15 1e-20
5383.852022 2.14035019e-15 1e-20
5383.96442 2.139353868e-15 1e-20
5384.076818 2.163757946e-15 1e-20
5384.189216 2.188668126e-15 1e-20
5384.301614 2.227287323e-15 1e-20
5384.414012 2.26420123e-15 1e-20
5384.52641 2.254940195e-15 1e-20
5384.638808 2.244238993e-15 1e-20
5384.751206 2.194550346e-15 1e-20
5384.863604 2.146829781e-15 1e-20
5384.976002 2.152383987e-15 1e-20
5385.0884 2.159978273e-15 1e-20
5385.200798 2.222789366e-15 1e-20
5385.313196 2.284622348e-15 1e-20
5385.425594 2.319983855e-15 1e-20
5385.537992 2.353643674e-15 1e-20
5385.65039 2.341266829e-15 1e-20
5385.762788 2.32808742e-15 1e-20
5385.875186 2.293208297e-15 1e-20
5385.987584 2.258130122e-15 1e-20
5386.099982 2.217670958e-15 1e-20
5386.21238 2.177500844e-15 1e-20
5386.324778 2.145143126e-15 1e-20
5386.437176 2.113630324e-15 1e-20
5386.549574 2.104949295e-15 1e-20
5386.661972 2.097561897e-15 1e-20
5386.77437 2.125134514e-15 1e-20
5386.886768 2.152781246e-15 1e-20
5386.999166 2.182430364e-15 1e-20
5387.111564 2.210531529e-15 1e-20
5387.223962 2.196818489e-15 1e-20
5387.33636 2.182287638e-15 1e-20
5387.448758 2.145668498e-15 1e-20
5387.561156 2.109532167e-15 1e-20
5387.673554 2.086436755e-15 1e-20
5387.785952 2.064222045e-15 1e-20
5387.89835 2.065792656e-15 1e-20
5388.010748 2.068320202e-15 1e-20
5388.123146 2.096684371e-15 1e-20
5388.235544 2.125308156e-15 1e-20
5388.347942 2.160939232e-15 1e-20
5388.46034 2.196127733e-15 1e-20
5388.572738 2.219371164e-15 1e-20
5388.685136 2.242378273e-15 1e-20
5388.797534 2.259002354e-15 1e-20
5388.909932 2.275536013e-15 1e-20
5389.02233 2.289632547e-15 1e-20
5389.134728 2.302999574e-15 1e-20
5389.247126 2.296693414e-15 1e-20
5389.359524 2.289592313e-15 1e-20
5389.471922 2.261056832e-15 1e-20
5389.58432 2.233250646e-15 1e-20
5389.696718 2.22510346e-15 1e-20
5389.809116 2.218418888e-15 1e-20
5389.921514 2.251142947e-15 1e-20
5390.033912 2.284411648e-15 1e-20
5390.14631 2.332351172e-15 1e-20
5390.258708 2.379754312e-15 1e-20
5390.371106 2.412703047e-15 1e-20
5390.483504 2.443802285e-15 1e-20
5390.595902 2.425098315e-15 1e-20
5390.7083 2.404561789e-15 1e-20
5390.820698 2.334685171e-15 1e-20
5390.933096 2.264713685e-15 1e-20
5391.045494 2.192190301e-15 1e-20
5391.157892 2.120800246e-15 1e-20
5391.27029 2.079911637e-15 1e-20
5391.382688 2.040850712e-15 1e-20
5391.495086 2.050976356e-15 1e-20
5391.607484 2.06239436e-15 1e-20
5391.719882 2.108586455e-15 1e-20
5391.83228 2.154468324e-15 1e-20
5391.944678 2.192003953e-15 1e-20
5392.057076 2.228868733e-15 1e-20
5392.169474 2.247691923e-15 1e-20
5392.281872 2.266291496e-15 1e-20
5392.39427 2.278885605e-15 1e-20
5392.506668 2.291248475e-15 1e-20
5392.619066 2.297394969e-15 1e-20
5392.731464 2.303163263e-15 1e-20
5392.843862 2.29876568e-15 1e-20
5392.95626 2.293915781e-15 1e-20
5393.068658 2.276904183e-15 1e-20
5393.181056 2.259431799e-15 1e-20
5393.293454 2.2295777e-15 1e-20
5393.405852 2.199485795e-15 1e-20
5393.51825 2.163005569e-15 1e-20
5393.630648 2.126601787e-15 1e-20
5393.743046 2.092245495e-15 1e-20
5393.855444 2.058596476e-15 1e-20
5393.967842 2.043933489e-15 1e-20
5394.08024 2.030450418e-15 1e-20
5394.192638 2.048643415e-15 1e-20
5394.305036 2.067361996e-15 1e-20
5394.417434 2.100183464e-15 1e-20
5394.529832 2.132736846e-15 1e-20
5394.64223 2.158093625e-15 1e-20
5394.754628 2.182700779e-15 1e-20
5394.867026 2.1872017e-15 1e-20
5394.979424 2.190856436e-15 1e-20
5395.091822 2.171808782e-15 1e-20
5395.20422 2.153120482e-15 1e-20
5395.316618 2.144065489e-15 1e-20
5395.429016 2.136068862e-15 1e-20
5395.541414 2.156452498e-15 1e-20
5395.653812 2.176668845e-15 1e-20
5395.76621 2.192403329e-15 1e-20
5395.878608 2.20728591e-15 1e-20
5395.991006 2.199329306e-15 1e-20
5396.103404 2.191299222e-15 1e-20
5396.215802 2.181300845e-15 1e-20
5396.3282 2.171673257e-15 1e-20
5396.440598 2.171983059e-15 1e-20
5396.552996 2.17254803e-15 1e-20
5396.665394 2.179940087e-15 1e-20
5396.777792 2.187279839e-15 1e-20
5396.89019 2.193223469e-15 1e-20
5397.002588 2.19842044e-15 1e-20
5397.114986 2.183624892e-15 1e-20
5397.227384 2.168352041e-15 1e-20
5397.339782 2.140305509e-15 1e-20
5397.45218 2.11318055e-15 1e-20
5397.564578 2.110722884e-15 1e-20
5397.676976 2.109160108e-15 1e-20
5397.789374 2.131535542e-15 1e-20
5397.901772 2.15354167e-15 1e-20
5398.01417 2.165661652e-15 1e-20
5398.126568 2.177344566e-15 1e-20
5398.238966 2.17733419e-15 1e-20
5398.351364 2.177582582e-15 1e-20
5398.463762 2.184756104e-15 1e-20
5398.57616 2.192033176e-15 1e-20
5398.688558 2.202078775e-15 1e-20
5398.800956 2.211724151e-15 1e-20
5398.913354 2.210675101e-15 1e-20
5399.025752 2.209073785e-15 1e-20
5399.13815 2.192707203e-15 1e-20
5399.250548 2.175805719e-15 1e-20
5399.362946 2.144610131e-15 1e-20
5399.475344 2.113866011e-15 1e-20
5399.587742 2.095184488e-15 1e-20
5399.70014 2.078048164e-15 1e-20
5399.812538 2.102192203e-15 1e-20
5399.924936 2.127028056e-15 1e-20
5400.037334 2.170339392e-15 1e-20
5400.149732 2.213102274e-15 1e-20
5400.26213 2.241224826e-15 1e-20
5400.374528 2.268725021e-15 1e-20
5400.486926 2.279613206e-15 1e-20
5400.599324 2.289997195e-15 1e-20
5400.711722 2.286931783e-15 1e-20
5400.82412 2.283105312e-15 1e-20
5400.936518 2.258971225e-15 1e-20
5401.048916 2.234094291e-15 1e-20
5401.161314 2.189396574e-15 1e-20
5401.273712 2.144896428e-15 1e-20
5401.38611 2.105662709e-15 1e-20
5401.498508 2.067416842e-15 1e-20
5401.610906 2.055513276e-15 1e-20
5401.723304 2.044755322e-15 1e-20
5401.835702 2.064543918e-15 1e-20
5401.9481 2.085187381e-15 1e-20
5402.060498 2.12862556e-15 1e-20
5402.172896 2.17179523e-15 1e-20
5402.285294 2.207808953e-15 1e-20
5402.397692 2.242793319e-15 1e-20
5402.51009 2.250349912e-15 1e-20
5402.622488 2.256924582e-15 1e-20
5402.734886 2.237338427e-15 1e-20
5402.847284 2.217106198e-15 1e-20
5402.959682 2.179660566e-15 1e-20
5403.07208 2.142272532e-15 1e-20
5403.184478 2.106422074e-15 1e-20
5403.296876 2.07108153e-15 1e-20
5403.409274 2.049324853e-15 1e-20
5403.521672 2.028157924e-15 1e-20
5403.63407 2.022686938e-15 1e-20
5403.746468 2.01772523e-15 1e-20
5403.858866 2.026320286e-15 1e-20
5403.971264 2.03518025e-15 1e-20
5404.083662 2.051092399e-15 1e-20
5404.19606 2.067045206e-15 1e-20
5404.308458 2.084086874e-15 1e-20
5404.420856 2.100989628e-15 1e-20
5404.533254 2.114199107e-15 1e-20
5404.645652 2.127207627e-15 1e-20
5404.75805 2.134871793e-15 1e-20
5404.870448 2.142351094e-15 1e-20
5404.982846 2.144920145e-15 1e-20
5405.095244 2.147480937e-15 1e-20
5405.207642 2.149821289e-15 1e-20
5405.32004 2.152379964e-15 1e-20
5405.432438 2.16073552e-15 1e-20
5405.544836 2.169041737e-15 1e-20
5405.657234 2.176036112e-15 1e-20
5405.769632 2.182589182e-15 1e-20
5405.88203 2.177413176e-15 1e-20
5405.994428 2.171833558e-15 1e-20
5406.106826 2.155530926e-15 1e-20
5406.219224 2.139018866e-15 1e-20
5406.331622 2.116940317e-15 1e-20
5406.44402 2.094961718e-15 1e-20
5406.556418 2.075638567e-15 1e-20
5406.668816 2.056712039e-15 1e-20
5406.781214 2.048309473e-15 1e-20
5406.893612 2.040561239e-15 1e-20
5407.00601 2.050178663e-15 1e-20
5407.118408 2.060438984e-15 1e-20
5407.230806 2.087756644e-15 1e-20
5407.343204 2.114635329e-15 1e-20
5407.455602 2.129873028e-15 1e-20
5407.568 2.143964056e-15 1e-20
5407.680398 2.127643637e-15 1e-20
5407.792796 2.111118871e-15 1e-20
5407.905194 2.089179236e-15 1e-20
5408.017592 2.06776349e-15 1e-20
5408.12999 2.060239508e-15 1e-20
5408.242388 2.053023634e-15 1e-20
5408.354786 2.053976123e-15 1e-20
5408.467184 2.05506816e-15 1e-20
5408.579582 2.059858132e-15 1e-20
5408.69198 2.0647489e-15 1e-20
5408.804378 2.072309516e-15 1e-20
5408.916776 2.079923283e-15 1e-20
5409.029174 2.088951384e-15 1e-20
5409.141572 2.098118398e-15 1e-20
5409.25397 2.110966406e-15 1e-20
5409.366368 2.123624889e-15 1e-20
5409.478766 2.131260256e-15 1e-20
5409.591164 2.137710836e-15 1e-20
5409.703562 2.112779268e-15 1e-20
5409.81596 2.087291835e-15 1e-20
5409.928358 2.047088686e-15 1e-20
5410.040756 2.008639108e-15 1e-20
5410.153154 2.016607147e-15 1e-20
5410.265552 2.025980414e-15 1e-20
5410.37795 2.072543932e-15 1e-20
5410.490348 2.118137386e-15 1e-20
5410.602746 2.13805706e-15 1e-20
5410.715144 2.156699832e-15 1e-20
5410.827542 2.141565683e-15 1e-20
5410.93994 2.126028134e-15 1e-20
5411.052338 2.099818605e-15 1e-20
5411.164736 2.07402751e-15 1e-20
5411.277134 2.059305443e-15 1e-20
5411.389532 2.045833172e-15 1e-20
5411.50193 2.065399209e-15 1e-20
5411.614328 2.085056091e-15 1e-20
5411.726726 2.1071141e-15 1e-20
5411.839124 2.127502394e-15 1e-20
5411.951522 2.103761332e-15 1e-20
5412.06392 2.079778229e-15 1e-20
5412.176318 2.049401722e-15 1e-20
5412.288716 2.02078916e-15 1e-20
5412.401114 2.038777599e-15 1e-20
5412.513512 2.057354514e-15 1e-20
5412.62591 2.091472154e-15 1e-20
5412.738308 2.124580766e-15 1e-20
5412.850706 2.13104278e-15 1e-20
5412.963104 2.13648412e-15 1e-20
5413.075502 2.114975624e-15 1e-20
5413.1879 2.092840748e-15 1e-20
5413.300298 2.054176658e-15 1e-20
5413.412696 2.01604387e-15 1e-20
5413.525094 1.991934771e-15 1e-20
5413.637492 1.969154879e-15 1e-20
5413.74989 1.981448503e-15 1e-20
5413.862288 1.9940748e-15 1e-20
5413.974686 2.015483346e-15 1e-20
5414.087084 2.036424118e-15 1e-20
5414.199482 2.045024679e-15 1e-20
5414.31188 2.053429999e-15 1e-20
5414.424278 2.056690017e-15 1e-20
5414.536676 2.05999408e-15 1e-20
5414.649074 2.064459215e-15 1e-20
5414.761472 2.06910159e-15 1e-20
5414.87387 2.078419588e-15 1e-20
5414.986268 2.087855959e-15 1e-20
5415.098666 2.10040941e-15 1e-20
5415.211064 2.112632943e-15 1e-20
5415.323462 2.116156812e-15 1e-20
5415.43586 2.119201895e-15 1e-20
5415.548258 2.109627882e-15 1e-20
5415.660656 2.09983851e-15 1e-20
5415.773054 2.084380582e-15 1e-20
5415.885452 2.068932607e-15 1e-20
5415.99785 2.053748483e-15 1e-20
5416.110248 2.038767858e-15 1e-20
5416.222646 2.029145987e-15 1e-20
5416.335044 2.019724652e-15 1e-20
5416.447442 2.015586472e-15 1e-20
5416.55984 2.01148408e-15 1e-20
5416.672238 2.008314483e-15 1e-20
5416.784636 2.005079664e-15 1e-20
5416.897034 2.00012558e-15 1e-20
5417.009432 1.995000819e-15 1e-20
5417.12183 1.985380642e-15 1e-20
5417.234228 1.976147983e-15 1e-20
5417.346626 1.977104495e-15 1e-20
5417.459024 1.979305934e-15 1e-20
5417.571422 2.014245407e-15 1e-20
5417.68382 2.049389228e-15 1e-20
5417.796218 2.089901967e-15 1e-20
5417.908616 2.128950186e-15 1e-20
5418.021014 2.129500757e-15 1e-20
5418.133412 2.12920366e-15 1e-20
5418.24581 2.106632138e-15 1e-20
5418.358208 2.084449616e-15 1e-20
5418.470606 2.072490569e-15 1e-20
5418.583004 2.060911417e-15 1e-20
5418.695402 2.059316454e-15 1e-20
5418.8078 2.057826735e-15 1e-20
5418.920198 2.059101308e-15 1e-20
5419.032596 2.060145064e-15 1e-20
5419.144994 2.055127453e-15 1e-20
5419.257392 2.049668749e-15 1e-20
5419.36979 2.032626658e-15 1e-20
5419.482188 2.016003848e-15 1e-20
5419.594586 2.010388443e-15 1e-20
5419.706984 2.005751996e-15 1e-20
5419.819382 2.02681347e-15 1e-20
5419.93178 2.04753952e-15 1e-20
5420.044178 2.059456003e-15 1e-20
5420.156576 2.070226874e-15 1e-20
5420.268974 2.050941839e-15 1e-20
5420.381372 2.031850775e-15 1e-20
5420.49377 2.017849321e-15 1e-20
5420.606168 2.004742756e-15 1e-20
5420.718566 2.015109381e-15 1e-20
5420.830964 2.025243071e-15 1e-20
5420.943362 2.029274101e-15 1e-20
5421.05576 2.03253666e-15 1e-20
5421.168158 2.015650423e-15 1e-20
5421.280556 1.998578262e-15 1e-20
5421.392954 1.976626768e-15 1e-20
5421.505352 1.954995876e-15 1e-20
5421.61775 1.941771363e-15 1e-20
5421.730148 1.929307485e-15 1e-20
5421.842546 1.936773021e-15 1e-20
5421.954944 1.944890138e-15 1e-20
5422.067342 1.970079204e-15 1e-20
5422.17974 1.995171072e-15 1e-20
5422.292138 2.017715701e-15 1e-20
5422.404536 2.039670795e-15 1e-20
5422.516934 2.046192314e-15 1e-20
5422.629332 2.051866799e-15 1e-20
5422.74173 2.035360245e-15 1e-20
5422.854128 2.018415774e-15 1e-20
5422.966526 1.99000756e-15 1e-20
5423.078924 1.962031755e-15 1e-20
5423.191322 1.945369135e-15 1e-20
5423.30372 1.929350471e-15 1e-20
5423.416118 1.930178023e-15 1e-20
5423.528516 1.931501512e-15 1e-20
5423.640914 1.945800487e-15 1e-20
5423.753312 1.959720626e-15 1e-20
5423.86571 1.963728151e-15 1e-20
5423.978108 1.966270944e-15 1e-20
5424.090506 1.930512389e-15 1e-20
5424.202904 1.894388551e-15 1e-20
5424.315302 1.848719923e-15 1e-20
5424.4277 1.804371395e-15 1e-20
5424.540098 1.794528237e-15 1e-20
5424.652496 1.785925135e-15 1e-20
5424.764894 1.809727185e-15 1e-20
5424.877292 1.834149262e-15 1e-20
5424.98969 1.874772539e-15 1e-20
5425.102088 1.914989451e-15 1e-20
5425.214486 1.944596006e-15 1e-20
5425.326884 1.972956786e-15 1e-20
5425.439282 1.968774773e-15 1e-20
5425.55168 1.96418809e-15 1e-20
5425.664078 1.949032553e-15 1e-20
5425.776476 1.934373165e-15 1e-20
5425.888874 1.932668723e-15 1e-20
5426.001272 1.93137001e-15 1e-20
5426.11367 1.94067022e-15 1e-20
5426.226068 1.95012459e-15 1e-20
5426.338466 1.963608084e-15 1e-20
5426.450864 1.976781987e-15 1e-20
5426.563262 1.981877526e-15 1e-20
5426.67566 1.986381412e-15 1e-20
5426.788058 1.975446216e-15 1e-20
5426.900456 1.964203548e-15 1e-20
5427.012854 1.944931854e-15 1e-20
5427.125252 1.925620985e-15 1e-20
5427.23765 1.905281818e-15 1e-20
5427.350048 1.885012108e-15 1e-20
5427.462446 1.866552719e-15 1e-20
5427.574844 1.848357816e-15 1e-20
5427.687242 1.837067291e-15 1e-20
5427.79964 1.826389805e-15 1e-20
5427.912038 1.83169202e-15 1e-20
5428.024436 1.837448879e-15 1e-20
5428.136834 1.855061023e-15 1e-20
5428.249232 1.872352142e-15 1e-20
5428.36163 1.881285799e-15 1e-20
5428.474028 1.889704671e-15 1e-20
5428.586426 1.88471967e-15 1e-20
5428.698824 1.879604015e-15 1e-20
5428.811222 1.871083499e-15 1e-20
5428.92362 1.862713331e-15 1e-20
5429.036018 1.858258784e-15 1e-20
5429.148416 1.8541043e-15 1e-20
5429.260814 1.857760306e-15 1e-20
5429.373212 1.862050527e-15 1e-20
5429.48561 1.882847939e-15 1e-20
5429.598008 1.904728494e-15 1e-20
5429.710406 1.954792165e-15 1e-20
5429.822804 2.004486953e-15 1e-20
5429.935202 2.044581045e-15 1e-20
5430.0476 2.082137639e-15 1e-20
5430.159998 2.053680509e-15 1e-20
5430.272396 2.024172845e-15 1e-20
5430.384794 1.967345193e-15 1e-20
5430.497192 1.912096199e-15 1e-20
5430.60959 1.897899291e-15 1e-20
5430.721988 1.885082624e-15 1e-20
5430.834386 1.908156225e-15 1e-20
5430.946784 1.931607391e-15 1e-20
5431.059182 1.964873551e-15 1e-20
5431.17158 1.997732077e-15 1e-20
5431.283978 2.019996973e-15 1e-20
5431.396376 2.041242041e-15 1e-20
5431.508774 2.035981543e-15 1e-20
5431.621172 2.030051889e-15 1e-20
5431.73357 2.00674239e-15 1e-20
5431.845968 1.983362374e-15 1e-20
5431.958366 1.958153827e-15 1e-20
5432.070764 1.93363667e-15 1e-20
5432.183162 1.927073647e-15 1e-20
5432.29556 1.921603932e-15 1e-20
5432.407958 1.944523161e-15 1e-20
5432.520356 1.967722758e-15 1e-20
5432.632754 1.998203239e-15 1e-20
5432.745152 2.028125525e-15 1e-20
5432.85755 2.0435591e-15 1e-20
5432.969948 2.057890898e-15 1e-20
5433.082346 2.043633427e-15 1e-20
5433.194744 2.028212769e-15 1e-20
5433.307142 1.982620162e-15 1e-20
5433.41954 1.936665024e-15 1e-20
5433.531938 1.881308245e-15 1e-20
5433.644336 1.826526177e-15 1e-20
5433.756734 1.78664469e-15 1e-20
5433.869132 1.748427304e-15 1e-20
5433.98153 1.753363283e-15 1e-20
5434.093928 1.759870084e-15 1e-20
5434.206326 1.807095665e-15 1e-20
5434.318724 1.854261212e-15 1e-20
5434.431122 1.899868007e-15 1e-20
5434.54352 1.944379589e-15 1e-20
5434.655918 1.96051726e-15 1e-20
5434.768316 1.975166484e-15 1e-20
5434.880714 1.951256226e-15 1e-20
5434.993112 1.926519899e-15 1e-20
5435.10551 1.880380744e-15 1e-20
5435.217908 1.83492705e-15 1e-20
5435.330306 1.807225049e-15 1e-20
5435.442704 1.780874913e-15 1e-20
5435.555102 1.789532437e-15 1e-20
5435.6675 1.799681586e-15 1e-20
5435.779898 1.84844379e-15 1e-20
5435.892296 1.896979837e-15 1e-20
5436.004694 1.939667121e-15 1e-20
5436.117092 1.979542256e-15 1e-20
5436.22949 1.946652813e-15 1e-20
5436.341888 1.912812788e-15 1e-20
5436.454286 1.854384032e-15 1e-20
5436.566684 1.79838139e-15 1e-20
5436.679082 1.805138595e-15 1e-20
5436.79148 1.813019602e-15 1e-20
5436.903878 1.849971202e-15 1e-20
5437.016276 1.88560482e-15 1e-20
5437.128674 1.887157855e-15 1e-20
5437.241072 1.887448387e-15 1e-20
5437.35347 1.85509914e-15 1e-20
5437.465868 1.822192969e-15 1e-20
5437.578266 1.774886284e-15 1e-20
5437.690664 1.728496196e-15 1e-20
5437.803062 1.705793701e-15 1e-20
5437.91546 1.685156273e-15 1e-20
5438.027858 1.717879379e-15 1e-20
5438.140256 1.751249089e-15 1e-20
5438.252654 1.801322288e-15 1e-20
5438.365052 1.850676781e-15 1e-20
5438.47745 1.881468334e-15 1e-20
5438.589848 1.912158244e-15 1e-20
5438.702246 1.940220869e-15 1e-20
5438.814644 1.968456289e-15 1e-20
5438.927042 2.001153878e-15 1e-20
5439.03944 2.032522261e-15 1e-20
5439.151838 2.029578186e-15 1e-20
5439.264236 2.025094629e-15 1e-20
5439.376634 1.980877391e-15 1e-20
5439.489032 1.938211071e-15 1e-20
5439.60143 1.935558588e-15 1e-20
5439.713828 1.935279279e-15 1e-20
5439.826226 1.996226475e-15 1e-20
5439.938624 2.055909052e-15 1e-20
5440.051022 2.082970061e-15 1e-20
5440.16342 2.107646248e-15 1e-20
5440.275818 2.070821279e-15 1e-20
5440.388216 2.034253384e-15 1e-20
5440.500614 2.004318181e-15 1e-20
5440.613012 1.975430334e-15 1e-20
5440.72541 1.97353891e-15 1e-20
5440.837808 1.971390199e-15 1e-20
5440.950206 1.962616208e-15 1e-20
5441.062604 1.953753914e-15 1e-20
5441.175002 1.942616913e-15 1e-20
5441.2874 1.932795566e-15 1e-20
5441.399798 1.956870572e-15 1e-20
5441.512196 1.981469467e-15 1e-20
5441.624594 2.019560116e-15 1e-20
5441.736992 2.055992697e-15 1e-20
5441.84939 2.049722535e-15 1e-20
5441.961788 2.042022582e-15 1e-20
5442.074186 1.997500413e-15 1e-20
5442.186584 1.952999631e-15 1e-20
5442.298982 1.909047939e-15 1e-20
5442.41138 1.866330585e-15 1e-20
5442.523778 1.85538099e-15 1e-20
5442.636176 1.846640033e-15 1e-20
5442.748574 1.894734776e-15 1e-20
5442.860972 1.943236518e-15 1e-20
5442.97337 2.002216269e-15 1e-20
5443.085768 2.059109143e-15 1e-20
5443.198166 2.062318551e-15 1e-20
5443.310564 2.063975559e-15 1e-20
5443.422962 2.025703434e-15 1e-20
5443.53536 1.987181646e-15 1e-20
5443.647758 1.942237866e-15 1e-20
5443.760156 1.897996065e-15 1e-20
5443.872554 1.87179903e-15 1e-20
5443.984952 1.846898379e-15 1e-20
5444.09735 1.855317886e-15 1e-20
5444.209748 1.863474178e-15 1e-20
5444.322146 1.864868818e-15 1e-20
5444.434544 1.864817149e-15 1e-20
5444.546942 1.827612074e-15 1e-20
5444.65934 1.791020039e-15 1e-20
5444.771738 1.770175405e-15 1e-20
5444.884136 1.751356556e-15 1e-20
5444.996534 1.784568189e-15 1e-20
5445.108932 1.818182691e-15 1e-20
5445.22133 1.862141795e-15 1e-20
5445.333728 1.905230785e-15 1e-20
5445.446126 1.925977798e-15 1e-20
5445.558524 1.945911871e-15 1e-20
5445.670922 1.944972724e-15 1e-20
5445.78332 1.943492534e-15 1e-20
5445.895718 1.928119944e-15 1e-20
5446.008116 1.912883516e-15 1e-20
5446.120514 1.901141521e-15 1e-20
5446.232912 1.88985269e-15 1e-20
5446.34531 1.890191291e-15 1e-20
5446.457708 1.890598502e-15 1e-20
5446.570106 1.892770083e-15 1e-20
5446.682504 1.894953099e-15 1e-20
5446.794902 1.897432999e-15 1e-20
5446.9073 1.900267383e-15 1e-20
5447.019698 1.912188102e-15 1e-20
5447.132096 1.924412481e-15 1e-20
5447.244494 1.94442554e-15 1e-20
5447.356892 1.964399636e-15 1e-20
5447.46929 1.98337868e-15 1e-20
5447.581688 2.001903502e-15 1e-20
5447.694086 2.008786492e-15 1e-20
5447.806484 2.014697299e-15 1e-20
5447.918882 1.995698139e-15 1e-20
5448.03128 1.976491031e-15 1e-20
5448.143678 1.951955028e-15 1e-20
5448.256076 1.92873489e-15 1e-20
5448.368474 1.939217982e-15 1e-20
5448.480872 1.950181341e-15 1e-20
5448.59327 1.973446583e-15 1e-20
5448.705668 1.995340267e-15 1e-20
5448.818066 1.982126765e-15 1e-20
5448.930464 1.968622307e-15 1e-20
5449.042862 1.947674759e-15 1e-20
5449.15526 1.928332973e-15 1e-20
5449.267658 1.950084567e-15 1e-20
5449.380056 1.972015309e-15 1e-20
5449.492454 1.998530405e-15 1e-20
5449.604852 2.023276261e-15 1e-20
5449.71725 2.002762182e-15 1e-20
5449.829648 1.981881761e-15 1e-20
5449.942046 1.951633791e-15 1e-20
5450.054444 1.92271418e-15 1e-20
5450.166842 1.927768637e-15 1e-20
5450.27924 1.93328261e-15 1e-20
5450.391638 1.950538577e-15 1e-20
5450.504036 1.967299665e-15 1e-20
5450.616434 1.971409257e-15 1e-20
5450.728832 1.975534308e-15 1e-20
5450.84123 1.980056828e-15 1e-20
5450.953628 1.98496369e-15 1e-20
5451.066026 1.999693381e-15 1e-20
5451.178424 2.014216185e-15 1e-20
5451.290822 2.023460702e-15 1e-20
5451.40322 2.032173918e-15 1e-20
5451.515618 2.027315337e-15 1e-20
5451.628016 2.022478568e-15 1e-20
5451.740414 2.018195122e-15 1e-20
5451.852812 2.014180821e-15 1e-20
5451.96521 2.017043369e-15 1e-20
5452.077608 2.019635502e-15 1e-20
5452.190006 2.015327068e-15 1e-20
5452.302404 2.010697398e-15 1e-20
5452.414802 1.997871413e-15 1e-20
5452.5272 1.985545814e-15 1e-20
5452.639598 1.985994317e-15 1e-20
5452.751996 1.986997204e-15 1e-20
5452.864394 2.002142789e-15 1e-20
5452.976792 2.016887515e-15 1e-20
5453.08919 2.021407494e-15 1e-20
5453.201588 2.025291564e-15 1e-20
5453.313986 2.012955588e-15 1e-20
5453.426384 2.000482181e-15 1e-20
5453.538782 1.984506081e-15 1e-20
5453.65118 1.96856852e-15 1e-20
5453.763578 1.953611401e-15 1e-20
5453.875976 1.938661693e-15 1e-20
5453.988374 1.92390172e-15 1e-20
5454.100772 1.90920951e-15 1e-20
5454.21317 1.896243342e-15 1e-20
5454.325568 1.883376699e-15 1e-20
5454.437966 1.873042686e-15 1e-20
5454.550364 1.863349876e-15 1e-20
5454.662762 1.869991885e-15 1e-20
5454.77516 1.878001428e-15 1e-20
5454.887558 1.920842661e-15 1e-20
5454.999956 1.963824924e-15 1e-20
5455.112354 2.010401572e-15 1e-20
5455.224752 2.055312318e-15 1e-20
5455.33715 2.05780683e-15 1e-20
5455.449548 2.059244668e-15 1e-20
5455.561946 2.033783493e-15 1e-20
5455.674344 2.008543393e-15 1e-20
5455.786742 1.988925687e-15 1e-20
5455.89914 1.969745261e-15 1e-20
5456.011538 1.961686166e-15 1e-20
5456.123936 1.95404e-15 1e-20
5456.236334 1.956894924e-15 1e-20
5456.348732 1.960172095e-15 1e-20
5456.46113 1.974184137e-15 1e-20
5456.573528 1.98848883e-15 1e-20
5456.685926 2.010238942e-15 1e-20
5456.798324 2.031670357e-15 1e-20
5456.910722 2.044996303e-15 1e-20
5457.02312 2.0576226e-15 1e-20
5457.135518 2.052461205e-15 1e-20
5457.247916 2.047462228e-15 1e-20
5457.360314 2.046595713e-15 1e-20
5457.472712 2.046297981e-15 1e-20
5457.58511 2.060451478e-15 1e-20
5457.697508 2.073654604e-15 1e-20
5457.809906 2.062711574e-15 1e-20
5457.922304 2.050453737e-15 1e-20
5458.034702 2.004796967e-15 1e-20
5458.1471 1.960398676e-15 1e-20
5458.259498 1.947959785e-15 1e-20
5458.371896 1.937635936e-15 1e-20
5458.484294 1.981025199e-15 1e-20
5458.596692 2.024232138e-15 1e-20
5458.70909 2.062814277e-15 1e-20
5458.821488 2.099974035e-15 1e-20
5458.933886 2.101032191e-15 1e-20
5459.046284 2.100843727e-15 1e-20
5459.158682 2.069023028e-15 1e-20
5459.27108 2.03686521e-15 1e-20
5459.383478 1.996148972e-15 1e-20
5459.495876 1.956921817e-15 1e-20
5459.608274 1.955465768e-15 1e-20
5459.720672 1.955612728e-15 1e-20
5459.83307 1.996413246e-15 1e-20
5459.945468 2.037407735e-15 1e-20
5460.057866 2.08331438e-15 1e-20
5460.170264 2.128430107e-15 1e-20
5460.282662 2.153492542e-15 1e-20
5460.39506 2.177133019e-15 1e-20
5460.507458 2.164725469e-15 1e-20
5460.619856 2.150950172e-15 1e-20
5460.732254 2.102505393e-15 1e-20
5460.844652 2.053208076e-15 1e-20
5460.95705 1.982305277e-15 1e-20
5461.069448 1.912074176e-15 1e-20
5461.181846 1.858856366e-15 1e-20
5461.294244 1.808042436e-15 1e-20
5461.406642 1.818109423e-15 1e-20
5461.51904 1.82983977e-15 1e-20
5461.631438 1.883691796e-15 1e-20
5461.743836 1.937645889e-15 1e-20
5461.856234 1.994178562e-15 1e-20
5461.968632 2.049985327e-15 1e-20
5462.08103 2.087412325e-15 1e-20
5462.193428 2.123643524e-15 1e-20
5462.305826 2.129602613e-15 1e-20
5462.418224 2.135521891e-15 1e-20
5462.530622 2.140439976e-15 1e-20
5462.64302 2.146399488e-15 1e-20
5462.755418 2.178708077e-15 1e-20
5462.867816 2.210456778e-15 1e-20
5462.980214 2.228042241e-15 1e-20
5463.092612 2.243790489e-15 1e-20
5463.20501 2.213067757e-15 1e-20
5463.317408 2.181907321e-15 1e-20
5463.429806 2.139674258e-15 1e-20
5463.542204 2.098299451e-15 1e-20
5463.654602 2.078623723e-15 1e-20
5463.767 2.060067349e-15 1e-20
5463.879398 2.069799334e-15 1e-20
5463.991796 2.080424727e-15 1e-20
5464.104194 2.113624818e-15 1e-20
5464.216592 2.14635396e-15 1e-20
5464.32899 2.167185041e-15 1e-20
5464.441388 2.187025306e-15 1e-20
5464.553786 2.181833841e-15 1e-20
5464.666184 2.177091303e-15 1e-20
5464.778582 2.183689902e-15 1e-20
5464.89098 2.190903022e-15 1e-20
5465.003378 2.213641198e-15 1e-20
5465.115776 2.235157741e-15 1e-20
5465.228174 2.225833179e-15 1e-20
5465.340572 2.214909842e-15 1e-20
5465.45297 2.163624538e-15 1e-20
5465.565368 2.111946211e-15 1e-20
5465.677766 2.050345105e-15 1e-20
5465.790164 1.989598231e-15 1e-20
5465.902562 1.950413216e-15 1e-20
5466.01496 1.913440652e-15 1e-20
5466.127358 1.932287558e-15 1e-20
5466.239756 1.952709946e-15 1e-20
5466.352154 2.012867073e-15 1e-20
5466.464552 2.072456688e-15 1e-20
5466.57695 2.11772827e-15 1e-20
5466.689348 2.161877744e-15 1e-20
5466.801746 2.177730813e-15 1e-20
5466.914144 2.192850775e-15 1e-20
5467.026542 2.189492289e-15 1e-20
5467.13894 2.185877788e-15 1e-20
5467.251338 2.175809742e-15 1e-20
5467.363736 2.166046417e-15 1e-20
5467.476134 2.163960387e-15 1e-20
5467.588532 2.162222063e-15 1e-20
5467.70093 2.16924566e-15 1e-20
5467.813328 2.176434641e-15 1e-20
5467.925726 2.1877942e-15 1e-20
5468.038124 2.198968047e-15 1e-20
5468.150522 2.205463519e-15 1e-20
5468.26292 2.211443571e-15 1e-20
5468.375318 2.204443691e-15 1e-20
5468.487716 2.197495692e-15 1e-20
5468.600114 2.191860805e-15 1e-20
5468.712512 2.186831758e-15 1e-20
5468.82491 2.197056293e-15 1e-20
5468.937308 2.206892252e-15 1e-20
5469.049706 2.206950697e-15 1e-20
5469.162104 2.205901011e-15 1e-20
5469.274502 2.176962766e-15 1e-20
5469.3869 2.148534646e-15 1e-20
5469.499298 2.132936111e-15 1e-20
5469.611696 2.118968749e-15 1e-20
5469.724094 2.146029758e-15 1e-20
5469.836492 2.173447579e-15 1e-20
5469.94889 2.209837173e-15 1e-20
5470.061288 2.245440297e-15 1e-20
5470.173686 2.261266473e-15 1e-20
5470.286084 2.27585598e-15 1e-20
5470.398482 2.259361919e-15 1e-20
5470.51088 2.241903511e-15 1e-20
5470.623278 2.200204715e-15 1e-20
5470.735676 2.159313776e-15 1e-20
5470.848074 2.138715628e-15 1e-20
5470.960472 2.119630282e-15 1e-20
5471.07287 2.138550245e-15 1e-20
5471.185268 2.157792504e-15 1e-20
5471.297666 2.185130281e-15 1e-20
5471.410064 2.212157408e-15 1e-20
5471.522462 2.231386327e-15 1e-20
5471.63486 2.250428051e-15 1e-20
5471.747258 2.264764719e-15 1e-20
5471.859656 2.278800055e-15 1e-20
5471.972054 2.285273928e-15 1e-20
5472.084452 2.291196806e-15 1e-20
5472.19685 2.283282341e-15 1e-20
5472.309248 2.274850128e-15 1e-20
5472.421646 2.253430147e-15 1e-20
5472.534044 2.231700364e-15 1e-20
5472.646442 2.202200748e-15 1e-20
5472.75884 2.172907807e-15 1e-20
5472.871238 2.148795532e-15 1e-20
5472.983636 2.125585347e-15 1e-20
5473.096034 2.124996448e-15 1e-20
5473.208432 2.124915132e-15 1e-20
5473.32083 2.137566628e-15 1e-20
5473.433228 2.149804772e-15 1e-20
5473.545626 2.15167735e-15 1e-20
5473.658024 2.153553105e-15 1e-20
5473.770422 2.155509115e-15 1e-20
5473.88282 2.158296913e-15 1e-20
5473.995218 2.181934426e-15 1e-20
5474.107616 2.205755957e-15 1e-20
5474.220014 2.234185559e-15 1e-20
5474.332412 2.261880995e-15 1e-20
5474.44481 2.271184593e-15 1e-20
5474.557208 2.28026394e-15 1e-20
5474.669606 2.28372534e-15 1e-20
5474.782004 2.287633973e-15 1e-20
5474.894402 2.302738476e-15 1e-20
5475.0068 2.318116995e-15 1e-20
5475.119198 2.340357751e-15 1e-20
5475.231596 2.362516556e-15 1e-20
5475.343994 2.382628083e-15 1e-20
5475.456392 2.40185446e-15 1e-20
5475.56879 2.398924997e-15 1e-20
5475.681188 2.394769877e-15 1e-20
5475.793586 2.359944752e-15 1e-20
5475.905984 2.325440654e-15 1e-20
5476.018382 2.298965368e-15 1e-20
5476.13078 2.273876676e-15 1e-20
5476.243178 2.28346763e-15 1e-20
5476.355576 2.293707623e-15 1e-20
5476.467974 2.320176132e-15 1e-20
5476.580372 2.346539821e-15 1e-20
5476.69277 2.370278343e-15 1e-20
5476.805168 2.393312557e-15 1e-20
5476.917566 2.398734626e-15 1e-20
5477.029964 2.403406013e-15 1e-20
5477.142362 2.38931329e-15 1e-20
5477.25476 2.375535453e-15 1e-20
5477.367158 2.369618292e-15 1e-20
5477.479556 2.364221845e-15 1e-20
5477.591954 2.371834977e-15 1e-20
5477.704352 2.37889415e-15 1e-20
5477.81675 2.372117675e-15 1e-20
5477.929148 2.364669502e-15 1e-20
5478.041546 2.340442454e-15 1e-20
5478.153944 2.316369989e-15 1e-20
5478.266342 2.296161901e-15 1e-20
5478.37874 2.27666172e-15 1e-20
5478.491138 2.274836152e-15 1e-20
5478.603536 2.274152173e-15 1e-20
5478.715934 2.301966194e-15 1e-20
5478.828332 2.329982868e-15 1e-20
5478.94073 2.363056116e-15 1e-20
5479.053128 2.394456686e-15 1e-20
5479.165526 2.384115473e-15 1e-20
5479.277924 2.372868781e-15 1e-20
5479.390322 2.33902325e-15 1e-20
5479.50272 2.306321638e-15 1e-20
5479.615118 2.302162706e-15 1e-20
5479.727516 2.2990956e-15 1e-20
5479.839914 2.323264202e-15 1e-20
5479.952312 2.347658751e-15 1e-20
5480.06471 2.377689881e-15 1e-20
5480.177108 2.406584928e-15 1e-20
5480.289506 2.407151381e-15 1e-20
5480.401904 2.405351859e-15 1e-20
5480.514302 2.344575763e-15 1e-20
5480.6267 2.283487959e-15 1e-20
5480.739098 2.214634133e-15 1e-20
5480.851496 2.147929018e-15 1e-20
5480.963894 2.134764643e-15 1e-20
5481.076292 2.122795644e-15 1e-20
5481.18869 2.1406151e-15 1e-20
5481.301088 2.158299665e-15 1e-20
5481.413486 2.172618757e-15 1e-20
5481.525884 2.18718603e-15 1e-20
5481.638282 2.207934949e-15 1e-20
5481.75068 2.229252016e-15 1e-20
5481.863078 2.264710085e-15 1e-20
5481.975476 2.300158838e-15 1e-20
5482.087874 2.335371903e-15 1e-20
5482.200272 2.370178604e-15 1e-20
5482.31267 2.394865591e-15 1e-20
5482.425068 2.419514038e-15 1e-20
5482.537466 2.443203221e-15 1e-20
5482.649864 2.466967789e-15 1e-20
5482.762262 2.492610864e-15 1e-20
5482.87466 2.517647676e-15 1e-20
5482.987058 2.527599042e-15 1e-20
5483.099456 2.536791044e-15 1e-20
5483.211854 2.527090611e-15 1e-20
5483.324252 2.517618665e-15 1e-20
5483.43665 2.513830522e-15 1e-20
5483.549048 2.510280819e-15 1e-20
5483.661446 2.512654205e-15 1e-20
5483.773844 2.513605635e-15 1e-20
5483.886242 2.479206144e-15 1e-20
5483.99864 2.443859036e-15 1e-20
5484.111038 2.384963353e-15 1e-20
5484.223436 2.328153488e-15 1e-20
5484.335834 2.323176958e-15 1e-20
5484.448232 2.320287305e-15 1e-20
5484.56063 2.369246445e-15 1e-20
5484.673028 2.417604191e-15 1e-20
5484.785426 2.451022394e-15 1e-20
5484.897824 2.483008475e-15 1e-20
5485.010222 2.479427855e-15 1e-20
5485.12262 2.474822749e-15 1e-20
5485.235018 2.444775737e-15 1e-20
5485.347416 2.41465821e-15 1e-20
5485.459814 2.38279156e-15 1e-20
5485.572212 2.352203718e-15 1e-20
5485.68461 2.353359706e-15 1e-20
5485.797008 2.355261507e-15 1e-20
5485.909406 2.375668437e-15 1e-20
5486.021804 2.395411292e-15 1e-20
5486.134202 2.398670887e-15 1e-20
5486.2466 2.402322234e-15 1e-20
5486.358998 2.415695826e-15 1e-20
5486.471396 2.431033263e-15 1e-20
5486.583794 2.495081448e-15 1e-20
5486.696192 2.55835735e-15 1e-20
5486.80859 2.602482049e-15 1e-20
5486.920988 2.642727549e-15 1e-20
5487.033386 2.586795846e-15 1e-20
5487.145784 2.52941614e-15 1e-20
5487.258182 2.436142354e-15 1e-20
5487.37058 2.344485131e-15 1e-20
5487.482978 2.292894048e-15 1e-20
5487.595376 2.242881834e-15 1e-20
5487.707774 2.231998732e-15 1e-20
5487.820172 2.222134186e-15 1e-20
5487.93257 2.237501269e-15 1e-20
5488.044968 2.253123733e-15 1e-20
5488.157366 2.275073322e-15 1e-20
5488.269764 2.296629675e-15 1e-20
5488.382162 2.308448749e-15 1e-20
5488.49456 2.319983644e-15 1e-20
5488.606958 2.324481177e-15 1e-20
5488.719356 2.329027415e-15 1e-20
5488.831754 2.334781945e-15 1e-20
5488.944152 2.341477317e-15 1e-20
5489.05655 2.371463977e-15 1e-20
5489.168948 2.40232414e-15 1e-20
5489.281346 2.45480016e-15 1e-20
5489.393744 2.505841307e-15 1e-20
5489.506142 2.521372927e-15 1e-20
5489.61854 2.535128318e-15 1e-20
5489.730938 2.504946205e-15 1e-20
5489.843336 2.476045017e-15 1e-20
5489.955734 2.478824979e-15 1e-20
5490.068132 2.483273173e-15 1e-20
5490.18053 2.528971871e-15 1e-20
5490.292928 2.573338186e-15 1e-20
5490.405326 2.584763178e-15 1e-20
5490.517724 2.594227289e-15 1e-20
5490.630122 2.555215069e-15 1e-20
5490.74252 2.515765357e-15 1e-20
5490.854918 2.465498187e-15 1e-20
5490.967316 2.416093296e-15 1e-20
5491.079714 2.387998272e-15 1e-20
5491.192112 2.361959844e-15 1e-20
5491.30451 2.386735346e-15 1e-20
5491.416908 2.412899558e-15 1e-20
5491.529306 2.473367334e-15 1e-20
5491.641704 2.533412018e-15 1e-20
5491.754102 2.583008126e-15 1e-20
5491.8665 2.631096939e-15 1e-20
5491.978898 2.641960984e-15 1e-20
5492.091296 2.650720363e-15 1e-20
5492.203694 2.607524224e-15 1e-20
5492.316092 2.563652365e-15 1e-20
5492.42849 2.503100732e-15 1e-20
5492.540888 2.443931245e-15 1e-20
5492.653286 2.418871987e-15 1e-20
5492.765684 2.395325954e-15 1e-20
5492.878082 2.409111415e-15 1e-20
5492.99048 2.423824589e-15 1e-20
5493.102878 2.461422899e-15 1e-20
5493.215276 2.498006464e-15 1e-20
5493.327674 2.509568464e-15 1e-20
5493.440072 2.518494073e-15 1e-20
5493.55247 2.462403552e-15 1e-20
5493.664868 2.406168187e-15 1e-20
5493.777266 2.346368085e-15 1e-20
5493.889664 2.288911511e-15 1e-20
5494.002062 2.289233595e-15 1e-20
5494.11446 2.291006223e-15 1e-20
5494.226858 2.328532324e-15 1e-20
5494.339256 2.366284582e-15 1e-20
5494.451654 2.409610317e-15 1e-20
5494.564052 2.452395857e-15 1e-20
5494.67645 2.481875992e-15 1e-20
5494.788848 2.510265784e-15 1e-20
5494.901246 2.511798278e-15 1e-20
5495.013644 2.512238312e-15 1e-20
5495.126042 2.485771285e-15 1e-20
5495.23844 2.458752204e-15 1e-20
5495.350838 2.418143116e-15 1e-20
5495.463236 2.37857503e-15 1e-20
5495.575634 2.364640491e-15 1e-20
5495.688032 2.352143155e-15 1e-20
5495.80043 2.375023845e-15 1e-20
5495.912828 2.397582238e-15 1e-20
5496.025226 2.412214309e-15 1e-20
5496.137624 2.425761965e-15 1e-20
5496.250022 2.412627025e-15 1e-20
5496.36242 2.398940243e-15 1e-20
5496.474818 2.371678065e-15 1e-20
5496.587216 2.344772063e-15 1e-20
5496.699614 2.326622476e-15 1e-20
5496.812012 2.310269023e-15 1e-20
5496.92441 2.338091302e-15 1e-20
5497.036808 2.367183284e-15 1e-20
5497.149206 2.427501983e-15 1e-20
5497.261604 2.486895721e-15 1e-20
5497.374002 2.523552978e-15 1e-20
5497.4864 2.558900086e-15 1e-20
5497.598798 2.562045967e-15 1e-20
5497.711196 2.56468278e-15 1e-20
5497.823594 2.554804258e-15 1e-20
5497.935992 2.544898843e-15 1e-20
5498.04839 2.534332319e-15 1e-20
5498.160788 2.524054845e-15 1e-20
5498.273186 2.520881436e-15 1e-20
5498.385584 2.518336737e-15 1e-20
5498.497982 2.531237261e-15 1e-20
5498.61038 2.544995193e-15 1e-20
5498.722778 2.579808883e-15 1e-20
5498.835176 2.613734035e-15 1e-20
5498.947574 2.625846606e-15 1e-20
5499.059972 2.635135169e-15 1e-20
5499.17237 2.575102556e-15 1e-20
5499.284768 2.514262085e-15 1e-20
5499.397166 2.433597232e-15 1e-20
5499.509564 2.3547319e-15 1e-20
5499.621962 2.320020278e-15 1e-20
5499.73436 2.286778046e-15 1e-20
5499.846758 2.289585537e-15 1e-20
5499.959156 2.293085477e-15 1e-20
5500.071554 2.313571604e-15 1e-20
5500.183952 2.334439108e-15 1e-20
5500.29635 2.364662726e-15 1e-20
5500.408748 2.395116948e-15 1e-20
5500.521146 2.431229563e-15 1e-20
5500.633544 2.468583504e-15 1e-20
5500.745942 2.536366257e-15 1e-20
5500.85834 2.60551358e-15 1e-20
5500.970738 2.708110869e-15 1e-20
5501.083136 2.809171852e-15 1e-20
5501.195534 2.872579045e-15 1e-20
5501.307932 2.932872544e-15 1e-20
5501.42033 2.916869339e-15 1e-20
5501.532728 2.89953608e-15 1e-20
5501.645126 2.849613864e-15 1e-20
5501.757524 2.79991357e-15 1e-20
5501.869922 2.755646358e-15 1e-20
5501.98232 2.712540428e-15 1e-20
5502.094718 2.697869817e-15 1e-20
5502.207116 2.684270703e-15 1e-20
5502.319514 2.696902717e-15 1e-20
5502.431912 2.708697439e-15 1e-20
5502.54431 2.699994388e-15 1e-20
5502.656708 2.690568393e-15 1e-20
5502.769106 2.663446822e-15 1e-20
5502.881504 2.638331448e-15 1e-20
5502.993902 2.662313068e-15 1e-20
5503.1063 2.687416372e-15 1e-20
5503.218698 2.739961002e-15 1e-20
5503.331096 2.789570663e-15 1e-20
5503.443494 2.767382423e-15 1e-20
5503.555892 2.742647579e-15 1e-20
5503.66829 2.655623202e-15 1e-20
5503.780688 2.569406048e-15 1e-20
5503.893086 2.502922855e-15 1e-20
5504.005484 2.438531622e-15 1e-20
5504.117882 2.425286568e-15 1e-20
5504.23028 2.414291445e-15 1e-20
5504.342678 2.458295018e-15 1e-20
5504.455076 2.5031884e-15 1e-20
5504.567474 2.569826176e-15 1e-20
5504.679872 2.635294199e-15 1e-20
5504.79227 2.672181849e-15 1e-20
5504.904668 2.708162326e-15 1e-20
5505.017066 2.721977857e-15 1e-20
5505.129464 2.735899691e-15 1e-20
5505.241862 2.752420857e-15 1e-20
5505.35426 2.768379804e-15 1e-20
5505.466658 2.770610254e-15 1e-20
5505.579056 2.77149858e-15 1e-20
5505.691454 2.739614989e-15 1e-20
5505.803852 2.707557545e-15 1e-20
5505.91625 2.671256466e-15 1e-20
5506.028648 2.63599639e-15 1e-20
5506.141046 2.626147302e-15 1e-20
5506.253444 2.616873774e-15 1e-20
5506.365842 2.621642781e-15 1e-20
5506.47824 2.626320309e-15 1e-20
5506.590638 2.628764211e-15 1e-20
5506.703036 2.630401737e-15 1e-20
5506.815434 2.612363112e-15 1e-20
5506.927832 2.593473642e-15 1e-20
5507.04023 2.553831018e-15 1e-20
5507.152628 2.515806861e-15 1e-20
5507.265026 2.517252535e-15 1e-20
5507.377424 2.521319987e-15 1e-20
5507.489822 2.589316192e-15 1e-20
5507.60222 2.656600254e-15 1e-20
5507.714618 2.706525012e-15 1e-20
5507.827016 2.7542676e-15 1e-20
5507.939414 2.74882499e-15 1e-20
5508.051812 2.744106169e-15 1e-20
5508.16421 2.757024692e-15 1e-20
5508.276608 2.771126732e-15 1e-20
5508.389006 2.81406135e-15 1e-20
5508.501404 2.85449108e-15 1e-20
5508.613802 2.83389992e-15 1e-20
5508.7262 2.810855966e-15 1e-20
5508.838598 2.728073318e-15 1e-20
5508.950996 2.647506085e-15 1e-20
5509.063394 2.620892098e-15 1e-20
5509.175792 2.597005134e-15 1e-20
5509.28819 2.639514329e-15 1e-20
5509.400588 2.681451778e-15 1e-20
5509.512986 2.709472263e-15 1e-20
5509.625384 2.735626946e-15 1e-20
5509.737782 2.716370499e-15 1e-20
5509.85018 2.695184299e-15 1e-20
5509.962578 2.62704664e-15 1e-20
5510.074976 2.559231488e-15 1e-20
5510.187374 2.499265155e-15 1e-20
5510.299772 2.443294065e-15 1e-20
5510.41217 2.484497771e-15 1e-20
5510.524568 2.527560291e-15 1e-20
5510.636966 2.615831712e-15 1e-20
5510.749364 2.701285266e-15 1e-20
5510.861762 2.718228254e-15 1e-20
5510.97416 2.733202314e-15 1e-20
5511.086558 2.700308213e-15 1e-20
5511.198956 2.668124138e-15 1e-20
5511.311354 2.653196664e-15 1e-20
5511.423752 2.638913359e-15 1e-20
5511.53615 2.640290423e-15 1e-20
5511.648548 2.641672569e-15 1e-20
5511.760946 2.643179653e-15 1e-20
5511.873344 2.645075948e-15 1e-20
5511.985742 2.656430424e-15 1e-20
5512.09814 2.668518855e-15 1e-20
5512.210538 2.698429918e-15 1e-20
5512.322936 2.728730827e-15 1e-20
5512.435334 2.768497542e-15 1e-20
5512.547732 2.808105014e-15 1e-20
5512.66013 2.843849169e-15 1e-20
5512.772528 2.878253742e-15 1e-20
5512.884926 2.880140084e-15 1e-20
5512.997324 2.880159778e-15 1e-20
5513.109722 2.834869561e-15 1e-20
5513.22212 2.789754469e-15 1e-20
5513.334518 2.7488864e-15 1e-20
5513.446916 2.709413606e-15 1e-20
5513.559314 2.703796083e-15 1e-20
5513.671712 2.697628201e-15 1e-20
5513.78411 2.678109174e-15 1e-20
5513.896508 2.657451946e-15 1e-20
5514.008906 2.609190762e-15 1e-20
5514.121304 2.562689923e-15 1e-20
5514.233702 2.558876369e-15 1e-20
5514.3461 2.557242443e-15 1e-20
5514.458498 2.608448125e-15 1e-20
5514.570896 2.657870169e-15 1e-20
5514.683294 2.664060285e-15 1e-20
5514.795692 2.66769088e-15 1e-20
5514.90809 2.609293676e-15 1e-20
5515.020488 2.551790092e-15 1e-20
5515.132886 2.51593794e-15 1e-20
5515.245284 2.482104479e-15 1e-20
5515.357682 2.497175525e-15 1e-20
5515.47008 2.5131836e-15 1e-20
5515.582478 2.551889194e-15 1e-20
5515.694876 2.59030235e-15 1e-20
5515.807274 2.62162944e-15 1e-20
5515.919672 2.651031225e-15 1e-20
5516.03207 2.633813586e-15 1e-20
5516.144468 2.616032247e-15 1e-20
5516.256866 2.584601607e-15 1e-20
5516.369264 2.556005775e-15 1e-20
5516.481662 2.596025329e-15 1e-20
5516.59406 2.636930455e-15 1e-20
5516.706458 2.69926001e-15 1e-20
5516.818856 2.758046849e-15 1e-20
5516.931254 2.731107814e-15 1e-20
5517.043652 2.702847618e-15 1e-20
5517.15605 2.642630352e-15 1e-20
5517.268448 2.585477015e-15 1e-20
5517.380846 2.602427627e-15 1e-20
5517.493244 2.62131265e-15 1e-20
5517.605642 2.686979303e-15 1e-20
5517.71804 2.751981882e-15 1e-20
5517.830438 2.800923022e-15 1e-20
5517.942836 2.848299904e-15 1e-20
5518.055234 2.857861847e-15 1e-20
5518.167632 2.865541471e-15 1e-20
5518.28003 2.827723356e-15 1e-20
5518.392428 2.789135711e-15 1e-20
5518.504826 2.731951458e-15 1e-20
5518.617224 2.675273308e-15 1e-20
5518.729622 2.630819536e-15 1e-20
5518.84202 2.586831633e-15 1e-20
5518.954418 2.55409148e-15 1e-20
5519.066816 2.521786279e-15 1e-20
5519.179214 2.499989368e-15 1e-20
5519.291612 2.479578839e-15 1e-20
5519.40401 2.492654063e-15 1e-20
5519.516408 2.507318109e-15 1e-20
5519.628806 2.560348301e-15 1e-20
5519.741204 2.613141323e-15 1e-20
5519.853602 2.660208403e-15 1e-20
5519.966 2.705609793e-15 1e-20
5520.078398 2.710807398e-15 1e-20
5520.190796 2.713950738e-15 1e-20
5520.303194 2.667530156e-15 1e-20
5520.415592 2.619752204e-15 1e-20
5520.52799 2.539231981e-15 1e-20
5520.640388 2.459899087e-15 1e-20
5520.752786 2.409205436e-15 1e-20
5520.865184 2.360813385e-15 1e-20
5520.977582 2.367932908e-15 1e-20
5521.08998 2.376265807e-15 1e-20
5521.202378 2.413855435e-15 1e-20
5521.314776 2.451874509e-15 1e-20
5521.427174 2.500248349e-15 1e-20
5521.539572 2.548610118e-15 1e-20
5521.65197 2.596686226e-15 1e-20
5521.764368 2.644365499e-15 1e-20
5521.876766 2.682481134e-15 1e-20
5521.989164 2.719987753e-15 1e-20
5522.101562 2.74281635e-15 1e-20
5522.21396 2.765032118e-15 1e-20
5522.326358 2.772487067e-15 1e-20
5522.438756 2.779510453e-15 1e-20
5522.551154 2.776136509e-15 1e-20
5522.663552 2.772363189e-15 1e-20
5522.77595 2.758976256e-15 1e-20
5522.888348 2.74515289e-15 1e-20
5523.000746 2.720825892e-15 1e-20
5523.113144 2.696590797e-15 1e-20
5523.225542 2.674569211e-15 1e-20
5523.33794 2.653332613e-15 1e-20
5523.450338 2.650993743e-15 1e-20
5523.562736 2.649310054e-15 1e-20
5523.675134 2.663396e-15 1e-20
5523.787532 2.677710645e-15 1e-20
5523.89993 2.697524228e-15 1e-20
5524.012328 2.717543216e-15 1e-20
5524.124726 2.74250316e-15 1e-20
5524.237124 2.767656226e-15 1e-20
5524.349522 2.79744574e-15 1e-20
5524.46192 2.826796702e-15 1e-20
5524.574318 2.845599775e-15 1e-20
5524.686716 2.863451629e-15 1e-20
5524.799114 2.858433594e-15 1e-20
5524.911512 2.852961973e-15 1e-20
5525.02391 2.83658438e-15 1e-20
5525.136308 2.820348452e-15 1e-20
5525.248706 2.807515268e-15 1e-20
5525.361104 2.795248536e-15 1e-20
5525.473502 2.796590025e-15 1e-20
5525.5859 2.798545824e-15 1e-20
5525.698298 2.815258419e-15 1e-20
5525.810696 2.831294235e-15 1e-20
5525.923094 2.831074219e-15 1e-20
5526.035492 2.829769152e-15 1e-20
5526.14789 2.802406177e-15 1e-20
5526.260288 2.776189448e-15 1e-20
5526.372686 2.777501502e-15 1e-20
5526.485084 2.780629383e-15 1e-20
5526.597482 2.827354473e-15 1e-20
5526.70988 2.873209661e-15 1e-20
5526.822278 2.898181251e-15 1e-20
5526.934676 2.921471057e-15 1e-20
5527.047074 2.904398473e-15 1e-20
5527.159472 2.88791627e-15 1e-20
5527.27187 2.885596671e-15 1e-20
5527.384268 2.884136386e-15 1e-20
5527.496666 2.903289495e-15 1e-20
5527.609064 2.921110221e-15 1e-20
5527.721462 2.906971547e-15 1e-20
5527.83386 2.89167625e-15 1e-20
5527.946258 2.848638717e-15 1e-20
5528.058656 2.806759714e-15 1e-20
5528.171054 2.792662545e-15 1e-20
5528.283452 2.779906017e-15 1e-20
5528.39585 2.799284437e-15 1e-20
5528.508248 2.818660104e-15 1e-20
5528.620646 2.837965679e-15 1e-20
5528.733044 2.856830161e-15 1e-20
5528.845442 2.865124308e-15 1e-20
5528.95784 2.873065877e-15 1e-20
5529.070238 2.872565492e-15 1e-20
5529.182636 2.871166829e-15 1e-20
5529.295034 2.848253741e-15 1e-20
5529.407432 2.823754583e-15 1e-20
5529.51983 2.761262398e-15 1e-20
5529.632228 2.69888541e-15 1e-20
5529.744626 2.639269749e-15 1e-20
5529.857024 2.582052038e-15 1e-20
5529.969422 2.582250879e-15 1e-20
5530.08182 2.583160804e-15 1e-20
5530.194218 2.601087833e-15 1e-20
5530.306616 2.617340489e-15 1e-20
5530.419014 2.593515993e-15 1e-20
5530.531412 2.570069698e-15 1e-20
5530.64381 2.555675008e-15 1e-20
5530.756208 2.543825229e-15 1e-20
5530.868606 2.592861872e-15 1e-20
5530.981004 2.641583843e-15 1e-20
5531.093402 2.682775478e-15 1e-20
5531.2058 2.721161741e-15 1e-20
5531.318198 2.692448595e-15 1e-20
5531.430596 2.663502514e-15 1e-20
5531.542994 2.628983804e-15 1e-20
5531.655392 2.596339578e-15 1e-20
5531.76779 2.60850763e-15 1e-20
5531.880188 2.621017671e-15 1e-20
5531.992586 2.641707298e-15 1e-20
5532.104984 2.661737721e-15 1e-20
5532.217382 2.66601312e-15 1e-20
5532.32978 2.670846925e-15 1e-20
5532.442178 2.689018958e-15 1e-20
5532.554576 2.707954591e-15 1e-20
5532.666974 2.745135314e-15 1e-20
5532.779372 2.78101923e-15 1e-20
5532.89177 2.785929268e-15 1e-20
5533.004168 2.78904042e-15 1e-20
5533.116566 2.749187732e-15 1e-20
5533.228964 2.709595718e-15 1e-20
5533.341362 2.676228125e-15 1e-20
5533.45376 2.644161364e-15 1e-20
5533.566158 2.643152971e-15 1e-20
5533.678556 2.643131584e-15 1e-20
5533.790954 2.66667317e-15 1e-20
5533.903352 2.690783751e-15 1e-20
5534.01575 2.728474812e-15 1e-20
5534.128148 2.766269845e-15 1e-20
5534.240546 2.806541391e-15 1e-20
5534.352944 2.845802851e-15 1e-20
5534.465342 2.860961988e-15 1e-20
5534.57774 2.873487911e-15 1e-20
5534.690138 2.823205706e-15 1e-20
5534.802536 2.771888427e-15 1e-20
5534.914934 2.695887337e-15 1e-20
5535.027332 2.622417181e-15 1e-20
5535.13973 2.60930257e-15 1e-20
5535.252128 2.598268484e-15 1e-20
5535.364526 2.636834105e-15 1e-20
5535.476924 2.675075737e-15 1e-20
5535.589322 2.705593275e-15 1e-20
5535.70172 2.735732613e-15 1e-20
5535.814118 2.756852533e-15 1e-20
5535.926516 2.778280561e-15 1e-20
5536.038914 2.807046223e-15 1e-20
5536.151312 2.835714053e-15 1e-20
5536.26371 2.862054237e-15 1e-20
5536.376108 2.887723782e-15 1e-20
5536.488506 2.89742125e-15 1e-20
5536.600904 2.906186347e-15 1e-20
5536.713302 2.892745205e-15 1e-20
5536.8257 2.878367244e-15 1e-20
5536.938098 2.841676106e-15 1e-20
5537.050496 2.805087036e-15 1e-20
5537.162894 2.770932126e-15 1e-20
5537.275292 2.737836008e-15 1e-20
5537.38769 2.729946955e-15 1e-20
5537.500088 2.722761363e-15 1e-20
5537.612486 2.732315894e-15 1e-20
5537.724884 2.742072232e-15 1e-20
5537.837282 2.756632304e-15 1e-20
5537.94968 2.771157225e-15 1e-20
5538.062078 2.784848242e-15 1e-20
5538.174476 2.798319454e-15 1e-20
5538.286874 2.806561509e-15 1e-20
5538.399272 2.814563852e-15 1e-20
5538.51167 2.816865876e-15 1e-20
5538.624068 2.819007599e-15 1e-20
5538.736466 2.817338732e-15 1e-20
5538.848864 2.815835249e-15 1e-20
5538.961262 2.818268139e-15 1e-20
5539.07366 2.820738722e-15 1e-20
5539.186058 2.82410229e-15 1e-20
5539.298456 2.826412149e-15 1e-20
5539.410854 2.803682655e-15 1e-20
5539.523252 2.780074788e-15 1e-20
5539.63565 2.735598571e-15 1e-20
5539.748048 2.692200626e-15 1e-20
5539.860446 2.674419075e-15 1e-20
5539.972844 2.65826658e-15 1e-20
5540.085242 2.680806762e-15 1e-20
5540.19764 2.704021182e-15 1e-20
5540.310038 2.743249396e-15 1e-20
5540.422436 2.782287662e-15 1e-20
5540.534834 2.816822466e-15 1e-20
5540.647232 2.850366453e-15 1e-20
5540.75963 2.860394899e-15 1e-20
5540.872028 2.869331944e-15 1e-20
5540.984426 2.852364392e-15 1e-20
5541.096824 2.834732766e-15 1e-20
5541.209222 2.801343786e-15 1e-20
5541.32162 2.768101342e-15 1e-20
5541.434018 2.738339146e-15 1e-20
5541.546416 2.709672798e-15 1e-20
5541.658814 2.70699575e-15 1e-20
5541.771212 2.705057527e-15 1e-20
5541.88361 2.720639969e-15 1e-20
5541.996008 2.736087732e-15 1e-20
5542.108406 2.748336675e-15 1e-20
5542.220804 2.759809737e-15 1e-20
5542.333202 2.752885242e-15 1e-20
5542.4456 2.744781466e-15 1e-20
5542.557998 2.708723274e-15 1e-20
5542.670396 2.67335139e-15 1e-20
5542.782794 2.654242326e-15 1e-20
5542.895192 2.637711843e-15 1e-20
5543.00759 2.68228547e-15 1e-20
5543.119988 2.727283672e-15 1e-20
5543.232386 2.782338272e-15 1e-20
5543.344784 2.835463967e-15 1e-20
5543.457182 2.842893504e-15 1e-20
5543.56958 2.84898113e-15 1e-20
5543.681978 2.823286386e-15 1e-20
5543.794376 2.797321861e-15 1e-20
5543.906774 2.764965838e-15 1e-20
5544.019172 2.733796296e-15 1e-20
5544.13157 2.73072199e-15 1e-20
5544.243968 2.729531062e-15 1e-20
5544.356366 2.772930701e-15 1e-20
5544.468764 2.816510758e-15 1e-20
5544.581162 2.864359437e-15 1e-20
5544.69356 2.910789336e-15 1e-20
5544.805958 2.923645391e-15 1e-20
5544.918356 2.93386569e-15 1e-20
5545.030754 2.881728483e-15 1e-20
5545.143152 2.827765284e-15 1e-20
5545.25555 2.730610393e-15 1e-20
5545.367948 2.636447858e-15 1e-20
5545.480346 2.613053444e-15 1e-20
5545.592744 2.593858406e-15 1e-20
5545.705142 2.673964642e-15 1e-20
5545.81754 2.753882412e-15 1e-20
5545.929938 2.829344577e-15 1e-20
5546.042336 2.90239524e-15 1e-20
5546.154734 2.918442491e-15 1e-20
5546.267132 2.932383594e-15 1e-20
5546.37953 2.89655643e-15 1e-20
5546.491928 2.859622829e-15 1e-20
5546.604326 2.796546191e-15 1e-20
5546.716724 2.734155438e-15 1e-20
5546.829122 2.687971814e-15 1e-20
5546.94152 2.643350753e-15 1e-20
5547.053918 2.635637671e-15 1e-20
5547.166316 2.629596844e-15 1e-20
5547.278714 2.663047022e-15 1e-20
5547.391112 2.697046289e-15 1e-20
5547.50351 2.744012996e-15 1e-20
5547.615908 2.789698988e-15 1e-20
5547.728306 2.805153528e-15 1e-20
5547.840704 2.819594381e-15 1e-20
5547.953102 2.810107824e-15 1e-20
5548.0655 2.800824343e-15 1e-20
5548.177898 2.796333374e-15 1e-20
5548.290296 2.792140349e-15 1e-20
5548.402694 2.794975368e-15 1e-20
5548.515092 2.797895091e-15 1e-20
5548.62749 2.802812964e-15 1e-20
5548.739888 2.807654181e-15 1e-20
5548.852286 2.810684865e-15 1e-20
5548.964684 2.813524755e-15 1e-20
5549.077082 2.811869652e-15 1e-20
5549.18948 2.811344068e-15 1e-20
5549.301878 2.837450259e-15 1e-20
5549.414276 2.865624692e-15 1e-20
5549.526674 2.942557942e-15 1e-20
5549.639072 3.018591219e-15 1e-20
5549.75147 3.073415003e-15 1e-20
5549.863868 3.124823762e-15 1e-20
5549.976266 3.095754015e-15 1e-20
5550.088664 3.065010107e-15 1e-20
5550.201062 2.994814369e-15 1e-20
5550.31346 2.924984126e-15 1e-20
5550.425858 2.863765455e-15 1e-20
5550.538256 2.804292307e-15 1e-20
5550.650654 2.785935409e-15 1e-20
5550.763052 2.76973781e-15 1e-20
5550.87545 2.804399457e-15 1e-20
5550.987848 2.839160207e-15 1e-20
5551.100246 2.876253262e-15 1e-20
5551.212644 2.912065391e-15 1e-20
5551.325042 2.91772103e-15 1e-20
5551.43744 2.922505919e-15 1e-20
5551.549838 2.906802352e-15 1e-20
5551.662236 2.890810582e-15 1e-20
5551.774634 2.868035136e-15 1e-20
5551.887032 2.845843932e-15 1e-20
5551.99943 2.837402825e-15 1e-20
5552.111828 2.829749671e-15 1e-20
5552.224226 2.840632774e-15 1e-20
5552.336624 2.851447267e-15 1e-20
5552.449022 2.860649221e-15 1e-20
5552.56142 2.869802259e-15 1e-20
5552.673818 2.877802909e-15 1e-20
5552.786216 2.886835244e-15 1e-20
5552.898614 2.920128298e-15 1e-20
5553.011012 2.953264015e-15 1e-20
5553.12341 2.982696081e-15 1e-20
5553.235808 3.008985654e-15 1e-20
5553.348206 2.961413954e-15 1e-20
5553.460604 2.912428133e-15 1e-20
5553.573002 2.830211939e-15 1e-20
5553.6854 2.751075768e-15 1e-20
5553.797798 2.744311787e-15 1e-20
5553.910196 2.740012247e-15 1e-20
5554.022594 2.793602751e-15 1e-20
5554.134992 2.846682283e-15 1e-20
5554.24739 2.887755546e-15 1e-20
5554.359788 2.928056526e-15 1e-20
5554.472186 2.950225496e-15 1e-20
5554.584584 2.972242424e-15 1e-20
5554.696982 2.99068699e-15 1e-20
5554.80938 3.009084333e-15 1e-20
5554.921778 3.026370794e-15 1e-20
5555.034176 3.043630996e-15 1e-20
5555.146574 3.060272652e-15 1e-20
5555.258972 3.076431499e-15 1e-20
5555.37137 3.081262552e-15 1e-20
5555.483768 3.085211631e-15 1e-20
5555.596166 3.068469602e-15 1e-20
5555.708564 3.051226975e-15 1e-20
5555.820962 3.022245531e-15 1e-20
5555.93336 2.993336932e-15 1e-20
5556.045758 2.966140186e-15 1e-20
5556.158156 2.940199591e-15 1e-20
5556.270554 2.943711178e-15 1e-20
5556.382952 2.948864526e-15 1e-20
5556.49535 2.992512134e-15 1e-20
5556.607748 3.034817406e-15 1e-20
5556.720146 3.045653287e-15 1e-20
5556.832544 3.053646948e-15 1e-20
5556.944942 2.995022739e-15 1e-20
5557.05734 2.937113003e-15 1e-20
5557.169738 2.895945507e-15 1e-20
5557.282136 2.85756475e-15 1e-20
5557.394534 2.884478375e-15 1e-20
5557.506932 2.912550529e-15 1e-20
5557.61933 2.967762678e-15 1e-20
5557.731728 3.022517641e-15 1e-20
5557.844126 3.066563354e-15 1e-20
5557.956524 3.108512025e-15 1e-20
5558.068922 3.101358409e-15 1e-20
5558.18132 3.092329884e-15 1e-20
5558.293718 3.039399219e-15 1e-20
5558.406116 2.987544497e-15 1e-20
5558.518514 2.960878418e-15 1e-20
5558.630912 2.936177455e-15 1e-20
5558.74331 2.957469534e-15 1e-20
5558.855708 2.979383123e-15 1e-20
5558.968106 3.015840268e-15 1e-20
5559.080504 3.051933824e-15 1e-20
5559.192902 3.079524017e-15 1e-20
5559.3053 3.105916293e-15 1e-20
5559.417698 3.104290413e-15 1e-20
5559.530096 3.101905592e-15 1e-20
5559.642494 3.081778183e-15 1e-20
5559.754892 3.062335812e-15 1e-20
5559.86729 3.05891994e-15 1e-20
5559.979688 3.055409624e-15 1e-20
5560.092086 3.04969554e-15 1e-20
5560.204484 3.042050432e-15 1e-20
5560.316882 2.989264186e-15 1e-20
5560.42928 2.936281852e-15 1e-20
5560.541678 2.878714104e-15 1e-20
5560.654076 2.823807946e-15 1e-20
5560.766474 2.831090947e-15 1e-20
5560.878872 2.840240174e-15 1e-20
5560.99127 2.892993386e-15 1e-20
5561.103668 2.945718857e-15 1e-20
5561.216066 2.997797619e-15 1e-20
5561.328464 3.048561786e-15 1e-20
5561.440862 3.068625456e-15 1e-20
5561.55326 3.086567731e-15 1e-20
5561.665658 3.054978696e-15 1e-20
5561.778056 3.022922946e-15 1e-20
5561.890454 2.979971811e-15 1e-20
5562.002852 2.938320872e-15 1e-20
5562.11525 2.92702124e-15 1e-20
5562.227648 2.916210347e-15 1e-20
5562.340046 2.91680327e-15 1e-20
5562.452444 2.917171729e-15 1e-20
5562.564842 2.912297267e-15 1e-20
5562.67724 2.908304565e-15 1e-20
5562.789638 2.924885447e-15 1e-20
5562.902036 2.943075691e-15 1e-20
5563.014434 2.998797753e-15 1e-20
5563.126832 3.055596183e-15 1e-20
5563.23923 3.137491352e-15 1e-20
5563.351628 3.219620725e-15 1e-20
5563.464026 3.307210708e-15 1e-20
5563.576424 3.393854979e-15 1e-20
5563.688822 3.458458182e-15 1e-20
5563.80122 3.521138408e-15 1e-20
5563.913618 3.538993016e-15 1e-20
5564.026016 3.554296783e-15 1e-20
5564.138414 3.51014752e-15 1e-20
5564.250812 3.464025306e-15 1e-20
5564.36321 3.371928049e-15 1e-20
5564.475608 3.2799354e-15 1e-20
5564.588006 3.190381995e-15 1e-20
5564.700404 3.102615617e-15 1e-20
5564.812802 3.056472439e-15 1e-20
5564.9252 3.013432789e-15 1e-20
5565.037598 3.042669825e-15 1e-20
5565.149996 3.073422838e-15 1e-20
5565.262394 3.139477221e-15 1e-20
5565.374792 3.202739147e-15 1e-20
5565.48719 3.200994682e-15 1e-20
5565.599588 3.196566182e-15 1e-20
5565.711986 3.129662015e-15 1e-20
5565.824384 3.063363263e-15 1e-20
5565.936782 3.011157658e-15 1e-20
5566.04918 2.960212438e-15 1e-20
5566.161578 2.938599334e-15 1e-20
5566.273976 2.917486826e-15 1e-20
5566.386374 2.908016786e-15 1e-20
5566.498772 2.899133316e-15 1e-20
5566.61117 2.903895335e-15 1e-20
5566.723568 2.909539751e-15 1e-20
5566.835966 2.935705869e-15 1e-20
5566.948364 2.961520681e-15 1e-20
5567.060762 2.979169671e-15 1e-20
5567.17316 2.995000505e-15 1e-20
5567.285558 2.968558042e-15 1e-20
5567.397956 2.942030241e-15 1e-20
5567.510354 2.913524617e-15 1e-20
5567.622752 2.887082155e-15 1e-20
5567.73515 2.908585568e-15 1e-20
5567.847548 2.930883922e-15 1e-20
5567.959946 2.971645477e-15 1e-20
5568.072344 3.011522729e-15 1e-20
5568.184742 3.030854351e-15 1e-20
5568.29714 3.049104946e-15 1e-20
5568.409538 3.042246309e-15 1e-20
5568.521936 3.034529838e-15 1e-20
5568.634334 3.006887765e-15 1e-20
5568.746732 2.979606952e-15 1e-20
5568.85913 2.960716423e-15 1e-20
5568.971528 2.94298167e-15 1e-20
5569.083926 2.95208071e-15 1e-20
5569.196324 2.961139939e-15 1e-20
5569.308722 2.969275479e-15 1e-20
5569.42112 2.976637042e-15 1e-20
5569.533518 2.966032402e-15 1e-20
5569.645916 2.95553491e-15 1e-20
5569.758314 2.947522402e-15 1e-20
5569.870712 2.940074018e-15 1e-20
5569.98311 2.945712505e-15 1e-20
5570.095508 2.951591549e-15 1e-20
5570.207906 2.96305021e-15 1e-20
5570.320304 2.974153753e-15 1e-20
5570.432702 2.977026677e-15 1e-20
5570.5451 2.978195583e-15 1e-20
5570.657498 2.939845954e-15 1e-20
5570.769896 2.900884345e-15 1e-20
5570.882294 2.847735568e-15 1e-20
5570.994692 2.798240045e-15 1e-20
5571.10709 2.833424311e-15 1e-20
5571.219488 2.872270301e-15 1e-20
5571.331886 2.995985816e-15 1e-20
5571.444284 3.119388987e-15 1e-20
5571.556682 3.235556803e-15 1e-20
5571.66908 3.349098181e-15 1e-20
5571.781478 3.401786807e-15 1e-20
5571.893876 3.450600681e-15 1e-20
5572.006274 3.409659555e-15 1e-20
5572.118672 3.367540842e-15 1e-20
5572.23107 3.298149573e-15 1e-20
5572.343468 3.232715855e-15 1e-20
5572.455866 3.258919454e-15 1e-20
5572.568264 3.287187908e-15 1e-20
5572.680662 3.363264172e-15 1e-20
5572.79306 3.436390221e-15 1e-20
5572.905458 3.441224661e-15 1e-20
5573.017856 3.443539814e-15 1e-20
5573.130254 3.387546066e-15 1e-20
5573.242652 3.331342253e-15 1e-20
5573.35505 3.270278166e-15 1e-20
5573.467448 3.209723569e-15 1e-20
5573.579846 3.160958823e-15 1e-20
5573.692244 3.113035181e-15 1e-20
5573.804642 3.084563439e-15 1e-20
5573.91704 3.05730126e-15 1e-20
5574.029438 3.058007262e-15 1e-20
5574.141836 3.05994718e-15 1e-20
5574.254234 3.090419825e-15 1e-20
5574.366632 3.120526552e-15 1e-20
5574.47903 3.142174597e-15 1e-20
5574.591428 3.162195068e-15 1e-20
5574.703826 3.144594147e-15 1e-20
5574.816224 3.127225524e-15 1e-20
5574.928622 3.11523302e-15 1e-20
5575.04102 3.10481155e-15 1e-20
5575.153418 3.13069116e-15 1e-20
5575.265816 3.155946294e-15 1e-20
5575.378214 3.166777304e-15 1e-20
5575.490612 3.17586745e-15 1e-20
5575.60301 3.144741319e-15 1e-20
5575.715408 3.114511348e-15 1e-20
5575.827806 3.104979263e-15 1e-20
5575.940204 3.097616641e-15 1e-20
5576.052602 3.1403431e-15 1e-20
5576.165 3.183272212e-15 1e-20
5576.277398 3.230872923e-15 1e-20
5576.389796 3.277477946e-15 1e-20
5576.502194 3.30110106e-15 1e-20
5576.614592 3.323953797e-15 1e-20
5576.72699 3.329029853e-15 1e-20
5576.839388 3.333468941e-15 1e-20
5576.951786 3.32320989e-15 1e-20
5577.064184 3.312410008e-15 1e-20
5577.176582 3.289132907e-15 1e-20
5577.28898 3.265584545e-15 1e-20
5577.401378 3.235779996e-15 1e-20
5577.513776 3.206012929e-15 1e-20
5577.626174 3.177111318e-15 1e-20
5577.738572 3.148745455e-15 1e-20
5577.85097 3.132730815e-15 1e-20
5577.963368 3.117928702e-15 1e-20
5578.075766 3.131077618e-15 1e-20
5578.188164 3.144623793e-15 1e-20
5578.300562 3.167324911e-15 1e-20
5578.41296 3.188711222e-15 1e-20
5578.525358 3.179795777e-15 1e-20
5578.637756 3.169702956e-15 1e-20
5578.750154 3.132485387e-15 1e-20
5578.862552 3.095176339e-15 1e-20
5578.97495 3.055761143e-15 1e-20
5579.087348 3.017238296e-15 1e-20
5579.199746 2.999266163e-15 1e-20
5579.312144 2.983001224e-15 1e-20
5579.424542 3.006053438e-15 1e-20
5579.53694 3.030467892e-15 1e-20
5579.649338 3.086253905e-15 1e-20
5579.761736 3.14254708e-15 1e-20
5579.874134 3.210510886e-15 1e-20
5579.986532 3.277749843e-15 1e-20
5580.09893 3.328306064e-15 1e-20
5580.211328 3.377079915e-15 1e-20
5580.323726 3.384837043e-15 1e-20
5580.436124 3.390860717e-15 1e-20
5580.548522 3.357000787e-15 1e-20
5580.66092 3.322031879e-15 1e-20
5580.773318 3.261557326e-15 1e-20
5580.885716 3.2023421e-15 1e-20
5580.998114 3.172101542e-15 1e-20
5581.110512 3.144525749e-15 1e-20
5581.22291 3.178239989e-15 1e-20
5581.335308 3.211270039e-15 1e-20
5581.447706 3.228571534e-15 1e-20
5581.560104 3.242953942e-15 1e-20
5581.672502 3.190220847e-15 1e-20
5581.7849 3.136872806e-15 1e-20
5581.897298 3.069392656e-15 1e-20
5582.009696 3.003353308e-15 1e-20
5582.122094 2.970433796e-15 1e-20
5582.234492 2.940099006e-15 1e-20
5582.34689 2.969163671e-15 1e-20
5582.459288 3.000287684e-15 1e-20
5582.571686 3.078728441e-15 1e-20
5582.684084 3.15559901e-15 1e-20
5582.796482 3.196398682e-15 1e-20
5582.90888 3.234169151e-15 1e-20
5583.021278 3.202367511e-15 1e-20
5583.133676 3.169216336e-15 1e-20
5583.246074 3.105072013e-15 1e-20
5583.358472 3.041583082e-15 1e-20
5583.47087 2.993139362e-15 1e-20
5583.583268 2.947914579e-15 1e-20
5583.695666 2.976578597e-15 1e-20
5583.808064 3.007544004e-15 1e-20
5583.920462 3.091326362e-15 1e-20
5584.03286 3.173311105e-15 1e-20
5584.145258 3.214049789e-15 1e-20
5584.257656 3.25228041e-15 1e-20
5584.370054 3.232967423e-15 1e-20
5584.482452 3.212737735e-15 1e-20
5584.59485 3.171485113e-15 1e-20
5584.707248 3.130905035e-15 1e-20
5584.819646 3.105749427e-15 1e-20
5584.932044 3.082860691e-15 1e-20
5585.044442 3.11195225e-15 1e-20
5585.15684 3.142358191e-15 1e-20
5585.269238 3.202899448e-15 1e-20
5585.381636 3.262730255e-15 1e-20
5585.494034 3.306275796e-15 1e-20
5585.606432 3.348260254e-15 1e-20
5585.71883 3.354463923e-15 1e-20
5585.831228 3.358837366e-15 1e-20
5585.943626 3.321273149e-15 1e-20
5586.056024 3.284058333e-15 1e-20
5586.168422 3.254844167e-15 1e-20
5586.28082 3.228267661e-15 1e-20
5586.393218 3.262115309e-15 1e-20
5586.505616 3.296288854e-15 1e-20
5586.618014 3.337923911e-15 1e-20
5586.730412 3.377302261e-15 1e-20
5586.84281 3.364999743e-15 1e-20
5586.955208 3.351604552e-15 1e-20
5587.067606 3.313195419e-15 1e-20
5587.180004 3.275095877e-15 1e-20
5587.292402 3.244081766e-15 1e-20
5587.4048 3.212997351e-15 1e-20
5587.517198 3.180302726e-15 1e-20
5587.629596 3.147756121e-15 1e-20
5587.741994 3.118595953e-15 1e-20
5587.854392 3.09268945e-15 1e-20
5587.96679 3.141225073e-15 1e-20
5588.079188 3.193512629e-15 1e-20
5588.191586 3.33162855e-15 1e-20
5588.303984 3.467114647e-15 1e-20
5588.416382 3.542449545e-15 1e-20
5588.52878 3.612196991e-15 1e-20
5588.641178 3.55417227e-15 1e-20
5588.753576 3.494870858e-15 1e-20
5588.865974 3.406380055e-15 1e-20
5588.978372 3.319382148e-15 1e-20
5589.09077 3.266512046e-15 1e-20
5589.203168 3.215266764e-15 1e-20
5589.315566 3.201162818e-15 1e-20
5589.427964 3.188527628e-15 1e-20
5589.540362 3.2094612e-15 1e-20
5589.65276 3.231263193e-15 1e-20
5589.765158 3.272906297e-15 1e-20
5589.877556 3.313963043e-15 1e-20
5589.989954 3.341625233e-15 1e-20
5590.102352 3.366430381e-15 1e-20
5590.21475 3.325982864e-15 1e-20
5590.327148 3.284032287e-15 1e-20
5590.439546 3.207762052e-15 1e-20
5590.551944 3.134049433e-15 1e-20
5590.664342 3.118736348e-15 1e-20
5590.77674 3.105877753e-15 1e-20
5590.889138 3.149051446e-15 1e-20
5591.001536 3.192187869e-15 1e-20
5591.113934 3.234474083e-15 1e-20
5591.226332 3.275568098e-15 1e-20
5591.33873 3.289459227e-15 1e-20
5591.451128 3.301630455e-15 1e-20
5591.563526 3.274560764e-15 1e-20
5591.675924 3.2468306e-15 1e-20
5591.788322 3.20402939e-15 1e-20
5591.90072 3.162216879e-15 1e-20
5592.013118 3.142950691e-15 1e-20
5592.125516 3.12444535e-15 1e-20
5592.237914 3.123289362e-15 1e-20
5592.350312 3.122230994e-15 1e-20
5592.46271 3.123398629e-15 1e-20
5592.575108 3.125732417e-15 1e-20
5592.687506 3.154658592e-15 1e-20
5592.799904 3.185579106e-15 1e-20
5592.912302 3.261961996e-15 1e-20
5593.0247 3.338461777e-15 1e-20
5593.137098 3.417626959e-15 1e-20
5593.249496 3.494907915e-15 1e-20
5593.361894 3.529255101e-15 1e-20
5593.474292 3.560455136e-15 1e-20
5593.58669 3.519958491e-15 1e-20
5593.699088 3.47648876e-15 1e-20
5593.811486 3.365296416e-15 1e-20
5593.923884 3.255851712e-15 1e-20
5594.036282 3.186210993e-15 1e-20
5594.14868 3.121038584e-15 1e-20
5594.261078 3.157610078e-15 1e-20
5594.373476 3.19480626e-15 1e-20
5594.485874 3.246219889e-15 1e-20
5594.598272 3.295787622e-15 1e-20
5594.71067 3.303332991e-15 1e-20
5594.823068 3.310290308e-15 1e-20
5594.935466 3.303859846e-15 1e-20
5595.047864 3.29759519e-15 1e-20
5595.160262 3.295107878e-15 1e-20
5595.27266 3.292807336e-15 1e-20
5595.385058 3.29476123e-15 1e-20
5595.497456 3.296756204e-15 1e-20
5595.609854 3.299683338e-15 1e-20
5595.722252 3.302152651e-15 1e-20
5595.83465 3.294211929e-15 1e-20
5595.947048 3.285710471e-15 1e-20
5596.059446 3.264453967e-15 1e-20
5596.171844 3.242865427e-15 1e-20
5596.284242 3.213731517e-15 1e-20
5596.39664 3.185238176e-15 1e-20
5596.509038 3.171312742e-15 1e-20
5596.621436 3.159501715e-15 1e-20
5596.733834 3.195752395e-15 1e-20
5596.846232 3.233810645e-15 1e-20
5596.95863 3.312942368e-15 1e-20
5597.071028 3.392504808e-15 1e-20
5597.183426 3.481853232e-15 1e-20
5597.295824 3.569343053e-15 1e-20
5597.408222 3.614612305e-15 1e-20
5597.52062 3.655542632e-15 1e-20
5597.633018 3.597914745e-15 1e-20
5597.745416 3.53783851e-15 1e-20
5597.857814 3.422154985e-15 1e-20
5597.970212 3.307580862e-15 1e-20
5598.08261 3.218189028e-15 1e-20
5598.195008 3.130527259e-15 1e-20
5598.307406 3.082138172e-15 1e-20
5598.419804 3.035147537e-15 1e-20
5598.532202 3.019897344e-15 1e-20
5598.6446 3.006317288e-15 1e-20
5598.756998 3.030630734e-15 1e-20
5598.869396 3.056561801e-15 1e-20
5598.981794 3.119188452e-15 1e-20
5599.094192 3.181765764e-15 1e-20
5599.20659 3.24322351e-15 1e-20
5599.318988 3.303065541e-15 1e-20
5599.431386 3.326260056e-15 1e-20
5599.543784 3.347654414e-15 1e-20
5599.656182 3.328226443e-15 1e-20
5599.76858 3.307585097e-15 1e-20
5599.880978 3.259437415e-15 1e-20
5599.993376 3.212851661e-15 1e-20
5600.105774 3.201673791e-15 1e-20
5600.218172 3.193386844e-15 1e-20
5600.33057 3.25063166e-15 1e-20
5600.442968 3.307153745e-15 1e-20
5600.555366 3.347302895e-15 1e-20
5600.667764 3.384622955e-15 1e-20
5600.780162 3.357842314e-15 1e-20
5600.89256 3.330225229e-15 1e-20
5601.004958 3.283655569e-15 1e-20
5601.117356 3.23773156e-15 1e-20
5601.229754 3.206433904e-15 1e-20
5601.342152 3.176311931e-15 1e-20
5601.45455 3.172809873e-15 1e-20
5601.566948 3.170105297e-15 1e-20
5601.679346 3.185454804e-15 1e-20
5601.791744 3.199645571e-15 1e-20
5601.904142 3.187603515e-15 1e-20
5602.01654 3.174501609e-15 1e-20
5602.128938 3.137411942e-15 1e-20
5602.241336 3.101868746e-15 1e-20
5602.353734 3.101321351e-15 1e-20
5602.466132 3.102062716e-15 1e-20
5602.57853 3.131965309e-15 1e-20
5602.690928 3.160387711e-15 1e-20
5602.803326 3.155326266e-15 1e-20
5602.915724 3.149506302e-15 1e-20
5603.028122 3.126530745e-15 1e-20
5603.14052 3.105649054e-15 1e-20
5603.252918 3.132122645e-15 1e-20
5603.365316 3.160815039e-15 1e-20
5603.477714 3.23967423e-15 1e-20
5603.590112 3.319542449e-15 1e-20
5603.70251 3.422220206e-15 1e-20
5603.814908 3.522981975e-15 1e-20
5603.927306 3.580429444e-15 1e-20
5604.039704 3.632675707e-15 1e-20
5604.152102 3.567367772e-15 1e-20
5604.2645 3.500056393e-15 1e-20
5604.376898 3.387468986e-15 1e-20
5604.489296 3.2778193e-15 1e-20
5604.601694 3.234537822e-15 1e-20
5604.714092 3.192890695e-15 1e-20
5604.82649 3.188166792e-15 1e-20
5604.938888 3.18263249e-15 1e-20
5605.051286 3.158799948e-15 1e-20
5605.163684 3.135563293e-15 1e-20
5605.276082 3.125783239e-15 1e-20
5605.38848 3.11803437e-15 1e-20
5605.500878 3.156140476e-15 1e-20
5605.613276 3.195067358e-15 1e-20
5605.725674 3.252520967e-15 1e-20
5605.838072 3.295460667e-15 1e-20
5605.95047 3.010840233e-15 1e-20
5606.062868 2.742543605e-15 1e-20
5606.175266 2.842591537e-15 1e-20
5606.287664 2.939603703e-15 1e-20
5606.400062 2.96813029e-15 1e-20
5606.51246 2.993682733e-15 1e-20
5606.624858 2.952146143e-15 1e-20
5606.737256 2.915036148e-15 1e-20
5606.849654 2.977761902e-15 1e-20
5606.962052 3.03544294e-15 1e-20
5607.07445 2.979372747e-15 1e-20
5607.186848 2.925566673e-15 1e-20
5607.299246 2.922804075e-15 1e-20
5607.411644 2.919884988e-15 1e-20
5607.524042 2.913432291e-15 1e-20
5607.63644 2.902306513e-15 1e-20
5607.748838 2.785851976e-15 1e-20
5607.861236 2.675500312e-15 1e-20
5607.973634 2.70266593e-15 1e-20
5608.086032 2.734765937e-15 1e-20
5608.19843 2.87804156e-15 1e-20
5608.310828 3.014617576e-15 1e-20
5608.423226 3.000279426e-15 1e-20
5608.535624 2.982048948e-15 1e-20
5608.648022 2.876149077e-15 1e-20
5608.76042 2.777915913e-15 1e-20
5608.872818 2.852327122e-15 1e-20
5608.985216 2.92717413e-15 1e-20
5609.097614 3.011832532e-15 1e-20
5609.210012 3.094927946e-15 1e-20
5609.32241 3.142839941e-15 1e-20
5609.434808 3.185129967e-15 1e-20
5609.547206 3.100880258e-15 1e-20
5609.659604 3.017542804e-15 1e-20
5609.772002 2.954738064e-15 1e-20
5609.8844 2.898008668e-15 1e-20
5609.996798 2.977969425e-15 1e-20
5610.109196 3.052240239e-15 1e-20
5610.221594 2.99851315e-15 1e-20
5610.333992 2.945643471e-15 1e-20
5610.44639 2.912063486e-15 1e-20
5610.558788 2.880949424e-15 1e-20
5610.671186 2.905292516e-15 1e-20
5610.783584 2.927838415e-15 1e-20
5610.895982 2.909978937e-15 1e-20
5611.00838 2.892943411e-15 1e-20
5611.120778 2.894430377e-15 1e-20
5611.233176 2.896532925e-15 1e-20
5611.345574 2.912474085e-15 1e-20
5611.457972 2.930091523e-15 1e-20
5611.57037 2.985381175e-15 1e-20
5611.682768 3.040710003e-15 1e-20
5611.795166 3.096916568e-15 1e-20
5611.907564 3.14789461e-15 1e-20
5612.019962 3.081407395e-15 1e-20
5612.13236 3.013761438e-15 1e-20
5612.244758 2.92009124e-15 1e-20
5612.357156 2.832165409e-15 1e-20
5612.469554 2.873251589e-15 1e-20
5612.581952 2.911405764e-15 1e-20
5612.69435 2.883725151e-15 1e-20
5612.806748 2.859899597e-15 1e-20
5612.919146 2.922618363e-15 1e-20
5613.031544 2.989095626e-15 1e-20
5613.143942 3.139939701e-15 1e-20
5613.25634 3.284200635e-15 1e-20
5613.368738 3.280724623e-15 1e-20
5613.481136 3.274862732e-15 1e-20
5613.593534 3.215464546e-15 1e-20
5613.705932 3.154632546e-15 1e-20
5613.81833 3.061633834e-15 1e-20
5613.930728 2.971588726e-15 1e-20
5614.043126 2.947799594e-15 1e-20
5614.155524 2.923277143e-15 1e-20
5614.267922 2.882304889e-15 1e-20
5614.38032 2.843798983e-15 1e-20
5614.492718 2.860594164e-15 1e-20
5614.605116 2.881796881e-15 1e-20
5614.717514 3.001818273e-15 1e-20
5614.829912 3.11802717e-15 1e-20
5614.94231 3.148777219e-15 1e-20
5615.054708 3.177931246e-15 1e-20
5615.167106 3.171310201e-15 1e-20
5615.279504 3.162766391e-15 1e-20
5615.391902 3.111134651e-15 1e-20
5615.5043 3.059598414e-15 1e-20
5615.616698 3.01020284e-15 1e-20
5615.729096 2.965245508e-15 1e-20
5615.841494 3.019711632e-15 1e-20
5615.953892 3.074307353e-15 1e-20
5616.06629 3.13180162e-15 1e-20
5616.178688 3.185116626e-15 1e-20
5616.291086 3.144849103e-15 1e-20
5616.403484 3.105868012e-15 1e-20
5616.515882 3.095693029e-15 1e-20
5616.62828 3.08531264e-15 1e-20
5616.740678 3.070336039e-15 1e-20
5616.853076 3.054141404e-15 1e-20
5616.965474 3.010682685e-15 1e-20
5617.077872 2.970096677e-15 1e-20
5617.19027 2.993792212e-15 1e-20
5617.302668 3.016131647e-15 1e-20
5617.415066 3.008131633e-15 1e-20
5617.527464 3.000814327e-15 1e-20
5617.639862 3.008766272e-15 1e-20
5617.75226 3.019265881e-15 1e-20
5617.864658 3.08674349e-15 1e-20
5617.977056 3.153262682e-15 1e-20
5618.089454 3.198347493e-15 1e-20
5618.201852 3.243164006e-15 1e-20
5618.31425 3.281985008e-15 1e-20
5618.426648 3.318887269e-15 1e-20
5618.539046 3.312889217e-15 1e-20
5618.651444 3.304264939e-15 1e-20
5618.763842 3.236939161e-15 1e-20
5618.87624 3.171397022e-15 1e-20
5618.988638 3.145714983e-15 1e-20
5619.101036 3.1228218e-15 1e-20
5619.213434 3.16224589e-15 1e-20
5619.325832 3.202799286e-15 1e-20
5619.43823 3.268581135e-15 1e-20
5619.550628 3.32934855e-15 1e-20
5619.663026 3.278116397e-15 1e-20
5619.775424 3.228995474e-15 1e-20
5619.887822 3.227023581e-15 1e-20
5620.00022 3.228741999e-15 1e-20
5620.112618 3.312868465e-15 1e-20
5620.225016 3.391126262e-15 1e-20
5620.337414 3.338372203e-15 1e-20
5620.449812 3.286102224e-15 1e-20
5620.56221 3.244644196e-15 1e-20
5620.674608 3.20411007e-15 1e-20
5620.787006 3.18420056e-15 1e-20
5620.899404 3.164326414e-15 1e-20
5621.011802 3.145242339e-15 1e-20
5621.1242 3.129163536e-15 1e-20
5621.236598 3.180131626e-15 1e-20
5621.348996 3.231081081e-15 1e-20
5621.461394 3.281612314e-15 1e-20
5621.573792 3.333346757e-15 1e-20
5621.68619 3.411919015e-15 1e-20
5621.798588 3.482803814e-15 1e-20
5621.910986 3.382266086e-15 1e-20
5622.023384 3.280980215e-15 1e-20
5622.135782 3.163018384e-15 1e-20
5622.24818 3.053867389e-15 1e-20
5622.360578 3.141125123e-15 1e-20
5622.472976 3.227489873e-15 1e-20
5622.585374 3.293950196e-15 1e-20
5622.697772 3.359833054e-15 1e-20
5622.81017 3.412851175e-15 1e-20
5622.922568 3.462678312e-15 1e-20
5623.034966 3.441409738e-15 1e-20
5623.147364 3.419398104e-15 1e-20
5623.259762 3.380833118e-15 1e-20
5623.37216 3.34493565e-15 1e-20
5623.484558 3.368453731e-15 1e-20
5623.596956 3.388112307e-15 1e-20
5623.709354 3.321826685e-15 1e-20
5623.821752 3.256970219e-15 1e-20
5623.93415 3.223941228e-15 1e-20
5624.046548 3.189303934e-15 1e-20
5624.158946 3.118867215e-15 1e-20
5624.271344 3.048075378e-15 1e-20
5624.383742 2.969378605e-15 1e-20
5624.49614 2.898636531e-15 1e-20
5624.608538 3.004919472e-15 1e-20
5624.720936 3.107941549e-15 1e-20
5624.833334 3.138413771e-15 1e-20
5624.945732 3.165290761e-15 1e-20
5625.05813 3.112191536e-15 1e-20
5625.170528 3.061622187e-15 1e-20
5625.282926 3.067320601e-15 1e-20
5625.395324 3.073254702e-15 1e-20
5625.507722 3.084423679e-15 1e-20
5625.62012 3.099700553e-15 1e-20
5625.732518 3.206317437e-15 1e-20
5625.844916 3.311200233e-15 1e-20
5625.957314 3.377531383e-15 1e-20
5626.069712 3.436913899e-15 1e-20
5626.18211 3.341839533e-15 1e-20
5626.294508 3.248947547e-15 1e-20
5626.406906 3.204553703e-15 1e-20
5626.519304 3.162893446e-15 1e-20
5626.631702 3.181966934e-15 1e-20
5626.7441 3.202378522e-15 1e-20
5626.856498 3.252517367e-15 1e-20
5626.968896 3.301269407e-15 1e-20
5627.081294 3.319223965e-15 1e-20
5627.193692 3.333474235e-15 1e-20
5627.30609 3.265454101e-15 1e-20
5627.418488 3.199749756e-15 1e-20
5627.530886 3.185472804e-15 1e-20
5627.643284 3.174857999e-15 1e-20
5627.755682 3.245554756e-15 1e-20
5627.86808 3.313463717e-15 1e-20
5627.980478 3.319488239e-15 1e-20
5628.092876 3.325288932e-15 1e-20
5628.205274 3.32612093e-15 1e-20
5628.317672 3.32834651e-15 1e-20
5628.43007 3.361499167e-15 1e-20
5628.542468 3.389607956e-15 1e-20
5628.654866 3.305808022e-15 1e-20
5628.767264 3.222847709e-15 1e-20
5628.879662 3.158510686e-15 1e-20
5628.99206 3.096359644e-15 1e-20
5629.104458 3.082700179e-15 1e-20
5629.216856 3.070286064e-15 1e-20
5629.329254 3.085489035e-15 1e-20
5629.441652 3.105747522e-15 1e-20
5629.55405 3.238093455e-15 1e-20
5629.666448 3.36695406e-15 1e-20
5629.778846 3.418549589e-15 1e-20
5629.891244 3.461957275e-15 1e-20
5630.003642 3.323882434e-15 1e-20
5630.11604 3.189995113e-15 1e-20
5630.228438 3.14891105e-15 1e-20
5630.340836 3.112687686e-15 1e-20
5630.453234 3.184167526e-15 1e-20
5630.565632 3.250121958e-15 1e-20
5630.67803 3.193673353e-15 1e-20
5630.790428 3.136574227e-15 1e-20
5630.902826 3.065068976e-15 1e-20
5631.015224 2.998241676e-15 1e-20
5631.127622 3.035011165e-15 1e-20
5631.24002 3.072277015e-15 1e-20
5631.352418 3.120526552e-15 1e-20
5631.464816 3.164938396e-15 1e-20
5631.577214 3.124388387e-15 1e-20
5631.689612 3.087183947e-15 1e-20
5631.80201 3.124034539e-15 1e-20
5631.914408 3.160711489e-15 1e-20
5632.026806 3.193543545e-15 1e-20
5632.139204 3.223456726e-15 1e-20
5632.251602 3.188782161e-15 1e-20
5632.364 3.156612062e-15 1e-20
5632.476398 3.179851046e-15 1e-20
5632.588796 3.201966441e-15 1e-20
5632.701194 3.199223325e-15 1e-20
5632.813592 3.195518403e-15 1e-20
5632.92599 3.170536648e-15 1e-20
5633.038388 3.145827427e-15 1e-20
5633.150786 3.127137221e-15 1e-20
5633.263184 3.111456735e-15 1e-20
5633.375582 3.162311958e-15 1e-20
5633.48798 3.216692744e-15 1e-20
5633.600378 3.349012208e-15 1e-20
5633.712776 3.473171991e-15 1e-20
5633.825174 3.416990837e-15 1e-20
5633.937572 3.354539309e-15 1e-20
5634.04997 3.153527168e-15 1e-20
5634.162368 2.962251882e-15 1e-20
5634.274766 2.986102847e-15 1e-20
5634.387164 3.0124731e-15 1e-20
5634.499562 3.094490877e-15 1e-20
5634.61196 3.173099558e-15 1e-20
5634.724358 3.176415692e-15 1e-20
5634.836756 3.179756814e-15 1e-20
5634.949154 3.183652318e-15 1e-20
5635.061552 3.187398321e-15 1e-20
5635.17395 3.187845343e-15 1e-20
5635.286348 3.190443616e-15 1e-20
5635.398746 3.240532275e-15 1e-20
5635.511144 3.28736155e-15 1e-20
5635.623542 3.262246811e-15 1e-20
5635.73594 3.23193002e-15 1e-20
5635.848338 3.086805959e-15 1e-20
5635.960736 2.947272528e-15 1e-20
5636.073134 2.93109081e-15 1e-20
5636.185532 2.921270945e-15 1e-20
5636.29793 3.05179237e-15 1e-20
5636.410328 3.177560034e-15 1e-20
5636.522726 3.198474548e-15 1e-20
5636.635124 3.218540758e-15 1e-20
5636.747522 3.219893258e-15 1e-20
5636.85992 3.22347176e-15 1e-20
5636.972318 3.276137093e-15 1e-20
5637.084716 3.323329957e-15 1e-20
5637.197114 3.249878648e-15 1e-20
5637.309512 3.17678394e-15 1e-20
5637.42191 3.111549274e-15 1e-20
5637.534308 3.049175885e-15 1e-20
5637.646706 3.04986537e-15 1e-20
5637.759104 3.050523726e-15 1e-20
5637.871502 3.050492174e-15 1e-20
5637.9839 3.053205009e-15 1e-20
5638.096298 3.116381808e-15 1e-20
5638.208696 3.178175403e-15 1e-20
5638.321094 3.209503128e-15 1e-20
5638.433492 3.236755778e-15 1e-20
5638.54589 3.174262111e-15 1e-20
5638.658288 3.112007095e-15 1e-20
5638.770686 3.055013001e-15 1e-20
5638.883084 3.002527451e-15 1e-20
5638.995482 3.04931014e-15 1e-20
5639.10788 3.097275286e-15 1e-20
5639.220278 3.171269543e-15 1e-20
5639.332676 3.244089813e-15 1e-20
5639.445074 3.291070495e-15 1e-20
5639.557472 3.335856304e-15 1e-20
5639.66987 3.332341752e-15 1e-20
5639.782268 3.327933157e-15 1e-20
5639.894666 3.303855187e-15 1e-20
5640.007064 3.280389198e-15 1e-20
5640.119462 3.270387645e-15 1e-20
5640.23186 3.26181546e-15 1e-20
5640.344258 3.284682596e-15 1e-20
5640.456656 3.306311371e-15 1e-20
5640.569054 3.300707824e-15 1e-20
5640.681452 3.295584334e-15 1e-20
5640.79385 3.301019533e-15 1e-20
5640.906248 3.309543225e-15 1e-20
5641.018646 3.385972067e-15 1e-20
5641.131044 3.457730792e-15 1e-20
5641.243442 3.426840771e-15 1e-20
5641.35584 3.394493642e-15 1e-20
5641.468238 3.33012782e-15 1e-20
5641.580636 3.267914309e-15 1e-20
5641.693034 3.252988741e-15 1e-20
5641.805432 3.237185859e-15 1e-20
5641.91783 3.202108742e-15 1e-20
5642.030228 3.167838425e-15 1e-20
5642.142626 3.151289307e-15 1e-20
5642.255024 3.13573757e-15 1e-20
5642.367422 3.142087988e-15 1e-20
5642.47982 3.149027517e-15 1e-20
5642.592218 3.168899122e-15 1e-20
5642.704616 3.191100702e-15 1e-20
5642.817014 3.26445545e-15 1e-20
5642.929412 3.33498873e-15 1e-20
5643.04181 3.343591409e-15 1e-20
5643.154208 3.348794732e-15 1e-20
5643.266606 3.279395417e-15 1e-20
5643.379004 3.215019642e-15 1e-20
5643.491402 3.260875888e-15 1e-20
5643.6038 3.305055221e-15 1e-20
5643.716198 3.312448336e-15 1e-20
5643.828596 3.314801394e-15 1e-20
5643.940994 3.206596111e-15 1e-20
5644.053392 3.104451349e-15 1e-20
5644.16579 3.13523655e-15 1e-20
5644.278188 3.166766505e-15 1e-20
5644.390586 3.21463276e-15 1e-20
5644.502984 3.260096195e-15 1e-20
5644.615382 3.252878627e-15 1e-20
5644.72778 3.246982642e-15 1e-20
5644.840178 3.270056667e-15 1e-20
5644.952576 3.290927559e-15 1e-20
5645.064974 3.263509526e-15 1e-20
5645.177372 3.236092551e-15 1e-20
5645.28977 3.208698447e-15 1e-20
5645.402168 3.182879401e-15 1e-20
5645.514566 3.191570382e-15 1e-20
5645.626964 3.199018343e-15 1e-20
5645.739362 3.179231653e-15 1e-20
5645.85176 3.160698996e-15 1e-20
5645.964158 3.169633076e-15 1e-20
5646.076556 3.183074006e-15 1e-20
5646.188954 3.295218416e-15 1e-20
5646.301352 3.404219274e-15 1e-20
5646.41375 3.444388541e-15 1e-20
5646.526148 3.481151465e-15 1e-20
5646.638546 3.443343938e-15 1e-20
5646.750944 3.407161655e-15 1e-20
5646.863342 3.406560261e-15 1e-20
5646.97574 3.401376631e-15 1e-20
5647.088138 3.295913406e-15 1e-20
5647.200536 3.191322201e-15 1e-20
5647.312934 3.105819096e-15 1e-20
5647.425332 3.026036427e-15 1e-20
5647.53773 3.071414523e-15 1e-20
5647.650128 3.117197289e-15 1e-20
5647.762526 3.171828373e-15 1e-20
5647.874924 3.224384862e-15 1e-20
5647.987322 3.231560713e-15 1e-20
5648.09972 3.239540822e-15 1e-20
5648.212118 3.26510343e-15 1e-20
5648.324516 3.289383629e-15 1e-20
5648.436914 3.285627673e-15 1e-20
5648.549312 3.27921521e-15 1e-20
5648.66171 3.214733133e-15 1e-20
5648.774108 3.153442888e-15 1e-20
5648.886506 3.1619183e-15 1e-20
5648.998904 3.171320577e-15 1e-20
5649.111302 3.200976259e-15 1e-20
5649.2237 3.232511296e-15 1e-20
5649.336098 3.30511049e-15 1e-20
5649.448496 3.377079491e-15 1e-20
5649.560894 3.435277643e-15 1e-20
5649.673292 3.488433407e-15 1e-20
5649.78569 3.431449054e-15 1e-20
5649.898088 3.374561262e-15 1e-20
5650.010486 3.319776442e-15 1e-20
5650.122884 3.264276302e-15 1e-20
5650.235282 3.193152004e-15 1e-20
5650.34768 3.124188064e-15 1e-20
5650.460078 3.102386495e-15 1e-20
5650.572476 3.082295509e-15 1e-20
5650.684874 3.099544064e-15 1e-20
5650.797272 3.116445971e-15 1e-20
5650.90967 3.125777945e-15 1e-20
5651.022068 3.138073475e-15 1e-20
5651.134466 3.215034677e-15 1e-20
5651.246864 3.290350306e-15 1e-20
5651.359262 3.329762537e-15 1e-20
5651.47166 3.365700239e-15 1e-20
5651.584058 3.325850092e-15 1e-20
5651.696456 3.284508955e-15 1e-20
5651.808854 3.210649799e-15 1e-20
5651.921252 3.140035627e-15 1e-20
5652.03365 3.140188728e-15 1e-20
5652.146048 3.142305887e-15 1e-20
5652.258446 3.187249032e-15 1e-20
5652.370844 3.231848705e-15 1e-20
5652.483242 3.26896103e-15 1e-20
5652.59564 3.30396149e-15 1e-20
5652.708038 3.292938415e-15 1e-20
5652.820436 3.279824227e-15 1e-20
5652.932834 3.221141149e-15 1e-20
5653.045232 3.161645979e-15 1e-20
5653.15763 3.084459678e-15 1e-20
5653.270028 3.010387494e-15 1e-20
5653.382426 3.004153331e-15 1e-20
5653.494824 3.000222886e-15 1e-20
5653.607222 3.046464533e-15 1e-20
5653.71962 3.090882517e-15 1e-20
5653.832018 3.095585456e-15 1e-20
5653.944416 3.102524985e-15 1e-20
5654.056814 3.158163191e-15 1e-20
5654.169212 3.213092854e-15 1e-20
5654.28161 3.252594871e-15 1e-20
5654.394008 3.289962364e-15 1e-20
5654.506406 3.280865442e-15 1e-20
5654.618804 3.270996873e-15 1e-20
5654.731202 3.244340323e-15 1e-20
5654.8436 3.216654628e-15 1e-20
5654.955998 3.166575499e-15 1e-20
5655.068396 3.1187715e-15 1e-20
5655.180794 3.120468107e-15 1e-20
5655.293192 3.123228376e-15 1e-20
5655.40559 3.149130008e-15 1e-20
5655.517988 3.172863659e-15 1e-20
5655.630386 3.149445951e-15 1e-20
5655.742784 3.125967045e-15 1e-20
5655.855182 3.101153003e-15 1e-20
5655.96758 3.074383586e-15 1e-20
5656.079978 3.005103914e-15 1e-20
5656.192376 2.938966099e-15 1e-20
5656.304774 2.941128151e-15 1e-20
5656.417172 2.946832706e-15 1e-20
5656.52957 3.029534038e-15 1e-20
5656.641968 3.108963917e-15 1e-20
5656.754366 3.117305498e-15 1e-20
5656.866764 3.125925964e-15 1e-20
5656.979162 3.140604833e-15 1e-20
5657.09156 3.154184042e-15 1e-20
5657.203958 3.143870145e-15 1e-20
5657.316356 3.134686826e-15 1e-20
5657.428754 3.150063862e-15 1e-20
5657.541152 3.167280865e-15 1e-20
5657.65355 3.224454954e-15 1e-20
5657.765948 3.279101496e-15 1e-20
5657.878346 3.278860939e-15 1e-20
5657.990744 3.278321802e-15 1e-20
5658.103142 3.27129757e-15 1e-20
5658.21554 3.261761038e-15 1e-20
5658.327938 3.197684266e-15 1e-20
5658.440336 3.132927327e-15 1e-20
5658.552734 3.053410626e-15 1e-20
5658.665132 2.978195583e-15 1e-20
5658.77753 2.996323147e-15 1e-20
5658.889928 3.014647646e-15 1e-20
5659.002326 3.037244155e-15 1e-20
5659.114724 3.057082091e-15 1e-20
5659.227122 3.017077995e-15 1e-20
5659.33952 2.977648611e-15 1e-20
5659.451918 2.950685435e-15 1e-20
5659.564316 2.924187915e-15 1e-20
5659.676714 2.907785334e-15 1e-20
5659.789112 2.894244242e-15 1e-20
5659.90151 2.942739419e-15 1e-20
5660.013908 2.992620342e-15 1e-20
5660.126306 3.072544254e-15 1e-20
5660.238704 3.150493096e-15 1e-20
5660.351102 3.185641787e-15 1e-20
5660.4635 3.219892199e-15 1e-20
5660.575898 3.234677795e-15 1e-20
5660.688296 3.250023067e-15 1e-20
5660.800694 3.277497216e-15 1e-20
5660.913092 3.304610105e-15 1e-20
5661.02549 3.323899163e-15 1e-20
5661.137888 3.341741912e-15 1e-20
5661.250286 3.3282599e-15 1e-20
5661.362684 3.315278273e-15 1e-20
5661.475082 3.313130621e-15 1e-20
5661.58748 3.310134031e-15 1e-20
5661.699878 3.288750472e-15 1e-20
5661.812276 3.26713165e-15 1e-20
5661.924674 3.240419407e-15 1e-20
5662.037072 3.214048519e-15 1e-20
5662.14947 3.195062064e-15 1e-20
5662.261868 3.17622638e-15 1e-20
5662.374266 3.160658973e-15 1e-20
5662.486664 3.145657385e-15 1e-20
5662.599062 3.142903892e-15 1e-20
5662.71146 3.139191347e-15 1e-20
5662.823858 3.114733271e-15 1e-20
5662.936256 3.090709934e-15 1e-20
5663.048654 3.076088451e-15 1e-20
5663.161052 3.064742657e-15 1e-20
5663.27345 3.124245874e-15 1e-20
5663.385848 3.180759065e-15 1e-20
5663.498246 3.172613996e-15 1e-20
5663.610644 3.161763081e-15 1e-20
5663.723042 3.09241247e-15 1e-20
5663.83544 3.028473765e-15 1e-20
5663.947838 3.081529579e-15 1e-20
5664.060236 3.135248197e-15 1e-20
5664.172634 3.203297977e-15 1e-20
5664.285032 3.268385259e-15 1e-20
5664.39743 3.269453791e-15 1e-20
5664.509828 3.269864814e-15 1e-20
5664.622226 3.256072365e-15 1e-20
5664.734624 3.242652822e-15 1e-20
5664.847022 3.237293432e-15 1e-20
5664.95942 3.233933676e-15 1e-20
5665.071818 3.27376773e-15 1e-20
5665.184216 3.308827059e-15 1e-20
5665.296614 3.24076775e-15 1e-20
5665.409012 3.171996509e-15 1e-20
5665.52141 3.087850774e-15 1e-20
5665.633808 3.008587337e-15 1e-20
5665.746206 3.034731432e-15 1e-20
5665.858604 3.061021006e-15 1e-20
5665.971002 3.090448624e-15 1e-20
5666.0834 3.119928759e-15 1e-20
5666.195798 3.150544341e-15 1e-20
5666.308196 3.178833971e-15 1e-20
5666.420594 3.156930334e-15 1e-20
5666.532992 3.134949618e-15 1e-20
5666.64539 3.111305116e-15 1e-20
5666.757788 3.090254654e-15 1e-20
5666.870186 3.125163211e-15 1e-20
5666.982584 3.156718788e-15 1e-20
5667.094982 3.115955116e-15 1e-20
5667.20738 3.07555715e-15 1e-20
5667.319778 3.043045484e-15 1e-20
5667.432176 3.013567467e-15 1e-20
5667.544574 3.049494581e-15 1e-20
5667.656972 3.083549964e-15 1e-20
5667.76937 3.07725651e-15 1e-20
5667.881768 3.070650711e-15 1e-20
5667.994166 3.057314601e-15 1e-20
5668.106564 3.047022516e-15 1e-20
5668.218962 3.102326779e-15 1e-20
5668.33136 3.156722176e-15 1e-20
5668.443758 3.19153883e-15 1e-20
5668.556156 3.22028374e-15 1e-20
5668.668554 3.118227917e-15 1e-20
5668.780952 3.022237908e-15 1e-20
5668.89335 3.05690252e-15 1e-20
5669.005748 3.094888136e-15 1e-20
5669.118146 3.204391496e-15 1e-20
5669.230544 3.308398037e-15 1e-20
5669.342942 3.294047604e-15 1e-20
5669.45534 3.280365481e-15 1e-20
5669.567738 3.281076142e-15 1e-20
5669.680136 3.28249111e-15 1e-20
5669.792534 3.299070086e-15 1e-20
5669.904932 3.313122151e-15 1e-20
5670.01733 3.272790042e-15 1e-20
5670.129728 3.232936083e-15 1e-20
5670.242126 3.203368916e-15 1e-20
5670.354524 3.175272198e-15 1e-20
5670.466922 3.178811737e-15 1e-20
5670.57932 3.181916959e-15 1e-20
5670.691718 3.175682585e-15 1e-20
5670.804116 3.170339501e-15 1e-20
5670.916514 3.184172185e-15 1e-20
5671.028912 3.198245002e-15 1e-20
5671.14131 3.217488108e-15 1e-20
5671.253708 3.234895906e-15 1e-20
5671.366106 3.212844885e-15 1e-20
5671.478504 3.188703176e-15 1e-20
5671.590902 3.119616839e-15 1e-20
5671.7033 3.055994077e-15 1e-20
5671.815698 3.109802268e-15 1e-20
5671.928096 3.163415219e-15 1e-20
5672.040494 3.212833027e-15 1e-20
5672.152892 3.256454376e-15 1e-20
5672.26529 3.175532025e-15 1e-20
5672.377688 3.094051479e-15 1e-20
5672.490086 3.000574617e-15 1e-20
5672.602484 2.908958051e-15 1e-20
5672.714882 2.857299417e-15 1e-20
5672.82728 2.811380702e-15 1e-20
5672.939678 2.888737892e-15 1e-20
5673.052076 2.96561185e-15 1e-20
5673.164474 3.032107748e-15 1e-20
5673.276872 3.09277013e-15 1e-20
5673.38927 3.028195938e-15 1e-20
5673.501668 2.966712569e-15 1e-20
5673.614066 2.971578561e-15 1e-20
5673.726464 2.977603719e-15 1e-20
5673.838862 3.008507504e-15 1e-20
5673.95126 3.034653717e-15 1e-20
5674.063658 2.958715519e-15 1e-20
5674.176056 2.885704667e-15 1e-20
5674.288454 2.875502579e-15 1e-20
5674.400852 2.87018173e-15 1e-20
5674.51325 2.969567917e-15 1e-20
5674.625648 3.066571612e-15 1e-20
5674.738046 3.112467669e-15 1e-20
5674.850444 3.154879032e-15 1e-20
5674.962842 3.122557949e-15 1e-20
5675.07524 3.093004546e-15 1e-20
5675.187638 3.122798295e-15 1e-20
5675.300036 3.150697019e-15 1e-20
5675.412434 3.137977549e-15 1e-20
5675.524832 3.123377454e-15 1e-20
5675.63723 3.068467696e-15 1e-20
5675.749628 3.016974657e-15 1e-20
5675.862026 3.038701264e-15 1e-20
5675.974424 3.060926561e-15 1e-20
5676.086822 3.093839721e-15 1e-20
5676.19922 3.124779928e-15 1e-20
5676.311618 3.113453404e-15 1e-20
5676.424016 3.103967694e-15 1e-20
5676.536414 3.13391539e-15 1e-20
5676.648812 3.163641165e-15 1e-20
5676.76121 3.188615084e-15 1e-20
5676.873608 3.208778492e-15 1e-20
5676.986006 3.125924058e-15 1e-20
5677.098404 3.043016473e-15 1e-20
5677.210802 2.958964547e-15 1e-20
5677.3232 2.87784886e-15 1e-20
5677.435598 2.859582171e-15 1e-20
5677.547996 2.846289048e-15 1e-20
5677.660394 2.939441284e-15 1e-20
5677.772792 3.027889524e-15 1e-20
5677.88519 3.015671073e-15 1e-20
5677.997588 3.002910098e-15 1e-20
5678.109986 2.978545619e-15 1e-20
5678.222384 2.957025688e-15 1e-20
5678.334782 2.99636084e-15 1e-20
5678.44718 3.034389231e-15 1e-20
5678.559578 3.044468288e-15 1e-20
5678.671976 3.055486069e-15 1e-20
5678.784374 3.086580648e-15 1e-20
5678.896772 3.114358458e-15 1e-20
5679.00917 3.0712142e-15 1e-20
5679.121568 3.031784393e-15 1e-20
5679.233966 3.071763077e-15 1e-20
5679.346364 3.111551815e-15 1e-20
5679.458762 3.147283476e-15 1e-20
5679.57116 3.18036223e-15 1e-20
5679.683558 3.156744199e-15 1e-20
5679.795956 3.133890615e-15 1e-20
5679.908354 3.127372061e-15 1e-20
5680.020752 3.119393858e-15 1e-20
5680.13315 3.080228748e-15 1e-20
5680.245548 3.044887357e-15 1e-20
5680.357946 3.091227047e-15 1e-20
5680.470344 3.137813224e-15 1e-20
5680.582742 3.189666887e-15 1e-20
5680.69514 3.237809487e-15 1e-20
5680.807538 3.206702414e-15 1e-20
5680.919936 3.174434482e-15 1e-20
5681.032334 3.117382366e-15 1e-20
5681.144732 3.060087999e-15 1e-20
5681.25713 2.997624189e-15 1e-20
5681.369528 2.936764872e-15 1e-20
5681.481926 2.91015025e-15 1e-20
5681.594324 2.883902393e-15 1e-20
5681.706722 2.865478791e-15 1e-20
5681.81912 2.846842796e-15 1e-20
5681.931518 2.823672633e-15 1e-20
5682.043916 2.803276079e-15 1e-20
5682.156314 2.842049224e-15 1e-20
5682.268712 2.882684148e-15 1e-20
5682.38111 2.963033905e-15 1e-20
5682.493508 3.038009238e-15 1e-20
5682.605906 2.998363226e-15 1e-20
5682.718304 2.959126118e-15 1e-20
5682.830702 2.928613662e-15 1e-20
5682.9431 2.902334465e-15 1e-20
5683.055498 2.966315734e-15 1e-20
5683.167896 3.026276349e-15 1e-20
5683.280294 3.000529724e-15 1e-20
5683.392692 2.974807451e-15 1e-20
5683.50509 2.949605892e-15 1e-20
5683.617488 2.928865655e-15 1e-20
5683.729886 3.003194913e-15 1e-20
5683.842284 3.075709616e-15 1e-20
5683.954682 3.10956277e-15 1e-20
5684.06708 3.140226209e-15 1e-20
5684.179478 3.102938549e-15 1e-20
5684.291876 3.066715185e-15 1e-20
5684.404274 3.053159057e-15 1e-20
5684.516672 3.039780596e-15 1e-20
5684.62907 3.030186042e-15 1e-20
5684.741468 3.020857244e-15 1e-20
5684.853866 3.01718218e-15 1e-20
5684.966264 3.015296473e-15 1e-20
5685.078662 3.05150459e-15 1e-20
5685.19106 3.084719505e-15 1e-20
5685.303458 3.054220813e-15 1e-20
5685.415856 3.020498738e-15 1e-20
5685.528254 2.91817504e-15 1e-20
5685.640652 2.820208692e-15 1e-20
5685.75305 2.814964075e-15 1e-20
5685.865448 2.810387345e-15 1e-20
5685.977846 2.820016203e-15 1e-20
5686.090244 2.828643234e-15 1e-20
5686.202642 2.81595468e-15 1e-20
5686.31504 2.806146039e-15 1e-20
5686.427438 2.857585079e-15 1e-20
5686.539836 2.907747641e-15 1e-20
5686.652234 2.930763855e-15 1e-20
5686.764632 2.952611376e-15 1e-20
5686.87703 2.949616479e-15 1e-20
5686.989428 2.946932867e-15 1e-20
5687.101826 2.950871359e-15 1e-20
5687.214224 2.955338611e-15 1e-20
5687.326622 2.971042178e-15 1e-20
5687.43902 2.98474103e-15 1e-20
5687.551418 2.955838572e-15 1e-20
5687.663816 2.926317991e-15 1e-20
5687.776214 2.883669459e-15 1e-20
5687.888612 2.845627303e-15 1e-20
5688.00101 2.905450488e-15 1e-20
5688.113408 2.96350782e-15 1e-20
5688.225806 2.984054933e-15 1e-20
5688.338204 3.002355715e-15 1e-20
5688.450602 2.972952237e-15 1e-20
5688.563 2.946800518e-15 1e-20
5688.675398 2.989702737e-15 1e-20
5688.787796 3.03321969e-15 1e-20
5688.900194 3.089792385e-15 1e-20
5689.012592 3.139873632e-15 1e-20
5689.12499 3.052155323e-15 1e-20
5689.237388 2.962969107e-15 1e-20
5689.349786 2.842628171e-15 1e-20
5689.462184 2.730044152e-15 1e-20
5689.574582 2.782067857e-15 1e-20
5689.68698 2.835862919e-15 1e-20
5689.799378 2.927238081e-15 1e-20
5689.911776 3.012365739e-15 1e-20
5690.024174 2.964957728e-15 1e-20
5690.136572 2.918212733e-15 1e-20
5690.24897 2.885532931e-15 1e-20
5690.361368 2.858316916e-15 1e-20
5690.473766 2.94696569e-15 1e-20
5690.586164 3.032588651e-15 1e-20
5690.698562 3.054052677e-15 1e-20
5690.81096 3.073016898e-15 1e-20
5690.923358 3.038981208e-15 1e-20
5691.035756 3.009003018e-15 1e-20
5691.148154 3.06502726e-15 1e-20
5691.260552 3.116563497e-15 1e-20
5691.37295 3.072984711e-15 1e-20
5691.485348 3.027114065e-15 1e-20
5691.597746 2.932673068e-15 1e-20
5691.710144 2.842710334e-15 1e-20
5691.822542 2.847622489e-15 1e-20
5691.93494 2.8505384e-15 1e-20
5692.047338 2.811170638e-15 1e-20
5692.159736 2.774253131e-15 1e-20
5692.272134 2.789229309e-15 1e-20
5692.384532 2.806895028e-15 1e-20
5692.49693 2.881517148e-15 1e-20
5692.609328 2.951087352e-15 1e-20
5692.721726 2.913689789e-15 1e-20
5692.834124 2.876956934e-15 1e-20
5692.946522 2.854300497e-15 1e-20
5693.05892 2.834348213e-15 1e-20
5693.171318 2.871634815e-15 1e-20
5693.283716 2.905481828e-15 1e-20
5693.396114 2.8665397e-15 1e-20
5693.508512 2.8291811e-15 1e-20
5693.62091 2.825326465e-15 1e-20
5693.733308 2.823045617e-15 1e-20
5693.845706 2.854055705e-15 1e-20
5693.958104 2.883912981e-15 1e-20
5694.070502 2.889386084e-15 1e-20
5694.1829 2.894152127e-15 1e-20
5694.295298 2.883964438e-15 1e-20
5694.407696 2.873671294e-15 1e-20
5694.520094 2.861143676e-15 1e-20
5694.632492 2.848840523e-15 1e-20
5694.74489 2.841280118e-15 1e-20
5694.857288 2.833372854e-15 1e-20
5694.969686 2.818139814e-15 1e-20
5695.082084 2.80551987e-15 1e-20
5695.194482 2.848129015e-15 1e-20
5695.30688 2.890018394e-15 1e-20
5695.419278 2.916697603e-15 1e-20
5695.531676 2.941639123e-15 1e-20
5695.644074 2.929871718e-15 1e-20
5695.756472 2.917640986e-15 1e-20
5695.86887 2.895627446e-15 1e-20
5695.981268 2.870282315e-15 1e-20
5696.093666 2.774569074e-15 1e-20
5696.206064 2.68607446e-15 1e-20
5696.318462 2.750030741e-15 1e-20
5696.43086 2.817980783e-15 1e-20
5696.543258 2.970261849e-15 1e-20
5696.655656 3.113960988e-15 1e-20
5696.768054 3.076481898e-15 1e-20
5696.880452 3.037051244e-15 1e-20
5696.99285 2.956426413e-15 1e-20
5697.105248 2.882236279e-15 1e-20
5697.217646 2.943849032e-15 1e-20
5697.330044 3.005183111e-15 1e-20
5697.442442 3.060639841e-15 1e-20
5697.55484 3.111339845e-15 1e-20
5697.667238 3.061682115e-15 1e-20
5697.779636 3.013239242e-15 1e-20
5697.892034 2.99041848e-15 1e-20
5698.004432 2.968333367e-15 1e-20
5698.11683 2.961758909e-15 1e-20
5698.229228 2.954551082e-15 1e-20
5698.341626 2.933986392e-15 1e-20
5698.454024 2.916329779e-15 1e-20
5698.566422 2.959985433e-15 1e-20
5698.67882 3.003512339e-15 1e-20
5698.791218 3.044325986e-15 1e-20
5698.903616 3.080082211e-15 1e-20
5699.016014 3.009239976e-15 1e-20
5699.128412 2.941194643e-15 1e-20
5699.24081 2.932092638e-15 1e-20
5699.353208 2.921389954e-15 1e-20
5699.465606 2.876959899e-15 1e-20
5699.578004 2.834990264e-15 1e-20
5699.690402 2.844858197e-15 1e-20
5699.8028 2.857793661e-15 1e-20
5699.915198 2.935345033e-15 1e-20
5700.027596 3.008497551e-15 1e-20
5700.139994 2.989005841e-15 1e-20
5700.252392 2.967510474e-15 1e-20
5700.36479 2.903815714e-15 1e-20
5700.477188 2.842159127e-15 1e-20
5700.589586 2.823413441e-15 1e-20
5700.701984 2.80615578e-15 1e-20
5700.814382 2.820218221e-15 1e-20
5700.92678 2.836052231e-15 1e-20
5701.039178 2.889168397e-15 1e-20
5701.151576 2.944695853e-15 1e-20
5701.263974 3.050967783e-15 1e-20
5701.376372 3.150477426e-15 1e-20
5701.48877 3.107706921e-15 1e-20
5701.601168 3.062150524e-15 1e-20
5701.713566 2.957989612e-15 1e-20
5701.825964 2.85947968e-15 1e-20
5701.938362 2.879830706e-15 1e-20
5702.05076 2.898577662e-15 1e-20
5702.163158 2.883590049e-15 1e-20
5702.275556 2.868166215e-15 1e-20
5702.387954 2.843567107e-15 1e-20
5702.500352 2.821907628e-15 1e-20
5702.61275 2.862051272e-15 1e-20
5702.725148 2.899813483e-15 1e-20
5702.837546 2.887512871e-15 1e-20
5702.949944 2.875668597e-15 1e-20
5703.062342 2.873412102e-15 1e-20
5703.17474 2.868558815e-15 1e-20
5703.287138 2.809140089e-15 1e-20
5703.399536 2.752464902e-15 1e-20
5703.511934 2.753432426e-15 1e-20
5703.624332 2.753412944e-15 1e-20
5703.73673 2.732657249e-15 1e-20
5703.849128 2.712056349e-15 1e-20
5703.961526 2.694702338e-15 1e-20
5704.073924 2.682522851e-15 1e-20
5704.186322 2.779012609e-15 1e-20
5704.29872 2.871089114e-15 1e-20
5704.411118 2.870497038e-15 1e-20
5704.523516 2.871309978e-15 1e-20
5704.635914 2.901619781e-15 1e-20
5704.748312 2.931416494e-15 1e-20
5704.86071 2.950446995e-15 1e-20
5704.973108 2.963998464e-15 1e-20
5705.085506 2.86255801e-15 1e-20
5705.197904 2.765305498e-15 1e-20
5705.310302 2.755929902e-15 1e-20
5705.4227 2.753551857e-15 1e-20
5705.535098 2.897983257e-15 1e-20
5705.647496 3.035719708e-15 1e-20
5705.759894 3.033009626e-15 1e-20
5705.872292 3.02377379e-15 1e-20
5705.98469 2.877662725e-15 1e-20
5706.097088 2.737854007e-15 1e-20
5706.209486 2.730208476e-15 1e-20
5706.321884 2.727124218e-15 1e-20
5706.434282 2.819675484e-15 1e-20
5706.54668 2.910176296e-15 1e-20
5706.659078 2.957689339e-15 1e-20
5706.771476 3.002199014e-15 1e-20
5706.883874 2.983751907e-15 1e-20
5706.996272 2.969762946e-15 1e-20
5707.10867 3.049203837e-15 1e-20
5707.221068 3.12609897e-15 1e-20
5707.333466 3.149654957e-15 1e-20
5707.445864 3.165042157e-15 1e-20
5707.558262 3.009283174e-15 1e-20
5707.67066 2.860391088e-15 1e-20
5707.783058 2.855345101e-15 1e-20
5707.895456 2.852516646e-15 1e-20
5708.007854 2.896134396e-15 1e-20
5708.120252 2.935761562e-15 1e-20
5708.23265 2.891825963e-15 1e-20
5708.345048 2.848976683e-15 1e-20
5708.457446 2.828876592e-15 1e-20
5708.569844 2.810529646e-15 1e-20
5708.682242 2.828880191e-15 1e-20
5708.79464 2.846754704e-15 1e-20
5708.907038 2.854667262e-15 1e-20
5709.019436 2.860544824e-15 1e-20
5709.131834 2.823836745e-15 1e-20
5709.244232 2.787608935e-15 1e-20
5709.35663 2.761428205e-15 1e-20
5709.469028 2.735834893e-15 1e-20
5709.581426 2.72252737e-15 1e-20
5709.693824 2.710296214e-15 1e-20
5709.806222 2.720579194e-15 1e-20
5709.91862 2.728788637e-15 1e-20
5710.031018 2.693632535e-15 1e-20
5710.143416 2.661096517e-15 1e-20
5710.255814 2.683344896e-15 1e-20
5710.368212 2.708032519e-15 1e-20
5710.48061 2.783709618e-15 1e-20
5710.593008 2.853614824e-15 1e-20
5710.705406 2.802858069e-15 1e-20
5710.817804 2.756414617e-15 1e-20
5710.930202 2.800117705e-15 1e-20
5711.0426 2.845773205e-15 1e-20
5711.154998 2.932227952e-15 1e-20
5711.267396 3.010316978e-15 1e-20
5711.379794 2.913608474e-15 1e-20
5711.492192 2.820623738e-15 1e-20
5711.60459 2.805424579e-15 1e-20
5711.716988 2.792273757e-15 1e-20
5711.829386 2.821903393e-15 1e-20
5711.941784 2.852365027e-15 1e-20
5712.054182 2.900204812e-15 1e-20
5712.16658 2.947037476e-15 1e-20
5712.278978 2.972845511e-15 1e-20
5712.391376 2.994625693e-15 1e-20
5712.503774 2.932310326e-15 1e-20
5712.616172 2.872398627e-15 1e-20
5712.72857 2.862657112e-15 1e-20
5712.840968 2.852415214e-15 1e-20
5712.953366 2.831730669e-15 1e-20
5713.065764 2.813418664e-15 1e-20
5713.178162 2.844617852e-15 1e-20
5713.29056 2.874894833e-15 1e-20
5713.402958 2.885933366e-15 1e-20
5713.515356 2.89321065e-15 1e-20
5713.627754 2.822022824e-15 1e-20
5713.740152 2.758314724e-15 1e-20
5713.85255 2.850613575e-15 1e-20
5713.964948 2.939924305e-15 1e-20
5714.077346 2.96692348e-15 1e-20
5714.189744 2.991706605e-15 1e-20
5714.302142 2.970283448e-15 1e-20
5714.41454 2.952701797e-15 1e-20
5714.526938 3.015201394e-15 1e-20
5714.639336 3.06769986e-15 1e-20
5714.751734 2.911726366e-15 1e-20
5714.864132 2.759751291e-15 1e-20
5714.97653 2.691113247e-15 1e-20
5715.088928 2.628911806e-15 1e-20
5715.201326 2.700842056e-15 1e-20
5715.313724 2.772960347e-15 1e-20
5715.426122 2.848997647e-15 1e-20
5715.53852 2.92187848e-15 1e-20
5715.650918 2.929005415e-15 1e-20
5715.763316 2.933879878e-15 1e-20
5715.875714 2.891834645e-15 1e-20
5715.988112 2.852469847e-15 1e-20
5716.10051 2.868921345e-15 1e-20
5716.212908 2.884197584e-15 1e-20
5716.325306 2.875003676e-15 1e-20
5716.437704 2.862257948e-15 1e-20
5716.550102 2.775575137e-15 1e-20
5716.6625 2.695890301e-15 1e-20
5716.774898 2.761862521e-15 1e-20
5716.887296 2.829665603e-15 1e-20
5716.999694 2.935572885e-15 1e-20
5717.112092 3.035176336e-15 1e-20
5717.22449 3.003607842e-15 1e-20
5717.336888 2.971299041e-15 1e-20
5717.449286 2.923591392e-15 1e-20
5717.561684 2.874005236e-15 1e-20
5717.674082 2.78534291e-15 1e-20
5717.78648 2.70339586e-15 1e-20
5717.898878 2.761113956e-15 1e-20
5718.011276 2.815835672e-15 1e-20
5718.123674 2.808246257e-15 1e-20
5718.236072 2.798607657e-15 1e-20
5718.34847 2.746364359e-15 1e-20
5718.460868 2.695718142e-15 1e-20
5718.573266 2.678270745e-15 1e-20
5718.685664 2.664612339e-15 1e-20
5718.798062 2.729714021e-15 1e-20
5718.91046 2.797926219e-15 1e-20
5719.022858 2.930778255e-15 1e-20
5719.135256 3.056294562e-15 1e-20
5719.247654 3.029390042e-15 1e-20
5719.360052 2.998490069e-15 1e-20
5719.47245 2.884585737e-15 1e-20
5719.584848 2.775731627e-15 1e-20
5719.697246 2.771781489e-15 1e-20
5719.809644 2.767710013e-15 1e-20
5719.922042 2.761115015e-15 1e-20
5720.03444 2.752311166e-15 1e-20
5720.146838 2.697637942e-15 1e-20
5720.259236 2.648744024e-15 1e-20
5720.371634 2.719842275e-15 1e-20
5720.484032 2.784990544e-15 1e-20
5720.59643 2.726624892e-15 1e-20
5720.708828 2.669240527e-15 1e-20
5720.821226 2.632225399e-15 1e-20
5720.933624 2.604945644e-15 1e-20
5721.046022 2.779695741e-15 1e-20
5721.15842 2.948658485e-15 1e-20
5721.270818 2.997537157e-15 1e-20
5721.383216 3.041608281e-15 1e-20
5721.495614 2.985945511e-15 1e-20
5721.608012 2.93183387e-15 1e-20
5721.72041 2.909893387e-15 1e-20
5721.832808 2.888881888e-15 1e-20
5721.945206 2.887138906e-15 1e-20
5722.057604 2.885781535e-15 1e-20
5722.170002 2.892420368e-15 1e-20
5722.2824 2.896879361e-15 1e-20
5722.394798 2.856136229e-15 1e-20
5722.507196 2.81645083e-15 1e-20
5722.619594 2.798694902e-15 1e-20
5722.731992 2.785746309e-15 1e-20
5722.84439 2.87244119e-15 1e-20
5722.956788 2.950926204e-15 1e-20
5723.069186 2.859282957e-15 1e-20
5723.181584 2.765604077e-15 1e-20
5723.293982 2.629750157e-15 1e-20
5723.40638 2.506346139e-15 1e-20
5723.518778 2.640861747e-15 1e-20
5723.631176 2.771204024e-15 1e-20
5723.743574 2.815107647e-15 1e-20
5723.855972 2.854459739e-15 1e-20
5723.96837 2.799549558e-15 1e-20
5724.080768 2.745905479e-15 1e-20
5724.193166 2.718478341e-15 1e-20
5724.305564 2.691668689e-15 1e-20
5724.417962 2.677642247e-15 1e-20
5724.53036 2.66295999e-15 1e-20
5724.642758 2.6347053e-15 1e-20
5724.755156 2.608329964e-15 1e-20
5724.867554 2.620848476e-15 1e-20
5724.979952 2.635207802e-15 1e-20
5725.09235 2.687659047e-15 1e-20
5725.204748 2.737214921e-15 1e-20
5725.317146 2.72686799e-15 1e-20
5725.429544 2.718439589e-15 1e-20
5725.541942 2.749703151e-15 1e-20
5725.65434 2.780512916e-15 1e-20
5725.766738 2.801935015e-15 1e-20
5725.879136 2.825138635e-15 1e-20
5725.991534 2.885185224e-15 1e-20
5726.103932 2.940833383e-15 1e-20
5726.21633 2.905528838e-15 1e-20
5726.328728 2.868133604e-15 1e-20
5726.441126 2.787520843e-15 1e-20
5726.553524 2.711170564e-15 1e-20
5726.665922 2.722926534e-15 1e-20
5726.77832 2.733169068e-15 1e-20
5726.890718 2.712130887e-15 1e-20
5727.003116 2.692163144e-15 1e-20
5727.115514 2.694312279e-15 1e-20
5727.227912 2.696939775e-15 1e-20
5727.34031 2.709455957e-15 1e-20
5727.452708 2.719487792e-15 1e-20
5727.565106 2.678205736e-15 1e-20
5727.677504 2.638449397e-15 1e-20
5727.789902 2.630205861e-15 1e-20
5727.9023 2.625479629e-15 1e-20
5728.014698 2.693391766e-15 1e-20
5728.127096 2.757354188e-15 1e-20
5728.239494 2.739758138e-15 1e-20
5728.351892 2.722104065e-15 1e-20
5728.46429 2.703251018e-15 1e-20
5728.576688 2.685599486e-15 1e-20
5728.689086 2.692751409e-15 1e-20
5728.801484 2.695890089e-15 1e-20
5728.913882 2.6161989e-15 1e-20
5729.02628 2.538510309e-15 1e-20
5729.138678 2.502147608e-15 1e-20
5729.251076 2.468629244e-15 1e-20
5729.363474 2.493793957e-15 1e-20
5729.475872 2.519588864e-15 1e-20
5729.58827 2.558388055e-15 1e-20
5729.700668 2.598848489e-15 1e-20
5729.813066 2.673575218e-15 1e-20
5729.925464 2.745044894e-15 1e-20
5730.037862 2.749347398e-15 1e-20
5730.15026 2.751344489e-15 1e-20
5730.262658 2.705801645e-15 1e-20
5730.375056 2.660266213e-15 1e-20
5730.487454 2.614879011e-15 1e-20
5730.599852 2.573460583e-15 1e-20
5730.71225 2.613847325e-15 1e-20
5730.824648 2.656046083e-15 1e-20
5730.937046 2.73559243e-15 1e-20
5731.049444 2.811513475e-15 1e-20
5731.161842 2.812734473e-15 1e-20
5731.27424 2.813700726e-15 1e-20
5731.386638 2.809416645e-15 1e-20
5731.499036 2.803923213e-15 1e-20
5731.611434 2.773516212e-15 1e-20
5731.723832 2.741718807e-15 1e-20
5731.83623 2.681289147e-15 1e-20
5731.948628 2.620030878e-15 1e-20
5732.061026 2.54170807e-15 1e-20
5732.173424 2.467797669e-15 1e-20
5732.285822 2.484737269e-15 1e-20
5732.39822 2.505423508e-15 1e-20
5732.510618 2.603242261e-15 1e-20
5732.623016 2.695569064e-15 1e-20
5732.735414 2.674850003e-15 1e-20
5732.847812 2.654116542e-15 1e-20
5732.96021 2.633089584e-15 1e-20
5733.072608 2.6152426e-15 1e-20
5733.185006 2.662831664e-15 1e-20
5733.297404 2.709346902e-15 1e-20
5733.409802 2.733766438e-15 1e-20
5733.5222 2.756239916e-15 1e-20
5733.634598 2.738681982e-15 1e-20
5733.746996 2.718467964e-15 1e-20
5733.859394 2.643628157e-15 1e-20
5733.971792 2.573251154e-15 1e-20
5734.08419 2.594646147e-15 1e-20
5734.196588 2.618376622e-15 1e-20
5734.308986 2.690121795e-15 1e-20
5734.421384 2.757369011e-15 1e-20
5734.533782 2.73214797e-15 1e-20
5734.64618 2.706223044e-15 1e-20
5734.758578 2.665829314e-15 1e-20
5734.870976 2.627696949e-15 1e-20
5734.983374 2.636034294e-15 1e-20
5735.095772 2.645448007e-15 1e-20
5735.20817 2.676973726e-15 1e-20
5735.320568 2.707499735e-15 1e-20
5735.432966 2.717489641e-15 1e-20
5735.545364 2.725790776e-15 1e-20
5735.657762 2.69939977e-15 1e-20
5735.77016 2.674679749e-15 1e-20
5735.882558 2.684281291e-15 1e-20
5735.994956 2.694425993e-15 1e-20
5736.107354 2.715725695e-15 1e-20
5736.219752 2.733414708e-15 1e-20
5736.33215 2.676974573e-15 1e-20
5736.444548 2.621706732e-15 1e-20
5736.556946 2.590503944e-15 1e-20
5736.669344 2.563729445e-15 1e-20
5736.781742 2.627843274e-15 1e-20
5736.89414 2.691125317e-15 1e-20
5737.006538 2.737342611e-15 1e-20
5737.118936 2.781646881e-15 1e-20
5737.231334 2.786699221e-15 1e-20
5737.343732 2.790403508e-15 1e-20
5737.45613 2.766444334e-15 1e-20
5737.568528 2.74146385e-15 1e-20
5737.680926 2.695531159e-15 1e-20
5737.793324 2.653353154e-15 1e-20
5737.905722 2.68817976e-15 1e-20
5738.01812 2.721997551e-15 1e-20
5738.130518 2.735129738e-15 1e-20
5738.242916 2.745978748e-15 1e-20
5738.355314 2.710018599e-15 1e-20
5738.467712 2.675562781e-15 1e-20
5738.58011 2.671947221e-15 1e-20
5738.692508 2.668833316e-15 1e-20
5738.804906 2.675999427e-15 1e-20
5738.917304 2.682623012e-15 1e-20
5739.029702 2.678129926e-15 1e-20
5739.1421 2.673634299e-15 1e-20
5739.254498 2.66908425e-15 1e-20
5739.366896 2.664226092e-15 1e-20
5739.479294 2.653052457e-15 1e-20
5739.591692 2.64000095e-15 1e-20
5739.70409 2.588479747e-15 1e-20
5739.816488 2.540392205e-15 1e-20
5739.928886 2.562628302e-15 1e-20
5740.041284 2.58438032e-15 1e-20
5740.153682 2.596219299e-15 1e-20
5740.26608 2.606290733e-15 1e-20
5740.378478 2.580173107e-15 1e-20
5740.490876 2.557455895e-15 1e-20
5740.603274 2.604345945e-15 1e-20
5740.715672 2.651007084e-15 1e-20
5740.82807 2.692978625e-15 1e-20
5740.940468 2.734547403e-15 1e-20
5741.052866 2.767868408e-15 1e-20
5741.165264 2.797922408e-15 1e-20
5741.277662 2.761123273e-15 1e-20
5741.39006 2.721835344e-15 1e-20
5741.502458 2.631630994e-15 1e-20
5741.614856 2.547241948e-15 1e-20
5741.727254 2.581804492e-15 1e-20
5741.839652 2.617213434e-15 1e-20
5741.95205 2.669930647e-15 1e-20
5742.064448 2.719571437e-15 1e-20
5742.176846 2.706303301e-15 1e-20
5742.289244 2.693614747e-15 1e-20
5742.401642 2.692772161e-15 1e-20
5742.51404 2.691896541e-15 1e-20
5742.626438 2.690343506e-15 1e-20
5742.738836 2.690329742e-15 1e-20
5742.851234 2.721775416e-15 1e-20
5742.963632 2.749442265e-15 1e-20
5743.07603 2.69988872e-15 1e-20
5743.188428 2.648975899e-15 1e-20
5743.300826 2.57029522e-15 1e-20
5743.413224 2.497973642e-15 1e-20
5743.525622 2.555567859e-15 1e-20
5743.63802 2.612434898e-15 1e-20
5743.750418 2.65445112e-15 1e-20
5743.862816 2.695915924e-15 1e-20
5743.975214 2.726123025e-15 1e-20
5744.087612 2.758882024e-15 1e-20
5744.20001 2.843751337e-15 1e-20
5744.312408 2.922537048e-15 1e-20
5744.424806 2.877112365e-15 1e-20
5744.537204 2.828916826e-15 1e-20
5744.649602 2.724157061e-15 1e-20
5744.762 2.628213216e-15 1e-20
5744.874398 2.712210932e-15 1e-20
5744.986796 2.795102423e-15 1e-20
5745.099194 2.855416675e-15 1e-20
5745.211592 2.906854656e-15 1e-20
5745.32399 2.777181324e-15 1e-20
5745.436388 2.650540581e-15 1e-20
5745.548786 2.585772842e-15 1e-20
5745.661184 2.526099582e-15 1e-20
5745.773582 2.570343925e-15 1e-20
5745.88598 2.614916493e-15 1e-20
5745.998378 2.666188032e-15 1e-20
5746.110776 2.715706002e-15 1e-20
5746.223174 2.72946097e-15 1e-20
5746.335572 2.741659515e-15 1e-20
5746.44797 2.722121006e-15 1e-20
5746.560368 2.704556295e-15 1e-20
5746.672766 2.72722925e-15 1e-20
5746.785164 2.749342739e-15 1e-20
5746.897562 2.760050929e-15 1e-20
5747.00996 2.767586134e-15 1e-20
5747.122358 2.710461809e-15 1e-20
5747.234756 2.654662455e-15 1e-20
5747.347154 2.625855288e-15 1e-20
5747.459552 2.602695501e-15 1e-20
5747.57195 2.694588835e-15 1e-20
5747.684348 2.781379643e-15 1e-20
5747.796746 2.764234213e-15 1e-20
5747.909144 2.744343762e-15 1e-20
5748.021542 2.668554007e-15 1e-20
5748.13394 2.599298052e-15 1e-20
5748.246338 2.663088103e-15 1e-20
5748.358736 2.722959145e-15 1e-20
5748.471134 2.703033542e-15 1e-20
5748.583532 2.68156888e-15 1e-20
5748.69593 2.628772681e-15 1e-20
5748.808328 2.580490956e-15 1e-20
5748.920726 2.624095153e-15 1e-20
5749.033124 2.664486978e-15 1e-20
5749.145522 2.6395084e-15 1e-20
5749.25792 2.611475845e-15 1e-20
5749.370318 2.521299023e-15 1e-20
5749.482716 2.436458086e-15 1e-20
5749.595114 2.46017522e-15 1e-20
5749.707512 2.489224638e-15 1e-20
5749.81991 2.626739167e-15 1e-20
5749.932308 2.75852987e-15 1e-20
5750.044706 2.773909871e-15 1e-20
5750.157104 2.782457068e-15 1e-20
5750.269502 2.652059523e-15 1e-20
5750.3819 2.524175547e-15 1e-20
5750.494298 2.447394975e-15 1e-20
5750.606696 2.374729924e-15 1e-20
5750.719094 2.385736059e-15 1e-20
5750.831492 2.399241575e-15 1e-20
5750.94389 2.463549164e-15 1e-20
5751.056288 2.528729196e-15 1e-20
5751.168686 2.611632969e-15 1e-20
5751.281084 2.69243356e-15 1e-20
5751.393482 2.730502185e-15 1e-20
5751.50588 2.767228898e-15 1e-20
5751.618278 2.776690892e-15 1e-20
5751.730676 2.785440954e-15 1e-20
5751.843074 2.779726446e-15 1e-20
5751.955472 2.772237404e-15 1e-20
5752.06787 2.728709652e-15 1e-20
5752.180268 2.689462592e-15 1e-20
5752.292666 2.737136147e-15 1e-20
5752.405064 2.785403473e-15 1e-20
5752.517462 2.845721536e-15 1e-20
5752.62986 2.898457807e-15 1e-20
5752.742258 2.797278027e-15 1e-20
5752.854656 2.69499054e-15 1e-20
5752.967054 2.57022047e-15 1e-20
5753.079452 2.453239714e-15 1e-20
5753.19185 2.494330341e-15 1e-20
5753.304248 2.537504457e-15 1e-20
5753.416646 2.622954835e-15 1e-20
5753.529044 2.701664101e-15 1e-20
5753.641442 2.643614816e-15 1e-20
5753.75384 2.584677628e-15 1e-20
5753.866238 2.507725955e-15 1e-20
5753.978636 2.435650228e-15 1e-20
5754.091034 2.462469832e-15 1e-20
5754.203432 2.482447104e-15 1e-20
5754.31583 2.36367318e-15 1e-20
5754.428228 2.238341103e-15 1e-20
5754.540626 1.980038194e-15 1e-20
5754.653024 1.744130942e-15 1e-20
5754.765422 1.962232079e-15 1e-20
5754.87782 2.182513796e-15 1e-20
5754.990218 2.446987552e-15 1e-20
5755.102616 2.694543942e-15 1e-20
5755.215014 2.599249136e-15 1e-20
5755.327412 2.508689244e-15 1e-20
5755.43981 2.514074256e-15 1e-20
5755.552208 2.522093328e-15 1e-20
5755.664606 2.583479076e-15 1e-20
5755.777004 2.641656687e-15 1e-20
5755.889402 2.634846119e-15 1e-20
5756.0018 2.629937775e-15 1e-20
5756.114198 2.663556513e-15 1e-20
5756.226596 2.697235178e-15 1e-20
5756.338994 2.732133994e-15 1e-20
5756.451392 2.764780126e-15 1e-20
5756.56379 2.75182264e-15 1e-20
5756.676188 2.737266167e-15 1e-20
5756.788586 2.690341388e-15 1e-20
5756.900984 2.645025761e-15 1e-20
5757.013382 2.632274103e-15 1e-20
5757.12578 2.622439839e-15 1e-20
5757.238178 2.671642501e-15 1e-20
5757.350576 2.718430483e-15 1e-20
5757.462974 2.716358852e-15 1e-20
5757.575372 2.715682285e-15 1e-20
5757.68777 2.743226314e-15 1e-20
5757.800168 2.768625444e-15 1e-20
5757.912566 2.750634464e-15 1e-20
5758.024964 2.732095242e-15 1e-20
5758.137362 2.702468147e-15 1e-20
5758.24976 2.674023934e-15 1e-20
5758.362158 2.669502896e-15 1e-20
5758.474556 2.665570122e-15 1e-20
5758.586954 2.673531808e-15 1e-20
5758.699352 2.683047376e-15 1e-20
5758.81175 2.723982572e-15 1e-20
5758.924148 2.761319997e-15 1e-20
5759.036546 2.725935195e-15 1e-20
5759.148944 2.692112746e-15 1e-20
5759.261342 2.689859215e-15 1e-20
5759.37374 2.691427496e-15 1e-20
5759.486138 2.770221889e-15 1e-20
5759.598536 2.844169136e-15 1e-20
5759.710934 2.820188998e-15 1e-20
5759.823332 2.794287789e-15 1e-20
5759.93573 2.729581672e-15 1e-20
5760.048128 2.666472e-15 1e-20
5760.160526 2.635610566e-15 1e-20
5760.272924 2.604364156e-15 1e-20
5760.385322 2.565346854e-15 1e-20
5760.49772 2.531257801e-15 1e-20
5760.610118 2.596672038e-15 1e-20
5760.722516 2.66062112e-15 1e-20
5760.834914 2.694992235e-15 1e-20
5760.947312 2.725061057e-15 1e-20
5761.05971 2.668286345e-15 1e-20
5761.172108 2.613347576e-15 1e-20
5761.284506 2.595460569e-15 1e-20
5761.396904 2.577453284e-15 1e-20
5761.509302 2.557022849e-15 1e-20
5761.6217 2.53740239e-15 1e-20
5761.734098 2.534129878e-15 1e-20
5761.846496 2.532949538e-15 1e-20
5761.958894 2.573971132e-15 1e-20
5762.071292 2.613971416e-15 1e-20
5762.18369 2.633371435e-15 1e-20
5762.296088 2.653639239e-15 1e-20
5762.408486 2.691404415e-15 1e-20
5762.520884 2.728552739e-15 1e-20
5762.633282 2.753264713e-15 1e-20
5762.74568 2.772760235e-15 1e-20
5762.858078 2.687086876e-15 1e-20
5762.970476 2.601806964e-15 1e-20
5763.082874 2.524455703e-15 1e-20
5763.195272 2.453033462e-15 1e-20
5763.30767 2.501106816e-15 1e-20
5763.420068 2.550304396e-15 1e-20
5763.532466 2.622159471e-15 1e-20
5763.644864 2.69297079e-15 1e-20
5763.757262 2.742749434e-15 1e-20
5763.86966 2.789708517e-15 1e-20
5763.982058 2.779864936e-15 1e-20
5764.094456 2.768685795e-15 1e-20
5764.206854 2.730607852e-15 1e-20
5764.319252 2.694469827e-15 1e-20
5764.43165 2.697402679e-15 1e-20
5764.544048 2.699768018e-15 1e-20
5764.656446 2.690699895e-15 1e-20
5764.768844 2.680052691e-15 1e-20
5764.881242 2.637614646e-15 1e-20
5764.99364 2.598230791e-15 1e-20
5765.106038 2.620327974e-15 1e-20
5765.218436 2.644676783e-15 1e-20
5765.330834 2.714345032e-15 1e-20
5765.443232 2.780578138e-15 1e-20
5765.55563 2.77768912e-15 1e-20
5765.668028 2.771900709e-15 1e-20
5765.780426 2.707772903e-15 1e-20
5765.892824 2.647737749e-15 1e-20
5766.005222 2.67003335e-15 1e-20
5766.11762 2.693828623e-15 1e-20
5766.230018 2.747786739e-15 1e-20
5766.342416 2.79718083e-15 1e-20
5766.454814 2.754787678e-15 1e-20
5766.567212 2.714100874e-15 1e-20
5766.67961 2.707725893e-15 1e-20
5766.792008 2.701416979e-15 1e-20
5766.904406 2.696436426e-15 1e-20
5767.016804 2.688963901e-15 1e-20
5767.129202 2.631396577e-15 1e-20
5767.2416 2.577198539e-15 1e-20
5767.353998 2.590711467e-15 1e-20
5767.466396 2.607286632e-15 1e-20
5767.578794 2.68539641e-15 1e-20
5767.691192 2.759991637e-15 1e-20
5767.80359 2.76397121e-15 1e-20
5767.915988 2.761681044e-15 1e-20
5768.028386 2.633441103e-15 1e-20
5768.140784 2.511384926e-15 1e-20
5768.253182 2.513531731e-15 1e-20
5768.36558 2.519605169e-15 1e-20
5768.477978 2.60453208e-15 1e-20
5768.590376 2.68483631e-15 1e-20
5768.702774 2.672321186e-15 1e-20
5768.815172 2.662434617e-15 1e-20
5768.92757 2.705316719e-15 1e-20
5769.039968 2.744967602e-15 1e-20
5769.152366 2.719755031e-15 1e-20
5769.264764 2.69273955e-15 1e-20
5769.377162 2.629539246e-15 1e-20
5769.48956 2.569512774e-15 1e-20
5769.601958 2.573171744e-15 1e-20
5769.714356 2.576672531e-15 1e-20
5769.826754 2.57700118e-15 1e-20
5769.939152 2.577179692e-15 1e-20
5770.05155 2.574350602e-15 1e-20
5770.163948 2.573393243e-15 1e-20
5770.276346 2.609975749e-15 1e-20
5770.388744 2.644222986e-15 1e-20
5770.501142 2.6316329e-15 1e-20
5770.61354 2.617687137e-15 1e-20
5770.725938 2.576553947e-15 1e-20
5770.838336 2.537569891e-15 1e-20
5770.950734 2.541672918e-15 1e-20
5771.063132 2.547028708e-15 1e-20
5771.17553 2.577496695e-15 1e-20
5771.287928 2.608672589e-15 1e-20
5771.400326 2.654032262e-15 1e-20
5771.512724 2.696663642e-15 1e-20
5771.625122 2.684619469e-15 1e-20
5771.73752 2.673403906e-15 1e-20
5771.849918 2.678789553e-15 1e-20
5771.962316 2.686915987e-15 1e-20
5772.074714 2.749951544e-15 1e-20
5772.187112 2.810456378e-15 1e-20
5772.29951 2.820262902e-15 1e-20
5772.411908 2.826929051e-15 1e-20
5772.524306 2.770702369e-15 1e-20
5772.636704 2.714885862e-15 1e-20
5772.749102 2.667285363e-15 1e-20
5772.8615 2.62138613e-15 1e-20
5772.973898 2.609555621e-15 1e-20
5773.086296 2.604649606e-15 1e-20
5773.198694 2.738359474e-15 1e-20
5773.311092 2.869343167e-15 1e-20
5773.42349 2.945756339e-15 1e-20
5773.535888 3.013962396e-15 1e-20
5773.648286 2.917922624e-15 1e-20
5773.760684 2.823492215e-15 1e-20
5773.873082 2.761267057e-15 1e-20
5773.98548 2.701347099e-15 1e-20
5774.097878 2.687547027e-15 1e-20
5774.210276 2.675150276e-15 1e-20
5774.322674 2.690824832e-15 1e-20
5774.435072 2.70565892e-15 1e-20
5774.54747 2.703683428e-15 1e-20
5774.659868 2.701129624e-15 1e-20
5774.772266 2.687012549e-15 1e-20
5774.884664 2.673518044e-15 1e-20
5774.997062 2.672467511e-15 1e-20
5775.10946 2.673146196e-15 1e-20
5775.221858 2.708394413e-15 1e-20
5775.334256 2.744760079e-15 1e-20
5775.446654 2.80346645e-15 1e-20
5775.559052 2.858123369e-15 1e-20
5775.67145 2.831859842e-15 1e-20
5775.783848 2.804443926e-15 1e-20
5775.896246 2.754001632e-15 1e-20
5776.008644 2.702425584e-15 1e-20
5776.121042 2.628191828e-15 1e-20
5776.23344 2.559048529e-15 1e-20
5776.345838 2.59159217e-15 1e-20
5776.458236 2.628354035e-15 1e-20
5776.570634 2.749366879e-15 1e-20
5776.683032 2.861093066e-15 1e-20
5776.79543 2.787366895e-15 1e-20
5776.907828 2.717804738e-15 1e-20
5777.020226 2.731387334e-15 1e-20
5777.132624 2.747641261e-15 1e-20
5777.245022 2.817227136e-15 1e-20
5777.35742 2.882886377e-15 1e-20
5777.469818 2.870173471e-15 1e-20
5777.582216 2.859290157e-15 1e-20
5777.694614 2.884924338e-15 1e-20
5777.807012 2.905239576e-15 1e-20
5777.91941 2.81942328e-15 1e-20
5778.031808 2.731293949e-15 1e-20
5778.144206 2.597016992e-15 1e-20
5778.256604 2.469385856e-15 1e-20
5778.369002 2.474328929e-15 1e-20
5778.4814 2.482676862e-15 1e-20
5778.593798 2.558937779e-15 1e-20
5778.706196 2.635362809e-15 1e-20
5778.818594 2.715067127e-15 1e-20
5778.930992 2.79206581e-15 1e-20
5779.04339 2.815114847e-15 1e-20
5779.155788 2.836973379e-15 1e-20
5779.268186 2.835095719e-15 1e-20
5779.380584 2.831852642e-15 1e-20
5779.492982 2.801389737e-15 1e-20
5779.60538 2.766677268e-15 1e-20
5779.717778 2.647275269e-15 1e-20
5779.830176 2.533631399e-15 1e-20
5779.942574 2.534728942e-15 1e-20
5780.054972 2.540515448e-15 1e-20
5780.16737 2.639724182e-15 1e-20
5780.279768 2.735531443e-15 1e-20
5780.392166 2.76357501e-15 1e-20
5780.504564 2.788707536e-15 1e-20
5780.616962 2.755855363e-15 1e-20
5780.72936 2.723428613e-15 1e-20
5780.841758 2.699474521e-15 1e-20
5780.954156 2.67920227e-15 1e-20
5781.066554 2.732238814e-15 1e-20
5781.178952 2.783732488e-15 1e-20
5781.29135 2.804507242e-15 1e-20
5781.403748 2.821686976e-15 1e-20
5781.516146 2.767309155e-15 1e-20
5781.628544 2.713004814e-15 1e-20
5781.740942 2.660157158e-15 1e-20
5781.85334 2.609912645e-15 1e-20
5781.965738 2.61147161e-15 1e-20
5782.078136 2.613998944e-15 1e-20
5782.190534 2.635794161e-15 1e-20
5782.302932 2.656186902e-15 1e-20
5782.41533 2.648683885e-15 1e-20
5782.527728 2.642327538e-15 1e-20
5782.640126 2.658777976e-15 1e-20
5782.752524 2.67697542e-15 1e-20
5782.864922 2.729913074e-15 1e-20
5782.97732 2.78276073e-15 1e-20
5783.089718 2.833819452e-15 1e-20
5783.202116 2.879735626e-15 1e-20
5783.314514 2.823411535e-15 1e-20
5783.426912 2.766526708e-15 1e-20
5783.53931 2.698497045e-15 1e-20
5783.651708 2.634057743e-15 1e-20
5783.764106 2.640983296e-15 1e-20
5783.876504 2.647671892e-15 1e-20
5783.988902 2.649651831e-15 1e-20
5784.1013 2.65148354e-15 1e-20
5784.213698 2.650366515e-15 1e-20
5784.326096 2.649097448e-15 1e-20
5784.438494 2.644807438e-15 1e-20
5784.550892 2.64494254e-15 1e-20
5784.66329 2.732977851e-15 1e-20
5784.775688 2.816222555e-15 1e-20
5784.888086 2.804321953e-15 1e-20
5785.000484 2.788699913e-15 1e-20
5785.112882 2.699176577e-15 1e-20
5785.22528 2.616399012e-15 1e-20
5785.337678 2.667554085e-15 1e-20
5785.450076 2.716473202e-15 1e-20
5785.562474 2.721001228e-15 1e-20
5785.674872 2.7215302e-15 1e-20
5785.78727 2.642683927e-15 1e-20
5785.899668 2.567703511e-15 1e-20
5786.012066 2.569443529e-15 1e-20
5786.124464 2.573165392e-15 1e-20
5786.236862 2.616213088e-15 1e-20
5786.34926 2.660236355e-15 1e-20
5786.461658 2.723616654e-15 1e-20
5786.574056 2.787158101e-15 1e-20
5786.686454 2.853901333e-15 1e-20
5786.798852 2.915788313e-15 1e-20
5786.91125 2.881355153e-15 1e-20
5787.023648 2.84628333e-15 1e-20
5787.136046 2.798544553e-15 1e-20
5787.248444 2.751420087e-15 1e-20
5787.360842 2.71647299e-15 1e-20
5787.47324 2.683341296e-15 1e-20
5787.585638 2.686199821e-15 1e-20
5787.698036 2.690206287e-15 1e-20
5787.810434 2.716969351e-15 1e-20
5787.922832 2.743011591e-15 1e-20
5788.03523 2.754767138e-15 1e-20
5788.147628 2.765231595e-15 1e-20
5788.260026 2.750109939e-15 1e-20
5788.372424 2.733851142e-15 1e-20
5788.484822 2.695061056e-15 1e-20
5788.59722 2.658589088e-15 1e-20
5788.709618 2.668040281e-15 1e-20
5788.822016 2.67842427e-15 1e-20
5788.934414 2.707289459e-15 1e-20
5789.046812 2.733738063e-15 1e-20
5789.15921 2.71233354e-15 1e-20
5789.271608 2.691770756e-15 1e-20
5789.384006 2.687877793e-15 1e-20
5789.496404 2.685087878e-15 1e-20
5789.608802 2.704138073e-15 1e-20
5789.7212 2.720523502e-15 1e-20
5789.833598 2.684164401e-15 1e-20
5789.945996 2.647750878e-15 1e-20
5790.058394 2.610260776e-15 1e-20
5790.170792 2.576183793e-15 1e-20
5790.28319 2.60964943e-15 1e-20
5790.395588 2.643319413e-15 1e-20
5790.507986 2.681035037e-15 1e-20
5790.620384 2.714896238e-15 1e-20
5790.732782 2.672506686e-15 1e-20
5790.84518 2.632595976e-15 1e-20
5790.957578 2.641719156e-15 1e-20
5791.069976 2.652362125e-15 1e-20
5791.182374 2.693064176e-15 1e-20
5791.294772 2.734087252e-15 1e-20
5791.40717 2.781457993e-15 1e-20
5791.519568 2.828257834e-15 1e-20
5791.631966 2.863774137e-15 1e-20
5791.744364 2.893621672e-15 1e-20
5791.856762 2.811417972e-15 1e-20
5791.96916 2.730072104e-15 1e-20
5792.081558 2.665682353e-15 1e-20
5792.193956 2.606629546e-15 1e-20
5792.306354 2.653042716e-15 1e-20
5792.418752 2.701446837e-15 1e-20
5792.53115 2.789192674e-15 1e-20
5792.643548 2.875012994e-15 1e-20
5792.755946 2.922794758e-15 1e-20
5792.868344 2.964742794e-15 1e-20
5792.980742 2.891460044e-15 1e-20
5793.09314 2.817024483e-15 1e-20
5793.205538 2.7198211e-15 1e-20
5793.317936 2.625431136e-15 1e-20
5793.430334 2.586595522e-15 1e-20
5793.542732 2.551526664e-15 1e-20
5793.65513 2.59082984e-15 1e-20
5793.767528 2.630352186e-15 1e-20
5793.879926 2.674203928e-15 1e-20
5793.992324 2.712859124e-15 1e-20
5794.104722 2.648949006e-15 1e-20
5794.21712 2.589273841e-15 1e-20
5794.329518 2.613177957e-15 1e-20
5794.441916 2.636908221e-15 1e-20
5794.554314 2.657210753e-15 1e-20
5794.666712 2.675410315e-15 1e-20
5794.77911 2.652117121e-15 1e-20
5794.891508 2.630221319e-15 1e-20
5795.003906 2.635886911e-15 1e-20
5795.116304 2.642001642e-15 1e-20
5795.228702 2.656977184e-15 1e-20
5795.3411 2.673513173e-15 1e-20
5795.453498 2.720818693e-15 1e-20
5795.565896 2.764726551e-15 1e-20
5795.678294 2.741636857e-15 1e-20
5795.790692 2.718845318e-15 1e-20
5795.90309 2.701928799e-15 1e-20
5796.015488 2.683992241e-15 1e-20
5796.127886 2.645951568e-15 1e-20
5796.240284 2.609312734e-15 1e-20
5796.352682 2.600301363e-15 1e-20
5796.46508 2.598406126e-15 1e-20
5796.577478 2.736741641e-15 1e-20
5796.689876 2.868507569e-15 1e-20
5796.802274 2.870839663e-15 1e-20
5796.914672 2.866688566e-15 1e-20
5797.02707 2.734826712e-15 1e-20
5797.139468 2.610622459e-15 1e-20
5797.251866 2.637249151e-15 1e-20
5797.364264 2.664792969e-15 1e-20
5797.476662 2.710400187e-15 1e-20
5797.58906 2.75224065e-15 1e-20
5797.701458 2.719916603e-15 1e-20
5797.813856 2.690074997e-15 1e-20
5797.926254 2.709109733e-15 1e-20
5798.038652 2.727345293e-15 1e-20
5798.15105 2.729854205e-15 1e-20
5798.263448 2.729440429e-15 1e-20
5798.375846 2.671501258e-15 1e-20
5798.488244 2.618074231e-15 1e-20
5798.600642 2.653437857e-15 1e-20
5798.71304 2.687896216e-15 1e-20
5798.825438 2.704546343e-15 1e-20
5798.937836 2.715165171e-15 1e-20
5799.050234 2.607134801e-15 1e-20
5799.162632 2.506647047e-15 1e-20
5799.27503 2.554517749e-15 1e-20
5799.387428 2.602212269e-15 1e-20
5799.499826 2.646444965e-15 1e-20
5799.612224 2.68355369e-15 1e-20
5799.724622 2.580577142e-15 1e-20
5799.83702 2.481140344e-15 1e-20
5799.949418 2.45129175e-15 1e-20
5800.061816 2.427328553e-15 1e-20
5800.174214 2.519062433e-15 1e-20
5800.286612 2.607989669e-15 1e-20
5800.39901 2.641754308e-15 1e-20
5800.511408 2.669672302e-15 1e-20
5800.623806 2.582691548e-15 1e-20
5800.736204 2.500618714e-15 1e-20
5800.848602 2.514984181e-15 1e-20
5800.961 2.534052375e-15 1e-20
5801.073398 2.645508358e-15 1e-20
5801.185796 2.751581235e-15 1e-20
5801.298194 2.75191666e-15 1e-20
5801.410592 2.743913469e-15 1e-20
5801.52299 2.572136035e-15 1e-20
5801.635388 2.405384894e-15 1e-20
5801.747786 2.337341678e-15 1e-20
5801.860184 2.278944897e-15 1e-20
5801.972582 2.409948707e-15 1e-20
5802.08498 2.533881274e-15 1e-20
5802.197378 2.518993399e-15 1e-20
5802.309776 2.500425378e-15 1e-20
5802.422174 2.409628105e-15 1e-20
5802.534572 2.321728108e-15 1e-20
5802.64697 2.290686892e-15 1e-20
5802.759368 2.256465067e-15 1e-20
5802.871766 2.159830889e-15 1e-20
5802.984164 2.067924003e-15 1e-20
5803.096562 2.068769977e-15 1e-20
5803.20896 2.072514921e-15 1e-20
5803.321358 2.13312394e-15 1e-20
5803.433756 2.188074144e-15 1e-20
5803.546154 2.132026821e-15 1e-20
5803.658552 2.078425729e-15 1e-20
5803.77095 2.072795289e-15 1e-20
5803.883348 2.071545704e-15 1e-20
5803.995746 2.156195e-15 1e-20
5804.108144 2.239368554e-15 1e-20
5804.220542 2.293610214e-15 1e-20
5804.33294 2.345950709e-15 1e-20
5804.445338 2.361025778e-15 1e-20
5804.557736 2.376627913e-15 1e-20
5804.670134 2.402560462e-15 1e-20
5804.782532 2.428684441e-15 1e-20
5804.89493 2.458558022e-15 1e-20
5805.007328 2.486913932e-15 1e-20
5805.119726 2.485531363e-15 1e-20
5805.232124 2.483068403e-15 1e-20
5805.344522 2.459439783e-15 1e-20
5805.45692 2.437432385e-15 1e-20
5805.569318 2.447179405e-15 1e-20
5805.681716 2.457368788e-15 1e-20
5805.794114 2.476217812e-15 1e-20
5805.906512 2.495356733e-15 1e-20
5806.01891 2.520170775e-15 1e-20
5806.131308 2.544988205e-15 1e-20
5806.243706 2.569871704e-15 1e-20
5806.356104 2.593827066e-15 1e-20
5806.468502 2.599608066e-15 1e-20
5806.5809 2.605311562e-15 1e-20
5806.693298 2.609498446e-15 1e-20
5806.805696 2.61364679e-15 1e-20
5806.918094 2.617037251e-15 1e-20
5807.030492 2.622001076e-15 1e-20
5807.14289 2.657747137e-15 1e-20
5807.255288 2.694195388e-15 1e-20
5807.367686 2.744379549e-15 1e-20
5807.480084 2.79270172e-15 1e-20
5807.592482 2.804600204e-15 1e-20
5807.70488 2.815006215e-15 1e-20
5807.817278 2.796221777e-15 1e-20
5807.929676 2.778991433e-15 1e-20
5808.042074 2.792155384e-15 1e-20
5808.154472 2.802789671e-15 1e-20
5808.26687 2.763961045e-15 1e-20
5808.379268 2.725282344e-15 1e-20
5808.491666 2.68953586e-15 1e-20
5808.604064 2.658602005e-15 1e-20
5808.716462 2.721741747e-15 1e-20
5808.82886 2.780928809e-15 1e-20
5808.941258 2.762867737e-15 1e-20
5809.053656 2.745049764e-15 1e-20
5809.166054 2.73198174e-15 1e-20
5809.278452 2.722748022e-15 1e-20
5809.39085 2.788429921e-15 1e-20
5809.503248 2.85057207e-15 1e-20
5809.615646 2.843569013e-15 1e-20
5809.728044 2.835430932e-15 1e-20
5809.840442 2.805125364e-15 1e-20
5809.95284 2.776558119e-15 1e-20
5810.065238 2.781938049e-15 1e-20
5810.177636 2.788364276e-15 1e-20
5810.290034 2.815216279e-15 1e-20
5810.402432 2.840693972e-15 1e-20
5810.51483 2.839338507e-15 1e-20
5810.627228 2.836170604e-15 1e-20
5810.739626 2.797624464e-15 1e-20
5810.852024 2.758167128e-15 1e-20
5810.964422 2.700929088e-15 1e-20
5811.07682 2.646824012e-15 1e-20
5811.189218 2.65386095e-15 1e-20
5811.301616 2.662210365e-15 1e-20
5811.414014 2.696164952e-15 1e-20
5811.526412 2.724531026e-15 1e-20
5811.63881 2.643871679e-15 1e-20
5811.751208 2.566620791e-15 1e-20
5811.863606 2.555849074e-15 1e-20
5811.976004 2.551439843e-15 1e-20
5812.088402 2.671108235e-15 1e-20
5812.2008 2.787408611e-15 1e-20
5812.313198 2.838035771e-15 1e-20
5812.425596 2.886193829e-15 1e-20
5812.537994 2.886208652e-15 1e-20
5812.650392 2.885244517e-15 1e-20
5812.76279 2.865191012e-15 1e-20
5812.875188 2.84467545e-15 1e-20
5812.987586 2.815158893e-15 1e-20
5813.099984 2.78978835e-15 1e-20
5813.212382 2.845215434e-15 1e-20
5813.32478 2.897887966e-15 1e-20
5813.437178 2.89688402e-15 1e-20
5813.549576 2.890699832e-15 1e-20
5813.661974 2.783594422e-15 1e-20
5813.774372 2.679693337e-15 1e-20
5813.88677 2.638208205e-15 1e-20
5813.999168 2.600566696e-15 1e-20
5814.111566 2.637788923e-15 1e-20
5814.223964 2.673755001e-15 1e-20
5814.336362 2.68526152e-15 1e-20
5814.44876 2.693435388e-15 1e-20
5814.561158 2.636718062e-15 1e-20
5814.673556 2.583901111e-15 1e-20
5814.785954 2.607009652e-15 1e-20
5814.898352 2.630463782e-15 1e-20
5815.01075 2.660644413e-15 1e-20
5815.123148 2.688847222e-15 1e-20
5815.235546 2.67855916e-15 1e-20
5815.347944 2.66977564e-15 1e-20
5815.460342 2.690266638e-15 1e-20
5815.57274 2.706869331e-15 1e-20
5815.685138 2.647820123e-15 1e-20
5815.797536 2.592912271e-15 1e-20
5815.909934 2.618566358e-15 1e-20
5816.022332 2.647733937e-15 1e-20
5816.13473 2.745241829e-15 1e-20
5816.247128 2.836774327e-15 1e-20
5816.359526 2.812099622e-15 1e-20
5816.471924 2.79134562e-15 1e-20
5816.584322 2.846824796e-15 1e-20
5816.69672 2.901149678e-15 1e-20
5816.809118 2.933030727e-15 1e-20
5816.921516 2.957477792e-15 1e-20
5817.033914 2.837416378e-15 1e-20
5817.146312 2.723836247e-15 1e-20
5817.25871 2.73622474e-15 1e-20
5817.371108 2.748687771e-15 1e-20
5817.483506 2.762596687e-15 1e-20
5817.595904 2.772139784e-15 1e-20
5817.708302 2.69684999e-15 1e-20
5817.8207 2.623661049e-15 1e-20
5817.933098 2.591282791e-15 1e-20
5818.045496 2.5607589e-15 1e-20
5818.157894 2.566248732e-15 1e-20
5818.270292 2.574904985e-15 1e-20
5818.38269 2.64505329e-15 1e-20
5818.495088 2.712540004e-15 1e-20
5818.607486 2.728343098e-15 1e-20
5818.719884 2.742309824e-15 1e-20
5818.832282 2.72062684e-15 1e-20
5818.94468 2.698502339e-15 1e-20
5819.057078 2.667807136e-15 1e-20
5819.169476 2.634594974e-15 1e-20
5819.281874 2.552525104e-15 1e-20
5819.394272 2.475382214e-15 1e-20
5819.50667 2.493854309e-15 1e-20
5819.619068 2.514351235e-15 1e-20
5819.731466 2.574139903e-15 1e-20
5819.843864 2.630514181e-15 1e-20
5819.956262 2.620644129e-15 1e-20
5820.06866 2.607715018e-15 1e-20
5820.181058 2.535443203e-15 1e-20
5820.293456 2.467305755e-15 1e-20
5820.405854 2.479354799e-15 1e-20
5820.518252 2.497764636e-15 1e-20
5820.63065 2.639528094e-15 1e-20
5820.743048 2.776430005e-15 1e-20
5820.855446 2.819066679e-15 1e-20
5820.967844 2.857602443e-15 1e-20
5821.080242 2.816635907e-15 1e-20
5821.19264 2.776496921e-15 1e-20
5821.305038 2.752400316e-15 1e-20
5821.417436 2.726602022e-15 1e-20
5821.529834 2.667822806e-15 1e-20
5821.642232 2.613056408e-15 1e-20
5821.75463 2.636052506e-15 1e-20
5821.867028 2.663103773e-15 1e-20
5821.979426 2.768725606e-15 1e-20
5822.091824 2.868369926e-15 1e-20
5822.204222 2.852214467e-15 1e-20
5822.31662 2.834964853e-15 1e-20
5822.429018 2.796522051e-15 1e-20
5822.541416 2.760734485e-15 1e-20
5822.653814 2.776367537e-15 1e-20
5822.766212 2.79268478e-15 1e-20
5822.87861 2.822249406e-15 1e-20
5822.991008 2.853552567e-15 1e-20
5823.103406 2.918517453e-15 1e-20
5823.215804 2.978175254e-15 1e-20
5823.328202 2.935100452e-15 1e-20
5823.4406 2.892353876e-15 1e-20
5823.552998 2.85595687e-15 1e-20
5823.665396 2.822139715e-15 1e-20
5823.777794 2.838252187e-15 1e-20
5823.890192 2.853266905e-15 1e-20
5824.00259 2.847037401e-15 1e-20
5824.114988 2.841233955e-15 1e-20
5824.227386 2.843675951e-15 1e-20
5824.339784 2.842717533e-15 1e-20
5824.452182 2.775979172e-15 1e-20
5824.56458 2.711179881e-15 1e-20
5824.676978 2.683880221e-15 1e-20
5824.789376 2.661044213e-15 1e-20
5824.901774 2.724524462e-15 1e-20
5825.014172 2.785919739e-15 1e-20
5825.12657 2.807001754e-15 1e-20
5825.238968 2.827118151e-15 1e-20
5825.351366 2.828566789e-15 1e-20
5825.463764 2.831080359e-15 1e-20
5825.576162 2.854179795e-15 1e-20
5825.68856 2.875525025e-15 1e-20
5825.800958 2.862961833e-15 1e-20
5825.913356 2.847445036e-15 1e-20
5826.025754 2.77484923e-15 1e-20
5826.138152 2.704232729e-15 1e-20
5826.25055 2.671854047e-15 1e-20
5826.362948 2.639888294e-15 1e-20
5826.475346 2.615899686e-15 1e-20
5826.587744 2.592089802e-15 1e-20
5826.700142 2.571731365e-15 1e-20
5826.81254 2.555682208e-15 1e-20
5826.924938 2.622861026e-15 1e-20
5827.037336 2.690496819e-15 1e-20
5827.149734 2.766959118e-15 1e-20
5827.262132 2.843441958e-15 1e-20
5827.37453 2.920321633e-15 1e-20
5827.486928 2.990941099e-15 1e-20
5827.599326 2.940713528e-15 1e-20
5827.711724 2.887344735e-15 1e-20
5827.824122 2.773348923e-15 1e-20
5827.93652 2.665742069e-15 1e-20
5828.048918 2.681432508e-15 1e-20
5828.161316 2.699033429e-15 1e-20
5828.273714 2.753494683e-15 1e-20
5828.386112 2.805619184e-15 1e-20
5828.49851 2.81266311e-15 1e-20
5828.610908 2.819150324e-15 1e-20
5828.723306 2.814897372e-15 1e-20
5828.835704 2.809151735e-15 1e-20
5828.948102 2.774617143e-15 1e-20
5829.0605 2.741041816e-15 1e-20
5829.172898 2.725967806e-15 1e-20
5829.285296 2.713922574e-15 1e-20
5829.397694 2.760278358e-15 1e-20
5829.510092 2.8058752e-15 1e-20
5829.62249 2.836845266e-15 1e-20
5829.734888 2.867594044e-15 1e-20
5829.847286 2.894074623e-15 1e-20
5829.959684 2.917501225e-15 1e-20
5830.072082 2.882069625e-15 1e-20
5830.18448 2.844826857e-15 1e-20
5830.296878 2.772682096e-15 1e-20
5830.409276 2.707483641e-15 1e-20
5830.521674 2.77611978e-15 1e-20
5830.634072 2.843804912e-15 1e-20
5830.74647 2.893165122e-15 1e-20
5830.858868 2.937241752e-15 1e-20
5830.971266 2.879554149e-15 1e-20
5831.083664 2.823976294e-15 1e-20
5831.196062 2.809033362e-15 1e-20
5831.30846 2.79841411e-15 1e-20
5831.420858 2.871052268e-15 1e-20
5831.533256 2.937721808e-15 1e-20
5831.645654 2.889476081e-15 1e-20
5831.758052 2.838132544e-15 1e-20
5831.87045 2.727155134e-15 1e-20
5831.982848 2.624214373e-15 1e-20
5832.095246 2.675953051e-15 1e-20
5832.207644 2.727587333e-15 1e-20
5832.320042 2.777212029e-15 1e-20
5832.43244 2.824960758e-15 1e-20
5832.544838 2.836612755e-15 1e-20
5832.657236 2.846843007e-15 1e-20
5832.769634 2.829719389e-15 1e-20
5832.882032 2.811102029e-15 1e-20
5832.99443 2.763752887e-15 1e-20
5833.106828 2.71938763e-15 1e-20
5833.219226 2.732409703e-15 1e-20
5833.331624 2.745971548e-15 1e-20
5833.444022 2.769914205e-15 1e-20
5833.55642 2.791865063e-15 1e-20
5833.668818 2.77552241e-15 1e-20
5833.781216 2.759561133e-15 1e-20
5833.893614 2.750926479e-15 1e-20
5834.006012 2.741460886e-15 1e-20
5834.11841 2.716019192e-15 1e-20
5834.230808 2.692201896e-15 1e-20
5834.343206 2.699599459e-15 1e-20
5834.455604 2.710801257e-15 1e-20
5834.568002 2.795104541e-15 1e-20
5834.6804 2.874068129e-15 1e-20
5834.792798 2.850440568e-15 1e-20
5834.905196 2.828546672e-15 1e-20
5835.017594 2.839960229e-15 1e-20
5835.129992 2.851694177e-15 1e-20
5835.24239 2.869582242e-15 1e-20
5835.354788 2.885135673e-15 1e-20
5835.467186 2.855853532e-15 1e-20
5835.579584 2.831256331e-15 1e-20
5835.691982 2.896613393e-15 1e-20
5835.80438 2.960260719e-15 1e-20
5835.916778 2.991076836e-15 1e-20
5836.029176 3.017619249e-15 1e-20
5836.141574 2.962124403e-15 1e-20
5836.253972 2.908075231e-15 1e-20
5836.36637 2.881768717e-15 1e-20
5836.478768 2.859249922e-15 1e-20
5836.591166 2.909422649e-15 1e-20
5836.703564 2.95317063e-15 1e-20
5836.815962 2.873645459e-15 1e-20
5836.92836 2.795070871e-15 1e-20
5837.040758 2.734737138e-15 1e-20
5837.153156 2.683434682e-15 1e-20
5837.265554 2.805369098e-15 1e-20
5837.377952 2.921829352e-15 1e-20
5837.49035 2.933297966e-15 1e-20
5837.602748 2.93999842e-15 1e-20
5837.715146 2.855267174e-15 1e-20
5837.827544 2.774361551e-15 1e-20
5837.939942 2.766809617e-15 1e-20
5838.05234 2.761342231e-15 1e-20
5838.164738 2.795840401e-15 1e-20
5838.277136 2.830561764e-15 1e-20
5838.389534 2.869562972e-15 1e-20
5838.501932 2.905436088e-15 1e-20
5838.61433 2.881360023e-15 1e-20
5838.726728 2.859250981e-15 1e-20
5838.839126 2.874837658e-15 1e-20
5838.951524 2.891711401e-15 1e-20
5839.063922 2.933245874e-15 1e-20
5839.17632 2.97338253e-15 1e-20
5839.288718 2.986738757e-15 1e-20
5839.401116 2.997128252e-15 1e-20
5839.513514 2.950698141e-15 1e-20
5839.625912 2.904053307e-15 1e-20
5839.73831 2.85330121e-15 1e-20
5839.850708 2.806940132e-15 1e-20
5839.963106 2.844658086e-15 1e-20
5840.075504 2.881610745e-15 1e-20
5840.187902 2.903907829e-15 1e-20
5840.3003 2.922670032e-15 1e-20
5840.412698 2.873764891e-15 1e-20
5840.525096 2.82563055e-15 1e-20
5840.637494 2.792250463e-15 1e-20
5840.749892 2.762100537e-15 1e-20
5840.86229 2.793767076e-15 1e-20
5840.974688 2.827682487e-15 1e-20
5841.087086 2.904625266e-15 1e-20
5841.199484 2.976557845e-15 1e-20
5841.311882 2.952636575e-15 1e-20
5841.42428 2.928509054e-15 1e-20
5841.536678 2.900433088e-15 1e-20
5841.649076 2.87525101e-15 1e-20
5841.761474 2.905419571e-15 1e-20
5841.873872 2.929497753e-15 1e-20
5841.98627 2.837106364e-15 1e-20
5842.098668 2.752462149e-15 1e-20
5842.211066 2.815943245e-15 1e-20
5842.323464 2.880181589e-15 1e-20
5842.435862 2.958893396e-15 1e-20
5842.54826 3.029198613e-15 1e-20
5842.660658 2.938814268e-15 1e-20
5842.773056 2.85459717e-15 1e-20
5842.885454 2.888246825e-15 1e-20
5842.997852 2.919088353e-15 1e-20
5843.11025 2.896273944e-15 1e-20
5843.222648 2.872876353e-15 1e-20
5843.335046 2.838342185e-15 1e-20
5843.447444 2.805058237e-15 1e-20
5843.559842 2.795654689e-15 1e-20
5843.67224 2.791884122e-15 1e-20
5843.784638 2.895706009e-15 1e-20
5843.897036 2.997418996e-15 1e-20
5844.009434 3.058858742e-15 1e-20
5844.121832 3.109268002e-15 1e-20
5844.23423 2.94905045e-15 1e-20
5844.346628 2.792888067e-15 1e-20
5844.459026 2.714147249e-15 1e-20
5844.571424 2.642398265e-15 1e-20
5844.683822 2.704120073e-15 1e-20
5844.79622 2.766003453e-15 1e-20
5844.908618 2.830974269e-15 1e-20
5845.021016 2.890429417e-15 1e-20
5845.133414 2.844626322e-15 1e-20
5845.245812 2.799744587e-15 1e-20
5845.35821 2.772444927e-15 1e-20
5845.470608 2.747166076e-15 1e-20
5845.583006 2.7604412e-15 1e-20
5845.695404 2.777102126e-15 1e-20
5845.807802 2.858348256e-15 1e-20
5845.9202 2.933099337e-15 1e-20
5846.032598 2.883968673e-15 1e-20
5846.144996 2.835990398e-15 1e-20
5846.257394 2.809985639e-15 1e-20
5846.369792 2.791046194e-15 1e-20
5846.48219 2.906816116e-15 1e-20
5846.594588 3.019357361e-15 1e-20
5846.706986 3.070349168e-15 1e-20
5846.819384 3.116964991e-15 1e-20
5846.931782 3.080173479e-15 1e-20
5847.04418 3.043142681e-15 1e-20
5847.156578 3.001556116e-15 1e-20
5847.268976 2.960362575e-15 1e-20
5847.381374 2.92666104e-15 1e-20
5847.493772 2.894566326e-15 1e-20
5847.60617 2.893087195e-15 1e-20
5847.718568 2.889612242e-15 1e-20
5847.830966 2.848111016e-15 1e-20
5847.943364 2.803864132e-15 1e-20
5848.055762 2.707316776e-15 1e-20
5848.16816 2.618789339e-15 1e-20
5848.280558 2.683001213e-15 1e-20
5848.392956 2.748494647e-15 1e-20
5848.505354 2.838393854e-15 1e-20
5848.617752 2.923713577e-15 1e-20
5848.73015 2.92183994e-15 1e-20
5848.842548 2.919693558e-15 1e-20
5848.954946 2.912350418e-15 1e-20
5849.067344 2.906286297e-15 1e-20
5849.179742 2.924562939e-15 1e-20
5849.29214 2.94020912e-15 1e-20
5849.404538 2.905797983e-15 1e-20
5849.516936 2.872839719e-15 1e-20
5849.629334 2.867528822e-15 1e-20
5849.741732 2.864767283e-15 1e-20
5849.85413 2.910509815e-15 1e-20
5849.966528 2.952356631e-15 1e-20
5850.078926 2.920092511e-15 1e-20
5850.191324 2.887590586e-15 1e-20
5850.303722 2.850563811e-15 1e-20
5850.41612 2.814928924e-15 1e-20
5850.528518 2.805760004e-15 1e-20
5850.640916 2.797824575e-15 1e-20
5850.753314 2.813345607e-15 1e-20
5850.865712 2.828952189e-15 1e-20
5850.97811 2.846185286e-15 1e-20
5851.090508 2.863539086e-15 1e-20
5851.202906 2.883191309e-15 1e-20
5851.315304 2.900455322e-15 1e-20
5851.427702 2.872334887e-15 1e-20
5851.5401 2.843232741e-15 1e-20
5851.652498 2.795478082e-15 1e-20
5851.764896 2.753575786e-15 1e-20
5851.877294 2.822871975e-15 1e-20
5851.989692 2.891251251e-15 1e-20
5852.10209 2.942208965e-15 1e-20
5852.214488 2.989824922e-15 1e-20
5852.326886 2.973968888e-15 1e-20
5852.439284 2.957776795e-15 1e-20
5852.551682 2.935202308e-15 1e-20
5852.66408 2.913886936e-15 1e-20
5852.776478 2.916484362e-15 1e-20
5852.888876 2.918339364e-15 1e-20
5853.001274 2.90609635e-15 1e-20
5853.113672 2.894025284e-15 1e-20
5853.22607 2.885219317e-15 1e-20
5853.338468 2.878608013e-15 1e-20
5853.450866 2.913652943e-15 1e-20
5853.563264 2.947913943e-15 1e-20
5853.675662 2.967290881e-15 1e-20
5853.78806 2.986337687e-15 1e-20
5853.900458 2.99911412e-15 1e-20
5854.012856 3.011205092e-15 1e-20
5854.125254 3.01028712e-15 1e-20
5854.237652 3.008976972e-15 1e-20
5854.35005 3.000229874e-15 1e-20
5854.462448 2.991887235e-15 1e-20
5854.574846 2.991212785e-15 1e-20
5854.687244 2.991004839e-15 1e-20
5854.799642 2.999645845e-15 1e-20
5854.91204 3.007209638e-15 1e-20
5855.024438 2.994348713e-15 1e-20
5855.136836 2.979969905e-15 1e-20
5855.249234 2.936815271e-15 1e-20
5855.361632 2.89683108e-15 1e-20
5855.47403 2.916948748e-15 1e-20
5855.586428 2.939105224e-15 1e-20
5855.698826 2.99991012e-15 1e-20
5855.811224 3.058997867e-15 1e-20
5855.923622 3.08555108e-15 1e-20
5856.03602 3.108985729e-15 1e-20
5856.148418 3.073334747e-15 1e-20
5856.260816 3.035342778e-15 1e-20
5856.373214 2.953006094e-15 1e-20
5856.485612 2.880551954e-15 1e-20
5856.59801 2.995298872e-15 1e-20
5856.710408 3.105386897e-15 1e-20
5856.822806 3.127240559e-15 1e-20
5856.935204 3.141564521e-15 1e-20
5857.047602 3.013300652e-15 1e-20
5857.16 2.891907701e-15 1e-20
5857.272398 2.900611177e-15 1e-20
5857.384796 2.90517859e-15 1e-20
5857.497194 2.831444795e-15 1e-20
5857.609592 2.758879059e-15 1e-20
5857.72199 2.70842046e-15 1e-20
5857.834388 2.667803536e-15 1e-20
5857.946786 2.813452969e-15 1e-20
5858.059184 2.955088736e-15 1e-20
5858.171582 3.02077e-15 1e-20
5858.28398 3.07977135e-15 1e-20
5858.396378 3.012388609e-15 1e-20
5858.508776 2.945445901e-15 1e-20
5858.621174 2.886827833e-15 1e-20
5858.733572 2.830557528e-15 1e-20
5858.84597 2.818697373e-15 1e-20
5858.958368 2.808618105e-15 1e-20
5859.070766 2.832215595e-15 1e-20
5859.183164 2.856768751e-15 1e-20
5859.295562 2.899392084e-15 1e-20
5859.40796 2.942417335e-15 1e-20
5859.520358 2.9930464e-15 1e-20
5859.632756 3.041852015e-15 1e-20
5859.745154 3.056182542e-15 1e-20
5859.857552 3.068547952e-15 1e-20
5859.96995 3.043767791e-15 1e-20
5860.082348 3.017202297e-15 1e-20
5860.194746 2.956895034e-15 1e-20
5860.307144 2.899345709e-15 1e-20
5860.419542 2.893910299e-15 1e-20
5860.53194 2.889714733e-15 1e-20
5860.644338 2.90894471e-15 1e-20
5860.756736 2.926705509e-15 1e-20
5860.869134 2.916709461e-15 1e-20
5860.981532 2.909449542e-15 1e-20
5861.09393 2.953869644e-15 1e-20
5861.206328 2.99760619e-15 1e-20
5861.318726 3.028431201e-15 1e-20
5861.431124 3.057419633e-15 1e-20
5861.543522 3.051725666e-15 1e-20
5861.65592 3.048717217e-15 1e-20
5861.768318 3.096411948e-15 1e-20
5861.880716 3.142733639e-15 1e-20
5861.993114 3.163141204e-15 1e-20
5862.105512 3.175595976e-15 1e-20
5862.21791 3.037949946e-15 1e-20
5862.330308 2.906296673e-15 1e-20
5862.442706 2.887732676e-15 1e-20
5862.555104 2.87864973e-15 1e-20
5862.667502 3.048458872e-15 1e-20
5862.7799 3.208876747e-15 1e-20
5862.892298 3.192125189e-15 1e-20
5863.004696 3.176552064e-15 1e-20
5863.117094 3.183205932e-15 1e-20
5863.229492 3.189212666e-15 1e-20
5863.34189 3.183008573e-15 1e-20
5863.454288 3.171776916e-15 1e-20
5863.566686 3.065738132e-15 1e-20
5863.679084 2.964206834e-15 1e-20
5863.791482 2.947665763e-15 1e-20
5863.90388 2.931112833e-15 1e-20
5864.016278 2.914335228e-15 1e-20
5864.128676 2.898327364e-15 1e-20
5864.241074 2.896825786e-15 1e-20
5864.353472 2.896515772e-15 1e-20
5864.46587 2.918661449e-15 1e-20
5864.578268 2.94133165e-15 1e-20
5864.690666 2.973887785e-15 1e-20
5864.803064 3.005585664e-15 1e-20
5864.915462 3.021115801e-15 1e-20
5865.02786 3.036119719e-15 1e-20
5865.140258 3.041210599e-15 1e-20
5865.252656 3.04732893e-15 1e-20
5865.365054 3.072794975e-15 1e-20
5865.477452 3.092982947e-15 1e-20
5865.58985 3.013769273e-15 1e-20
5865.702248 2.935647847e-15 1e-20
5865.814646 2.878099158e-15 1e-20
5865.927044 2.828670551e-15 1e-20
5866.039442 2.932122496e-15 1e-20
5866.15184 3.030253804e-15 1e-20
5866.264238 3.028229819e-15 1e-20
5866.376636 3.024040818e-15 1e-20
5866.489034 2.979099579e-15 1e-20
5866.601432 2.937848227e-15 1e-20
5866.71383 2.966034307e-15 1e-20
5866.826228 2.991644984e-15 1e-20
5866.938626 2.968795423e-15 1e-20
5867.051024 2.945155157e-15 1e-20
5867.163422 2.906642051e-15 1e-20
5867.27582 2.873703904e-15 1e-20
5867.388218 2.945635001e-15 1e-20
5867.500616 3.016035509e-15 1e-20
5867.613014 3.057643673e-15 1e-20
5867.725412 3.092432587e-15 1e-20
5867.83781 2.998978595e-15 1e-20
5867.950208 2.912293667e-15 1e-20
5868.062606 2.95288285e-15 1e-20
5868.175004 2.995895819e-15 1e-20
5868.287402 3.084480642e-15 1e-20
5868.3998 3.167754357e-15 1e-20
5868.512198 3.151190839e-15 1e-20
5868.624596 3.135295631e-15 1e-20
5868.736994 3.131963191e-15 1e-20
5868.849392 3.127512033e-15 1e-20
5868.96179 3.102038788e-15 1e-20
5869.074188 3.076373689e-15 1e-20
5869.186586 3.047098113e-15 1e-20
5869.298984 3.019573989e-15 1e-20
5869.411382 3.024956037e-15 1e-20
5869.52378 3.032352752e-15 1e-20
5869.636178 3.077593417e-15 1e-20
5869.748576 3.11978201e-15 1e-20
5869.860974 3.10464892e-15 1e-20
5869.973372 3.090731745e-15 1e-20
5870.08577 3.09964719e-15 1e-20
5870.198168 3.108386664e-15 1e-20
5870.310566 3.113817204e-15 1e-20
5870.422964 3.115446684e-15 1e-20
5870.535362 3.045720414e-15 1e-20
5870.64776 2.982204166e-15 1e-20
5870.760158 3.035250875e-15 1e-20
5870.872556 3.090343804e-15 1e-20
5870.984954 3.183843748e-15 1e-20
5871.097352 3.269396828e-15 1e-20
5871.20975 3.205830605e-15 1e-20
5871.322148 3.142327275e-15 1e-20
5871.434546 3.08000259e-15 1e-20
5871.546944 3.022778527e-15 1e-20
5871.659342 3.061241658e-15 1e-20
5871.77174 3.094240579e-15 1e-20
5871.884138 3.024744702e-15 1e-20
5871.996536 2.959599398e-15 1e-20
5872.108934 2.976044966e-15 1e-20
5872.221332 2.997291941e-15 1e-20
5872.33373 3.108572376e-15 1e-20
5872.446128 3.215523415e-15 1e-20
5872.558526 3.241305616e-15 1e-20
5872.670924 3.263569877e-15 1e-20
5872.783322 3.219888811e-15 1e-20
5872.89572 3.172204668e-15 1e-20
5873.008118 3.049492252e-15 1e-20
5873.120516 2.93351883e-15 1e-20
5873.232914 2.943838232e-15 1e-20
5873.345312 2.960309212e-15 1e-20
5873.45771 3.092046764e-15 1e-20
5873.570108 3.219197632e-15 1e-20
5873.682506 3.26041722e-15 1e-20
5873.794904 3.295366011e-15 1e-20
5873.907302 3.212843826e-15 1e-20
5874.0197 3.127534056e-15 1e-20
5874.132098 2.990014445e-15 1e-20
5874.244496 2.862130893e-15 1e-20
5874.356894 2.914704111e-15 1e-20
5874.469292 2.967694915e-15 1e-20
5874.58169 3.02850574e-15 1e-20
5874.694088 3.087938019e-15 1e-20
5874.806486 3.121564591e-15 1e-20
5874.918884 3.154407235e-15 1e-20
5875.031282 3.172572704e-15 1e-20
5875.14368 3.185520026e-15 1e-20
5875.256078 3.100797673e-15 1e-20
5875.368476 3.021338359e-15 1e-20
5875.480874 3.040368436e-15 1e-20
5875.593272 3.05723011e-15 1e-20
5875.70567 3.033519963e-15 1e-20
5875.818068 3.009333573e-15 1e-20
5875.930466 2.976236607e-15 1e-20
5876.042864 2.947966248e-15 1e-20
5876.155262 3.009984306e-15 1e-20
5876.26766 3.074068066e-15 1e-20
5876.380058 3.176780763e-15 1e-20
5876.492456 3.27634631e-15 1e-20
5876.604854 3.317053019e-15 1e-20
5876.717252 3.35524997e-15 1e-20
5876.82965 3.346525107e-15 1e-20
5876.942048 3.336868296e-15 1e-20
5877.054446 3.309792676e-15 1e-20
5877.166844 3.276339957e-15 1e-20
5877.279242 3.123683868e-15 1e-20
5877.39164 2.974756629e-15 1e-20
5877.504038 2.895518391e-15 1e-20
5877.616436 2.822691557e-15 1e-20
5877.728834 2.869677322e-15 1e-20
5877.841232 2.916885644e-15 1e-20
5877.95363 2.968254381e-15 1e-20
5878.066028 3.02049302e-15 1e-20
5878.178426 3.088983681e-15 1e-20
5878.290824 3.15275065e-15 1e-20
5878.403222 3.128282621e-15 1e-20
5878.51562 3.104685554e-15 1e-20
5878.628018 3.097355966e-15 1e-20
5878.740416 3.093789957e-15 1e-20
5878.852814 3.160502696e-15 1e-20
5878.965212 3.224452413e-15 1e-20
5879.07761 3.236813376e-15 1e-20
5879.190008 3.247907814e-15 1e-20
5879.302406 3.235356268e-15 1e-20
5879.414804 3.224637913e-15 1e-20
5879.527202 3.248136513e-15 1e-20
5879.6396 3.269887472e-15 1e-20
5879.751998 3.259022369e-15 1e-20
5879.864396 3.244540011e-15 1e-20
5879.976794 3.162558868e-15 1e-20
5880.089192 3.08396014e-15 1e-20
5880.20159 3.068471507e-15 1e-20
5880.313988 3.055515291e-15 1e-20
5880.426386 3.089798315e-15 1e-20
5880.538784 3.124553982e-15 1e-20
5880.651182 3.168121122e-15 1e-20
5880.76358 3.208559322e-15 1e-20
5880.875978 3.190643728e-15 1e-20
5880.988376 3.168368032e-15 1e-20
5881.100774 3.064789032e-15 1e-20
5881.213172 2.965651025e-15 1e-20
5881.32557 2.949309007e-15 1e-20
5881.437968 2.938184923e-15 1e-20
5881.550366 3.024332197e-15 1e-20
5881.662764 3.106047583e-15 1e-20
5881.775162 3.105155657e-15 1e-20
5881.88756 3.098914083e-15 1e-20
5881.999958 2.992977155e-15 1e-20
5882.112356 2.890382195e-15 1e-20
5882.224754 2.850059615e-15 1e-20
5882.337152 2.816096135e-15 1e-20
5882.44955 2.900610965e-15 1e-20
5882.561948 2.98544915e-15 1e-20
5882.674346 3.076311009e-15 1e-20
5882.786744 3.165837521e-15 1e-20
5882.899142 3.230494722e-15 1e-20
5883.01154 3.293324662e-15 1e-20
5883.123938 3.3221259e-15 1e-20
5883.236336 3.346865403e-15 1e-20
5883.348734 3.295979898e-15 1e-20
5883.461132 3.243567194e-15 1e-20
5883.57353 3.162724887e-15 1e-20
5883.685928 3.087709743e-15 1e-20
5883.798326 3.12116945e-15 1e-20
5883.910724 3.15582538e-15 1e-20
5884.023122 3.21274557e-15 1e-20
5884.13552 3.266265983e-15 1e-20
5884.247918 3.256520021e-15 1e-20
5884.360316 3.248907101e-15 1e-20
5884.472714 3.280984662e-15 1e-20
5884.585112 3.308571678e-15 1e-20
5884.69751 3.25261647e-15 1e-20
5884.809908 3.193952239e-15 1e-20
5884.922306 3.084893782e-15 1e-20
5885.034704 2.983695156e-15 1e-20
5885.147102 3.028676841e-15 1e-20
5885.2595 3.075020766e-15 1e-20
5885.371898 3.146700082e-15 1e-20
5885.484296 3.212750441e-15 1e-20
5885.596694 3.174139291e-15 1e-20
5885.709092 3.136816902e-15 1e-20
5885.82149 3.123455381e-15 1e-20
5885.933888 3.112093492e-15 1e-20
5886.046286 3.13789941e-15 1e-20
5886.158684 3.161368152e-15 1e-20
5886.271082 3.141394691e-15 1e-20
5886.38348 3.118732537e-15 1e-20
5886.495878 3.04611132e-15 1e-20
5886.608276 2.977358503e-15 1e-20
5886.720674 2.980483631e-15 1e-20
5886.833072 2.987498122e-15 1e-20
5886.94547 3.066772571e-15 1e-20
5887.057868 3.142663758e-15 1e-20
5887.170266 3.155714842e-15 1e-20
5887.282664 3.169105162e-15 1e-20
5887.395062 3.188796137e-15 1e-20
5887.50746 3.207498837e-15 1e-20
5887.619858 3.207849932e-15 1e-20
5887.732256 3.205865122e-15 1e-20
5887.844654 3.160509472e-15 1e-20
5887.957052 3.118249304e-15 1e-20
5888.06945 3.133456299e-15 1e-20
5888.181848 3.149111373e-15 1e-20
5888.294246 3.173081982e-15 1e-20
5888.406644 3.195607976e-15 1e-20
5888.519042 3.191322837e-15 1e-20
5888.63144 3.188153875e-15 1e-20
5888.743838 3.205693386e-15 1e-20
5888.856236 3.223210663e-15 1e-20
5888.968634 3.240311622e-15 1e-20
5889.081032 3.256416048e-15 1e-20
5889.19343 3.25403038e-15 1e-20
5889.305828 3.252381207e-15 1e-20
5889.418226 3.264387263e-15 1e-20
5889.530624 3.274652032e-15 1e-20
5889.643022 3.252625576e-15 1e-20
5889.75542 3.228037903e-15 1e-20
5889.867818 3.155959635e-15 1e-20
5889.980216 3.087376647e-15 1e-20
5890.092614 3.083598033e-15 1e-20
5890.205012 3.081334126e-15 1e-20
5890.31741 3.107148302e-15 1e-20
5890.429808 3.129516537e-15 1e-20
5890.542206 3.088014463e-15 1e-20
5890.654604 3.041335113e-15 1e-20
5890.767002 2.89870747e-15 1e-20
5890.8794 2.757823656e-15 1e-20
5890.991798 2.649249279e-15 1e-20
5891.104196 2.550561259e-15 1e-20
5891.216594 2.635041572e-15 1e-20
5891.328992 2.719913426e-15 1e-20
5891.44139 2.812038212e-15 1e-20
5891.553788 2.898128311e-15 1e-20
5891.666186 2.87244119e-15 1e-20
5891.778584 2.843802159e-15 1e-20
5891.890982 2.760494775e-15 1e-20
5892.00338 2.679375912e-15 1e-20
5892.115778 2.638780375e-15 1e-20
5892.228176 2.606192053e-15 1e-20
5892.340574 2.721852285e-15 1e-20
5892.452972 2.838965813e-15 1e-20
5892.56537 2.982978778e-15 1e-20
5892.677768 3.120132047e-15 1e-20
5892.790166 3.130318677e-15 1e-20
5892.902564 3.138227635e-15 1e-20
5893.014962 3.103985481e-15 1e-20
5893.12736 3.072354306e-15 1e-20
5893.239758 3.089036409e-15 1e-20
5893.352156 3.106216354e-15 1e-20
5893.464554 3.13260736e-15 1e-20
5893.576952 3.153695727e-15 1e-20
5893.68935 3.076688786e-15 1e-20
5893.801748 3.000777693e-15 1e-20
5893.914146 2.945131652e-15 1e-20
5894.026544 2.896203641e-15 1e-20
5894.138942 2.971518846e-15 1e-20
5894.25134 3.0467593e-15 1e-20
5894.363738 3.120614432e-15 1e-20
5894.476136 3.190414606e-15 1e-20
5894.588534 3.185240505e-15 1e-20
5894.700932 3.178489441e-15 1e-20
5894.81333 3.142588373e-15 1e-20
5894.925728 3.109962357e-15 1e-20
5895.038126 3.137866799e-15 1e-20
5895.150524 3.166751893e-15 1e-20
5895.262922 3.213756081e-15 1e-20
5895.37532 3.257964848e-15 1e-20
5895.487718 3.250522393e-15 1e-20
5895.600116 3.243049021e-15 1e-20
5895.712514 3.235006443e-15 1e-20
5895.824912 3.229025967e-15 1e-20
5895.93731 3.26113508e-15 1e-20
5896.049708 3.289954318e-15 1e-20
5896.162106 3.258012282e-15 1e-20
5896.274504 3.224100894e-15 1e-20
5896.386902 3.153822571e-15 1e-20
5896.4993 3.085403484e-15 1e-20
5896.611698 3.051313373e-15 1e-20
5896.724096 3.017323846e-15 1e-20
5896.836494 2.985190804e-15 1e-20
5896.948892 2.956711439e-15 1e-20
5897.06129 2.995678131e-15 1e-20
5897.173688 3.035589688e-15 1e-20
5897.286086 3.092939325e-15 1e-20
5897.398484 3.144510714e-15 1e-20
5897.510882 3.089449549e-15 1e-20
5897.62328 3.032814597e-15 1e-20
5897.735678 2.947144414e-15 1e-20
5897.848076 2.865332043e-15 1e-20
5897.960474 2.854692462e-15 1e-20
5898.072872 2.84925324e-15 1e-20
5898.18527 2.939738381e-15 1e-20
5898.297668 3.030222888e-15 1e-20
5898.410066 3.120690665e-15 1e-20
5898.522464 3.208012774e-15 1e-20
5898.634862 3.237323714e-15 1e-20
5898.74726 3.262092651e-15 1e-20
5898.859658 3.203110359e-15 1e-20
5898.972056 3.144075127e-15 1e-20
5899.084454 3.084062419e-15 1e-20
5899.196852 3.031470355e-15 1e-20
5899.30925 3.115660136e-15 1e-20
5899.421648 3.197557846e-15 1e-20
5899.534046 3.237214023e-15 1e-20
5899.646444 3.273414094e-15 1e-20
5899.758842 3.245925969e-15 1e-20
5899.87124 3.218666119e-15 1e-20
5899.983638 3.195609035e-15 1e-20
5900.096036 3.171026233e-15 1e-20
5900.208434 3.118338031e-15 1e-20
5900.320832 3.070995666e-15 1e-20
5900.43323 3.122120245e-15 1e-20
5900.545628 3.175908955e-15 1e-20
5900.658026 3.278761201e-15 1e-20
5900.770424 3.374827231e-15 1e-20
5900.882822 3.345924137e-15 1e-20
5900.99522 3.316368617e-15 1e-20
5901.107618 3.27480111e-15 1e-20
5901.220016 3.236859328e-15 1e-20
5901.332414 3.265667342e-15 1e-20
5901.444812 3.291659395e-15 1e-20
5901.55721 3.265815149e-15 1e-20
5901.669608 3.24159276e-15 1e-20
5901.782006 3.247215365e-15 1e-20
5901.894404 3.256878316e-15 1e-20
5902.006802 3.34089255e-15 1e-20
5902.1192 3.417090998e-15 1e-20
5902.231598 3.349486334e-15 1e-20
5902.343996 3.282738444e-15 1e-20
5902.456394 3.231755954e-15 1e-20
5902.568792 3.185748725e-15 1e-20
5902.68119 3.231261499e-15 1e-20
5902.793588 3.274861038e-15 1e-20
5902.905986 3.283275463e-15 1e-20
5903.018384 3.293956548e-15 1e-20
5903.130782 3.346315678e-15 1e-20
5903.24318 3.392726519e-15 1e-20
5903.355578 3.329770795e-15 1e-20
5903.467976 3.267294492e-15 1e-20
5903.580374 3.213633473e-15 1e-20
5903.692772 3.166160664e-15 1e-20
5903.80517 3.232437392e-15 1e-20
5903.917568 3.294124473e-15 1e-20
5904.029966 3.271460836e-15 1e-20
5904.142364 3.246694651e-15 1e-20
5904.254762 3.183289364e-15 1e-20
5904.36716 3.123195341e-15 1e-20
5904.479558 3.12393946e-15 1e-20
5904.591956 3.125687524e-15 1e-20
5904.704354 3.145881001e-15 1e-20
5904.816752 3.168885569e-15 1e-20
5904.92915 3.243520395e-15 1e-20
5905.041548 3.316233303e-15 1e-20
5905.153946 3.353652889e-15 1e-20
5905.266344 3.385708216e-15 1e-20
5905.378742 3.319259964e-15 1e-20
5905.49114 3.257255458e-15 1e-20
5905.603538 3.276839071e-15 1e-20
5905.715936 3.29576094e-15 1e-20
5905.828334 3.302536569e-15 1e-20
5905.940732 3.305100537e-15 1e-20
5906.05313 3.230361315e-15 1e-20
5906.165528 3.159094927e-15 1e-20
5906.277926 3.151566922e-15 1e-20
5906.390324 3.148024206e-15 1e-20
5906.502722 3.217608387e-15 1e-20
5906.61512 3.28720739e-15 1e-20
5906.727518 3.35707702e-15 1e-20
5906.839916 3.421928404e-15 1e-20
5906.952314 3.394720435e-15 1e-20
5907.064712 3.367135113e-15 1e-20
5907.17711 3.332630379e-15 1e-20
5907.289508 3.302242436e-15 1e-20
5907.401906 3.347351176e-15 1e-20
5907.514304 3.389142088e-15 1e-20
5907.626702 3.370096975e-15 1e-20
5907.7391 3.349961096e-15 1e-20
5907.851498 3.309826981e-15 1e-20
5907.963896 3.272776066e-15 1e-20
5908.076294 3.292243636e-15 1e-20
5908.188692 3.311852449e-15 1e-20
5908.30109 3.334050006e-15 1e-20
5908.413488 3.353182786e-15 1e-20
5908.525886 3.316151353e-15 1e-20
5908.638284 3.276980102e-15 1e-20
5908.750682 3.198603297e-15 1e-20
5908.86308 3.125371369e-15 1e-20
5908.975478 3.146400021e-15 1e-20
5909.087876 3.170626645e-15 1e-20
5909.200274 3.253440421e-15 1e-20
5909.312672 3.334071817e-15 1e-20
5909.42507 3.374727493e-15 1e-20
5909.537468 3.411554579e-15 1e-20
5909.649866 3.378269573e-15 1e-20
5909.762264 3.340426046e-15 1e-20
5909.874662 3.219115046e-15 1e-20
5909.98706 3.105175986e-15 1e-20
5910.099458 3.126200403e-15 1e-20
5910.211856 3.151654378e-15 1e-20
5910.324254 3.258191853e-15 1e-20
5910.436652 3.354284776e-15 1e-20
5910.54905 3.259211469e-15 1e-20
5910.661448 3.164950466e-15 1e-20
5910.773846 3.085558703e-15 1e-20
5910.886244 3.011080155e-15 1e-20
5910.998642 3.026502295e-15 1e-20
5911.11104 3.04029665e-15 1e-20
5911.223438 3.024312503e-15 1e-20
5911.335836 3.002501829e-15 1e-20
5911.448234 2.874104975e-15 1e-20
5911.560632 2.73419059e-15 1e-20
5911.67303 2.383620382e-15 1e-20
5911.785428 2.029684277e-15 1e-20
5911.897826 1.614192276e-15 1e-20
5912.010224 1.206805639e-15 1e-20
5912.122622 9.476259448e-16 1e-20
5912.23502 6.979093558e-16 1e-20
5912.347418 6.212022639e-16 1e-20
5912.459816 5.513134166e-16 1e-20
5912.572214 6.060608088e-16 1e-20
5912.684612 6.643429224e-16 1e-20
5912.79701 7.872313624e-16 1e-20
5912.909408 9.066020216e-16 1e-20
5913.021806 9.616856329e-16 1e-20
5913.134204 1.018029841e-15 1e-20
5913.246602 1.09740911e-15 1e-20
5913.359 1.174696631e-15 1e-20
5913.471398 1.21376825e-15 1e-20
5913.583796 1.245312074e-15 1e-20
5913.696194 1.139345288e-15 1e-20
5913.808592 1.038330997e-15 1e-20
5913.92099 1.027772943e-15 1e-20
5914.033388 1.021438302e-15 1e-20
5914.145786 1.092231515e-15 1e-20
5914.258184 1.160572781e-15 1e-20
5914.370582 1.184141366e-15 1e-20
5914.48298 1.207804079e-15 1e-20
5914.595378 1.233186162e-15 1e-20
5914.707776 1.255735026e-15 1e-20
5914.820174 1.226565435e-15 1e-20
5914.932572 1.196616468e-15 1e-20
5915.04497 1.152442323e-15 1e-20
5915.157368 1.106824411e-15 1e-20
5915.269766 1.034860703e-15 1e-20
5915.382164 9.640949123e-16 1e-20
5915.494562 9.151892416e-16 1e-20
5915.60696 8.763910033e-16 1e-20
5915.719358 1.021992049e-15 1e-20
5915.831756 1.17321083e-15 1e-20
5915.944154 1.426906727e-15 1e-20
5916.056552 1.683789585e-15 1e-20
5916.16895 1.998800185e-15 1e-20
5916.281348 2.313986439e-15 1e-20
5916.393746 2.6323749e-15 1e-20
5916.506144 2.944067567e-15 1e-20
5916.618542 3.133664033e-15 1e-20
5916.73094 3.313831329e-15 1e-20
5916.843338 3.322088418e-15 1e-20
5916.955736 3.322835501e-15 1e-20
5917.068134 3.186684908e-15 1e-20
5917.180532 3.05075666e-15 1e-20
5917.29293 2.918877654e-15 1e-20
5917.405328 2.786321021e-15 1e-20
5917.517726 2.641414436e-15 1e-20
5917.630124 2.489995226e-15 1e-20
5917.742522 2.219905854e-15 1e-20
5917.85492 1.94632967e-15 1e-20
5917.967318 1.609230992e-15 1e-20
5918.079716 1.277528231e-15 1e-20
5918.192114 1.044116656e-15 1e-20
5918.304512 8.219370022e-16 1e-20
5918.41691 8.043261284e-16 1e-20
5918.529308 7.940453189e-16 1e-20
5918.641706 9.172508139e-16 1e-20
5918.754104 1.042569233e-15 1e-20
5918.866502 1.206362852e-15 1e-20
5918.9789 1.36474319e-15 1e-20
5919.091298 1.42457241e-15 1e-20
5919.203696 1.481894517e-15 1e-20
5919.316094 1.493580078e-15 1e-20
5919.428492 1.505950359e-15 1e-20
5919.54089 1.53078293e-15 1e-20
5919.653288 1.553627938e-15 1e-20
5919.765686 1.54030231e-15 1e-20
5919.878084 1.53103291e-15 1e-20
5919.990482 1.595566127e-15 1e-20
5920.10288 1.660743724e-15 1e-20
5920.215278 1.737644998e-15 1e-20
5920.327676 1.811936035e-15 1e-20
5920.440074 1.838746745e-15 1e-20
5920.552472 1.864539534e-15 1e-20
5920.66487 1.871823594e-15 1e-20
5920.777268 1.877808093e-15 1e-20
5920.889666 1.860157409e-15 1e-20
5921.002064 1.840780683e-15 1e-20
5921.114462 1.790019057e-15 1e-20
5921.22686 1.737340067e-15 1e-20
5921.339258 1.649802706e-15 1e-20
5921.451656 1.566382136e-15 1e-20
5921.564054 1.557793116e-15 1e-20
5921.676452 1.557117713e-15 1e-20
5921.78885 1.700273164e-15 1e-20
5921.901248 1.85057916e-15 1e-20
5922.013646 2.130826152e-15 1e-20
5922.126044 2.407187803e-15 1e-20
5922.238442 2.61295667e-15 1e-20
5922.35084 2.815421473e-15 1e-20
5922.463238 2.95786298e-15 1e-20
5922.575636 3.099455337e-15 1e-20
5922.688034 3.225624283e-15 1e-20
5922.800432 3.343219773e-15 1e-20
5922.91283 3.305100114e-15 1e-20
5923.025228 3.269552259e-15 1e-20
5923.137626 3.280707259e-15 1e-20
5923.250024 3.290932429e-15 1e-20
5923.362422 3.284274962e-15 1e-20
5923.47482 3.277450841e-15 1e-20
5923.587218 3.267602812e-15 1e-20
5923.699616 3.261133175e-15 1e-20
5923.812014 3.315988299e-15 1e-20
5923.924412 3.367503784e-15 1e-20
5924.03681 3.358402627e-15 1e-20
5924.149208 3.348163904e-15 1e-20
5924.261606 3.31727833e-15 1e-20
5924.374004 3.285870137e-15 1e-20
5924.486402 3.244981103e-15 1e-20
5924.5988 3.209350239e-15 1e-20
5924.711198 3.26911646e-15 1e-20
5924.823596 3.325573112e-15 1e-20
5924.935994 3.321996727e-15 1e-20
5925.048392 3.313502045e-15 1e-20
5925.16079 3.215806536e-15 1e-20
5925.273188 3.123986047e-15 1e-20
5925.385586 3.138699433e-15 1e-20
5925.497984 3.156051326e-15 1e-20
5925.610382 3.221238558e-15 1e-20
5925.72278 3.28304867e-15 1e-20
5925.835178 3.28363524e-15 1e-20
5925.947576 3.285912912e-15 1e-20
5926.059974 3.3188464e-15 1e-20
5926.172372 3.351916048e-15 1e-20
5926.28477 3.387450775e-15 1e-20
5926.397168 3.420045449e-15 1e-20
5926.509566 3.399365987e-15 1e-20
5926.621964 3.380605054e-15 1e-20
5926.734362 3.396608683e-15 1e-20
5926.84676 3.414266144e-15 1e-20
5926.959158 3.461887818e-15 1e-20
5927.071556 3.509941056e-15 1e-20
5927.183954 3.565811773e-15 1e-20
5927.296352 3.616080214e-15 1e-20
5927.40875 3.564880884e-15 1e-20
5927.521148 3.51770496e-15 1e-20
5927.633546 3.543386999e-15 1e-20
5927.745944 3.570092254e-15 1e-20
5927.858342 3.615321696e-15 1e-20
5927.97074 3.650425282e-15 1e-20
5928.083138 3.502197481e-15 1e-20
5928.195536 3.355278134e-15 1e-20
5928.307934 3.232036111e-15 1e-20
5928.420332 3.118457886e-15 1e-20
5928.53273 3.179783072e-15 1e-20
5928.645128 3.244973268e-15 1e-20
5928.757526 3.38010467e-15 1e-20
5928.869924 3.509150351e-15 1e-20
5928.982322 3.528078361e-15 1e-20
5929.09472 3.542267857e-15 1e-20
5929.207118 3.470728089e-15 1e-20
5929.319516 3.402186183e-15 1e-20
5929.431914 3.387872173e-15 1e-20
5929.544312 3.375934726e-15 1e-20
5929.65671 3.40698166e-15 1e-20
5929.769108 3.43695625e-15 1e-20
5929.881506 3.447532304e-15 1e-20
5929.993904 3.459829316e-15 1e-20
5930.106302 3.503243778e-15 1e-20
5930.2187 3.544933258e-15 1e-20
5930.331098 3.555432655e-15 1e-20
5930.443496 3.562029771e-15 1e-20
5930.555894 3.498077936e-15 1e-20
5930.668292 3.436866253e-15 1e-20
5930.78069 3.425177198e-15 1e-20
5930.893088 3.415840354e-15 1e-20
5931.005486 3.449012917e-15 1e-20
5931.117884 3.478346727e-15 1e-20
5931.230282 3.438316162e-15 1e-20
5931.34268 3.402664122e-15 1e-20
5931.455078 3.446117123e-15 1e-20
5931.567476 3.487710676e-15 1e-20
5931.679874 3.495710691e-15 1e-20
5931.792272 3.50206365e-15 1e-20
5931.90467 3.478670082e-15 1e-20
5932.017068 3.457778014e-15 1e-20
5932.129466 3.48206012e-15 1e-20
5932.241864 3.503101689e-15 1e-20
5932.354262 3.465630433e-15 1e-20
5932.46666 3.432774237e-15 1e-20
5932.579058 3.483231778e-15 1e-20
5932.691456 3.528761281e-15 1e-20
5932.803854 3.485331784e-15 1e-20
5932.916252 3.439748495e-15 1e-20
5933.02865 3.355294651e-15 1e-20
5933.141048 3.27736889e-15 1e-20
5933.253446 3.31725059e-15 1e-20
5933.365844 3.361210753e-15 1e-20
5933.478242 3.478763256e-15 1e-20
5933.59064 3.588904009e-15 1e-20
5933.703038 3.565329811e-15 1e-20
5933.815436 3.541806012e-15 1e-20
5933.927834 3.519187903e-15 1e-20
5934.040232 3.503050655e-15 1e-20
5934.15263 3.603802895e-15 1e-20
5934.265028 3.694143617e-15 1e-20
5934.377426 3.59672424e-15 1e-20
5934.489824 3.499507939e-15 1e-20
5934.602222 3.405949127e-15 1e-20
5934.71462 3.318721251e-15 1e-20
5934.827018 3.345633817e-15 1e-20
5934.939416 3.373929588e-15 1e-20
5935.051814 3.427156291e-15 1e-20
5935.164212 3.476939382e-15 1e-20
5935.27661 3.464656345e-15 1e-20
5935.389008 3.455970446e-15 1e-20
5935.501406 3.512110096e-15 1e-20
5935.613804 3.563450245e-15 1e-20
5935.726202 3.528304519e-15 1e-20
5935.8386 3.489515492e-15 1e-20
5935.950998 3.385087129e-15 1e-20
5936.063396 3.292545391e-15 1e-20
5936.175794 3.414126383e-15 1e-20
5936.288192 3.528852761e-15 1e-20
5936.40059 3.52012218e-15 1e-20
5936.512988 3.505247858e-15 1e-20
5936.625386 3.379729857e-15 1e-20
5936.737784 3.262952813e-15 1e-20
5936.850182 3.303564867e-15 1e-20
5936.96258 3.347193628e-15 1e-20
5937.074978 3.445132024e-15 1e-20
5937.187376 3.534307865e-15 1e-20
5937.299774 3.465748171e-15 1e-20
5937.412172 3.398477026e-15 1e-20
5937.52457 3.354399337e-15 1e-20
5937.636968 3.315897666e-15 1e-20
5937.749366 3.377744412e-15 1e-20
5937.861764 3.437321957e-15 1e-20
5937.974162 3.456065949e-15 1e-20
5938.08656 3.472881035e-15 1e-20
5938.198958 3.454990429e-15 1e-20
5938.311356 3.435259008e-15 1e-20
5938.423754 3.382414952e-15 1e-20
5938.536152 3.33383253e-15 1e-20
5938.64855 3.361905108e-15 1e-20
5938.760948 3.392175524e-15 1e-20
5938.873346 3.46196871e-15 1e-20
5938.985744 3.52547204e-15 1e-20
5939.098142 3.475876356e-15 1e-20
5939.21054 3.426019573e-15 1e-20
5939.322938 3.371464722e-15 1e-20
5939.435336 3.321119413e-15 1e-20
5939.547734 3.346443157e-15 1e-20
5939.660132 3.371672033e-15 1e-20
5939.77253 3.395200702e-15 1e-20
5939.884928 3.415472107e-15 1e-20
5939.997326 3.377209934e-15 1e-20
5940.109724 3.338889105e-15 1e-20
5940.222122 3.299512026e-15 1e-20
5940.33452 3.266028602e-15 1e-20
5940.446918 3.338435519e-15 1e-20
5940.559316 3.41145103e-15 1e-20
5940.671714 3.495404277e-15 1e-20
5940.784112 3.573507914e-15 1e-20
5940.89651 3.546540079e-15 1e-20
5941.008908 3.52230562e-15 1e-20
5941.121306 3.547152696e-15 1e-20
5941.233704 3.568686603e-15 1e-20
5941.346102 3.530732115e-15 1e-20
5941.4585 3.492486036e-15 1e-20
5941.570898 3.449006353e-15 1e-20
5941.683296 3.40913863e-15 1e-20
5941.795694 3.43411022e-15 1e-20
5941.908092 3.458669305e-15 1e-20
5942.02049 3.475823839e-15 1e-20
5942.132888 3.492623679e-15 1e-20
5942.245286 3.503057855e-15 1e-20
5942.357684 3.510308457e-15 1e-20
5942.470082 3.460438333e-15 1e-20
5942.58248 3.416405749e-15 1e-20
5942.694878 3.477110059e-15 1e-20
5942.807276 3.535679423e-15 1e-20
5942.919674 3.555951462e-15 1e-20
5943.032072 3.573659533e-15 1e-20
5943.14447 3.545379432e-15 1e-20
5943.256868 3.519148939e-15 1e-20
5943.369266 3.529675018e-15 1e-20
5943.481664 3.536631911e-15 1e-20
5943.594062 3.479588689e-15 1e-20
5943.70646 3.425958163e-15 1e-20
5943.818858 3.433513061e-15 1e-20
5943.931256 3.442335757e-15 1e-20
5944.043654 3.473880322e-15 1e-20
5944.156052 3.501333507e-15 1e-20
5944.26845 3.455453968e-15 1e-20
5944.380848 3.410531575e-15 1e-20
5944.493246 3.382766471e-15 1e-20
5944.605644 3.358757745e-15 1e-20
5944.718042 3.402057222e-15 1e-20
5944.83044 3.442177997e-15 1e-20
5944.942838 3.425340252e-15 1e-20
5945.055236 3.407175207e-15 1e-20
5945.167634 3.365228018e-15 1e-20
5945.280032 3.328508505e-15 1e-20
5945.39243 3.385423189e-15 1e-20
5945.504828 3.439420905e-15 1e-20
5945.617226 3.441176804e-15 1e-20
5945.729624 3.441083842e-15 1e-20
5945.842022 3.40788015e-15 1e-20
5945.95442 3.376120227e-15 1e-20
5946.066818 3.370208784e-15 1e-20
5946.179216 3.367118172e-15 1e-20
5946.291614 3.414527453e-15 1e-20
5946.404012 3.461398233e-15 1e-20
5946.51641 3.498633378e-15 1e-20
5946.628808 3.531727802e-15 1e-20
5946.741206 3.490718067e-15 1e-20
5946.853604 3.454612229e-15 1e-20
5946.966002 3.506256039e-15 1e-20
5947.0784 3.556672711e-15 1e-20
5947.190798 3.585141065e-15 1e-20
5947.303196 3.608487834e-15 1e-20
5947.415594 3.540221213e-15 1e-20
5947.527992 3.470786323e-15 1e-20
5947.64039 3.380457671e-15 1e-20
5947.752788 3.2997799e-15 1e-20
5947.865186 3.391708809e-15 1e-20
5947.977584 3.478843512e-15 1e-20
5948.089982 3.480249375e-15 1e-20
5948.20238 3.474938902e-15 1e-20
5948.314778 3.349539486e-15 1e-20
5948.427176 3.23799287e-15 1e-20
5948.539574 3.37409603e-15 1e-20
5948.651972 3.5079158e-15 1e-20
5948.76437 3.600925524e-15 1e-20
5948.876768 3.682969982e-15 1e-20
5948.989166 3.569042356e-15 1e-20
5949.101564 3.456146629e-15 1e-20
5949.213962 3.361696738e-15 1e-20
5949.32636 3.27544909e-15 1e-20
5949.438758 3.33574873e-15 1e-20
5949.551156 3.396093687e-15 1e-20
5949.663554 3.457245866e-15 1e-20
5949.775952 3.509915645e-15 1e-20
5949.88835 3.411070288e-15 1e-20
5950.000748 3.318422248e-15 1e-20
5950.113146 3.336455156e-15 1e-20
5950.225544 3.355526526e-15 1e-20
5950.337942 3.393139236e-15 1e-20
5950.45034 3.427551644e-15 1e-20
5950.562738 3.404825538e-15 1e-20
5950.675136 3.386918838e-15 1e-20
5950.787534 3.455048662e-15 1e-20
5950.899932 3.518177393e-15 1e-20
5951.01233 3.492038168e-15 1e-20
5951.124728 3.464705473e-15 1e-20
5951.237126 3.416070324e-15 1e-20
5951.349524 3.368481048e-15 1e-20
5951.461922 3.339552755e-15 1e-20
5951.57432 3.31472749e-15 1e-20
5951.686718 3.363106624e-15 1e-20
5951.799116 3.413137472e-15 1e-20
5951.911514 3.492632785e-15 1e-20
5952.023912 3.562762454e-15 1e-20
5952.13631 3.465832027e-15 1e-20
5952.248708 3.372361941e-15 1e-20
5952.361106 3.340603712e-15 1e-20
5952.473504 3.31378199e-15 1e-20
5952.585902 3.374988167e-15 1e-20
5952.6983 3.434619922e-15 1e-20
5952.810698 3.466176981e-15 1e-20
5952.923096 3.497407721e-15 1e-20
5953.035494 3.522821463e-15 1e-20
5953.147892 3.544718747e-15 1e-20
5953.26029 3.503939192e-15 1e-20
5953.372688 3.462461895e-15 1e-20
5953.485086 3.408550153e-15 1e-20
5953.597484 3.360282828e-15 1e-20
5953.709882 3.412598971e-15 1e-20
5953.82228 3.4650013e-15 1e-20
5953.934678 3.518939934e-15 1e-20
5954.047076 3.568940712e-15 1e-20
5954.159474 3.548780905e-15 1e-20
5954.271872 3.529244302e-15 1e-20
5954.38427 3.520802136e-15 1e-20
5954.496668 3.51333427e-15 1e-20
5954.609066 3.523213639e-15 1e-20
5954.721464 3.533312389e-15 1e-20
5954.833862 3.547312997e-15 1e-20
5954.94626 3.556292817e-15 1e-20
5955.058658 3.475875085e-15 1e-20
5955.171056 3.398301267e-15 1e-20
5955.283454 3.371362231e-15 1e-20
5955.395852 3.351422652e-15 1e-20
5955.50825 3.456082678e-15 1e-20
5955.620648 3.554188363e-15 1e-20
5955.733046 3.535641942e-15 1e-20
5955.845444 3.515042736e-15 1e-20
5955.957842 3.457918198e-15 1e-20
5956.07024 3.404099842e-15 1e-20
5956.182638 3.409114913e-15 1e-20
5956.295036 3.417119374e-15 1e-20
5956.407434 3.478309458e-15 1e-20
5956.519832 3.536393683e-15 1e-20
5956.63223 3.539225314e-15 1e-20
5956.744628 3.540983331e-15 1e-20
5956.857026 3.523648802e-15 1e-20
5956.969424 3.50525294e-15 1e-20
5957.081822 3.46798582e-15 1e-20
5957.19422 3.427128551e-15 1e-20
5957.306618 3.322432102e-15 1e-20
5957.419016 3.227377641e-15 1e-20
5957.531414 3.303744861e-15 1e-20
5957.643812 3.37904482e-15 1e-20
5957.75621 3.435369969e-15 1e-20
5957.868608 3.484083046e-15 1e-20
5957.981006 3.397498279e-15 1e-20
5958.093404 3.319573366e-15 1e-20
5958.205802 3.395548621e-15 1e-20
5958.3182 3.468401078e-15 1e-20
5958.430598 3.485762501e-15 1e-20
5958.542996 3.501031116e-15 1e-20
5958.655394 3.479115198e-15 1e-20
5958.767792 3.459966959e-15 1e-20
5958.88019 3.489987501e-15 1e-20
5958.992588 3.514544468e-15 1e-20
5959.104986 3.442056659e-15 1e-20
5959.217384 3.372369141e-15 1e-20
5959.329782 3.352411139e-15 1e-20
5959.44218 3.33445277e-15 1e-20
5959.554578 3.352005834e-15 1e-20
5959.666976 3.369869335e-15 1e-20
5959.779374 3.393245539e-15 1e-20
5959.891772 3.417737708e-15 1e-20
5960.00417 3.462044308e-15 1e-20
5960.116568 3.50769536e-15 1e-20
5960.228966 3.57720606e-15 1e-20
5960.341364 3.642597004e-15 1e-20
5960.453762 3.634870792e-15 1e-20
5960.56616 3.62546068e-15 1e-20
5960.678558 3.586167669e-15 1e-20
5960.790956 3.547447251e-15 1e-20
5960.903354 3.518888689e-15 1e-20
5961.015752 3.489600619e-15 1e-20
5961.12815 3.447370309e-15 1e-20
5961.240548 3.408702619e-15 1e-20
5961.352946 3.433223164e-15 1e-20
5961.465344 3.455692831e-15 1e-20
5961.577742 3.441788362e-15 1e-20
5961.69014 3.42931199e-15 1e-20
5961.802538 3.44216148e-15 1e-20
5961.914936 3.456212486e-15 1e-20
5962.027334 3.4915651e-15 1e-20
5962.139732 3.522100638e-15 1e-20
5962.25213 3.467238314e-15 1e-20
5962.364528 3.416374409e-15 1e-20
5962.476926 3.436379844e-15 1e-20
5962.589324 3.457196103e-15 1e-20
5962.701722 3.492378251e-15 1e-20
5962.81412 3.525666011e-15 1e-20
5962.926518 3.525383314e-15 1e-20
5963.038916 3.528117113e-15 1e-20
5963.151314 3.584291067e-15 1e-20
5963.263712 3.634939826e-15 1e-20
5963.37611 3.587698257e-15 1e-20
5963.488508 3.540759291e-15 1e-20
5963.600906 3.499183738e-15 1e-20
5963.713304 3.464429129e-15 1e-20
5963.825702 3.5504845e-15 1e-20
5963.9381 3.630973594e-15 1e-20
5964.050498 3.612892829e-15 1e-20
5964.162896 3.589606622e-15 1e-20
5964.275294 3.474146714e-15 1e-20
5964.387692 3.365552432e-15 1e-20
5964.50009 3.378503989e-15 1e-20
5964.612488 3.393888648e-15 1e-20
5964.724886 3.452341757e-15 1e-20
5964.837284 3.508821914e-15 1e-20
5964.949682 3.530381655e-15 1e-20
5965.06208 3.551630324e-15 1e-20
5965.174478 3.567377937e-15 1e-20
5965.286876 3.579753088e-15 1e-20
5965.399274 3.532455827e-15 1e-20
5965.511672 3.485747254e-15 1e-20
5965.62407 3.449452527e-15 1e-20
5965.736468 3.414775634e-15 1e-20
5965.848866 3.408711937e-15 1e-20
5965.961264 3.403691996e-15 1e-20
5966.073662 3.417128691e-15 1e-20
5966.18606 3.432510174e-15 1e-20
5966.298458 3.482288395e-15 1e-20
5966.410856 3.529688147e-15 1e-20
5966.523254 3.535034195e-15 1e-20
5966.635652 3.539632314e-15 1e-20
5966.74805 3.531009307e-15 1e-20
5966.860448 3.525067159e-15 1e-20
5966.972846 3.566513116e-15 1e-20
5967.085244 3.608089728e-15 1e-20
5967.197642 3.65197027e-15 1e-20
5967.31004 3.694463372e-15 1e-20
5967.422438 3.712430211e-15 1e-20
5967.534836 3.727797507e-15 1e-20
5967.647234 3.697223429e-15 1e-20
5967.759632 3.67193526e-15 1e-20
5967.87203 3.740035862e-15 1e-20
5967.984428 3.803776362e-15 1e-20
5968.096826 3.790491921e-15 1e-20
5968.209224 3.776732294e-15 1e-20
5968.321622 3.754582382e-15 1e-20
5968.43402 3.733779253e-15 1e-20
5968.546418 3.736750221e-15 1e-20
5968.658816 3.733944425e-15 1e-20
5968.771214 3.629136803e-15 1e-20
5968.883612 3.526333261e-15 1e-20
5968.99601 3.458916427e-15 1e-20
5969.108408 3.395267618e-15 1e-20
5969.220806 3.398131648e-15 1e-20
5969.333204 3.403471132e-15 1e-20
5969.445602 3.452504811e-15 1e-20
5969.558 3.501428587e-15 1e-20
5969.670398 3.548414775e-15 1e-20
5969.782796 3.592658482e-15 1e-20
5969.895194 3.588508868e-15 1e-20
5970.007592 3.585764904e-15 1e-20
5970.11999 3.607822066e-15 1e-20
5970.232388 3.629527285e-15 1e-20
5970.344786 3.645026718e-15 1e-20
5970.457184 3.659372068e-15 1e-20
5970.569582 3.653372957e-15 1e-20
5970.68198 3.644802677e-15 1e-20
5970.794378 3.590883101e-15 1e-20
5970.906776 3.538565264e-15 1e-20
5971.019174 3.514495764e-15 1e-20
5971.131572 3.495987459e-15 1e-20
5971.24397 3.575533593e-15 1e-20
5971.356368 3.649281364e-15 1e-20
5971.468766 3.620804963e-15 1e-20
5971.581164 3.592103675e-15 1e-20
5971.693562 3.559447167e-15 1e-20
5971.80596 3.528642697e-15 1e-20
5971.918358 3.530479064e-15 1e-20
5972.030756 3.531321862e-15 1e-20
5972.143154 3.514653312e-15 1e-20
5972.255552 3.497382099e-15 1e-20
5972.36795 3.469491421e-15 1e-20
5972.480348 3.44392352e-15 1e-20
5972.592746 3.459274722e-15 1e-20
5972.705144 3.474810365e-15 1e-20
5972.817542 3.493600943e-15 1e-20
5972.92994 3.509130446e-15 1e-20
5973.042338 3.46722582e-15 1e-20
5973.154736 3.429179641e-15 1e-20
5973.267134 3.459077151e-15 1e-20
5973.379532 3.491702954e-15 1e-20
5973.49193 3.572365267e-15 1e-20
5973.604328 3.646936353e-15 1e-20
5973.716726 3.614272222e-15 1e-20
5973.829124 3.580872442e-15 1e-20
5973.941522 3.534524282e-15 1e-20
5974.05392 3.488711869e-15 1e-20
5974.166318 3.452328204e-15 1e-20
5974.278716 3.41679856e-15 1e-20
5974.391114 3.396296975e-15 1e-20
5974.503512 3.380131986e-15 1e-20
5974.61591 3.44027069e-15 1e-20
5974.728308 3.496839786e-15 1e-20
5974.840706 3.490606258e-15 1e-20
5974.953104 3.479705791e-15 1e-20
5975.065502 3.386711527e-15 1e-20
5975.1779 3.298465516e-15 1e-20
5975.290298 3.29373399e-15 1e-20
5975.402696 3.29202976e-15 1e-20
5975.515094 3.343562398e-15 1e-20
5975.627492 3.392915831e-15 1e-20
5975.73989 3.403950341e-15 1e-20
5975.852288 3.416721057e-15 1e-20
5975.964686 3.460017358e-15 1e-20
5976.077084 3.500294621e-15 1e-20
5976.189482 3.487506118e-15 1e-20
5976.30188 3.475631775e-15 1e-20
5976.414278 3.4798248e-15 1e-20
5976.526676 3.487821849e-15 1e-20
5976.639074 3.562672669e-15 1e-20
5976.751472 3.631666467e-15 1e-20
5976.86387 3.59774915e-15 1e-20
5976.976268 3.563560783e-15 1e-20
5977.088666 3.524615055e-15 1e-20
5977.201064 3.489022095e-15 1e-20
5977.313462 3.512325666e-15 1e-20
5977.42586 3.530572238e-15 1e-20
5977.538258 3.459994911e-15 1e-20
5977.650656 3.393900083e-15 1e-20
5977.763054 3.406523627e-15 1e-20
5977.875452 3.419250721e-15 1e-20
5977.98785 3.433795123e-15 1e-20
5978.100248 3.443244623e-15 1e-20
5978.212646 3.363238973e-15 1e-20
5978.325044 3.290746717e-15 1e-20
5978.437442 3.35015189e-15 1e-20
5978.54984 3.406431512e-15 1e-20
5978.662238 3.407851563e-15 1e-20
5978.774636 3.409384269e-15 1e-20
5978.887034 3.412894797e-15 1e-20
5978.999432 3.417841893e-15 1e-20
5979.11183 3.447999654e-15 1e-20
5979.224228 3.475827016e-15 1e-20
5979.336626 3.462772968e-15 1e-20
5979.449024 3.447646018e-15 1e-20
5979.561422 3.396152344e-15 1e-20
5979.67382 3.345633817e-15 1e-20
5979.786218 3.312220696e-15 1e-20
5979.898616 3.285771669e-15 1e-20
5980.011014 3.381459075e-15 1e-20
5980.123412 3.472922752e-15 1e-20
5980.23581 3.490323349e-15 1e-20
5980.348208 3.506766165e-15 1e-20
5980.460606 3.506416128e-15 1e-20
5980.573004 3.508587286e-15 1e-20
5980.685402 3.554957046e-15 1e-20
5980.7978 3.598068905e-15 1e-20
5980.910198 3.584078038e-15 1e-20
5981.022596 3.567503298e-15 1e-20
5981.134994 3.505649564e-15 1e-20
5981.247392 3.446874583e-15 1e-20
5981.35979 3.442052212e-15 1e-20
5981.472188 3.435414227e-15 1e-20
5981.584586 3.396968037e-15 1e-20
5981.696984 3.357189252e-15 1e-20
5981.809382 3.294060945e-15 1e-20
5981.92178 3.23810489e-15 1e-20
5982.034178 3.30778055e-15 1e-20
5982.146576 3.377901113e-15 1e-20
5982.258974 3.455812474e-15 1e-20
5982.371372 3.52973664e-15 1e-20
5982.48377 3.533839032e-15 1e-20
5982.596168 3.540777502e-15 1e-20
5982.708566 3.597369679e-15 1e-20
5982.820964 3.647069337e-15 1e-20
5982.933362 3.576098564e-15 1e-20
5983.04576 3.504344498e-15 1e-20
5983.158158 3.41887972e-15 1e-20
5983.270556 3.338077648e-15 1e-20
5983.382954 3.33888614e-15 1e-20
5983.495352 3.34105518e-15 1e-20
5983.60775 3.367033257e-15 1e-20
5983.720148 3.393287255e-15 1e-20
5983.832546 3.424368282e-15 1e-20
5983.944944 3.449247334e-15 1e-20
5984.057342 3.3656185e-15 1e-20
5984.16974 3.288305356e-15 1e-20
5984.282138 3.321467967e-15 1e-20
5984.394536 3.355687251e-15 1e-20
5984.506934 3.408389853e-15 1e-20
5984.619332 3.454528796e-15 1e-20
5984.73173 3.385876987e-15 1e-20
5984.844128 3.321961363e-15 1e-20
5984.956526 3.340862057e-15 1e-20
5985.068924 3.363693406e-15 1e-20
5985.181322 3.455248562e-15 1e-20
5985.29372 3.541800083e-15 1e-20
5985.406118 3.540878087e-15 1e-20
5985.518516 3.535762432e-15 1e-20
5985.630914 3.45734518e-15 1e-20
5985.743312 3.384384304e-15 1e-20
5985.85571 3.406782396e-15 1e-20
5985.968108 3.430554375e-15 1e-20
5986.080506 3.478337198e-15 1e-20
5986.192904 3.520979166e-15 1e-20
5986.305302 3.473804936e-15 1e-20
5986.4177 3.426803502e-15 1e-20
5986.530098 3.38281941e-15 1e-20
5986.642496 3.341340207e-15 1e-20
5986.754894 3.343616184e-15 1e-20
5986.867292 3.347608462e-15 1e-20
5986.97969 3.381572578e-15 1e-20
5987.092088 3.414120666e-15 1e-20
5987.204486 3.421941744e-15 1e-20
5987.316884 3.427991465e-15 1e-20
5987.429282 3.403115378e-15 1e-20
5987.54168 3.379542663e-15 1e-20
5987.654078 3.378722524e-15 1e-20
5987.766476 3.381906732e-15 1e-20
5987.878874 3.4549845e-15 1e-20
5987.991272 3.525569873e-15 1e-20
5988.10367 3.552656504e-15 1e-20
5988.216068 3.574239327e-15 1e-20
5988.328466 3.499780684e-15 1e-20
5988.440864 3.424627686e-15 1e-20
5988.553262 3.337363387e-15 1e-20
5988.66566 3.25464702e-15 1e-20
5988.778058 3.251271594e-15 1e-20
5988.890456 3.24577202e-15 1e-20
5989.002854 3.203222379e-15 1e-20
5989.115252 3.160790899e-15 1e-20
5989.22765 3.120422791e-15 1e-20
5989.340048 3.082817704e-15 1e-20
5989.452446 3.093397358e-15 1e-20
5989.564844 3.109139465e-15 1e-20
5989.677242 3.214899364e-15 1e-20
5989.78964 3.314476345e-15 1e-20
5989.902038 3.306259702e-15 1e-20
5990.014436 3.299455486e-15 1e-20
5990.126834 3.317270071e-15 1e-20
5990.239232 3.338326675e-15 1e-20
5990.35163 3.415887788e-15 1e-20
5990.464028 3.48427617e-15 1e-20
5990.576426 3.392808893e-15 1e-20
5990.688824 3.307653071e-15 1e-20
5990.801222 3.332470501e-15 1e-20
5990.91362 3.355710756e-15 1e-20
5991.026018 3.351470297e-15 1e-20
5991.138416 3.344194919e-15 1e-20
5991.250814 3.284052192e-15 1e-20
5991.363212 3.228629556e-15 1e-20
5991.47561 3.25541909e-15 1e-20
5991.588008 3.282835429e-15 1e-20
5991.700406 3.321166635e-15 1e-20
5991.812804 3.358200609e-15 1e-20
5991.925202 3.372648662e-15 1e-20
5992.0376 3.386136815e-15 1e-20
5992.149998 3.382912796e-15 1e-20
5992.262396 3.380954032e-15 1e-20
5992.374794 3.401019607e-15 1e-20
5992.487192 3.419668943e-15 1e-20
5992.59959 3.413666444e-15 1e-20
5992.711988 3.404187087e-15 1e-20
5992.824386 3.334199931e-15 1e-20
5992.936784 3.266764885e-15 1e-20
5993.049182 3.243741682e-15 1e-20
5993.16158 3.22042943e-15 1e-20
5993.273978 3.192083261e-15 1e-20
5993.386376 3.166232662e-15 1e-20
5993.498774 3.183796314e-15 1e-20
5993.611172 3.204630571e-15 1e-20
5993.72357 3.282354738e-15 1e-20
5993.835968 3.355943055e-15 1e-20
5993.948366 3.357599639e-15 1e-20
5994.060764 3.357491643e-15 1e-20
5994.173162 3.326699454e-15 1e-20
5994.28556 3.299930883e-15 1e-20
5994.397958 3.343121093e-15 1e-20
5994.510356 3.382231993e-15 1e-20
5994.622754 3.350426964e-15 1e-20
5994.735152 3.319957495e-15 1e-20
5994.84755 3.312707105e-15 1e-20
5994.959948 3.308331333e-15 1e-20
5995.072346 3.353920552e-15 1e-20
5995.184744 3.395184185e-15 1e-20
5995.297142 3.361282115e-15 1e-20
5995.40954 3.32737941e-15 1e-20
5995.521938 3.293466752e-15 1e-20
5995.634336 3.261095905e-15 1e-20
5995.746734 3.255506758e-15 1e-20
5995.859132 3.250773326e-15 1e-20
5995.97153 3.260902358e-15 1e-20
5996.083928 3.272151591e-15 1e-20
5996.196326 3.302853994e-15 1e-20
5996.308724 3.331017628e-15 1e-20
5996.421122 3.315088115e-15 1e-20
5996.53352 3.301082213e-15 1e-20
5996.645918 3.320479268e-15 1e-20
5996.758316 3.339277893e-15 1e-20
5996.870714 3.347683848e-15 1e-20
5996.983112 3.356141684e-15 1e-20
5997.09551 3.365499704e-15 1e-20
5997.207908 3.376109003e-15 1e-20
5997.320306 3.408436651e-15 1e-20
5997.432704 3.43368268e-15 1e-20
5997.545102 3.33602931e-15 1e-20
5997.6575 3.244993809e-15 1e-20
5997.769898 3.268793317e-15 1e-20
5997.882296 3.294497591e-15 1e-20
5997.994694 3.353247372e-15 1e-20
5998.107092 3.404680907e-15 1e-20
5998.21949 3.329197142e-15 1e-20
5998.331888 3.256712933e-15 1e-20
5998.444286 3.236256876e-15 1e-20
5998.556684 3.21946593e-15 1e-20
5998.669082 3.266239725e-15 1e-20
5998.78148 3.309149778e-15 1e-20
5998.893878 3.285064185e-15 1e-20
5999.006276 3.262003924e-15 1e-20
5999.118674 3.25672098e-15 1e-20
5999.231072 3.252668774e-15 1e-20
5999.34347 3.269955235e-15 1e-20
5999.455868 3.283959442e-15 1e-20
5999.568266 3.24106887e-15 1e-20
5999.680664 3.199603854e-15 1e-20
5999.793062 3.182847849e-15 1e-20
5999.90546 3.165571765e-15 1e-20
6000.017858 3.139283038e-15 1e-20
6000.130256 3.112893939e-15 1e-20
6000.242654 3.084761221e-15 1e-20
6000.355052 3.058771074e-15 1e-20
6000.46745 3.06989664e-15 1e-20
6000.579848 3.081744725e-15 1e-20
6000.692246 3.106108358e-15 1e-20
6000.804644 3.132243771e-15 1e-20
6000.917042 3.189066553e-15 1e-20
6001.02944 3.243716695e-15 1e-20
6001.141838 3.260746292e-15 1e-20
6001.254236 3.276590891e-15 1e-20
6001.366634 3.271918869e-15 1e-20
6001.479032 3.266388591e-15 1e-20
6001.59143 3.245997966e-15 1e-20
6001.703828 3.225070323e-15 1e-20
6001.816226 3.194847764e-15 1e-20
6001.928624 3.168040442e-15 1e-20
6002.041022 3.200343526e-15 1e-20
6002.15342 3.232002441e-15 1e-20
6002.265818 3.252513556e-15 1e-20
6002.378216 3.270667377e-15 1e-20
6002.490614 3.248032328e-15 1e-20
6002.603012 3.227298867e-15 1e-20
6002.71541 3.239466919e-15 1e-20
6002.827808 3.251845882e-15 1e-20
6002.940206 3.267874498e-15 1e-20
6003.052604 3.281863459e-15 1e-20
6003.165002 3.260576039e-15 1e-20
6003.2774 3.239517317e-15 1e-20
6003.389798 3.222416781e-15 1e-20
6003.502196 3.212542071e-15 1e-20
6003.614594 3.327618061e-15 1e-20
6003.726992 3.437421271e-15 1e-20
6003.83939 3.45606129e-15 1e-20
6003.951788 3.466253214e-15 1e-20
6004.064186 3.330404376e-15 1e-20
6004.176584 3.20476165e-15 1e-20
6004.288982 3.255530263e-15 1e-20
6004.40138 3.304544248e-15 1e-20
6004.513778 3.323233819e-15 1e-20
6004.626176 3.338050119e-15 1e-20
6004.738574 3.285937052e-15 1e-20
6004.850972 3.240723069e-15 1e-20
6004.96337 3.314714361e-15 1e-20
6005.075768 3.38194866e-15 1e-20
6005.188166 3.332451019e-15 1e-20
6005.300564 3.282480099e-15 1e-20
6005.412962 3.224338487e-15 1e-20
6005.52536 3.17125832e-15 1e-20
6005.637758 3.205595554e-15 1e-20
6005.750156 3.236833282e-15 1e-20
6005.862554 3.214549115e-15 1e-20
6005.974952 3.194626265e-15 1e-20
6006.08735 3.215471746e-15 1e-20
6006.199748 3.235581579e-15 1e-20
6006.312146 3.242989729e-15 1e-20
6006.424544 3.246677075e-15 1e-20
6006.536942 3.186140901e-15 1e-20
6006.64934 3.13083092e-15 1e-20
6006.761738 3.165724019e-15 1e-20
6006.874136 3.201106914e-15 1e-20
6006.986534 3.24494214e-15 1e-20
6007.098932 3.28362677e-15 1e-20
6007.21133 3.233439009e-15 1e-20
6007.323728 3.184437729e-15 1e-20
6007.436126 3.15590246e-15 1e-20
6007.548524 3.129788858e-15 1e-20
6007.660922 3.145444991e-15 1e-20
6007.77332 3.161662496e-15 1e-20
6007.885718 3.187564552e-15 1e-20
6007.998116 3.212811216e-15 1e-20
6008.110514 3.226754225e-15 1e-20
6008.222912 3.239548234e-15 1e-20
6008.33531 3.232529719e-15 1e-20
6008.447708 3.22438338e-15 1e-20
6008.560106 3.196790223e-15 1e-20
6008.672504 3.16842203e-15 1e-20
6008.784902 3.126694011e-15 1e-20
6008.8973 3.087557913e-15 1e-20
6009.009698 3.093098355e-15 1e-20
6009.122096 3.10210888e-15 1e-20
6009.234494 3.170923742e-15 1e-20
6009.346892 3.235559556e-15 1e-20
6009.45929 3.228184016e-15 1e-20
6009.571688 3.218587557e-15 1e-20
6009.684086 3.170728925e-15 1e-20
6009.796484 3.126015749e-15 1e-20
6009.908882 3.135489178e-15 1e-20
6010.02128 3.144029176e-15 1e-20
6010.133678 3.136487194e-15 1e-20
6010.246076 3.132481575e-15 1e-20
6010.358474 3.189381225e-15 1e-20
6010.470872 3.245052889e-15 1e-20
6010.58327 3.279577529e-15 1e-20
6010.695668 3.30499974e-15 1e-20
6010.808066 3.173699893e-15 1e-20
6010.920464 3.051048463e-15 1e-20
6011.032862 3.077285944e-15 1e-20
6011.14526 3.105409344e-15 1e-20
6011.257658 3.165991469e-15 1e-20
6011.370056 3.220556273e-15 1e-20
6011.482454 3.171555629e-15 1e-20
6011.594852 3.125733687e-15 1e-20
6011.70725 3.134614828e-15 1e-20
6011.819648 3.143058899e-15 1e-20
6011.932046 3.143984283e-15 1e-20
6012.044444 3.143591471e-15 1e-20
6012.156842 3.120515329e-15 1e-20
6012.26924 3.098995187e-15 1e-20
6012.381638 3.104239591e-15 1e-20
6012.494036 3.109333647e-15 1e-20
6012.606434 3.111839171e-15 1e-20
6012.718832 3.11542572e-15 1e-20
6012.83123 3.137603795e-15 1e-20
6012.943628 3.16240852e-15 1e-20
6013.056026 3.232376618e-15 1e-20
6013.168424 3.294807181e-15 1e-20
6013.280822 3.227642339e-15 1e-20
6013.39322 3.161698918e-15 1e-20
6013.505618 3.116748785e-15 1e-20
6013.618016 3.078983186e-15 1e-20
6013.730414 3.16470652e-15 1e-20
6013.842812 3.247370372e-15 1e-20
6013.95521 3.277456558e-15 1e-20
6014.067608 3.305874302e-15 1e-20
6014.180006 3.305624851e-15 1e-20
6014.292404 3.308603019e-15 1e-20
6014.404802 3.367038339e-15 1e-20
6014.5172 3.418854098e-15 1e-20
6014.629598 3.356956318e-15 1e-20
6014.741996 3.291757863e-15 1e-20
6014.854394 3.169861986e-15 1e-20
6014.966792 3.053406179e-15 1e-20
6015.07919 3.030382553e-15 1e-20
6015.191588 3.008536938e-15 1e-20
6015.303986 3.006917835e-15 1e-20
6015.416384 3.008446941e-15 1e-20
6015.528782 3.064028184e-15 1e-20
6015.64118 3.119453785e-15 1e-20
6015.753578 3.172207844e-15 1e-20
6015.865976 3.223146712e-15 1e-20
6015.978374 3.242922813e-15 1e-20
6016.090772 3.264752123e-15 1e-20
6016.20317 3.321823932e-15 1e-20
6016.315568 3.369496429e-15 1e-20
6016.427966 3.255872041e-15 1e-20
6016.540364 3.143982165e-15 1e-20
6016.652762 3.061853215e-15 1e-20
6016.76516 2.988189513e-15 1e-20
6016.877558 3.059752362e-15 1e-20
6016.989956 3.124646944e-15 1e-20
6017.102354 3.075156715e-15 1e-20
6017.214752 3.02919459e-15 1e-20
6017.32715 3.043745769e-15 1e-20
6017.439548 3.059978943e-15 1e-20
6017.551946 3.105060154e-15 1e-20
6017.664344 3.146288636e-15 1e-20
6017.776742 3.121455959e-15 1e-20
6017.88914 3.100022002e-15 1e-20
6018.001538 3.136857136e-15 1e-20
6018.113936 3.173724457e-15 1e-20
6018.226334 3.211143619e-15 1e-20
6018.338732 3.247609023e-15 1e-20
6018.45113 3.26772542e-15 1e-20
6018.563528 3.284277079e-15 1e-20
6018.675926 3.239732887e-15 1e-20
6018.788324 3.194255477e-15 1e-20
6018.900722 3.132784813e-15 1e-20
6019.01312 3.074143452e-15 1e-20
6019.125518 3.063978421e-15 1e-20
6019.237916 3.056146754e-15 1e-20
6019.350314 3.088287208e-15 1e-20
6019.462712 3.121725316e-15 1e-20
6019.57511 3.177388086e-15 1e-20
6019.687508 3.226525738e-15 1e-20
6019.799906 3.163913698e-15 1e-20
6019.912304 3.103043157e-15 1e-20
6020.024702 3.072000035e-15 1e-20
6020.1371 3.046020264e-15 1e-20
6020.249498 3.106733468e-15 1e-20
6020.361896 3.16425124e-15 1e-20
6020.474294 3.167063178e-15 1e-20
6020.586692 3.169198971e-15 1e-20
6020.69909 3.159761119e-15 1e-20
6020.811488 3.15145596e-15 1e-20
6020.923886 3.162540869e-15 1e-20
6021.036284 3.172058343e-15 1e-20
6021.148682 3.154747107e-15 1e-20
6021.26108 3.13873649e-15 1e-20
6021.373478 3.144974888e-15 1e-20
6021.485876 3.152156457e-15 1e-20
6021.598274 3.175471039e-15 1e-20
6021.710672 3.193531475e-15 1e-20
6021.82307 3.121713246e-15 1e-20
6021.935468 3.055410895e-15 1e-20
6022.047866 3.08345192e-15 1e-20
6022.160264 3.110586621e-15 1e-20
6022.272662 3.12222083e-15 1e-20
6022.38506 3.13115851e-15 1e-20
6022.497458 3.093993034e-15 1e-20
6022.609856 3.063093272e-15 1e-20
6022.722254 3.139324119e-15 1e-20
6022.834652 3.208637037e-15 1e-20
6022.94705 3.159692509e-15 1e-20
6023.059448 3.110494082e-15 1e-20
6023.171846 3.056960965e-15 1e-20
6023.284244 3.00965968e-15 1e-20
6023.396642 3.068864531e-15 1e-20
6023.50904 3.126116758e-15 1e-20
6023.621438 3.150007322e-15 1e-20
6023.733836 3.17267943e-15 1e-20
6023.846234 3.174533585e-15 1e-20
6023.958632 3.174478951e-15 1e-20
6024.07103 3.141820325e-15 1e-20
6024.183428 3.110698853e-15 1e-20
6024.295826 3.10583286e-15 1e-20
6024.408224 3.102919067e-15 1e-20
6024.520622 3.133347243e-15 1e-20
6024.63302 3.160232916e-15 1e-20
6024.745418 3.126629001e-15 1e-20
6024.857816 3.096120569e-15 1e-20
6024.970214 3.11847165e-15 1e-20
6025.082612 3.141390033e-15 1e-20
6025.19501 3.17399466e-15 1e-20
6025.307408 3.203700317e-15 1e-20
6025.419806 3.18391871e-15 1e-20
6025.532204 3.162553786e-15 1e-20
6025.644602 3.114165758e-15 1e-20
6025.757 3.068765428e-15 1e-20
6025.869398 3.074353304e-15 1e-20
6025.981796 3.080004708e-15 1e-20
6026.094194 3.086738832e-15 1e-20
6026.206592 3.092267416e-15 1e-20
6026.31899 3.077229405e-15 1e-20
6026.431388 3.065200478e-15 1e-20
6026.543786 3.104504077e-15 1e-20
6026.656184 3.140303713e-15 1e-20
6026.768582 3.116336492e-15 1e-20
6026.88098 3.092846998e-15 1e-20
6026.993378 3.077501937e-15 1e-20
6027.105776 3.066999152e-15 1e-20
6027.218174 3.139064292e-15 1e-20
6027.330572 3.206409976e-15 1e-20
6027.44297 3.19328753e-15 1e-20
6027.555368 3.177368181e-15 1e-20
6027.667766 3.113771888e-15 1e-20
6027.780164 3.053422697e-15 1e-20
6027.892562 3.048419696e-15 1e-20
6028.00496 3.043392768e-15 1e-20
6028.117358 3.037959263e-15 1e-20
6028.229756 3.032151793e-15 1e-20
6028.342154 3.019971883e-15 1e-20
6028.454552 3.00528412e-15 1e-20
6028.56695 2.947869898e-15 1e-20
6028.679348 2.894407084e-15 1e-20
6028.791746 2.908260096e-15 1e-20
6028.904144 2.926491845e-15 1e-20
6029.016542 3.019310774e-15 1e-20
6029.12894 3.105097e-15 1e-20
6029.241338 3.071108956e-15 1e-20
6029.353736 3.035887632e-15 1e-20
6029.466134 2.979667514e-15 1e-20
6029.578532 2.927754771e-15 1e-20
6029.69093 2.949183857e-15 1e-20
6029.803328 2.96953933e-15 1e-20
6029.915726 2.971616678e-15 1e-20
6030.028124 2.969137201e-15 1e-20
6030.140522 2.889084964e-15 1e-20
6030.25292 2.816934698e-15 1e-20
6030.365318 2.879277805e-15 1e-20
6030.477716 2.942017959e-15 1e-20
6030.590114 3.011514894e-15 1e-20
6030.702512 3.07452504e-15 1e-20
6030.81491 3.027160863e-15 1e-20
6030.927308 2.984227728e-15 1e-20
6031.039706 3.016682219e-15 1e-20
6031.152104 3.046291314e-15 1e-20
6031.264502 3.027493747e-15 1e-20
6031.3769 3.00627536e-15 1e-20
6031.489298 2.943878467e-15 1e-20
6031.601696 2.883821713e-15 1e-20
6031.714094 2.863558567e-15 1e-20
6031.826492 2.844569359e-15 1e-20
6031.93889 2.847239207e-15 1e-20
6032.051288 2.851348587e-15 1e-20
6032.163686 2.879928114e-15 1e-20
6032.276084 2.908530088e-15 1e-20
6032.388482 2.937512802e-15 1e-20
6032.50088 2.964639668e-15 1e-20
6032.613278 2.960223026e-15 1e-20
6032.725676 2.957399442e-15 1e-20
6032.838074 2.981647454e-15 1e-20
6032.950472 3.003199995e-15 1e-20
6033.06287 2.978945419e-15 1e-20
6033.175268 2.953055433e-15 1e-20
6033.287666 2.899376626e-15 1e-20
6033.400064 2.847531645e-15 1e-20
6033.512462 2.826836513e-15 1e-20
6033.62486 2.809010916e-15 1e-20
6033.737258 2.839927407e-15 1e-20
6033.849656 2.868592908e-15 1e-20
6033.962054 2.859021859e-15 1e-20
6034.074452 2.846243308e-15 1e-20
6034.18685 2.778996727e-15 1e-20
6034.299248 2.717232779e-15 1e-20
6034.411646 2.748566221e-15 1e-20
6034.524044 2.783137871e-15 1e-20
6034.636442 2.872684289e-15 1e-20
6034.74884 2.957031618e-15 1e-20
6034.861238 2.953125102e-15 1e-20
6034.973636 2.946237453e-15 1e-20
6035.086034 2.888749751e-15 1e-20
6035.198432 2.837090694e-15 1e-20
6035.31083 2.88434772e-15 1e-20
6035.423228 2.927527131e-15 1e-20
6035.535626 2.901512208e-15 1e-20
6035.648024 2.870784817e-15 1e-20
6035.760422 2.760108528e-15 1e-20
6035.87282 2.657429923e-15 1e-20
6035.985218 2.690429056e-15 1e-20
6036.097616 2.726414828e-15 1e-20
6036.210014 2.813062698e-15 1e-20
6036.322412 2.892458273e-15 1e-20
6036.43481 2.848858099e-15 1e-20
6036.547208 2.80596308e-15 1e-20
6036.659606 2.775024566e-15 1e-20
6036.772004 2.747155488e-15 1e-20
6036.884402 2.771331079e-15 1e-20
6036.9968 2.79581986e-15 1e-20
6037.109198 2.825619538e-15 1e-20
6037.221596 2.853902392e-15 1e-20
6037.333994 2.85647589e-15 1e-20
6037.446392 2.853579037e-15 1e-20
6037.55879 2.757968287e-15 1e-20
6037.671188 2.668749248e-15 1e-20
6037.783586 2.687848782e-15 1e-20
6037.895984 2.713441671e-15 1e-20
6038.008382 2.84905821e-15 1e-20
6038.12078 2.980031739e-15 1e-20
6038.233178 3.032346399e-15 1e-20
6038.345576 3.079875959e-15 1e-20
6038.457974 3.046344254e-15 1e-20
6038.570372 3.014471675e-15 1e-20
6038.68277 3.010697084e-15 1e-20
6038.795168 3.008720109e-15 1e-20
6038.907566 3.037187404e-15 1e-20
6039.019964 3.06426853e-15 1e-20
6039.132362 3.06788409e-15 1e-20
6039.24476 3.070313592e-15 1e-20
6039.357158 3.05266312e-15 1e-20
6039.469556 3.033976938e-15 1e-20
6039.581954 2.997759291e-15 1e-20
6039.694352 2.964494613e-15 1e-20
6039.80675 2.981211655e-15 1e-20
6039.919148 2.999706196e-15 1e-20
6040.031546 3.048285865e-15 1e-20
6040.143944 3.091380784e-15 1e-20
6040.256342 3.041660585e-15 1e-20
6040.36874 2.991402097e-15 1e-20
6040.481138 2.932036522e-15 1e-20
6040.593536 2.876087879e-15 1e-20
6040.705934 2.877950504e-15 1e-20
6040.818332 2.878178356e-15 1e-20
6040.93073 2.850757358e-15 1e-20
6041.043128 2.826339516e-15 1e-20
6041.155526 2.852715487e-15 1e-20
6041.267924 2.880449887e-15 1e-20
6041.380322 2.931153491e-15 1e-20
6041.49272 2.973060234e-15 1e-20
6041.605118 2.866220792e-15 1e-20
6041.717516 2.761184683e-15 1e-20
6041.829914 2.686634984e-15 1e-20
6041.942312 2.621919337e-15 1e-20
6042.05471 2.723441742e-15 1e-20
6042.167108 2.820087566e-15 1e-20
6042.279506 2.834310096e-15 1e-20
6042.391904 2.84589306e-15 1e-20
6042.504302 2.812867881e-15 1e-20
6042.6167 2.785616925e-15 1e-20
6042.729098 2.855933577e-15 1e-20
6042.841496 2.922915248e-15 1e-20
6042.953894 2.933551441e-15 1e-20
6043.066292 2.94227461e-15 1e-20
6043.17869 2.918685589e-15 1e-20
6043.291088 2.892499142e-15 1e-20
6043.403486 2.822439353e-15 1e-20
6043.515884 2.753290124e-15 1e-20
6043.628282 2.699518355e-15 1e-20
6043.74068 2.65480645e-15 1e-20
6043.853078 2.763080343e-15 1e-20
6043.965476 2.868334774e-15 1e-20
6044.077874 2.922607775e-15 1e-20
6044.190272 2.972484251e-15 1e-20
6044.30267 2.94813269e-15 1e-20
6044.415068 2.926126985e-15 1e-20
6044.527466 2.943721554e-15 1e-20
6044.639864 2.95907572e-15 1e-20
6044.752262 2.9366177e-15 1e-20
6044.86466 2.913469137e-15 1e-20
6044.977058 2.878666882e-15 1e-20
6045.089456 2.844899279e-15 1e-20
6045.201854 2.828585212e-15 1e-20
6045.314252 2.813089168e-15 1e-20
6045.42665 2.811396161e-15 1e-20
6045.539048 2.808852097e-15 1e-20
6045.651446 2.791949978e-15 1e-20
6045.763844 2.773676725e-15 1e-20
6045.876242 2.732276084e-15 1e-20
6045.98864 2.692609107e-15 1e-20
6046.101038 2.682178108e-15 1e-20
6046.213436 2.674408275e-15 1e-20
6046.325834 2.711512977e-15 1e-20
6046.438232 2.749109805e-15 1e-20
6046.55063 2.795004803e-15 1e-20
6046.663028 2.836794656e-15 1e-20
6046.775426 2.809375564e-15 1e-20
6046.887824 2.783159047e-15 1e-20
6047.000222 2.777213934e-15 1e-20
6047.11262 2.76999679e-15 1e-20
6047.225018 2.741338278e-15 1e-20
6047.337416 2.712737151e-15 1e-20
6047.449814 2.685106089e-15 1e-20
6047.562212 2.663437504e-15 1e-20
6047.67461 2.742230627e-15 1e-20
6047.787008 2.815489659e-15 1e-20
6047.899406 2.795513023e-15 1e-20
6048.011804 2.774761986e-15 1e-20
6048.124202 2.74096283e-15 1e-20
6048.2366 2.71276595e-15 1e-20
6048.348998 2.778923035e-15 1e-20
6048.461396 2.841379645e-15 1e-20
6048.573794 2.841514111e-15 1e-20
6048.686192 2.83897873e-15 1e-20
6048.79859 2.791488981e-15 1e-20
6048.910988 2.745323568e-15 1e-20
6049.023386 2.721452062e-15 1e-20
6049.135784 2.700997486e-15 1e-20
6049.248182 2.738062589e-15 1e-20
6049.36058 2.773107095e-15 1e-20
6049.472978 2.774143017e-15 1e-20
6049.585376 2.77247902e-15 1e-20
6049.697774 2.725375306e-15 1e-20
6049.810172 2.680694954e-15 1e-20
6049.92257 2.67678992e-15 1e-20
6050.034968 2.673971206e-15 1e-20
6050.147366 2.689427652e-15 1e-20
6050.259764 2.705593487e-15 1e-20
6050.372162 2.733691688e-15 1e-20
6050.48456 2.760526115e-15 1e-20
6050.596958 2.766106156e-15 1e-20
6050.709356 2.77022676e-15 1e-20
6050.821754 2.749803737e-15 1e-20
6050.934152 2.734156285e-15 1e-20
6051.04655 2.798817086e-15 1e-20
6051.158948 2.861039491e-15 1e-20
6051.271346 2.882263596e-15 1e-20
6051.383744 2.898184427e-15 1e-20
6051.496142 2.824950594e-15 1e-20
6051.60854 2.755767272e-15 1e-20
6051.720938 2.754666129e-15 1e-20
6051.833336 2.754396773e-15 1e-20
6051.945734 2.768105366e-15 1e-20
6052.058132 2.780606513e-15 1e-20
6052.17053 2.772816351e-15 1e-20
6052.282928 2.765421754e-15 1e-20
6052.395326 2.764669165e-15 1e-20
6052.507724 2.762002493e-15 1e-20
6052.620122 2.727176945e-15 1e-20
6052.73252 2.692159333e-15 1e-20
6052.844918 2.653918336e-15 1e-20
6052.957316 2.620855888e-15 1e-20
6053.069714 2.67477504e-15 1e-20
6053.182112 2.728177503e-15 1e-20
6053.29451 2.772902749e-15 1e-20
6053.406908 2.811727562e-15 1e-20
6053.519306 2.751478532e-15 1e-20
6053.631704 2.695277473e-15 1e-20
6053.744102 2.707044455e-15 1e-20
6053.8565 2.72056903e-15 1e-20
6053.968898 2.763596609e-15 1e-20
6054.081296 2.800098647e-15 1e-20
6054.193694 2.727067466e-15 1e-20
6054.306092 2.657340138e-15 1e-20
6054.41849 2.643064668e-15 1e-20
6054.530888 2.634024921e-15 1e-20
6054.643286 2.712847689e-15 1e-20
6054.755684 2.788069721e-15 1e-20
6054.868082 2.802874798e-15 1e-20
6054.98048 2.814777305e-15 1e-20
6055.092878 2.777984099e-15 1e-20
6055.205276 2.740126385e-15 1e-20
6055.317674 2.68441237e-15 1e-20
6055.430072 2.627671538e-15 1e-20
6055.54247 2.553715398e-15 1e-20
6055.654868 2.486973648e-15 1e-20
6055.767266 2.541221026e-15 1e-20
6055.879664 2.597361523e-15 1e-20
6055.992062 2.685248815e-15 1e-20
6056.10446 2.76673889e-15 1e-20
6056.216858 2.740975112e-15 1e-20
6056.329256 2.714087745e-15 1e-20
6056.441654 2.668358554e-15 1e-20
6056.554052 2.624742075e-15 1e-20
6056.66645 2.616538561e-15 1e-20
6056.778848 2.608303071e-15 1e-20
6056.891246 2.599532045e-15 1e-20
6057.003644 2.590029606e-15 1e-20
6057.116042 2.5682706e-15 1e-20
6057.22844 2.548494498e-15 1e-20
6057.340838 2.56194517e-15 1e-20
6057.453236 2.576125136e-15 1e-20
6057.565634 2.602523554e-15 1e-20
6057.678032 2.626031682e-15 1e-20
6057.79043 2.601120443e-15 1e-20
6057.902828 2.577268207e-15 1e-20
6058.015226 2.571148606e-15 1e-20
6058.127624 2.56636287e-15 1e-20
6058.240022 2.583912546e-15 1e-20
6058.35242 2.597472696e-15 1e-20
6058.464818 2.544237522e-15 1e-20
6058.577216 2.493536459e-15 1e-20
6058.689614 2.485259889e-15 1e-20
6058.802012 2.480346886e-15 1e-20
6058.91441 2.531736587e-15 1e-20
6059.026808 2.577900306e-15 1e-20
6059.139206 2.536594532e-15 1e-20
6059.251604 2.497819058e-15 1e-20
6059.364002 2.501385702e-15 1e-20
6059.4764 2.508159425e-15 1e-20
6059.588798 2.568599672e-15 1e-20
6059.701196 2.625191637e-15 1e-20
6059.813594 2.61739957e-15 1e-20
6059.925992 2.608048538e-15 1e-20
6060.03839 2.572619902e-15 1e-20
6060.150788 2.539016411e-15 1e-20
6060.263186 2.535939352e-15 1e-20
6060.375584 2.534468691e-15 1e-20
6060.487982 2.559862316e-15 1e-20
6060.60038 2.578861265e-15 1e-20
6060.712778 2.490930986e-15 1e-20
6060.825176 2.405241533e-15 1e-20
6060.937574 2.357017407e-15 1e-20
6061.049972 2.317194576e-15 1e-20
6061.16237 2.417822302e-15 1e-20
6061.274768 2.516980214e-15 1e-20
6061.387166 2.591566971e-15 1e-20
6061.499564 2.66151834e-15 1e-20
6061.611962 2.65399584e-15 1e-20
6061.72436 2.64273369e-15 1e-20
6061.836758 2.568977872e-15 1e-20
6061.949156 2.498805216e-15 1e-20
6062.061554 2.488504237e-15 1e-20
6062.173952 2.479293812e-15 1e-20
6062.28635 2.488302219e-15 1e-20
6062.398748 2.494414197e-15 1e-20
6062.511146 2.45213963e-15 1e-20
6062.623544 2.414392665e-15 1e-20
6062.735942 2.45227092e-15 1e-20
6062.84834 2.490476341e-15 1e-20
6062.960738 2.534147878e-15 1e-20
6063.073136 2.575313044e-15 1e-20
6063.185534 2.574622924e-15 1e-20
6063.297932 2.5732664e-15 1e-20
6063.41033 2.560779229e-15 1e-20
6063.522728 2.54742766e-15 1e-20
6063.635126 2.519643709e-15 1e-20
6063.747524 2.494375446e-15 1e-20
6063.859922 2.511101382e-15 1e-20
6063.97232 2.526067607e-15 1e-20
6064.084718 2.511662541e-15 1e-20
6064.197116 2.494168558e-15 1e-20
6064.309514 2.425128808e-15 1e-20
6064.421912 2.358658745e-15 1e-20
6064.53431 2.335060618e-15 1e-20
6064.646708 2.314692017e-15 1e-20
6064.759106 2.348203182e-15 1e-20
6064.871504 2.383528902e-15 1e-20
6064.983902 2.449123134e-15 1e-20
6065.0963 2.510720217e-15 1e-20
6065.208698 2.505649242e-15 1e-20
6065.321096 2.497033859e-15 1e-20
6065.433494 2.429312516e-15 1e-20
6065.545892 2.362596601e-15 1e-20
6065.65829 2.312640927e-15 1e-20
6065.770688 2.26415782e-15 1e-20
6065.883086 2.240227868e-15 1e-20
6065.995484 2.221874147e-15 1e-20
6066.107882 2.296478268e-15 1e-20
6066.22028 2.369532742e-15 1e-20
6066.332678 2.416755464e-15 1e-20
6066.445076 2.457742329e-15 1e-20
6066.557474 2.39480397e-15 1e-20
6066.669872 2.334443978e-15 1e-20
6066.78227 2.317044863e-15 1e-20
6066.894668 2.302641068e-15 1e-20
6067.007066 2.338140007e-15 1e-20
6067.119464 2.372251506e-15 1e-20
6067.231862 2.383244511e-15 1e-20
6067.34426 2.393599065e-15 1e-20
6067.456658 2.393315945e-15 1e-20
6067.569056 2.394154296e-15 1e-20
6067.681454 2.413669935e-15 1e-20
6067.793852 2.432078078e-15 1e-20
6067.90625 2.432042926e-15 1e-20
6068.018648 2.431477744e-15 1e-20
6068.131046 2.422081607e-15 1e-20
6068.243444 2.412357245e-15 1e-20
6068.355842 2.397164651e-15 1e-20
6068.46824 2.381521858e-15 1e-20
6068.580638 2.358385788e-15 1e-20
6068.693036 2.335992143e-15 1e-20
6068.805434 2.32595565e-15 1e-20
6068.917832 2.315068735e-15 1e-20
6069.03023 2.290030229e-15 1e-20
6069.142628 2.268141839e-15 1e-20
6069.255026 2.298671871e-15 1e-20
6069.367424 2.329351193e-15 1e-20
6069.479822 2.362513803e-15 1e-20
6069.59222 2.390334389e-15 1e-20
6069.704618 2.329288301e-15 1e-20
6069.817016 2.27065181e-15 1e-20
6069.929414 2.252098188e-15 1e-20
6070.041812 2.236204674e-15 1e-20
6070.15421 2.26454809e-15 1e-20
6070.266608 2.290007571e-15 1e-20
6070.379006 2.267503812e-15 1e-20
6070.491404 2.248085581e-15 1e-20
6070.603802 2.279966843e-15 1e-20
6070.7162 2.312597516e-15 1e-20
6070.828598 2.357690586e-15 1e-20
6070.940996 2.399219129e-15 1e-20
6071.053394 2.381494753e-15 1e-20
6071.165792 2.363829245e-15 1e-20
6071.27819 2.34714672e-15 1e-20
6071.390588 2.330063336e-15 1e-20
6071.502986 2.306318673e-15 1e-20
6071.615384 2.284042765e-15 1e-20
6071.727782 2.286169665e-15 1e-20
6071.84018 2.287756158e-15 1e-20
6071.952578 2.280362195e-15 1e-20
6072.064976 2.27092646e-15 1e-20
6072.177374 2.22757489e-15 1e-20
6072.289772 2.18678983e-15 1e-20
6072.40217 2.18863488e-15 1e-20
6072.514568 2.194551193e-15 1e-20
6072.626966 2.268082335e-15 1e-20
6072.739364 2.338041963e-15 1e-20
6072.851762 2.34869192e-15 1e-20
6072.96416 2.357965448e-15 1e-20
6073.076558 2.344382428e-15 1e-20
6073.188956 2.331359296e-15 1e-20
6073.301354 2.327634892e-15 1e-20
6073.413752 2.31934244e-15 1e-20
6073.52615 2.23522868e-15 1e-20
6073.638548 2.156655998e-15 1e-20
6073.750946 2.170047589e-15 1e-20
6073.863344 2.187419599e-15 1e-20
6073.975742 2.270847898e-15 1e-20
6074.08814 2.346243571e-15 1e-20
6074.200538 2.288358398e-15 1e-20
6074.312936 2.232754285e-15 1e-20
6074.425334 2.214993698e-15 1e-20
6074.537732 2.20196019e-15 1e-20
6074.65013 2.267339487e-15 1e-20
6074.762528 2.326522315e-15 1e-20
6074.874926 2.282929976e-15 1e-20
6074.987324 2.243251988e-15 1e-20
6075.099722 2.268486158e-15 1e-20
6075.21212 2.290667198e-15 1e-20
6075.324518 2.262224044e-15 1e-20
6075.436916 2.22777479e-15 1e-20
6075.549314 2.093741779e-15 1e-20
6075.661712 1.97006311e-15 1e-20
6075.77411 2.018034186e-15 1e-20
6075.886508 2.066096106e-15 1e-20
6075.998906 2.115660874e-15 1e-20
6076.111304 2.161134896e-15 1e-20
6076.223702 2.138814308e-15 1e-20
6076.3361 2.117460395e-15 1e-20
6076.448498 2.112127476e-15 1e-20
6076.560896 2.109829264e-15 1e-20
6076.673294 2.157814951e-15 1e-20
6076.785692 2.207852152e-15 1e-20
6076.89809 2.291878455e-15 1e-20
6077.010488 2.368963536e-15 1e-20
6077.122886 2.331066858e-15 1e-20
6077.235284 2.292405733e-15 1e-20
6077.347682 2.241081466e-15 1e-20
6077.46008 2.193061262e-15 1e-20
6077.572478 2.19975727e-15 1e-20
6077.684876 2.206170579e-15 1e-20
6077.797274 2.207902127e-15 1e-20
6077.909672 2.212703745e-15 1e-20
6078.02207 2.268333269e-15 1e-20
6078.134468 2.320382808e-15 1e-20
6078.246866 2.313165876e-15 1e-20
6078.359264 2.30136226e-15 1e-20
6078.471662 2.213640987e-15 1e-20
6078.58406 2.129957096e-15 1e-20
6078.696458 2.113092035e-15 1e-20
6078.808856 2.097563591e-15 1e-20
6078.921254 2.104153084e-15 1e-20
6079.033652 2.109572189e-15 1e-20
6079.14605 2.09562558e-15 1e-20
6079.258448 2.081492835e-15 1e-20
6079.370846 2.064280279e-15 1e-20
6079.483244 2.047826664e-15 1e-20
6079.595642 2.043928195e-15 1e-20
6079.70804 2.041655394e-15 1e-20
6079.820438 2.066270594e-15 1e-20
6079.932836 2.088721415e-15 1e-20
6080.045234 2.07538234e-15 1e-20
6080.157632 2.060210497e-15 1e-20
6080.27003 2.01473224e-15 1e-20
6080.382428 1.971812233e-15 1e-20
6080.494826 1.971185852e-15 1e-20
6080.607224 1.970575141e-15 1e-20
6080.719622 1.970225529e-15 1e-20
6080.83202 1.971126348e-15 1e-20
6080.944418 1.992691383e-15 1e-20
6081.056816 2.01464923e-15 1e-20
6081.169214 2.043099796e-15 1e-20
6081.281612 2.06761293e-15 1e-20
6081.39401 2.027059322e-15 1e-20
6081.506408 1.990023018e-15 1e-20
6081.618806 2.011102068e-15 1e-20
6081.731204 2.033921771e-15 1e-20
6081.843602 2.085498031e-15 1e-20
6081.956 2.13162321e-15 1e-20
6082.068398 2.087711116e-15 1e-20
6082.180796 2.044408674e-15 1e-20
6082.293194 2.011176183e-15 1e-20
6082.405592 1.981253686e-15 1e-20
6082.51799 2.005993189e-15 1e-20
6082.630388 2.029384215e-15 1e-20
6082.742786 2.030509287e-15 1e-20
6082.855184 2.033149912e-15 1e-20
6082.967582 2.060812526e-15 1e-20
6083.07998 2.089143025e-15 1e-20
6083.192378 2.128501258e-15 1e-20
6083.304776 2.160840764e-15 1e-20
6083.417174 2.077338139e-15 1e-20
6083.529572 1.994840518e-15 1e-20
6083.64197 1.92893479e-15 1e-20
6083.754368 1.86906629e-15 1e-20
6083.866766 1.908816487e-15 1e-20
6083.979164 1.94664519e-15 1e-20
6084.091562 1.952772626e-15 1e-20
6084.20396 1.958886722e-15 1e-20
6084.316358 1.964776566e-15 1e-20
6084.428756 1.969668816e-15 1e-20
6084.541154 1.958103428e-15 1e-20
6084.653552 1.947387403e-15 1e-20
6084.76595 1.950681302e-15 1e-20
6084.878348 1.957513258e-15 1e-20
6084.990746 2.022687997e-15 1e-20
6085.103144 2.08244363e-15 1e-20
6085.215542 2.052847028e-15 1e-20
6085.32794 2.024977103e-15 1e-20
6085.440338 2.025572991e-15 1e-20
6085.552736 2.030432419e-15 1e-20
6085.665134 2.105569112e-15 1e-20
6085.777532 2.174097042e-15 1e-20
6085.88993 2.133699076e-15 1e-20
6086.002328 2.090771022e-15 1e-20
6086.114726 2.006151161e-15 1e-20
6086.227124 1.925791874e-15 1e-20
6086.339522 1.915633196e-15 1e-20
6086.45192 1.906787631e-15 1e-20
6086.564318 1.919573594e-15 1e-20
6086.676716 1.933856687e-15 1e-20
6086.789114 1.972797756e-15 1e-20
6086.901512 2.009068977e-15 1e-20
6087.01391 2.001363519e-15 1e-20
6087.126308 1.991525019e-15 1e-20
6087.238706 1.946559428e-15 1e-20
6087.351104 1.906618225e-15 1e-20
6087.463502 1.949416258e-15 1e-20
6087.5759 1.990611071e-15 1e-20
6087.688298 2.005403442e-15 1e-20
6087.800696 2.016786506e-15 1e-20
6087.913094 1.972037332e-15 1e-20
6088.025492 1.925477413e-15 1e-20
6088.13789 1.849109558e-15 1e-20
6088.250288 1.776410202e-15 1e-20
6088.362686 1.764087673e-15 1e-20
6088.475084 1.757656893e-15 1e-20
6088.587482 1.848184175e-15 1e-20
6088.69988 1.935225704e-15 1e-20
6088.812278 1.964908703e-15 1e-20
6088.924676 1.992701548e-15 1e-20
6089.037074 1.989396637e-15 1e-20
6089.149472 1.986692273e-15 1e-20
6089.26187 1.9938677e-15 1e-20
6089.374268 1.999302687e-15 1e-20
6089.486666 1.976109655e-15 1e-20
6089.599064 1.950844356e-15 1e-20
6089.711462 1.891500804e-15 1e-20
6089.82386 1.836501049e-15 1e-20
6089.936258 1.852933488e-15 1e-20
6090.048656 1.872824151e-15 1e-20
6090.161054 1.949571901e-15 1e-20
6090.273452 2.02185621e-15 1e-20
6090.38585 2.020760785e-15 1e-20
6090.498248 2.016819329e-15 1e-20
6090.610646 1.966100266e-15 1e-20
6090.723044 1.917238324e-15 1e-20
6090.835442 1.898901755e-15 1e-20
6090.94784 1.8827806e-15 1e-20
6091.060238 1.903067674e-15 1e-20
6091.172636 1.923367242e-15 1e-20
6091.285034 1.94387031e-15 1e-20
6091.397432 1.961892418e-15 1e-20
6091.50983 1.939155937e-15 1e-20
6091.622228 1.916936992e-15 1e-20
6091.734626 1.903221411e-15 1e-20
6091.847024 1.891924532e-15 1e-20
6091.959422 1.92035477e-15 1e-20
6092.07182 1.948267258e-15 1e-20
6092.184218 1.967681889e-15 1e-20
6092.296616 1.98517206e-15 1e-20
6092.409014 1.971064091e-15 1e-20
6092.521412 1.955797805e-15 1e-20
6092.63381 1.92151584e-15 1e-20
6092.746208 1.888038981e-15 1e-20
6092.858606 1.867781764e-15 1e-20
6092.971004 1.849890734e-15 1e-20
6093.083402 1.8708368e-15 1e-20
6093.1958 1.891720609e-15 1e-20
6093.308198 1.91158332e-15 1e-20
6093.420596 1.927749791e-15 1e-20
6093.532994 1.883261503e-15 1e-20
6093.645392 1.842786669e-15 1e-20
6093.75779 1.868162717e-15 1e-20
6093.870188 1.892854151e-15 1e-20
6093.982586 1.90631054e-15 1e-20
6094.094984 1.915984292e-15 1e-20
6094.207382 1.863604198e-15 1e-20
6094.31978 1.816761582e-15 1e-20
6094.432178 1.860747791e-15 1e-20
6094.544576 1.904558876e-15 1e-20
6094.656974 1.945498096e-15 1e-20
6094.769372 1.98053879e-15 1e-20
6094.88177 1.918861662e-15 1e-20
6094.994168 1.85587354e-15 1e-20
6095.106566 1.771391215e-15 1e-20
6095.218964 1.692917e-15 1e-20
6095.331362 1.712935989e-15 1e-20
6095.44376 1.733454303e-15 1e-20
6095.556158 1.76215485e-15 1e-20
6095.668556 1.786091789e-15 1e-20
6095.780954 1.731956643e-15 1e-20
6095.893352 1.683066113e-15 1e-20
6096.00575 1.720120204e-15 1e-20
6096.118148 1.758788953e-15 1e-20
6096.230546 1.823912657e-15 1e-20
6096.342944 1.882260945e-15 1e-20
6096.455342 1.829605142e-15 1e-20
6096.56774 1.778947066e-15 1e-20
6096.680138 1.761010508e-15 1e-20
6096.792536 1.747493345e-15 1e-20
6096.904934 1.806361076e-15 1e-20
6097.017332 1.862786176e-15 1e-20
6097.12973 1.879210144e-15 1e-20
6097.242128 1.895499647e-15 1e-20
6097.354526 1.909583052e-15 1e-20
6097.466924 1.922023425e-15 1e-20
6097.579322 1.907558855e-15 1e-20
6097.69172 1.890332746e-15 1e-20
6097.804118 1.827897947e-15 1e-20
6097.916516 1.770032891e-15 1e-20
6098.028914 1.786965927e-15 1e-20
6098.141312 1.804682892e-15 1e-20
6098.25371 1.835229653e-15 1e-20
6098.366108 1.860816824e-15 1e-20
6098.478506 1.805247016e-15 1e-20
6098.590904 1.754751146e-15 1e-20
6098.703302 1.787272765e-15 1e-20
6098.8157 1.824366032e-15 1e-20
6098.928098 1.936254002e-15 1e-20
6099.040496 2.039749569e-15 1e-20
6099.152894 2.005962907e-15 1e-20
6099.265292 1.969833352e-15 1e-20
6099.37769 1.895381062e-15 1e-20
6099.490088 1.824178202e-15 1e-20
6099.602486 1.806118189e-15 1e-20
6099.714884 1.788463481e-15 1e-20
6099.827282 1.777438077e-15 1e-20
6099.93968 1.765810644e-15 1e-20
6100.052078 1.744342064e-15 1e-20
6100.164476 1.72420915e-15 1e-20
6100.276874 1.725912745e-15 1e-20
6100.389272 1.730897534e-15 1e-20
6100.50167 1.78951719e-15 1e-20
6100.614068 1.844565862e-15 1e-20
6100.726466 1.841250786e-15 1e-20
6100.838864 1.837900771e-15 1e-20
6100.951262 1.833976256e-15 1e-20
6101.06366 1.830741225e-15 1e-20
6101.176058 1.838771733e-15 1e-20
6101.288456 1.842753423e-15 1e-20
6101.400854 1.780591369e-15 1e-20
6101.513252 1.721994582e-15 1e-20
6101.62565 1.721640099e-15 1e-20
6101.738048 1.721582607e-15 1e-20
6101.850446 1.726376602e-15 1e-20
6101.962844 1.728887101e-15 1e-20
6102.075242 1.694106552e-15 1e-20
6102.18764 1.663382867e-15 1e-20
6102.300038 1.698904994e-15 1e-20
6102.412436 1.733580617e-15 1e-20
6102.524834 1.754434674e-15 1e-20
6102.637232 1.772419407e-15 1e-20
6102.74963 1.743564382e-15 1e-20
6102.862028 1.714254184e-15 1e-20
6102.974426 1.677515506e-15 1e-20
6103.086824 1.643030042e-15 1e-20
6103.199222 1.64531756e-15 1e-20
6103.31162 1.646970333e-15 1e-20
6103.424018 1.638265376e-15 1e-20
6103.536416 1.627610125e-15 1e-20
6103.648814 1.585134493e-15 1e-20
6103.761212 1.547089373e-15 1e-20
6103.87361 1.58132708e-15 1e-20
6103.986008 1.613720055e-15 1e-20
6104.098406 1.616023561e-15 1e-20
6104.210804 1.617718156e-15 1e-20
6104.323202 1.609481079e-15 1e-20
6104.4356 1.604833832e-15 1e-20
6104.547998 1.658727468e-15 1e-20
6104.660396 1.712275515e-15 1e-20
6104.772794 1.760188251e-15 1e-20
6104.885192 1.804452075e-15 1e-20
6104.99759 1.789225599e-15 1e-20
6105.109988 1.773352519e-15 1e-20
6105.222386 1.746940867e-15 1e-20
6105.334784 1.723174711e-15 1e-20
6105.447182 1.742528249e-15 1e-20
6105.55958 1.759553717e-15 1e-20
6105.671978 1.738636662e-15 1e-20
6105.784376 1.716760342e-15 1e-20
6105.896774 1.679252241e-15 1e-20
6106.009172 1.643159532e-15 1e-20
6106.12157 1.630129518e-15 1e-20
6106.233968 1.617658864e-15 1e-20
6106.346366 1.614301861e-15 1e-20
6106.458764 1.610068708e-15 1e-20
6106.571162 1.591563049e-15 1e-20
6106.68356 1.574127406e-15 1e-20
6106.795958 1.574117453e-15 1e-20
6106.908356 1.576444994e-15 1e-20
6107.020754 1.616840101e-15 1e-20
6107.133152 1.657122764e-15 1e-20
6107.24555 1.69557499e-15 1e-20
6107.357948 1.732479156e-15 1e-20
6107.470346 1.744180705e-15 1e-20
6107.582744 1.753193453e-15 1e-20
6107.695142 1.718436409e-15 1e-20
6107.80754 1.685462157e-15 1e-20
6107.919938 1.681508631e-15 1e-20
6108.032336 1.67884196e-15 1e-20
6108.144734 1.697118495e-15 1e-20
6108.257132 1.714323429e-15 1e-20
6108.36953 1.714088906e-15 1e-20
6108.481928 1.713163946e-15 1e-20
6108.594326 1.701003836e-15 1e-20
6108.706724 1.688808149e-15 1e-20
6108.819122 1.676031081e-15 1e-20
6108.93152 1.664682957e-15 1e-20
6109.043918 1.676578476e-15 1e-20
6109.156316 1.689029966e-15 1e-20
6109.268714 1.710523004e-15 1e-20
6109.381112 1.730691917e-15 1e-20
6109.49351 1.729327453e-15 1e-20
6109.605908 1.724734205e-15 1e-20
6109.718306 1.667640055e-15 1e-20
6109.830704 1.612458823e-15 1e-20
6109.943102 1.588379158e-15 1e-20
6110.0555 1.567226946e-15 1e-20
6110.167898 1.593661997e-15 1e-20
6110.280296 1.619390729e-15 1e-20
6110.392694 1.633638776e-15 1e-20
6110.505092 1.645836156e-15 1e-20
6110.61749 1.624705649e-15 1e-20
6110.729888 1.602619582e-15 1e-20
6110.842286 1.565006449e-15 1e-20
6110.954684 1.531000617e-15 1e-20
6111.067082 1.555607242e-15 1e-20
6111.17948 1.580796943e-15 1e-20
6111.291878 1.615460072e-15 1e-20
6111.404276 1.646754022e-15 1e-20
6111.516674 1.623320009e-15 1e-20
6111.629072 1.600425767e-15 1e-20
6111.74147 1.586299693e-15 1e-20
6111.853868 1.575110917e-15 1e-20
6111.966266 1.611623542e-15 1e-20
6112.078664 1.646559099e-15 1e-20
6112.191062 1.655886096e-15 1e-20
6112.30346 1.663206367e-15 1e-20
6112.415858 1.637945832e-15 1e-20
6112.528256 1.615589139e-15 1e-20
6112.640654 1.640373217e-15 1e-20
6112.753052 1.661276402e-15 1e-20
6112.86545 1.619186806e-15 1e-20
6112.977848 1.57692992e-15 1e-20
6113.090246 1.531959247e-15 1e-20
6113.202644 1.493386743e-15 1e-20
6113.315042 1.558641526e-15 1e-20
6113.42744 1.621701646e-15 1e-20
6113.539838 1.649152714e-15 1e-20
6113.652236 1.672454061e-15 1e-20
6113.764634 1.628432488e-15 1e-20
6113.877032 1.589444938e-15 1e-20
6113.98943 1.632119622e-15 1e-20
6114.101828 1.673789408e-15 1e-20
6114.214226 1.699161009e-15 1e-20
6114.326624 1.721234053e-15 1e-20
6114.439022 1.689812413e-15 1e-20
6114.55142 1.660217187e-15 1e-20
6114.663818 1.660237199e-15 1e-20
6114.776216 1.658390984e-15 1e-20
6114.888614 1.626287906e-15 1e-20
6115.001012 1.598177e-15 1e-20
6115.11341 1.634785129e-15 1e-20
6115.225808 1.67314524e-15 1e-20
6115.338206 1.739904459e-15 1e-20
6115.450604 1.801348758e-15 1e-20
6115.563002 1.776650548e-15 1e-20
6115.6754 1.752338056e-15 1e-20
6115.787798 1.734274549e-15 1e-20
6115.900196 1.717822839e-15 1e-20
6116.012594 1.727488862e-15 1e-20
6116.124992 1.735205438e-15 1e-20
6116.23739 1.711337849e-15 1e-20
6116.349788 1.687725429e-15 1e-20
6116.462186 1.668246848e-15 1e-20
6116.574584 1.650548518e-15 1e-20
6116.686982 1.661683507e-15 1e-20
6116.79938 1.672884777e-15 1e-20
6116.911778 1.685158814e-15 1e-20
6117.024176 1.694547433e-15 1e-20
6117.136574 1.657211809e-15 1e-20
6117.248972 1.621827748e-15 1e-20
6117.36137 1.618042252e-15 1e-20
6117.473768 1.61642929e-15 1e-20
6117.586166 1.649986935e-15 1e-20
6117.698564 1.68087505e-15 1e-20
6117.810962 1.66855305e-15 1e-20
6117.92336 1.655841839e-15 1e-20
6118.035758 1.636832196e-15 1e-20
6118.148156 1.620109542e-15 1e-20
6118.260554 1.640394075e-15 1e-20
6118.372952 1.660937483e-15 1e-20
6118.48535 1.685668516e-15 1e-20
6118.597748 1.708359893e-15 1e-20
6118.710146 1.698051396e-15 1e-20
6118.822544 1.688542499e-15 1e-20
6118.934942 1.691968429e-15 1e-20
6119.04734 1.694218678e-15 1e-20
6119.159738 1.677451131e-15 1e-20
6119.272136 1.659683345e-15 1e-20
6119.384534 1.625739241e-15 1e-20
6119.496932 1.596483993e-15 1e-20
6119.60933 1.6430491e-15 1e-20
6119.721728 1.687515153e-15 1e-20
6119.834126 1.698041655e-15 1e-20
6119.946524 1.708133735e-15 1e-20
6120.058922 1.711201689e-15 1e-20
6120.17132 1.717432251e-15 1e-20
6120.283718 1.774782417e-15 1e-20
6120.396116 1.829142239e-15 1e-20
6120.508514 1.835171419e-15 1e-20
6120.620912 1.835713944e-15 1e-20
6120.73331 1.747595624e-15 1e-20
6120.845708 1.662375851e-15 1e-20
6120.958106 1.623990753e-15 1e-20
6121.070504 1.586626859e-15 1e-20
6121.182902 1.565763273e-15 1e-20
6121.2953 1.546380724e-15 1e-20
6121.407698 1.550921244e-15 1e-20
6121.520096 1.558082802e-15 1e-20
6121.632494 1.607580972e-15 1e-20
6121.744892 1.655478462e-15 1e-20
6121.85729 1.677523553e-15 1e-20
6121.969688 1.699514434e-15 1e-20
6122.082086 1.720630965e-15 1e-20
6122.194484 1.736954137e-15 1e-20
6122.306882 1.675881897e-15 1e-20
6122.41928 1.613754148e-15 1e-20
6122.531678 1.534586955e-15 1e-20
6122.644076 1.461440683e-15 1e-20
6122.756474 1.485485831e-15 1e-20
6122.868872 1.51171283e-15 1e-20
6122.98127 1.573155541e-15 1e-20
6123.093668 1.630792533e-15 1e-20
6123.206066 1.627015084e-15 1e-20
6123.318464 1.623196342e-15 1e-20
6123.430862 1.618713314e-15 1e-20
6123.54326 1.616383021e-15 1e-20
6123.655658 1.64878309e-15 1e-20
6123.768056 1.675344031e-15 1e-20
6123.880454 1.607709297e-15 1e-20
6123.992852 1.542747694e-15 1e-20
6124.10525 1.520902608e-15 1e-20
6124.217648 1.508126916e-15 1e-20
6124.330046 1.641617826e-15 1e-20
6124.442444 1.765710694e-15 1e-20
6124.554842 1.738252533e-15 1e-20
6124.66724 1.708198639e-15 1e-20
6124.779638 1.636289883e-15 1e-20
6124.892036 1.56827589e-15 1e-20
6125.004434 1.563051391e-15 1e-20
6125.116832 1.560369155e-15 1e-20
6125.22923 1.598667221e-15 1e-20
6125.341628 1.637989455e-15 1e-20
6125.454026 1.693816655e-15 1e-20
6125.566424 1.744380922e-15 1e-20
6125.678822 1.710131251e-15 1e-20
6125.79122 1.675622176e-15 1e-20
6125.903618 1.636930981e-15 1e-20
6126.016016 1.600037191e-15 1e-20
6126.128414 1.592101233e-15 1e-20
6126.240812 1.586346068e-15 1e-20
6126.35321 1.615723605e-15 1e-20
6126.465608 1.644805105e-15 1e-20
6126.578006 1.669116221e-15 1e-20
6126.690404 1.69133199e-15 1e-20
6126.802802 1.679802918e-15 1e-20
6126.9152 1.66687656e-15 1e-20
6127.027598 1.631448984e-15 1e-20
6127.139996 1.597309744e-15 1e-20
6127.252394 1.58391413e-15 1e-20
6127.364792 1.569787526e-15 1e-20
6127.47719 1.54389087e-15 1e-20
6127.589588 1.519548838e-15 1e-20
6127.701986 1.520230911e-15 1e-20
6127.814384 1.523813331e-15 1e-20
6127.926782 1.574079548e-15 1e-20
6128.03918 1.623689844e-15 1e-20
6128.151578 1.662744416e-15 1e-20
6128.263976 1.69895931e-15 1e-20
6128.376374 1.689479846e-15 1e-20
6128.488772 1.680674621e-15 1e-20
6128.60117 1.682719676e-15 1e-20
6128.713568 1.68582077e-15 1e-20
6128.825966 1.705911333e-15 1e-20
6128.938364 1.724346369e-15 1e-20
6129.050762 1.716151855e-15 1e-20
6129.16316 1.709426625e-15 1e-20
6129.275558 1.726331603e-15 1e-20
6129.387956 1.74124743e-15 1e-20
6129.500354 1.724172834e-15 1e-20
6129.612752 1.703259378e-15 1e-20
6129.72515 1.62062115e-15 1e-20
6129.837548 1.542951723e-15 1e-20
6129.949946 1.545167243e-15 1e-20
6130.062344 1.550856446e-15 1e-20
6130.174742 1.61238566e-15 1e-20
6130.28714 1.670486191e-15 1e-20
6130.399538 1.673477171e-15 1e-20
6130.511936 1.676600287e-15 1e-20
6130.624334 1.68184575e-15 1e-20
6130.736732 1.685386242e-15 1e-20
6130.84913 1.661528712e-15 1e-20
6130.961528 1.639999358e-15 1e-20
6131.073926 1.655877943e-15 1e-20
6131.186324 1.668856182e-15 1e-20
6131.298722 1.635242103e-15 1e-20
6131.41112 1.60201713e-15 1e-20
6131.523518 1.575043048e-15 1e-20
6131.635916 1.551890356e-15 1e-20
6131.748314 1.590113564e-15 1e-20
6131.860712 1.626312788e-15 1e-20
6131.97311 1.630011887e-15 1e-20
6132.085508 1.633684939e-15 1e-20
6132.197906 1.636940934e-15 1e-20
6132.310304 1.640272208e-15 1e-20
6132.422702 1.644813258e-15 1e-20
6132.5351 1.648973884e-15 1e-20
6132.647498 1.647027826e-15 1e-20
6132.759896 1.645425133e-15 1e-20
6132.872294 1.649332708e-15 1e-20
6132.984692 1.652411249e-15 1e-20
6133.09709 1.642186185e-15 1e-20
6133.209488 1.635681078e-15 1e-20
6133.321886 1.688867759e-15 1e-20
6133.434284 1.742265987e-15 1e-20
6133.546682 1.799059228e-15 1e-20
6133.65908 1.848092907e-15 1e-20
6133.771478 1.772641541e-15 1e-20
6133.883876 1.698007986e-15 1e-20
6133.996274 1.636491265e-15 1e-20
6134.108672 1.577969547e-15 1e-20
6134.22107 1.567483491e-15 1e-20
6134.333468 1.558382228e-15 1e-20
6134.445866 1.571488369e-15 1e-20
6134.558264 1.583804863e-15 1e-20
6134.670662 1.583461285e-15 1e-20
6134.78306 1.583280338e-15 1e-20
6134.895458 1.585704864e-15 1e-20
6135.007856 1.592059093e-15 1e-20
6135.120254 1.661410339e-15 1e-20
6135.232652 1.727004147e-15 1e-20
6135.34505 1.73237116e-15 1e-20
6135.457448 1.734584457e-15 1e-20
6135.569846 1.686253286e-15 1e-20
6135.682244 1.641360434e-15 1e-20
6135.794642 1.651566546e-15 1e-20
6135.90704 1.662195433e-15 1e-20
6136.019438 1.679599419e-15 1e-20
6136.131836 1.693731952e-15 1e-20
6136.244234 1.655451886e-15 1e-20
6136.356632 1.617844576e-15 1e-20
6136.46903 1.591015443e-15 1e-20
6136.581428 1.565799378e-15 1e-20
6136.693826 1.566418347e-15 1e-20
6136.806224 1.567769894e-15 1e-20
6136.918622 1.580852953e-15 1e-20
6137.03102 1.596077523e-15 1e-20
6137.143418 1.645593164e-15 1e-20
6137.255816 1.688905346e-15 1e-20
6137.368214 1.632895716e-15 1e-20
6137.480612 1.576459076e-15 1e-20
6137.59301 1.513187303e-15 1e-20
6137.705408 1.458996676e-15 1e-20
6137.817806 1.550163467e-15 1e-20
6137.930204 1.639298544e-15 1e-20
6138.042602 1.695916238e-15 1e-20
6138.155 1.746423224e-15 1e-20
6138.267398 1.699143116e-15 1e-20
6138.379796 1.653220166e-15 1e-20
6138.492194 1.629014082e-15 1e-20
6138.604592 1.607902844e-15 1e-20
6138.71699 1.636304388e-15 1e-20
6138.829388 1.661200063e-15 1e-20
6138.941786 1.630012522e-15 1e-20
6139.054184 1.599654649e-15 1e-20
6139.166582 1.582569042e-15 1e-20
6139.27898 1.569960215e-15 1e-20
6139.391378 1.628945366e-15 1e-20
6139.503776 1.685811029e-15 1e-20
6139.616174 1.708782033e-15 1e-20
6139.728572 1.730329704e-15 1e-20
6139.84097 1.729117706e-15 1e-20
6139.953368 1.727609776e-15 1e-20
6140.065766 1.721372331e-15 1e-20
6140.178164 1.714792261e-15 1e-20
6140.290562 1.702736653e-15 1e-20
6140.40296 1.692128624e-15 1e-20
6140.515358 1.704655712e-15 1e-20
6140.627756 1.717886261e-15 1e-20
6140.740154 1.742360325e-15 1e-20
6140.852552 1.764439615e-15 1e-20
6140.96495 1.748252074e-15 1e-20
6141.077348 1.733024646e-15 1e-20
6141.189746 1.73313656e-15 1e-20
6141.302144 1.7347185e-15 1e-20
6141.414542 1.759782099e-15 1e-20
6141.52694 1.779951647e-15 1e-20
6141.639338 1.721949372e-15 1e-20
6141.751736 1.66528615e-15 1e-20
6141.864134 1.630006487e-15 1e-20
6141.976532 1.600469813e-15 1e-20
6142.08893 1.66263949e-15 1e-20
6142.201328 1.721174655e-15 1e-20
6142.313726 1.721677686e-15 1e-20
6142.426124 1.722360712e-15 1e-20
6142.538522 1.725918251e-15 1e-20
6142.65092 1.73149988e-15 1e-20
6142.763318 1.769392535e-15 1e-20
6142.875716 1.80314955e-15 1e-20
6142.988114 1.770897818e-15 1e-20
6143.100512 1.741217678e-15 1e-20
6143.21291 1.752574166e-15 1e-20
6143.325308 1.765564157e-15 1e-20
6143.437706 1.804618729e-15 1e-20
6143.550104 1.838753945e-15 1e-20
6143.662502 1.794398218e-15 1e-20
6143.7749 1.7512673e-15 1e-20
6143.887298 1.727674256e-15 1e-20
6143.999696 1.705868452e-15 1e-20
6144.112094 1.712571976e-15 1e-20
6144.224492 1.719787744e-15 1e-20
6144.33689 1.735173886e-15 1e-20
6144.449288 1.751608654e-15 1e-20
6144.561686 1.7847683e-15 1e-20
6144.674084 1.814272999e-15 1e-20
6144.786482 1.78549929e-15 1e-20
6144.89888 1.758689003e-15 1e-20
6145.011278 1.763178489e-15 1e-20
6145.123676 1.768701779e-15 1e-20
6145.236074 1.790704307e-15 1e-20
6145.348472 1.809632317e-15 1e-20
6145.46087 1.779553118e-15 1e-20
6145.573268 1.752149697e-15 1e-20
6145.685666 1.767387713e-15 1e-20
6145.798064 1.781720887e-15 1e-20
6145.910462 1.781635549e-15 1e-20
6146.02286 1.782975131e-15 1e-20
6146.135258 1.807021126e-15 1e-20
6146.247656 1.829067488e-15 1e-20
6146.360054 1.819254399e-15 1e-20
6146.472452 1.810154725e-15 1e-20
6146.58485 1.812419267e-15 1e-20
6146.697248 1.814291633e-15 1e-20
6146.809646 1.809919249e-15 1e-20
6146.922044 1.803090893e-15 1e-20
6147.034442 1.757154708e-15 1e-20
6147.14684 1.713168817e-15 1e-20
6147.259238 1.700237271e-15 1e-20
6147.371636 1.689093176e-15 1e-20
6147.484034 1.706406212e-15 1e-20
6147.596432 1.724431814e-15 1e-20
6147.70883 1.753799399e-15 1e-20
6147.821228 1.780984816e-15 1e-20
6147.933626 1.773436799e-15 1e-20
6148.046024 1.766653548e-15 1e-20
6148.158422 1.772040995e-15 1e-20
6148.27082 1.777337492e-15 1e-20
6148.383218 1.781184504e-15 1e-20
6148.495616 1.784117144e-15 1e-20
6148.608014 1.77250104e-15 1e-20
6148.720412 1.759293361e-15 1e-20
6148.83281 1.720764267e-15 1e-20
6148.945208 1.682466837e-15 1e-20
6149.057606 1.647854742e-15 1e-20
6149.170004 1.620022615e-15 1e-20
6149.282402 1.700027842e-15 1e-20
6149.3948 1.778781259e-15 1e-20
6149.507198 1.837625485e-15 1e-20
6149.619596 1.888746253e-15 1e-20
6149.731994 1.817056137e-15 1e-20
6149.844392 1.753850327e-15 1e-20
6149.95679 1.825543619e-15 1e-20
6150.069188 1.89453657e-15 1e-20
6150.181586 1.920601045e-15 1e-20
6150.293984 1.941321588e-15 1e-20
6150.406382 1.877095315e-15 1e-20
6150.51878 1.818246007e-15 1e-20
6150.631178 1.844851947e-15 1e-20
6150.743576 1.868520165e-15 1e-20
6150.855974 1.845500562e-15 1e-20
6150.968372 1.825418046e-15 1e-20
6151.08077 1.852001117e-15 1e-20
6151.193168 1.877709414e-15 1e-20
6151.305566 1.889519382e-15 1e-20
6151.417964 1.898922719e-15 1e-20
6151.530362 1.870093529e-15 1e-20
6151.64276 1.841439886e-15 1e-20
6151.755158 1.815571712e-15 1e-20
6151.867556 1.790037692e-15 1e-20
6151.979954 1.769809169e-15 1e-20
6152.092352 1.75110774e-15 1e-20
6152.20475 1.756657288e-15 1e-20
6152.317148 1.76053924e-15 1e-20
6152.429546 1.737944742e-15 1e-20
6152.541944 1.715723362e-15 1e-20
6152.654342 1.699427295e-15 1e-20
6152.76674 1.68803629e-15 1e-20
6152.879138 1.754506036e-15 1e-20
6152.991536 1.822727023e-15 1e-20
6153.103934 1.918745407e-15 1e-20
6153.216332 2.006039987e-15 1e-20
6153.32873 1.954892326e-15 1e-20
6153.441128 1.904165006e-15 1e-20
6153.553526 1.860105316e-15 1e-20
6153.665924 1.820106091e-15 1e-20
6153.778322 1.844529227e-15 1e-20
6153.89072 1.865559361e-15 1e-20
6154.003118 1.832765846e-15 1e-20
6154.115516 1.800939218e-15 1e-20
6154.227914 1.784453839e-15 1e-20
6154.340312 1.769713242e-15 1e-20
6154.45271 1.782649235e-15 1e-20
6154.565108 1.795696296e-15 1e-20
6154.677506 1.810502432e-15 1e-20
6154.789904 1.822158664e-15 1e-20
6154.902302 1.78387468e-15 1e-20
6155.0147 1.745181792e-15 1e-20
6155.127098 1.700009631e-15 1e-20
6155.239496 1.660540754e-15 1e-20
6155.351894 1.711479939e-15 1e-20
6155.464292 1.761277853e-15 1e-20
6155.57669 1.792986425e-15 1e-20
6155.689088 1.82501867e-15 1e-20
6155.801486 1.862180759e-15 1e-20
6155.913884 1.899003187e-15 1e-20
6156.026282 1.930442297e-15 1e-20
6156.13868 1.956360658e-15 1e-20
6156.251078 1.894805291e-15 1e-20
6156.363476 1.837995427e-15 1e-20
6156.475874 1.856359948e-15 1e-20
6156.588272 1.875517928e-15 1e-20
6156.70067 1.907242488e-15 1e-20
6156.813068 1.930494813e-15 1e-20
6156.925466 1.819561872e-15 1e-20
6157.037864 1.715622777e-15 1e-20
6157.150262 1.722437263e-15 1e-20
6157.26266 1.735640072e-15 1e-20
6157.375058 1.84999746e-15 1e-20
6157.487456 1.95724856e-15 1e-20
6157.599854 1.951988486e-15 1e-20
6157.712252 1.945146154e-15 1e-20
6157.82465 1.913253457e-15 1e-20
6157.937048 1.882132408e-15 1e-20
6158.049446 1.863222821e-15 1e-20
6158.161844 1.84141257e-15 1e-20
6158.274242 1.773695356e-15 1e-20
6158.38664 1.712725819e-15 1e-20
6158.499038 1.758536537e-15 1e-20
6158.611436 1.807876206e-15 1e-20
6158.723834 1.913053558e-15 1e-20
6158.836232 2.01093012e-15 1e-20
6158.94863 1.993303577e-15 1e-20
6159.061028 1.973709799e-15 1e-20
6159.173426 1.922997089e-15 1e-20
6159.285824 1.877186159e-15 1e-20
6159.398222 1.908906908e-15 1e-20
6159.51062 1.938626753e-15 1e-20
6159.623018 1.936706317e-15 1e-20
6159.735416 1.933585636e-15 1e-20
6159.847814 1.911488029e-15 1e-20
6159.960212 1.893367877e-15 1e-20
6160.07261 1.938131874e-15 1e-20
6160.185008 1.981206252e-15 1e-20
6160.297406 1.99756627e-15 1e-20
6160.409804 2.012591364e-15 1e-20
6160.522202 2.006512208e-15 1e-20
6160.6346 2.002065709e-15 1e-20
6160.746998 2.023418774e-15 1e-20
6160.859396 2.04376387e-15 1e-20
6160.971794 2.048182418e-15 1e-20
6161.084192 2.053060904e-15 1e-20
6161.19659 2.065205451e-15 1e-20
6161.308988 2.074594176e-15 1e-20
6161.421386 2.040443925e-15 1e-20
6161.533784 2.010619895e-15 1e-20
6161.646182 2.049133424e-15 1e-20
6161.75858 2.083348685e-15 1e-20
6161.870978 2.049667478e-15 1e-20
6161.983376 2.016549125e-15 1e-20
6162.095774 1.992317418e-15 1e-20
6162.208172 1.97172033e-15 1e-20
6162.32057 2.008514382e-15 1e-20
6162.432968 2.044424768e-15 1e-20
6162.545366 2.066383038e-15 1e-20
6162.657764 2.088237759e-15 1e-20
6162.770162 2.108463847e-15 1e-20
6162.88256 2.122997873e-15 1e-20
6162.994958 2.047677586e-15 1e-20
6163.107356 1.974605536e-15 1e-20
6163.219754 1.937020567e-15 1e-20
6163.332152 1.904891336e-15 1e-20
6163.44455 1.958866605e-15 1e-20
6163.556948 2.012289608e-15 1e-20
6163.669346 2.057000242e-15 1e-20
6163.781744 2.099914108e-15 1e-20
6163.894142 2.114477569e-15 1e-20
6164.00654 2.129668258e-15 1e-20
6164.118938 2.154751233e-15 1e-20
6164.231336 2.180539362e-15 1e-20
6164.343734 2.217446917e-15 1e-20
6164.456132 2.250951941e-15 1e-20
6164.56853 2.230790227e-15 1e-20
6164.680928 2.208928307e-15 1e-20
6164.793326 2.160249535e-15 1e-20
6164.905724 2.110296826e-15 1e-20
6165.018122 2.040253554e-15 1e-20
6165.13052 1.975934319e-15 1e-20
6165.242918 2.001858398e-15 1e-20
6165.355316 2.027313643e-15 1e-20
6165.467714 2.045379162e-15 1e-20
6165.580112 2.06075154e-15 1e-20
6165.69251 2.033674437e-15 1e-20
6165.804908 2.008250743e-15 1e-20
6165.917306 2.008884324e-15 1e-20
6166.029704 2.011667674e-15 1e-20
6166.142102 2.048328743e-15 1e-20
6166.2545 2.081547045e-15 1e-20
6166.366898 2.060520088e-15 1e-20
6166.479296 2.039908388e-15 1e-20
6166.591694 2.025841924e-15 1e-20
6166.704092 2.012213799e-15 1e-20
6166.81649 2.005491745e-15 1e-20
6166.928888 2.000495945e-15 1e-20
6167.041286 2.022689055e-15 1e-20
6167.153684 2.045093077e-15 1e-20
6167.266082 2.070821279e-15 1e-20
6167.37848 2.092444548e-15 1e-20
6167.490878 2.049430944e-15 1e-20
6167.603276 2.006639687e-15 1e-20
6167.715674 1.967350487e-15 1e-20
6167.828072 1.931452172e-15 1e-20
6167.94047 1.948933238e-15 1e-20
6168.052868 1.968571273e-15 1e-20
6168.165266 2.022163471e-15 1e-20
6168.277664 2.071642266e-15 1e-20
6168.390062 2.056380638e-15 1e-20
6168.50246 2.041007413e-15 1e-20
6168.614858 2.023874266e-15 1e-20
6168.727256 2.011620452e-15 1e-20
6168.839654 2.076140646e-15 1e-20
6168.952052 2.138859412e-15 1e-20
6169.06445 2.173236033e-15 1e-20
6169.176848 2.207975607e-15 1e-20
6169.289246 2.248423124e-15 1e-20
6169.401644 2.285582459e-15 1e-20
6169.514042 2.271020481e-15 1e-20
6169.62644 2.253260529e-15 1e-20
6169.738838 2.185207361e-15 1e-20
6169.851236 2.119368549e-15 1e-20
6169.963634 2.088351896e-15 1e-20
6170.076032 2.059777875e-15 1e-20
6170.18843 2.069609387e-15 1e-20
6170.300828 2.079696914e-15 1e-20
6170.413226 2.093808906e-15 1e-20
6170.525624 2.11019857e-15 1e-20
6170.638022 2.162387658e-15 1e-20
6170.75042 2.213967306e-15 1e-20
6170.862818 2.255965317e-15 1e-20
6170.975216 2.29177427e-15 1e-20
6171.087614 2.230316524e-15 1e-20
6171.200012 2.167322049e-15 1e-20
6171.31241 2.080176123e-15 1e-20
6171.424808 1.999422119e-15 1e-20
6171.537206 2.019092553e-15 1e-20
6171.649604 2.04101906e-15 1e-20
6171.762002 2.098383731e-15 1e-20
6171.8744 2.155798377e-15 1e-20
6171.986798 2.213999705e-15 1e-20
6172.099196 2.266924441e-15 1e-20
6172.211594 2.236976744e-15 1e-20
6172.323992 2.207571784e-15 1e-20
6172.43639 2.186687763e-15 1e-20
6172.548788 2.169981732e-15 1e-20
6172.661186 2.218880944e-15 1e-20
6172.773584 2.265195647e-15 1e-20
6172.885982 2.270935142e-15 1e-20
6172.99838 2.271197934e-15 1e-20
6173.110778 2.185484129e-15 1e-20
6173.223176 2.103297369e-15 1e-20
6173.335574 2.076473318e-15 1e-20
6173.447972 2.054503401e-15 1e-20
6173.56037 2.108715627e-15 1e-20
6173.672768 2.159199638e-15 1e-20
6173.785166 2.151181624e-15 1e-20
6173.897564 2.144814477e-15 1e-20
6174.009962 2.164348963e-15 1e-20
6174.12236 2.182324273e-15 1e-20
6174.234758 2.175836636e-15 1e-20
6174.347156 2.171598083e-15 1e-20
6174.459554 2.202636758e-15 1e-20
6174.571952 2.236926134e-15 1e-20
6174.68435 2.322204564e-15 1e-20
6174.796748 2.400602757e-15 1e-20
6174.909146 2.371103564e-15 1e-20
6175.021544 2.336525774e-15 1e-20
6175.133942 2.222308463e-15 1e-20
6175.24634 2.116186034e-15 1e-20
6175.358738 2.136986622e-15 1e-20
6175.471136 2.159843383e-15 1e-20
6175.583534 2.214932924e-15 1e-20
6175.695932 2.26916209e-15 1e-20
6175.80833 2.309901199e-15 1e-20
6175.920728 2.346605466e-15 1e-20
6176.033126 2.320069406e-15 1e-20
6176.145524 2.293328787e-15 1e-20
6176.257922 2.263384267e-15 1e-20
6176.37032 2.235035768e-15 1e-20
6176.482718 2.231696764e-15 1e-20
6176.595116 2.22943561e-15 1e-20
6176.707514 2.244063657e-15 1e-20
6176.819912 2.259227453e-15 1e-20
6176.93231 2.282783651e-15 1e-20
6177.044708 2.304779191e-15 1e-20
6177.157106 2.30233423e-15 1e-20
6177.269504 2.300247353e-15 1e-20
6177.381902 2.303767833e-15 1e-20
6177.4943 2.307409228e-15 1e-20
6177.606698 2.312945859e-15 1e-20
6177.719096 2.31687715e-15 1e-20
6177.831494 2.295672528e-15 1e-20
6177.943892 2.274297228e-15 1e-20
6178.05629 2.250249115e-15 1e-20
6178.168688 2.229078162e-15 1e-20
6178.281086 2.252944586e-15 1e-20
6178.393484 2.275814687e-15 1e-20
6178.505882 2.283084559e-15 1e-20
6178.61828 2.28749993e-15 1e-20
6178.730678 2.247238337e-15 1e-20
6178.843076 2.210533434e-15 1e-20
6178.955474 2.229487491e-15 1e-20
6179.067872 2.248535779e-15 1e-20
6179.18027 2.269055788e-15 1e-20
6179.292668 2.289547632e-15 1e-20
6179.405066 2.309599232e-15 1e-20
6179.517464 2.331719073e-15 1e-20
6179.629862 2.386190704e-15 1e-20
6179.74226 2.435023423e-15 1e-20
6179.854658 2.395660955e-15 1e-20
6179.967056 2.359442038e-15 1e-20
6180.079454 2.372389149e-15 1e-20
6180.191852 2.384078203e-15 1e-20
6180.30425 2.37609513e-15 1e-20
6180.416648 2.366353615e-15 1e-20
6180.529046 2.329119529e-15 1e-20
6180.641444 2.293997308e-15 1e-20
6180.753842 2.29188989e-15 1e-20
6180.86624 2.290754654e-15 1e-20
6180.978638 2.304818789e-15 1e-20
6181.091036 2.322034099e-15 1e-20
6181.203434 2.388500139e-15 1e-20
6181.315832 2.449290635e-15 1e-20
6181.42823 2.421383017e-15 1e-20
6181.540628 2.394885497e-15 1e-20
6181.653026 2.390420998e-15 1e-20
6181.765424 2.388200924e-15 1e-20
6181.877822 2.421045898e-15 1e-20
6181.99022 2.448416497e-15 1e-20
6182.102618 2.390265144e-15 1e-20
6182.215016 2.332454298e-15 1e-20
6182.327414 2.279958584e-15 1e-20
6182.439812 2.232610713e-15 1e-20
6182.55221 2.265658339e-15 1e-20
6182.664608 2.29839955e-15 1e-20
6182.777006 2.326357778e-15 1e-20
6182.889404 2.35360577e-15 1e-20
6183.001802 2.369768429e-15 1e-20
6183.1142 2.385531077e-15 1e-20
6183.226598 2.395050033e-15 1e-20
6183.338996 2.401994009e-15 1e-20
6183.451394 2.368739284e-15 1e-20
6183.563792 2.337245963e-15 1e-20
6183.67619 2.333243945e-15 1e-20
6183.788588 2.331689851e-15 1e-20
6183.900986 2.368338002e-15 1e-20
6184.013384 2.402172733e-15 1e-20
6184.125782 2.392107229e-15 1e-20
6184.23818 2.381137517e-15 1e-20
6184.350578 2.356060471e-15 1e-20
6184.462976 2.330365727e-15 1e-20
6184.575374 2.295036194e-15 1e-20
6184.687772 2.260090156e-15 1e-20
6184.80017 2.231127558e-15 1e-20
6184.912568 2.206582873e-15 1e-20
6185.024966 2.250941988e-15 1e-20
6185.137364 2.294133045e-15 1e-20
6185.249762 2.319108659e-15 1e-20
6185.36216 2.34326265e-15 1e-20
6185.474558 2.35460781e-15 1e-20
6185.586956 2.36266394e-15 1e-20
6185.699354 2.319445354e-15 1e-20
6185.811752 2.27820332e-15 1e-20
6185.92415 2.267775921e-15 1e-20
6186.036548 2.260738771e-15 1e-20
6186.148946 2.306549066e-15 1e-20
6186.261344 2.348685567e-15 1e-20
6186.373742 2.333571111e-15 1e-20
6186.48614 2.319578338e-15 1e-20
6186.598538 2.323065361e-15 1e-20
6186.710936 2.327581318e-15 1e-20
6186.823334 2.348129278e-15 1e-20
6186.935732 2.365981556e-15 1e-20
6187.04813 2.341833917e-15 1e-20
6187.160528 2.318312024e-15 1e-20
6187.272926 2.30453588e-15 1e-20
6187.385324 2.294208008e-15 1e-20
6187.497722 2.337587106e-15 1e-20
6187.61012 2.381953845e-15 1e-20
6187.722518 2.441700161e-15 1e-20
6187.834916 2.497756166e-15 1e-20
6187.947314 2.496349032e-15 1e-20
6188.059712 2.495074036e-15 1e-20
6188.17211 2.495853095e-15 1e-20
6188.284508 2.494058232e-15 1e-20
6188.396906 2.452192993e-15 1e-20
6188.509304 2.410056704e-15 1e-20
6188.621702 2.363699438e-15 1e-20
6188.7341 2.320865617e-15 1e-20
6188.846498 2.332867015e-15 1e-20
6188.958896 2.34466089e-15 1e-20
6189.071294 2.35322037e-15 1e-20
6189.183692 2.362418724e-15 1e-20
6189.29609 2.381557222e-15 1e-20
6189.408488 2.400734047e-15 1e-20
6189.520886 2.420506126e-15 1e-20
6189.633284 2.439153768e-15 1e-20
6189.745682 2.440310391e-15 1e-20
6189.85808 2.439526886e-15 1e-20
6189.970478 2.408567832e-15 1e-20
6190.082876 2.380779434e-15 1e-20
6190.195274 2.402304447e-15 1e-20
6190.307672 2.423566456e-15 1e-20
6190.42007 2.440738143e-15 1e-20
6190.532468 2.459035325e-15 1e-20
6190.644866 2.494836443e-15 1e-20
6190.757264 2.526063372e-15 1e-20
6190.869662 2.486174261e-15 1e-20
6190.98206 2.444530521e-15 1e-20
6191.094458 2.375611262e-15 1e-20
6191.206856 2.311311085e-15 1e-20
6191.319254 2.31880775e-15 1e-20
6191.431652 2.327620493e-15 1e-20
6191.54405 2.356891199e-15 1e-20
6191.656448 2.384467203e-15 1e-20
6191.768846 2.385710648e-15 1e-20
6191.881244 2.390153335e-15 1e-20
6191.993642 2.444302458e-15 1e-20
6192.10604 2.496300116e-15 1e-20
6192.218438 2.514872161e-15 1e-20
6192.330836 2.529364894e-15 1e-20
6192.443234 2.480490246e-15 1e-20
6192.555632 2.433475894e-15 1e-20
6192.66803 2.41535426e-15 1e-20
6192.780428 2.39796065e-15 1e-20
6192.892826 2.391872177e-15 1e-20
6193.005224 2.385999062e-15 1e-20
6193.117622 2.383472575e-15 1e-20
6193.23002 2.381947915e-15 1e-20
6193.342418 2.395976899e-15 1e-20
6193.454816 2.412827349e-15 1e-20
6193.567214 2.473478508e-15 1e-20
6193.679612 2.530576363e-15 1e-20
6193.79201 2.532515433e-15 1e-20
6193.904408 2.531968038e-15 1e-20
6194.016806 2.492830458e-15 1e-20
6194.129204 2.455453435e-15 1e-20
6194.241602 2.445401483e-15 1e-20
6194.354 2.435323061e-15 1e-20
6194.466398 2.424836582e-15 1e-20
6194.578796 2.418096741e-15 1e-20
6194.691194 2.469486865e-15 1e-20
6194.803592 2.52023875e-15 1e-20
6194.91599 2.561088396e-15 1e-20
6195.028388 2.597134306e-15 1e-20
6195.140786 2.558668634e-15 1e-20
6195.253184 2.522434471e-15 1e-20
6195.365582 2.520808591e-15 1e-20
6195.47798 2.5176193e-15 1e-20
6195.590378 2.490187715e-15 1e-20
6195.702776 2.462884243e-15 1e-20
6195.815174 2.437567063e-15 1e-20
6195.927572 2.414763454e-15 1e-20
6196.03997 2.430928019e-15 1e-20
6196.152368 2.444202508e-15 1e-20
6196.264766 2.412674883e-15 1e-20
6196.377164 2.383849293e-15 1e-20
6196.489562 2.396905247e-15 1e-20
6196.60196 2.411880154e-15 1e-20
6196.714358 2.456591847e-15 1e-20
6196.826756 2.498384241e-15 1e-20
6196.939154 2.494942322e-15 1e-20
6197.051552 2.491308975e-15 1e-20
6197.16395 2.484710376e-15 1e-20
6197.276348 2.480591678e-15 1e-20
6197.388746 2.514891854e-15 1e-20
6197.501144 2.548796465e-15 1e-20
6197.613542 2.576573005e-15 1e-20
6197.72594 2.598596497e-15 1e-20
6197.838338 2.531511276e-15 1e-20
6197.950736 2.463828896e-15 1e-20
6198.063134 2.386900729e-15 1e-20
6198.175532 2.317831757e-15 1e-20
6198.28793 2.37046236e-15 1e-20
6198.400328 2.421426427e-15 1e-20
6198.512726 2.446585423e-15 1e-20
6198.625124 2.469743516e-15 1e-20
6198.737522 2.461921802e-15 1e-20
6198.84992 2.456969624e-15 1e-20
6198.962318 2.496430771e-15 1e-20
6199.074716 2.534386529e-15 1e-20
6199.187114 2.549044011e-15 1e-20
6199.299512 2.561184111e-15 1e-20
6199.41191 2.534364506e-15 1e-20
6199.524308 2.509511077e-15 1e-20
6199.636706 2.515081166e-15 1e-20
6199.749104 2.518448545e-15 1e-20
6199.861502 2.487739578e-15 1e-20
6199.9739 2.457614851e-15 1e-20
6200.086298 2.436532413e-15 1e-20
6200.198696 2.418178691e-15 1e-20
6200.311094 2.442036221e-15 1e-20
6200.423492 2.464103123e-15 1e-20
6200.53589 2.458473531e-15 1e-20
6200.648288 2.454207873e-15 1e-20
6200.760686 2.471032912e-15 1e-20
6200.873084 2.489764622e-15 1e-20
6200.985482 2.537977314e-15 1e-20
6201.09788 2.580165907e-15 1e-20
6201.210278 2.529218781e-15 1e-20
6201.322676 2.48176376e-15 1e-20
6201.435074 2.488293749e-15 1e-20
6201.547472 2.498808181e-15 1e-20
6201.65987 2.570906778e-15 1e-20
6201.772268 2.635920792e-15 1e-20
6201.884666 2.591441821e-15 1e-20
6201.997064 2.548149332e-15 1e-20
6202.109462 2.523194259e-15 1e-20
6202.22186 2.500393191e-15 1e-20
6202.334258 2.510875647e-15 1e-20
6202.446656 2.520987315e-15 1e-20
6202.559054 2.52536944e-15 1e-20
6202.671452 2.529306449e-15 1e-20
6202.78385 2.526371056e-15 1e-20
6202.896248 2.525378122e-15 1e-20
6203.008646 2.554389212e-15 1e-20
6203.121044 2.582514094e-15 1e-20
6203.233442 2.596953677e-15 1e-20
6203.34584 2.607413051e-15 1e-20
6203.458238 2.556411927e-15 1e-20
6203.570636 2.50903208e-15 1e-20
6203.683034 2.517565514e-15 1e-20
6203.795432 2.525714606e-15 1e-20
6203.90783 2.52792875e-15 1e-20
6204.020228 2.532280594e-15 1e-20
6204.132626 2.569634746e-15 1e-20
6204.245024 2.605310715e-15 1e-20
6204.357422 2.615084205e-15 1e-20
6204.46982 2.62238817e-15 1e-20
6204.582218 2.591579464e-15 1e-20
6204.694616 2.562492565e-15 1e-20
6204.807014 2.559971583e-15 1e-20
6204.919412 2.55778052e-15 1e-20
6205.03181 2.560679491e-15 1e-20
6205.144208 2.563910921e-15 1e-20
6205.256606 2.572270925e-15 1e-20
6205.369004 2.580916167e-15 1e-20
6205.481402 2.593961744e-15 1e-20
6205.5938 2.605119709e-15 1e-20
6205.706198 2.587166211e-15 1e-20
6205.818596 2.570209035e-15 1e-20
6205.930994 2.568615978e-15 1e-20
6206.043392 2.568948226e-15 1e-20
6206.15579 2.598965803e-15 1e-20
6206.268188 2.629034202e-15 1e-20
6206.380586 2.65988526e-15 1e-20
6206.492984 2.688284369e-15 1e-20
6206.605382 2.678883785e-15 1e-20
6206.71778 2.667649799e-15 1e-20
6206.830178 2.628156676e-15 1e-20
6206.942576 2.588969332e-15 1e-20
6207.054974 2.554493186e-15 1e-20
6207.167372 2.522994148e-15 1e-20
6207.27977 2.53737232e-15 1e-20
6207.392168 2.553352444e-15 1e-20
6207.504566 2.594018496e-15 1e-20
6207.616964 2.632487132e-15 1e-20
6207.729362 2.637100709e-15 1e-20
6207.84176 2.642601553e-15 1e-20
6207.954158 2.66177012e-15 1e-20
6208.066556 2.680683307e-15 1e-20
6208.178954 2.69566499e-15 1e-20
6208.291352 2.707305976e-15 1e-20
6208.40375 2.667502416e-15 1e-20
6208.516148 2.628790469e-15 1e-20
6208.628546 2.606887891e-15 1e-20
6208.740944 2.587446367e-15 1e-20
6208.853342 2.60589898e-15 1e-20
6208.96574 2.623665496e-15 1e-20
6209.078138 2.630869511e-15 1e-20
6209.190536 2.636789848e-15 1e-20
6209.302934 2.622950812e-15 1e-20
6209.415332 2.611593794e-15 1e-20
6209.52773 2.638438386e-15 1e-20
6209.640128 2.66506889e-15 1e-20
6209.752526 2.688405495e-15 1e-20
6209.864924 2.709620917e-15 1e-20
6209.977322 2.698196772e-15 1e-20
6210.08972 2.687679376e-15 1e-20
6210.202118 2.691109436e-15 1e-20
6210.314516 2.693607336e-15 1e-20
6210.426914 2.681768991e-15 1e-20
6210.539312 2.670450725e-15 1e-20
6210.65171 2.66713565e-15 1e-20
6210.764108 2.666022437e-15 1e-20
6210.876506 2.698772543e-15 1e-20
6210.988904 2.732477042e-15 1e-20
6211.101302 2.780859141e-15 1e-20
6211.2137 2.823928225e-15 1e-20
6211.326098 2.785299499e-15 1e-20
6211.438496 2.746606187e-15 1e-20
6211.550894 2.70691867e-15 1e-20
6211.663292 2.671647371e-15 1e-20
6211.77569 2.704268939e-15 1e-20
6211.888088 2.732140559e-15 1e-20
6212.000486 2.686998361e-15 1e-20
6212.112884 2.642558989e-15 1e-20
6212.225282 2.608918864e-15 1e-20
6212.33768 2.57987601e-15 1e-20
6212.450078 2.621481633e-15 1e-20
6212.562476 2.659499436e-15 1e-20
6212.674874 2.642387889e-15 1e-20
6212.787272 2.626295745e-15 1e-20
6212.89967 2.62586524e-15 1e-20
6213.012068 2.628191616e-15 1e-20
6213.124466 2.672869216e-15 1e-20
6213.236864 2.715594617e-15 1e-20
6213.349262 2.728332087e-15 1e-20
6213.46166 2.740363343e-15 1e-20
6213.574058 2.741548342e-15 1e-20
6213.686456 2.743196456e-15 1e-20
6213.798854 2.751954988e-15 1e-20
6213.911252 2.759100558e-15 1e-20
6214.02365 2.741479944e-15 1e-20
6214.136048 2.723397484e-15 1e-20
6214.248446 2.698222395e-15 1e-20
6214.360844 2.673493903e-15 1e-20
6214.473242 2.65562299e-15 1e-20
6214.58564 2.636836011e-15 1e-20
6214.698038 2.603992944e-15 1e-20
6214.810436 2.576495925e-15 1e-20
6214.922834 2.631044635e-15 1e-20
6215.035232 2.687267082e-15 1e-20
6215.14763 2.769173898e-15 1e-20
6215.260028 2.845204422e-15 1e-20
6215.372426 2.831075489e-15 1e-20
6215.484824 2.814137371e-15 1e-20
6215.597222 2.754105182e-15 1e-20
6215.70962 2.69612747e-15 1e-20
6215.822018 2.669664255e-15 1e-20
6215.934416 2.648968064e-15 1e-20
6216.046814 2.716722865e-15 1e-20
6216.159212 2.783623856e-15 1e-20
6216.27161 2.837431624e-15 1e-20
6216.384008 2.887579363e-15 1e-20
6216.496406 2.881606298e-15 1e-20
6216.608804 2.878034784e-15 1e-20
6216.721202 2.911285062e-15 1e-20
6216.8336 2.939340699e-15 1e-20
6216.945998 2.887766557e-15 1e-20
6217.058396 2.831239602e-15 1e-20
6217.170794 2.69879266e-15 1e-20
6217.283192 2.574415824e-15 1e-20
6217.39559 2.573728457e-15 1e-20
6217.507988 2.579683945e-15 1e-20
6217.620386 2.687442206e-15 1e-20
6217.732784 2.793222222e-15 1e-20
6217.845182 2.868687987e-15 1e-20
6217.95758 2.938018057e-15 1e-20
6218.069978 2.913340388e-15 1e-20
6218.182376 2.887231656e-15 1e-20
6218.294774 2.839200017e-15 1e-20
6218.407172 2.795559186e-15 1e-20
6218.51957 2.819171712e-15 1e-20
6218.631968 2.844155372e-15 1e-20
6218.744366 2.890137402e-15 1e-20
6218.856764 2.931165984e-15 1e-20
6218.969162 2.896334295e-15 1e-20
6219.08156 2.861676672e-15 1e-20
6219.193958 2.829685084e-15 1e-20
6219.306356 2.798964047e-15 1e-20
6219.418754 2.787695544e-15 1e-20
6219.531152 2.774562086e-15 1e-20
6219.64355 2.732881501e-15 1e-20
6219.755948 2.695161429e-15 1e-20
6219.868346 2.718061389e-15 1e-20
6219.980744 2.743258078e-15 1e-20
6220.093142 2.803601764e-15 1e-20
6220.20554 2.860696231e-15 1e-20
6220.317938 2.868067747e-15 1e-20
6220.430336 2.875608035e-15 1e-20
6220.542734 2.885731561e-15 1e-20
6220.655132 2.897077779e-15 1e-20
6220.76753 2.927130931e-15 1e-20
6220.879928 2.953648356e-15 1e-20
6220.992326 2.926079763e-15 1e-20
6221.104724 2.895065017e-15 1e-20
6221.217122 2.811341739e-15 1e-20
6221.32952 2.733643618e-15 1e-20
6221.441918 2.748088707e-15 1e-20
6221.554316 2.763015545e-15 1e-20
6221.666714 2.785311569e-15 1e-20
6221.779112 2.804602533e-15 1e-20
6221.89151 2.777943442e-15 1e-20
6222.003908 2.751316749e-15 1e-20
6222.116306 2.725185147e-15 1e-20
6222.228704 2.700746765e-15 1e-20
6222.341102 2.702192862e-15 1e-20
6222.4535 2.70842173e-15 1e-20
6222.565898 2.787755048e-15 1e-20
6222.678296 2.863356762e-15 1e-20
6222.790694 2.881931347e-15 1e-20
6222.903092 2.896291944e-15 1e-20
6223.01549 2.846262366e-15 1e-20
6223.127888 2.80081799e-15 1e-20
6223.240286 2.825432556e-15 1e-20
6223.352684 2.849424552e-15 1e-20
6223.465082 2.863903521e-15 1e-20
6223.57748 2.875492626e-15 1e-20
6223.689878 2.842938185e-15 1e-20
6223.802276 2.810508047e-15 1e-20
6223.914674 2.779979921e-15 1e-20
6224.027072 2.750128574e-15 1e-20
6224.13947 2.730612511e-15 1e-20
6224.251868 2.710299602e-15 1e-20
6224.364266 2.677820124e-15 1e-20
6224.476664 2.644331194e-15 1e-20
6224.589062 2.5954341e-15 1e-20
6224.70146 2.551690353e-15 1e-20
6224.813858 2.58662051e-15 1e-20
6224.926256 2.622220034e-15 1e-20
6225.038654 2.668037317e-15 1e-20
6225.151052 2.712470336e-15 1e-20
6225.26345 2.735778353e-15 1e-20
6225.375848 2.756679527e-15 1e-20
6225.488246 2.740848904e-15 1e-20
6225.600644 2.7253986e-15 1e-20
6225.713042 2.715752165e-15 1e-20
6225.82544 2.707231649e-15 1e-20
6225.937838 2.715892349e-15 1e-20
6226.050236 2.721694313e-15 1e-20
6226.162634 2.683890597e-15 1e-20
6226.275032 2.651035036e-15 1e-20
6226.38743 2.69365117e-15 1e-20
6226.499828 2.738902634e-15 1e-20
6226.612226 2.824346448e-15 1e-20
6226.724624 2.903240367e-15 1e-20
6226.837022 2.882252796e-15 1e-20
6226.94942 2.858075088e-15 1e-20
6227.061818 2.785255877e-15 1e-20
6227.174216 2.715456762e-15 1e-20
6227.286614 2.691701723e-15 1e-20
6227.399012 2.670236003e-15 1e-20
6227.51141 2.68367058e-15 1e-20
6227.623808 2.698698427e-15 1e-20
6227.736206 2.738011132e-15 1e-20
6227.848604 2.776621223e-15 1e-20
6227.961002 2.8045263e-15 1e-20
6228.0734 2.829793081e-15 1e-20
6228.185798 2.814854596e-15 1e-20
6228.298196 2.799724047e-15 1e-20
6228.410594 2.781667845e-15 1e-20
6228.522992 2.764066289e-15 1e-20
6228.63539 2.753387109e-15 1e-20
6228.747788 2.742653084e-15 1e-20
6228.860186 2.731080073e-15 1e-20
6228.972584 2.721012451e-15 1e-20
6229.084982 2.733876129e-15 1e-20
6229.19738 2.746674162e-15 1e-20
6229.309778 2.758477354e-15 1e-20
6229.422176 2.770367579e-15 1e-20
6229.534574 2.783587222e-15 1e-20
6229.646972 2.797644793e-15 1e-20
6229.75937 2.824462279e-15 1e-20
6229.871768 2.85170053e-15 1e-20
6229.984166 2.885342137e-15 1e-20
6230.096564 2.913409209e-15 1e-20
6230.208962 2.856617344e-15 1e-20
6230.32136 2.799045785e-15 1e-20
6230.433758 2.729603483e-15 1e-20
6230.546156 2.669744723e-15 1e-20
6230.658554 2.755728944e-15 1e-20
6230.770952 2.841847842e-15 1e-20
6230.88335 2.930016772e-15 1e-20
6230.995748 3.014766866e-15 1e-20
6231.108146 3.047502571e-15 1e-20
6231.220544 3.078639291e-15 1e-20
6231.332942 3.085451765e-15 1e-20
6231.44534 3.089470089e-15 1e-20
6231.557738 3.050985994e-15 1e-20
6231.670136 3.010856326e-15 1e-20
6231.782534 2.945700011e-15 1e-20
6231.894932 2.881372941e-15 1e-20
6232.00733 2.82965438e-15 1e-20
6232.119728 2.784840831e-15 1e-20
6232.232126 2.84502718e-15 1e-20
6232.344524 2.907556211e-15 1e-20
6232.456922 3.005707637e-15 1e-20
6232.56932 3.095646865e-15 1e-20
6232.681718 3.060746355e-15 1e-20
6232.794116 3.024436806e-15 1e-20
6232.906514 2.966712569e-15 1e-20
6233.018912 2.914060577e-15 1e-20
6233.13131 2.938495996e-15 1e-20
6233.243708 2.965173087e-15 1e-20
6233.356106 3.025913396e-15 1e-20
6233.468504 3.082371953e-15 1e-20
6233.580902 3.073770334e-15 1e-20
6233.6933 3.065058388e-15 1e-20
6233.805698 3.054668258e-15 1e-20
6233.918096 3.04563084e-15 1e-20
6234.030494 3.057141383e-15 1e-20
6234.142892 3.065007143e-15 1e-20
6234.25529 3.0175085e-15 1e-20
6234.367688 2.969988257e-15 1e-20
6234.480086 2.922142119e-15 1e-20
6234.592484 2.881450868e-15 1e-20
6234.704882 2.949412556e-15 1e-20
6234.81728 3.018105446e-15 1e-20
6234.929678 3.097898702e-15 1e-20
6235.042076 3.169341696e-15 1e-20
6235.154474 3.11401054e-15 1e-20
6235.266872 3.056575565e-15 1e-20
6235.37927 2.967204695e-15 1e-20
6235.491668 2.883755644e-15 1e-20
6235.604066 2.890189283e-15 1e-20
6235.716464 2.901356142e-15 1e-20
6235.828862 2.984360924e-15 1e-20
6235.94126 3.0633099e-15 1e-20
6236.053658 3.080711345e-15 1e-20
6236.166056 3.095751474e-15 1e-20
6236.278454 3.074961474e-15 1e-20
6236.390852 3.057595181e-15 1e-20
6236.50325 3.092171701e-15 1e-20
6236.615648 3.125542258e-15 1e-20
6236.728046 3.140615209e-15 1e-20
6236.840444 3.152856953e-15 1e-20
6236.952842 3.122153914e-15 1e-20
6237.06524 3.094163922e-15 1e-20
6237.177638 3.107321521e-15 1e-20
6237.290036 3.119957346e-15 1e-20
6237.402434 3.124681249e-15 1e-20
6237.514832 3.129888172e-15 1e-20
6237.62723 3.142416213e-15 1e-20
6237.739628 3.155205352e-15 1e-20
6237.852026 3.171952887e-15 1e-20
6237.964424 3.185165542e-15 1e-20
6238.076822 3.144795529e-15 1e-20
6238.18922 3.105699029e-15 1e-20
6238.301618 3.08590641e-15 1e-20
6238.414016 3.068079755e-15 1e-20
6238.526414 3.08004833e-15 1e-20
6238.638812 3.091465064e-15 1e-20
6238.75121 3.094518618e-15 1e-20
6238.863608 3.097931102e-15 1e-20
6238.976006 3.106783655e-15 1e-20
6239.088404 3.113403429e-15 1e-20
6239.200802 3.086198425e-15 1e-20
6239.3132 3.058951916e-15 1e-20
6239.425598 3.031077756e-15 1e-20
6239.537996 3.009753489e-15 1e-20
6239.650394 3.087633722e-15 1e-20
6239.762792 3.163402725e-15 1e-20
6239.87519 3.207195811e-15 1e-20
6239.987588 3.245319917e-15 1e-20
6240.099986 3.197602315e-15 1e-20
6240.212384 3.149391529e-15 1e-20
6240.324782 3.093715419e-15 1e-20
6240.43718 3.042540864e-15 1e-20
6240.549578 3.059516463e-15 1e-20
6240.661976 3.081306809e-15 1e-20
6240.774374 3.175980741e-15 1e-20
6240.886772 3.264430039e-15 1e-20
6240.99917 3.258670003e-15 1e-20
6241.111568 3.248261874e-15 1e-20
6241.223966 3.167512105e-15 1e-20
6241.336364 3.090089694e-15 1e-20
6241.448762 3.06301725e-15 1e-20
6241.56116 3.03785656e-15 1e-20
6241.673558 3.041625222e-15 1e-20
6241.785956 3.045168572e-15 1e-20
6241.898354 3.045308121e-15 1e-20
6242.010752 3.046485497e-15 1e-20
6242.12315 3.063359875e-15 1e-20
6242.235548 3.079830643e-15 1e-20
6242.347946 3.090192185e-15 1e-20
6242.460344 3.103452486e-15 1e-20
6242.572742 3.160549706e-15 1e-20
6242.68514 3.216077798e-15 1e-20
6242.797538 3.247880921e-15 1e-20
6242.909936 3.273931842e-15 1e-20
6243.022334 3.213015562e-15 1e-20
6243.134732 3.155351465e-15 1e-20
6243.24713 3.146848948e-15 1e-20
6243.359528 3.140098943e-15 1e-20
6243.471926 3.159839469e-15 1e-20
6243.584324 3.175077804e-15 1e-20
6243.696722 3.122271229e-15 1e-20
6243.80912 3.073491448e-15 1e-20
6243.921518 3.085565903e-15 1e-20
6244.033916 3.099743117e-15 1e-20
6244.146314 3.145691266e-15 1e-20
6244.258712 3.189404519e-15 1e-20
6244.37111 3.199352074e-15 1e-20
6244.483508 3.208334011e-15 1e-20
6244.595906 3.202728982e-15 1e-20
6244.708304 3.195270645e-15 1e-20
6244.820702 3.159820199e-15 1e-20
6244.9331 3.129492184e-15 1e-20
6245.045498 3.176531312e-15 1e-20
6245.157896 3.22168918e-15 1e-20
6245.270294 3.238435656e-15 1e-20
6245.382692 3.251799507e-15 1e-20
6245.49509 3.214088541e-15 1e-20
6245.607488 3.180746783e-15 1e-20
6245.719886 3.213373434e-15 1e-20
6245.832284 3.246745685e-15 1e-20
6245.944682 3.29137331e-15 1e-20
6246.05708 3.333031661e-15 1e-20
6246.169478 3.329873286e-15 1e-20
6246.281876 3.327655966e-15 1e-20
6246.394274 3.339644447e-15 1e-20
6246.506672 3.350687851e-15 1e-20
6246.61907 3.347465737e-15 1e-20
6246.731468 3.343246454e-15 1e-20
6246.843866 3.323980902e-15 1e-20
6246.956264 3.303977583e-15 1e-20
6247.068662 3.272844464e-15 1e-20
6247.18106 3.243395246e-15 1e-20
6247.293458 3.239346852e-15 1e-20
6247.405856 3.236112668e-15 1e-20
6247.518254 3.245163215e-15 1e-20
6247.630652 3.252366807e-15 1e-20
6247.74305 3.231714662e-15 1e-20
6247.855448 3.213631567e-15 1e-20
6247.967846 3.234287101e-15 1e-20
6248.080244 3.255745622e-15 1e-20
6248.192642 3.289310784e-15 1e-20
6248.30504 3.321844049e-15 1e-20
6248.417438 3.338820495e-15 1e-20
6248.529836 3.352429562e-15 1e-20
6248.642234 3.315273403e-15 1e-20
6248.754632 3.276482894e-15 1e-20
6248.86703 3.213058549e-15 1e-20
6248.979428 3.154931337e-15 1e-20
6249.091826 3.176631897e-15 1e-20
6249.204224 3.200536438e-15 1e-20
6249.316622 3.257653775e-15 1e-20
6249.42902 3.311791039e-15 1e-20
6249.541418 3.321030686e-15 1e-20
6249.653816 3.32736374e-15 1e-20
6249.766214 3.28991006e-15 1e-20
6249.878612 3.253719307e-15 1e-20
6249.99101 3.236552278e-15 1e-20
6250.103408 3.220656646e-15 1e-20
6250.215806 3.223910524e-15 1e-20
6250.328204 3.22727875e-15 1e-20
6250.440602 3.2323673e-15 1e-20
6250.553 3.23804835e-15 1e-20
6250.665398 3.252650987e-15 1e-20
6250.777796 3.266143798e-15 1e-20
6250.890194 3.262929308e-15 1e-20
6251.002592 3.260402397e-15 1e-20
6251.11499 3.268227923e-15 1e-20
6251.227388 3.276320052e-15 1e-20
6251.339786 3.288425211e-15 1e-20
6251.452184 3.296921799e-15 1e-20
6251.564582 3.251109175e-15 1e-20
6251.67698 3.207242821e-15 1e-20
6251.789378 3.192668349e-15 1e-20
6251.901776 3.183997272e-15 1e-20
6252.014174 3.264157929e-15 1e-20
6252.126572 3.340003165e-15 1e-20
6252.23897 3.350917185e-15 1e-20
6252.351368 3.359272741e-15 1e-20
6252.463766 3.329139756e-15 1e-20
6252.576164 3.303205725e-15 1e-20
6252.688562 3.340435999e-15 1e-20
6252.80096 3.374081206e-15 1e-20
6252.913358 3.35380959e-15 1e-20
6253.025756 3.333967632e-15 1e-20
6253.138154 3.320586629e-15 1e-20
6253.250552 3.309143002e-15 1e-20
6253.36295 3.326831591e-15 1e-20
6253.475348 3.339724491e-15 1e-20
6253.587746 3.280514135e-15 1e-20
6253.700144 3.223243273e-15 1e-20
6253.812542 3.19512665e-15 1e-20
6253.92494 3.170756665e-15 1e-20
6254.037338 3.20270336e-15 1e-20
6254.149736 3.235408572e-15 1e-20
6254.262134 3.279515695e-15 1e-20
6254.374532 3.321109248e-15 1e-20
6254.48693 3.324929367e-15 1e-20
6254.599328 3.327675024e-15 1e-20
6254.711726 3.31427581e-15 1e-20
6254.824124 3.302905663e-15 1e-20
6254.936522 3.322017268e-15 1e-20
6255.04892 3.3394257e-15 1e-20
6255.161318 3.331250138e-15 1e-20
6255.273716 3.322604261e-15 1e-20
6255.386114 3.30689053e-15 1e-20
6255.498512 3.295787622e-15 1e-20
6255.61091 3.353930293e-15 1e-20
6255.723308 3.412123574e-15 1e-20
6255.835706 3.471075161e-15 1e-20
6255.948104 3.526281169e-15 1e-20
6256.060502 3.525244189e-15 1e-20
6256.1729 3.522685302e-15 1e-20
6256.285298 3.497275584e-15 1e-20
6256.397696 3.468780761e-15 1e-20
6256.510094 3.393967846e-15 1e-20
6256.622492 3.32263179e-15 1e-20
6256.73489 3.303481222e-15 1e-20
6256.847288 3.287744409e-15 1e-20
6256.959686 3.323242713e-15 1e-20
6257.072084 3.35576539e-15 1e-20
6257.184482 3.343639901e-15 1e-20
6257.29688 3.329266387e-15 1e-20
6257.409278 3.281162116e-15 1e-20
6257.521676 3.238575205e-15 1e-20
6257.634074 3.278761201e-15 1e-20
6257.746472 3.321105013e-15 1e-20
6257.85887 3.395814801e-15 1e-20
6257.971268 3.464906644e-15 1e-20
6258.083666 3.449733107e-15 1e-20
6258.196064 3.435934305e-15 1e-20
6258.308462 3.442755885e-15 1e-20
6258.42086 3.446816561e-15 1e-20
6258.533258 3.40947596e-15 1e-20
6258.645656 3.373143117e-15 1e-20
6258.758054 3.351921131e-15 1e-20
6258.870452 3.335413729e-15 1e-20
6258.98285 3.389589744e-15 1e-20
6259.095248 3.440437132e-15 1e-20
6259.207646 3.441384327e-15 1e-20
6259.320044 3.43905181e-15 1e-20
6259.432442 3.387563006e-15 1e-20
6259.54484 3.337940216e-15 1e-20
6259.657238 3.316280102e-15 1e-20
6259.769636 3.297378773e-15 1e-20
6259.882034 3.319817735e-15 1e-20
6259.994432 3.341751653e-15 1e-20
6260.10683 3.356116273e-15 1e-20
6260.219228 3.367456985e-15 1e-20
6260.331626 3.333494352e-15 1e-20
6260.444024 3.303394401e-15 1e-20
6260.556422 3.33115633e-15 1e-20
6260.66882 3.361588106e-15 1e-20
6260.781218 3.432006825e-15 1e-20
6260.893616 3.498725281e-15 1e-20
6261.006014 3.510026395e-15 1e-20
6261.118412 3.519173715e-15 1e-20
6261.23081 3.496071315e-15 1e-20
6261.343208 3.47607922e-15 1e-20
6261.455606 3.502661867e-15 1e-20
6261.568004 3.527773005e-15 1e-20
6261.680402 3.530854935e-15 1e-20
6261.7928 3.530637036e-15 1e-20
6261.905198 3.481019751e-15 1e-20
6262.017596 3.433758066e-15 1e-20
6262.129994 3.421753068e-15 1e-20
6262.242392 3.408975152e-15 1e-20
6262.35479 3.384628037e-15 1e-20
6262.467188 3.359979167e-15 1e-20
6262.579586 3.330817093e-15 1e-20
6262.691984 3.30365804e-15 1e-20
6262.804382 3.306469131e-15 1e-20
6262.91678 3.313016484e-15 1e-20
6263.029178 3.3754606e-15 1e-20
6263.141576 3.436277565e-15 1e-20
6263.253974 3.47275271e-15 1e-20
6263.366372 3.504291982e-15 1e-20
6263.47877 3.462005768e-15 1e-20
6263.591168 3.422645205e-15 1e-20
6263.703566 3.427036859e-15 1e-20
6263.815964 3.432368296e-15 1e-20
6263.928362 3.451754763e-15 1e-20
6264.04076 3.466786421e-15 1e-20
6264.153158 3.41670581e-15 1e-20
6264.265556 3.369176039e-15 1e-20
6264.377954 3.359782443e-15 1e-20
6264.490352 3.352612733e-15 1e-20
6264.60275 3.378682289e-15 1e-20
6264.715148 3.402920561e-15 1e-20
6264.827546 3.39978908e-15 1e-20
6264.939944 3.39664807e-15 1e-20
6265.052342 3.393364123e-15 1e-20
6265.16474 3.391792454e-15 1e-20
6265.277138 3.415810073e-15 1e-20
6265.389536 3.435888777e-15 1e-20
6265.501934 3.397116056e-15 1e-20
6265.614332 3.356451486e-15 1e-20
6265.72673 3.287520792e-15 1e-20
6265.839128 3.227154024e-15 1e-20
6265.951526 3.294712737e-15 1e-20
6266.063924 3.361600388e-15 1e-20
6266.176322 3.418466156e-15 1e-20
6266.28872 3.469107715e-15 1e-20
6266.401118 3.426796937e-15 1e-20
6266.513516 3.387804623e-15 1e-20
6266.625914 3.398361194e-15 1e-20
6266.738312 3.411772902e-15 1e-20
6266.85071 3.467814084e-15 1e-20
6266.963108 3.519396697e-15 1e-20
6267.075506 3.504418613e-15 1e-20
6267.187904 3.491976546e-15 1e-20
6267.300302 3.517388593e-15 1e-20
6267.4127 3.543189005e-15 1e-20
6267.525098 3.574786087e-15 1e-20
6267.637496 3.598638535e-15 1e-20
6267.749894 3.506909102e-15 1e-20
6267.862292 3.420946692e-15 1e-20
6267.97469 3.421038172e-15 1e-20
6268.087088 3.424571358e-15 1e-20
6268.199486 3.479453587e-15 1e-20
6268.311884 3.526470481e-15 1e-20
6268.424282 3.456150652e-15 1e-20
6268.53668 3.391419759e-15 1e-20
6268.649078 3.410053213e-15 1e-20
6268.761476 3.433295586e-15 1e-20
6268.873874 3.525276376e-15 1e-20
6268.986272 3.606088613e-15 1e-20
6269.09867 3.520346009e-15 1e-20
6269.211068 3.439424293e-15 1e-20
6269.323466 3.430389627e-15 1e-20
6269.435864 3.42451016e-15 1e-20
6269.548262 3.465670879e-15 1e-20
6269.66066 3.50020653e-15 1e-20
6269.773058 3.435980468e-15 1e-20
6269.885456 3.376143096e-15 1e-20
6269.997854 3.381727161e-15 1e-20
6270.110252 3.390680935e-15 1e-20
6270.22265 3.449859103e-15 1e-20
6270.335048 3.507819662e-15 1e-20
6270.447446 3.547635293e-15 1e-20
6270.559844 3.585198663e-15 1e-20
6270.672242 3.589203011e-15 1e-20
6270.78464 3.590944934e-15 1e-20
6270.897038 3.558988499e-15 1e-20
6271.009436 3.525976449e-15 1e-20
6271.121834 3.477241137e-15 1e-20
6271.234232 3.431857112e-15 1e-20
6271.34663 3.436390221e-15 1e-20
6271.459028 3.442250206e-15 1e-20
6271.571426 3.467874859e-15 1e-20
6271.683824 3.49372101e-15 1e-20
6271.796222 3.522867202e-15 1e-20
6271.90862 3.552050028e-15 1e-20
6272.021018 3.581781732e-15 1e-20
6272.133416 3.605516019e-15 1e-20
6272.245814 3.539960327e-15 1e-20
6272.358212 3.476140206e-15 1e-20
6272.47061 3.438159249e-15 1e-20
6272.583008 3.40471013e-15 1e-20
6272.695406 3.438722314e-15 1e-20
6272.807804 3.470295255e-15 1e-20
6272.920202 3.465567753e-15 1e-20
6273.0326 3.46157124e-15 1e-20
6273.144998 3.468450206e-15 1e-20
6273.257396 3.476372929e-15 1e-20
6273.369794 3.499828118e-15 1e-20
6273.482192 3.521344449e-15 1e-20
6273.59459 3.514015496e-15 1e-20
6273.706988 3.508554251e-15 1e-20
6273.819386 3.530879287e-15 1e-20
6273.931784 3.55185754e-15 1e-20
6274.044182 3.552803041e-15 1e-20
6274.15658 3.553459491e-15 1e-20
6274.268978 3.549815344e-15 1e-20
6274.381376 3.543206157e-15 1e-20
6274.493774 3.492501495e-15 1e-20
6274.606172 3.442575679e-15 1e-20
6274.71857 3.404231556e-15 1e-20
6274.830968 3.370735003e-15 1e-20
6274.943366 3.40930973e-15 1e-20
6275.055764 3.446175569e-15 1e-20
6275.168162 3.457639101e-15 1e-20
6275.28056 3.46648996e-15 1e-20
6275.392958 3.436504782e-15 1e-20
6275.505356 3.408028805e-15 1e-20
6275.617754 3.401981201e-15 1e-20
6275.730152 3.397878809e-15 1e-20
6275.84255 3.422681839e-15 1e-20
6275.954948 3.446324435e-15 1e-20
6276.067346 3.45272398e-15 1e-20
6276.179744 3.457244172e-15 1e-20
6276.292142 3.433841075e-15 1e-20
6276.40454 3.407186642e-15 1e-20
6276.516938 3.332232908e-15 1e-20
6276.629336 3.260408326e-15 1e-20
6276.741734 3.235062136e-15 1e-20
6276.854132 3.212741124e-15 1e-20
6276.96653 3.23534928e-15 1e-20
6277.078928 3.260682553e-15 1e-20
6277.191326 3.326486213e-15 1e-20
6277.303724 3.390942244e-15 1e-20
6277.416122 3.435385851e-15 1e-20
6277.52852 3.475412817e-15 1e-20
6277.640918 3.449863127e-15 1e-20
6277.753316 3.420876177e-15 1e-20
6277.865714 3.340861421e-15 1e-20
6277.978112 3.26346675e-15 1e-20
6278.09051 3.224962115e-15 1e-20
6278.202908 3.192947234e-15 1e-20
6278.315306 3.257250799e-15 1e-20
6278.427704 3.321113272e-15 1e-20
6278.540102 3.378427544e-15 1e-20
6278.6525 3.433130626e-15 1e-20
6278.764898 3.449089786e-15 1e-20
6278.877296 3.463401254e-15 1e-20
6278.989694 3.453269258e-15 1e-20
6279.102092 3.443485604e-15 1e-20
6279.21449 3.438873086e-15 1e-20
6279.326888 3.435827155e-15 1e-20
6279.439286 3.456016821e-15 1e-20
6279.551684 3.472978444e-15 1e-20
6279.664082 3.442068306e-15 1e-20
6279.77648 3.412100916e-15 1e-20
6279.888878 3.396112322e-15 1e-20
6280.001276 3.38380091e-15 1e-20
6280.113674 3.426012161e-15 1e-20
6280.226072 3.465993599e-15 1e-20
6280.33847 3.472919152e-15 1e-20
6280.450868 3.477599221e-15 1e-20
6280.563266 3.44899153e-15 1e-20
6280.675664 3.42220136e-15 1e-20
6280.788062 3.42234832e-15 1e-20
6280.90046 3.42295649e-15 1e-20
6281.012858 3.430400004e-15 1e-20
6281.125256 3.434930571e-15 1e-20
6281.237654 3.396293375e-15 1e-20
6281.350052 3.359961591e-15 1e-20
6281.46245 3.357788528e-15 1e-20
6281.574848 3.357671214e-15 1e-20
6281.687246 3.388009816e-15 1e-20
6281.799644 3.419111172e-15 1e-20
6281.912042 3.461510889e-15 1e-20
6282.02444 3.504347462e-15 1e-20
6282.136838 3.553655579e-15 1e-20
6282.249236 3.597120652e-15 1e-20
6282.361634 3.554048603e-15 1e-20
6282.474032 3.513315e-15 1e-20
6282.58643 3.507211492e-15 1e-20
6282.698828 3.506289709e-15 1e-20
6282.811226 3.582095134e-15 1e-20
6282.923624 3.653536011e-15 1e-20
6283.036022 3.660366484e-15 1e-20
6283.14842 3.666287668e-15 1e-20
6283.260818 3.658745687e-15 1e-20
6283.373216 3.649795937e-15 1e-20
6283.485614 3.620004941e-15 1e-20
6283.598012 3.590428668e-15 1e-20
6283.71041 3.564021145e-15 1e-20
6283.822808 3.540084629e-15 1e-20
6283.935206 3.552718337e-15 1e-20
6284.047604 3.56433963e-15 1e-20
6284.160002 3.560982414e-15 1e-20
6284.2724 3.557668398e-15 1e-20
6284.384798 3.55499135e-15 1e-20
6284.497196 3.552515473e-15 1e-20
6284.609594 3.553010987e-15 1e-20
6284.721992 3.555525405e-15 1e-20
6284.83439 3.587906627e-15 1e-20
6284.946788 3.618620465e-15 1e-20
6285.059186 3.624678022e-15 1e-20
6285.171584 3.622697235e-15 1e-20
6285.283982 3.501841727e-15 1e-20
6285.39638 3.390805449e-15 1e-20
6285.508778 3.424958664e-15 1e-20
6285.621176 3.464280474e-15 1e-20
6285.733574 3.58001948e-15 1e-20
6285.845972 3.686187437e-15 1e-20
6285.95837 3.650873362e-15 1e-20
6286.070768 3.614895214e-15 1e-20
6286.183166 3.569098684e-15 1e-20
6286.295564 3.528722741e-15 1e-20
6286.407962 3.568451974e-15 1e-20
6286.52036 3.611144129e-15 1e-20
6286.632758 3.697620264e-15 1e-20
6286.745156 3.778563156e-15 1e-20
6286.857554 3.777741957e-15 1e-20
6286.969952 3.77051846e-15 1e-20
6287.08235 3.668700865e-15 1e-20
6287.194748 3.575173181e-15 1e-20
6287.307146 3.604104015e-15 1e-20
6287.419544 3.638088247e-15 1e-20
6287.531942 3.746718105e-15 1e-20
6287.64434 3.848187146e-15 1e-20
6287.756738 3.843900736e-15 1e-20
6287.869136 3.835665458e-15 1e-20
6287.981534 3.769118315e-15 1e-20
6288.093932 3.702831634e-15 1e-20
6288.20633 3.640394294e-15 1e-20
6288.318728 3.582432677e-15 1e-20
6288.431126 3.590547676e-15 1e-20
6288.543524 3.596608197e-15 1e-20
6288.655922 3.572340279e-15 1e-20
6288.76832 3.549629208e-15 1e-20
6288.880718 3.5498992e-15 1e-20
6288.993116 3.550375444e-15 1e-20
6289.105514 3.55389656e-15 1e-20
6289.217912 3.554911729e-15 1e-20
6289.33031 3.518951157e-15 1e-20
6289.442708 3.489503422e-15 1e-20
6289.555106 3.55615348e-15 1e-20
6289.667504 3.622376209e-15 1e-20
6289.779902 3.682289814e-15 1e-20
6289.8923 3.73397873e-15 1e-20
6290.004698 3.664335681e-15 1e-20
6290.117096 3.59311715e-15 1e-20
6290.229494 3.498668953e-15 1e-20
6290.341892 3.410154857e-15 1e-20
6290.45429 3.4091615e-15 1e-20
6290.566688 3.409014963e-15 1e-20
6290.679086 3.42135835e-15 1e-20
6290.791484 3.432637018e-15 1e-20
6290.903882 3.428214659e-15 1e-20
6291.01628 3.427948055e-15 1e-20
6291.128678 3.488952638e-15 1e-20
6291.241076 3.544907e-15 1e-20
6291.353474 3.526410341e-15 1e-20
6291.465872 3.506162019e-15 1e-20
6291.57827 3.460090838e-15 1e-20
6291.690668 3.419764446e-15 1e-20
6291.803066 3.464107256e-15 1e-20
6291.915464 3.506897667e-15 1e-20
6292.027862 3.526813741e-15 1e-20
6292.14026 3.544890694e-15 1e-20
6292.252658 3.535871276e-15 1e-20
6292.365056 3.526174442e-15 1e-20
6292.477454 3.506499985e-15 1e-20
6292.589852 3.488013067e-15 1e-20
6292.70225 3.487022039e-15 1e-20
6292.814648 3.485298538e-15 1e-20
6292.927046 3.47278765e-15 1e-20
6293.039444 3.457897234e-15 1e-20
6293.151842 3.407966124e-15 1e-20
6293.26424 3.361389053e-15 1e-20
6293.376638 3.364203955e-15 1e-20
6293.489036 3.36800311e-15 1e-20
6293.601434 3.386293728e-15 1e-20
6293.713832 3.404775986e-15 1e-20
6293.82623 3.426081194e-15 1e-20
6293.938628 3.447074694e-15 1e-20
6294.051026 3.463482781e-15 1e-20
6294.163424 3.480471298e-15 1e-20
6294.275822 3.506002776e-15 1e-20
6294.38822 3.534952457e-15 1e-20
6294.500618 3.614207847e-15 1e-20
6294.613016 3.688237256e-15 1e-20
6294.725414 3.685367932e-15 1e-20
6294.837812 3.677176277e-15 1e-20
6294.95021 3.59067346e-15 1e-20
6295.062608 3.510136721e-15 1e-20
6295.175006 3.517376735e-15 1e-20
6295.287404 3.527808369e-15 1e-20
6295.399802 3.585190193e-15 1e-20
6295.5122 3.637646096e-15 1e-20
6295.624598 3.617652307e-15 1e-20
6295.736996 3.598580089e-15 1e-20
6295.849394 3.593065905e-15 1e-20
6295.961792 3.589564271e-15 1e-20
6296.07419 3.615658391e-15 1e-20
6296.186588 3.63708536e-15 1e-20
6296.298986 3.589881908e-15 1e-20
6296.411384 3.545906499e-15 1e-20
6296.523782 3.549385051e-15 1e-20
6296.63618 3.553524289e-15 1e-20
6296.748578 3.567374549e-15 1e-20
6296.860976 3.580694142e-15 1e-20
6296.973374 3.586207903e-15 1e-20
6297.085772 3.591646278e-15 1e-20
6297.19817 3.595985627e-15 1e-20
6297.310568 3.599023935e-15 1e-20
6297.422966 3.582952332e-15 1e-20
6297.535364 3.569105037e-15 1e-20
6297.647762 3.587935003e-15 1e-20
6297.76016 3.603710568e-15 1e-20
6297.872558 3.574614139e-15 1e-20
6297.984956 3.543818774e-15 1e-20
6298.097354 3.48806643e-15 1e-20
6298.209752 3.435279337e-15 1e-20
6298.32215 3.426043713e-15 1e-20
6298.434548 3.420895235e-15 1e-20
6298.546946 3.475769841e-15 1e-20
6298.659344 3.529655748e-15 1e-20
6298.771742 3.569020757e-15 1e-20
6298.88414 3.605457573e-15 1e-20
6298.996538 3.598895609e-15 1e-20
6299.108936 3.590588334e-15 1e-20
6299.221334 3.556660429e-15 1e-20
6299.333732 3.524944762e-15 1e-20
6299.44613 3.525710904e-15 1e-20
6299.558528 3.526304674e-15 1e-20
6299.670926 3.524370051e-15 1e-20
6299.783324 3.521117444e-15 1e-20
6299.895722 3.498518393e-15 1e-20
6300.00812 3.477469201e-15 1e-20
6300.120518 3.479165173e-15 1e-20
6300.232916 3.480953471e-15 1e-20
6300.345314 3.484097022e-15 1e-20
6300.457712 3.487131094e-15 1e-20
6300.57011 3.488557498e-15 1e-20
6300.682508 3.491898619e-15 1e-20
6300.794906 3.523327777e-15 1e-20
6300.907304 3.553802963e-15 1e-20
6301.019702 3.570285377e-15 1e-20
6301.1321 3.582928615e-15 1e-20
6301.244498 3.53926216e-15 1e-20
6301.356896 3.498865465e-15 1e-20
6301.469294 3.506421846e-15 1e-20
6301.581692 3.514587244e-15 1e-20
6301.69409 3.531678251e-15 1e-20
6301.806488 3.544212433e-15 1e-20
6301.918886 3.489937738e-15 1e-20
6302.031284 3.438885791e-15 1e-20
6302.143682 3.435078378e-15 1e-20
6302.25608 3.432325733e-15 1e-20
6302.368478 3.445034192e-15 1e-20
6302.480876 3.4553735e-15 1e-20
6302.593274 3.430987845e-15 1e-20
6302.705672 3.407785494e-15 1e-20
6302.81807 3.401924026e-15 1e-20
6302.930468 3.395012661e-15 1e-20
6303.042866 3.372718542e-15 1e-20
6303.155264 3.348024991e-15 1e-20
6303.267662 3.288173643e-15 1e-20
6303.38006 3.233868031e-15 1e-20
6303.492458 3.260799444e-15 1e-20
6303.604856 3.288607747e-15 1e-20
6303.717254 3.329255376e-15 1e-20
6303.829652 3.364548062e-15 1e-20
6303.94205 3.321413968e-15 1e-20
6304.054448 3.282232765e-15 1e-20
6304.166846 3.300938853e-15 1e-20
6304.279244 3.320595099e-15 1e-20
6304.391642 3.354165133e-15 1e-20
6304.50404 3.384538252e-15 1e-20
6304.616438 3.368102213e-15 1e-20
6304.728836 3.35419859e-15 1e-20
6304.841234 3.377369177e-15 1e-20
6304.953632 3.398063886e-15 1e-20
6305.06603 3.382516808e-15 1e-20
6305.178428 3.36387086e-15 1e-20
6305.290826 3.299870109e-15 1e-20
6305.403224 3.237964918e-15 1e-20
6305.515622 3.206725707e-15 1e-20
6305.62802 3.174466669e-15 1e-20
6305.740418 3.127283546e-15 1e-20
6305.852816 3.080890704e-15 1e-20
6305.965214 3.046061133e-15 1e-20
6306.077612 3.011765616e-15 1e-20
6306.19001 2.985284613e-15 1e-20
6306.302408 2.95775689e-15 1e-20
6306.414806 2.914919681e-15 1e-20
6306.527204 2.87201365e-15 1e-20
6306.639602 2.828099015e-15 1e-20
6306.752 2.786647552e-15 1e-20
6306.864398 2.781220189e-15 1e-20
6306.976796 2.777421458e-15 1e-20
6307.089194 2.79744214e-15 1e-20
6307.201592 2.816440242e-15 1e-20
6307.31399 2.820488212e-15 1e-20
6307.426388 2.82591367e-15 1e-20
6307.538786 2.851478395e-15 1e-20
6307.651184 2.872079719e-15 1e-20
6307.763582 2.820133729e-15 1e-20
6307.87598 2.770704486e-15 1e-20
6307.988378 2.758063367e-15 1e-20
6308.100776 2.750634888e-15 1e-20
6308.213174 2.819382623e-15 1e-20
6308.325572 2.883434619e-15 1e-20
6308.43797 2.878869111e-15 1e-20
6308.550368 2.872364745e-15 1e-20
6308.662766 2.837534115e-15 1e-20
6308.775164 2.805296677e-15 1e-20
6308.887562 2.810940669e-15 1e-20
6308.99996 2.817387648e-15 1e-20
6309.112358 2.83556307e-15 1e-20
6309.224756 2.854400447e-15 1e-20
6309.337154 2.882904588e-15 1e-20
6309.449552 2.911090668e-15 1e-20
6309.56195 2.934633314e-15 1e-20
6309.674348 2.954248267e-15 1e-20
6309.786746 2.916511679e-15 1e-20
6309.899144 2.884305581e-15 1e-20
6310.011542 2.932847768e-15 1e-20
6310.12394 2.98390882e-15 1e-20
6310.236338 3.071743596e-15 1e-20
6310.348736 3.153638129e-15 1e-20
6310.461134 3.148822112e-15 1e-20
6310.573532 3.143552931e-15 1e-20
6310.68593 3.131669483e-15 1e-20
6310.798328 3.124037927e-15 1e-20
6310.910726 3.178459583e-15 1e-20
6311.023124 3.230219013e-15 1e-20
6311.135522 3.243131183e-15 1e-20
6311.24792 3.254634526e-15 1e-20
6311.360318 3.245583344e-15 1e-20
6311.472716 3.241513986e-15 1e-20
6311.585114 3.310119208e-15 1e-20
6311.697512 3.374444795e-15 1e-20
6311.80991 3.376343208e-15 1e-20
6311.922308 3.377309673e-15 1e-20
6312.034706 3.364679141e-15 1e-20
6312.147104 3.354236283e-15 1e-20
6312.259502 3.375698192e-15 1e-20
6312.3719 3.394301577e-15 1e-20
6312.484298 3.371218023e-15 1e-20
6312.596696 3.350738461e-15 1e-20
6312.709094 3.368226515e-15 1e-20
6312.821492 3.383625574e-15 1e-20
6312.93389 3.368571045e-15 1e-20
6313.046288 3.354258518e-15 1e-20
6313.158686 3.350761542e-15 1e-20
6313.271084 3.350155914e-15 1e-20
6313.383482 3.391695045e-15 1e-20
6313.49588 3.428962165e-15 1e-20
6313.608278 3.403969611e-15 1e-20
6313.720676 3.380762814e-15 1e-20
6313.833074 3.383578352e-15 1e-20
6313.945472 3.388018498e-15 1e-20
6314.05787 3.416131098e-15 1e-20
6314.170268 3.443236364e-15 1e-20
6314.282666 3.455664879e-15 1e-20
6314.395064 3.471668296e-15 1e-20
6314.507462 3.539748145e-15 1e-20
6314.61986 3.599781182e-15 1e-20
6314.732258 3.542613446e-15 1e-20
6314.844656 3.486744212e-15 1e-20
6314.957054 3.4497852e-15 1e-20
6315.069452 3.417056694e-15 1e-20
6315.18185 3.445933741e-15 1e-20
6315.294248 3.475252092e-15 1e-20
6315.406646 3.51099413e-15 1e-20
6315.519044 3.54588617e-15 1e-20
6315.631442 3.568402847e-15 1e-20
6315.74384 3.593180678e-15 1e-20
6315.856238 3.650876751e-15 1e-20
6315.968636 3.706642012e-15 1e-20
6316.081034 3.734301026e-15 1e-20
6316.193432 3.758432994e-15 1e-20
6316.30583 3.731229261e-15 1e-20
6316.418228 3.701121474e-15 1e-20
6316.530626 3.628751826e-15 1e-20
6316.643024 3.560323423e-15 1e-20
6316.755422 3.549241267e-15 1e-20
6316.86782 3.538628368e-15 1e-20
6316.980218 3.534840437e-15 1e-20
6317.092616 3.532364771e-15 1e-20
6317.205014 3.548982499e-15 1e-20
6317.317412 3.568382094e-15 1e-20
6317.42981 3.628247842e-15 1e-20
6317.542208 3.682888667e-15 1e-20
6317.654606 3.66154386e-15 1e-20
6317.767004 3.639116545e-15 1e-20
6317.879402 3.600952205e-15 1e-20
6317.9918 3.56523579e-15 1e-20
6318.104198 3.565107041e-15 1e-20
6318.216596 3.563843268e-15 1e-20
6318.328994 3.546073788e-15 1e-20
6318.441392 3.531932361e-15 1e-20
6318.55379 3.570530593e-15 1e-20
6318.666188 3.607560333e-15 1e-20
6318.778586 3.621793027e-15 1e-20
6318.890984 3.635184618e-15 1e-20
6319.003382 3.636342512e-15 1e-20
6319.11578 3.641898625e-15 1e-20
6319.228178 3.711367609e-15 1e-20
6319.340576 3.773140027e-15 1e-20
6319.452974 3.723086309e-15 1e-20
6319.565372 3.670833694e-15 1e-20
6319.67777 3.586636501e-15 1e-20
6319.790168 3.510385113e-15 1e-20
6319.902566 3.54956081e-15 1e-20
6320.014964 3.589851838e-15 1e-20
6320.127362 3.646341736e-15 1e-20
6320.23976 3.698009052e-15 1e-20
6320.352158 3.679626743e-15 1e-20
6320.464556 3.662049115e-15 1e-20
6320.576954 3.656150378e-15 1e-20
6320.689352 3.649656176e-15 1e-20
6320.80175 3.634514192e-15 1e-20
6320.914148 3.620873997e-15 1e-20
6321.026546 3.629033465e-15 1e-20
6321.138944 3.637317871e-15 1e-20
6321.251342 3.647416197e-15 1e-20
6321.36374 3.658171398e-15 1e-20
6321.476138 3.678456143e-15 1e-20
6321.588536 3.697281451e-15 1e-20
6321.700934 3.694932628e-15 1e-20
6321.813332 3.694628543e-15 1e-20
6321.92573 3.723997293e-15 1e-20
6322.038128 3.748820441e-15 1e-20
6322.150526 3.707675392e-15 1e-20
6322.262924 3.666595141e-15 1e-20
6322.375322 3.626443662e-15 1e-20
6322.48772 3.594240316e-15 1e-20
6322.600118 3.677331707e-15 1e-20
6322.712516 3.754221123e-15 1e-20
6322.824914 3.741148863e-15 1e-20
6322.937312 3.724912936e-15 1e-20
6323.04971 3.662791963e-15 1e-20
6323.162108 3.602201155e-15 1e-20
6323.274506 3.563803034e-15 1e-20
6323.386904 3.526222088e-15 1e-20
6323.499302 3.500493462e-15 1e-20
6323.6117 3.481497054e-15 1e-20
6323.724098 3.560105735e-15 1e-20
6323.836496 3.635955418e-15 1e-20
6323.948894 3.671804394e-15 1e-20
6324.061292 3.70253009e-15 1e-20
6324.17369 3.658990056e-15 1e-20
6324.286088 3.61967248e-15 1e-20
6324.398486 3.641558541e-15 1e-20
6324.510884 3.663841013e-15 1e-20
6324.623282 3.691863828e-15 1e-20
6324.73568 3.719121348e-15 1e-20
6324.848078 3.735282737e-15 1e-20
6324.960476 3.746747328e-15 1e-20
6325.072874 3.690160445e-15 1e-20
6325.185272 3.635915184e-15 1e-20
6325.29767 3.615599522e-15 1e-20
6325.410068 3.596393897e-15 1e-20
6325.522466 3.593263264e-15 1e-20
6325.634864 3.589045039e-15 1e-20
6325.747262 3.569072426e-15 1e-20
6325.85966 3.553717413e-15 1e-20
6325.972058 3.60523438e-15 1e-20
6326.084456 3.652459432e-15 1e-20
6326.196854 3.637541911e-15 1e-20
6326.309252 3.621618539e-15 1e-20
6326.42165 3.591134246e-15 1e-20
6326.534048 3.561831988e-15 1e-20
6326.646446 3.549634291e-15 1e-20
6326.758844 3.537384077e-15 1e-20
6326.871242 3.524371109e-15 1e-20
6326.98364 3.516016823e-15 1e-20
6327.096038 3.575091442e-15 1e-20
6327.208436 3.633568903e-15 1e-20
6327.320834 3.683403239e-15 1e-20
6327.433232 3.725590562e-15 1e-20
6327.54563 3.657127854e-15 1e-20
6327.658028 3.590022939e-15 1e-20
6327.770426 3.542561565e-15 1e-20
6327.882824 3.497014063e-15 1e-20
6327.995222 3.479150561e-15 1e-20
6328.10762 3.466872819e-15 1e-20
6328.220018 3.535395031e-15 1e-20
6328.332416 3.599140825e-15 1e-20
6328.444814 3.593804518e-15 1e-20
6328.557212 3.587982437e-15 1e-20
6328.66961 3.575138453e-15 1e-20
6328.782008 3.567042088e-15 1e-20
6328.894406 3.627601979e-15 1e-20
6329.006804 3.684628472e-15 1e-20
6329.119202 3.690573797e-15 1e-20
6329.2316 3.692070927e-15 1e-20
6329.343998 3.629269787e-15 1e-20
6329.456396 3.565904099e-15 1e-20
6329.568794 3.494380002e-15 1e-20
6329.681192 3.429673461e-15 1e-20
6329.79359 3.463506922e-15 1e-20
6329.905988 3.499740662e-15 1e-20
6330.018386 3.570660613e-15 1e-20
6330.130784 3.633866635e-15 1e-20
6330.243182 3.585606086e-15 1e-20
6330.35558 3.538833138e-15 1e-20
6330.467978 3.513545605e-15 1e-20
6330.580376 3.492507212e-15 1e-20
6330.692774 3.532858803e-15 1e-20
6330.805172 3.571281065e-15 1e-20
6330.91757 3.581829589e-15 1e-20
6331.029968 3.590084349e-15 1e-20
6331.142366 3.565206568e-15 1e-20
6331.254764 3.540233919e-15 1e-20
6331.367162 3.513887806e-15 1e-20
6331.47956 3.491264827e-15 1e-20
6331.591958 3.522405993e-15 1e-20
6331.704356 3.548887419e-15 1e-20
6331.816754 3.50808923e-15 1e-20
6331.929152 3.467507458e-15 1e-20
6332.04155 3.430049967e-15 1e-20
6332.153948 3.397863351e-15 1e-20
6332.266346 3.441766551e-15 1e-20
6332.378744 3.48126052e-15 1e-20
6332.491142 3.457114999e-15 1e-20
6332.60354 3.436899287e-15 1e-20
6332.715938 3.473402596e-15 1e-20
6332.828336 3.510073828e-15 1e-20
6332.940734 3.549173505e-15 1e-20
6333.053132 3.584853073e-15 1e-20
6333.16553 3.571184926e-15 1e-20
6333.277928 3.558627663e-15 1e-20
6333.390326 3.562090334e-15 1e-20
6333.502724 3.565408585e-15 1e-20
6333.615122 3.566633395e-15 1e-20
6333.72752 3.565684718e-15 1e-20
6333.839918 3.533383116e-15 1e-20
6333.952316 3.501769941e-15 1e-20
6334.064714 3.480086533e-15 1e-20
6334.177112 3.459663721e-15 1e-20
6334.28951 3.457422049e-15 1e-20
6334.401908 3.45698498e-15 1e-20
6334.514306 3.482565163e-15 1e-20
6334.626704 3.5084903e-15 1e-20
6334.739102 3.539393027e-15 1e-20
6334.8515 3.570065572e-15 1e-20
6334.963898 3.597424313e-15 1e-20
6335.076296 3.623359615e-15 1e-20
6335.188694 3.628781896e-15 1e-20
6335.301092 3.633655724e-15 1e-20
6335.41349 3.630631816e-15 1e-20
6335.525888 3.630924466e-15 1e-20
6335.638286 3.679016879e-15 1e-20
6335.750684 3.725386851e-15 1e-20
6335.863082 3.746943416e-15 1e-20
6335.97548 3.763732456e-15 1e-20
6336.087878 3.711830088e-15 1e-20
6336.200276 3.66174503e-15 1e-20
6336.312674 3.637834561e-15 1e-20
6336.425072 3.614591977e-15 1e-20
6336.53747 3.600975075e-15 1e-20
6336.649868 3.58884641e-15 1e-20
6336.762266 3.598156573e-15 1e-20
6336.874664 3.608960478e-15 1e-20
6336.987062 3.641277326e-15 1e-20
6337.09946 3.671385959e-15 1e-20
6337.211858 3.669693587e-15 1e-20
6337.324256 3.664745645e-15 1e-20
6337.436654 3.612925016e-15 1e-20
6337.549052 3.564885119e-15 1e-20
6337.66145 3.571275559e-15 1e-20
6337.773848 3.575747893e-15 1e-20
6337.886246 3.552609282e-15 1e-20
6337.998644 3.532441216e-15 1e-20
6338.111042 3.555025232e-15 1e-20
6338.22344 3.575304048e-15 1e-20
6338.335838 3.562406277e-15 1e-20
6338.448236 3.549875695e-15 1e-20
6338.560634 3.542623187e-15 1e-20
6338.673032 3.538538582e-15 1e-20
6338.78543 3.580033879e-15 1e-20
6338.897828 3.618556938e-15 1e-20
6339.010226 3.61432262e-15 1e-20
6339.122624 3.609433123e-15 1e-20
6339.235022 3.595110642e-15 1e-20
6339.34742 3.579531165e-15 1e-20
6339.459818 3.545873464e-15 1e-20
6339.572216 3.518159605e-15 1e-20
6339.684614 3.575927464e-15 1e-20
6339.797012 3.630335355e-15 1e-20
6339.90941 3.636433568e-15 1e-20
6340.021808 3.639445194e-15 1e-20
6340.134206 3.598082034e-15 1e-20
6340.246604 3.557847545e-15 1e-20
6340.359002 3.533836914e-15 1e-20
6340.4714 3.512038733e-15 1e-20
6340.583798 3.52204431e-15 1e-20
6340.696196 3.529820708e-15 1e-20
6340.808594 3.505556602e-15 1e-20
6340.920992 3.47895532e-15 1e-20
6341.03339 3.418764524e-15 1e-20
6341.145788 3.367707919e-15 1e-20
6341.258186 3.447907751e-15 1e-20
6341.370584 3.529857554e-15 1e-20
6341.482982 3.636950682e-15 1e-20
6341.59538 3.730775674e-15 1e-20
6341.707778 3.633976326e-15 1e-20
6341.820176 3.540291729e-15 1e-20
6341.932574 3.491350589e-15 1e-20
6342.044972 3.446012727e-15 1e-20
6342.15737 3.452430272e-15 1e-20
6342.269768 3.459519302e-15 1e-20
6342.382166 3.476253497e-15 1e-20
6342.494564 3.49222515e-15 1e-20
6342.606962 3.497251232e-15 1e-20
6342.71936 3.500763031e-15 1e-20
6342.831758 3.482531282e-15 1e-20
6342.944156 3.464948995e-15 1e-20
6343.056554 3.456685977e-15 1e-20
6343.168952 3.450169117e-15 1e-20
6343.28135 3.468719562e-15 1e-20
6343.393748 3.4877075e-15 1e-20
6343.506146 3.512972163e-15 1e-20
6343.618544 3.537481909e-15 1e-20
6343.730942 3.551160644e-15 1e-20
6343.84334 3.563569253e-15 1e-20
6343.955738 3.55775776e-15 1e-20
6344.068136 3.552124567e-15 1e-20
6344.180534 3.549049626e-15 1e-20
6344.292932 3.545130616e-15 1e-20
6344.40533 3.529101577e-15 1e-20
6344.517728 3.513676471e-15 1e-20
6344.630126 3.506917572e-15 1e-20
6344.742524 3.502676266e-15 1e-20
6344.854922 3.534548845e-15 1e-20
6344.96732 3.566125598e-15 1e-20
6345.079718 3.593459352e-15 1e-20
6345.192116 3.619721185e-15 1e-20
6345.304514 3.630617417e-15 1e-20
6345.416912 3.641675432e-15 1e-20
6345.52931 3.655058976e-15 1e-20
6345.641708 3.6662144e-15 1e-20
6345.754106 3.645421858e-15 1e-20
6345.866504 3.62469835e-15 1e-20
6345.978902 3.604968835e-15 1e-20
6346.0913 3.590313895e-15 1e-20
6346.203698 3.648399603e-15 1e-20
6346.316096 3.700991878e-15 1e-20
6346.428494 3.674845665e-15 1e-20
6346.540892 3.649096711e-15 1e-20
6346.65329 3.62903643e-15 1e-20
6346.765688 3.608033401e-15 1e-20
6346.878086 3.573516808e-15 1e-20
6346.990484 3.539789227e-15 1e-20
6347.102882 3.517368688e-15 1e-20
6347.21528 3.499349544e-15 1e-20
6347.327678 3.54438671e-15 1e-20
6347.440076 3.587261188e-15 1e-20
6347.552474 3.599153531e-15 1e-20
6347.664872 3.610179782e-15 1e-20
6347.77727 3.608796577e-15 1e-20
6347.889668 3.606188139e-15 1e-20
6348.002066 3.586031296e-15 1e-20
6348.114464 3.56710731e-15 1e-20
6348.226862 3.565837607e-15 1e-20
6348.33926 3.565245108e-15 1e-20
6348.451658 3.574342242e-15 1e-20
6348.564056 3.58778169e-15 1e-20
6348.676454 3.663376416e-15 1e-20
6348.788852 3.731973379e-15 1e-20
6348.90125 3.700398532e-15 1e-20
6349.013648 3.671415605e-15 1e-20
6349.126046 3.679524252e-15 1e-20
6349.238444 3.686574531e-15 1e-20
6349.350842 3.678481554e-15 1e-20
6349.46324 3.669091347e-15 1e-20
6349.575638 3.641139683e-15 1e-20
6349.688036 3.615313225e-15 1e-20
6349.800434 3.619892285e-15 1e-20
6349.912832 3.625093491e-15 1e-20
6350.02523 3.639198707e-15 1e-20
6350.137628 3.655131821e-15 1e-20
6350.250026 3.697219617e-15 1e-20
6350.362424 3.732992783e-15 1e-20
6350.474822 3.678448944e-15 1e-20
6350.58722 3.625114667e-15 1e-20
6350.699618 3.589075109e-15 1e-20
6350.812016 3.559816474e-15 1e-20
6350.924414 3.627528287e-15 1e-20
6351.036812 3.695427295e-15 1e-20
6351.14921 3.766002081e-15 1e-20
6351.261608 3.827814733e-15 1e-20
6351.374006 3.764357143e-15 1e-20
6351.486404 3.704385939e-15 1e-20
6351.598802 3.694247802e-15 1e-20
6351.7112 3.687265286e-15 1e-20
6351.823598 3.725397439e-15 1e-20
6351.935996 3.760541683e-15 1e-20
6352.048394 3.752979373e-15 1e-20
6352.160792 3.743018265e-15 1e-20
6352.27319 3.698775617e-15 1e-20
6352.385588 3.657187993e-15 1e-20
6352.497986 3.653530928e-15 1e-20
6352.610384 3.650395212e-15 1e-20
6352.722782 3.654712539e-15 1e-20
6352.83518 3.657486572e-15 1e-20
6352.947578 3.638218267e-15 1e-20
6353.059976 3.624099074e-15 1e-20
6353.172374 3.683524788e-15 1e-20
6353.284772 3.734863879e-15 1e-20
6353.39717 3.670708756e-15 1e-20
6353.509568 3.606550246e-15 1e-20
6353.621966 3.542342819e-15 1e-20
6353.734364 3.490379042e-15 1e-20
6353.846762 3.6132363e-15 1e-20
6353.95916 3.727233806e-15 1e-20
6354.071558 3.714737106e-15 1e-20
6354.183956 3.699038197e-15 1e-20
6354.296354 3.637629579e-15 1e-20
6354.408752 3.584688749e-15 1e-20
6354.52115 3.652605968e-15 1e-20
6354.633548 3.715668418e-15 1e-20
6354.745946 3.709442303e-15 1e-20
6354.858344 3.703614292e-15 1e-20
6354.970742 3.703463097e-15 1e-20
6355.08314 3.702695262e-15 1e-20
6355.195538 3.69312633e-15 1e-20
6355.307936 3.683095343e-15 1e-20
6355.420334 3.666475286e-15 1e-20
6355.532732 3.650231311e-15 1e-20
6355.64513 3.63935075e-15 1e-20
6355.757528 3.628533715e-15 1e-20
6355.869926 3.618621736e-15 1e-20
6355.982324 3.607870347e-15 1e-20
6356.094722 3.585152076e-15 1e-20
6356.20712 3.567568096e-15 1e-20
6356.319518 3.623212655e-15 1e-20
6356.431916 3.676259363e-15 1e-20
6356.544314 3.692258545e-15 1e-20
6356.656712 3.708163706e-15 1e-20
6356.76911 3.722730132e-15 1e-20
6356.881508 3.738334596e-15 1e-20
6356.993906 3.768733338e-15 1e-20
6357.106304 3.793342187e-15 1e-20
6357.218702 3.73542038e-15 1e-20
6357.3311 3.686421641e-15 1e-20
6357.443498 3.764600241e-15 1e-20
6357.555896 3.837783041e-15 1e-20
6357.668294 3.839769756e-15 1e-20
6357.780692 3.833647826e-15 1e-20
6357.89309 3.711984248e-15 1e-20
6358.005488 3.601756886e-15 1e-20
6358.117886 3.654482993e-15 1e-20
6358.230284 3.703872637e-15 1e-20
6358.342682 3.705725099e-15 1e-20
6358.45508 3.705042813e-15 1e-20
6358.567478 3.668253208e-15 1e-20
6358.679876 3.634643788e-15 1e-20
6358.792274 3.646334113e-15 1e-20
6358.904672 3.657173594e-15 1e-20
6359.01707 3.655900079e-15 1e-20
6359.129468 3.655161043e-15 1e-20
6359.241866 3.662031751e-15 1e-20
6359.354264 3.673442979e-15 1e-20
6359.466662 3.74949722e-15 1e-20
6359.57906 3.819035237e-15 1e-20
6359.691458 3.79580197e-15 1e-20
6359.803856 3.771872442e-15 1e-20
6359.916254 3.738025853e-15 1e-20
6360.028652 3.706886804e-15 1e-20
6360.14105 3.714290719e-15 1e-20
6360.253448 3.721540898e-15 1e-20
6360.365846 3.726614625e-15 1e-20
6360.478244 3.732579008e-15 1e-20
6360.590642 3.751220509e-15 1e-20
6360.70304 3.770551918e-15 1e-20
6360.815438 3.799697898e-15 1e-20
6360.927836 3.821952418e-15 1e-20
6361.040234 3.746160334e-15 1e-20
6361.152632 3.67359968e-15 1e-20
6361.26503 3.647012163e-15 1e-20
6361.377428 3.624600518e-15 1e-20
6361.489826 3.6615896e-15 1e-20
6361.602224 3.699491783e-15 1e-20
6361.714622 3.750377287e-15 1e-20
6361.82702 3.79923076e-15 1e-20
6361.939418 3.819183468e-15 1e-20
6362.051816 3.832924036e-15 1e-20
6362.164214 3.758331774e-15 1e-20
6362.276612 3.687111973e-15 1e-20
6362.38901 3.663846519e-15 1e-20
6362.501408 3.64517029e-15 1e-20
6362.613806 3.691733808e-15 1e-20
6362.726204 3.73545299e-15 1e-20
6362.838602 3.738737784e-15 1e-20
6362.951 3.741829878e-15 1e-20
6363.063398 3.742178855e-15 1e-20
6363.175796 3.742962361e-15 1e-20
6363.288194 3.749921584e-15 1e-20
6363.400592 3.755934247e-15 1e-20
6363.51299 3.748500686e-15 1e-20
6363.625388 3.742518516e-15 1e-20
6363.737786 3.757154398e-15 1e-20
6363.850184 3.771134677e-15 1e-20
6363.962582 3.77579717e-15 1e-20
6364.07498 3.781565888e-15 1e-20
6364.187378 3.803045796e-15 1e-20
6364.299776 3.822315796e-15 1e-20
6364.412174 3.81019306e-15 1e-20
6364.524572 3.79705092e-15 1e-20
6364.63697 3.769427058e-15 1e-20
6364.749368 3.743384607e-15 1e-20
6364.861766 3.739789376e-15 1e-20
6364.974164 3.737419801e-15 1e-20
6365.086562 3.752450401e-15 1e-20
6365.19896 3.763931932e-15 1e-20
6365.311358 3.725028979e-15 1e-20
6365.423756 3.684110935e-15 1e-20
6365.536154 3.614589436e-15 1e-20
6365.648552 3.553940183e-15 1e-20
6365.76095 3.619212118e-15 1e-20
6365.873348 3.682745095e-15 1e-20
6365.985746 3.721595531e-15 1e-20
6366.098144 3.76149883e-15 1e-20
6366.210542 3.816347601e-15 1e-20
6366.32294 3.864072826e-15 1e-20
6366.435338 3.810728385e-15 1e-20
6366.547736 3.760817815e-15 1e-20
6366.660134 3.759630699e-15 1e-20
6366.772532 3.76014146e-15 1e-20
6366.88493 3.784735061e-15 1e-20
6366.997328 3.803893676e-15 1e-20
6367.109726 3.745960858e-15 1e-20
6367.222124 3.691107851e-15 1e-20
6367.334522 3.679930404e-15 1e-20
6367.44692 3.667535771e-15 1e-20
6367.559318 3.637885383e-15 1e-20
6367.671716 3.611557058e-15 1e-20
6367.784114 3.632335623e-15 1e-20
6367.896512 3.658111259e-15 1e-20
6368.00891 3.754739931e-15 1e-20
6368.121308 3.841684051e-15 1e-20
6368.233706 3.791343612e-15 1e-20
6368.346104 3.743484133e-15 1e-20
6368.458502 3.73078838e-15 1e-20
6368.5709 3.72077518e-15 1e-20
6368.683298 3.748786559e-15 1e-20
6368.795696 3.774322485e-15 1e-20
6368.908094 3.764770495e-15 1e-20
6369.020492 3.75862273e-15 1e-20
6369.13289 3.800716455e-15 1e-20
6369.245288 3.838353941e-15 1e-20
6369.357686 3.812853167e-15 1e-20
6369.470084 3.783498393e-15 1e-20
6369.582482 3.699542605e-15 1e-20
6369.69488 3.621095496e-15 1e-20
6369.807278 3.62068172e-15 1e-20
6369.919676 3.627078513e-15 1e-20
6370.032074 3.7299405e-15 1e-20
6370.144472 3.82858638e-15 1e-20
6370.25687 3.867525332e-15 1e-20
6370.369268 3.90095137e-15 1e-20
6370.481666 3.856311463e-15 1e-20
6370.594064 3.809674252e-15 1e-20
6370.706462 3.734767317e-15 1e-20
6370.81886 3.664222178e-15 1e-20
6370.931258 3.655433788e-15 1e-20
6371.043656 3.648220032e-15 1e-20
6371.156054 3.663299336e-15 1e-20
6371.268452 3.675432236e-15 1e-20
6371.38085 3.645853845e-15 1e-20
6371.493248 3.618467999e-15 1e-20
6371.605646 3.622103041e-15 1e-20
6371.718044 3.627322882e-15 1e-20
6371.830442 3.654973425e-15 1e-20
6371.94284 3.68002019e-15 1e-20
6372.055238 3.668223562e-15 1e-20
6372.167636 3.658838013e-15 1e-20
6372.280034 3.683561634e-15 1e-20
6372.392432 3.706550532e-15 1e-20
6372.50483 3.704997497e-15 1e-20
6372.617228 3.705919069e-15 1e-20
6372.729626 3.741840042e-15 1e-20
6372.842024 3.775594305e-15 1e-20
6372.954422 3.77870334e-15 1e-20
6373.06682 3.780207247e-15 1e-20
6373.179218 3.759009824e-15 1e-20
6373.291616 3.740180705e-15 1e-20
6373.404014 3.75483014e-15 1e-20
6373.516412 3.773754973e-15 1e-20
6373.62881 3.853126619e-15 1e-20
6373.741208 3.926970104e-15 1e-20
6373.853606 3.922674377e-15 1e-20
6373.966004 3.916229727e-15 1e-20
6374.078402 3.879419792e-15 1e-20
6374.1908 3.846151303e-15 1e-20
6374.303198 3.862940343e-15 1e-20
6374.415596 3.876430189e-15 1e-20
6374.527994 3.843294684e-15 1e-20
6374.640392 3.812544847e-15 1e-20
6374.75279 3.815509462e-15 1e-20
6374.865188 3.819305017e-15 1e-20
6374.977586 3.834840025e-15 1e-20
6375.089984 3.847182142e-15 1e-20
6375.202382 3.81441679e-15 1e-20
6375.31478 3.784680851e-15 1e-20
6375.427178 3.797734899e-15 1e-20
6375.539576 3.80971491e-15 1e-20
6375.651974 3.80652329e-15 1e-20
6375.764372 3.801862491e-15 1e-20
6375.87677 3.776451079e-15 1e-20
6375.989168 3.75588639e-15 1e-20
6376.101566 3.803764927e-15 1e-20
6376.213964 3.845918369e-15 1e-20
6376.326362 3.807231409e-15 1e-20
6376.43876 3.767452625e-15 1e-20
6376.551158 3.712252758e-15 1e-20
6376.663556 3.662914359e-15 1e-20
6376.775954 3.69630948e-15 1e-20
6376.888352 3.72602509e-15 1e-20
6377.00075 3.703811228e-15 1e-20
6377.113148 3.682681991e-15 1e-20
6377.225546 3.676864992e-15 1e-20
6377.337944 3.674102394e-15 1e-20
6377.450342 3.714441491e-15 1e-20
6377.56274 3.753479969e-15 1e-20
6377.675138 3.774167055e-15 1e-20
6377.787536 3.793082995e-15 1e-20
6377.899934 3.787007227e-15 1e-20
6378.012332 3.77794948e-15 1e-20
6378.12473 3.726820031e-15 1e-20
6378.237128 3.679138428e-15 1e-20
6378.349526 3.680079482e-15 1e-20
6378.461924 3.684358692e-15 1e-20
6378.574322 3.735722347e-15 1e-20
6378.68672 3.786258027e-15 1e-20
6378.799118 3.825118204e-15 1e-20
6378.911516 3.860205697e-15 1e-20
6379.023914 3.842095709e-15 1e-20
6379.136312 3.824362651e-15 1e-20
6379.24871 3.811948959e-15 1e-20
6379.361108 3.801314037e-15 1e-20
6379.473506 3.815760608e-15 1e-20
6379.585904 3.833578793e-15 1e-20
6379.698302 3.898923573e-15 1e-20
6379.8107 3.957018175e-15 1e-20
6379.923098 3.912933498e-15 1e-20
6380.035496 3.86560892e-15 1e-20
6380.147894 3.772627996e-15 1e-20
6380.260292 3.686711326e-15 1e-20
6380.37269 3.700346016e-15 1e-20
6380.485088 3.713518225e-15 1e-20
6380.597486 3.720173787e-15 1e-20
6380.709884 3.729140901e-15 1e-20
6380.822282 3.770671773e-15 1e-20
6380.93468 3.80934518e-15 1e-20
6381.047078 3.80776377e-15 1e-20
6381.159476 3.803653542e-15 1e-20
6381.271874 3.763931509e-15 1e-20
6381.384272 3.731689199e-15 1e-20
6381.49667 3.804784331e-15 1e-20
6381.609068 3.873120408e-15 1e-20
6381.721466 3.87444178e-15 1e-20
6381.833864 3.871467847e-15 1e-20
6381.946262 3.808025503e-15 1e-20
6382.05866 3.747587161e-15 1e-20
6382.171058 3.729437786e-15 1e-20
6382.283456 3.717094398e-15 1e-20
6382.395854 3.786480373e-15 1e-20
6382.508252 3.852031405e-15 1e-20
6382.62065 3.863600605e-15 1e-20
6382.733048 3.869718724e-15 1e-20
6382.845446 3.799126998e-15 1e-20
6382.957844 3.737183479e-15 1e-20
6383.070242 3.796933606e-15 1e-20
6383.18264 3.854699983e-15 1e-20
6383.295038 3.884554082e-15 1e-20
6383.407436 3.906735758e-15 1e-20
6383.519834 3.820978754e-15 1e-20
6383.632232 3.74181082e-15 1e-20
6383.74463 3.75533963e-15 1e-20
6383.857028 3.771092749e-15 1e-20
6383.969426 3.818135688e-15 1e-20
6384.081824 3.861988278e-15 1e-20
6384.194222 3.860965062e-15 1e-20
6384.30662 3.859970645e-15 1e-20
6384.419018 3.859377722e-15 1e-20
6384.531416 3.85755406e-15 1e-20
6384.643814 3.838430174e-15 1e-20
6384.756212 3.819717098e-15 1e-20
6384.86861 3.806784176e-15 1e-20
6384.981008 3.794550903e-15 1e-20
6385.093406 3.792158035e-15 1e-20
6385.205804 3.788968955e-15 1e-20
6385.318202 3.774590995e-15 1e-20
6385.4306 3.75994156e-15 1e-20
6385.542998 3.741480477e-15 1e-20
6385.655396 3.724203122e-15 1e-20
6385.767794 3.723557683e-15 1e-20
6385.880192 3.725510094e-15 1e-20
6385.99259 3.763970472e-15 1e-20
6386.104988 3.799622089e-15 1e-20
6386.217386 3.795812982e-15 1e-20
6386.329784 3.791679884e-15 1e-20
6386.442182 3.782996526e-15 1e-20
6386.55458 3.772320946e-15 1e-20
6386.666978 3.73366321e-15 1e-20
6386.779376 3.695766109e-15 1e-20
6386.891774 3.668548399e-15 1e-20
6387.004172 3.648920951e-15 1e-20
6387.11657 3.735886248e-15 1e-20
6387.228968 3.818348293e-15 1e-20
6387.341366 3.837575941e-15 1e-20
6387.453764 3.851548597e-15 1e-20
6387.566162 3.7917396e-15 1e-20
6387.67856 3.73768831e-15 1e-20
6387.790958 3.764463022e-15 1e-20
6387.903356 3.792089001e-15 1e-20
6388.015754 3.831666192e-15 1e-20
6388.128152 3.864871578e-15 1e-20
6388.24055 3.808643837e-15 1e-20
6388.352948 3.755841497e-15 1e-20
6388.465346 3.751115053e-15 1e-20
6388.577744 3.748069546e-15 1e-20
6388.690142 3.768610095e-15 1e-20
6388.80254 3.785152649e-15 1e-20
6388.914938 3.745602986e-15 1e-20
6389.027336 3.706560697e-15 1e-20
6389.139734 3.67463179e-15 1e-20
6389.252132 3.647042656e-15 1e-20
6389.36453 3.680323851e-15 1e-20
6389.476928 3.713771064e-15 1e-20
6389.589326 3.749549313e-15 1e-20
6389.701724 3.782362946e-15 1e-20
6389.814122 3.773604201e-15 1e-20
6389.92652 3.764846728e-15 1e-20
6390.038918 3.7561117e-15 1e-20
6390.151316 3.750108354e-15 1e-20
6390.263714 3.782410379e-15 1e-20
6390.376112 3.815799995e-15 1e-20
6390.48851 3.864435356e-15 1e-20
6390.600908 3.907871629e-15 1e-20
6390.713306 3.878432575e-15 1e-20
6390.825704 3.850064595e-15 1e-20
6390.938102 3.836706038e-15 1e-20
6391.0505 3.826093139e-15 1e-20
6391.162898 3.853963911e-15 1e-20
6391.275296 3.87695535e-15 1e-20
6391.387694 3.831571748e-15 1e-20
6391.500092 3.789979889e-15 1e-20
6391.61249 3.801523678e-15 1e-20
6391.724888 3.815818206e-15 1e-20
6391.837286 3.868661627e-15 1e-20
6391.949684 3.915695672e-15 1e-20
6392.062082 3.881350604e-15 1e-20
6392.17448 3.846762013e-15 1e-20
6392.286878 3.808760727e-15 1e-20
6392.399276 3.774530432e-15 1e-20
6392.511674 3.793115182e-15 1e-20
6392.624072 3.80973905e-15 1e-20
6392.73647 3.798904228e-15 1e-20
6392.848868 3.786216945e-15 1e-20
6392.961266 3.747587161e-15 1e-20
6393.073664 3.715882718e-15 1e-20
6393.186062 3.781151688e-15 1e-20
6393.29846 3.843969346e-15 1e-20
6393.410858 3.872470734e-15 1e-20
6393.523256 3.896449813e-15 1e-20
6393.635654 3.857124191e-15 1e-20
6393.748052 3.822378053e-15 1e-20
6393.86045 3.851728168e-15 1e-20
6393.972848 3.878377942e-15 1e-20
6394.085246 3.867238188e-15 1e-20
6394.197644 3.854074025e-15 1e-20
6394.310042 3.812588469e-15 1e-20
6394.42244 3.776458279e-15 1e-20
6394.534838 3.815262976e-15 1e-20
6394.647236 3.853318472e-15 1e-20
6394.759634 3.880894053e-15 1e-20
6394.872032 3.901036073e-15 1e-20
6394.98443 3.817187011e-15 1e-20
6395.096828 3.738655622e-15 1e-20
6395.209226 3.73449542e-15 1e-20
6395.321624 3.73461951e-15 1e-20
6395.434022 3.79466017e-15 1e-20
6395.54642 3.848671226e-15 1e-20
6395.658818 3.818363963e-15 1e-20
6395.771216 3.787935999e-15 1e-20
6395.883614 3.755827944e-15 1e-20
6395.996012 3.729533077e-15 1e-20
6396.10841 3.784512715e-15 1e-20
6396.220808 3.83503696e-15 1e-20
6396.333206 3.823277601e-15 1e-20
6396.445604 3.810099463e-15 1e-20
6396.558002 3.777093977e-15 1e-20
6396.6704 3.749788599e-15 1e-20
6396.782798 3.802154717e-15 1e-20
6396.895196 3.850557568e-15 1e-20
6397.007594 3.843570393e-15 1e-20
6397.119992 3.836061446e-15 1e-20
6397.23239 3.821257851e-15 1e-20
6397.344788 3.808213544e-15 1e-20
6397.457186 3.81975098e-15 1e-20
6397.569584 3.829690911e-15 1e-20
6397.681982 3.817308137e-15 1e-20
6397.79438 3.806619852e-15 1e-20
6397.906778 3.819594702e-15 1e-20
6398.019176 3.833434374e-15 1e-20
6398.131574 3.859348923e-15 1e-20
6398.243972 3.882462335e-15 1e-20
6398.35637 3.866452141e-15 1e-20
6398.468768 3.849140482e-15 1e-20
6398.581166 3.81365319e-15 1e-20
6398.693564 3.782310429e-15 1e-20
6398.805962 3.808830608e-15 1e-20
6398.91836 3.835223307e-15 1e-20
6399.030758 3.859839779e-15 1e-20
6399.143156 3.879605292e-15 1e-20
6399.255554 3.831652216e-15 1e-20
6399.367952 3.785993329e-15 1e-20
6399.48035 3.772357792e-15 1e-20
6399.592748 3.757463565e-15 1e-20
6399.705146 3.725003145e-15 1e-20
6399.817544 3.69616125e-15 1e-20
6399.929942 3.717821576e-15 1e-20
6400.04234 3.739807587e-15 1e-20
6400.154738 3.766345129e-15 1e-20
6400.267136 3.789512327e-15 1e-20
6400.379534 3.765651409e-15 1e-20
6400.491932 3.740275149e-15 1e-20
6400.60433 3.69375017e-15 1e-20
6400.716728 3.646918566e-15 1e-20
6400.829126 3.595802245e-15 1e-20
6400.941524 3.551474046e-15 1e-20
6401.053922 3.601815332e-15 1e-20
6401.16632 3.652202357e-15 1e-20
6401.278718 3.703229739e-15 1e-20
6401.391116 3.747585043e-15 1e-20
6401.503514 3.69889886e-15 1e-20
6401.615912 3.653942163e-15 1e-20
6401.72831 3.660981007e-15 1e-20
6401.840708 3.669272612e-15 1e-20
6401.953106 3.695023684e-15 1e-20
6402.065504 3.715164857e-15 1e-20
6402.177902 3.657109219e-15 1e-20
6402.2903 3.604898532e-15 1e-20
6402.402698 3.634157167e-15 1e-20
6402.515096 3.663406485e-15 1e-20
6402.627494 3.692522396e-15 1e-20
6402.739892 3.720292371e-15 1e-20
6402.85229 3.729306496e-15 1e-20
6402.964688 3.738553554e-15 1e-20
6403.077086 3.751048984e-15 1e-20
6403.189484 3.761733458e-15 1e-20
6403.301882 3.747197526e-15 1e-20
6403.41428 3.732744603e-15 1e-20
6403.526678 3.71945042e-15 1e-20
6403.639076 3.707729178e-15 1e-20
6403.751474 3.717912632e-15 1e-20
6403.863872 3.727240159e-15 1e-20
6403.97627 3.724643156e-15 1e-20
6404.088668 3.720874283e-15 1e-20
6404.201066 3.700790708e-15 1e-20
6404.313464 3.680027813e-15 1e-20
6404.425862 3.64980483e-15 1e-20
6404.53826 3.620322578e-15 1e-20
6404.650658 3.601152952e-15 1e-20
6404.763056 3.586556033e-15 1e-20
6404.875454 3.635614064e-15 1e-20
6404.987852 3.680384414e-15 1e-20
6405.10025 3.665473669e-15 1e-20
6405.212648 3.654201778e-15 1e-20
6405.325046 3.693584152e-15 1e-20
6405.437444 3.732723427e-15 1e-20
6405.549842 3.768485158e-15 1e-20
6405.66224 3.796173818e-15 1e-20
6405.774638 3.711527698e-15 1e-20
6405.887036 3.632846384e-15 1e-20
6405.999434 3.637145076e-15 1e-20
6406.111832 3.642713047e-15 1e-20
6406.22423 3.665929373e-15 1e-20
6406.336628 3.690185009e-15 1e-20
6406.449026 3.728894414e-15 1e-20
6406.561424 3.767561045e-15 1e-20
6406.673822 3.805640681e-15 1e-20
6406.78622 3.840042925e-15 1e-20
6406.898618 3.823304707e-15 1e-20
6407.011016 3.806385647e-15 1e-20
6407.123414 3.786955558e-15 1e-20
6407.235812 3.768951449e-15 1e-20
6407.34821 3.770776382e-15 1e-20
6407.460608 3.770391405e-15 1e-20
6407.573006 3.739283273e-15 1e-20
6407.685404 3.71417764e-15 1e-20
6407.797802 3.772509835e-15 1e-20
6407.9102 3.825997848e-15 1e-20
6408.022598 3.812155212e-15 1e-20
6408.134996 3.796206428e-15 1e-20
6408.247394 3.750983763e-15 1e-20
6408.359792 3.707158278e-15 1e-20
6408.47219 3.682748906e-15 1e-20
6408.584588 3.661532849e-15 1e-20
6408.696986 3.684692847e-15 1e-20
6408.809384 3.71000685e-15 1e-20
6408.921782 3.765241022e-15 1e-20
6409.03418 3.815146085e-15 1e-20
6409.146578 3.791019622e-15 1e-20
6409.258976 3.765300737e-15 1e-20
6409.371374 3.717453964e-15 1e-20
6409.483772 3.670790072e-15 1e-20
6409.59617 3.640549301e-15 1e-20
6409.708568 3.61620261e-15 1e-20
6409.820966 3.673705136e-15 1e-20
6409.933364 3.73002605e-15 1e-20
6410.045762 3.769933161e-15 1e-20
6410.15816 3.809085988e-15 1e-20
6410.270558 3.837766947e-15 1e-20
6410.382956 3.861444906e-15 1e-20
6410.495354 3.815664046e-15 1e-20
6410.607752 3.770075039e-15 1e-20
6410.72015 3.727142327e-15 1e-20
6410.832548 3.692056528e-15 1e-20
6410.944946 3.765883073e-15 1e-20
6411.057344 3.836018248e-15 1e-20
6411.169742 3.854931646e-15 1e-20
6411.28214 3.868997475e-15 1e-20
6411.394538 3.815788983e-15 1e-20
6411.506936 3.765346901e-15 1e-20
6411.619334 3.753280916e-15 1e-20
6411.731732 3.74247447e-15 1e-20
6411.84413 3.749146972e-15 1e-20
6411.956528 3.755051215e-15 1e-20
6412.068926 3.750297243e-15 1e-20
6412.181324 3.745004134e-15 1e-20
6412.293722 3.732234689e-15 1e-20
6412.40612 3.718454733e-15 1e-20
6412.518518 3.690662735e-15 1e-20
6412.630916 3.666085227e-15 1e-20
6412.743314 3.686082828e-15 1e-20
6412.855712 3.707712661e-15 1e-20
6412.96811 3.751975639e-15 1e-20
6413.080508 3.794728356e-15 1e-20
6413.192906 3.816537337e-15 1e-20
6413.305304 3.840069606e-15 1e-20
6413.417702 3.887489052e-15 1e-20
6413.5301 3.92740675e-15 1e-20
6413.642498 3.86333506e-15 1e-20
6413.754896 3.800075675e-15 1e-20
6413.867294 3.748076746e-15 1e-20
6413.979692 3.701678399e-15 1e-20
6414.09209 3.732886057e-15 1e-20
6414.204488 3.765241022e-15 1e-20
6414.316886 3.813494794e-15 1e-20
6414.429284 3.853944429e-15 1e-20
6414.541682 3.786273273e-15 1e-20
6414.65408 3.71987436e-15 1e-20
6414.766478 3.671103897e-15 1e-20
6414.878876 3.626044709e-15 1e-20
6414.991274 3.632394492e-15 1e-20
6415.103672 3.639075464e-15 1e-20
6415.21607 3.650339732e-15 1e-20
6415.328468 3.663320088e-15 1e-20
6415.440866 3.700071577e-15 1e-20
6415.553264 3.7351362e-15 1e-20
6415.665662 3.746835419e-15 1e-20
6415.77806 3.75757622e-15 1e-20
6415.890458 3.755040627e-15 1e-20
6416.002856 3.750232021e-15 1e-20
6416.115254 3.713950212e-15 1e-20
6416.227652 3.67571091e-15 1e-20
6416.34005 3.610369094e-15 1e-20
6416.452448 3.551854787e-15 1e-20
6416.564846 3.5878431e-15 1e-20
6416.677244 3.619971906e-15 1e-20
6416.789642 3.59868851e-15 1e-20
6416.90204 3.576354792e-15 1e-20
6417.014438 3.539478154e-15 1e-20
6417.126836 3.51090625e-15 1e-20
6417.239234 3.597243895e-15 1e-20
6417.351632 3.677598522e-15 1e-20
6417.46403 3.675171773e-15 1e-20
6417.576428 3.672084762e-15 1e-20
6417.688826 3.659858688e-15 1e-20
6417.801224 3.651326525e-15 1e-20
6417.913622 3.693884425e-15 1e-20
6418.02602 3.735624938e-15 1e-20
6418.138418 3.76605375e-15 1e-20
6418.250816 3.79230923e-15 1e-20
6418.363214 3.760845768e-15 1e-20
6418.475612 3.727683581e-15 1e-20
6418.58801 3.671035288e-15 1e-20
6418.700408 3.616892095e-15 1e-20
6418.812806 3.597381114e-15 1e-20
6418.925204 3.580419703e-15 1e-20
6419.037602 3.59870545e-15 1e-20
6419.15 3.616692195e-15 1e-20
6419.262398 3.630536948e-15 1e-20
6419.374796 3.646247716e-15 1e-20
6419.487194 3.687741319e-15 1e-20
6419.599592 3.729691896e-15 1e-20
6419.71199 3.777957527e-15 1e-20
6419.824388 3.818392339e-15 1e-20
6419.936786 3.750616574e-15 1e-20
6420.049184 3.688658655e-15 1e-20
6420.161582 3.707087975e-15 1e-20
6420.27398 3.724485184e-15 1e-20
6420.386378 3.727625982e-15 1e-20
6420.498776 3.727004684e-15 1e-20
6420.611174 3.674408173e-15 1e-20
6420.723572 3.62840539e-15 1e-20
6420.83597 3.673470084e-15 1e-20
6420.948368 3.709034033e-15 1e-20
6421.060766 3.613385802e-15 1e-20
6421.173164 3.529081036e-15 1e-20
6421.285562 3.60142485e-15 1e-20
6421.39796 3.669798196e-15 1e-20
6421.510358 3.683351147e-15 1e-20
6421.622756 3.697473727e-15 1e-20
6421.735154 3.719458467e-15 1e-20
6421.847552 3.7364923e-15 1e-20
6421.95995 3.685183279e-15 1e-20
6422.072348 3.637070961e-15 1e-20
6422.184746 3.6330916e-15 1e-20
6422.297144 3.630322649e-15 1e-20
6422.409542 3.644258459e-15 1e-20
6422.52194 3.655781918e-15 1e-20
6422.634338 3.634013172e-15 1e-20
6422.746736 3.613615771e-15 1e-20
6422.859134 3.612145746e-15 1e-20
6422.971532 3.612070783e-15 1e-20
6423.08393 3.631243374e-15 1e-20
6423.196328 3.650606971e-15 1e-20
6423.308726 3.672608228e-15 1e-20
6423.421124 3.69206161e-15 1e-20
6423.533522 3.676373713e-15 1e-20
6423.64592 3.65872917e-15 1e-20
6423.758318 3.614100274e-15 1e-20
6423.870716 3.573079739e-15 1e-20
6423.983114 3.581814766e-15 1e-20
6424.095512 3.592985437e-15 1e-20
6424.20791 3.637743928e-15 1e-20
6424.320308 3.679207038e-15 1e-20
6424.432706 3.675231065e-15 1e-20
6424.545104 3.667881784e-15 1e-20
6424.657502 3.614029123e-15 1e-20
6424.7699 3.566948915e-15 1e-20
6424.882298 3.613224018e-15 1e-20
6424.994696 3.653942163e-15 1e-20
6425.107094 3.618063965e-15 1e-20
6425.219492 3.579366418e-15 1e-20
6425.33189 3.50181314e-15 1e-20
6425.444288 3.432178349e-15 1e-20
6425.556686 3.471661943e-15 1e-20
6425.669084 3.512000617e-15 1e-20
6425.781482 3.564120248e-15 1e-20
6425.89388 3.610717648e-15 1e-20
6426.006278 3.581229043e-15 1e-20
6426.118676 3.549995974e-15 1e-20
6426.231074 3.494732791e-15 1e-20
6426.343472 3.446098701e-15 1e-20
6426.45587 3.488777938e-15 1e-20
6426.568268 3.533644214e-15 1e-20
6426.680666 3.608635217e-15 1e-20
6426.793064 3.682861138e-15 1e-20
6426.905462 3.746554204e-15 1e-20
6427.01786 3.801130231e-15 1e-20
6427.130258 3.73016454e-15 1e-20
6427.242656 3.655231347e-15 1e-20
6427.355054 3.525673846e-15 1e-20
6427.467452 3.409647696e-15 1e-20
6427.57985 3.479903362e-15 1e-20
6427.692248 3.548686672e-15 1e-20
6427.804646 3.597200696e-15 1e-20
6427.917044 3.645890268e-15 1e-20
6428.029442 3.696993036e-15 1e-20
6428.14184 3.741646919e-15 1e-20
6428.254238 3.697549537e-15 1e-20
6428.366636 3.649789584e-15 1e-20
6428.479034 3.551627359e-15 1e-20
6428.591432 3.46231557e-15 1e-20
6428.70383 3.494778108e-15 1e-20
6428.816228 3.527456639e-15 1e-20
6428.928626 3.563105079e-15 1e-20
6429.041024 3.601041144e-15 1e-20
6429.153422 3.670440247e-15 1e-20
6429.26582 3.735163305e-15 1e-20
6429.378218 3.735569034e-15 1e-20
6429.490616 3.732727238e-15 1e-20
6429.603014 3.685225631e-15 1e-20
6429.715412 3.644457088e-15 1e-20
6429.82781 3.696278564e-15 1e-20
6429.940208 3.738180013e-15 1e-20
6430.052606 3.643677818e-15 1e-20
6430.165004 3.548496725e-15 1e-20
6430.277402 3.443982389e-15 1e-20
6430.3898 3.350815117e-15 1e-20
6430.502198 3.413640821e-15 1e-20
6430.614596 3.478800102e-15 1e-20
6430.726994 3.576034613e-15 1e-20
6430.839392 3.669577968e-15 1e-20
6430.95179 3.712394212e-15 1e-20
6431.064188 3.751496218e-15 1e-20
6431.176586 3.739560253e-15 1e-20
6431.288984 3.727274887e-15 1e-20
6431.401382 3.710188539e-15 1e-20
6431.51378 3.69527483e-15 1e-20
6431.626178 3.710216067e-15 1e-20
6431.738576 3.72527716e-15 1e-20
6431.850974 3.741980226e-15 1e-20
6431.963372 3.754731037e-15 1e-20
6432.07577 3.713186188e-15 1e-20
6432.188168 3.676571919e-15 1e-20
6432.300566 3.707677933e-15 1e-20
6432.412964 3.734933759e-15 1e-20
6432.525362 3.709308895e-15 1e-20
6432.63776 3.675763426e-15 1e-20
6432.750158 3.533455961e-15 1e-20
6432.862556 3.398708478e-15 1e-20
6432.974954 3.367768058e-15 1e-20
6433.087352 3.343903752e-15 1e-20
6433.19975 3.417192007e-15 1e-20
6433.312148 3.489267311e-15 1e-20
6433.424546 3.544691006e-15 1e-20
6433.536944 3.5968784e-15 1e-20
6433.649342 3.604646539e-15 1e-20
6433.76174 3.60984351e-15 1e-20
6433.874138 3.579751394e-15 1e-20
6433.986536 3.550016938e-15 1e-20
6434.098934 3.525191249e-15 1e-20
6434.211332 3.503596779e-15 1e-20
6434.32373 3.526338979e-15 1e-20
6434.436128 3.550001268e-15 1e-20
6434.548526 3.586290488e-15 1e-20
6434.660924 3.615613922e-15 1e-20
6434.773322 3.549375522e-15 1e-20
6434.88572 3.480524449e-15 1e-20
6434.998118 3.375832024e-15 1e-20
6435.110516 3.282691434e-15 1e-20
6435.222914 3.347991109e-15 1e-20
6435.335312 3.417440823e-15 1e-20
6435.44771 3.543803739e-15 1e-20
6435.560108 3.659836665e-15 1e-20
6435.672506 3.634213918e-15 1e-20
6435.784904 3.601239773e-15 1e-20
6435.897302 3.467467859e-15 1e-20
6436.0097 3.344586672e-15 1e-20
6436.122098 3.37101643e-15 1e-20
6436.234496 3.39947229e-15 1e-20
6436.346894 3.455705536e-15 1e-20
6436.459292 3.50802295e-15 1e-20
6436.57169 3.506668333e-15 1e-20
6436.684088 3.505543473e-15 1e-20
6436.796486 3.507564917e-15 1e-20
6436.908884 3.507535694e-15 1e-20
6437.021282 3.47940213e-15 1e-20
6437.13368 3.450987139e-15 1e-20
6437.246078 3.418717513e-15 1e-20
6437.358476 3.391398583e-15 1e-20
6437.470874 3.431907299e-15 1e-20
6437.583272 3.47302376e-15 1e-20
6437.69567 3.522468462e-15 1e-20
6437.808068 3.563302014e-15 1e-20
6437.920466 3.486184747e-15 1e-20
6438.032864 3.41774279e-15 1e-20
6438.145262 3.468120075e-15 1e-20
6438.25766 3.517113519e-15 1e-20
6438.370058 3.547156507e-15 1e-20
6438.482456 3.573197053e-15 1e-20
6438.594854 3.544431179e-15 1e-20
6438.707252 3.520174696e-15 1e-20
6438.81965 3.557664586e-15 1e-20
6438.932048 3.591874977e-15 1e-20
6439.044446 3.581197279e-15 1e-20
6439.156844 3.578842951e-15 1e-20
6439.269242 3.690431072e-15 1e-20
6439.38164 3.790687162e-15 1e-20
6439.494038 3.735833732e-15 1e-20
6439.606436 3.680970137e-15 1e-20
6439.718834 3.625976523e-15 1e-20
6439.831232 3.576856235e-15 1e-20
6439.94363 3.608104975e-15 1e-20
6440.056028 3.643757862e-15 1e-20
6440.168426 3.739664862e-15 1e-20
6440.280824 3.824161057e-15 1e-20
6440.393222 3.75254908e-15 1e-20
6440.50562 3.676476627e-15 1e-20
6440.618018 3.539393239e-15 1e-20
6440.730416 3.414885536e-15 1e-20
6440.842814 3.462391168e-15 1e-20
6440.955212 3.51224308e-15 1e-20
6441.06761 3.594183988e-15 1e-20
6441.180008 3.66685518e-15 1e-20
6441.292406 3.612763233e-15 1e-20
6441.404804 3.559548811e-15 1e-20
6441.517202 3.518326682e-15 1e-20
6441.6296 3.485028123e-15 1e-20
6441.741998 3.560065078e-15 1e-20
6441.854396 3.629528132e-15 1e-20
6441.966794 3.622799302e-15 1e-20
6442.079192 3.617626896e-15 1e-20
6442.19159 3.633729839e-15 1e-20
6442.303988 3.650747578e-15 1e-20
6442.416386 3.680266253e-15 1e-20
6442.528784 3.706549262e-15 1e-20
6442.641182 3.688615033e-15 1e-20
6442.75358 3.667783105e-15 1e-20
6442.865978 3.607351963e-15 1e-20
6442.978376 3.552887321e-15 1e-20
6443.090774 3.579945788e-15 1e-20
6443.203172 3.605283085e-15 1e-20
6443.31557 3.607101664e-15 1e-20
6443.427968 3.609629211e-15 1e-20
6443.540366 3.621843002e-15 1e-20
6443.652764 3.632186545e-15 1e-20
6443.765162 3.616981033e-15 1e-20
6443.87756 3.60601238e-15 1e-20
6443.989958 3.65290963e-15 1e-20
6444.102356 3.69030444e-15 1e-20
6444.214754 3.597932109e-15 1e-20
6444.327152 3.50898285e-15 1e-20
6444.43955 3.466774139e-15 1e-20
6444.551948 3.433007595e-15 1e-20
6444.664346 3.514502964e-15 1e-20
6444.776744 3.591133399e-15 1e-20
6444.889142 3.601352428e-15 1e-20
6445.00154 3.611813285e-15 1e-20
6445.113938 3.625575453e-15 1e-20
6445.226336 3.639993648e-15 1e-20
6445.338734 3.663367945e-15 1e-20
6445.451132 3.685704628e-15 1e-20
6445.56353 3.69388866e-15 1e-20
6445.675928 3.695882999e-15 1e-20
6445.788326 3.613414177e-15 1e-20
6445.900724 3.53772416e-15 1e-20
6446.013122 3.554522518e-15 1e-20
6446.12552 3.571819777e-15 1e-20
6446.237918 3.595917865e-15 1e-20
6446.350316 3.615425034e-15 1e-20
6446.462714 3.572309363e-15 1e-20
6446.575112 3.529320535e-15 1e-20
6446.68751 3.488060501e-15 1e-20
6446.799908 3.451987909e-15 1e-20
6446.912306 3.486665649e-15 1e-20
6447.024704 3.519338463e-15 1e-20
6447.137102 3.524674559e-15 1e-20
6447.2495 3.524854342e-15 1e-20
6447.361898 3.454725943e-15 1e-20
6447.474296 3.390379391e-15 1e-20
6447.586694 3.404856243e-15 1e-20
6447.699092 3.418474203e-15 1e-20
6447.81149 3.420380239e-15 1e-20
6447.923888 3.42267951e-15 1e-20
6448.036286 3.430337535e-15 1e-20
6448.148684 3.443651622e-15 1e-20
6448.261082 3.534055025e-15 1e-20
6448.37348 3.620663085e-15 1e-20
6448.485878 3.655550678e-15 1e-20
6448.598276 3.681550355e-15 1e-20
6448.710674 3.586438719e-15 1e-20
6448.823072 3.496735601e-15 1e-20
6448.93547 3.480715455e-15 1e-20
6449.047868 3.469196654e-15 1e-20
6449.160266 3.518997744e-15 1e-20
6449.272664 3.566920115e-15 1e-20
6449.385062 3.589251716e-15 1e-20
6449.49746 3.608698321e-15 1e-20
6449.609858 3.588846834e-15 1e-20
6449.722256 3.572753208e-15 1e-20
6449.834654 3.607841124e-15 1e-20
6449.947052 3.641896084e-15 1e-20
6450.05945 3.661880556e-15 1e-20
6450.171848 3.673375216e-15 1e-20
6450.284246 3.569271055e-15 1e-20
6450.396644 3.470733595e-15 1e-20
6450.509042 3.447988643e-15 1e-20
6450.62144 3.431213579e-15 1e-20
6450.733838 3.495710267e-15 1e-20
6450.846236 3.562751019e-15 1e-20
6450.958634 3.664417843e-15 1e-20
6451.071032 3.757621537e-15 1e-20
6451.18343 3.735639761e-15 1e-20
6451.295828 3.713550836e-15 1e-20
6451.408226 3.689998238e-15 1e-20
6451.520624 3.668345535e-15 1e-20
6451.633022 3.672547241e-15 1e-20
6451.74542 3.672268568e-15 1e-20
6451.857818 3.611034438e-15 1e-20
6451.970216 3.550847242e-15 1e-20
6452.082614 3.504906716e-15 1e-20
6452.195012 3.464636228e-15 1e-20
6452.30741 3.501496773e-15 1e-20
6452.419808 3.536873316e-15 1e-20
6452.532206 3.552064428e-15 1e-20
6452.644604 3.565298471e-15 1e-20
6452.757002 3.551914291e-15 1e-20
6452.8694 3.540597296e-15 1e-20
6452.981798 3.557390571e-15 1e-20
6453.094196 3.578437222e-15 1e-20
6453.206594 3.657323095e-15 1e-20
6453.318992 3.731313964e-15 1e-20
6453.43139 3.738756842e-15 1e-20
6453.543788 3.736422843e-15 1e-20
6453.656186 3.601177939e-15 1e-20
6453.768584 3.474289651e-15 1e-20
6453.880982 3.460992293e-15 1e-20
6453.99338 3.454292262e-15 1e-20
6454.105778 3.537258927e-15 1e-20
6454.218176 3.612951697e-15 1e-20
6454.330574 3.589795087e-15 1e-20
6454.442972 3.566952726e-15 1e-20
6454.55537 3.548377082e-15 1e-20
6454.667768 3.534582303e-15 1e-20
6454.780166 3.585742458e-15 1e-20
6454.892564 3.634195707e-15 1e-20
6455.004962 3.645874598e-15 1e-20
6455.11736 3.657641579e-15 1e-20
6455.229758 3.670599066e-15 1e-20
6455.342156 3.67939762e-15 1e-20
6455.454554 3.631706277e-15 1e-20
6455.566952 3.583995453e-15 1e-20
6455.67935 3.536017812e-15 1e-20
6455.791748 3.495577283e-15 1e-20
6455.904146 3.557484168e-15 1e-20
6456.016544 3.617084371e-15 1e-20
6456.128942 3.645373578e-15 1e-20
6456.24134 3.667362976e-15 1e-20
6456.353738 3.603825341e-15 1e-20
6456.466136 3.544250761e-15 1e-20
6456.578534 3.538475267e-15 1e-20
6456.690932 3.533871643e-15 1e-20
6456.80333 3.545175086e-15 1e-20
6456.915728 3.55382668e-15 1e-20
6457.028126 3.526487209e-15 1e-20
6457.140524 3.499320533e-15 1e-20
6457.252922 3.474500986e-15 1e-20
6457.36532 3.460019263e-15 1e-20
6457.477718 3.585811068e-15 1e-20
6457.590116 3.702787588e-15 1e-20
6457.702514 3.700156704e-15 1e-20
6457.814912 3.692169183e-15 1e-20
6457.92731 3.6115092e-15 1e-20
6458.039708 3.535267129e-15 1e-20
6458.152106 3.518956451e-15 1e-20
6458.264504 3.504629312e-15 1e-20
6458.376902 3.517202458e-15 1e-20
6458.4893 3.526823481e-15 1e-20
6458.601698 3.496410764e-15 1e-20
6458.714096 3.467861518e-15 1e-20
6458.826494 3.464579477e-15 1e-20
6458.938892 3.46843263e-15 1e-20
6459.05129 3.569027533e-15 1e-20
6459.163688 3.662078761e-15 1e-20
6459.276086 3.652860925e-15 1e-20
6459.388484 3.642710929e-15 1e-20
6459.500882 3.619932943e-15 1e-20
6459.61328 3.601907658e-15 1e-20
6459.725678 3.648300923e-15 1e-20
6459.838076 3.686300939e-15 1e-20
6459.950474 3.610555865e-15 1e-20
6460.062872 3.538187911e-15 1e-20
6460.17527 3.511587265e-15 1e-20
6460.287668 3.492098519e-15 1e-20
6460.400066 3.568971206e-15 1e-20
6460.512464 3.636744006e-15 1e-20
6460.624862 3.58122989e-15 1e-20
6460.73726 3.525672999e-15 1e-20
6460.849658 3.469536737e-15 1e-20
6460.962056 3.418745466e-15 1e-20
6461.074454 3.440353064e-15 1e-20
6461.186852 3.461842502e-15 1e-20
6461.29925 3.481731047e-15 1e-20
6461.411648 3.50323679e-15 1e-20
6461.524046 3.546644052e-15 1e-20
6461.636444 3.582228118e-15 1e-20
6461.748842 3.511882456e-15 1e-20
6461.86124 3.445364958e-15 1e-20
6461.973638 3.430679313e-15 1e-20
6462.086036 3.418250163e-15 1e-20
6462.198434 3.43636608e-15 1e-20
6462.310832 3.451281483e-15 1e-20
6462.42323 3.422869457e-15 1e-20
6462.535628 3.398430227e-15 1e-20
6462.648026 3.427767002e-15 1e-20
6462.760424 3.456867666e-15 1e-20
6462.872822 3.482777345e-15 1e-20
6462.98522 3.50957662e-15 1e-20
6463.097618 3.548416892e-15 1e-20
6463.210016 3.585780151e-15 1e-20
6463.322414 3.603163808e-15 1e-20
6463.434812 3.619556437e-15 1e-20
6463.54721 3.622539263e-15 1e-20
6463.659608 3.624486592e-15 1e-20
6463.772006 3.612420608e-15 1e-20
6463.884404 3.595323671e-15 1e-20
6463.996802 3.510177802e-15 1e-20
6464.1092 3.429167359e-15 1e-20
6464.221598 3.404087137e-15 1e-20
6464.333996 3.385204655e-15 1e-20
6464.446394 3.450132907e-15 1e-20
6464.558792 3.515824335e-15 1e-20
6464.67119 3.591837284e-15 1e-20
6464.783588 3.65902309e-15 1e-20
6464.895986 3.606869577e-15 1e-20
6465.008384 3.554395886e-15 1e-20
6465.120782 3.497596186e-15 1e-20
6465.23318 3.446318082e-15 1e-20
6465.345578 3.469677133e-15 1e-20
6465.457976 3.495845157e-15 1e-20
6465.570374 3.559980798e-15 1e-20
6465.682772 3.617971638e-15 1e-20
6465.79517 3.592911745e-15 1e-20
6465.907568 3.568712014e-15 1e-20
6466.019966 3.556132304e-15 1e-20
6466.132364 3.544616256e-15 1e-20
6466.244762 3.547477745e-15 1e-20
6466.35716 3.545714222e-15 1e-20
6466.469558 3.481465502e-15 1e-20
6466.581956 3.422203689e-15 1e-20
6466.694354 3.430309795e-15 1e-20
6466.806752 3.438728667e-15 1e-20
6466.91915 3.451373175e-15 1e-20
6467.031548 3.466679695e-15 1e-20
6467.143946 3.517940435e-15 1e-20
6467.256344 3.563538336e-15 1e-20
6467.368742 3.532665891e-15 1e-20
6467.48114 3.501223181e-15 1e-20
6467.593538 3.462083059e-15 1e-20
6467.705936 3.427088952e-15 1e-20
6467.818334 3.448071017e-15 1e-20
6467.930732 3.466718024e-15 1e-20
6468.04313 3.453842064e-15 1e-20
6468.155528 3.438153531e-15 1e-20
6468.267926 3.384501406e-15 1e-20
6468.380324 3.337225321e-15 1e-20
6468.492722 3.376008842e-15 1e-20
6468.60512 3.410971609e-15 1e-20
6468.717518 3.394367434e-15 1e-20
6468.829916 3.380780602e-15 1e-20
6468.942314 3.407907679e-15 1e-20
6469.054712 3.429714119e-15 1e-20
6469.16711 3.379730916e-15 1e-20
6469.279508 3.32975809e-15 1e-20
6469.391906 3.27992333e-15 1e-20
6469.504304 3.237388724e-15 1e-20
6469.616702 3.293328897e-15 1e-20
6469.7291 3.346046322e-15 1e-20
6469.841498 3.355294439e-15 1e-20
6469.953896 3.367007423e-15 1e-20
6470.066294 3.411967084e-15 1e-20
6470.178692 3.453183496e-15 1e-20
6470.29109 3.443918438e-15 1e-20
6470.403488 3.43741386e-15 1e-20
6470.515886 3.468133416e-15 1e-20
6470.628284 3.494698486e-15 1e-20
6470.740682 3.465247363e-15 1e-20
6470.85308 3.433854204e-15 1e-20
6470.965478 3.376279045e-15 1e-20
6471.077876 3.322201921e-15 1e-20
6471.190274 3.315281026e-15 1e-20
6471.302672 3.312948086e-15 1e-20
6471.41507 3.372454691e-15 1e-20
6471.527468 3.429134325e-15 1e-20
6471.639866 3.447714416e-15 1e-20
6471.752264 3.460225304e-15 1e-20
6471.864662 3.390950079e-15 1e-20
6471.97706 3.325719437e-15 1e-20
6472.089458 3.314985412e-15 1e-20
6472.201856 3.306249749e-15 1e-20
6472.314254 3.324436817e-15 1e-20
6472.426652 3.342223874e-15 1e-20
6472.53905 3.354623377e-15 1e-20
6472.651448 3.367348142e-15 1e-20
6472.763846 3.384452701e-15 1e-20
6472.876244 3.397923702e-15 1e-20
6472.988642 3.362457585e-15 1e-20
6473.10104 3.331888378e-15 1e-20
6473.213438 3.367263862e-15 1e-20
6473.325836 3.399907876e-15 1e-20
6473.438234 3.395768215e-15 1e-20
6473.550632 3.388715395e-15 1e-20
6473.66303 3.342437326e-15 1e-20
6473.775428 3.305644332e-15 1e-20
6473.887826 3.396545156e-15 1e-20
6474.000224 3.484312592e-15 1e-20
6474.112622 3.52990287e-15 1e-20
6474.22502 3.568955112e-15 1e-20
6474.337418 3.520014184e-15 1e-20
6474.449816 3.475003488e-15 1e-20
6474.562214 3.482891694e-15 1e-20
6474.674612 3.490595671e-15 1e-20
6474.78701 3.495825887e-15 1e-20
6474.899408 3.497992174e-15 1e-20
6475.011806 3.458937602e-15 1e-20
6475.124204 3.422059694e-15 1e-20
6475.236602 3.414467737e-15 1e-20
6475.349 3.407948548e-15 1e-20
6475.461398 3.415861107e-15 1e-20
6475.573796 3.420148364e-15 1e-20
6475.686194 3.37567257e-15 1e-20
6475.798592 3.337868007e-15 1e-20
6475.91099 3.389785197e-15 1e-20
6476.023388 3.444607923e-15 1e-20
6476.135786 3.538504701e-15 1e-20
6476.248184 3.62452725e-15 1e-20
6476.360582 3.604663904e-15 1e-20
6476.47298 3.582829935e-15 1e-20
6476.585378 3.534493577e-15 1e-20
6476.697776 3.486238957e-15 1e-20
6476.810174 3.439080397e-15 1e-20
6476.922572 3.39318307e-15 1e-20
6477.03497 3.364240801e-15 1e-20
6477.147368 3.342558028e-15 1e-20
6477.259766 3.418445404e-15 1e-20
6477.372164 3.492757299e-15 1e-20
6477.484562 3.545899087e-15 1e-20
6477.59696 3.588177678e-15 1e-20
6477.709358 3.48447861e-15 1e-20
6477.821756 3.384791938e-15 1e-20
6477.934154 3.339013831e-15 1e-20
6478.046552 3.299987211e-15 1e-20
6478.15895 3.351666385e-15 1e-20
6478.271348 3.395845506e-15 1e-20
6478.383746 3.339274293e-15 1e-20
6478.496144 3.286376027e-15 1e-20
6478.608542 3.282813195e-15 1e-20
6478.72094 3.281930163e-15 1e-20
6478.833338 3.317041796e-15 1e-20
6478.945736 3.348308323e-15 1e-20
6479.058134 3.327938663e-15 1e-20
6479.170532 3.31019777e-15 1e-20
6479.28293 3.327753375e-15 1e-20
6479.395328 3.347428044e-15 1e-20
6479.507726 3.395554127e-15 1e-20
6479.620124 3.438835605e-15 1e-20
6479.732522 3.417076387e-15 1e-20
6479.84492 3.392343872e-15 1e-20
6479.957318 3.327695565e-15 1e-20
6480.069716 3.271230019e-15 1e-20
6480.182114 3.32459013e-15 1e-20
6480.294512 3.373042109e-15 1e-20
6480.40691 3.355623512e-15 1e-20
6480.519308 3.333591126e-15 1e-20
6480.631706 3.249643808e-15 1e-20
6480.744104 3.178393514e-15 1e-20
6480.856502 3.277507804e-15 1e-20
6480.9689 3.374314141e-15 1e-20
6481.081298 3.440154859e-15 1e-20
6481.193696 3.497950246e-15 1e-20
6481.306094 3.447819024e-15 1e-20
6481.418492 3.402176654e-15 1e-20
6481.53089 3.41674308e-15 1e-20
6481.643288 3.432893457e-15 1e-20
6481.755686 3.470282973e-15 1e-20
6481.868084 3.501541242e-15 1e-20
6481.980482 3.450573999e-15 1e-20
6482.09288 3.401184778e-15 1e-20
6482.205278 3.372955288e-15 1e-20
6482.317676 3.34998079e-15 1e-20
6482.430074 3.397465033e-15 1e-20
6482.542472 3.445092002e-15 1e-20
6482.65487 3.494634112e-15 1e-20
6482.767268 3.537223987e-15 1e-20
6482.879666 3.486619274e-15 1e-20
6482.992064 3.437545785e-15 1e-20
6483.104462 3.408994211e-15 1e-20
6483.21686 3.379560451e-15 1e-20
6483.329258 3.338306346e-15 1e-20
6483.441656 3.29734108e-15 1e-20
6483.554054 3.260246331e-15 1e-20
6483.666452 3.232637927e-15 1e-20
6483.77885 3.332133806e-15 1e-20
6483.891248 3.426390997e-15 1e-20
6484.003646 3.450464097e-15 1e-20
6484.116044 3.468808077e-15 1e-20
6484.228442 3.410404944e-15 1e-20
6484.34084 3.353232973e-15 1e-20
6484.453238 3.312554427e-15 1e-20
6484.565636 3.27715565e-15 1e-20
6484.678034 3.312471842e-15 1e-20
6484.790432 3.350344802e-15 1e-20
6484.90283 3.422459493e-15 1e-20
6485.015228 3.487650961e-15 1e-20
6485.127626 3.460135307e-15 1e-20
6485.240024 3.431972732e-15 1e-20
6485.352422 3.395147551e-15 1e-20
6485.46482 3.362634403e-15 1e-20
6485.577218 3.387847609e-15 1e-20
6485.689616 3.410508494e-15 1e-20
6485.802014 3.39900748e-15 1e-20
6485.914412 3.387893985e-15 1e-20
6486.02681 3.381967507e-15 1e-20
6486.139208 3.379625037e-15 1e-20
6486.251606 3.425249196e-15 1e-20
6486.364004 3.473616895e-15 1e-20
6486.476402 3.55869839e-15 1e-20
6486.5888 3.631442427e-15 1e-20
6486.701198 3.539115412e-15 1e-20
6486.813596 3.442039507e-15 1e-20
6486.925994 3.281435496e-15 1e-20
6487.038392 3.133592883e-15 1e-20
6487.15079 3.156467007e-15 1e-20
6487.263188 3.186827209e-15 1e-20
6487.375586 3.317321105e-15 1e-20
6487.487984 3.442405425e-15 1e-20
6487.600382 3.495137673e-15 1e-20
6487.71278 3.541212454e-15 1e-20
6487.825178 3.498256237e-15 1e-20
6487.937576 3.457030931e-15 1e-20
6488.049974 3.438951437e-15 1e-20
6488.162372 3.42473653e-15 1e-20
6488.27477 3.462193597e-15 1e-20
6488.387168 3.495114591e-15 1e-20
6488.499566 3.467390991e-15 1e-20
6488.611964 3.438685045e-15 1e-20
6488.724362 3.396848393e-15 1e-20
6488.83676 3.364072242e-15 1e-20
6488.949158 3.452399567e-15 1e-20
6489.061556 3.534876435e-15 1e-20
6489.173954 3.539163481e-15 1e-20
6489.286352 3.540433607e-15 1e-20
6489.39875 3.501388988e-15 1e-20
6489.511148 3.465462932e-15 1e-20
6489.623546 3.471208145e-15 1e-20
6489.735944 3.475814522e-15 1e-20
6489.848342 3.465209458e-15 1e-20
6489.96074 3.453289375e-15 1e-20
6490.073138 3.423800135e-15 1e-20
6490.185536 3.398587775e-15 1e-20
6490.297934 3.430502495e-15 1e-20
6490.410332 3.460607316e-15 1e-20
6490.52273 3.466542476e-15 1e-20
6490.635128 3.469935902e-15 1e-20
6490.747526 3.439386176e-15 1e-20
6490.859924 3.412911103e-15 1e-20
6490.972322 3.44084519e-15 1e-20
6491.08472 3.471053138e-15 1e-20
6491.197118 3.531620441e-15 1e-20
6491.309516 3.585484113e-15 1e-20
6491.421914 3.549855578e-15 1e-20
6491.534312 3.509369944e-15 1e-20
6491.64671 3.404047115e-15 1e-20
6491.759108 3.30865617e-15 1e-20
6491.871506 3.345833928e-15 1e-20
6491.983904 3.381796406e-15 1e-20
6492.096302 3.401542015e-15 1e-20
6492.2087 3.421553592e-15 1e-20
6492.321098 3.445115719e-15 1e-20
6492.433496 3.470129872e-15 1e-20
6492.545894 3.514519904e-15 1e-20
6492.658292 3.551441435e-15 1e-20
6492.77069 3.488715681e-15 1e-20
6492.883088 3.429660967e-15 1e-20
6492.995486 3.419578946e-15 1e-20
6493.107884 3.414934453e-15 1e-20
6493.220282 3.482820543e-15 1e-20
6493.33268 3.543730047e-15 1e-20
6493.445078 3.511587053e-15 1e-20
6493.557476 3.47955862e-15 1e-20
6493.669874 3.449060986e-15 1e-20
6493.782272 3.425305947e-15 1e-20
6493.89467 3.491461338e-15 1e-20
6494.007068 3.55103126e-15 1e-20
6494.119466 3.522799228e-15 1e-20
6494.231864 3.491857114e-15 1e-20
6494.344262 3.424785446e-15 1e-20
6494.45666 3.367697966e-15 1e-20
6494.569058 3.443706256e-15 1e-20
6494.681456 3.516804352e-15 1e-20
6494.793854 3.551114481e-15 1e-20
6494.906252 3.579908095e-15 1e-20
6495.01865 3.53517692e-15 1e-20
6495.131048 3.494608066e-15 1e-20
6495.243446 3.509509705e-15 1e-20
6495.355844 3.51961269e-15 1e-20
6495.468242 3.465776123e-15 1e-20
6495.58064 3.412395048e-15 1e-20
6495.693038 3.365086987e-15 1e-20
6495.805436 3.319900744e-15 1e-20
6495.917834 3.302982108e-15 1e-20
6496.030232 3.28794685e-15 1e-20
6496.14263 3.297998378e-15 1e-20
6496.255028 3.308861364e-15 1e-20
6496.367426 3.330529737e-15 1e-20
6496.479824 3.349758655e-15 1e-20
6496.592222 3.336495178e-15 1e-20
6496.70462 3.326923918e-15 1e-20
6496.817018 3.366521014e-15 1e-20
6496.929416 3.409969992e-15 1e-20
6497.041814 3.504706816e-15 1e-20
6497.154212 3.594197117e-15 1e-20
6497.26661 3.613838117e-15 1e-20
6497.379008 3.627608332e-15 1e-20
6497.491406 3.563225358e-15 1e-20
6497.603804 3.501358071e-15 1e-20
6497.716202 3.472981409e-15 1e-20
6497.8286 3.446804279e-15 1e-20
6497.940998 3.449898279e-15 1e-20
6498.053396 3.451983885e-15 1e-20
6498.165794 3.440651432e-15 1e-20
6498.278192 3.430400427e-15 1e-20
6498.39059 3.434540301e-15 1e-20
6498.502988 3.441441502e-15 1e-20
6498.615386 3.485080216e-15 1e-20
6498.727784 3.527522495e-15 1e-20
6498.840182 3.554049026e-15 1e-20
6498.95258 3.57524052e-15 1e-20
6499.064978 3.525459758e-15 1e-20
6499.177376 3.475882708e-15 1e-20
6499.289774 3.429016164e-15 1e-20
6499.402172 3.387123185e-15 1e-20
6499.51457 3.411378396e-15 1e-20
6499.626968 3.438645234e-15 1e-20
6499.739366 3.505962331e-15 1e-20
6499.851764 3.567978483e-15 1e-20
6499.964162 3.559509001e-15 1e-20
6500.07656 3.551376426e-15 1e-20
6500.188958 3.547722325e-15 1e-20
6500.301356 3.539603515e-15 1e-20
6500.413754 3.472129082e-15 1e-20
6500.526152 3.405283783e-15 1e-20
6500.63855 3.346798063e-15 1e-20
6500.750948 3.294011182e-15 1e-20
6500.863346 3.31696641e-15 1e-20
6500.975744 3.343941233e-15 1e-20
6501.088142 3.424335459e-15 1e-20
6501.20054 3.499259971e-15 1e-20
6501.312938 3.501502914e-15 1e-20
6501.425336 3.504790249e-15 1e-20
6501.537734 3.521952407e-15 1e-20
6501.650132 3.537944177e-15 1e-20
6501.76253 3.538390775e-15 1e-20
6501.874928 3.538119513e-15 1e-20
6501.987326 3.528314048e-15 1e-20
6502.099724 3.520188672e-15 1e-20
6502.212122 3.534380286e-15 1e-20
6502.32452 3.548706154e-15 1e-20
6502.436918 3.564816086e-15 1e-20
6502.549316 3.582490699e-15 1e-20
6502.661714 3.620943453e-15 1e-20
6502.774112 3.653451731e-15 1e-20
6502.88651 3.607029667e-15 1e-20
6502.998908 3.561076435e-15 1e-20
6503.111306 3.521348049e-15 1e-20
6503.223704 3.485839157e-15 1e-20
6503.336102 3.506339048e-15 1e-20
6503.4485 3.526030023e-15 1e-20
6503.560898 3.534978926e-15 1e-20
6503.673296 3.539850001e-15 1e-20
6503.785694 3.490596306e-15 1e-20
6503.898092 3.442992419e-15 1e-20
6504.01049 3.417281369e-15 1e-20
6504.122888 3.395381968e-15 1e-20
6504.235286 3.424063138e-15 1e-20
6504.347684 3.45002978e-15 1e-20
6504.460082 3.439980582e-15 1e-20
6504.57248 3.432689957e-15 1e-20
6504.684878 3.461994121e-15 1e-20
6504.797276 3.488085277e-15 1e-20
6504.909674 3.471556699e-15 1e-20
6505.022072 3.4557373e-15 1e-20
6505.13447 3.44932272e-15 1e-20
6505.246868 3.441841513e-15 1e-20
6505.359266 3.42021295e-15 1e-20
6505.471664 3.399420621e-15 1e-20
6505.584062 3.389717646e-15 1e-20
6505.69646 3.380281911e-15 1e-20
6505.808858 3.374391856e-15 1e-20
6505.921256 3.371718832e-15 1e-20
6506.033654 3.411695399e-15 1e-20
6506.146052 3.450746794e-15 1e-20
6506.25845 3.477531881e-15 1e-20
6506.370848 3.498234637e-15 1e-20
6506.483246 3.438313409e-15 1e-20
6506.595644 3.383839873e-15 1e-20
6506.708042 3.401571026e-15 1e-20
6506.82044 3.418125649e-15 1e-20
6506.932838 3.419088514e-15 1e-20
6507.045236 3.420233491e-15 1e-20
6507.157634 3.423788911e-15 1e-20
6507.270032 3.429586852e-15 1e-20
6507.38243 3.465095532e-15 1e-20
6507.494828 3.497563364e-15 1e-20
6507.607226 3.48974525e-15 1e-20
6507.719624 3.479275075e-15 1e-20
6507.832022 3.433672515e-15 1e-20
6507.94442 3.389632943e-15 1e-20
6508.056818 3.366297821e-15 1e-20
6508.169216 3.348547398e-15 1e-20
6508.281614 3.404760105e-15 1e-20
6508.394012 3.457986596e-15 1e-20
6508.50641 3.471669143e-15 1e-20
6508.618808 3.480154719e-15 1e-20
6508.731206 3.419824586e-15 1e-20
6508.843604 3.366659504e-15 1e-20
6508.956002 3.408362112e-15 1e-20
6509.0684 3.452297923e-15 1e-20
6509.180798 3.525796666e-15 1e-20
6509.293196 3.589405028e-15 1e-20
6509.405594 3.522090685e-15 1e-20
6509.517992 3.458271411e-15 1e-20
6509.63039 3.440711359e-15 1e-20
6509.742788 3.429544924e-15 1e-20
6509.855186 3.502993692e-15 1e-20
6509.967584 3.568372777e-15 1e-20
6510.079982 3.52696303e-15 1e-20
6510.19238 3.489255453e-15 1e-20
6510.304778 3.50053412e-15 1e-20
6510.417176 3.515689445e-15 1e-20
6510.529574 3.582137062e-15 1e-20
6510.641972 3.638074695e-15 1e-20
6510.75437 3.55497568e-15 1e-20
6510.866768 3.472622267e-15 1e-20
6510.979166 3.400138693e-15 1e-20
6511.091564 3.336540283e-15 1e-20
6511.203962 3.390461977e-15 1e-20
6511.31636 3.44212294e-15 1e-20
6511.428758 3.463884487e-15 1e-20
6511.541156 3.484248006e-15 1e-20
6511.653554 3.486125031e-15 1e-20
6511.765952 3.482925152e-15 1e-20
6511.87835 3.412598759e-15 1e-20
6511.990748 3.347390351e-15 1e-20
6512.103146 3.349842512e-15 1e-20
6512.215544 3.354478535e-15 1e-20
6512.327942 3.387986099e-15 1e-20
6512.44034 3.419567088e-15 1e-20
6512.552738 3.425680971e-15 1e-20
6512.665136 3.434810081e-15 1e-20
6512.777534 3.483785737e-15 1e-20
6512.889932 3.532670762e-15 1e-20
6513.00233 3.580357446e-15 1e-20
6513.114728 3.621965399e-15 1e-20
6513.227126 3.583250487e-15 1e-20
6513.339524 3.543509607e-15 1e-20
6513.451922 3.490209424e-15 1e-20
6513.56432 3.437447318e-15 1e-20
6513.676718 3.391791607e-15 1e-20
6513.789116 3.344044995e-15 1e-20
6513.901514 3.268678756e-15 1e-20
6514.013912 3.204856517e-15 1e-20
6514.12631 3.29350635e-15 1e-20
6514.238708 3.376629929e-15 1e-20
6514.351106 3.386771878e-15 1e-20
6514.463504 3.38771886e-15 1e-20
6514.575902 3.267242823e-15 1e-20
6514.6883 3.161285354e-15 1e-20
6514.800698 3.247022453e-15 1e-20
6514.913096 3.334945108e-15 1e-20
6515.025494 3.451718976e-15 1e-20
6515.137892 3.552460628e-15 1e-20
6515.25029 3.441561357e-15 1e-20
6515.362688 3.334925414e-15 1e-20
6515.475086 3.284564224e-15 1e-20
6515.587484 3.246681522e-15 1e-20
6515.699882 3.373492942e-15 1e-20
6515.81228 3.486175217e-15 1e-20
6515.924678 3.412398012e-15 1e-20
6516.037076 3.33809967e-15 1e-20
6516.149474 3.256926385e-15 1e-20
6516.261872 3.187006569e-15 1e-20
6516.37427 3.265564427e-15 1e-20
6516.486668 3.340956289e-15 1e-20
6516.599066 3.374581379e-15 1e-20
6516.711464 3.40380084e-15 1e-20
6516.823862 3.374905158e-15 1e-20
6516.93626 3.349323069e-15 1e-20
6517.048658 3.367444068e-15 1e-20
6517.161056 3.387019423e-15 1e-20
6517.273454 3.425772451e-15 1e-20
6517.385852 3.456551722e-15 1e-20
6517.49825 3.382179477e-15 1e-20
6517.610648 3.311921694e-15 1e-20
6517.723046 3.295916583e-15 1e-20
6517.835444 3.287183249e-15 1e-20
6517.947842 3.374319435e-15 1e-20
6518.06024 3.455469638e-15 1e-20
6518.172638 3.457706652e-15 1e-20
6518.285036 3.45359706e-15 1e-20
6518.397434 3.3658292e-15 1e-20
6518.509832 3.282579837e-15 1e-20
6518.62223 3.25888282e-15 1e-20
6518.734628 3.242783476e-15 1e-20
6518.847026 3.326812321e-15 1e-20
6518.959424 3.406929779e-15 1e-20
6519.071822 3.435507401e-15 1e-20
6519.18422 3.459198277e-15 1e-20
6519.296618 3.418504273e-15 1e-20
6519.409016 3.38128988e-15 1e-20
6519.521414 3.389920511e-15 1e-20
6519.633812 3.401324539e-15 1e-20
6519.74621 3.449265757e-15 1e-20
6519.858608 3.496316743e-15 1e-20
6519.971006 3.531643311e-15 1e-20
6520.083404 3.560957427e-15 1e-20
6520.195802 3.511081162e-15 1e-20
6520.3082 3.465337148e-15 1e-20
6520.420598 3.474011189e-15 1e-20
6520.532996 3.482066472e-15 1e-20
6520.645394 3.481974569e-15 1e-20
6520.757792 3.477727334e-15 1e-20
6520.87019 3.418774265e-15 1e-20
6520.982588 3.367567311e-15 1e-20
6521.094986 3.418337407e-15 1e-20
6521.207384 3.465432863e-15 1e-20
6521.319782 3.464155325e-15 1e-20
6521.43218 3.462648454e-15 1e-20
6521.544578 3.45812191e-15 1e-20
6521.656976 3.45907821e-15 1e-20
6521.769374 3.532191341e-15 1e-20
6521.881772 3.59617748e-15 1e-20
6521.99417 3.540056677e-15 1e-20
6522.106568 3.481825068e-15 1e-20
6522.218966 3.395816707e-15 1e-20
6522.331364 3.31673877e-15 1e-20
6522.443762 3.32884033e-15 1e-20
6522.55616 3.341372394e-15 1e-20
6522.668558 3.359567509e-15 1e-20
6522.780956 3.38149825e-15 1e-20
6522.893354 3.452568126e-15 1e-20
6523.005752 3.519152116e-15 1e-20
6523.11815 3.526738566e-15 1e-20
6523.230548 3.530406219e-15 1e-20
6523.342946 3.482536999e-15 1e-20
6523.455344 3.438621941e-15 1e-20
6523.567742 3.446699459e-15 1e-20
6523.68014 3.450376005e-15 1e-20
6523.792538 3.396189825e-15 1e-20
6523.904936 3.345589983e-15 1e-20
6524.017334 3.342138535e-15 1e-20
6524.129732 3.342881807e-15 1e-20
6524.24213 3.398768617e-15 1e-20
6524.354528 3.452306605e-15 1e-20
6524.466926 3.474973207e-15 1e-20
6524.579324 3.496175712e-15 1e-20
6524.691722 3.49813617e-15 1e-20
6524.80412 3.498122617e-15 1e-20
6524.916518 3.472168045e-15 1e-20
6525.028916 3.44639495e-15 1e-20
6525.141314 3.423007312e-15 1e-20
6525.253712 3.398996045e-15 1e-20
6525.36611 3.366790582e-15 1e-20
6525.478508 3.335249193e-15 1e-20
6525.590906 3.312433513e-15 1e-20
6525.703304 3.295976298e-15 1e-20
6525.815702 3.363038438e-15 1e-20
6525.9281 3.429445609e-15 1e-20
6526.040498 3.487248832e-15 1e-20
6526.152896 3.536021412e-15 1e-20
6526.265294 3.466195616e-15 1e-20
6526.377692 3.399161217e-15 1e-20
6526.49009 3.368780474e-15 1e-20
6526.602488 3.344221813e-15 1e-20
6526.714886 3.396105545e-15 1e-20
6526.827284 3.444519831e-15 1e-20
6526.939682 3.447385344e-15 1e-20
6527.05208 3.451794362e-15 1e-20
6527.164478 3.476466526e-15 1e-20
6527.276876 3.503835854e-15 1e-20
6527.389274 3.566611372e-15 1e-20
6527.501672 3.620530948e-15 1e-20
6527.61407 3.55822744e-15 1e-20
6527.726468 3.49437132e-15 1e-20
6527.838866 3.410143422e-15 1e-20
6527.951264 3.334331644e-15 1e-20
6528.063662 3.368953269e-15 1e-20
6528.17606 3.40173662e-15 1e-20
6528.288458 3.410400073e-15 1e-20
6528.400856 3.417573807e-15 1e-20
6528.513254 3.405203315e-15 1e-20
6528.625652 3.39423085e-15 1e-20
6528.73805 3.401599401e-15 1e-20
6528.850448 3.404550252e-15 1e-20
6528.962846 3.349557697e-15 1e-20
6529.075244 3.303339979e-15 1e-20
6529.187642 3.372206299e-15 1e-20
6529.30004 3.445939882e-15 1e-20
6529.412438 3.583501632e-15 1e-20
6529.524836 3.708191235e-15 1e-20
6529.637234 3.6640947e-15 1e-20
6529.749632 3.616152635e-15 1e-20
6529.86203 3.517795381e-15 1e-20
6529.974428 3.426023173e-15 1e-20
6530.086826 3.420580139e-15 1e-20
6530.199224 3.419365917e-15 1e-20
6530.311622 3.473581532e-15 1e-20
6530.42402 3.523808891e-15 1e-20
6530.536418 3.521762883e-15 1e-20
6530.648816 3.518073419e-15 1e-20
6530.761214 3.492843696e-15 1e-20
6530.873612 3.465194635e-15 1e-20
6530.98601 3.40583986e-15 1e-20
6531.098408 3.350920573e-15 1e-20
6531.210806 3.354114522e-15 1e-20
6531.323204 3.362760399e-15 1e-20
6531.435602 3.442832753e-15 1e-20
6531.548 3.516105974e-15 1e-20
6531.660398 3.500314527e-15 1e-20
6531.772796 3.482867765e-15 1e-20
6531.885194 3.443741196e-15 1e-20
6531.997592 3.406679269e-15 1e-20
6532.10999 3.396659717e-15 1e-20
6532.222388 3.388700995e-15 1e-20
6532.334786 3.407730014e-15 1e-20
6532.447184 3.426059383e-15 1e-20
6532.559582 3.435225974e-15 1e-20
6532.67198 3.447354215e-15 1e-20
6532.784378 3.498260895e-15 1e-20
6532.896776 3.548150924e-15 1e-20
6533.009174 3.584730677e-15 1e-20
6533.121572 3.612875041e-15 1e-20
6533.23397 3.530600613e-15 1e-20
6533.346368 3.453797383e-15 1e-20
6533.458766 3.448604436e-15 1e-20
6533.571164 3.444381129e-15 1e-20
6533.683562 3.452850824e-15 1e-20
6533.79596 3.460231657e-15 1e-20
6533.908358 3.453365608e-15 1e-20
6534.020756 3.451043467e-15 1e-20
6534.133154 3.508176051e-15 1e-20
6534.245552 3.559215927e-15 1e-20
6534.35795 3.530541956e-15 1e-20
6534.470348 3.501264262e-15 1e-20
6534.582746 3.464090527e-15 1e-20
6534.695144 3.428350396e-15 1e-20
6534.807542 3.411359762e-15 1e-20
6534.91994 3.396627106e-15 1e-20
6535.032338 3.41142456e-15 1e-20
6535.144736 3.428950095e-15 1e-20
6535.257134 3.48215287e-15 1e-20
6535.369532 3.526573395e-15 1e-20
6535.48193 3.456154676e-15 1e-20
6535.594328 3.385026566e-15 1e-20
6535.706726 3.304623234e-15 1e-20
6535.819124 3.234843813e-15 1e-20
6535.931522 3.303958737e-15 1e-20
6536.04392 3.372669414e-15 1e-20
6536.156318 3.436099688e-15 1e-20
6536.268716 3.491237933e-15 1e-20
6536.381114 3.437992807e-15 1e-20
6536.493512 3.387840198e-15 1e-20
6536.60591 3.378105672e-15 1e-20
6536.718308 3.374016408e-15 1e-20
6536.830706 3.443703291e-15 1e-20
6536.943104 3.512195222e-15 1e-20
6537.055502 3.565076972e-15 1e-20
6537.1679 3.614757995e-15 1e-20
6537.280298 3.622618037e-15 1e-20
6537.392696 3.627173804e-15 1e-20
6537.505094 3.588566889e-15 1e-20
6537.617492 3.550579579e-15 1e-20
6537.72989 3.520690539e-15 1e-20
6537.842288 3.489783578e-15 1e-20
6537.954686 3.445581375e-15 1e-20
6538.067084 3.40466439e-15 1e-20
6538.179482 3.406650894e-15 1e-20
6538.29188 3.413238057e-15 1e-20
6538.404278 3.479903785e-15 1e-20
6538.516676 3.542783276e-15 1e-20
6538.629074 3.556226748e-15 1e-20
6538.741472 3.566768496e-15 1e-20
6538.85387 3.539423944e-15 1e-20
6538.966268 3.512728006e-15 1e-20
6539.078666 3.494498375e-15 1e-20
6539.191064 3.47832301e-15 1e-20
6539.303462 3.488962591e-15 1e-20
6539.41586 3.49911661e-15 1e-20
6539.528258 3.50293207e-15 1e-20
6539.640656 3.506903808e-15 1e-20
6539.753054 3.512913718e-15 1e-20
6539.865452 3.519421049e-15 1e-20
6539.97785 3.532416017e-15 1e-20
6540.090248 3.544336735e-15 1e-20
6540.202646 3.542240328e-15 1e-20
6540.315044 3.538391622e-15 1e-20
6540.427442 3.511684462e-15 1e-20
6540.53984 3.488102641e-15 1e-20
6540.652238 3.505288092e-15 1e-20
6540.764636 3.52158183e-15 1e-20
6540.877034 3.526243476e-15 1e-20
6540.989432 3.523249214e-15 1e-20
6541.10183 3.420405862e-15 1e-20
6541.214228 3.321979151e-15 1e-20
6541.326626 3.281150045e-15 1e-20
6541.439024 3.2477977e-15 1e-20
6541.551422 3.31194054e-15 1e-20
6541.66382 3.37585087e-15 1e-20
6541.776218 3.436732634e-15 1e-20
6541.888616 3.491874902e-15 1e-20
6542.001014 3.472194303e-15 1e-20
6542.113412 3.453884839e-15 1e-20
6542.22581 3.453446711e-15 1e-20
6542.338208 3.454502538e-15 1e-20
6542.450606 3.475028052e-15 1e-20
6542.563004 3.491160006e-15 1e-20
6542.675402 3.450030416e-15 1e-20
6542.7878 3.41059235e-15 1e-20
6542.900198 3.393199375e-15 1e-20
6543.012596 3.378875836e-15 1e-20
6543.124994 3.404549405e-15 1e-20
6543.237392 3.427662393e-15 1e-20
6543.34979 3.41741393e-15 1e-20
6543.462188 3.405871624e-15 1e-20
6543.574586 3.377473997e-15 1e-20
6543.686984 3.353348805e-15 1e-20
6543.799382 3.384874736e-15 1e-20
6543.91178 3.411843841e-15 1e-20
6544.024178 3.379458807e-15 1e-20
6544.136576 3.342272366e-15 1e-20
6544.248974 3.242559013e-15 1e-20
6544.361372 3.148056606e-15 1e-20
6544.47377 3.121408525e-15 1e-20
6544.586168 3.100877294e-15 1e-20
6544.698566 3.159991935e-15 1e-20
6544.810964 3.222716419e-15 1e-20
6544.923362 3.332436408e-15 1e-20
6545.03576 3.435972422e-15 1e-20
6545.148158 3.459010024e-15 1e-20
6545.260556 3.478632601e-15 1e-20
6545.372954 3.453805006e-15 1e-20
6545.485352 3.432163526e-15 1e-20
6545.59775 3.451988121e-15 1e-20
6545.710148 3.468631683e-15 1e-20
6545.822546 3.443878627e-15 1e-20
6545.934944 3.420305912e-15 1e-20
6546.047342 3.412093292e-15 1e-20
6546.15974 3.408653703e-15 1e-20
6546.272138 3.467312852e-15 1e-20
6546.384536 3.521871515e-15 1e-20
6546.496934 3.523082984e-15 1e-20
6546.609332 3.517972411e-15 1e-20
6546.72173 3.430623197e-15 1e-20
6546.834128 3.349945003e-15 1e-20
6546.946526 3.356037499e-15 1e-20
6547.058924 3.365842752e-15 1e-20
6547.171322 3.423935025e-15 1e-20
6547.28372 3.47617684e-15 1e-20
6547.396118 3.45234091e-15 1e-20
6547.508516 3.427681663e-15 1e-20
6547.620914 3.392321214e-15 1e-20
6547.733312 3.359594402e-15 1e-20
6547.84571 3.361110803e-15 1e-20
6547.958108 3.361981764e-15 1e-20
6548.070506 3.354461382e-15 1e-20
6548.182904 3.344301222e-15 1e-20
6548.295302 3.299829028e-15 1e-20
6548.4077 3.259204481e-15 1e-20
6548.520098 3.268588547e-15 1e-20
6548.632496 3.282969896e-15 1e-20
6548.744894 3.362296649e-15 1e-20
6548.857292 3.437882904e-15 1e-20
6548.96969 3.464864504e-15 1e-20
6549.082088 3.492905529e-15 1e-20
6549.194486 3.534712323e-15 1e-20
6549.306884 3.573203406e-15 1e-20
6549.419282 3.568617569e-15 1e-20
6549.53168 3.555879888e-15 1e-20
6549.644078 3.437235771e-15 1e-20
6549.756476 3.326231468e-15 1e-20
6549.868874 3.314457922e-15 1e-20
6549.981272 3.307128546e-15 1e-20
6550.09367 3.357520654e-15 1e-20
6550.206068 3.401994118e-15 1e-20
6550.318466 3.369601461e-15 1e-20
6550.430864 3.341583517e-15 1e-20
6550.543262 3.370371626e-15 1e-20
6550.65566 3.397463763e-15 1e-20
6550.768058 3.402535161e-15 1e-20
6550.880456 3.405179598e-15 1e-20
6550.992854 3.376313985e-15 1e-20
6551.105252 3.347324283e-15 1e-20
6551.21765 3.316722676e-15 1e-20
6551.330048 3.289805875e-15 1e-20
6551.442446 3.310718483e-15 1e-20
6551.554844 3.334836476e-15 1e-20
6551.667242 3.40055628e-15 1e-20
6551.77964 3.456905782e-15 1e-20
6551.892038 3.391658622e-15 1e-20
6552.004436 3.328495376e-15 1e-20
6552.116834 3.292372173e-15 1e-20
6552.229232 3.263552301e-15 1e-20
6552.34163 3.329488522e-15 1e-20
6552.454028 3.391562696e-15 1e-20
6552.566426 3.403532119e-15 1e-20
6552.678824 3.412157879e-15 1e-20
6552.791222 3.37740814e-15 1e-20
6552.90362 3.344231342e-15 1e-20
6553.016018 3.331453215e-15 1e-20
6553.128416 3.319053499e-15 1e-20
6553.240814 3.311559587e-15 1e-20
6553.353212 3.30118301e-15 1e-20
6553.46561 3.253428986e-15 1e-20
6553.578008 3.211072469e-15 1e-20
6553.690406 3.238704589e-15 1e-20
6553.802804 3.268574994e-15 1e-20
6553.915202 3.327466231e-15 1e-20
6554.0276 3.382442269e-15 1e-20
6554.139998 3.386664304e-15 1e-20
6554.252396 3.392635251e-15 1e-20
6554.364794 3.421275341e-15 1e-20
6554.477192 3.446461654e-15 1e-20
6554.58959 3.426883546e-15 1e-20
6554.701988 3.409806092e-15 1e-20
6554.814386 3.425135059e-15 1e-20
6554.926784 3.440435015e-15 1e-20
6555.039182 3.455357618e-15 1e-20
6555.15158 3.463337939e-15 1e-20
6555.263978 3.381369713e-15 1e-20
6555.376376 3.304660927e-15 1e-20
6555.488774 3.296091495e-15 1e-20
6555.601172 3.297796149e-15 1e-20
6555.71357 3.432595725e-15 1e-20
6555.825968 3.550003597e-15 1e-20
6555.938366 3.442144327e-15 1e-20
6556.050764 3.332047832e-15 1e-20
6556.163162 3.192976245e-15 1e-20
6556.27556 3.072825257e-15 1e-20
6556.387958 3.197695066e-15 1e-20
6556.500356 3.318452106e-15 1e-20
6556.612754 3.385950891e-15 1e-20
6556.725152 3.442510881e-15 1e-20
6556.83755 3.357443574e-15 1e-20
6556.949948 3.278031905e-15 1e-20
6557.062346 3.271838401e-15 1e-20
6557.174744 3.271459353e-15 1e-20
6557.287142 3.34634596e-15 1e-20
6557.39954 3.414199228e-15 1e-20
6557.511938 3.39101403e-15 1e-20
6557.624336 3.367934712e-15 1e-20
6557.736734 3.346222716e-15 1e-20
6557.849132 3.327126147e-15 1e-20
6557.96153 3.341877649e-15 1e-20
6558.073928 3.3613935e-15 1e-20
6558.186326 3.442554715e-15 1e-20
6558.298724 3.520232083e-15 1e-20
6558.411122 3.55283311e-15 1e-20
6558.52352 3.576558503e-15 1e-20
6558.635918 3.485461169e-15 1e-20
6558.748316 3.398444415e-15 1e-20
6558.860714 3.36421179e-15 1e-20
6558.973112 3.33292197e-15 1e-20
6559.08551 3.339694633e-15 1e-20
6559.197908 3.349458382e-15 1e-20
6559.310306 3.397906973e-15 1e-20
6559.422704 3.441696459e-15 1e-20
6559.535102 3.425236491e-15 1e-20
6559.6475 3.407347155e-15 1e-20
6559.759898 3.370978101e-15 1e-20
6559.872296 3.342944275e-15 1e-20
6559.984694 3.422676545e-15 1e-20
6560.097092 3.493025596e-15 1e-20
6560.20949 3.442074447e-15 1e-20
6560.321888 3.386652446e-15 1e-20
6560.434286 3.273442681e-15 1e-20
6560.546684 3.165027969e-15 1e-20
6560.659082 3.118589388e-15 1e-20
6560.77148 3.078458026e-15 1e-20
6560.883878 3.119837703e-15 1e-20
6560.996276 3.167603797e-15 1e-20
6561.108674 3.29789631e-15 1e-20
6561.221072 3.424096596e-15 1e-20
6561.33347 3.497423815e-15 1e-20
6561.445868 3.558786482e-15 1e-20
6561.558266 3.465575588e-15 1e-20
6561.670664 3.375582996e-15 1e-20
6561.783062 3.327163416e-15 1e-20
6561.89546 3.285865901e-15 1e-20
6562.007858 3.336561035e-15 1e-20
6562.120256 3.383300948e-15 1e-20
6562.232654 3.378958422e-15 1e-20
6562.345052 3.375521374e-15 1e-20
6562.45745 3.383776346e-15 1e-20
6562.569848 3.390992008e-15 1e-20
6562.682246 3.384787491e-15 1e-20
6562.794644 3.378712783e-15 1e-20
6562.907042 3.374313717e-15 1e-20
6563.01944 3.370244359e-15 1e-20
6563.131838 3.370430918e-15 1e-20
6563.244236 3.371273292e-15 1e-20
6563.356634 3.380581761e-15 1e-20
6563.469032 3.389974297e-15 1e-20
6563.58143 3.400450401e-15 1e-20
6563.693828 3.411171509e-15 1e-20
6563.806226 3.425055437e-15 1e-20
6563.918624 3.435016757e-15 1e-20
6564.031022 3.394357693e-15 1e-20
6564.14342 3.351913084e-15 1e-20
6564.255818 3.286431508e-15 1e-20
6564.368216 3.22812663e-15 1e-20
6564.480614 3.2624177e-15 1e-20
6564.593012 3.300228827e-15 1e-20
6564.70541 3.383449603e-15 1e-20
6564.817808 3.458644106e-15 1e-20
6564.930206 3.430303865e-15 1e-20
6565.042604 3.408192494e-15 1e-20
6565.155002 3.466415633e-15 1e-20
6565.2674 3.521132055e-15 1e-20
6565.379798 3.530624542e-15 1e-20
6565.492196 3.535939038e-15 1e-20
6565.604594 3.487375887e-15 1e-20
6565.716992 3.442429989e-15 1e-20
6565.82939 3.444123843e-15 1e-20
6565.941788 3.439589464e-15 1e-20
6566.054186 3.354754667e-15 1e-20
6566.166584 3.275181216e-15 1e-20
6566.278982 3.263433293e-15 1e-20
6566.39138 3.260442631e-15 1e-20
6566.503778 3.37033245e-15 1e-20
6566.616176 3.47372828e-15 1e-20
6566.728574 3.493426878e-15 1e-20
6566.840972 3.509779061e-15 1e-20
6566.95337 3.483007102e-15 1e-20
6567.065768 3.460275279e-15 1e-20
6567.178166 3.489606336e-15 1e-20
6567.290564 3.51687148e-15 1e-20
6567.402962 3.517515436e-15 1e-20
6567.51536 3.515693257e-15 1e-20
6567.627758 3.482100777e-15 1e-20
6567.740156 3.449778e-15 1e-20
6567.852554 3.433814393e-15 1e-20
6567.964952 3.421019326e-15 1e-20
6568.07735 3.449033246e-15 1e-20
6568.189748 3.473764702e-15 1e-20
6568.302146 3.456218627e-15 1e-20
6568.414544 3.445523142e-15 1e-20
6568.526942 3.523046985e-15 1e-20
6568.63934 3.593761742e-15 1e-20
6568.751738 3.576803296e-15 1e-20
6568.864136 3.557019994e-15 1e-20
6568.976534 3.500867851e-15 1e-20
6569.088932 3.447752109e-15 1e-20
6569.20133 3.433728208e-15 1e-20
6569.313728 3.420546893e-15 1e-20
6569.426126 3.418214799e-15 1e-20
6569.538524 3.421858523e-15 1e-20
6569.650922 3.502414321e-15 1e-20
6569.76332 3.574218151e-15 1e-20
6569.875718 3.533389046e-15 1e-20
6569.988116 3.491242592e-15 1e-20
6570.100514 3.432144468e-15 1e-20
6570.212912 3.381287975e-15 1e-20
6570.32531 3.4364781e-15 1e-20
6570.437708 3.487760651e-15 1e-20
6570.550106 3.488767562e-15 1e-20
6570.662504 3.488420702e-15 1e-20
6570.774902 3.470655668e-15 1e-20
6570.8873 3.455179105e-15 1e-20
6570.999698 3.469140114e-15 1e-20
6571.112096 3.482100142e-15 1e-20
6571.224494 3.482184633e-15 1e-20
6571.336892 3.478558062e-15 1e-20
6571.44929 3.427207536e-15 1e-20
6571.561688 3.379800585e-15 1e-20
6571.674086 3.383106554e-15 1e-20
6571.786484 3.388774264e-15 1e-20
6571.898882 3.424809374e-15 1e-20
6572.01128 3.456706306e-15 1e-20
6572.123678 3.435400886e-15 1e-20
6572.236076 3.416563932e-15 1e-20
6572.348474 3.429463609e-15 1e-20
6572.460872 3.445806474e-15 1e-20
6572.57327 3.506409776e-15 1e-20
6572.685668 3.555805773e-15 1e-20
6572.798066 3.461159793e-15 1e-20
6572.910464 3.368352299e-15 1e-20
6573.022862 3.299171095e-15 1e-20
6573.13526 3.242357419e-15 1e-20
6573.247658 3.344465335e-15 1e-20
6573.360056 3.438553755e-15 1e-20
6573.472454 3.429603157e-15 1e-20
6573.584852 3.423862603e-15 1e-20
6573.69725 3.459362389e-15 1e-20
6573.809648 3.494156597e-15 1e-20
6573.922046 3.519890729e-15 1e-20
6574.034444 3.541520562e-15 1e-20
6574.146842 3.510435088e-15 1e-20
6574.25924 3.479880492e-15 1e-20
6574.371638 3.456144723e-15 1e-20
6574.484036 3.432241453e-15 1e-20
6574.596434 3.40618439e-15 1e-20
6574.708832 3.383151447e-15 1e-20
6574.82123 3.398950517e-15 1e-20
6574.933628 3.418536248e-15 1e-20
6575.046026 3.486738494e-15 1e-20
6575.158424 3.550136369e-15 1e-20
6575.270822 3.55185627e-15 1e-20
6575.38322 3.553578499e-15 1e-20
6575.495618 3.555330587e-15 1e-20
6575.608016 3.552797112e-15 1e-20
6575.720414 3.495259434e-15 1e-20
6575.832812 3.439073621e-15 1e-20
6575.94521 3.400237584e-15 1e-20
6576.057608 3.365327968e-15 1e-20
6576.170006 3.380806648e-15 1e-20
6576.282404 3.395363333e-15 1e-20
6576.394802 3.398091838e-15 1e-20
6576.5072 3.403868391e-15 1e-20
6576.619598 3.448750549e-15 1e-20
6576.731996 3.490552684e-15 1e-20
6576.844394 3.49284412e-15 1e-20
6576.956792 3.493266577e-15 1e-20
6577.06919 3.469713556e-15 1e-20
6577.181588 3.454922031e-15 1e-20
6577.293986 3.552507426e-15 1e-20
6577.406384 3.647362834e-15 1e-20
6577.518782 3.707206983e-15 1e-20
6577.63118 3.759823822e-15 1e-20
6577.743578 3.719764246e-15 1e-20
6577.855976 3.679884664e-15 1e-20
6577.968374 3.642313247e-15 1e-20
6578.080772 3.601382074e-15 1e-20
6578.19317 3.517380758e-15 1e-20
6578.305568 3.437428471e-15 1e-20
6578.417966 3.409381305e-15 1e-20
6578.530364 3.384433643e-15 1e-20
6578.642762 3.399212674e-15 1e-20
6578.75516 3.413542354e-15 1e-20
6578.867558 3.422114539e-15 1e-20
6578.979956 3.431709093e-15 1e-20
6579.092354 3.454409153e-15 1e-20
6579.204752 3.478965061e-15 1e-20
6579.31715 3.527302267e-15 1e-20
6579.429548 3.574159282e-15 1e-20
6579.541946 3.602052077e-15 1e-20
6579.654344 3.622204685e-15 1e-20
6579.766742 3.543198322e-15 1e-20
6579.87914 3.465217081e-15 1e-20
6579.991538 3.400365909e-15 1e-20
6580.103936 3.343480871e-15 1e-20
6580.216334 3.388633021e-15 1e-20
6580.328732 3.433909049e-15 1e-20
6580.44113 3.480771571e-15 1e-20
6580.553528 3.527922295e-15 1e-20
6580.665926 3.578759942e-15 1e-20
6580.778324 3.623466764e-15 1e-20
6580.890722 3.589668456e-15 1e-20
6581.00312 3.558138501e-15 1e-20
6581.115518 3.55564653e-15 1e-20
6581.227916 3.557561248e-15 1e-20
6581.340314 3.615891749e-15 1e-20
6581.452712 3.666684926e-15 1e-20
6581.56511 3.620989193e-15 1e-20
6581.677508 3.574380358e-15 1e-20
6581.789906 3.516082257e-15 1e-20
6581.902304 3.464462375e-15 1e-20
6582.014702 3.498315105e-15 1e-20
6582.1271 3.531601171e-15 1e-20
6582.239498 3.557638328e-15 1e-20
6582.351896 3.576835483e-15 1e-20
6582.464294 3.508511053e-15 1e-20
6582.576692 3.441771844e-15 1e-20
6582.68909 3.395310605e-15 1e-20
6582.801488 3.359304928e-15 1e-20
6582.913886 3.457054225e-15 1e-20
6583.026284 3.549482883e-15 1e-20
6583.138682 3.573850539e-15 1e-20
6583.25108 3.593752425e-15 1e-20
6583.363478 3.55653888e-15 1e-20
6583.475876 3.519843506e-15 1e-20
6583.588274 3.489777437e-15 1e-20
6583.700672 3.460665126e-15 1e-20
6583.81307 3.443748608e-15 1e-20
6583.925468 3.431785961e-15 1e-20
6584.037866 3.483168674e-15 1e-20
6584.150264 3.534503953e-15 1e-20
6584.262662 3.585233391e-15 1e-20
6584.37506 3.62927741e-15 1e-20
6584.487458 3.587862158e-15 1e-20
6584.599856 3.54421328e-15 1e-20
6584.712254 3.472012191e-15 1e-20
6584.824652 3.41058515e-15 1e-20
6584.93705 3.486865337e-15 1e-20
6585.049448 3.564676749e-15 1e-20
6585.161846 3.662055468e-15 1e-20
6585.274244 3.748182201e-15 1e-20
6585.386642 3.690519163e-15 1e-20
6585.49904 3.633734921e-15 1e-20
6585.611438 3.588173443e-15 1e-20
6585.723836 3.545306587e-15 1e-20
6585.836234 3.536871198e-15 1e-20
6585.948632 3.526784306e-15 1e-20
6586.06103 3.495602694e-15 1e-20
6586.173428 3.468257294e-15 1e-20
6586.285826 3.489911691e-15 1e-20
6586.398224 3.511979441e-15 1e-20
6586.510622 3.539322511e-15 1e-20
6586.62302 3.565527593e-15 1e-20
6586.735418 3.577201401e-15 1e-20
6586.847816 3.593410224e-15 1e-20
6586.960214 3.667534077e-15 1e-20
6587.072612 3.734298908e-15 1e-20
6587.18501 3.707103221e-15 1e-20
6587.297408 3.673873272e-15 1e-20
6587.409806 3.563602711e-15 1e-20
6587.522204 3.456126512e-15 1e-20
6587.634602 3.384320353e-15 1e-20
6587.747 3.312187238e-15 1e-20
6587.859398 3.235882487e-15 1e-20
6587.971796 3.162038367e-15 1e-20
6588.084194 3.119597569e-15 1e-20
6588.196592 3.079178216e-15 1e-20
6588.30899 3.064553768e-15 1e-20
6588.421388 3.055323862e-15 1e-20
6588.533786 3.114930629e-15 1e-20
6588.646184 3.178247189e-15 1e-20
6588.758582 3.288897009e-15 1e-20
6588.87098 3.391736973e-15 1e-20
6588.983378 3.394942569e-15 1e-20
6589.095776 3.39621333e-15 1e-20
6589.208174 3.372804304e-15 1e-20
6589.320572 3.354099488e-15 1e-20
6589.43297 3.395397002e-15 1e-20
6589.545368 3.430020956e-15 1e-20
6589.657766 3.379531864e-15 1e-20
6589.770164 3.333604467e-15 1e-20
6589.882562 3.345850022e-15 1e-20
6589.99496 3.360022789e-15 1e-20
6590.107358 3.398768829e-15 1e-20
6590.219756 3.436740257e-15 1e-20
6590.332154 3.464835493e-15 1e-20
6590.444552 3.488581426e-15 1e-20
6590.55695 3.456882277e-15 1e-20
6590.669348 3.42615658e-15 1e-20
6590.781746 3.407840128e-15 1e-20
6590.894144 3.388911695e-15 1e-20
6591.006542 3.362184417e-15 1e-20
6591.11894 3.332381986e-15 1e-20
6591.231338 3.263384165e-15 1e-20
6591.343736 3.202383816e-15 1e-20
6591.456134 3.243295508e-15 1e-20
6591.568532 3.283679498e-15 1e-20
6591.68093 3.317340587e-15 1e-20
6591.793328 3.35006507e-15 1e-20
6591.905726 3.370856129e-15 1e-20
6592.018124 3.389880912e-15 1e-20
6592.130522 3.386402359e-15 1e-20
6592.24292 3.386498498e-15 1e-20
6592.355318 3.432129645e-15 1e-20
6592.467716 3.477952433e-15 1e-20
6592.580114 3.526214465e-15 1e-20
6592.692512 3.567412242e-15 1e-20
6592.80491 3.518640508e-15 1e-20
6592.917308 3.476628309e-15 1e-20
6593.029706 3.520689904e-15 1e-20
6593.142104 3.560468265e-15 1e-20
6593.254502 3.545706599e-15 1e-20
6593.3669 3.529943951e-15 1e-20
6593.479298 3.501438539e-15 1e-20
6593.591696 3.472288112e-15 1e-20
6593.704094 3.434929936e-15 1e-20
6593.816492 3.400676982e-15 1e-20
6593.92889 3.405948492e-15 1e-20
6594.041288 3.415044779e-15 1e-20
6594.153686 3.472821531e-15 1e-20
6594.266084 3.526105833e-15 1e-20
6594.378482 3.522219434e-15 1e-20
6594.49088 3.510763949e-15 1e-20
6594.603278 3.402996582e-15 1e-20
6594.715676 3.306533082e-15 1e-20
6594.828074 3.353893235e-15 1e-20
6594.940472 3.400078977e-15 1e-20
6595.05287 3.431323058e-15 1e-20
6595.165268 3.460458238e-15 1e-20
6595.277666 3.462765768e-15 1e-20
6595.390064 3.465017605e-15 1e-20
6595.502462 3.466562593e-15 1e-20
6595.61486 3.463625718e-15 1e-20
6595.727258 3.403686067e-15 1e-20
6595.839656 3.349751032e-15 1e-20
6595.952054 3.3721775e-15 1e-20
6596.064452 3.396960202e-15 1e-20
6596.17685 3.451702459e-15 1e-20
6596.289248 3.498385833e-15 1e-20
6596.401646 3.442606595e-15 1e-20
6596.514044 3.386531956e-15 1e-20
6596.626442 3.326702419e-15 1e-20
6596.73884 3.274547e-15 1e-20
6596.851238 3.319947754e-15 1e-20
6596.963636 3.360648534e-15 1e-20
6597.076034 3.341611893e-15 1e-20
6597.188432 3.331653538e-15 1e-20
6597.30083 3.437070388e-15 1e-20
6597.413228 3.536617935e-15 1e-20
6597.525626 3.561579149e-15 1e-20
6597.638024 3.576715628e-15 1e-20
6597.750422 3.467017238e-15 1e-20
6597.86282 3.363803309e-15 1e-20
6597.975218 3.342976886e-15 1e-20
6598.087616 3.329323562e-15 1e-20
6598.200014 3.406800395e-15 1e-20
6598.312412 3.478726198e-15 1e-20
6598.42481 3.480140743e-15 1e-20
6598.537208 3.477164269e-15 1e-20
6598.649606 3.41841597e-15 1e-20
6598.762004 3.367672979e-15 1e-20
6598.874402 3.418595117e-15 1e-20
6598.9868 3.46896012e-15 1e-20
6599.099198 3.512251338e-15 1e-20
6599.211596 3.551158526e-15 1e-20
6599.323994 3.534401038e-15 1e-20
6599.436392 3.515561755e-15 1e-20
6599.54879 3.470292714e-15 1e-20
6599.661188 3.426843524e-15 1e-20
6599.773586 3.406500969e-15 1e-20
6599.885984 3.395372227e-15 1e-20
6599.998382 3.5012001e-15 1e-20
6600.11078 3.598869775e-15 1e-20
6600.223178 3.592995601e-15 1e-20
6600.335576 3.580316365e-15 1e-20
6600.447974 3.481278308e-15 1e-20
6600.560372 3.38944342e-15 1e-20
6600.67277 3.389011433e-15 1e-20
6600.785168 3.38778027e-15 1e-20
6600.897566 3.376409277e-15 1e-20
6601.009964 3.365719721e-15 1e-20
6601.122362 3.363676677e-15 1e-20
6601.23476 3.365201337e-15 1e-20
6601.347158 3.41198339e-15 1e-20
6601.459556 3.452738168e-15 1e-20
6601.571954 3.417038694e-15 1e-20
6601.684352 3.387821987e-15 1e-20
6601.79675 3.440832273e-15 1e-20
6601.909148 3.485720361e-15 1e-20
6602.021546 3.42760416e-15 1e-20
6602.133944 3.373053756e-15 1e-20
6602.246342 3.363721358e-15 1e-20
6602.35874 3.363600021e-15 1e-20
6602.471138 3.480271398e-15 1e-20
6602.583536 3.588066716e-15 1e-20
6602.695934 3.583327991e-15 1e-20
6602.808332 3.571351368e-15 1e-20
6602.92073 3.467617573e-15 1e-20
6603.033128 3.375114375e-15 1e-20
6603.145526 3.424968193e-15 1e-20
6603.257924 3.470084344e-15 1e-20
6603.370322 3.455155812e-15 1e-20
6603.48272 3.434362e-15 1e-20
6603.595118 3.3392402e-15 1e-20
6603.707516 3.253363553e-15 1e-20
6603.819914 3.284638127e-15 1e-20
6603.932312 3.317410255e-15 1e-20
6604.04471 3.36915698e-15 1e-20
6604.157108 3.421784408e-15 1e-20
6604.269506 3.485570224e-15 1e-20
6604.381904 3.54464569e-15 1e-20
6604.494302 3.544053614e-15 1e-20
6604.6067 3.537633739e-15 1e-20
6604.719098 3.457394944e-15 1e-20
6604.831496 3.385853482e-15 1e-20
6604.943894 3.424464632e-15 1e-20
6605.056292 3.465529213e-15 1e-20
6605.16869 3.537664021e-15 1e-20
6605.281088 3.602465006e-15 1e-20
6605.393486 3.57439984e-15 1e-20
6605.505884 3.544623244e-15 1e-20
6605.618282 3.493178062e-15 1e-20
6605.73068 3.445245315e-15 1e-20
6605.843078 3.441779891e-15 1e-20
6605.955476 3.433433652e-15 1e-20
6606.067874 3.363303771e-15 1e-20
6606.180272 3.300138407e-15 1e-20
6606.29267 3.325123549e-15 1e-20
6606.405068 3.341916189e-15 1e-20
6606.517466 3.255025432e-15 1e-20
6606.629864 3.177806732e-15 1e-20
6606.742262 3.222987893e-15 1e-20
6606.85466 3.272779454e-15 1e-20
6606.967058 3.380909351e-15 1e-20
6607.079456 3.48363793e-15 1e-20
6607.191854 3.51802768e-15 1e-20
6607.304252 3.54831779e-15 1e-20
6607.41665 3.52674619e-15 1e-20
6607.529048 3.511605052e-15 1e-20
6607.641446 3.577806183e-15 1e-20
6607.753844 3.633515116e-15 1e-20
6607.866242 3.556515163e-15 1e-20
6607.97864 3.484876716e-15 1e-20
6608.091038 3.481051727e-15 1e-20
6608.203436 3.474042317e-15 1e-20
6608.315834 3.426763691e-15 1e-20
6608.428232 3.377314331e-15 1e-20
6608.54063 3.300419622e-15 1e-20
6608.653028 3.229304853e-15 1e-20
6608.765426 3.231266369e-15 1e-20
6608.877824 3.238978816e-15 1e-20
6608.990222 3.319395065e-15 1e-20
6609.10262 3.3939418e-15 1e-20
6609.215018 3.394292683e-15 1e-20
6609.327416 3.395533163e-15 1e-20
6609.439814 3.408014617e-15 1e-20
6609.552212 3.42092234e-15 1e-20
6609.66461 3.439215287e-15 1e-20
6609.777008 3.453970178e-15 1e-20
6609.889406 3.424013163e-15 1e-20
6610.001804 3.394399409e-15 1e-20
6610.114202 3.369123734e-15 1e-20
6610.2266 3.345662404e-15 1e-20
6610.338998 3.345121362e-15 1e-20
6610.451396 3.343060107e-15 1e-20
6610.563794 3.321795557e-15 1e-20
6610.676192 3.307614108e-15 1e-20
6610.78859 3.382902843e-15 1e-20
6610.900988 3.460473697e-15 1e-20
6611.013386 3.566869717e-15 1e-20
6611.125784 3.661045805e-15 1e-20
6611.238182 3.600896301e-15 1e-20
6611.35058 3.544699265e-15 1e-20
6611.462978 3.538406657e-15 1e-20
6611.575376 3.533764916e-15 1e-20
6611.687774 3.549966963e-15 1e-20
6611.800172 3.559565752e-15 1e-20
6611.91257 3.485797652e-15 1e-20
6612.024968 3.415192586e-15 1e-20
6612.137366 3.384518982e-15 1e-20
6612.249764 3.354720786e-15 1e-20
6612.362162 3.335971712e-15 1e-20
6612.47456 3.317320682e-15 1e-20
6612.586958 3.299906955e-15 1e-20
6612.699356 3.2886105e-15 1e-20
6612.811754 3.354510722e-15 1e-20
6612.924152 3.411335833e-15 1e-20
6613.03655 3.353644207e-15 1e-20
6613.148948 3.300093514e-15 1e-20
6613.261346 3.298794589e-15 1e-20
6613.373744 3.297333245e-15 1e-20
6613.486142 3.293823776e-15 1e-20
6613.59854 3.286866247e-15 1e-20
6613.710938 3.236412095e-15 1e-20
6613.823336 3.19538076e-15 1e-20
6613.935734 3.273206994e-15 1e-20
6614.048132 3.351698573e-15 1e-20
6614.16053 3.438579801e-15 1e-20
6614.272928 3.517771452e-15 1e-20
6614.385326 3.499988419e-15 1e-20
6614.497724 3.474562819e-15 1e-20
6614.610122 3.352765834e-15 1e-20
6614.72252 3.243058762e-15 1e-20
6614.834918 3.285785433e-15 1e-20
6614.947316 3.327253414e-15 1e-20
6615.059714 3.352853926e-15 1e-20
6615.172112 3.372449609e-15 1e-20
6615.28451 3.316345747e-15 1e-20
6615.396908 3.26680766e-15 1e-20
6615.509306 3.300025751e-15 1e-20
6615.621704 3.33494299e-15 1e-20
6615.734102 3.391274705e-15 1e-20
6615.8465 3.435719582e-15 1e-20
6615.958898 3.330364777e-15 1e-20
6616.071296 3.233408092e-15 1e-20
6616.183694 3.242277586e-15 1e-20
6616.296092 3.253539312e-15 1e-20
6616.40849 3.294939954e-15 1e-20
6616.520888 3.333679005e-15 1e-20
6616.633286 3.338887623e-15 1e-20
6616.745684 3.346180365e-15 1e-20
6616.858082 3.379730069e-15 1e-20
6616.97048 3.412188584e-15 1e-20
6617.082878 3.430904624e-15 1e-20
6617.195276 3.45019114e-15 1e-20
6617.307674 3.476661767e-15 1e-20
6617.420072 3.498254966e-15 1e-20
6617.53247 3.458427477e-15 1e-20
6617.644868 3.415707158e-15 1e-20
6617.757266 3.336562306e-15 1e-20
6617.869664 3.267278187e-15 1e-20
6617.982062 3.32214644e-15 1e-20
6618.09446 3.37549681e-15 1e-20
6618.206858 3.409738964e-15 1e-20
6618.319256 3.437527574e-15 1e-20
6618.431654 3.38408043e-15 1e-20
6618.544052 3.333017684e-15 1e-20
6618.65645 3.311967645e-15 1e-20
6618.768848 3.293725308e-15 1e-20
6618.881246 3.310820339e-15 1e-20
6618.993644 3.325225828e-15 1e-20
6619.106042 3.305785363e-15 1e-20
6619.21844 3.284256751e-15 1e-20
6619.330838 3.236454658e-15 1e-20
6619.443236 3.193909464e-15 1e-20
6619.555634 3.217508648e-15 1e-20
6619.668032 3.241411707e-15 1e-20
6619.78043 3.269137636e-15 1e-20
6619.892828 3.288762331e-15 1e-20
6620.005226 3.206476468e-15 1e-20
6620.117624 3.127900186e-15 1e-20
6620.230022 3.095980596e-15 1e-20
6620.34242 3.069772126e-15 1e-20
6620.454818 3.115392262e-15 1e-20
6620.567216 3.161942017e-15 1e-20
6620.679614 3.220180826e-15 1e-20
6620.792012 3.277955672e-15 1e-20
6620.90441 3.329898274e-15 1e-20
6621.016808 3.370587196e-15 1e-20
6621.129206 3.269785404e-15 1e-20
6621.241604 3.173856806e-15 1e-20
6621.354002 3.139193253e-15 1e-20
6621.4664 3.109826409e-15 1e-20
6621.578798 3.147042707e-15 1e-20
6621.691196 3.18707179e-15 1e-20
6621.803594 3.262459205e-15 1e-20
6621.915992 3.333029966e-15 1e-20
6622.02839 3.343069001e-15 1e-20
6622.140788 3.350467198e-15 1e-20
6622.253186 3.324680127e-15 1e-20
6622.365584 3.297108993e-15 1e-20
6622.477982 3.247120709e-15 1e-20
6622.59038 3.198989544e-15 1e-20
6622.702778 3.174189478e-15 1e-20
6622.815176 3.154530267e-15 1e-20
6622.927574 3.199453929e-15 1e-20
6623.039972 3.237642622e-15 1e-20
6623.15237 3.191229451e-15 1e-20
6623.264768 3.150778334e-15 1e-20
6623.377166 3.185211494e-15 1e-20
6623.489564 3.220389196e-15 1e-20
6623.601962 3.264918353e-15 1e-20
6623.71436 3.303827235e-15 1e-20
6623.826758 3.272160697e-15 1e-20
6623.939156 3.24640666e-15 1e-20
6624.051554 3.294892943e-15 1e-20
6624.163952 3.343097165e-15 1e-20
6624.27635 3.387761636e-15 1e-20
6624.388748 3.421366609e-15 1e-20
6624.501146 3.316130177e-15 1e-20
6624.613544 3.213492654e-15 1e-20
6624.725942 3.143475428e-15 1e-20
6624.83834 3.085295699e-15 1e-20
6624.950738 3.175692114e-15 1e-20
6625.063136 3.266776743e-15 1e-20
6625.175534 3.366501744e-15 1e-20
6625.287932 3.459842445e-15 1e-20
6625.40033 3.473072041e-15 1e-20
6625.512728 3.48268523e-15 1e-20
6625.625126 3.446923711e-15 1e-20
6625.737524 3.412313521e-15 1e-20
6625.849922 3.392149478e-15 1e-20
6625.96232 3.375754732e-15 1e-20
6626.074718 3.406647929e-15 1e-20
6626.187116 3.432277664e-15 1e-20
6626.299514 3.39188711e-15 1e-20
6626.411912 3.351414181e-15 1e-20
6626.52431 3.309908932e-15 1e-20
6626.636708 3.266743074e-15 1e-20
6626.749106 3.20275037e-15 1e-20
6626.861504 3.144502879e-15 1e-20
6626.973902 3.158298928e-15 1e-20
6627.0863 3.17649256e-15 1e-20
6627.198698 3.249824861e-15 1e-20
6627.311096 3.316299372e-15 1e-20
6627.423494 3.296796862e-15 1e-20
6627.535892 3.275966416e-15 1e-20
6627.64829 3.238491772e-15 1e-20
6627.760688 3.20288886e-15 1e-20
6627.873086 3.190746219e-15 1e-20
6627.985484 3.177912188e-15 1e-20
6628.097882 3.156411738e-15 1e-20
6628.21028 3.140692078e-15 1e-20
6628.322678 3.197419145e-15 1e-20
6628.435076 3.255709411e-15 1e-20
6628.547474 3.333583502e-15 1e-20
6628.659872 3.403677596e-15 1e-20
6628.77227 3.376288998e-15 1e-20
6628.884668 3.347655896e-15 1e-20
6628.997066 3.303429765e-15 1e-20
6629.109464 3.260706905e-15 1e-20
6629.221862 3.236816341e-15 1e-20
6629.33426 3.21740044e-15 1e-20
6629.446658 3.254034615e-15 1e-20
6629.559056 3.287898992e-15 1e-20
6629.671454 3.287072923e-15 1e-20
6629.783852 3.290338659e-15 1e-20
6629.89625 3.344846923e-15 1e-20
6630.008648 3.393185399e-15 1e-20
6630.121046 3.36426833e-15 1e-20
6630.233444 3.330393788e-15 1e-20
6630.345842 3.234446978e-15 1e-20
6630.45824 3.150349312e-15 1e-20
6630.570638 3.214596973e-15 1e-20
6630.683036 3.281303994e-15 1e-20
6630.795434 3.378796851e-15 1e-20
6630.907832 3.46631653e-15 1e-20
6631.02023 3.42900494e-15 1e-20
6631.132628 3.39039612e-15 1e-20
6631.245026 3.335551372e-15 1e-20
6631.357424 3.283326073e-15 1e-20
6631.469822 3.263878408e-15 1e-20
6631.58222 3.239869895e-15 1e-20
6631.694618 3.158788513e-15 1e-20
6631.807016 3.083516507e-15 1e-20
6631.919414 3.080929456e-15 1e-20
6632.031812 3.083277432e-15 1e-20
6632.14421 3.147365215e-15 1e-20
6632.256608 3.210935885e-15 1e-20
6632.369006 3.268037975e-15 1e-20
6632.481404 3.320840315e-15 1e-20
6632.593802 3.319857122e-15 1e-20
6632.7062 3.320851327e-15 1e-20
6632.818598 3.346573388e-15 1e-20
6632.930996 3.368530811e-15 1e-20
6633.043394 3.343406544e-15 1e-20
6633.155792 3.312347116e-15 1e-20
6633.26819 3.207069814e-15 1e-20
6633.380588 3.111352762e-15 1e-20
6633.492986 3.135169423e-15 1e-20
6633.605384 3.167955527e-15 1e-20
6633.717782 3.31287757e-15 1e-20
6633.83018 3.446495959e-15 1e-20
6633.942578 3.438812311e-15 1e-20
6634.054976 3.430815262e-15 1e-20
6634.167374 3.418899202e-15 1e-20
6634.279772 3.406929568e-15 1e-20
6634.39217 3.394290566e-15 1e-20
6634.504568 3.38042506e-15 1e-20
6634.616966 3.351231857e-15 1e-20
6634.729364 3.324434911e-15 1e-20
6634.841762 3.327577827e-15 1e-20
6634.95416 3.3284706e-15 1e-20
6635.066558 3.301246537e-15 1e-20
6635.178956 3.274912495e-15 1e-20
6635.291354 3.259699995e-15 1e-20
6635.403752 3.250058431e-15 1e-20
6635.51615 3.310008246e-15 1e-20
6635.628548 3.370599054e-15 1e-20
6635.740946 3.439197711e-15 1e-20
6635.853344 3.498224473e-15 1e-20
6635.965742 3.437706298e-15 1e-20
6636.07814 3.377007282e-15 1e-20
6636.190538 3.314048593e-15 1e-20
6636.302936 3.258840256e-15 1e-20
6636.415334 3.300408822e-15 1e-20
6636.527732 3.33413598e-15 1e-20
6636.64013 3.269959893e-15 1e-20
6636.752528 3.205933096e-15 1e-20
6636.864926 3.143772948e-15 1e-20
6636.977324 3.09208361e-15 1e-20
6637.089722 3.171100349e-15 1e-20
6637.20212 3.239834531e-15 1e-20
6637.314518 3.180226282e-15 1e-20
6637.426916 3.120153011e-15 1e-20
6637.539314 3.054274176e-15 1e-20
6637.651712 2.99385934e-15 1e-20
6637.76411 3.001628326e-15 1e-20
6637.876508 3.009815958e-15 1e-20
6637.988906 3.023226607e-15 1e-20
6638.101304 3.035605782e-15 1e-20
6638.213702 3.035118315e-15 1e-20
6638.3261 3.040740707e-15 1e-20
6638.438498 3.122585478e-15 1e-20
6638.550896 3.202406686e-15 1e-20
6638.663294 3.256985254e-15 1e-20
6638.775692 3.304821228e-15 1e-20
6638.88809 3.268555513e-15 1e-20
6639.000488 3.234534222e-15 1e-20
6639.112886 3.228500595e-15 1e-20
6639.225284 3.221083128e-15 1e-20
6639.337682 3.196405881e-15 1e-20
6639.45008 3.166740882e-15 1e-20
6639.562478 3.074881006e-15 1e-20
6639.674876 2.992164003e-15 1e-20
6639.787274 3.023435613e-15 1e-20
6639.899672 3.061000677e-15 1e-20
6640.01207 3.17702365e-15 1e-20
6640.124468 3.282772114e-15 1e-20
6640.236866 3.260447501e-15 1e-20
6640.349264 3.234803791e-15 1e-20
6640.461662 3.167789509e-15 1e-20
6640.57406 3.108918178e-15 1e-20
6640.686458 3.151528805e-15 1e-20
6640.798856 3.193944192e-15 1e-20
6640.911254 3.233928382e-15 1e-20
6641.023652 3.272163661e-15 1e-20
6641.13605 3.288607112e-15 1e-20
6641.248448 3.304972e-15 1e-20
6641.360846 3.320357083e-15 1e-20
6641.473244 3.329524732e-15 1e-20
6641.585642 3.261236936e-15 1e-20
6641.69804 3.19384276e-15 1e-20
6641.810438 3.137576479e-15 1e-20
6641.922836 3.084940581e-15 1e-20
6642.035234 3.077520996e-15 1e-20
6642.147632 3.077291238e-15 1e-20
6642.26003 3.16660091e-15 1e-20
6642.372428 3.254904094e-15 1e-20
6642.484826 3.330670344e-15 1e-20
6642.597224 3.399512735e-15 1e-20
6642.709622 3.382142631e-15 1e-20
6642.82202 3.35933161e-15 1e-20
6642.934418 3.268778282e-15 1e-20
6643.046816 3.185977635e-15 1e-20
6643.159214 3.19969004e-15 1e-20
6643.271612 3.211358978e-15 1e-20
6643.38401 3.197588975e-15 1e-20
6643.496408 3.189462329e-15 1e-20
6643.608806 3.251576525e-15 1e-20
6643.721204 3.309370854e-15 1e-20
6643.833602 3.313401248e-15 1e-20
6643.946 3.308915997e-15 1e-20
6644.058398 3.198461207e-15 1e-20
6644.170796 3.099667307e-15 1e-20
6644.283194 3.145967399e-15 1e-20
6644.395592 3.196448021e-15 1e-20
6644.50799 3.29894049e-15 1e-20
6644.620388 3.39111271e-15 1e-20
6644.732786 3.354902263e-15 1e-20
6644.845184 3.317276001e-15 1e-20
6644.957582 3.262041829e-15 1e-20
6645.06998 3.21155443e-15 1e-20
6645.182378 3.220106922e-15 1e-20
6645.294776 3.232075074e-15 1e-20
6645.407174 3.28652087e-15 1e-20
6645.519572 3.33292324e-15 1e-20
6645.63197 3.279304996e-15 1e-20
6645.744368 3.232458356e-15 1e-20
6645.856766 3.26980891e-15 1e-20
6645.969164 3.305200487e-15 1e-20
6646.081562 3.316235632e-15 1e-20
6646.19396 3.332209403e-15 1e-20
6646.306358 3.409581204e-15 1e-20
6646.418756 3.48047278e-15 1e-20
6646.531154 3.470812157e-15 1e-20
6646.643552 3.456690848e-15 1e-20
6646.75595 3.387127631e-15 1e-20
6646.868348 3.317836101e-15 1e-20
6646.980746 3.251920421e-15 1e-20
6647.093144 3.194142821e-15 1e-20
6647.205542 3.237493967e-15 1e-20
6647.31794 3.27730134e-15 1e-20
6647.430338 3.273075704e-15 1e-20
6647.542736 3.26440738e-15 1e-20
6647.655134 3.200541096e-15 1e-20
6647.767532 3.140795416e-15 1e-20
6647.87993 3.132237842e-15 1e-20
6647.992328 3.130685442e-15 1e-20
6648.104726 3.216146831e-15 1e-20
6648.217124 3.294871132e-15 1e-20
6648.329522 3.289921707e-15 1e-20
6648.44192 3.282119051e-15 1e-20
6648.554318 3.238882254e-15 1e-20
6648.666716 3.202471061e-15 1e-20
6648.779114 3.250817372e-15 1e-20
6648.891512 3.299411017e-15 1e-20
6649.00391 3.351078756e-15 1e-20
6649.116308 3.39981322e-15 1e-20
6649.228706 3.412131197e-15 1e-20
6649.341104 3.419807433e-15 1e-20
6649.453502 3.36986023e-15 1e-20
6649.5659 3.323487929e-15 1e-20
6649.678298 3.321488507e-15 1e-20
6649.790696 3.317797561e-15 1e-20
6649.903094 3.293113327e-15 1e-20
6650.015492 3.272894862e-15 1e-20
6650.12789 3.308094375e-15 1e-20
6650.240288 3.336871261e-15 1e-20
6650.352686 3.285945946e-15 1e-20
6650.465084 3.239469883e-15 1e-20
6650.577482 3.248195382e-15 1e-20
6650.68988 3.25663543e-15 1e-20
6650.802278 3.261533821e-15 1e-20
6650.914676 3.260306259e-15 1e-20
6651.027074 3.183081418e-15 1e-20
6651.139472 3.110884565e-15 1e-20
6651.25187 3.101054112e-15 1e-20
6651.364268 3.100300676e-15 1e-20
6651.476666 3.21212893e-15 1e-20
6651.589064 3.320739307e-15 1e-20
6651.701462 3.389440031e-15 1e-20
6651.81386 3.447673547e-15 1e-20
6651.926258 3.376110274e-15 1e-20
6652.038656 3.30623535e-15 1e-20
6652.151054 3.257293786e-15 1e-20
6652.263452 3.21550351e-15 1e-20
6652.37585 3.262374501e-15 1e-20
6652.488248 3.300403104e-15 1e-20
6652.600646 3.228812303e-15 1e-20
6652.713044 3.165593576e-15 1e-20
6652.825442 3.206148243e-15 1e-20
6652.93784 3.241988112e-15 1e-20
6653.050238 3.219395203e-15 1e-20
6653.162636 3.197043062e-15 1e-20
6653.275034 3.177676924e-15 1e-20
6653.387432 3.160829439e-15 1e-20
6653.49983 3.175192577e-15 1e-20
6653.612228 3.19004657e-15 1e-20
6653.724626 3.210983107e-15 1e-20
6653.837024 3.227466368e-15 1e-20
6653.949422 3.188775173e-15 1e-20
6654.06182 3.15269284e-15 1e-20
6654.174218 3.148928838e-15 1e-20
6654.286616 3.149685238e-15 1e-20
6654.399014 3.206433269e-15 1e-20
6654.511412 3.257595965e-15 1e-20
6654.62381 3.239578304e-15 1e-20
6654.736208 3.219414896e-15 1e-20
6654.848606 3.17267583e-15 1e-20
6654.961004 3.131150887e-15 1e-20
6655.073402 3.154196112e-15 1e-20
6655.1858 3.170848568e-15 1e-20
6655.298198 3.10834876e-15 1e-20
6655.410596 3.05616793e-15 1e-20
6655.522994 3.131739575e-15 1e-20
6655.635392 3.209444471e-15 1e-20
6655.74779 3.313553714e-15 1e-20
6655.860188 3.406539933e-15 1e-20
6655.972586 3.361843274e-15 1e-20
6656.084984 3.322488006e-15 1e-20
6656.197382 3.349242601e-15 1e-20
6656.30978 3.376539084e-15 1e-20
6656.422178 3.410539622e-15 1e-20
6656.534576 3.436930204e-15 1e-20
6656.646974 3.369151898e-15 1e-20
6656.759372 3.302492946e-15 1e-20
6656.87177 3.249681713e-15 1e-20
6656.984168 3.196968735e-15 1e-20
6657.096566 3.145469979e-15 1e-20
6657.208964 3.10423345e-15 1e-20
6657.321362 3.189943655e-15 1e-20
6657.43376 3.270042267e-15 1e-20
6657.546158 3.2807278e-15 1e-20
6657.658556 3.288030071e-15 1e-20
6657.770954 3.253486373e-15 1e-20
6657.883352 3.218524665e-15 1e-20
6657.99575 3.178393091e-15 1e-20
6658.108148 3.139827045e-15 1e-20
6658.220546 3.120619938e-15 1e-20
6658.332944 3.105383509e-15 1e-20
6658.445342 3.13924111e-15 1e-20
6658.55774 3.174953925e-15 1e-20
6658.670138 3.233605239e-15 1e-20
6658.782536 3.285309824e-15 1e-20
6658.894934 3.251139668e-15 1e-20
6659.007332 3.216243181e-15 1e-20
6659.11973 3.172369627e-15 1e-20
6659.232128 3.130701747e-15 1e-20
6659.344526 3.116296046e-15 1e-20
6659.456924 3.105079636e-15 1e-20
6659.569322 3.133273763e-15 1e-20
6659.68172 3.160485543e-15 1e-20
6659.794118 3.175559554e-15 1e-20
6659.906516 3.188397397e-15 1e-20
6660.018914 3.173603331e-15 1e-20
6660.131312 3.161763716e-15 1e-20
6660.24371 3.186426774e-15 1e-20
6660.356108 3.208268578e-15 1e-20
6660.468506 3.195258152e-15 1e-20
6660.580904 3.182551175e-15 1e-20
6660.693302 3.173595708e-15 1e-20
6660.8057 3.166645167e-15 1e-20
6660.918098 3.184456152e-15 1e-20
6661.030496 3.200392018e-15 1e-20
6661.142894 3.193169369e-15 1e-20
6661.255292 3.183226684e-15 1e-20
6661.36769 3.139694061e-15 1e-20
6661.480088 3.101975049e-15 1e-20
6661.592486 3.13603869e-15 1e-20
6661.704884 3.171226556e-15 1e-20
6661.817282 3.220293693e-15 1e-20
6661.92968 3.270771351e-15 1e-20
6662.042078 3.338658924e-15 1e-20
6662.154476 3.402039435e-15 1e-20
6662.266874 3.409785551e-15 1e-20
6662.379272 3.408627657e-15 1e-20
6662.49167 3.297575285e-15 1e-20
6662.604068 3.196637121e-15 1e-20
6662.716466 3.220520274e-15 1e-20
6662.828864 3.244994021e-15 1e-20
6662.941262 3.276756697e-15 1e-20
6663.05366 3.301220068e-15 1e-20
6663.166058 3.235621813e-15 1e-20
6663.278456 3.175577765e-15 1e-20
6663.390854 3.184057835e-15 1e-20
6663.503252 3.191367306e-15 1e-20
6663.61565 3.184235712e-15 1e-20
6663.728048 3.179228477e-15 1e-20
6663.840446 3.200423994e-15 1e-20
6663.952844 3.222496826e-15 1e-20
6664.065242 3.255388385e-15 1e-20
6664.17764 3.285378434e-15 1e-20
6664.290038 3.279585576e-15 1e-20
6664.402436 3.277687163e-15 1e-20
6664.514834 3.323816366e-15 1e-20
6664.627232 3.364189979e-15 1e-20
6664.73963 3.333597902e-15 1e-20
6664.852028 3.298779342e-15 1e-20
6664.964426 3.211853433e-15 1e-20
6665.076824 3.130125765e-15 1e-20
6665.189222 3.112478257e-15 1e-20
6665.30162 3.103495473e-15 1e-20
6665.414018 3.201316343e-15 1e-20
6665.526416 3.29347141e-15 1e-20
6665.638814 3.315797081e-15 1e-20
6665.751212 3.332615132e-15 1e-20
6665.86361 3.281561492e-15 1e-20
6665.976008 3.233961205e-15 1e-20
6666.088406 3.228915853e-15 1e-20
6666.200804 3.221242793e-15 1e-20
6666.313202 3.18119677e-15 1e-20
6666.4256 3.144480856e-15 1e-20
6666.537998 3.148794795e-15 1e-20
6666.650396 3.153915956e-15 1e-20
6666.762794 3.168980013e-15 1e-20
6666.875192 3.179541244e-15 1e-20
6666.98759 3.134638757e-15 1e-20
6667.099988 3.095605149e-15 1e-20
6667.212386 3.128857121e-15 1e-20
6667.324784 3.165123684e-15 1e-20
6667.437182 3.238511889e-15 1e-20
6667.54958 3.306806885e-15 1e-20
6667.661978 3.312382903e-15 1e-20
6667.774376 3.318220019e-15 1e-20
6667.886774 3.327272048e-15 1e-20
6667.999172 3.332613014e-15 1e-20
6668.11157 3.292264812e-15 1e-20
6668.223968 3.251229665e-15 1e-20
6668.336366 3.201737954e-15 1e-20
6668.448764 3.153053253e-15 1e-20
6668.561162 3.114301707e-15 1e-20
6668.67356 3.078063944e-15 1e-20
6668.785958 3.072768082e-15 1e-20
6668.898356 3.073470061e-15 1e-20
6669.010754 3.147988419e-15 1e-20
6669.123152 3.217419075e-15 1e-20
6669.23555 3.224245102e-15 1e-20
6669.347948 3.229441649e-15 1e-20
6669.460346 3.214589561e-15 1e-20
6669.572744 3.201807199e-15 1e-20
6669.685142 3.214487705e-15 1e-20
6669.79754 3.227088168e-15 1e-20
6669.909938 3.238701625e-15 1e-20
6670.022336 3.250636107e-15 1e-20
6670.134734 3.266519669e-15 1e-20
6670.247132 3.279858744e-15 1e-20
6670.35953 3.261900163e-15 1e-20
6670.471928 3.241102751e-15 1e-20
6670.584326 3.18539403e-15 1e-20
6670.696724 3.133701091e-15 1e-20
6670.809122 3.13138975e-15 1e-20
6670.92152 3.130845108e-15 1e-20
6671.033918 3.15202559e-15 1e-20
6671.146316 3.16823886e-15 1e-20
6671.258714 3.123383383e-15 1e-20
6671.371112 3.081955001e-15 1e-20
6671.48351 3.082658462e-15 1e-20
6671.595908 3.091022489e-15 1e-20
6671.708306 3.193550322e-15 1e-20
6671.820704 3.286580374e-15 1e-20
6671.933102 3.262874886e-15 1e-20
6672.0455 3.238871878e-15 1e-20
6672.157898 3.211215405e-15 1e-20
6672.270296 3.190737113e-15 1e-20
6672.382694 3.258469468e-15 1e-20
6672.495092 3.32530672e-15 1e-20
6672.60749 3.381149061e-15 1e-20
6672.719888 3.426268389e-15 1e-20
6672.832286 3.339650164e-15 1e-20
6672.944684 3.255271707e-15 1e-20
6673.057082 3.19841102e-15 1e-20
6673.16948 3.148324056e-15 1e-20
6673.281878 3.18144008e-15 1e-20
6673.394276 3.212888719e-15 1e-20
6673.506674 3.223857372e-15 1e-20
6673.619072 3.233058479e-15 1e-20
6673.73147 3.220552885e-15 1e-20
6673.843868 3.207806098e-15 1e-20
6673.956266 3.19209639e-15 1e-20
6674.068664 3.17674307e-15 1e-20
6674.181062 3.165762982e-15 1e-20
6674.29346 3.159085822e-15 1e-20
6674.405858 3.205236623e-15 1e-20
6674.518256 3.251704216e-15 1e-20
6674.630654 3.302061807e-15 1e-20
6674.743052 3.346202599e-15 1e-20
6674.85545 3.314031864e-15 1e-20
6674.967848 3.279720466e-15 1e-20
6675.080246 3.219132199e-15 1e-20
6675.192644 3.162806202e-15 1e-20
6675.305042 3.158788301e-15 1e-20
6675.41744 3.15118131e-15 1e-20
6675.529838 3.09953517e-15 1e-20
6675.642236 3.050714732e-15 1e-20
6675.754634 3.036565259e-15 1e-20
6675.867032 3.026821203e-15 1e-20
6675.97943 3.071126744e-15 1e-20
6676.091828 3.116079841e-15 1e-20
6676.204226 3.168976625e-15 1e-20
6676.316624 3.223667637e-15 1e-20
6676.429022 3.300369435e-15 1e-20
6676.54142 3.372170088e-15 1e-20
6676.653818 3.383859143e-15 1e-20
6676.766216 3.391586201e-15 1e-20
6676.878614 3.350721944e-15 1e-20
6676.991012 3.316023451e-15 1e-20
6677.10341 3.356930483e-15 1e-20
6677.215808 3.389769527e-15 1e-20
6677.328206 3.323681264e-15 1e-20
6677.440604 3.259112154e-15 1e-20
6677.553002 3.213167393e-15 1e-20
6677.6654 3.173993601e-15 1e-20
6677.777798 3.217822262e-15 1e-20
6677.890196 3.253933818e-15 1e-20
6678.002594 3.195452758e-15 1e-20
6678.114992 3.140773816e-15 1e-20
6678.22739 3.132696722e-15 1e-20
6678.339788 3.127637606e-15 1e-20
6678.452186 3.159564819e-15 1e-20
6678.564584 3.192236362e-15 1e-20
6678.676982 3.23403045e-15 1e-20
6678.78938 3.268670709e-15 1e-20
6678.901778 3.215654917e-15 1e-20
6679.014176 3.167473142e-15 1e-20
6679.126574 3.178513581e-15 1e-20
6679.238972 3.184881151e-15 1e-20
6679.35137 3.134000306e-15 1e-20
6679.463768 3.085037354e-15 1e-20
6679.576166 3.059563262e-15 1e-20
6679.688564 3.044088605e-15 1e-20
6679.800962 3.151087925e-15 1e-20
6679.91336 3.248206181e-15 1e-20
6680.025758 3.224312652e-15 1e-20
6680.138156 3.204322463e-15 1e-20
6680.250554 3.232130978e-15 1e-20
6680.362952 3.25399311e-15 1e-20
6680.47535 3.203044079e-15 1e-20
6680.587748 3.154736519e-15 1e-20
6680.700146 3.138773124e-15 1e-20
6680.812544 3.125611926e-15 1e-20
6680.924942 3.146758528e-15 1e-20
6681.03734 3.168559462e-15 1e-20
6681.149738 3.198369516e-15 1e-20
6681.262136 3.228839196e-15 1e-20
6681.374534 3.267382372e-15 1e-20
6681.486932 3.293017612e-15 1e-20
6681.59933 3.160683326e-15 1e-20
6681.711728 3.035843586e-15 1e-20
6681.824126 3.002717822e-15 1e-20
6681.936524 2.981021708e-15 1e-20
6682.048922 3.099175605e-15 1e-20
6682.16132 3.203566698e-15 1e-20
6682.273718 3.139572935e-15 1e-20
6682.386116 3.085038625e-15 1e-20
6682.498514 3.146224897e-15 1e-20
6682.610912 3.20661157e-15 1e-20
6682.72331 3.257220306e-15 1e-20
6682.835708 3.301647608e-15 1e-20
6682.948106 3.27046896e-15 1e-20
6683.060504 3.23946586e-15 1e-20
6683.172902 3.2106102e-15 1e-20
6683.2853 3.182921964e-15 1e-20
6683.397698 3.169508985e-15 1e-20
6683.510096 3.153867887e-15 1e-20
6683.622494 3.110982185e-15 1e-20
6683.734892 3.075050412e-15 1e-20
6683.84729 3.124138513e-15 1e-20
6683.959688 3.170077556e-15 1e-20
6684.072086 3.177515988e-15 1e-20
6684.184484 3.182780721e-15 1e-20
6684.296882 3.161473184e-15 1e-20
6684.40928 3.142120175e-15 1e-20
6684.521678 3.146656672e-15 1e-20
6684.634076 3.150903695e-15 1e-20
6684.746474 3.15161372e-15 1e-20
6684.858872 3.151826326e-15 1e-20
6684.97127 3.145961893e-15 1e-20
6685.083668 3.143823135e-15 1e-20
6685.196066 3.187208162e-15 1e-20
6685.308464 3.226007354e-15 1e-20
6685.420862 3.208775739e-15 1e-20
6685.53326 3.188211261e-15 1e-20
6685.645658 3.126929486e-15 1e-20
6685.758056 3.070892963e-15 1e-20
6685.870454 3.078928129e-15 1e-20
6685.982852 3.086891933e-15 1e-20
6686.09525 3.093986469e-15 1e-20
6686.207648 3.099366399e-15 1e-20
6686.320046 3.083807462e-15 1e-20
6686.432444 3.067426904e-15 1e-20
6686.544842 3.04101684e-15 1e-20
6686.65724 3.017485841e-15 1e-20
6686.769638 3.029109886e-15 1e-20
6686.882036 3.04517916e-15 1e-20
6686.994434 3.115519317e-15 1e-20
6687.106832 3.173756644e-15 1e-20
6687.21923 3.084241355e-15 1e-20
6687.331628 3.007437913e-15 1e-20
6687.444026 3.085806672e-15 1e-20
6687.556424 3.160396393e-15 1e-20
6687.668822 3.188858394e-15 1e-20
6687.78122 3.211753695e-15 1e-20
6687.893618 3.166708483e-15 1e-20
6688.006016 3.12771998e-15 1e-20
6688.118414 3.162643148e-15 1e-20
6688.230812 3.198502923e-15 1e-20
6688.34321 3.245790443e-15 1e-20
6688.455608 3.284586882e-15 1e-20
6688.568006 3.219783144e-15 1e-20
6688.680404 3.159469739e-15 1e-20
6688.792802 3.153936708e-15 1e-20
6688.9052 3.15065975e-15 1e-20
6689.017598 3.174901197e-15 1e-20
6689.129996 3.197921647e-15 1e-20
6689.242394 3.206047234e-15 1e-20
6689.354792 3.213457502e-15 1e-20
6689.46719 3.21214333e-15 1e-20
6689.579588 3.207581846e-15 1e-20
6689.691986 3.163415642e-15 1e-20
6689.804384 3.123824899e-15 1e-20
6689.916782 3.140025463e-15 1e-20
6690.02918 3.153102169e-15 1e-20
6690.141578 3.128090557e-15 1e-20
6690.253976 3.10553534e-15 1e-20
6690.366374 3.112926338e-15 1e-20
6690.478772 3.123864921e-15 1e-20
6690.59117 3.178047078e-15 1e-20
6690.703568 3.229510682e-15 1e-20
6690.815966 3.247838781e-15 1e-20
6690.928364 3.26385448e-15 1e-20
6691.040762 3.251690028e-15 1e-20
6691.15316 3.239192692e-15 1e-20
6691.265558 3.222640186e-15 1e-20
6691.377956 3.20686208e-15 1e-20
6691.490354 3.200520556e-15 1e-20
6691.602752 3.193568533e-15 1e-20
6691.71515 3.179179984e-15 1e-20
6691.827548 3.165947847e-15 1e-20
6691.939946 3.166801868e-15 1e-20
6692.052344 3.167633443e-15 1e-20
6692.164742 3.168193967e-15 1e-20
6692.27714 3.166755493e-15 1e-20
6692.389538 3.140967999e-15 1e-20
6692.501936 3.120751228e-15 1e-20
6692.614334 3.168383914e-15 1e-20
6692.726732 3.216588559e-15 1e-20
6692.83913 3.271757721e-15 1e-20
6692.951528 3.319925096e-15 1e-20
6693.063926 3.282833947e-15 1e-20
6693.176324 3.245957097e-15 1e-20
6693.288722 3.211687415e-15 1e-20
6693.40112 3.178905969e-15 1e-20
6693.513518 3.164243405e-15 1e-20
6693.625916 3.155834486e-15 1e-20
6693.738314 3.223550746e-15 1e-20
6693.850712 3.286653642e-15 1e-20
6693.96311 3.293604818e-15 1e-20
6694.075508 3.294820522e-15 1e-20
6694.187906 3.226233723e-15 1e-20
6694.300304 3.161575463e-15 1e-20
6694.412702 3.144723954e-15 1e-20
6694.5251 3.122519621e-15 1e-20
6694.637498 3.035182266e-15 1e-20
6694.749896 2.964452897e-15 1e-20
6694.862294 3.095792767e-15 1e-20
6694.974692 3.214553774e-15 1e-20
6695.08709 3.180279645e-15 1e-20
6695.199488 3.146948263e-15 1e-20
6695.311886 3.125084225e-15 1e-20
6695.424284 3.109039727e-15 1e-20
6695.536682 3.163782407e-15 1e-20
6695.64908 3.213231344e-15 1e-20
6695.761478 3.198296247e-15 1e-20
6695.873876 3.181386717e-15 1e-20
6695.986274 3.140464014e-15 1e-20
6696.098672 3.099824855e-15 1e-20
6696.21107 3.062633756e-15 1e-20
6696.323468 3.032931699e-15 1e-20
6696.435866 3.094286319e-15 1e-20
6696.548264 3.152715075e-15 1e-20
6696.660662 3.175570565e-15 1e-20
6696.77306 3.195953566e-15 1e-20
6696.885458 3.186277061e-15 1e-20
6696.997856 3.179366331e-15 1e-20
6697.110254 3.206074762e-15 1e-20
6697.222652 3.23301761e-15 1e-20
6697.33505 3.262805641e-15 1e-20
6697.447448 3.289936954e-15 1e-20
6697.559846 3.284781487e-15 1e-20
6697.672244 3.273740837e-15 1e-20
6697.784642 3.191185406e-15 1e-20
6697.89704 3.111346833e-15 1e-20
6698.009438 3.064515016e-15 1e-20
6698.121836 3.022770692e-15 1e-20
6698.234234 3.042832879e-15 1e-20
6698.346632 3.060464717e-15 1e-20
6698.45903 3.048575127e-15 1e-20
6698.571428 3.043858e-15 1e-20
6698.683826 3.126261177e-15 1e-20
6698.796224 3.208244861e-15 1e-20
6698.908622 3.285132794e-15 1e-20
6699.02102 3.349485064e-15 1e-20
6699.133418 3.261602854e-15 1e-20
6699.245816 3.177503071e-15 1e-20
6699.358214 3.13933746e-15 1e-20
6699.470612 3.105732487e-15 1e-20
6699.58301 3.12750208e-15 1e-20
6699.695408 3.154026705e-15 1e-20
6699.807806 3.23828319e-15 1e-20
6699.920204 3.313254288e-15 1e-20
6700.032602 3.275508806e-15 1e-20
6700.145 3.234617443e-15 1e-20
6700.257398 3.155543106e-15 1e-20
6700.369796 3.081124697e-15 1e-20
6700.482194 3.063214609e-15 1e-20
6700.594592 3.052320495e-15 1e-20
6700.70699 3.12657225e-15 1e-20
6700.819388 3.197629209e-15 1e-20
6700.931786 3.229917258e-15 1e-20
6701.044184 3.25342094e-15 1e-20
6701.156582 3.170336748e-15 1e-20
6701.26898 3.092181442e-15 1e-20
6701.381378 3.073826873e-15 1e-20
6701.493776 3.059399996e-15 1e-20
6701.606174 3.092622746e-15 1e-20
6701.718572 3.123193012e-15 1e-20
6701.83097 3.121590002e-15 1e-20
6701.943368 3.127389637e-15 1e-20
6702.055766 3.222977093e-15 1e-20
6702.168164 3.311725817e-15 1e-20
6702.280562 3.317537734e-15 1e-20
6702.39296 3.318060353e-15 1e-20
6702.505358 3.254440556e-15 1e-20
6702.617756 3.193740692e-15 1e-20
6702.730154 3.168445112e-15 1e-20
6702.842552 3.149966665e-15 1e-20
6702.95495 3.214138304e-15 1e-20
6703.067348 3.275424526e-15 1e-20
6703.179746 3.301729134e-15 1e-20
6703.292144 3.321473684e-15 1e-20
6703.404542 3.261700051e-15 1e-20
6703.51694 3.202543059e-15 1e-20
6703.629338 3.150861767e-15 1e-20
6703.741736 3.103999881e-15 1e-20
6703.854134 3.115543458e-15 1e-20
6703.966532 3.129642956e-15 1e-20
6704.07893 3.174717179e-15 1e-20
6704.191328 3.220105228e-15 1e-20
6704.303726 3.269295819e-15 1e-20
6704.416124 3.309421041e-15 1e-20
6704.528522 3.239711923e-15 1e-20
6704.64092 3.171474737e-15 1e-20
6704.753318 3.121072677e-15 1e-20
6704.865716 3.077453445e-15 1e-20
6704.978114 3.11600022e-15 1e-20
6705.090512 3.148328503e-15 1e-20
6705.20291 3.105339887e-15 1e-20
6705.315308 3.064091924e-15 1e-20
6705.427706 3.043926398e-15 1e-20
6705.540104 3.027945851e-15 1e-20
6705.652502 3.062647097e-15 1e-20
6705.7649 3.095789167e-15 1e-20
6705.877298 3.110054261e-15 1e-20
6705.989696 3.128879568e-15 1e-20
6706.102094 3.202917235e-15 1e-20
6706.214492 3.270690883e-15 1e-20
6706.32689 3.2626284e-15 1e-20
6706.439288 3.252072251e-15 1e-20
6706.551686 3.211333143e-15 1e-20
6706.664084 3.171944417e-15 1e-20
6706.776482 3.148899192e-15 1e-20
6706.88888 3.122914338e-15 1e-20
6707.001278 3.06134796e-15 1e-20
6707.113676 3.005703825e-15 1e-20
6707.226074 3.021725877e-15 1e-20
6707.338472 3.041220763e-15 1e-20
6707.45087 3.102736955e-15 1e-20
6707.563268 3.163485522e-15 1e-20
6707.675666 3.214945103e-15 1e-20
6707.788064 3.263585759e-15 1e-20
6707.900462 3.278120209e-15 1e-20
6708.01286 3.28790238e-15 1e-20
6708.125258 3.240195155e-15 1e-20
6708.237656 3.192068649e-15 1e-20
6708.350054 3.138870957e-15 1e-20
6708.462452 3.090413684e-15 1e-20
6708.57485 3.09928826e-15 1e-20
6708.687248 3.107197007e-15 1e-20
6708.799646 3.10342644e-15 1e-20
6708.912044 3.098665691e-15 1e-20
6709.024442 3.08192959e-15 1e-20
6709.13684 3.0629245e-15 1e-20
6709.249238 3.016485284e-15 1e-20
6709.361636 2.976621584e-15 1e-20
6709.474034 3.016251714e-15 1e-20
6709.586432 3.056863768e-15 1e-20
6709.69883 3.109346565e-15 1e-20
6709.811228 3.154721908e-15 1e-20
6709.923626 3.114188628e-15 1e-20
6710.036024 3.077165665e-15 1e-20
6710.148422 3.082567194e-15 1e-20
6710.26082 3.088264973e-15 1e-20
6710.373218 3.097541043e-15 1e-20
6710.485616 3.102676815e-15 1e-20
6710.598014 3.057784704e-15 1e-20
6710.710412 3.019955789e-15 1e-20
6710.82281 3.067469044e-15 1e-20
6710.935208 3.116773561e-15 1e-20
6711.047606 3.187721888e-15 1e-20
6711.160004 3.24834213e-15 1e-20
6711.272402 3.184198443e-15 1e-20
6711.3848 3.124652026e-15 1e-20
6711.497198 3.120636455e-15 1e-20
6711.609596 3.119486819e-15 1e-20
6711.721994 3.152952032e-15 1e-20
6711.834392 3.184017389e-15 1e-20
6711.94679 3.186101937e-15 1e-20
6712.059188 3.184819529e-15 1e-20
6712.171586 3.142880387e-15 1e-20
6712.283984 3.10340844e-15 1e-20
6712.396382 3.093724736e-15 1e-20
6712.50878 3.085649759e-15 1e-20
6712.621178 3.096994918e-15 1e-20
6712.733576 3.110730405e-15 1e-20
6712.845974 3.15332515e-15 1e-20
6712.958372 3.192953163e-15 1e-20
6713.07077 3.196773282e-15 1e-20
6713.183168 3.199543715e-15 1e-20
6713.295566 3.189645076e-15 1e-20
6713.407964 3.179283534e-15 1e-20
6713.520362 3.163333903e-15 1e-20
6713.63276 3.149330543e-15 1e-20
6713.745158 3.158810536e-15 1e-20
6713.857556 3.170293973e-15 1e-20
6713.969954 3.205949613e-15 1e-20
6714.082352 3.237613611e-15 1e-20
6714.19475 3.221121668e-15 1e-20
6714.307148 3.199912386e-15 1e-20
6714.419546 3.121795408e-15 1e-20
6714.531944 3.052527171e-15 1e-20
6714.644342 3.089993344e-15 1e-20
6714.75674 3.12071417e-15 1e-20
6714.869138 3.070079176e-15 1e-20
6714.981536 3.027791691e-15 1e-20
6715.093934 3.086178943e-15 1e-20
6715.206332 3.141929169e-15 1e-20
6715.31873 3.165882414e-15 1e-20
6715.431128 3.186703119e-15 1e-20
6715.543526 3.169754413e-15 1e-20
6715.655924 3.153403501e-15 1e-20
6715.768322 3.144258086e-15 1e-20
6715.88072 3.134696143e-15 1e-20
6715.993118 3.120115106e-15 1e-20
6716.105516 3.106635e-15 1e-20
6716.217914 3.106425995e-15 1e-20
6716.330312 3.106757608e-15 1e-20
6716.44271 3.113605023e-15 1e-20
6716.555108 3.119964123e-15 1e-20
6716.667506 3.120436767e-15 1e-20
6716.779904 3.1124196e-15 1e-20
6716.892302 3.002097794e-15 1e-20
6717.0047 2.906178089e-15 1e-20
6717.117098 2.983796376e-15 1e-20
6717.229496 3.056106944e-15 1e-20
6717.341894 3.064469488e-15 1e-20
6717.454292 3.071130344e-15 1e-20
6717.56669 3.057292367e-15 1e-20
6717.679088 3.050536643e-15 1e-20
6717.791486 3.129095561e-15 1e-20
6717.903884 3.199320945e-15 1e-20
6718.016282 3.169172713e-15 1e-20
6718.12868 3.141692212e-15 1e-20
6718.241078 3.146337129e-15 1e-20
6718.353476 3.150171859e-15 1e-20
6718.465874 3.14424771e-15 1e-20
6718.578272 3.139495008e-15 1e-20
6718.69067 3.148845617e-15 1e-20
6718.803068 3.155081261e-15 1e-20
6718.915466 3.123815793e-15 1e-20
6719.027864 3.08928586e-15 1e-20
6719.140262 3.01545868e-15 1e-20
6719.25266 2.954308618e-15 1e-20
6719.365058 3.045763401e-15 1e-20
6719.477456 3.13358653e-15 1e-20
6719.589854 3.177697253e-15 1e-20
6719.702252 3.215678846e-15 1e-20
6719.81465 3.179894668e-15 1e-20
6719.927048 3.14466805e-15 1e-20
6720.039446 3.11614951e-15 1e-20
6720.151844 3.093125248e-15 1e-20
6720.264242 3.136216991e-15 1e-20
6720.37664 3.178825289e-15 1e-20
6720.489038 3.2156168e-15 1e-20
6720.601436 3.24664997e-15 1e-20
6720.713834 3.20840495e-15 1e-20
6720.826232 3.171235874e-15 1e-20
6720.93863 3.147012849e-15 1e-20
6721.051028 3.122946949e-15 1e-20
6721.163426 3.100772897e-15 1e-20
6721.275824 3.081247941e-15 1e-20
6721.388222 3.093582858e-15 1e-20
6721.50062 3.107899409e-15 1e-20
6721.613018 3.146045538e-15 1e-20
6721.725416 3.181452574e-15 1e-20
6721.837814 3.183920404e-15 1e-20
6721.950212 3.177134188e-15 1e-20
6722.06261 3.059076641e-15 1e-20
6722.175008 2.951267558e-15 1e-20
6722.287406 2.966666617e-15 1e-20
6722.399804 2.987220295e-15 1e-20
6722.512202 3.069740574e-15 1e-20
6722.6246 3.144113244e-15 1e-20
6722.736998 3.120549634e-15 1e-20
6722.849396 3.096400725e-15 1e-20
6722.961794 3.065216572e-15 1e-20
6723.074192 3.040603065e-15 1e-20
6723.18659 3.094951663e-15 1e-20
6723.298988 3.1459314e-15 1e-20
6723.411386 3.156427409e-15 1e-20
6723.523784 3.162929022e-15 1e-20
6723.636182 3.121435842e-15 1e-20
6723.74858 3.084567886e-15 1e-20
6723.860978 3.10326635e-15 1e-20
6723.973376 3.121573485e-15 1e-20
6724.085774 3.135179587e-15 1e-20
6724.198172 3.144150301e-15 1e-20
6724.31057 3.097442787e-15 1e-20
6724.422968 3.055201254e-15 1e-20
6724.535366 3.066601259e-15 1e-20
6724.647764 3.08055295e-15 1e-20
6724.760162 3.125147541e-15 1e-20
6724.87256 3.161924864e-15 1e-20
6724.984958 3.104830185e-15 1e-20
6725.097356 3.053943834e-15 1e-20
6725.209754 3.077600828e-15 1e-20
6725.322152 3.094178957e-15 1e-20
6725.43455 3.025766647e-15 1e-20
6725.546948 2.963180653e-15 1e-20
6725.659346 2.97053777e-15 1e-20
6725.771744 2.982555473e-15 1e-20
6725.884142 3.050518644e-15 1e-20
6725.99654 3.114706377e-15 1e-20
6726.108938 3.133576789e-15 1e-20
6726.221336 3.147214019e-15 1e-20
6726.333734 3.098042275e-15 1e-20
6726.446132 3.046839345e-15 1e-20
6726.55853 2.971259442e-15 1e-20
6726.670928 2.905859604e-15 1e-20
6726.783326 2.96260933e-15 1e-20
6726.895724 3.015869279e-15 1e-20
6727.008122 3.02726039e-15 1e-20
6727.12052 3.039652482e-15 1e-20
6727.232918 3.064053595e-15 1e-20
6727.345316 3.090061742e-15 1e-20
6727.457714 3.135348358e-15 1e-20
6727.570112 3.175263516e-15 1e-20
6727.68251 3.150750382e-15 1e-20
6727.794908 3.125761004e-15 1e-20
6727.907306 3.09505733e-15 1e-20
6728.019704 3.071039076e-15 1e-20
6728.132102 3.127191855e-15 1e-20
6728.2445 3.18132933e-15 1e-20
6728.356898 3.211303497e-15 1e-20
6728.469296 3.236144856e-15 1e-20
6728.581694 3.199447153e-15 1e-20
6728.694092 3.16409581e-15 1e-20
6728.80649 3.144882138e-15 1e-20
6728.918888 3.121814042e-15 1e-20
6729.031286 3.052539665e-15 1e-20
6729.143684 2.991784744e-15 1e-20
6729.256082 3.033143457e-15 1e-20
6729.36848 3.071943495e-15 1e-20
6729.480878 3.08007967e-15 1e-20
6729.593276 3.087020682e-15 1e-20
6729.705674 3.079642178e-15 1e-20
6729.818072 3.072859138e-15 1e-20
6729.93047 3.073210021e-15 1e-20
6730.042868 3.075328874e-15 1e-20
6730.155266 3.09862948e-15 1e-20
6730.267664 3.123040758e-15 1e-20
6730.380062 3.160757229e-15 1e-20
6730.49246 3.193581027e-15 1e-20
6730.604858 3.16779205e-15 1e-20
6730.717256 3.141178063e-15 1e-20
6730.829654 3.104684495e-15 1e-20
6730.942052 3.077519937e-15 1e-20
6731.05445 3.162087706e-15 1e-20
6731.166848 3.236010177e-15 1e-20
6731.279246 3.182448896e-15 1e-20
6731.391644 3.128692162e-15 1e-20
6731.504042 3.072593593e-15 1e-20
6731.61644 3.024519391e-15 1e-20
6731.728838 3.072526042e-15 1e-20
6731.841236 3.117879998e-15 1e-20
6731.953634 3.13147403e-15 1e-20
6732.066032 3.140825909e-15 1e-20
6732.17843 3.099395198e-15 1e-20
6732.290828 3.060047976e-15 1e-20
6732.403226 3.045639523e-15 1e-20
6732.515624 3.032869442e-15 1e-20
6732.628022 3.039708386e-15 1e-20
6732.74042 3.046050333e-15 1e-20
6732.852818 3.046444839e-15 1e-20
6732.965216 3.051925354e-15 1e-20
6733.077614 3.118266669e-15 1e-20
6733.190012 3.179706415e-15 1e-20
6733.30241 3.18249993e-15 1e-20
6733.414808 3.183243201e-15 1e-20
6733.527206 3.159455975e-15 1e-20
6733.639604 3.137952773e-15 1e-20
6733.752002 3.143771466e-15 1e-20
6733.8644 3.151089619e-15 1e-20
6733.976798 3.176346659e-15 1e-20
6734.089196 3.199449483e-15 1e-20
6734.201594 3.196787046e-15 1e-20
6734.313992 3.191909407e-15 1e-20
6734.42639 3.160541448e-15 1e-20
6734.538788 3.128990529e-15 1e-20
6734.651186 3.095252783e-15 1e-20
6734.763584 3.067745177e-15 1e-20
6734.875982 3.114729882e-15 1e-20
6734.98838 3.156564416e-15 1e-20
6735.100778 3.136824313e-15 1e-20
6735.213176 3.112452846e-15 1e-20
6735.325574 3.032715706e-15 1e-20
6735.437972 2.962438229e-15 1e-20
6735.55037 3.005239439e-15 1e-20
6735.662768 3.04370257e-15 1e-20
6735.775166 3.030316908e-15 1e-20
6735.887564 3.015788387e-15 1e-20
6735.999962 2.987598707e-15 1e-20
6736.11236 2.969123225e-15 1e-20
6736.224758 3.066730008e-15 1e-20
6736.337156 3.161144323e-15 1e-20
6736.449554 3.217411028e-15 1e-20
6736.561952 3.264354229e-15 1e-20
6736.67435 3.199904127e-15 1e-20
6736.786748 3.133643493e-15 1e-20
6736.899146 3.045754084e-15 1e-20
6737.011544 2.968785682e-15 1e-20
6737.123942 3.022271789e-15 1e-20
6737.23634 3.076457758e-15 1e-20
6737.348738 3.139002035e-15 1e-20
6737.461136 3.197287643e-15 1e-20
6737.573534 3.204711039e-15 1e-20
6737.685932 3.209820766e-15 1e-20
6737.79833 3.18729816e-15 1e-20
6737.910728 3.160627421e-15 1e-20
6738.023126 3.084425796e-15 1e-20
6738.135524 3.013387896e-15 1e-20
6738.247922 3.004004253e-15 1e-20
6738.36032 2.997067477e-15 1e-20
6738.472718 3.019341055e-15 1e-20
6738.585116 3.038516399e-15 1e-20
6738.697514 3.020706261e-15 1e-20
6738.809912 2.999567071e-15 1e-20
6738.92231 2.938689754e-15 1e-20
6739.034708 2.890815876e-15 1e-20
6739.147106 2.998135162e-15 1e-20
6739.259504 3.10173068e-15 1e-20
6739.371902 3.160887037e-15 1e-20
6739.4843 3.213802668e-15 1e-20
6739.596698 3.192252667e-15 1e-20
6739.709096 3.175620752e-15 1e-20
6739.821494 3.217671491e-15 1e-20
6739.933892 3.253583782e-15 1e-20
6740.04629 3.216264781e-15 1e-20
6740.158688 3.180509826e-15 1e-20
6740.271086 3.163415219e-15 1e-20
6740.383484 3.148292081e-15 1e-20
6740.495882 3.156684695e-15 1e-20
6740.60828 3.162388403e-15 1e-20
6740.720678 3.13602175e-15 1e-20
6740.833076 3.110327217e-15 1e-20
6740.945474 3.092647098e-15 1e-20
6741.057872 3.074535204e-15 1e-20
6741.17027 3.051274197e-15 1e-20
6741.282668 3.031639974e-15 1e-20
6741.395066 3.055252076e-15 1e-20
6741.507464 3.074340599e-15 1e-20
6741.619862 3.039496416e-15 1e-20
6741.73226 3.00595857e-15 1e-20
6741.844658 2.987992578e-15 1e-20
6741.957056 2.974448733e-15 1e-20
6742.069454 3.013618924e-15 1e-20
6742.181852 3.044955543e-15 1e-20
6742.29425 2.982926262e-15 1e-20
6742.406648 2.929710358e-15 1e-20
6742.519046 2.981529081e-15 1e-20
6742.631444 3.03037853e-15 1e-20
6742.743842 3.043845083e-15 1e-20
6742.85624 3.055690839e-15 1e-20
6742.968638 3.048224455e-15 1e-20
6743.081036 3.04418559e-15 1e-20
6743.193434 3.080984725e-15 1e-20
6743.305832 3.112301439e-15 1e-20
6743.41823 3.078307254e-15 1e-20
6743.530628 3.042907629e-15 1e-20
6743.643026 2.990763434e-15 1e-20
6743.755424 2.947869686e-15 1e-20
6743.867822 3.015156924e-15 1e-20
6743.98022 3.07664114e-15 1e-20
6744.092618 3.069011914e-15 1e-20
6744.205016 3.06095769e-15 1e-20
6744.317414 3.047837997e-15 1e-20
6744.429812 3.041806063e-15 1e-20
6744.54221 3.120165716e-15 1e-20
6744.654608 3.186618627e-15 1e-20
6744.767006 3.111306387e-15 1e-20
6744.879404 3.037496783e-15 1e-20
6744.991802 2.981576091e-15 1e-20
6745.1042 2.931559855e-15 1e-20
6745.216598 2.951831047e-15 1e-20
6745.328996 2.975127841e-15 1e-20
6745.441394 3.034440688e-15 1e-20
6745.553792 3.096309033e-15 1e-20
6745.66619 3.188593908e-15 1e-20
6745.778588 3.270635614e-15 1e-20
6745.890986 3.230782502e-15 1e-20
6746.003384 3.18735597e-15 1e-20
6746.115782 3.101408172e-15 1e-20
6746.22818 3.022839725e-15 1e-20
6746.340578 3.032071749e-15 1e-20
6746.452976 3.03815641e-15 1e-20
6746.565374 3.006795227e-15 1e-20
6746.677772 2.978555995e-15 1e-20
6746.79017 2.987453441e-15 1e-20
6746.902568 2.999659821e-15 1e-20
6747.014966 3.051224011e-15 1e-20
6747.127364 3.096622436e-15 1e-20
6747.239762 3.068686654e-15 1e-20
6747.35216 3.042356635e-15 1e-20
6747.464558 3.035118103e-15 1e-20
6747.576956 3.032480654e-15 1e-20
6747.689354 3.084556875e-15 1e-20
6747.801752 3.130963692e-15 1e-20
6747.91415 3.109962146e-15 1e-20
6748.026548 3.089153511e-15 1e-20
6748.138946 3.070640123e-15 1e-20
6748.251344 3.053282301e-15 1e-20
6748.363742 3.049664835e-15 1e-20
6748.47614 3.048805096e-15 1e-20
6748.588538 3.080726804e-15 1e-20
6748.700936 3.110053414e-15 1e-20
6748.813334 3.108538919e-15 1e-20
6748.925732 3.10806458e-15 1e-20
6749.03813 3.119952688e-15 1e-20
6749.150528 3.130163246e-15 1e-20
6749.262926 3.120439096e-15 1e-20
6749.375324 3.110363216e-15 1e-20
6749.487722 3.096106804e-15 1e-20
6749.60012 3.080333357e-15 1e-20
6749.712518 3.046539283e-15 1e-20
6749.824916 3.021466049e-15 1e-20
6749.937314 3.099994897e-15 1e-20
6750.049712 3.173373573e-15 1e-20
6750.16211 3.185575506e-15 1e-20
6750.274508 3.191653603e-15 1e-20
6750.386906 3.124994863e-15 1e-20
6750.499304 3.06366756e-15 1e-20
6750.611702 3.065659146e-15 1e-20
6750.7241 3.066013418e-15 1e-20
6750.836498 3.046925319e-15 1e-20
6750.948896 3.029640552e-15 1e-20
6751.061294 3.033766026e-15 1e-20
6751.173692 3.037928135e-15 1e-20
6751.28609 3.042525194e-15 1e-20
6751.398488 3.048466707e-15 1e-20
6751.510886 3.070369708e-15 1e-20
6751.623284 3.097812517e-15 1e-20
6751.735682 3.191014305e-15 1e-20
6751.84808 3.26679919e-15 1e-20
6751.960478 3.135855731e-15 1e-20
6752.072876 3.010972158e-15 1e-20
6752.185274 2.958009094e-15 1e-20
6752.297672 2.910799924e-15 1e-20
6752.41007 2.931875586e-15 1e-20
6752.522468 2.951867258e-15 1e-20
6752.634866 2.958999275e-15 1e-20
6752.747264 2.967997941e-15 1e-20
6752.859662 2.999142072e-15 1e-20
6752.97206 3.029216824e-15 1e-20
6753.084458 3.046606411e-15 1e-20
6753.196856 3.062500772e-15 1e-20
6753.309254 3.060658687e-15 1e-20
6753.421652 3.060496904e-15 1e-20
6753.53405 3.080262418e-15 1e-20
6753.646448 3.09691085e-15 1e-20
6753.758846 3.076588624e-15 1e-20
6753.871244 3.057020469e-15 1e-20
6753.983642 3.046390841e-15 1e-20
6754.09604 3.038100718e-15 1e-20
6754.208438 3.057552406e-15 1e-20
6754.320836 3.074427631e-15 1e-20
6754.433234 3.06075652e-15 1e-20
6754.545632 3.049623118e-15 1e-20
6754.65803 3.068572516e-15 1e-20
6754.770428 3.090013461e-15 1e-20
6754.882826 3.140988116e-15 1e-20
6754.995224 3.18297088e-15 1e-20
6755.107622 3.118368101e-15 1e-20
6755.22002 3.056394088e-15 1e-20
6755.332418 3.02557543e-15 1e-20
6755.444816 2.996834755e-15 1e-20
6755.557214 2.992720292e-15 1e-20
6755.669612 2.990666025e-15 1e-20
6755.78201 3.013024095e-15 1e-20
6755.894408 3.036891366e-15 1e-20
6756.006806 3.078642044e-15 1e-20
6756.119204 3.114226745e-15 1e-20
6756.231602 3.076760148e-15 1e-20
6756.344 3.039743326e-15 1e-20
6756.456398 3.008055824e-15 1e-20
6756.568796 2.982010408e-15 1e-20
6756.681194 3.02280055e-15 1e-20
6756.793592 3.067367188e-15 1e-20
6756.90599 3.156661401e-15 1e-20
6757.018388 3.238752447e-15 1e-20
6757.130786 3.235536051e-15 1e-20
6757.243184 3.230465923e-15 1e-20
6757.355582 3.20344536e-15 1e-20
6757.46798 3.17822686e-15 1e-20
6757.580378 3.174346814e-15 1e-20
6757.692776 3.167261807e-15 1e-20
6757.805174 3.122229512e-15 1e-20
6757.917572 3.076078075e-15 1e-20
6758.02997 3.016674384e-15 1e-20
6758.142368 2.967560661e-15 1e-20
6758.254766 3.040252816e-15 1e-20
6758.367164 3.112410071e-15 1e-20
6758.479562 3.178233637e-15 1e-20
6758.59196 3.232319231e-15 1e-20
6758.704358 3.147482529e-15 1e-20
6758.816756 3.06644604e-15 1e-20
6758.929154 3.030382977e-15 1e-20
6759.041552 3.001498942e-15 1e-20
6759.15395 3.057564688e-15 1e-20
6759.266348 3.108347701e-15 1e-20
6759.378746 3.096627518e-15 1e-20
6759.491144 3.081103521e-15 1e-20
6759.603542 3.020576241e-15 1e-20
6759.71594 2.966683558e-15 1e-20
6759.828338 2.991273348e-15 1e-20
6759.940736 3.013552432e-15 1e-20
6760.053134 3.008502422e-15 1e-20
6760.165532 3.002246236e-15 1e-20
6760.27793 2.981726228e-15 1e-20
6760.390328 2.968099162e-15 1e-20
6760.502726 3.035988429e-15 1e-20
6760.615124 3.099926076e-15 1e-20
6760.727522 3.117136515e-15 1e-20
6760.83992 3.132632983e-15 1e-20
6760.952318 3.127861858e-15 1e-20
6761.064716 3.124874373e-15 1e-20
6761.177114 3.142972926e-15 1e-20
6761.289512 3.157564127e-15 1e-20
6761.40191 3.130692642e-15 1e-20
6761.514308 3.104766446e-15 1e-20
6761.626706 3.090016426e-15 1e-20
6761.739104 3.076523403e-15 1e-20
6761.851502 3.077887973e-15 1e-20
6761.9639 3.080998489e-15 1e-20
6762.076298 3.104743999e-15 1e-20
6762.188696 3.126513593e-15 1e-20
6762.301094 3.124931547e-15 1e-20
6762.413492 3.121830348e-15 1e-20
6762.52589 3.10077925e-15 1e-20
6762.638288 3.083653302e-15 1e-20
6762.750686 3.112898809e-15 1e-20
6762.863084 3.136604297e-15 1e-20
6762.975482 3.094862089e-15 1e-20
6763.08788 3.051760606e-15 1e-20
6763.200278 2.992601496e-15 1e-20
6763.312676 2.94263481e-15 1e-20
6763.425074 3.001242926e-15 1e-20
6763.537472 3.056981082e-15 1e-20
6763.64987 3.078823732e-15 1e-20
6763.762268 3.095698323e-15 1e-20
6763.874666 3.053905505e-15 1e-20
6763.987064 3.014463204e-15 1e-20
6764.099462 3.002770973e-15 1e-20
6764.21186 2.992266282e-15 1e-20
6764.324258 2.995779775e-15 1e-20
6764.436656 3.00161562e-15 1e-20
6764.549054 3.034865687e-15 1e-20
6764.661452 3.068690465e-15 1e-20
6764.77385 3.109299554e-15 1e-20
6764.886248 3.147545209e-15 1e-20
6764.998646 3.157891717e-15 1e-20
6765.111044 3.166347223e-15 1e-20
6765.223442 3.152484682e-15 1e-20
6765.33584 3.129641262e-15 1e-20
6765.448238 3.000815386e-15 1e-20
6765.560636 2.879121104e-15 1e-20
6765.673034 2.841581027e-15 1e-20
6765.785432 2.813369959e-15 1e-20
6765.89783 2.895228706e-15 1e-20
6766.010228 2.972272917e-15 1e-20
6766.122626 2.992518486e-15 1e-20
6766.235024 3.010890843e-15 1e-20
6766.347422 3.00716538e-15 1e-20
6766.45982 3.005878314e-15 1e-20
6766.572218 3.033355004e-15 1e-20
6766.684616 3.057889948e-15 1e-20
6766.797014 3.047729788e-15 1e-20
6766.909412 3.042040268e-15 1e-20
6767.02181 3.08907156e-15 1e-20
6767.134208 3.132212854e-15 1e-20
6767.246606 3.12948689e-15 1e-20
6767.359004 3.12375036e-15 1e-20
6767.471402 3.082518278e-15 1e-20
6767.5838 3.045038764e-15 1e-20
6767.696198 3.051801264e-15 1e-20
6767.808596 3.055812812e-15 1e-20
6767.920994 3.027395915e-15 1e-20
6768.033392 2.999846592e-15 1e-20
6768.14579 2.982527521e-15 1e-20
6768.258188 2.967878298e-15 1e-20
6768.370586 2.98469529e-15 1e-20
6768.482984 3.00008355e-15 1e-20
6768.595382 2.998632582e-15 1e-20
6768.70778 2.992883981e-15 1e-20
6768.820178 2.936492763e-15 1e-20
6768.932576 2.886764305e-15 1e-20
6769.044974 2.915541403e-15 1e-20
6769.157372 2.944662607e-15 1e-20
6769.26977 2.97783877e-15 1e-20
6769.382168 3.006113789e-15 1e-20
6769.494566 2.976650595e-15 1e-20
6769.606964 2.955316799e-15 1e-20
6769.719362 3.029740502e-15 1e-20
6769.83176 3.10359754e-15 1e-20
6769.944158 3.170780805e-15 1e-20
6770.056556 3.227465944e-15 1e-20
6770.168954 3.16051159e-15 1e-20
6770.281352 3.087941618e-15 1e-20
6770.39375 2.949238491e-15 1e-20
6770.506148 2.823987306e-15 1e-20
6770.618546 2.857129375e-15 1e-20
6770.730944 2.895519026e-15 1e-20
6770.843342 2.995690837e-15 1e-20
6770.95574 3.081481086e-15 1e-20
6771.068138 2.997962791e-15 1e-20
6771.180536 2.924320052e-15 1e-20
6771.292934 2.966925598e-15 1e-20
6771.405332 3.005164688e-15 1e-20
6771.51773 2.992008149e-15 1e-20
6771.630128 2.979485402e-15 1e-20
6771.742526 2.974422475e-15 1e-20
6771.854924 2.97240336e-15 1e-20
6771.967322 3.006206115e-15 1e-20
6772.07972 3.035906055e-15 1e-20
6772.192118 3.017332105e-15 1e-20
6772.304516 2.999529378e-15 1e-20
6772.416914 2.990802398e-15 1e-20
6772.529312 2.985123254e-15 1e-20
6772.64171 3.015301767e-15 1e-20
6772.754108 3.042485595e-15 1e-20
6772.866506 3.034438571e-15 1e-20
6772.978904 3.025244875e-15 1e-20
6773.091302 3.002563238e-15 1e-20
6773.2037 2.985142947e-15 1e-20
6773.316098 3.029602012e-15 1e-20
6773.428496 3.075902951e-15 1e-20
6773.540894 3.143862522e-15 1e-20
6773.653292 3.204073224e-15 1e-20
6773.76569 3.173159486e-15 1e-20
6773.878088 3.141222108e-15 1e-20
6773.990486 3.097246911e-15 1e-20
6774.102884 3.057422598e-15 1e-20
6774.215282 3.066397547e-15 1e-20
6774.32768 3.073836614e-15 1e-20
6774.440078 3.063218633e-15 1e-20
6774.552476 3.048449131e-15 1e-20
6774.664874 2.984882908e-15 1e-20
6774.777272 2.925633377e-15 1e-20
6774.88967 2.917117731e-15 1e-20
6775.002068 2.910617812e-15 1e-20
6775.114466 2.927805381e-15 1e-20
6775.226864 2.947772912e-15 1e-20
6775.339262 3.000409657e-15 1e-20
6775.45166 3.050166067e-15 1e-20
6775.564058 3.066079063e-15 1e-20
6775.676456 3.079406067e-15 1e-20
6775.788854 3.062348518e-15 1e-20
6775.901252 3.043468789e-15 1e-20
6776.01365 3.003182631e-15 1e-20
6776.126048 2.963139996e-15 1e-20
6776.238446 2.92595779e-15 1e-20
6776.350844 2.898444466e-15 1e-20
6776.463242 2.984495179e-15 1e-20
6776.57564 3.067165806e-15 1e-20
6776.688038 3.110137482e-15 1e-20
6776.800436 3.152699405e-15 1e-20
6776.912834 3.190449546e-15 1e-20
6777.025232 3.232761171e-15 1e-20
6777.13763 3.328635348e-15 1e-20
6777.250028 3.409388928e-15 1e-20
6777.362426 3.312605037e-15 1e-20
6777.474824 3.219751168e-15 1e-20
6777.587222 3.173036666e-15 1e-20
6777.69962 3.129823374e-15 1e-20
6777.812018 3.127714474e-15 1e-20
6777.924416 3.124773152e-15 1e-20
6778.036814 3.11206427e-15 1e-20
6778.149212 3.098862202e-15 1e-20
6778.26161 3.07987363e-15 1e-20
6778.374008 3.062087844e-15 1e-20
6778.486406 3.058417226e-15 1e-20
6778.598804 3.059352986e-15 1e-20
6778.711202 3.114341306e-15 1e-20
6778.8236 3.16317085e-15 1e-20
6778.935998 3.13974086e-15 1e-20
6779.048396 3.118944295e-15 1e-20
6779.160794 3.129044316e-15 1e-20
6779.273192 3.14103682e-15 1e-20
6779.38559 3.17523154e-15 1e-20
6779.497988 3.206266404e-15 1e-20
6779.610386 3.200238917e-15 1e-20
6779.722784 3.191564029e-15 1e-20
6779.835182 3.151836914e-15 1e-20
6779.94758 3.118212882e-15 1e-20
6780.059978 3.156164405e-15 1e-20
6780.172376 3.191004564e-15 1e-20
6780.284774 3.189358567e-15 1e-20
6780.397172 3.182795332e-15 1e-20
6780.50957 3.118575624e-15 1e-20
6780.621968 3.059496982e-15 1e-20
6780.734366 3.060692357e-15 1e-20
6780.846764 3.058947045e-15 1e-20
6780.959162 3.022723893e-15 1e-20
6781.07156 2.988496986e-15 1e-20
6781.183958 2.977669364e-15 1e-20
6781.296356 2.967023854e-15 1e-20
6781.408754 2.958510114e-15 1e-20
6781.521152 2.95082689e-15 1e-20
6781.63355 2.95287438e-15 1e-20
6781.745948 2.953060939e-15 1e-20
6781.858346 2.931437247e-15 1e-20
6781.970744 2.914260689e-15 1e-20
6782.083142 2.949191269e-15 1e-20
6782.19554 2.98146386e-15 1e-20
6782.307938 2.982594437e-15 1e-20
6782.420336 2.987105311e-15 1e-20
6782.532734 3.03121794e-15 1e-20
6782.645132 3.073625068e-15 1e-20
6782.75753 3.096052594e-15 1e-20
6782.869928 3.114304884e-15 1e-20
6782.982326 3.083652244e-15 1e-20
6783.094724 3.057303166e-15 1e-20
6783.207122 3.081356784e-15 1e-20
6783.31952 3.099631308e-15 1e-20
6783.431918 3.050227053e-15 1e-20
6783.544316 2.997461559e-15 1e-20
6783.656714 2.905334232e-15 1e-20
6783.769112 2.822754449e-15 1e-20
6783.88151 2.851963533e-15 1e-20
6783.993908 2.88322519e-15 1e-20
6784.106306 2.938517383e-15 1e-20
6784.218704 2.991963045e-15 1e-20
6784.331102 3.023794331e-15 1e-20
6784.4435 3.053273619e-15 1e-20
6784.555898 3.055226241e-15 1e-20
6784.668296 3.059874335e-15 1e-20
6784.780694 3.096073982e-15 1e-20
6784.893092 3.132331862e-15 1e-20
6785.00549 3.169269487e-15 1e-20
6785.117888 3.201082562e-15 1e-20
6785.230286 3.172928457e-15 1e-20
6785.342684 3.139459221e-15 1e-20
6785.455082 3.043799979e-15 1e-20
6785.56748 2.952180448e-15 1e-20
6785.679878 2.907825144e-15 1e-20
6785.792276 2.872750781e-15 1e-20
6785.904674 2.946246559e-15 1e-20
6786.017072 3.014507462e-15 1e-20
6786.12947 3.021534447e-15 1e-20
6786.241868 3.026778005e-15 1e-20
6786.354266 3.01116147e-15 1e-20
6786.466664 2.997151968e-15 1e-20
6786.579062 3.001938552e-15 1e-20
6786.69146 3.006451967e-15 1e-20
6786.803858 3.007772491e-15 1e-20
6786.916256 3.013041036e-15 1e-20
6787.028654 3.064474359e-15 1e-20
6787.141052 3.115304806e-15 1e-20
6787.25345 3.15909048e-15 1e-20
6787.365848 3.199583526e-15 1e-20
6787.478246 3.201583159e-15 1e-20
6787.590644 3.202661431e-15 1e-20
6787.703042 3.192970739e-15 1e-20
6787.81544 3.181636168e-15 1e-20
6787.927838 3.151083054e-15 1e-20
6788.040236 3.122060741e-15 1e-20
6788.152634 3.110931787e-15 1e-20
6788.265032 3.098991799e-15 1e-20
6788.37743 3.077575206e-15 1e-20
6788.489828 3.055793542e-15 1e-20
6788.602226 3.029745585e-15 1e-20
6788.714624 3.005679261e-15 1e-20
6788.827022 3.004768277e-15 1e-20
6788.93942 3.00129163e-15 1e-20
6789.051818 2.967842511e-15 1e-20
6789.164216 2.937342549e-15 1e-20
6789.276614 2.941294169e-15 1e-20
6789.389012 2.949711559e-15 1e-20
6789.50141 3.010295379e-15 1e-20
6789.613808 3.067515207e-15 1e-20
6789.726206 3.085447742e-15 1e-20
6789.838604 3.101732585e-15 1e-20
6789.951002 3.098771993e-15 1e-20
6790.0634 3.093303125e-15 1e-20
6790.175798 3.058544705e-15 1e-20
6790.288196 3.026320819e-15 1e-20
6790.400594 3.023693111e-15 1e-20
6790.512992 3.023829906e-15 1e-20
6790.62539 3.056238022e-15 1e-20
6790.737788 3.087475115e-15 1e-20
6790.850186 3.105042578e-15 1e-20
6790.962584 3.122273558e-15 1e-20
6791.074982 3.135574093e-15 1e-20
6791.18738 3.144082962e-15 1e-20
6791.299778 3.096663728e-15 1e-20
6791.412176 3.050077128e-15 1e-20
6791.524574 3.013207054e-15 1e-20
6791.636972 2.984496237e-15 1e-20
6791.74937 3.051002935e-15 1e-20
6791.861768 3.115609526e-15 1e-20
6791.974166 3.1580427e-15 1e-20
6792.086564 3.192514612e-15 1e-20
6792.198962 3.134099408e-15 1e-20
6792.31136 3.079377692e-15 1e-20
6792.423758 3.067745177e-15 1e-20
6792.536156 3.056938942e-15 1e-20
6792.648554 3.055772366e-15 1e-20
6792.760952 3.057579722e-15 1e-20
6792.87335 3.09407329e-15 1e-20
6792.985748 3.130934258e-15 1e-20
6793.098146 3.172081001e-15 1e-20
6793.210544 3.201187594e-15 1e-20
6793.322942 3.089885771e-15 1e-20
6793.43534 2.982891745e-15 1e-20
6793.547738 2.926130585e-15 1e-20
6793.660136 2.879801271e-15 1e-20
6793.772534 2.955103982e-15 1e-20
6793.884932 3.025499408e-15 1e-20
6793.99733 3.038681994e-15 1e-20
6794.109728 3.044721339e-15 1e-20
6794.222126 2.967491204e-15 1e-20
6794.334524 2.896862632e-15 1e-20
6794.446922 2.903185098e-15 1e-20
6794.55932 2.910787854e-15 1e-20
6794.671718 2.933311307e-15 1e-20
6794.784116 2.954572046e-15 1e-20
6794.896514 2.961114528e-15 1e-20
6795.008912 2.968292709e-15 1e-20
6795.12131 2.982878828e-15 1e-20
6795.233708 2.992867464e-15 1e-20
6795.346106 2.949288466e-15 1e-20
6795.458504 2.916203783e-15 1e-20
6795.570902 3.005390211e-15 1e-20
6795.6833 3.087700214e-15 1e-20
6795.795698 3.089905253e-15 1e-20
6795.908096 3.087910914e-15 1e-20
6796.020494 3.037000422e-15 1e-20
6796.132892 2.995122266e-15 1e-20
6796.24529 3.05845259e-15 1e-20
6796.357688 3.111732021e-15 1e-20
6796.470086 3.047955099e-15 1e-20
6796.582484 2.989953459e-15 1e-20
6796.694882 2.999203059e-15 1e-20
6796.80728 3.009556766e-15 1e-20
6796.919678 3.032767163e-15 1e-20
6797.032076 3.051760394e-15 1e-20
6797.144474 3.021648161e-15 1e-20
6797.256872 2.994619128e-15 1e-20
6797.36927 3.003482057e-15 1e-20
6797.481668 3.01086882e-15 1e-20
6797.594066 3.001070766e-15 1e-20
6797.706464 2.99225993e-15 1e-20
6797.818862 2.99493846e-15 1e-20
6797.93126 3.001099777e-15 1e-20
6798.043658 3.047797974e-15 1e-20
6798.156056 3.088120978e-15 1e-20
6798.268454 3.054253424e-15 1e-20
6798.380852 3.019591989e-15 1e-20
6798.49325 2.975692812e-15 1e-20
6798.605648 2.939638431e-15 1e-20
6798.718046 2.994859474e-15 1e-20
6798.830444 3.053510576e-15 1e-20
6798.942842 3.152064342e-15 1e-20
6799.05524 3.242493579e-15 1e-20
6799.167638 3.238408128e-15 1e-20
6799.280036 3.229939916e-15 1e-20
6799.392434 3.170493873e-15 1e-20
6799.504832 3.113840921e-15 1e-20
6799.61723 3.089677824e-15 1e-20
6799.729628 3.06650152e-15 1e-20
6799.842026 3.054801666e-15 1e-20
6799.954424 3.047317495e-15 1e-20
6800.066822 3.088859167e-15 1e-20
6800.17922 3.127693298e-15 1e-20
6800.291618 3.135046815e-15 1e-20
6800.404016 3.13908695e-15 1e-20
6800.516414 3.104604451e-15 1e-20
6800.628812 3.074152346e-15 1e-20
6800.74121 3.090557468e-15 1e-20
6800.853608 3.10611344e-15 1e-20
6800.966006 3.111800419e-15 1e-20
6801.078404 3.118968647e-15 1e-20
6801.190802 3.143352185e-15 1e-20
6801.3032 3.163969813e-15 1e-20
6801.415598 3.140818709e-15 1e-20
6801.527996 3.115278548e-15 1e-20
6801.640394 3.061973918e-15 1e-20
6801.752792 3.009691656e-15 1e-20
6801.86519 2.969291573e-15 1e-20
6801.977588 2.928680154e-15 1e-20
6802.089986 2.885612976e-15 1e-20
6802.202384 2.850437392e-15 1e-20
6802.314782 2.906943595e-15 1e-20
6802.42718 2.965259907e-15 1e-20
6802.539578 3.044604236e-15 1e-20
6802.651976 3.116859112e-15 1e-20
6802.764374 3.106767984e-15 1e-20
6802.876772 3.096230471e-15 1e-20
6802.98917 3.08050594e-15 1e-20
6803.101568 3.069637236e-15 1e-20
6803.213966 3.115161869e-15 1e-20
6803.326364 3.155303819e-15 1e-20
6803.438762 3.132940244e-15 1e-20
6803.55116 3.106059865e-15 1e-20
6803.663558 3.026733535e-15 1e-20
6803.775956 2.954719006e-15 1e-20
6803.888354 2.967594119e-15 1e-20
6804.000752 2.97968382e-15 1e-20
6804.11315 2.982657329e-15 1e-20
6804.225548 2.983338132e-15 1e-20
6804.337946 2.957404524e-15 1e-20
6804.450344 2.938081797e-15 1e-20
6804.562742 2.995491149e-15 1e-20
6804.67514 3.053986185e-15 1e-20
6804.787538 3.125084437e-15 1e-20
6804.899936 3.189991301e-15 1e-20
6805.012334 3.183049654e-15 1e-20
6805.124732 3.174696427e-15 1e-20
6805.23713 3.149960312e-15 1e-20
6805.349528 3.127893833e-15 1e-20
6805.461926 3.136801867e-15 1e-20
6805.574324 3.144761436e-15 1e-20
6805.686722 3.141717411e-15 1e-20
6805.79912 3.135981727e-15 1e-20
6805.911518 3.099023139e-15 1e-20
6806.023916 3.057764587e-15 1e-20
6806.136314 2.966631254e-15 1e-20
6806.248712 2.879488716e-15 1e-20
6806.36111 2.838631235e-15 1e-20
6806.473508 2.806478076e-15 1e-20
6806.585906 2.875268798e-15 1e-20
6806.698304 2.9447147e-15 1e-20
6806.810702 3.021757429e-15 1e-20
6806.9231 3.094667484e-15 1e-20
6807.035498 3.119662155e-15 1e-20
6807.147896 3.140152941e-15 1e-20
6807.260294 3.108428804e-15 1e-20
6807.372692 3.076256164e-15 1e-20
6807.48509 3.038882952e-15 1e-20
6807.597488 3.003756708e-15 1e-20
6807.709886 2.994674185e-15 1e-20
6807.822284 2.98611767e-15 1e-20
6807.934682 2.983658734e-15 1e-20
6808.04708 2.985580016e-15 1e-20
6808.159478 3.038264618e-15 1e-20
6808.271876 3.090554292e-15 1e-20
6808.384274 3.138267022e-15 1e-20
6808.496672 3.181646121e-15 1e-20
6808.60907 3.174814165e-15 1e-20
6808.721468 3.164405824e-15 1e-20
6808.833866 3.112563807e-15 1e-20
6808.946264 3.060660593e-15 1e-20
6809.058662 3.008050318e-15 1e-20
6809.17106 2.95974297e-15 1e-20
6809.283458 2.961276312e-15 1e-20
6809.395856 2.964157282e-15 1e-20
6809.508254 2.982644835e-15 1e-20
6809.620652 3.005155795e-15 1e-20
6809.73305 3.074264154e-15 1e-20
6809.845448 3.13767177e-15 1e-20
6809.957846 3.135064179e-15 1e-20
6810.070244 3.123840145e-15 1e-20
6810.182642 3.01284283e-15 1e-20
6810.29504 2.915296822e-15 1e-20
6810.407438 2.973493068e-15 1e-20
6810.519836 3.029126615e-15 1e-20
6810.632234 3.055092198e-15 1e-20
6810.744632 3.073851014e-15 1e-20
6810.85703 3.009186401e-15 1e-20
6810.969428 2.958100361e-15 1e-20
6811.081826 3.064186791e-15 1e-20
6811.194224 3.162742674e-15 1e-20
6811.306622 3.17414162e-15 1e-20
6811.41902 3.178498546e-15 1e-20
6811.531418 3.10135862e-15 1e-20
6811.643816 3.030342743e-15 1e-20
6811.756214 3.030187736e-15 1e-20
6811.868612 3.029947814e-15 1e-20
6811.98101 3.028725757e-15 1e-20
6812.093408 3.030899455e-15 1e-20
6812.205806 3.072360236e-15 1e-20
6812.318204 3.113058898e-15 1e-20
6812.430602 3.144943971e-15 1e-20
6812.543 3.167770239e-15 1e-20
6812.655398 3.085809425e-15 1e-20
6812.767796 3.00628256e-15 1e-20
6812.880194 2.954905777e-15 1e-20
6812.992592 2.911131326e-15 1e-20
6813.10499 2.955275507e-15 1e-20
6813.217388 2.998363437e-15 1e-20
6813.329786 3.029239059e-15 1e-20
6813.442184 3.058142152e-15 1e-20
6813.554582 3.064236131e-15 1e-20
6813.66698 3.071745501e-15 1e-20
6813.779378 3.095619125e-15 1e-20
6813.891776 3.117985877e-15 1e-20
6814.004174 3.122932338e-15 1e-20
6814.116572 3.125323088e-15 1e-20
6814.22897 3.0981706e-15 1e-20
6814.341368 3.070962631e-15 1e-20
6814.453766 3.043115576e-15 1e-20
6814.566164 3.016178658e-15 1e-20
6814.678562 2.999762736e-15 1e-20
6814.79096 2.983001436e-15 1e-20
6814.903358 2.962251458e-15 1e-20
6815.015756 2.945215296e-15 1e-20
6815.128154 2.971095964e-15 1e-20
6815.240552 3.004321679e-15 1e-20
6815.35295 3.122415224e-15 1e-20
6815.465348 3.229186056e-15 1e-20
6815.577746 3.205146838e-15 1e-20
6815.690144 3.175485438e-15 1e-20
6815.802542 3.08087567e-15 1e-20
6815.91494 2.997535039e-15 1e-20
6816.027338 3.044363256e-15 1e-20
6816.139736 3.088635762e-15 1e-20
6816.252134 3.103391288e-15 1e-20
6816.364532 3.113149107e-15 1e-20
6816.47693 3.065189466e-15 1e-20
6816.589328 3.023084729e-15 1e-20
6816.701726 3.048590797e-15 1e-20
6816.814124 3.073753817e-15 1e-20
6816.926522 3.094955475e-15 1e-20
6817.03892 3.113178542e-15 1e-20
6817.151318 3.097015035e-15 1e-20
6817.263716 3.084031291e-15 1e-20
6817.376114 3.107755201e-15 1e-20
6817.488512 3.132706251e-15 1e-20
6817.60091 3.171817785e-15 1e-20
6817.713308 3.20705118e-15 1e-20
6817.825706 3.197522271e-15 1e-20
6817.938104 3.189434377e-15 1e-20
6818.050502 3.197979457e-15 1e-20
6818.1629 3.204502246e-15 1e-20
6818.275298 3.187690336e-15 1e-20
6818.387696 3.169041423e-15 1e-20
6818.500094 3.129197205e-15 1e-20
6818.612492 3.095485929e-15 1e-20
6818.72489 3.132533456e-15 1e-20
6818.837288 3.168225942e-15 1e-20
6818.949686 3.18828453e-15 1e-20
6819.062084 3.208606756e-15 1e-20
6819.174482 3.231971524e-15 1e-20
6819.28688 3.252216671e-15 1e-20
6819.399278 3.236481551e-15 1e-20
6819.511676 3.220828806e-15 1e-20
6819.624074 3.206125796e-15 1e-20
6819.736472 3.192820603e-15 1e-20
6819.84887 3.195635081e-15 1e-20
6819.961268 3.195484733e-15 1e-20
6820.073666 3.161145594e-15 1e-20
6820.186064 3.130611962e-15 1e-20
6820.298462 3.143955907e-15 1e-20
6820.41086 3.158280928e-15 1e-20
6820.523258 3.183914051e-15 1e-20
6820.635656 3.20429684e-15 1e-20
6820.748054 3.164155737e-15 1e-20
6820.860452 3.127203925e-15 1e-20
6820.97285 3.127014401e-15 1e-20
6821.085248 3.131096465e-15 1e-20
6821.197646 3.184413165e-15 1e-20
6821.310044 3.233305389e-15 1e-20
6821.422442 3.231205383e-15 1e-20
6821.53484 3.22848429e-15 1e-20
6821.647238 3.218606827e-15 1e-20
6821.759636 3.205557014e-15 1e-20
6821.872034 3.155955399e-15 1e-20
6821.984432 3.105210503e-15 1e-20
6822.09683 3.041295302e-15 1e-20
6822.209228 2.984504496e-15 1e-20
6822.321626 3.009789065e-15 1e-20
6822.434024 3.035414353e-15 1e-20
6822.546422 3.064963944e-15 1e-20
6822.65882 3.095917281e-15 1e-20
6822.771218 3.143040476e-15 1e-20
6822.883616 3.188301047e-15 1e-20
6822.996014 3.212109025e-15 1e-20
6823.108412 3.230918027e-15 1e-20
6823.22081 3.192155258e-15 1e-20
6823.333208 3.152591832e-15 1e-20
6823.445606 3.103805063e-15 1e-20
6823.558004 3.061337161e-15 1e-20
6823.670402 3.091623247e-15 1e-20
6823.7828 3.123900496e-15 1e-20
6823.895198 3.17910121e-15 1e-20
6824.007596 3.226077234e-15 1e-20
6824.119994 3.178372973e-15 1e-20
6824.232392 3.136060078e-15 1e-20
6824.34479 3.155803145e-15 1e-20
6824.457188 3.17356712e-15 1e-20
6824.569586 3.168553109e-15 1e-20
6824.681984 3.164798635e-15 1e-20
6824.794382 3.175537531e-15 1e-20
6824.90678 3.189039448e-15 1e-20
6825.019178 3.234335805e-15 1e-20
6825.131576 3.272002937e-15 1e-20
6825.243974 3.221888232e-15 1e-20
6825.356372 3.17358872e-15 1e-20
6825.46877 3.146173651e-15 1e-20
6825.581168 3.119774387e-15 1e-20
6825.693566 3.105062272e-15 1e-20
6825.805964 3.094257943e-15 1e-20
6825.918362 3.128403535e-15 1e-20
6826.03076 3.161582451e-15 1e-20
6826.143158 3.183640883e-15 1e-20
6826.255556 3.202282384e-15 1e-20
6826.367954 3.181622827e-15 1e-20
6826.480352 3.160895719e-15 1e-20
6826.59275 3.139392729e-15 1e-20
6826.705148 3.113647586e-15 1e-20
6826.817546 3.039125839e-15 1e-20
6826.929944 2.97539868e-15 1e-20
6827.042342 3.035782812e-15 1e-20
6827.15474 3.096804971e-15 1e-20
6827.267138 3.165161165e-15 1e-20
6827.379536 3.223104995e-15 1e-20
6827.491934 3.16135227e-15 1e-20
6827.604332 3.105807449e-15 1e-20
6827.71673 3.121617954e-15 1e-20
6827.829128 3.135487695e-15 1e-20
6827.941526 3.127051247e-15 1e-20
6828.053924 3.11821267e-15 1e-20
6828.166322 3.104753105e-15 1e-20
6828.27872 3.095847612e-15 1e-20
6828.391118 3.13927478e-15 1e-20
6828.503516 3.177326464e-15 1e-20
6828.615914 3.153612295e-15 1e-20
6828.728312 3.132921397e-15 1e-20
6828.84071 3.146963298e-15 1e-20
6828.953108 3.162398356e-15 1e-20
6829.065506 3.193833866e-15 1e-20
6829.177904 3.219470589e-15 1e-20
6829.290302 3.178496429e-15 1e-20
6829.4027 3.13882564e-15 1e-20
6829.515098 3.114124677e-15 1e-20
6829.627496 3.091709009e-15 1e-20
6829.739894 3.095542045e-15 1e-20
6829.852292 3.099577098e-15 1e-20
6829.96469 3.105932175e-15 1e-20
6830.077088 3.113121367e-15 1e-20
6830.189486 3.129889866e-15 1e-20
6830.301884 3.142535221e-15 1e-20
6830.414282 3.107839058e-15 1e-20
6830.52668 3.076652999e-15 1e-20
6830.639078 3.085762414e-15 1e-20
6830.751476 3.102396871e-15 1e-20
6830.863874 3.205410689e-15 1e-20
6830.976272 3.298671769e-15 1e-20
6831.08867 3.279988128e-15 1e-20
6831.201068 3.257930755e-15 1e-20
6831.313466 3.197151059e-15 1e-20
6831.425864 3.143599518e-15 1e-20
6831.538262 3.172999608e-15 1e-20
6831.65066 3.199014319e-15 1e-20
6831.763058 3.186180711e-15 1e-20
6831.875456 3.175745689e-15 1e-20
6831.987854 3.192832249e-15 1e-20
6832.100252 3.214085365e-15 1e-20
6832.21265 3.283139514e-15 1e-20
6832.325048 3.340671686e-15 1e-20
6832.437446 3.266025425e-15 1e-20
6832.549844 3.194938397e-15 1e-20
6832.662242 3.164676874e-15 1e-20
6832.77464 3.140607586e-15 1e-20
6832.887038 3.18756434e-15 1e-20
6832.999436 3.230951485e-15 1e-20
6833.111834 3.233402586e-15 1e-20
6833.224232 3.238339094e-15 1e-20
6833.33663 3.271777626e-15 1e-20
6833.449028 3.300228616e-15 1e-20
6833.561426 3.271487517e-15 1e-20
6833.673824 3.241251617e-15 1e-20
6833.786222 3.193877276e-15 1e-20
6833.89862 3.1524724e-15 1e-20
6834.011018 3.179500586e-15 1e-20
6834.123416 3.203164993e-15 1e-20
6834.235814 3.188270977e-15 1e-20
6834.348212 3.173814877e-15 1e-20
6834.46061 3.164378719e-15 1e-20
6834.573008 3.158078911e-15 1e-20
6834.685406 3.187722523e-15 1e-20
6834.797804 3.214076047e-15 1e-20
6834.910202 3.202725594e-15 1e-20
6835.0226 3.19239518e-15 1e-20
6835.134998 3.193754033e-15 1e-20
6835.247396 3.197453661e-15 1e-20
6835.359794 3.227970776e-15 1e-20
6835.472192 3.25286338e-15 1e-20
6835.58459 3.213317106e-15 1e-20
6835.696988 3.175345254e-15 1e-20
6835.809386 3.155407157e-15 1e-20
6835.921784 3.143569237e-15 1e-20
6836.034182 3.224514458e-15 1e-20
6836.14658 3.296138505e-15 1e-20
6836.258978 3.261001885e-15 1e-20
6836.371376 3.224363686e-15 1e-20
6836.483774 3.170527543e-15 1e-20
6836.596172 3.122970242e-15 1e-20
6836.70857 3.147316934e-15 1e-20
6836.820968 3.168369938e-15 1e-20
6836.933366 3.151710917e-15 1e-20
6837.045764 3.136143299e-15 1e-20
6837.158162 3.133072381e-15 1e-20
6837.27056 3.131079524e-15 1e-20
6837.382958 3.14142942e-15 1e-20
6837.495356 3.149402964e-15 1e-20
6837.607754 3.130171928e-15 1e-20
6837.720152 3.109839114e-15 1e-20
6837.83255 3.076894827e-15 1e-20
6837.944948 3.041878696e-15 1e-20
6838.057346 2.983148608e-15 1e-20
6838.169744 2.933751341e-15 1e-20
6838.282142 2.991158999e-15 1e-20
6838.39454 3.053587868e-15 1e-20
6838.506938 3.173473311e-15 1e-20
6838.619336 3.284579682e-15 1e-20
6838.731734 3.29523938e-15 1e-20
6838.844132 3.304028405e-15 1e-20
6838.95653 3.291418414e-15 1e-20
6839.068928 3.275453325e-15 1e-20
6839.181326 3.221109597e-15 1e-20
6839.293724 3.170047698e-15 1e-20
6839.406122 3.156523759e-15 1e-20
6839.51852 3.146315953e-15 1e-20
6839.630918 3.174037435e-15 1e-20
6839.743316 3.19984547e-15 1e-20
6839.855714 3.203767445e-15 1e-20
6839.968112 3.207794239e-15 1e-20
6840.08051 3.213020221e-15 1e-20
6840.192908 3.219259254e-15 1e-20
6840.305306 3.237081886e-15 1e-20
6840.417704 3.251924868e-15 1e-20
6840.530102 3.232702302e-15 1e-20
6840.6425 3.219002391e-15 1e-20
6840.754898 3.268437563e-15 1e-20
6840.867296 3.317305223e-15 1e-20
6840.979694 3.359684399e-15 1e-20
6841.092092 3.387473009e-15 1e-20
6841.20449 3.248493537e-15 1e-20
6841.316888 3.117208089e-15 1e-20
6841.429286 3.073856308e-15 1e-20
6841.541684 3.040548219e-15 1e-20
6841.654082 3.12201606e-15 1e-20
6841.76648 3.195804064e-15 1e-20
6841.878878 3.181835856e-15 1e-20
6841.991276 3.173001302e-15 1e-20
6842.103674 3.222818486e-15 1e-20
6842.216072 3.266554609e-15 1e-20
6842.32847 3.24081963e-15 1e-20
6842.440868 3.216951724e-15 1e-20
6842.553266 3.214413802e-15 1e-20
6842.665664 3.216805399e-15 1e-20
6842.778062 3.275507112e-15 1e-20
6842.89046 3.325262463e-15 1e-20
6843.002858 3.272838323e-15 1e-20
6843.115256 3.221196842e-15 1e-20
6843.227654 3.178492617e-15 1e-20
6843.340052 3.136804408e-15 1e-20
6843.45245 3.106718857e-15 1e-20
6843.564848 3.08158633e-15 1e-20
6843.677246 3.113008923e-15 1e-20
6843.789644 3.142218219e-15 1e-20
6843.902042 3.146157769e-15 1e-20
6844.01444 3.144272274e-15 1e-20
6844.126838 3.075888128e-15 1e-20
6844.239236 3.01310054e-15 1e-20
6844.351634 3.014201048e-15 1e-20
6844.464032 3.02182985e-15 1e-20
6844.57643 3.103970658e-15 1e-20
6844.688828 3.184810424e-15 1e-20
6844.801226 3.25080149e-15 1e-20
6844.913624 3.312847077e-15 1e-20
6845.026022 3.329863546e-15 1e-20
6845.13842 3.341797393e-15 1e-20
6845.250818 3.2957332e-15 1e-20
6845.363216 3.24948986e-15 1e-20
6845.475614 3.20120157e-15 1e-20
6845.588012 3.160797887e-15 1e-20
6845.70041 3.210344656e-15 1e-20
6845.812808 3.254859625e-15 1e-20
6845.925206 3.241976042e-15 1e-20
6846.037604 3.227643609e-15 1e-20
6846.150002 3.196784082e-15 1e-20
6846.2624 3.172894788e-15 1e-20
6846.374798 3.228506101e-15 1e-20
6846.487196 3.279295679e-15 1e-20
6846.599594 3.275099266e-15 1e-20
6846.711992 3.268467209e-15 1e-20
6846.82439 3.234063696e-15 1e-20
6846.936788 3.200556978e-15 1e-20
6847.049186 3.177277972e-15 1e-20
6847.161584 3.153208048e-15 1e-20
6847.273982 3.120121459e-15 1e-20
6847.38638 3.092473033e-15 1e-20
6847.498778 3.126822125e-15 1e-20
6847.611176 3.162524564e-15 1e-20
6847.723574 3.213652743e-15 1e-20
6847.835972 3.265021268e-15 1e-20
6847.94837 3.319129521e-15 1e-20
6848.060768 3.367997816e-15 1e-20
6848.173166 3.357147747e-15 1e-20
6848.285564 3.339219871e-15 1e-20
6848.397962 3.240635613e-15 1e-20
6848.51036 3.151820608e-15 1e-20
6848.622758 3.174325215e-15 1e-20
6848.735156 3.196661897e-15 1e-20
6848.847554 3.217085979e-15 1e-20
6848.959952 3.234922164e-15 1e-20
6849.07235 3.223275672e-15 1e-20
6849.184748 3.213860478e-15 1e-20
6849.297146 3.229864106e-15 1e-20
6849.409544 3.242534872e-15 1e-20
6849.521942 3.217244798e-15 1e-20
6849.63434 3.192984715e-15 1e-20
6849.746738 3.180455616e-15 1e-20
6849.859136 3.16975759e-15 1e-20
6849.971534 3.179910127e-15 1e-20
6850.083932 3.193069419e-15 1e-20
6850.19633 3.240469171e-15 1e-20
6850.308728 3.287552979e-15 1e-20
6850.421126 3.331040074e-15 1e-20
6850.533524 3.368420909e-15 1e-20
6850.645922 3.33627982e-15 1e-20
6850.75832 3.303766672e-15 1e-20
6850.870718 3.26701963e-15 1e-20
6850.983116 3.231886609e-15 1e-20
6851.095514 3.215128062e-15 1e-20
6851.207912 3.201505232e-15 1e-20
6851.32031 3.223573828e-15 1e-20
6851.432708 3.246563361e-15 1e-20
6851.545106 3.280033021e-15 1e-20
6851.657504 3.307085983e-15 1e-20
6851.769902 3.261118352e-15 1e-20
6851.8823 3.214552504e-15 1e-20
6851.994698 3.16118244e-15 1e-20
6852.107096 3.116247554e-15 1e-20
6852.219494 3.167288277e-15 1e-20
6852.331892 3.215660846e-15 1e-20
6852.44429 3.233679354e-15 1e-20
6852.556688 3.245084653e-15 1e-20
6852.669086 3.181258391e-15 1e-20
6852.781484 3.122355297e-15 1e-20
6852.893882 3.119450821e-15 1e-20
6853.00628 3.12141996e-15 1e-20
6853.118678 3.178819572e-15 1e-20
6853.231076 3.230471641e-15 1e-20
6853.343474 3.216757966e-15 1e-20
6853.455872 3.202239609e-15 1e-20
6853.56827 3.178568003e-15 1e-20
6853.680668 3.159440517e-15 1e-20
6853.793066 3.191979499e-15 1e-20
6853.905464 3.221321991e-15 1e-20
6854.017862 3.214320416e-15 1e-20
6854.13026 3.202631362e-15 1e-20
6854.242658 3.137653135e-15 1e-20
6854.355056 3.076899485e-15 1e-20
6854.467454 3.064166462e-15 1e-20
6854.579852 3.053992538e-15 1e-20
6854.69225 3.072908266e-15 1e-20
6854.804648 3.09673615e-15 1e-20
6854.917046 3.176392822e-15 1e-20
6855.029444 3.256049071e-15 1e-20
6855.141842 3.335699391e-15 1e-20
6855.25424 3.40359607e-15 1e-20
6855.366638 3.337937252e-15 1e-20
6855.479036 3.27410739e-15 1e-20
6855.591434 3.231056729e-15 1e-20
6855.703832 3.193942921e-15 1e-20
6855.81623 3.224274959e-15 1e-20
6855.928628 3.250791538e-15 1e-20
6856.041026 3.233965016e-15 1e-20
6856.153424 3.221949219e-15 1e-20
6856.265822 3.264578481e-15 1e-20
6856.37822 3.303266923e-15 1e-20
6856.490618 3.297199414e-15 1e-20
6856.603016 3.289040369e-15 1e-20
6856.715414 3.257126709e-15 1e-20
6856.827812 3.223290707e-15 1e-20
6856.94021 3.167624549e-15 1e-20
6857.052608 3.121953803e-15 1e-20
6857.165006 3.189776366e-15 1e-20
6857.277404 3.248517678e-15 1e-20
6857.389802 3.204153057e-15 1e-20
6857.5022 3.160929177e-15 1e-20
6857.614598 3.130656643e-15 1e-20
6857.726996 3.105139564e-15 1e-20
6857.839394 3.133605165e-15 1e-20
6857.951792 3.158708892e-15 1e-20
6858.06419 3.145653361e-15 1e-20
6858.176588 3.139038457e-15 1e-20
6858.288986 3.205518685e-15 1e-20
6858.401384 3.264557729e-15 1e-20
6858.513782 3.239155211e-15 1e-20
6858.62618 3.21648988e-15 1e-20
6858.738578 3.224883341e-15 1e-20
6858.850976 3.234927246e-15 1e-20
6858.963374 3.263695238e-15 1e-20
6859.075772 3.286435108e-15 1e-20
6859.18817 3.240785537e-15 1e-20
6859.300568 3.197848802e-15 1e-20
6859.412966 3.185687738e-15 1e-20
6859.525364 3.172648725e-15 1e-20
6859.637762 3.149650722e-15 1e-20
6859.75016 3.130169811e-15 1e-20
6859.862558 3.150582034e-15 1e-20
6859.974956 3.168296881e-15 1e-20
6860.087354 3.15542431e-15 1e-20
6860.199752 3.143134921e-15 1e-20
6860.31215 3.1374562e-15 1e-20
6860.424548 3.133424323e-15 1e-20
6860.536946 3.148062323e-15 1e-20
6860.649344 3.163325857e-15 1e-20
6860.761742 3.185678844e-15 1e-20
6860.87414 3.207558552e-15 1e-20
6860.986538 3.224071672e-15 1e-20
6861.098936 3.239768039e-15 1e-20
6861.211334 3.246207607e-15 1e-20
6861.323732 3.251939691e-15 1e-20
6861.43613 3.249654819e-15 1e-20
6861.548528 3.241569255e-15 1e-20
6861.660926 3.167744404e-15 1e-20
6861.773324 3.100648807e-15 1e-20
6861.885722 3.109809892e-15 1e-20
6861.99812 3.124494478e-15 1e-20
6862.110518 3.2017676e-15 1e-20
6862.222916 3.27332452e-15 1e-20
6862.335314 3.280113701e-15 1e-20
6862.447712 3.28163349e-15 1e-20
6862.56011 3.223457149e-15 1e-20
6862.672508 3.17222055e-15 1e-20
6862.784906 3.199596655e-15 1e-20
6862.897304 3.219932645e-15 1e-20
6863.009702 3.160522813e-15 1e-20
6863.1221 3.10999518e-15 1e-20
6863.234498 3.160066474e-15 1e-20
6863.346896 3.207761629e-15 1e-20
6863.459294 3.228548664e-15 1e-20
6863.571692 3.243417057e-15 1e-20
6863.68409 3.19126185e-15 1e-20
6863.796488 3.14718162e-15 1e-20
6863.908886 3.194533303e-15 1e-20
6864.021284 3.241287193e-15 1e-20
6864.133682 3.281273924e-15 1e-20
6864.24608 3.313972572e-15 1e-20
6864.358478 3.264167458e-15 1e-20
6864.470876 3.216344825e-15 1e-20
6864.583274 3.190962636e-15 1e-20
6864.695672 3.168126628e-15 1e-20
6864.80807 3.174107527e-15 1e-20
6864.920468 3.183797796e-15 1e-20
6865.032866 3.235468076e-15 1e-20
6865.145264 3.282808748e-15 1e-20
6865.257662 3.281155763e-15 1e-20
6865.37006 3.274780146e-15 1e-20
6865.482458 3.214966067e-15 1e-20
6865.594856 3.158760561e-15 1e-20
6865.707254 3.143386489e-15 1e-20
6865.819652 3.128854157e-15 1e-20
6865.93205 3.123844592e-15 1e-20
6866.044448 3.118446875e-15 1e-20
6866.156846 3.108656868e-15 1e-20
6866.269244 3.100676335e-15 1e-20
6866.381642 3.113164354e-15 1e-20
6866.49404 3.11501025e-15 1e-20
6866.606438 2.996490436e-15 1e-20
6866.718836 2.877442284e-15 1e-20
6866.831234 2.752421492e-15 1e-20
6866.943632 2.631799553e-15 1e-20
6867.05603 2.560922801e-15 1e-20
6867.168428 2.487939054e-15 1e-20
6867.280826 2.391131235e-15 1e-20
6867.393224 2.298239249e-15 1e-20
6867.505622 2.24962104e-15 1e-20
6867.61802 2.201043489e-15 1e-20
6867.730418 2.152925453e-15 1e-20
6867.842816 2.099732631e-15 1e-20
6867.955214 1.989177891e-15 1e-20
6868.067612 1.882297368e-15 1e-20
6868.18001 1.816949623e-15 1e-20
6868.292408 1.760640461e-15 1e-20
6868.404806 1.806483048e-15 1e-20
6868.517204 1.850276346e-15 1e-20
6868.629602 1.870907739e-15 1e-20
6868.742 1.891348974e-15 1e-20
6868.854398 1.909639168e-15 1e-20
6868.966796 1.937819107e-15 1e-20
6869.079194 2.077742597e-15 1e-20
6869.191592 2.210016956e-15 1e-20
6869.30399 2.255875743e-15 1e-20
6869.416388 2.293134393e-15 1e-20
6869.528786 2.233241117e-15 1e-20
6869.641184 2.177079656e-15 1e-20
6869.753582 2.163071637e-15 1e-20
6869.86598 2.15124981e-15 1e-20
6869.978378 2.164119205e-15 1e-20
6870.090776 2.181464322e-15 1e-20
6870.203174 2.249354225e-15 1e-20
6870.315572 2.320054795e-15 1e-20
6870.42797 2.422497712e-15 1e-20
6870.540368 2.512443717e-15 1e-20
6870.652766 2.461281868e-15 1e-20
6870.765164 2.400604028e-15 1e-20
6870.877562 2.232482811e-15 1e-20
6870.98996 2.074196494e-15 1e-20
6871.102358 2.026936714e-15 1e-20
6871.214756 1.996351201e-15 1e-20
6871.327154 2.153988903e-15 1e-20
6871.439552 2.308134712e-15 1e-20
6871.55195 2.422870195e-15 1e-20
6871.664348 2.531180721e-15 1e-20
6871.776746 2.566978875e-15 1e-20
6871.889144 2.59660237e-15 1e-20
6872.001542 2.556544276e-15 1e-20
6872.11394 2.511854818e-15 1e-20
6872.226338 2.414905332e-15 1e-20
6872.338736 2.320210649e-15 1e-20
6872.451134 2.250953423e-15 1e-20
6872.563532 2.187785518e-15 1e-20
6872.67593 2.19331749e-15 1e-20
6872.788328 2.208712949e-15 1e-20
6872.900726 2.335377197e-15 1e-20
6873.013124 2.457672661e-15 1e-20
6873.125522 2.530686054e-15 1e-20
6873.23792 2.595452522e-15 1e-20
6873.350318 2.567206091e-15 1e-20
6873.462716 2.535751735e-15 1e-20
6873.575114 2.468121024e-15 1e-20
6873.687512 2.404272739e-15 1e-20
6873.79991 2.383078493e-15 1e-20
6873.912308 2.370152982e-15 1e-20
6874.024706 2.450459752e-15 1e-20
6874.137104 2.524983616e-15 1e-20
6874.249502 2.534306485e-15 1e-20
6874.3619 2.540764476e-15 1e-20
6874.474298 2.514922983e-15 1e-20
6874.586696 2.488321066e-15 1e-20
6874.699094 2.453148446e-15 1e-20
6874.811492 2.419569943e-15 1e-20
6874.92389 2.403961031e-15 1e-20
6875.036288 2.395034151e-15 1e-20
6875.148686 2.461418876e-15 1e-20
6875.261084 2.523180072e-15 1e-20
6875.373482 2.532837094e-15 1e-20
6875.48588 2.54778659e-15 1e-20
6875.598278 2.622374406e-15 1e-20
6875.710676 2.699494215e-15 1e-20
6875.823074 2.805145058e-15 1e-20
6875.935472 2.900411912e-15 1e-20
6876.04787 2.878686788e-15 1e-20
6876.160268 2.850652115e-15 1e-20
6876.272666 2.751536131e-15 1e-20
6876.385064 2.651297193e-15 1e-20
6876.497462 2.538405277e-15 1e-20
6876.60986 2.440068352e-15 1e-20
6876.722258 2.505668089e-15 1e-20
6876.834656 2.570457851e-15 1e-20
6876.947054 2.62612655e-15 1e-20
6877.059452 2.676456613e-15 1e-20
6877.17185 2.666667029e-15 1e-20
6877.284248 2.653779211e-15 1e-20
6877.396646 2.606002953e-15 1e-20
6877.509044 2.564683415e-15 1e-20
6877.621442 2.596058363e-15 1e-20
6877.73384 2.634265478e-15 1e-20
6877.846238 2.749385726e-15 1e-20
6877.958636 2.867797967e-15 1e-20
6878.071034 3.023267053e-15 1e-20
6878.183432 3.157834754e-15 1e-20
6878.29583 3.057137571e-15 1e-20
6878.408228 2.955556933e-15 1e-20
6878.520626 2.844037211e-15 1e-20
6878.633024 2.736912742e-15 1e-20
6878.745422 2.679254574e-15 1e-20
6878.85782 2.627045369e-15 1e-20
6878.970218 2.636154997e-15 1e-20
6879.082616 2.651043295e-15 1e-20
6879.195014 2.730954077e-15 1e-20
6879.307412 2.81393726e-15 1e-20
6879.41981 2.931486163e-15 1e-20
6879.532208 3.03160461e-15 1e-20
6879.644606 2.935636412e-15 1e-20
6879.757004 2.842290205e-15 1e-20
6879.869402 2.778441073e-15 1e-20
6879.9818 2.728636807e-15 1e-20
6880.094198 2.836807361e-15 1e-20
6880.206596 2.93871813e-15 1e-20
6880.318994 2.970231356e-15 1e-20
6880.431392 3.005825162e-15 1e-20
6880.54379 3.087308461e-15 1e-20
6880.656188 3.170108049e-15 1e-20
6880.768586 3.267711444e-15 1e-20
6880.880984 3.354222096e-15 1e-20
6880.993382 3.316011592e-15 1e-20
6881.10578 3.278716732e-15 1e-20
6881.218178 3.25171925e-15 1e-20
6881.330576 3.224038849e-15 1e-20
6881.442974 3.188683694e-15 1e-20
6881.555372 3.161714377e-15 1e-20
6881.66777 3.229005215e-15 1e-20
6881.780168 3.295420857e-15 1e-20
6881.892566 3.352001599e-15 1e-20
6882.004964 3.402658616e-15 1e-20
6882.117362 3.386743502e-15 1e-20
6882.22976 3.368611491e-15 1e-20
6882.342158 3.325565277e-15 1e-20
6882.454556 3.288550784e-15 1e-20
6882.566954 3.31930888e-15 1e-20
6882.679352 3.3413635e-15 1e-20
6882.79175 3.265633249e-15 1e-20
6882.904148 3.192088554e-15 1e-20
6883.016546 3.143096804e-15 1e-20
6883.128944 3.097551631e-15 1e-20
6883.241342 3.090720522e-15 1e-20
6883.35374 3.07223911e-15 1e-20
6883.466138 2.922897037e-15 1e-20
6883.578536 2.780198667e-15 1e-20
6883.690934 2.712115853e-15 1e-20
6883.803332 2.656851188e-15 1e-20
6883.91573 2.74553342e-15 1e-20
6884.028128 2.828590083e-15 1e-20
6884.140526 2.848476722e-15 1e-20
6884.252924 2.870040063e-15 1e-20
6884.365322 2.910430194e-15 1e-20
6884.47772 2.95817003e-15 1e-20
6884.590118 3.088424427e-15 1e-20
6884.702516 3.208109336e-15 1e-20
6884.814914 3.209140386e-15 1e-20
6884.927312 3.206559477e-15 1e-20
6885.03971 3.163435759e-15 1e-20
6885.152108 3.116740103e-15 1e-20
6885.264506 3.029950778e-15 1e-20
6885.376904 2.938237439e-15 1e-20
6885.489302 2.791264517e-15 1e-20
6885.6017 2.654965904e-15 1e-20
6885.714098 2.638453844e-15 1e-20
6885.826496 2.62972284e-15 1e-20
6885.938894 2.708300604e-15 1e-20
6886.051292 2.78183217e-15 1e-20
6886.16369 2.798746147e-15 1e-20
6886.276088 2.806630542e-15 1e-20
6886.388486 2.71321276e-15 1e-20
6886.500884 2.618969333e-15 1e-20
6886.613282 2.515464448e-15 1e-20
6886.72568 2.423457824e-15 1e-20
6886.838078 2.4604234e-15 1e-20
6886.950476 2.501499204e-15 1e-20
6887.062874 2.588670965e-15 1e-20
6887.175272 2.681601702e-15 1e-20
6887.28767 2.839116796e-15 1e-20
6887.400068 2.993709203e-15 1e-20
6887.512466 3.115530752e-15 1e-20
6887.624864 3.226798906e-15 1e-20
6887.737262 3.219738251e-15 1e-20
6887.84966 3.207361194e-15 1e-20
6887.962058 3.135375887e-15 1e-20
6888.074456 3.062331577e-15 1e-20
6888.186854 2.977415889e-15 1e-20
6888.299252 2.896079127e-15 1e-20
6888.41165 2.854862504e-15 1e-20
6888.524048 2.81189824e-15 1e-20
6888.636446 2.749346551e-15 1e-20
6888.748844 2.682537462e-15 1e-20
6888.861242 2.568012467e-15 1e-20
6888.97364 2.468834861e-15 1e-20
6889.086038 2.541642425e-15 1e-20
6889.198436 2.61467657e-15 1e-20
6889.310834 2.690247368e-15 1e-20
6889.423232 2.754943321e-15 1e-20
6889.53563 2.697795067e-15 1e-20
6889.648028 2.636480681e-15 1e-20
6889.760426 2.528489698e-15 1e-20
6889.872824 2.436788852e-15 1e-20
6889.985222 2.527570667e-15 1e-20
6890.09762 2.624781462e-15 1e-20
6890.210018 2.794006151e-15 1e-20
6890.322416 2.959379169e-15 1e-20
6890.434814 3.081614706e-15 1e-20
6890.547212 3.196879161e-15 1e-20
6890.65961 3.23407746e-15 1e-20
6890.772008 3.263908266e-15 1e-20
6890.884406 3.211239546e-15 1e-20
6890.996804 3.156217768e-15 1e-20
6891.109202 3.074847336e-15 1e-20
6891.2216 3.000854349e-15 1e-20
6891.333998 3.009456816e-15 1e-20
6891.446396 3.019567425e-15 1e-20
6891.558794 3.0465594e-15 1e-20
6891.671192 3.068285584e-15 1e-20
6891.78359 3.03106505e-15 1e-20
6891.895988 2.984512966e-15 1e-20
6892.008386 2.833514944e-15 1e-20
6892.120784 2.686164669e-15 1e-20
6892.233182 2.579639688e-15 1e-20
6892.34558 2.481650893e-15 1e-20
6892.457978 2.479186239e-15 1e-20
6892.570376 2.482126714e-15 1e-20
6892.682774 2.545547459e-15 1e-20
6892.795172 2.597847508e-15 1e-20
6892.90757 2.525720747e-15 1e-20
6893.019968 2.454560662e-15 1e-20
6893.132366 2.39421507e-15 1e-20
6893.244764 2.346027366e-15 1e-20
6893.357162 2.433850706e-15 1e-20
6893.46956 2.524393658e-15 1e-20
6893.581958 2.645356527e-15 1e-20
6893.694356 2.770785166e-15 1e-20
6893.806754 2.946160797e-15 1e-20
6893.919152 3.105708135e-15 1e-20
6894.03155 3.08823808e-15 1e-20
6894.143948 3.073689019e-15 1e-20
6894.256346 3.091804512e-15 1e-20
6894.368744 3.117913032e-15 1e-20
6894.481142 3.233394328e-15 1e-20
6894.59354 3.339109122e-15 1e-20
6894.705938 3.335626546e-15 1e-20
6894.818336 3.32899089e-15 1e-20
6894.930734 3.287104899e-15 1e-20
6895.043132 3.239233561e-15 1e-20
6895.15553 3.124457209e-15 1e-20
6895.267928 3.016029368e-15 1e-20
6895.380326 2.978562772e-15 1e-20
6895.492724 2.942760171e-15 1e-20
6895.605122 2.925557144e-15 1e-20
6895.71752 2.892944258e-15 1e-20
6895.829918 2.688118986e-15 1e-20
6895.942316 2.495474259e-15 1e-20
6896.054714 2.438940104e-15 1e-20
6896.167112 2.395947041e-15 1e-20
6896.27951 2.50425545e-15 1e-20
6896.391908 2.606156478e-15 1e-20
6896.504306 2.636471575e-15 1e-20
6896.616704 2.657955295e-15 1e-20
6896.729102 2.5807817e-15 1e-20
6896.8415 2.511336222e-15 1e-20
6896.953898 2.528219282e-15 1e-20
6897.066296 2.552408637e-15 1e-20
6897.178694 2.658202841e-15 1e-20
6897.291092 2.767257274e-15 1e-20
6897.40349 2.912719089e-15 1e-20
6897.515888 3.053158422e-15 1e-20
6897.628286 3.137508292e-15 1e-20
6897.740684 3.211314297e-15 1e-20
6897.853082 3.16738505e-15 1e-20
6897.96548 3.12439347e-15 1e-20
6898.077878 3.091869945e-15 1e-20
6898.190276 3.066599141e-15 1e-20
6898.302674 3.122301298e-15 1e-20
6898.415072 3.179448917e-15 1e-20
6898.52747 3.252731667e-15 1e-20
6898.639868 3.31666169e-15 1e-20
6898.752266 3.27619342e-15 1e-20
6898.864664 3.232250198e-15 1e-20
6898.977062 3.149519855e-15 1e-20
6899.08946 3.071685997e-15 1e-20
6899.201858 3.048497412e-15 1e-20
6899.314256 3.021376899e-15 1e-20
6899.426654 2.950379233e-15 1e-20
6899.539052 2.876328224e-15 1e-20
6899.65145 2.76820828e-15 1e-20
6899.763848 2.667341691e-15 1e-20
6899.876246 2.647401688e-15 1e-20
6899.988644 2.631592665e-15 1e-20
6900.101042 2.661868164e-15 1e-20
6900.21344 2.690118195e-15 1e-20
6900.325838 2.695771717e-15 1e-20
6900.438236 2.700858996e-15 1e-20
6900.550634 2.699632493e-15 1e-20
6900.663032 2.698491116e-15 1e-20
6900.77543 2.698298628e-15 1e-20
6900.887828 2.704029441e-15 1e-20
6901.000226 2.77581506e-15 1e-20
6901.112624 2.850166553e-15 1e-20
6901.225022 2.953127855e-15 1e-20
6901.33742 3.049984802e-15 1e-20
6901.449818 3.078778416e-15 1e-20
6901.562216 3.11149824e-15 1e-20
6901.674614 3.187991033e-15 1e-20
6901.787012 3.261704922e-15 1e-20
6901.89941 3.304439005e-15 1e-20
6902.011808 3.343026649e-15 1e-20
6902.124206 3.335392977e-15 1e-20
6902.236604 3.325040116e-15 1e-20
6902.349002 3.284378512e-15 1e-20
6902.4614 3.244558857e-15 1e-20
6902.573798 3.214122846e-15 1e-20
6902.686196 3.188712069e-15 1e-20
6902.798594 3.219304358e-15 1e-20
6902.910992 3.247087886e-15 1e-20
6903.02339 3.243576299e-15 1e-20
6903.135788 3.238213522e-15 1e-20
6903.248186 3.212223798e-15 1e-20
6903.360584 3.189477152e-15 1e-20
6903.472982 3.202859214e-15 1e-20
6903.58538 3.202245115e-15 1e-20
6903.697778 3.045717026e-15 1e-20
6903.810176 2.889138327e-15 1e-20
6903.922574 2.731994234e-15 1e-20
6904.034972 2.58971451e-15 1e-20
6904.14737 2.61298801e-15 1e-20
6904.259768 2.641279334e-15 1e-20
6904.372166 2.725451751e-15 1e-20
6904.484564 2.799780586e-15 1e-20
6904.596962 2.764498064e-15 1e-20
6904.70936 2.726762958e-15 1e-20
6904.821758 2.661722263e-15 1e-20
6904.934156 2.607959811e-15 1e-20
6905.046554 2.679765123e-15 1e-20
6905.158952 2.758466554e-15 1e-20
6905.27135 2.913940087e-15 1e-20
6905.383748 3.06840438e-15 1e-20
6905.496146 3.211634899e-15 1e-20
6905.608544 3.347019563e-15 1e-20
6905.720942 3.3950764e-15 1e-20
6905.83334 3.432810871e-15 1e-20
6905.945738 3.355665651e-15 1e-20
6906.058136 3.283880033e-15 1e-20
6906.170534 3.271739509e-15 1e-20
6906.282932 3.262047335e-15 1e-20
6906.39533 3.279599975e-15 1e-20
6906.507728 3.29055677e-15 1e-20
6906.620126 3.228127054e-15 1e-20
6906.732524 3.170169459e-15 1e-20
6906.844922 3.161967004e-15 1e-20
6906.95732 3.159341837e-15 1e-20
6907.069718 3.218762045e-15 1e-20
6907.182116 3.27307168e-15 1e-20
6907.294514 3.270533546e-15 1e-20
6907.406912 3.269960952e-15 1e-20
6907.51931 3.291246466e-15 1e-20
6907.631708 3.312889429e-15 1e-20
6907.744106 3.338508152e-15 1e-20
6907.856504 3.356212199e-15 1e-20
6907.968902 3.2859055e-15 1e-20
6908.0813 3.204539304e-15 1e-20
6908.193698 3.000199593e-15 1e-20
6908.306096 2.807009801e-15 1e-20
6908.418494 2.737788151e-15 1e-20
6908.530892 2.677860358e-15 1e-20
6908.64329 2.721257032e-15 1e-20
6908.755688 2.770592466e-15 1e-20
6908.868086 2.885945436e-15 1e-20
6908.980484 2.985782669e-15 1e-20
6909.092882 2.913160393e-15 1e-20
6909.20528 2.839456245e-15 1e-20
6909.317678 2.753725923e-15 1e-20
6909.430076 2.68259866e-15 1e-20
6909.542474 2.773757828e-15 1e-20
6909.654872 2.872547916e-15 1e-20
6909.76727 3.056130449e-15 1e-20
6909.879668 3.220242236e-15 1e-20
6909.992066 3.168010584e-15 1e-20
6910.104464 3.120946257e-15 1e-20
6910.216862 3.131290224e-15 1e-20
6910.32926 3.137998725e-15 1e-20
6910.441658 3.104319e-15 1e-20
6910.554056 3.072302637e-15 1e-20
6910.666454 3.058761545e-15 1e-20
6910.778852 3.057526995e-15 1e-20
6910.89125 3.192981962e-15 1e-20
6911.003648 3.312272154e-15 1e-20
6911.116046 3.252033923e-15 1e-20
6911.228444 3.196809069e-15 1e-20
6911.340842 3.197257573e-15 1e-20
6911.45324 3.201352977e-15 1e-20
6911.565638 3.24594418e-15 1e-20
6911.678036 3.290264755e-15 1e-20
6911.790434 3.331582387e-15 1e-20
6911.902832 3.362572993e-15 1e-20
6912.01523 3.278910702e-15 1e-20
6912.127628 3.192629809e-15 1e-20
6912.240026 3.077280438e-15 1e-20
6912.352424 2.970151946e-15 1e-20
6912.464822 2.954274737e-15 1e-20
6912.57722 2.941937279e-15 1e-20
6912.689618 2.968884361e-15 1e-20
6912.802016 2.986302112e-15 1e-20
6912.914414 2.897963352e-15 1e-20
6913.026812 2.814714624e-15 1e-20
6913.13921 2.787951559e-15 1e-20
6913.251608 2.768979504e-15 1e-20
6913.364006 2.836456266e-15 1e-20
6913.476404 2.897760064e-15 1e-20
6913.588802 2.890575954e-15 1e-20
6913.7012 2.884000013e-15 1e-20
6913.813598 2.884168996e-15 1e-20
6913.925996 2.889375496e-15 1e-20
6914.038394 2.950462242e-15 1e-20
6914.150792 3.006376157e-15 1e-20
6914.26319 3.004914602e-15 1e-20
6914.375588 3.004805758e-15 1e-20
6914.487986 3.01969935e-15 1e-20
6914.600384 3.0321285e-15 1e-20
6914.712782 3.017226438e-15 1e-20
6914.82518 3.003776613e-15 1e-20
6914.937578 3.006432273e-15 1e-20
6915.049976 3.016836802e-15 1e-20
6915.162374 3.113162024e-15 1e-20
6915.274772 3.202926341e-15 1e-20
6915.38717 3.219948315e-15 1e-20
6915.499568 3.23878781e-15 1e-20
6915.611966 3.277773349e-15 1e-20
6915.724364 3.314525049e-15 1e-20
6915.836762 3.326512471e-15 1e-20
6915.94916 3.331640197e-15 1e-20
6916.061558 3.260735493e-15 1e-20
6916.173956 3.195090863e-15 1e-20
6916.286354 3.187742852e-15 1e-20
6916.398752 3.182242643e-15 1e-20
6916.51115 3.197219668e-15 1e-20
6916.623548 3.211151243e-15 1e-20
6916.735946 3.213498795e-15 1e-20
6916.848344 3.216940925e-15 1e-20
6916.960742 3.232510449e-15 1e-20
6917.07314 3.24765921e-15 1e-20
6917.185538 3.258146325e-15 1e-20
6917.297936 3.259427886e-15 1e-20
6917.410334 3.158734515e-15 1e-20
6917.522732 3.062765682e-15 1e-20
6917.63513 3.019129721e-15 1e-20
6917.747528 2.976996396e-15 1e-20
6917.859926 2.951508751e-15 1e-20
6917.972324 2.929164445e-15 1e-20
6918.084722 2.941629806e-15 1e-20
6918.19712 2.956955173e-15 1e-20
6918.309518 3.003947714e-15 1e-20
6918.421916 3.044854958e-15 1e-20
6918.534314 3.018378826e-15 1e-20
6918.646712 2.98755085e-15 1e-20
6918.75911 2.908538981e-15 1e-20
6918.871508 2.837210972e-15 1e-20
6918.983906 2.850947517e-15 1e-20
6919.096304 2.874852058e-15 1e-20
6919.208702 3.01131203e-15 1e-20
6919.3211 3.137171173e-15 1e-20
6919.433498 3.145693595e-15 1e-20
6919.545896 3.151847925e-15 1e-20
6919.658294 3.131789338e-15 1e-20
6919.770692 3.117107292e-15 1e-20
6919.88309 3.161925923e-15 1e-20
6919.995488 3.206484091e-15 1e-20
6920.107886 3.248159806e-15 1e-20
6920.220284 3.286365227e-15 1e-20
6920.332682 3.286174221e-15 1e-20
6920.44508 3.282394972e-15 1e-20
6920.557478 3.238918465e-15 1e-20
6920.669876 3.200695044e-15 1e-20
6920.782274 3.220588249e-15 1e-20
6920.894672 3.240460489e-15 1e-20
6921.00707 3.260101488e-15 1e-20
6921.119468 3.276749709e-15 1e-20
6921.231866 3.260294612e-15 1e-20
6921.344264 3.240715657e-15 1e-20
6921.456662 3.186587499e-15 1e-20
6921.56906 3.143142332e-15 1e-20
6921.681458 3.21783645e-15 1e-20
6921.793856 3.286297676e-15 1e-20
6921.906254 3.285835196e-15 1e-20
6922.018652 3.282624518e-15 1e-20
6922.13105 3.249029921e-15 1e-20
6922.243448 3.214278065e-15 1e-20
6922.355846 3.166730929e-15 1e-20
6922.468244 3.120859648e-15 1e-20
6922.580642 3.093515095e-15 1e-20
6922.69304 3.065809283e-15 1e-20
6922.805438 3.034111192e-15 1e-20
6922.917836 3.002161957e-15 1e-20
6923.030234 2.967438476e-15 1e-20
6923.142632 2.934011591e-15 1e-20
6923.25503 2.914917563e-15 1e-20
6923.367428 2.903300718e-15 1e-20
6923.479826 2.974311937e-15 1e-20
6923.592224 3.03988711e-15 1e-20
6923.704622 3.045395577e-15 1e-20
6923.81702 3.046430651e-15 1e-20
6923.929418 2.998040083e-15 1e-20
6924.041816 2.954011733e-15 1e-20
6924.154214 2.958175747e-15 1e-20
6924.266612 2.970608073e-15 1e-20
6924.37901 3.074378503e-15 1e-20
6924.491408 3.17380429e-15 1e-20
6924.603806 3.225242483e-15 1e-20
6924.716204 3.272820112e-15 1e-20
6924.828602 3.277759584e-15 1e-20
6924.941 3.281165504e-15 1e-20
6925.053398 3.267635e-15 1e-20
6925.165796 3.253516443e-15 1e-20
6925.278194 3.232904319e-15 1e-20
6925.390592 3.216450916e-15 1e-20
6925.50299 3.245914322e-15 1e-20
6925.615388 3.268761977e-15 1e-20
6925.727786 3.21856384e-15 1e-20
6925.840184 3.167335075e-15 1e-20
6925.952582 3.104729811e-15 1e-20
6926.06498 3.046403758e-15 1e-20
6926.177378 3.035314191e-15 1e-20
6926.289776 3.029904191e-15 1e-20
6926.402174 3.087182042e-15 1e-20
6926.514572 3.145544094e-15 1e-20
6926.62697 3.215875357e-15 1e-20
6926.739368 3.278792753e-15 1e-20
6926.851766 3.259893754e-15 1e-20
6926.964164 3.242298126e-15 1e-20
6927.076562 3.239087236e-15 1e-20
6927.18896 3.236245017e-15 1e-20
6927.301358 3.237471945e-15 1e-20
6927.413756 3.238384199e-15 1e-20
6927.526154 3.235823195e-15 1e-20
6927.638552 3.230816383e-15 1e-20
6927.75095 3.198830301e-15 1e-20
6927.863348 3.172597903e-15 1e-20
6927.975746 3.20983093e-15 1e-20
6928.088144 3.235629648e-15 1e-20
6928.200542 3.135311301e-15 1e-20
6928.31294 3.043701299e-15 1e-20
6928.425338 3.048130858e-15 1e-20
6928.537736 3.053984279e-15 1e-20
6928.650134 3.075540209e-15 1e-20
6928.762532 3.093376817e-15 1e-20
6928.87493 3.070200937e-15 1e-20
6928.987328 3.047588757e-15 1e-20
6929.099726 3.031194223e-15 1e-20
6929.212124 3.01581274e-15 1e-20
6929.324522 3.011601292e-15 1e-20
6929.43692 3.006557634e-15 1e-20
6929.549318 2.992341668e-15 1e-20
6929.661716 2.978335555e-15 1e-20
6929.774114 2.966645653e-15 1e-20
6929.886512 2.96466529e-15 1e-20
6929.99891 3.069700129e-15 1e-20
6930.111308 3.166399104e-15 1e-20
6930.223706 3.171232697e-15 1e-20
6930.336104 3.177193692e-15 1e-20
6930.448502 3.195578754e-15 1e-20
6930.5609 3.205008348e-15 1e-20
6930.673298 3.115763686e-15 1e-20
6930.785696 3.031499366e-15 1e-20
6930.898094 3.002109229e-15 1e-20
6931.010492 2.982838806e-15 1e-20
6931.12289 3.075052106e-15 1e-20
6931.235288 3.152042531e-15 1e-20
6931.347686 3.06134309e-15 1e-20
6931.460084 2.977157544e-15 1e-20
6931.572482 2.964715901e-15 1e-20
6931.68488 2.964705313e-15 1e-20
6931.797278 3.101603836e-15 1e-20
6931.909676 3.236196948e-15 1e-20
6932.022074 3.345403424e-15 1e-20
6932.134472 3.437938173e-15 1e-20
6932.24687 3.346892296e-15 1e-20
6932.359268 3.262204036e-15 1e-20
6932.471666 3.247516485e-15 1e-20
6932.584064 3.238025692e-15 1e-20
6932.696462 3.285749011e-15 1e-20
6932.80886 3.324853769e-15 1e-20
6932.921258 3.269084696e-15 1e-20
6933.033656 3.211632993e-15 1e-20
6933.146054 3.135661337e-15 1e-20
6933.258452 3.06721811e-15 1e-20
6933.37085 3.081637999e-15 1e-20
6933.483248 3.092990358e-15 1e-20
6933.595646 3.070580196e-15 1e-20
6933.708044 3.04933068e-15 1e-20
6933.820442 3.04085061e-15 1e-20
6933.93284 3.030705273e-15 1e-20
6934.045238 3.002236707e-15 1e-20
6934.157636 2.980390457e-15 1e-20
6934.270034 3.031407251e-15 1e-20
6934.382432 3.080101693e-15 1e-20
6934.49483 3.103248774e-15 1e-20
6934.607228 3.121465065e-15 1e-20
6934.719626 3.085439483e-15 1e-20
6934.832024 3.056824804e-15 1e-20
6934.944422 3.109728576e-15 1e-20
6935.05682 3.156728741e-15 1e-20
6935.169218 3.138799594e-15 1e-20
6935.281616 3.122503951e-15 1e-20
6935.394014 3.12417197e-15 1e-20
6935.506412 3.130547376e-15 1e-20
6935.61881 3.188686023e-15 1e-20
6935.731208 3.247023935e-15 1e-20
6935.843606 3.307552698e-15 1e-20
6935.956004 3.361798593e-15 1e-20
6936.068402 3.346968105e-15 1e-20
6936.1808 3.326892366e-15 1e-20
6936.293198 3.249152952e-15 1e-20
6936.405596 3.170912307e-15 1e-20
6936.517994 3.087160654e-15 1e-20
6936.630392 3.018057589e-15 1e-20
6936.74279 3.109967228e-15 1e-20
6936.855188 3.199322004e-15 1e-20
6936.967586 3.260595309e-15 1e-20
6937.079984 3.315920748e-15 1e-20
6937.192382 3.305882772e-15 1e-20
6937.30478 3.283907138e-15 1e-20
6937.417178 3.130754052e-15 1e-20
6937.529576 2.987110393e-15 1e-20
6937.641974 2.947952907e-15 1e-20
6937.754372 2.917975352e-15 1e-20
6937.86677 2.988857187e-15 1e-20
6937.979168 3.055972266e-15 1e-20
6938.091566 3.081708303e-15 1e-20
6938.203964 3.103592458e-15 1e-20
6938.316362 3.08316287e-15 1e-20
6938.42876 3.070284158e-15 1e-20
6938.541158 3.140341829e-15 1e-20
6938.653556 3.204685205e-15 1e-20
6938.765954 3.206268098e-15 1e-20
6938.878352 3.204765461e-15 1e-20
6938.99075 3.169378542e-15 1e-20
6939.103148 3.128936319e-15 1e-20
6939.215546 3.032985909e-15 1e-20
6939.327944 2.94442925e-15 1e-20
6939.440342 2.93705371e-15 1e-20
6939.55274 2.926890586e-15 1e-20
6939.665138 2.886121831e-15 1e-20
6939.777536 2.847964055e-15 1e-20
6939.889934 2.838467122e-15 1e-20
6940.002332 2.838394489e-15 1e-20
6940.11473 2.941771896e-15 1e-20
6940.227128 3.040073669e-15 1e-20
6940.339526 3.08266778e-15 1e-20
6940.451924 3.118154013e-15 1e-20
6940.564322 3.075631265e-15 1e-20
6940.67672 3.042276166e-15 1e-20
6940.789118 3.109521265e-15 1e-20
6940.901516 3.16819079e-15 1e-20
6941.013914 3.132762367e-15 1e-20
6941.126312 3.098020675e-15 1e-20
6941.23871 3.070816095e-15 1e-20
6941.351108 3.046612128e-15 1e-20
6941.463506 3.055328732e-15 1e-20
6941.575904 3.062343012e-15 1e-20
6941.688302 3.05068551e-15 1e-20
6941.8007 3.033818542e-15 1e-20
6941.913098 2.959809674e-15 1e-20
6942.025496 2.887264055e-15 1e-20
6942.137894 2.830765475e-15 1e-20
6942.250292 2.780134504e-15 1e-20
6942.36269 2.793855591e-15 1e-20
6942.475088 2.812962113e-15 1e-20
6942.587486 2.891122713e-15 1e-20
6942.699884 2.963232746e-15 1e-20
6942.812282 2.96899617e-15 1e-20
6942.92468 2.978433599e-15 1e-20
6943.037078 3.028149139e-15 1e-20
6943.149476 3.078418639e-15 1e-20
6943.261874 3.134758824e-15 1e-20
6943.374272 3.179222124e-15 1e-20
6943.48667 3.093492225e-15 1e-20
6943.599068 3.009312821e-15 1e-20
6943.711466 2.942125532e-15 1e-20
6943.823864 2.884266405e-15 1e-20
6943.936262 2.928642038e-15 1e-20
6944.04866 2.97576121e-15 1e-20
6944.161058 3.052946452e-15 1e-20
6944.273456 3.121411702e-15 1e-20
6944.385854 3.094323588e-15 1e-20
6944.498252 3.065410542e-15 1e-20
6944.61065 3.016500742e-15 1e-20
6944.723048 2.971744792e-15 1e-20
6944.835446 2.972494628e-15 1e-20
6944.947844 2.97463148e-15 1e-20
6945.060242 2.991961139e-15 1e-20
6945.17264 3.002859488e-15 1e-20
6945.285038 2.943311378e-15 1e-20
6945.397436 2.892953999e-15 1e-20
6945.509834 2.943264156e-15 1e-20
6945.622232 2.994948201e-15 1e-20
6945.73463 3.061677456e-15 1e-20
6945.847028 3.118156766e-15 1e-20
6945.959426 3.062391717e-15 1e-20
6946.071824 3.009573283e-15 1e-20
6946.184222 2.989021723e-15 1e-20
6946.29662 2.978509197e-15 1e-20
6946.409018 3.077914019e-15 1e-20
6946.521416 3.163941014e-15 1e-20
6946.633814 3.103507755e-15 1e-20
6946.746212 3.044335304e-15 1e-20
6946.85861 2.998965254e-15 1e-20
6946.971008 2.956692381e-15 1e-20
6947.083406 2.948322848e-15 1e-20
6947.195804 2.93440885e-15 1e-20
6947.308202 2.859809599e-15 1e-20
6947.4206 2.794227438e-15 1e-20
6947.532998 2.827329486e-15 1e-20
6947.645396 2.865961388e-15 1e-20
6947.757794 2.965104053e-15 1e-20
6947.870192 3.052300378e-15 1e-20
6947.98259 3.008777284e-15 1e-20
6948.094988 2.967068111e-15 1e-20
6948.207386 2.945204497e-15 1e-20
6948.319784 2.929224373e-15 1e-20
6948.432182 2.977609013e-15 1e-20
6948.54458 3.021685219e-15 1e-20
6948.656978 3.018631242e-15 1e-20
6948.769376 3.014699103e-15 1e-20
6948.881774 3.001163728e-15 1e-20
6948.994172 2.98347408e-15 1e-20
6949.10657 2.920352338e-15 1e-20
6949.218968 2.860206223e-15 1e-20
6949.331366 2.832600148e-15 1e-20
6949.443764 2.812440764e-15 1e-20
6949.556162 2.87371301e-15 1e-20
6949.66856 2.930867193e-15 1e-20
6949.780958 2.942993741e-15 1e-20
6949.893356 2.961869235e-15 1e-20
6950.005754 3.054534215e-15 1e-20
6950.118152 3.137707133e-15 1e-20
6950.23055 3.117112374e-15 1e-20
6950.342948 3.096278752e-15 1e-20
6950.455346 3.072831186e-15 1e-20
6950.567744 3.049699563e-15 1e-20
6950.680142 3.030022564e-15 1e-20
6950.79254 3.00743876e-15 1e-20
6950.904938 2.953086562e-15 1e-20
6951.017336 2.907441227e-15 1e-20
6951.129734 2.956946491e-15 1e-20
6951.242132 3.002103088e-15 1e-20
6951.35453 2.999741983e-15 1e-20
6951.466928 2.993000025e-15 1e-20
6951.579326 2.938389905e-15 1e-20
6951.691724 2.883482688e-15 1e-20
6951.804122 2.825329853e-15 1e-20
6951.91652 2.778544411e-15 1e-20
6952.028918 2.855939294e-15 1e-20
6952.141316 2.927534331e-15 1e-20
6952.253714 2.935777443e-15 1e-20
6952.366112 2.945521922e-15 1e-20
6952.47851 2.971666018e-15 1e-20
6952.590908 2.995028669e-15 1e-20
6952.703306 2.988014601e-15 1e-20
6952.815704 2.971497458e-15 1e-20
6952.928102 2.851203745e-15 1e-20
6953.0405 2.747073749e-15 1e-20
6953.152898 2.81944615e-15 1e-20
6953.265296 2.885999435e-15 1e-20
6953.377694 2.889019954e-15 1e-20
6953.490092 2.884223207e-15 1e-20
6953.60249 2.794081325e-15 1e-20
6953.714888 2.714313056e-15 1e-20
6953.827286 2.747786104e-15 1e-20
6953.939684 2.780389249e-15 1e-20
6954.052082 2.803496943e-15 1e-20
6954.16448 2.828391877e-15 1e-20
6954.276878 2.872794403e-15 1e-20
6954.389276 2.915095228e-15 1e-20
6954.501674 2.934456707e-15 1e-20
6954.614072 2.949789909e-15 1e-20
6954.72647 2.921161678e-15 1e-20
6954.838868 2.897533906e-15 1e-20
6954.951266 2.928465855e-15 1e-20
6955.063664 2.948826833e-15 1e-20
6955.176062 2.853850087e-15 1e-20
6955.28846 2.768747417e-15 1e-20
6955.400858 2.79136849e-15 1e-20
6955.513256 2.814608533e-15 1e-20
6955.625654 2.844599641e-15 1e-20
6955.738052 2.867519505e-15 1e-20
6955.85045 2.813310244e-15 1e-20
6955.962848 2.763078649e-15 1e-20
6956.075246 2.756226999e-15 1e-20
6956.187644 2.750042812e-15 1e-20
6956.300042 2.751134637e-15 1e-20
6956.41244 2.750137679e-15 1e-20
6956.524838 2.726359559e-15 1e-20
6956.637236 2.702711246e-15 1e-20
6956.749634 2.680478113e-15 1e-20
6956.862032 2.666775449e-15 1e-20
6956.97443 2.746076792e-15 1e-20
6957.086828 2.824060786e-15 1e-20
6957.199226 2.887685454e-15 1e-20
6957.311624 2.947606047e-15 1e-20
6957.424022 2.967146462e-15 1e-20
6957.53642 2.982414866e-15 1e-20
6957.648818 2.951116151e-15 1e-20
6957.761216 2.927544707e-15 1e-20
6957.873614 2.988189936e-15 1e-20
6957.986012 3.040322697e-15 1e-20
6958.09841 2.999689044e-15 1e-20
6958.210808 2.957985377e-15 1e-20
6958.323206 2.904621242e-15 1e-20
6958.435604 2.851900006e-15 1e-20
6958.548002 2.806184367e-15 1e-20
6958.6604 2.767668508e-15 1e-20
6958.772798 2.807593195e-15 1e-20
6958.885196 2.846248178e-15 1e-20
6958.997594 2.871072808e-15 1e-20
6959.109992 2.889531774e-15 1e-20
6959.22239 2.838650081e-15 1e-20
6959.334788 2.792755507e-15 1e-20
6959.447186 2.801180943e-15 1e-20
6959.559584 2.814687943e-15 1e-20
6959.671982 2.883536686e-15 1e-20
6959.78438 2.943414504e-15 1e-20
6959.896778 2.905599354e-15 1e-20
6960.009176 2.870062722e-15 1e-20
6960.121574 2.859335685e-15 1e-20
6960.233972 2.844639875e-15 1e-20
6960.34637 2.786731197e-15 1e-20
6960.458768 2.733340592e-15 1e-20
6960.571166 2.729139097e-15 1e-20
6960.683564 2.733801167e-15 1e-20
6960.795962 2.834953418e-15 1e-20
6960.90836 2.926350178e-15 1e-20
6961.020758 2.911553995e-15 1e-20
6961.133156 2.894498987e-15 1e-20
6961.245554 2.852856306e-15 1e-20
6961.357952 2.811807607e-15 1e-20
6961.47035 2.777223464e-15 1e-20
6961.582748 2.749535862e-15 1e-20
6961.695146 2.796896439e-15 1e-20
6961.807544 2.841190545e-15 1e-20
6961.919942 2.85211494e-15 1e-20
6962.03234 2.861595357e-15 1e-20
6962.144738 2.855363312e-15 1e-20
6962.257136 2.848936026e-15 1e-20
6962.369534 2.840383958e-15 1e-20
6962.481932 2.826918251e-15 1e-20
6962.59433 2.760000107e-15 1e-20
6962.706728 2.703357955e-15 1e-20
6962.819126 2.758492177e-15 1e-20
6962.931524 2.81007119e-15 1e-20
6963.043922 2.82298336e-15 1e-20
6963.15632 2.829222816e-15 1e-20
6963.268718 2.762896537e-15 1e-20
6963.381116 2.700965087e-15 1e-20
6963.493514 2.686823025e-15 1e-20
6963.605912 2.675579298e-15 1e-20
6963.71831 2.695851338e-15 1e-20
6963.830708 2.716298925e-15 1e-20
6963.943106 2.738655089e-15 1e-20
6964.055504 2.76113492e-15 1e-20
6964.167902 2.784958992e-15 1e-20
6964.2803 2.800299394e-15 1e-20
6964.392698 2.723419719e-15 1e-20
6964.505096 2.652798135e-15 1e-20
6964.617494 2.650199015e-15 1e-20
6964.729892 2.651707157e-15 1e-20
6964.84229 2.697854994e-15 1e-20
6964.954688 2.736827192e-15 1e-20
6965.067086 2.697820478e-15 1e-20
6965.179484 2.66677672e-15 1e-20
6965.291882 2.722261401e-15 1e-20
6965.40428 2.781307856e-15 1e-20
6965.516678 2.879055247e-15 1e-20
6965.629076 2.967048418e-15 1e-20
6965.741474 2.949065696e-15 1e-20
6965.853872 2.923028962e-15 1e-20
6965.96627 2.809494148e-15 1e-20
6966.078668 2.703900904e-15 1e-20
6966.191066 2.684575423e-15 1e-20
6966.303464 2.664106449e-15 1e-20
6966.415862 2.6312187e-15 1e-20
6966.52826 2.600986824e-15 1e-20
6966.640658 2.599597902e-15 1e-20
6966.753056 2.599432942e-15 1e-20
6966.865454 2.612559835e-15 1e-20
6966.977852 2.623990968e-15 1e-20
6967.09025 2.617006546e-15 1e-20
6967.202648 2.605946837e-15 1e-20
6967.315046 2.550641303e-15 1e-20
6967.427444 2.500630149e-15 1e-20
6967.539842 2.508101191e-15 1e-20
6967.65224 2.521675529e-15 1e-20
6967.764638 2.601508385e-15 1e-20
6967.877036 2.677469664e-15 1e-20
6967.989434 2.711406886e-15 1e-20
6968.101832 2.742048726e-15 1e-20
6968.21423 2.736924177e-15 1e-20
6968.326628 2.73449404e-15 1e-20
6968.439026 2.761305173e-15 1e-20
6968.551424 2.781792148e-15 1e-20
6968.663822 2.733652089e-15 1e-20
6968.77622 2.68731261e-15 1e-20
6968.888618 2.660513123e-15 1e-20
6969.001016 2.639009921e-15 1e-20
6969.113414 2.674974093e-15 1e-20
6969.225812 2.706152741e-15 1e-20
6969.33821 2.685412504e-15 1e-20
6969.450608 2.661280535e-15 1e-20
6969.563006 2.600352396e-15 1e-20
6969.675404 2.543096569e-15 1e-20
6969.787802 2.525675007e-15 1e-20
6969.9002 2.517609771e-15 1e-20
6970.012598 2.611025011e-15 1e-20
6970.124996 2.690503807e-15 1e-20
6970.237394 2.618837408e-15 1e-20
6970.349792 2.55090346e-15 1e-20
6970.46219 2.523443499e-15 1e-20
6970.574588 2.504899618e-15 1e-20
6970.686986 2.58303629e-15 1e-20
6970.799384 2.659075496e-15 1e-20
6970.911782 2.712372715e-15 1e-20
6971.02418 2.763764322e-15 1e-20
6971.136578 2.794496371e-15 1e-20
6971.248976 2.812426788e-15 1e-20
6971.361374 2.691582292e-15 1e-20
6971.473772 2.578333775e-15 1e-20
6971.58617 2.54741919e-15 1e-20
6971.698568 2.522307839e-15 1e-20
6971.810966 2.56009292e-15 1e-20
6971.923364 2.596043963e-15 1e-20
6972.035762 2.612118531e-15 1e-20
6972.14816 2.624713064e-15 1e-20
6972.260558 2.599596419e-15 1e-20
6972.372956 2.571330718e-15 1e-20
6972.485354 2.508942506e-15 1e-20
6972.597752 2.455136009e-15 1e-20
6972.71015 2.494309165e-15 1e-20
6972.822548 2.528977589e-15 1e-20
6972.934946 2.514843573e-15 1e-20
6973.047344 2.500780921e-15 1e-20
6973.159742 2.487491397e-15 1e-20
6973.27214 2.480709416e-15 1e-20
6973.384538 2.544416246e-15 1e-20
6973.496936 2.606702602e-15 1e-20
6973.609334 2.653606205e-15 1e-20
6973.721732 2.695410881e-15 1e-20
6973.83413 2.681994937e-15 1e-20
6973.946528 2.666101423e-15 1e-20
6974.058926 2.62338174e-15 1e-20
6974.171324 2.582662748e-15 1e-20
6974.283722 2.563605142e-15 1e-20
6974.39612 2.546894241e-15 1e-20
6974.508518 2.555588611e-15 1e-20
6974.620916 2.565905684e-15 1e-20
6974.733314 2.593787256e-15 1e-20
6974.845712 2.625099946e-15 1e-20
6974.95811 2.693552702e-15 1e-20
6975.070508 2.75226585e-15 1e-20
6975.182906 2.705558547e-15 1e-20
6975.295304 2.665049832e-15 1e-20
6975.407702 2.691625914e-15 1e-20
6975.5201 2.717644437e-15 1e-20
6975.632498 2.737629544e-15 1e-20
6975.744896 2.7521551e-15 1e-20
6975.857294 2.707603496e-15 1e-20
6975.969692 2.661202184e-15 1e-20
6976.08209 2.594789084e-15 1e-20
6976.194488 2.535166647e-15 1e-20
6976.306886 2.549013094e-15 1e-20
6976.419284 2.565295608e-15 1e-20
6976.531682 2.607929741e-15 1e-20
6976.64408 2.646300546e-15 1e-20
6976.756478 2.638555065e-15 1e-20
6976.868876 2.625954391e-15 1e-20
6976.981274 2.56083958e-15 1e-20
6977.093672 2.500778803e-15 1e-20
6977.20607 2.49537685e-15 1e-20
6977.318468 2.493981999e-15 1e-20
6977.430866 2.535921565e-15 1e-20
6977.543264 2.566935252e-15 1e-20
6977.655662 2.479804997e-15 1e-20
6977.76806 2.406466555e-15 1e-20
6977.880458 2.482249322e-15 1e-20
6977.992856 2.55281606e-15 1e-20
6978.105254 2.566990733e-15 1e-20
6978.217652 2.570613705e-15 1e-20
6978.33005 2.46017289e-15 1e-20
6978.442448 2.359438227e-15 1e-20
6978.554846 2.363622358e-15 1e-20
6978.667244 2.369917507e-15 1e-20
6978.779642 2.399031088e-15 1e-20
6978.89204 2.426289667e-15 1e-20
6979.004438 2.43350067e-15 1e-20
6979.116836 2.445890644e-15 1e-20
6979.229234 2.514244721e-15 1e-20
6979.341632 2.583704599e-15 1e-20
6979.45403 2.665110394e-15 1e-20
6979.566428 2.735639228e-15 1e-20
6979.678826 2.688649228e-15 1e-20
6979.791224 2.639473248e-15 1e-20
6979.903622 2.566684531e-15 1e-20
6980.01602 2.504738682e-15 1e-20
6980.128418 2.559923302e-15 1e-20
6980.240816 2.601246016e-15 1e-20
6980.353214 2.492837234e-15 1e-20
6980.465612 2.388598606e-15 1e-20
6980.57801 2.329402015e-15 1e-20
6980.690408 2.276119407e-15 1e-20
6980.802806 2.286709013e-15 1e-20
6980.915204 2.307333207e-15 1e-20
6981.027602 2.436319172e-15 1e-20
6981.14 2.556772551e-15 1e-20
6981.252398 2.585094792e-15 1e-20
