3140.415124 1.950378911e-15 1e-20
3141.395585 2.04745884e-15 1e-20
3142.376045 2.153793662e-15 1e-20
3143.356506 2.241778362e-15 1e-20
3144.336966 2.291337836e-15 1e-20
3145.317427 2.253517392e-15 1e-20
3146.297887 2.106858719e-15 1e-20
3147.278348 1.931826772e-15 1e-20
3148.258808 1.759402522e-15 1e-20
3149.239269 1.621311694e-15 1e-20
3150.21973 1.597707956e-15 1e-20
3151.20019 1.658239154e-15 1e-20
3152.180651 1.759295902e-15 1e-20
3153.161111 1.880275077e-15 1e-20
3154.141572 1.993936522e-15 1e-20
3155.122032 2.062659481e-15 1e-20
3156.102493 2.096034909e-15 1e-20
3157.082953 2.091190304e-15 1e-20
3158.063414 2.045582027e-15 1e-20
3159.043874 1.943846382e-15 1e-20
3160.024335 1.790689272e-15 1e-20
3161.004796 1.629529078e-15 1e-20
3161.985256 1.482665106e-15 1e-20
3162.965717 1.373578909e-15 1e-20
3163.946177 1.366751717e-15 1e-20
3164.926638 1.422901108e-15 1e-20
3165.907098 1.50286663e-15 1e-20
3166.887559 1.58546833e-15 1e-20
3167.868019 1.636128417e-15 1e-20
3168.84848 1.605182175e-15 1e-20
3169.82894 1.549677058e-15 1e-20
3170.809401 1.490373847e-15 1e-20
3171.789862 1.444248773e-15 1e-20
3172.770322 1.449624786e-15 1e-20
3173.750783 1.513897434e-15 1e-20
3174.731243 1.6072519e-15 1e-20
3175.711704 1.721251311e-15 1e-20
3176.692164 1.845158149e-15 1e-20
3177.672625 1.958949826e-15 1e-20
3178.653085 2.064401828e-15 1e-20
3179.633546 2.161105674e-15 1e-20
3180.614006 2.245944282e-15 1e-20
3181.594467 2.316842846e-15 1e-20
3182.574928 2.372617636e-15 1e-20
3183.555388 2.410776047e-15 1e-20
3184.535849 2.430464057e-15 1e-20
3185.516309 2.431749429e-15 1e-20
3186.49677 2.410379212e-15 1e-20
3187.47723 2.371049354e-15 1e-20
3188.457691 2.324447507e-15 1e-20
3189.438151 2.276981899e-15 1e-20
3190.418612 2.236069784e-15 1e-20
3191.399072 2.217389954e-15 1e-20
3192.379533 2.210592938e-15 1e-20
3193.359994 2.209380834e-15 1e-20
3194.340454 2.210079637e-15 1e-20
3195.320915 2.205374369e-15 1e-20
3196.301375 2.18845425e-15 1e-20
3197.281836 2.170020907e-15 1e-20
3198.262296 2.153581904e-15 1e-20
3199.242757 2.142617486e-15 1e-20
3200.223217 2.142299425e-15 1e-20
3201.203678 2.154797396e-15 1e-20
3202.184138 2.180881564e-15 1e-20
3203.164599 2.221907605e-15 1e-20
3204.14506 2.279254276e-15 1e-20
3205.12552 2.35655175e-15 1e-20
3206.105981 2.447386293e-15 1e-20
3207.086441 2.54719155e-15 1e-20
3208.066902 2.652012724e-15 1e-20
3209.047362 2.754333457e-15 1e-20
3210.027823 2.848417642e-15 1e-20
3211.008283 2.941194431e-15 1e-20
3211.988744 3.033147692e-15 1e-20
3212.969204 3.124464409e-15 1e-20
3213.949665 3.228187616e-15 1e-20
3214.930126 3.330324331e-15 1e-20
3215.910586 3.412191548e-15 1e-20
3216.891047 3.463456311e-15 1e-20
3217.871507 3.470742065e-15 1e-20
3218.851968 3.409754846e-15 1e-20
3219.832428 3.308439965e-15 1e-20
3220.812889 3.181909124e-15 1e-20
3221.793349 3.043063272e-15 1e-20
3222.77381 2.910506851e-15 1e-20
3223.75427 2.79816233e-15 1e-20
3224.734731 2.705024281e-15 1e-20
3225.715192 2.636440447e-15 1e-20
3226.695652 2.596472562e-15 1e-20
3227.676113 2.593116617e-15 1e-20
3228.656573 2.620441265e-15 1e-20
3229.637034 2.670557452e-15 1e-20
3230.617494 2.737102266e-15 1e-20
3231.597955 2.813440263e-15 1e-20
3232.578415 2.893597532e-15 1e-20
3233.558876 2.96690781e-15 1e-20
3234.539336 3.025172665e-15 1e-20
3235.519797 3.061873968e-15 1e-20
3236.500258 3.058920364e-15 1e-20
3237.480718 3.015992099e-15 1e-20
3238.461179 2.961332851e-15 1e-20
3239.441639 2.907496284e-15 1e-20
3240.4221 2.868360185e-15 1e-20
3241.40256 2.877615291e-15 1e-20
3242.383021 2.917508213e-15 1e-20
3243.363481 2.971938339e-15 1e-20
3244.343942 3.032360799e-15 1e-20
3245.324402 3.085004532e-15 1e-20
3246.304863 3.1118451e-15 1e-20
3247.285323 3.127609654e-15 1e-20
3248.265784 3.135136812e-15 1e-20
3249.246245 3.136304235e-15 1e-20
3250.226705 3.141525558e-15 1e-20
3251.207166 3.148998718e-15 1e-20
3252.187626 3.14538104e-15 1e-20
3253.168087 3.125991609e-15 1e-20
3254.148547 3.085485223e-15 1e-20
3255.129008 3.006423803e-15 1e-20
3256.109468 2.907785969e-15 1e-20
3257.089929 2.804429103e-15 1e-20
3258.070389 2.706810462e-15 1e-20
3259.05085 2.629590703e-15 1e-20
3260.031311 2.587812497e-15 1e-20
3261.011771 2.571163006e-15 1e-20
3261.992232 2.578136204e-15 1e-20
3262.972692 2.606490844e-15 1e-20
3263.953153 2.65529773e-15 1e-20
3264.933613 2.718548856e-15 1e-20
3265.914074 2.787500726e-15 1e-20
3266.894534 2.855324348e-15 1e-20
3267.874995 2.914363392e-15 1e-20
3268.855455 2.950621272e-15 1e-20
3269.835916 2.972102875e-15 1e-20
3270.816377 2.983256816e-15 1e-20
3271.796837 2.986963221e-15 1e-20
3272.777298 2.989177789e-15 1e-20
3273.757758 2.99546362e-15 1e-20
3274.738219 3.000380435e-15 1e-20
3275.718679 3.003771319e-15 1e-20
3276.69914 3.005741518e-15 1e-20
3277.6796 2.998822106e-15 1e-20
3278.660061 2.99009936e-15 1e-20
3279.640521 2.990571793e-15 1e-20
3280.620982 3.005593499e-15 1e-20
3281.601443 3.04280895e-15 1e-20
3282.581903 3.121457018e-15 1e-20
3283.562364 3.21454488e-15 1e-20
3284.542824 3.306196386e-15 1e-20
3285.523285 3.384291765e-15 1e-20
3286.503745 3.427485999e-15 1e-20
3287.484206 3.422610053e-15 1e-20
3288.464666 3.391393078e-15 1e-20
3289.445127 3.34047581e-15 1e-20
3290.425587 3.277690128e-15 1e-20
3291.406048 3.212487225e-15 1e-20
3292.386509 3.153066382e-15 1e-20
3293.366969 3.107079269e-15 1e-20
3294.34743 3.081585695e-15 1e-20
3295.32789 3.085752038e-15 1e-20
3296.308351 3.135711312e-15 1e-20
3297.288811 3.209545268e-15 1e-20
3298.269272 3.295582005e-15 1e-20
3299.249732 3.383966293e-15 1e-20
3300.230193 3.456162087e-15 1e-20
3301.210653 3.503246743e-15 1e-20
3302.191114 3.539060566e-15 1e-20
3303.171575 3.566139575e-15 1e-20
3304.152035 3.587926956e-15 1e-20
3305.132496 3.611450331e-15 1e-20
3306.112956 3.636804145e-15 1e-20
3307.093417 3.663987974e-15 1e-20
3308.073877 3.694106348e-15 1e-20
3309.054338 3.729033751e-15 1e-20
3310.034798 3.77192877e-15 1e-20
3311.015259 3.815855475e-15 1e-20
3311.995719 3.857180942e-15 1e-20
3312.97618 3.892793595e-15 1e-20
3313.956641 3.915481796e-15 1e-20
3314.937101 3.924107557e-15 1e-20
3315.917562 3.925663556e-15 1e-20
3316.898022 3.922511746e-15 1e-20
3317.878483 3.917480794e-15 1e-20
3318.858943 3.917226684e-15 1e-20
3319.839404 3.918481987e-15 1e-20
3320.819864 3.918668334e-15 1e-20
3321.800325 3.916536776e-15 1e-20
3322.780785 3.910441103e-15 1e-20
3323.761246 3.898564007e-15 1e-20
3324.741707 3.880878807e-15 1e-20
3325.722167 3.856910315e-15 1e-20
3326.702628 3.826425176e-15 1e-20
3327.683088 3.788028325e-15 1e-20
3328.663549 3.743028006e-15 1e-20
3329.644009 3.694847925e-15 1e-20
3330.62447 3.645836481e-15 1e-20
3331.60493 3.598512327e-15 1e-20
3332.585391 3.555385221e-15 1e-20
3333.565851 3.519076306e-15 1e-20
3334.546312 3.491980358e-15 1e-20
3335.526773 3.476146136e-15 1e-20
3336.507233 3.473695669e-15 1e-20
3337.487694 3.486244674e-15 1e-20
3338.468154 3.512264467e-15 1e-20
3339.448615 3.55068567e-15 1e-20
3340.429075 3.59983878e-15 1e-20
3341.409536 3.660284322e-15 1e-20
3342.389996 3.727030095e-15 1e-20
3343.370457 3.792595104e-15 1e-20
3344.350917 3.851446529e-15 1e-20
3345.331378 3.8978525e-15 1e-20
3346.311838 3.92477756e-15 1e-20
3347.292299 3.931328936e-15 1e-20
3348.27276 3.916209821e-15 1e-20
3349.25322 3.878607911e-15 1e-20
3350.233681 3.816245534e-15 1e-20
3351.214141 3.728940154e-15 1e-20
3352.194602 3.627252155e-15 1e-20
3353.175062 3.517607551e-15 1e-20
3354.155523 3.406635647e-15 1e-20
3355.135983 3.303758837e-15 1e-20
3356.116444 3.21245525e-15 1e-20
3357.096904 3.134374906e-15 1e-20
3358.077365 3.072016976e-15 1e-20
3359.057826 3.028136857e-15 1e-20
3360.038286 3.008493316e-15 1e-20
3361.018747 3.003449235e-15 1e-20
3361.999207 3.00701842e-15 1e-20
3362.979668 3.014195542e-15 1e-20
3363.960128 3.014420641e-15 1e-20
3364.940589 3.002197532e-15 1e-20
3365.921049 2.989496908e-15 1e-20
3366.90151 2.979526272e-15 1e-20
3367.88197 2.975722458e-15 1e-20
3368.862431 2.991125964e-15 1e-20
3369.842892 3.017192344e-15 1e-20
3370.823352 3.043655136e-15 1e-20
3371.803813 3.065191372e-15 1e-20
3372.784273 3.073963881e-15 1e-20
3373.764734 3.05711936e-15 1e-20
3374.745194 3.028758368e-15 1e-20
3375.725655 2.994880226e-15 1e-20
3376.706115 2.960245261e-15 1e-20
3377.686576 2.935699093e-15 1e-20
3378.667036 2.924821919e-15 1e-20
3379.647497 2.917362947e-15 1e-20
3380.627958 2.910690022e-15 1e-20
3381.608418 2.901725448e-15 1e-20
3382.588879 2.881936006e-15 1e-20
3383.569339 2.856288272e-15 1e-20
3384.5498 2.829553583e-15 1e-20
3385.53026 2.804389928e-15 1e-20
3386.510721 2.783703477e-15 1e-20
3387.491181 2.770437036e-15 1e-20
3388.471642 2.766584942e-15 1e-20
3389.452102 2.773890601e-15 1e-20
3390.432563 2.793418734e-15 1e-20
3391.413024 2.83101535e-15 1e-20
3392.393484 2.883940298e-15 1e-20
3393.373945 2.940369421e-15 1e-20
3394.354405 2.99399783e-15 1e-20
3395.334866 3.038006485e-15 1e-20
3396.315326 3.059695611e-15 1e-20
3397.295787 3.063877201e-15 1e-20
3398.276247 3.054190744e-15 1e-20
3399.256708 3.032824126e-15 1e-20
3400.237168 3.001912717e-15 1e-20
3401.217629 2.963808728e-15 1e-20
3402.19809 2.926194748e-15 1e-20
3403.17855 2.894567596e-15 1e-20
3404.159011 2.873816772e-15 1e-20
3405.139471 2.874423247e-15 1e-20
3406.119932 2.895556296e-15 1e-20
3407.100392 2.92908313e-15 1e-20
3408.080853 2.971215396e-15 1e-20
3409.061313 3.017468054e-15 1e-20
3410.041774 3.062647309e-15 1e-20
3411.022234 3.102796671e-15 1e-20
3412.002695 3.134078444e-15 1e-20
3412.983156 3.153192166e-15 1e-20
3413.963616 3.154165195e-15 1e-20
3414.944077 3.132482211e-15 1e-20
3415.924537 3.100573844e-15 1e-20
3416.904998 3.064190179e-15 1e-20
3417.885458 3.029105016e-15 1e-20
3418.865919 3.006062755e-15 1e-20
3419.846379 2.996128329e-15 1e-20
3420.82684 2.996661113e-15 1e-20
3421.8073 3.007677623e-15 1e-20
3422.787761 3.028808554e-15 1e-20
3423.768222 3.060526338e-15 1e-20
3424.748682 3.097951219e-15 1e-20
3425.729143 3.137168632e-15 1e-20
3426.709603 3.174659581e-15 1e-20
3427.690064 3.204665935e-15 1e-20
3428.670524 3.22312003e-15 1e-20
3429.650985 3.2346977e-15 1e-20
3430.631445 3.240207861e-15 1e-20
3431.611906 3.240681564e-15 1e-20
3432.592366 3.24073768e-15 1e-20
3433.572827 3.238070585e-15 1e-20
3434.553287 3.229408614e-15 1e-20
3435.533748 3.21358498e-15 1e-20
3436.514209 3.18885903e-15 1e-20
3437.494669 3.151568828e-15 1e-20
3438.47513 3.10771645e-15 1e-20
3439.45559 3.060856893e-15 1e-20
3440.436051 3.01415319e-15 1e-20
3441.416511 2.970665672e-15 1e-20
3442.396972 2.933472032e-15 1e-20
3443.377432 2.905735091e-15 1e-20
3444.357893 2.889778896e-15 1e-20
3445.338353 2.887488519e-15 1e-20
3446.318814 2.907391675e-15 1e-20
3447.299275 2.940607014e-15 1e-20
3448.279735 2.977358291e-15 1e-20
3449.260196 3.011235585e-15 1e-20
3450.240656 3.03360382e-15 1e-20
3451.221117 3.032462231e-15 1e-20
3452.201577 3.01743269e-15 1e-20
3453.182038 2.991737099e-15 1e-20
3454.162498 2.958238004e-15 1e-20
3455.142959 2.921772177e-15 1e-20
3456.123419 2.885609164e-15 1e-20
3457.10388 2.850256127e-15 1e-20
3458.084341 2.817845258e-15 1e-20
3459.064801 2.790381485e-15 1e-20
3460.045262 2.771062569e-15 1e-20
3461.025722 2.759080018e-15 1e-20
3462.006183 2.753569433e-15 1e-20
3462.986643 2.753959915e-15 1e-20
3463.967104 2.759270177e-15 1e-20
3464.947564 2.768193245e-15 1e-20
3465.928025 2.780254571e-15 1e-20
3466.908485 2.794491924e-15 1e-20
3467.888946 2.809842279e-15 1e-20
3468.869407 2.82579445e-15 1e-20
3469.849867 2.841008221e-15 1e-20
3470.830328 2.853495392e-15 1e-20
3471.810788 2.861991133e-15 1e-20
3472.791249 2.865180635e-15 1e-20
3473.771709 2.859545537e-15 1e-20
3474.75217 2.848624318e-15 1e-20
3475.73263 2.835113083e-15 1e-20
3476.713091 2.820908129e-15 1e-20
3477.693551 2.809282814e-15 1e-20
3478.674012 2.803629716e-15 1e-20
3479.654473 2.799717906e-15 1e-20
3480.634933 2.796384196e-15 1e-20
3481.615394 2.792594782e-15 1e-20
3482.595854 2.784334517e-15 1e-20
3483.576315 2.772823127e-15 1e-20
3484.556775 2.76184071e-15 1e-20
3485.537236 2.752850938e-15 1e-20
3486.517696 2.747844549e-15 1e-20
3487.498157 2.75224425e-15 1e-20
3488.478617 2.759975543e-15 1e-20
3489.459078 2.767277815e-15 1e-20
3490.439539 2.771569519e-15 1e-20
3491.419999 2.768258467e-15 1e-20
3492.40046 2.75382312e-15 1e-20
3493.38092 2.73425327e-15 1e-20
3494.361381 2.711655067e-15 1e-20
3495.341841 2.688292204e-15 1e-20
3496.322302 2.666310217e-15 1e-20
3497.302762 2.648276038e-15 1e-20
3498.283223 2.636613877e-15 1e-20
3499.263683 2.633119654e-15 1e-20
3500.244144 2.640303129e-15 1e-20
3501.224605 2.664770099e-15 1e-20
3502.205065 2.695517183e-15 1e-20
3503.185526 2.725840751e-15 1e-20
3504.165986 2.750396024e-15 1e-20
3505.146447 2.760265652e-15 1e-20
3506.126907 2.750045776e-15 1e-20
3507.107368 2.727532276e-15 1e-20
3508.087828 2.694971906e-15 1e-20
3509.068289 2.65520985e-15 1e-20
3510.048749 2.609459906e-15 1e-20
3511.02921 2.56375655e-15 1e-20
3512.009671 2.524474761e-15 1e-20
3512.990131 2.496372961e-15 1e-20
3513.970592 2.485896222e-15 1e-20
3514.951052 2.504080961e-15 1e-20
3515.931513 2.536343175e-15 1e-20
3516.911973 2.575208647e-15 1e-20
3517.892434 2.614307688e-15 1e-20
3518.872894 2.64212785e-15 1e-20
3519.853355 2.65300947e-15 1e-20
3520.833815 2.653976358e-15 1e-20
3521.814276 2.645736422e-15 1e-20
3522.794737 2.629674348e-15 1e-20
3523.775197 2.609690723e-15 1e-20
3524.755658 2.585226505e-15 1e-20
3525.736118 2.556057232e-15 1e-20
3526.716579 2.523076945e-15 1e-20
3527.697039 2.4866378e-15 1e-20
3528.6775 2.446313102e-15 1e-20
3529.65796 2.407175098e-15 1e-20
3530.638421 2.372215083e-15 1e-20
3531.618881 2.343911477e-15 1e-20
3532.599342 2.327723831e-15 1e-20
3533.579802 2.324099589e-15 1e-20
3534.560263 2.327417205e-15 1e-20
3535.540724 2.335389267e-15 1e-20
3536.521184 2.345276471e-15 1e-20
3537.501645 2.351470399e-15 1e-20
3538.482105 2.355758504e-15 1e-20
3539.462566 2.359319642e-15 1e-20
3540.443026 2.362427618e-15 1e-20
3541.423487 2.365669001e-15 1e-20
3542.403947 2.36980951e-15 1e-20
3543.384408 2.374777993e-15 1e-20
3544.364868 2.380845079e-15 1e-20
3545.345329 2.388256617e-15 1e-20
3546.32579 2.397929733e-15 1e-20
3547.30625 2.409497027e-15 1e-20
3548.286711 2.421683502e-15 1e-20
3549.267171 2.433815554e-15 1e-20
3550.247632 2.445110739e-15 1e-20
3551.228092 2.454134816e-15 1e-20
3552.208553 2.461431793e-15 1e-20
3553.189013 2.467254933e-15 1e-20
3554.169474 2.471682586e-15 1e-20
3555.149934 2.474674942e-15 1e-20
3556.130395 2.476191131e-15 1e-20
3557.110856 2.476861981e-15 1e-20
3558.091316 2.476896709e-15 1e-20
3559.071777 2.476361808e-15 1e-20
3560.052237 2.478046556e-15 1e-20
3561.032698 2.4794899e-15 1e-20
3562.013158 2.476261646e-15 1e-20
3562.993619 2.466125415e-15 1e-20
3563.974079 2.446159366e-15 1e-20
3564.95454 2.409116286e-15 1e-20
3565.935 2.363784988e-15 1e-20
3566.915461 2.315553873e-15 1e-20
3567.895922 2.268468582e-15 1e-20
3568.876382 2.22941994e-15 1e-20
3569.856843 2.203464944e-15 1e-20
3570.837303 2.184058784e-15 1e-20
3571.817764 2.169612426e-15 1e-20
3572.798224 2.158251808e-15 1e-20
3573.778685 2.146239187e-15 1e-20
3574.759145 2.132947546e-15 1e-20
3575.739606 2.118360156e-15 1e-20
3576.720066 2.101609233e-15 1e-20
3577.700527 2.081917199e-15 1e-20
3578.680988 2.058508596e-15 1e-20
3579.661448 2.031395495e-15 1e-20
3580.641909 2.000598224e-15 1e-20
3581.622369 1.966287249e-15 1e-20
3582.60283 1.928080557e-15 1e-20
3583.58329 1.886365879e-15 1e-20
3584.563751 1.843653819e-15 1e-20
3585.544211 1.801341982e-15 1e-20
3586.524672 1.760829243e-15 1e-20
3587.505132 1.726143032e-15 1e-20
3588.485593 1.695057347e-15 1e-20
3589.466054 1.664926796e-15 1e-20
3590.446514 1.634436787e-15 1e-20
3591.426975 1.601464865e-15 1e-20
3592.407435 1.562450315e-15 1e-20
3593.387896 1.521911213e-15 1e-20
3594.368356 1.481878953e-15 1e-20
3595.348817 1.444037015e-15 1e-20
3596.329277 1.411095374e-15 1e-20
3597.309738 1.384393084e-15 1e-20
3598.290198 1.362881941e-15 1e-20
3599.270659 1.34654977e-15 1e-20
3600.25112 1.335213187e-15 1e-20
3601.23158 1.330102825e-15 1e-20
3602.212041 1.328280645e-15 1e-20
3603.192501 1.326958321e-15 1e-20
3604.172962 1.324109643e-15 1e-20
3605.153422 1.316803984e-15 1e-20
3606.133883 1.301337586e-15 1e-20
3607.114343 1.282046199e-15 1e-20
3608.094804 1.260620077e-15 1e-20
3609.075264 1.238637772e-15 1e-20
3610.055725 1.218727839e-15 1e-20
3611.036186 1.202086289e-15 1e-20
3612.016646 1.188396542e-15 1e-20
3612.997107 1.178099692e-15 1e-20
3613.977567 1.171564515e-15 1e-20
3614.958028 1.170511442e-15 1e-20
3615.938488 1.172270729e-15 1e-20
3616.918949 1.174642104e-15 1e-20
3617.899409 1.176000639e-15 1e-20
3618.87987 1.173763625e-15 1e-20
3619.86033 1.165206686e-15 1e-20
3620.840791 1.153708108e-15 1e-20
3621.821252 1.140361833e-15 1e-20
3622.801712 1.126225489e-15 1e-20
3623.782173 1.113615074e-15 1e-20
3624.762633 1.102798675e-15 1e-20
3625.743094 1.092847838e-15 1e-20
3626.723554 1.083699035e-15 1e-20
3627.704015 1.075233999e-15 1e-20
3628.684475 1.067484707e-15 1e-20
3629.664936 1.059841505e-15 1e-20
3630.645396 1.051840855e-15 1e-20
3631.625857 1.043151674e-15 1e-20
3632.606317 1.03286647e-15 1e-20
3633.586778 1.020332288e-15 1e-20
3634.567239 1.007920715e-15 1e-20
3635.547699 9.966904341e-16 1e-20
3636.52816 9.876380872e-16 1e-20
3637.50862 9.829804647e-16 1e-20
3638.489081 9.823605425e-16 1e-20
3639.469541 9.845416523e-16 1e-20
3640.450002 9.889843401e-16 1e-20
3641.430462 9.950327907e-16 1e-20
3642.410923 1.001969143e-15 1e-20
3643.391383 1.009035622e-15 1e-20
3644.371844 1.015516271e-15 1e-20
3645.352305 1.020786192e-15 1e-20
3646.332765 1.023659646e-15 1e-20
3647.313226 1.023530897e-15 1e-20
3648.293686 1.022221066e-15 1e-20
3649.274147 1.020479037e-15 1e-20
3650.254607 1.019091915e-15 1e-20
3651.235068 1.019534172e-15 1e-20
3652.215528 1.021762292e-15 1e-20
3653.195989 1.025443709e-15 1e-20
3654.176449 1.030500284e-15 1e-20
3655.15691 1.036949169e-15 1e-20
3656.137371 1.045270103e-15 1e-20
3657.117831 1.053501675e-15 1e-20
3658.098292 1.060419181e-15 1e-20
3659.078752 1.065033923e-15 1e-20
3660.059213 1.065286021e-15 1e-20
3661.039673 1.060513202e-15 1e-20
3662.020134 1.053304211e-15 1e-20
3663.000594 1.044689462e-15 1e-20
3663.981055 1.035836697e-15 1e-20
3664.961515 1.028874616e-15 1e-20
3665.941976 1.023791465e-15 1e-20
3666.922437 1.020494601e-15 1e-20
3667.902897 1.019223946e-15 1e-20
3668.883358 1.020066532e-15 1e-20
3669.863818 1.022937973e-15 1e-20
3670.844279 1.027998572e-15 1e-20
3671.824739 1.035169553e-15 1e-20
3672.8052 1.044234711e-15 1e-20
3673.78566 1.055923131e-15 1e-20
3674.766121 1.069540032e-15 1e-20
3675.746581 1.082483754e-15 1e-20
3676.727042 1.093450608e-15 1e-20
3677.707503 1.101062999e-15 1e-20
3678.687963 1.101056011e-15 1e-20
3679.668424 1.097219163e-15 1e-20
3680.648884 1.092826662e-15 1e-20
3681.629345 1.089972373e-15 1e-20
3682.609805 1.091830234e-15 1e-20
3683.590266 1.102168906e-15 1e-20
3684.570726 1.117119355e-15 1e-20
3685.551187 1.135461642e-15 1e-20
3686.531647 1.15601839e-15 1e-20
3687.512108 1.176786579e-15 1e-20
3688.492569 1.196777722e-15 1e-20
3689.473029 1.215867197e-15 1e-20
3690.45349 1.233398026e-15 1e-20
3691.43395 1.248733029e-15 1e-20
3692.414411 1.260540668e-15 1e-20
3693.394871 1.269919546e-15 1e-20
3694.375332 1.277687368e-15 1e-20
3695.355792 1.28442615e-15 1e-20
3696.336253 1.291434395e-15 1e-20
3697.316713 1.300063966e-15 1e-20
3698.297174 1.308135026e-15 1e-20
3699.277635 1.315053802e-15 1e-20
3700.258095 1.320400063e-15 1e-20
3701.238556 1.321151169e-15 1e-20
3702.219016 1.319213264e-15 1e-20
3703.199477 1.31867508e-15 1e-20
3704.179937 1.321562404e-15 1e-20
3705.160398 1.330427027e-15 1e-20
3706.140858 1.351170123e-15 1e-20
3707.121319 1.377897083e-15 1e-20
3708.101779 1.407073133e-15 1e-20
3709.08224 1.436192008e-15 1e-20
3710.062701 1.460643096e-15 1e-20
3711.043161 1.476875106e-15 1e-20
3712.023622 1.49013636e-15 1e-20
3713.004082 1.501826685e-15 1e-20
3713.984543 1.513413249e-15 1e-20
3714.965003 1.528705264e-15 1e-20
3715.945464 1.546988893e-15 1e-20
3716.925924 1.566455087e-15 1e-20
3717.906385 1.586590119e-15 1e-20
3718.886845 1.606651883e-15 1e-20
3719.867306 1.625335524e-15 1e-20
3720.847767 1.643439476e-15 1e-20
3721.828227 1.661249085e-15 1e-20
3722.808688 1.678966897e-15 1e-20
3723.789148 1.696512973e-15 1e-20
3724.769609 1.714122894e-15 1e-20
3725.750069 1.733088279e-15 1e-20
3726.73053 1.754090249e-15 1e-20
3727.71099 1.777743856e-15 1e-20
3728.691451 1.805943065e-15 1e-20
3729.671911 1.837375611e-15 1e-20
3730.652372 1.870353144e-15 1e-20
3731.632832 1.903801628e-15 1e-20
3732.613293 1.936384657e-15 1e-20
3733.593754 1.966345271e-15 1e-20
3734.574214 1.99396278e-15 1e-20
3735.554675 2.018959146e-15 1e-20
3736.535135 2.041053153e-15 1e-20
3737.515596 2.059848179e-15 1e-20
3738.496056 2.075302083e-15 1e-20
3739.476517 2.087960355e-15 1e-20
3740.456977 2.098132162e-15 1e-20
3741.437438 2.10621688e-15 1e-20
3742.417898 2.113536092e-15 1e-20
3743.398359 2.119324291e-15 1e-20
3744.37882 2.122937099e-15 1e-20
3745.35928 2.124204472e-15 1e-20
3746.339741 2.122426973e-15 1e-20
3747.320201 2.116295513e-15 1e-20
3748.300662 2.109382454e-15 1e-20
3749.281122 2.103511457e-15 1e-20
3750.261583 2.100221793e-15 1e-20
3751.242043 2.102717363e-15 1e-20
3752.222504 2.111410463e-15 1e-20
3753.202964 2.123578938e-15 1e-20
3754.183425 2.138190892e-15 1e-20
3755.163886 2.15397895e-15 1e-20
3756.144346 2.169005738e-15 1e-20
3757.124807 2.182831857e-15 1e-20
3758.105267 2.194893606e-15 1e-20
3759.085728 2.204519077e-15 1e-20
3760.066188 2.210902317e-15 1e-20
3761.046649 2.213279092e-15 1e-20
3762.027109 2.21273212e-15 1e-20
3763.00757 2.209807739e-15 1e-20
3763.98803 2.205128094e-15 1e-20
3764.968491 2.199133642e-15 1e-20
3765.948952 2.192726684e-15 1e-20
3766.929412 2.187057705e-15 1e-20
3767.909873 2.182960183e-15 1e-20
3768.890333 2.181369667e-15 1e-20
3769.870794 2.184685589e-15 1e-20
3770.851254 2.190382309e-15 1e-20
3771.831715 2.196719598e-15 1e-20
3772.812175 2.202460999e-15 1e-20
3773.792636 2.205559869e-15 1e-20
3774.773096 2.204187252e-15 1e-20
3775.753557 2.200607479e-15 1e-20
3776.734018 2.195474671e-15 1e-20
3777.714478 2.189509653e-15 1e-20
3778.694939 2.183708748e-15 1e-20
3779.675399 2.178769911e-15 1e-20
3780.65586 2.17525663e-15 1e-20
3781.63632 2.173787875e-15 1e-20
3782.616781 2.175023484e-15 1e-20
3783.597241 2.180142951e-15 1e-20
3784.577702 2.188032428e-15 1e-20
3785.558162 2.197993112e-15 1e-20
3786.538623 2.209422551e-15 1e-20
3787.519084 2.221458677e-15 1e-20
3788.499544 2.233325609e-15 1e-20
3789.480005 2.244962783e-15 1e-20
3790.460465 2.255988611e-15 1e-20
3791.440926 2.266060679e-15 1e-20
3792.421386 2.274818576e-15 1e-20
3793.401847 2.282125718e-15 1e-20
3794.382307 2.287942081e-15 1e-20
3795.362768 2.292260255e-15 1e-20
3796.343228 2.295140167e-15 1e-20
3797.323689 2.296684944e-15 1e-20
3798.30415 2.297209681e-15 1e-20
3799.28461 2.29706505e-15 1e-20
3800.265071 2.296666521e-15 1e-20
3801.245531 2.295785607e-15 1e-20
3802.225992 2.294849e-15 1e-20
3803.206452 2.29610642e-15 1e-20
3804.186913 2.30064927e-15 1e-20
3805.167373 2.309468365e-15 1e-20
3806.147834 2.326191972e-15 1e-20
3807.128294 2.347730326e-15 1e-20
3808.108755 2.370591745e-15 1e-20
3809.089216 2.392562085e-15 1e-20
3810.069676 2.410833857e-15 1e-20
3811.050137 2.4217375e-15 1e-20
3812.030597 2.427167193e-15 1e-20
3813.011058 2.427511088e-15 1e-20
3813.991518 2.423224466e-15 1e-20
3814.971979 2.413893128e-15 1e-20
3815.952439 2.400763058e-15 1e-20
3816.9329 2.387479676e-15 1e-20
3817.91336 2.37622409e-15 1e-20
3818.893821 2.369285832e-15 1e-20
3819.874282 2.372765867e-15 1e-20
3820.854742 2.382423313e-15 1e-20
3821.835203 2.394463251e-15 1e-20
3822.815663 2.406641679e-15 1e-20
3823.796124 2.415192053e-15 1e-20
3824.776584 2.415200311e-15 1e-20
3825.757045 2.412394938e-15 1e-20
3826.737505 2.408637712e-15 1e-20
3827.717966 2.405451597e-15 1e-20
3828.698426 2.407545251e-15 1e-20
3829.678887 2.414686798e-15 1e-20
3830.659347 2.422205062e-15 1e-20
3831.639808 2.428482212e-15 1e-20
3832.620269 2.43144725e-15 1e-20
3833.600729 2.424755055e-15 1e-20
3834.58119 2.414213518e-15 1e-20
3835.56165 2.403908727e-15 1e-20
3836.542111 2.396235032e-15 1e-20
3837.522571 2.396201362e-15 1e-20
3838.503032 2.409033276e-15 1e-20
3839.483492 2.424144768e-15 1e-20
3840.463953 2.437332224e-15 1e-20
3841.444413 2.44482783e-15 1e-20
3842.424874 2.436873979e-15 1e-20
3843.405335 2.41490025e-15 1e-20
3844.385795 2.386243855e-15 1e-20
3845.366256 2.353834468e-15 1e-20
3846.346716 2.321437999e-15 1e-20
3847.327177 2.296220981e-15 1e-20
3848.307637 2.274795283e-15 1e-20
3849.288098 2.255774099e-15 1e-20
3850.268558 2.238630576e-15 1e-20
3851.249019 2.221980026e-15 1e-20
3852.229479 2.204537076e-15 1e-20
3853.20994 2.187803941e-15 1e-20
3854.190401 2.17192292e-15 1e-20
3855.170861 2.156974906e-15 1e-20
3856.151322 2.144018266e-15 1e-20
3857.131782 2.132179922e-15 1e-20
3858.112243 2.120092339e-15 1e-20
3859.092703 2.107084454e-15 1e-20
3860.073164 2.092209284e-15 1e-20
3861.053624 2.073253746e-15 1e-20
3862.034085 2.053161066e-15 1e-20
3863.014545 2.033621286e-15 1e-20
3863.995006 2.015935662e-15 1e-20
3864.975467 2.002343747e-15 1e-20
3865.955927 1.994231289e-15 1e-20
3866.936388 1.989583408e-15 1e-20
3867.916848 1.987852708e-15 1e-20
3868.897309 1.988352881e-15 1e-20
3869.877769 1.990286657e-15 1e-20
3870.85823 1.992787945e-15 1e-20
3871.83869 1.994991078e-15 1e-20
3872.819151 1.996085656e-15 1e-20
3873.799611 1.995076416e-15 1e-20
3874.780072 1.990434888e-15 1e-20
3875.760533 1.983647401e-15 1e-20
3876.740993 1.975399418e-15 1e-20
3877.721454 1.966268614e-15 1e-20
3878.701914 1.957565986e-15 1e-20
3879.682375 1.949867939e-15 1e-20
3880.662835 1.942058507e-15 1e-20
3881.643296 1.933976542e-15 1e-20
3882.623756 1.92542278e-15 1e-20
3883.604217 1.915188292e-15 1e-20
3884.584677 1.904492172e-15 1e-20
3885.565138 1.894536359e-15 1e-20
3886.545599 1.886034265e-15 1e-20
3887.526059 1.880028166e-15 1e-20
3888.50652 1.877986605e-15 1e-20
3889.48698 1.878157918e-15 1e-20
3890.467441 1.879819585e-15 1e-20
3891.447901 1.882335908e-15 1e-20
3892.428362 1.884247026e-15 1e-20
3893.408822 1.885177068e-15 1e-20
3894.389283 1.886143321e-15 1e-20
3895.369743 1.887284486e-15 1e-20
3896.350204 1.888844721e-15 1e-20
3897.330665 1.892294474e-15 1e-20
3898.311125 1.895925704e-15 1e-20
3899.291586 1.898380194e-15 1e-20
3900.272046 1.898866814e-15 1e-20
3901.252507 1.895983303e-15 1e-20
3902.232967 1.888073285e-15 1e-20
3903.213428 1.878280314e-15 1e-20
3904.193888 1.868029521e-15 1e-20
3905.174349 1.858661549e-15 1e-20
3906.154809 1.852084973e-15 1e-20
3907.13527 1.849168003e-15 1e-20
3908.115731 1.849921439e-15 1e-20
3909.096191 1.854611249e-15 1e-20
3910.076652 1.86349133e-15 1e-20
3911.057112 1.878553059e-15 1e-20
3912.037573 1.895880176e-15 1e-20
3913.018033 1.912447294e-15 1e-20
3913.998494 1.925946034e-15 1e-20
3914.978954 1.932823518e-15 1e-20
3915.959415 1.92981401e-15 1e-20
3916.939875 1.920864684e-15 1e-20
3917.920336 1.907204795e-15 1e-20
3918.900796 1.890183244e-15 1e-20
3919.881257 1.872264262e-15 1e-20
3920.861718 1.85431034e-15 1e-20
3921.842178 1.836519049e-15 1e-20
3922.822639 1.819705868e-15 1e-20
3923.803099 1.804581883e-15 1e-20
3924.78356 1.791669078e-15 1e-20
3925.76402 1.781604209e-15 1e-20
3926.744481 1.774802746e-15 1e-20
3927.724941 1.771464059e-15 1e-20
3928.705402 1.772499981e-15 1e-20
3929.685862 1.778222429e-15 1e-20
3930.666323 1.78538367e-15 1e-20
3931.646784 1.792382067e-15 1e-20
3932.627244 1.797700164e-15 1e-20
3933.607705 1.797607414e-15 1e-20
3934.588165 1.793337309e-15 1e-20
3935.568626 1.787300082e-15 1e-20
3936.549086 1.780724353e-15 1e-20
3937.529547 1.774995552e-15 1e-20
3938.510007 1.771566021e-15 1e-20
3939.490468 1.771687464e-15 1e-20
3940.470928 1.77645806e-15 1e-20
3941.451389 1.786683442e-15 1e-20
3942.43185 1.804861616e-15 1e-20
3943.41231 1.831388993e-15 1e-20
3944.392771 1.860460223e-15 1e-20
3945.373231 1.889268661e-15 1e-20
3946.353692 1.914925924e-15 1e-20
3947.334152 1.931416808e-15 1e-20
3948.314613 1.940189105e-15 1e-20
3949.295073 1.943428794e-15 1e-20
3950.275534 1.942031825e-15 1e-20
3951.255994 1.937245454e-15 1e-20
3952.236455 1.930617209e-15 1e-20
3953.216916 1.92319106e-15 1e-20
3954.197376 1.916183768e-15 1e-20
3955.177837 1.910724217e-15 1e-20
3956.158297 1.909151277e-15 1e-20
3957.138758 1.911987567e-15 1e-20
3958.119218 1.91664413e-15 1e-20
3959.099679 1.922152809e-15 1e-20
3960.080139 1.927372438e-15 1e-20
3961.0606 1.929375882e-15 1e-20
3962.04106 1.929621098e-15 1e-20
3963.021521 1.929424163e-15 1e-20
3964.001982 1.929389223e-15 1e-20
3964.982442 1.930545211e-15 1e-20
3965.962903 1.934303497e-15 1e-20
3966.943363 1.939109773e-15 1e-20
3967.923824 1.944458151e-15 1e-20
3968.904284 1.949934431e-15 1e-20
3969.884745 1.954858657e-15 1e-20
3970.865205 1.958987942e-15 1e-20
3971.845666 1.962558186e-15 1e-20
3972.826126 1.965632281e-15 1e-20
3973.806587 1.968275023e-15 1e-20
3974.787048 1.969609947e-15 1e-20
3975.767508 1.971568499e-15 1e-20
3976.747969 1.975720443e-15 1e-20
3977.728429 1.983180051e-15 1e-20
3978.70889 1.995701103e-15 1e-20
3979.68935 2.01510811e-15 1e-20
3980.669811 2.038581723e-15 1e-20
3981.650271 2.064964893e-15 1e-20
3982.630732 2.093092952e-15 1e-20
3983.611192 2.120796011e-15 1e-20
3984.591653 2.14745362e-15 1e-20
3985.572114 2.173378122e-15 1e-20
3986.552574 2.198183271e-15 1e-20
3987.533035 2.221676153e-15 1e-20
3988.513495 2.244519361e-15 1e-20
3989.493956 2.26516346e-15 1e-20
3990.474416 2.282668666e-15 1e-20
3991.454877 2.296551113e-15 1e-20
3992.435337 2.3052512e-15 1e-20
3993.415798 2.307705901e-15 1e-20
3994.396258 2.308862948e-15 1e-20
3995.376719 2.311078998e-15 1e-20
3996.35718 2.31656756e-15 1e-20
3997.33764 2.33031554e-15 1e-20
3998.318101 2.351499834e-15 1e-20
3999.298561 2.3772562e-15 1e-20
4000.279022 2.406368511e-15 1e-20
4001.259482 2.437220415e-15 1e-20
4002.239943 2.467390458e-15 1e-20
4003.220403 2.496739726e-15 1e-20
4004.200864 2.52456497e-15 1e-20
4005.181324 2.55005198e-15 1e-20
4006.161785 2.572477601e-15 1e-20
4007.142246 2.591297826e-15 1e-20
4008.122706 2.606291156e-15 1e-20
4009.103167 2.617372676e-15 1e-20
4010.083627 2.624647419e-15 1e-20
4011.064088 2.626990735e-15 1e-20
4012.044548 2.626415812e-15 1e-20
4013.025009 2.625452312e-15 1e-20
4014.005469 2.625863758e-15 1e-20
4014.98593 2.629752486e-15 1e-20
4015.96639 2.640122287e-15 1e-20
4016.946851 2.655345163e-15 1e-20
4017.927311 2.674896166e-15 1e-20
4018.907772 2.698303286e-15 1e-20
4019.888233 2.724872169e-15 1e-20
4020.868693 2.753763192e-15 1e-20
4021.849154 2.784054996e-15 1e-20
4022.829614 2.814752529e-15 1e-20
4023.810075 2.844844221e-15 1e-20
4024.790535 2.87313004e-15 1e-20
4025.770996 2.898990803e-15 1e-20
4026.751456 2.921923373e-15 1e-20
4027.731917 2.941467175e-15 1e-20
4028.712377 2.957095992e-15 1e-20
4029.692838 2.968109115e-15 1e-20
4030.673299 2.975854384e-15 1e-20
4031.653759 2.981144952e-15 1e-20
4032.63422 2.984786346e-15 1e-20
4033.61468 2.987799666e-15 1e-20
4034.595141 2.990971804e-15 1e-20
4035.575601 2.994710396e-15 1e-20
4036.556062 2.99952472e-15 1e-20
4037.536522 3.005867726e-15 1e-20
4038.516983 3.014958083e-15 1e-20
4039.497443 3.025628581e-15 1e-20
4040.477904 3.03679184e-15 1e-20
4041.458365 3.04766139e-15 1e-20
4042.438825 3.05727712e-15 1e-20
4043.419286 3.064608825e-15 1e-20
4044.399746 3.069737186e-15 1e-20
4045.380207 3.07247882e-15 1e-20
4046.360667 3.072784599e-15 1e-20
4047.341128 3.069582179e-15 1e-20
4048.321588 3.06376751e-15 1e-20
4049.302049 3.057814562e-15 1e-20
4050.282509 3.053112047e-15 1e-20
4051.26297 3.051147778e-15 1e-20
4052.243431 3.05468054e-15 1e-20
4053.223891 3.062266568e-15 1e-20
4054.204352 3.072837962e-15 1e-20
4055.184812 3.085573314e-15 1e-20
4056.165273 3.100054825e-15 1e-20
4057.145733 3.115803708e-15 1e-20
4058.126194 3.129128384e-15 1e-20
4059.106654 3.137859176e-15 1e-20
4060.087115 3.140185764e-15 1e-20
4061.067575 3.130604127e-15 1e-20
4062.048036 3.11117912e-15 1e-20
4063.028497 3.087630546e-15 1e-20
4064.008957 3.062902901e-15 1e-20
4064.989418 3.040523232e-15 1e-20
4065.969878 3.026505684e-15 1e-20
4066.950339 3.018435577e-15 1e-20
4067.930799 3.015379694e-15 1e-20
4068.91126 3.016852261e-15 1e-20
4069.89172 3.022456019e-15 1e-20
4070.872181 3.031401746e-15 1e-20
4071.852641 3.041080156e-15 1e-20
4072.833102 3.049689611e-15 1e-20
4073.813563 3.055533079e-15 1e-20
4074.794023 3.05403616e-15 1e-20
4075.774484 3.046852262e-15 1e-20
4076.754944 3.03726512e-15 1e-20
4077.735405 3.026804051e-15 1e-20
4078.715865 3.017557204e-15 1e-20
4079.696326 3.013339827e-15 1e-20
4080.676786 3.011105354e-15 1e-20
4081.657247 3.009467192e-15 1e-20
4082.637707 3.007383068e-15 1e-20
4083.618168 3.003739979e-15 1e-20
4084.598629 2.99738575e-15 1e-20
4085.579089 2.987151262e-15 1e-20
4086.55955 2.972109439e-15 1e-20
4087.54001 2.951507269e-15 1e-20
4088.520471 2.922036451e-15 1e-20
4089.500931 2.886757106e-15 1e-20
4090.481392 2.849447634e-15 1e-20
4091.461852 2.812510009e-15 1e-20
4092.442313 2.779063431e-15 1e-20
4093.422773 2.753659007e-15 1e-20
4094.403234 2.733216079e-15 1e-20
4095.383695 2.716755476e-15 1e-20
4096.364155 2.703474634e-15 1e-20
4097.344616 2.691915811e-15 1e-20
4098.325076 2.681002427e-15 1e-20
4099.305537 2.670635167e-15 1e-20
4100.285997 2.6601165e-15 1e-20
4101.266458 2.648775576e-15 1e-20
4102.246918 2.635805807e-15 1e-20
4103.227379 2.620966637e-15 1e-20
4104.207839 2.604109199e-15 1e-20
4105.1883 2.585116603e-15 1e-20
4106.168761 2.563919815e-15 1e-20
4107.149221 2.54049046e-15 1e-20
4108.129682 2.515497483e-15 1e-20
4109.110142 2.489511782e-15 1e-20
4110.090603 2.463178163e-15 1e-20
4111.071063 2.43649239e-15 1e-20
4112.051524 2.410452692e-15 1e-20
4113.031984 2.387148063e-15 1e-20
4114.012445 2.367766043e-15 1e-20
4114.992905 2.353499255e-15 1e-20
4115.973366 2.347621058e-15 1e-20
4116.953826 2.347030676e-15 1e-20
4117.934287 2.349083672e-15 1e-20
4118.914748 2.351866387e-15 1e-20
4119.895208 2.352964989e-15 1e-20
4120.875669 2.34982292e-15 1e-20
4121.856129 2.342668457e-15 1e-20
4122.83659 2.330911428e-15 1e-20
4123.81705 2.314189727e-15 1e-20
4124.797511 2.290641364e-15 1e-20
4125.777971 2.261611639e-15 1e-20
4126.758432 2.230555176e-15 1e-20
4127.738892 2.199479443e-15 1e-20
4128.719353 2.170738556e-15 1e-20
4129.699814 2.149193638e-15 1e-20
4130.680274 2.131796216e-15 1e-20
4131.660735 2.116724536e-15 1e-20
4132.641195 2.102897146e-15 1e-20
4133.621656 2.088270793e-15 1e-20
4134.602116 2.070895818e-15 1e-20
4135.582577 2.053056881e-15 1e-20
4136.563037 2.035249495e-15 1e-20
4137.543498 2.017948847e-15 1e-20
4138.523958 2.002123942e-15 1e-20
4139.504419 1.98787219e-15 1e-20
4140.48488 1.974934185e-15 1e-20
4141.46534 1.963293834e-15 1e-20
4142.445801 1.952993067e-15 1e-20
4143.426261 1.944626922e-15 1e-20
4144.406722 1.936699118e-15 1e-20
4145.387182 1.928224765e-15 1e-20
4146.367643 1.918472239e-15 1e-20
4147.348103 1.905711899e-15 1e-20
4148.328564 1.888938318e-15 1e-20
4149.309024 1.871269846e-15 1e-20
4150.289485 1.853883647e-15 1e-20
4151.269946 1.837917712e-15 1e-20
4152.250406 1.826852709e-15 1e-20
4153.230867 1.819060641e-15 1e-20
4154.211327 1.811916977e-15 1e-20
4155.191788 1.804101192e-15 1e-20
4156.172248 1.793918373e-15 1e-20
4157.152709 1.778740602e-15 1e-20
4158.133169 1.760038009e-15 1e-20
4159.11363 1.738278261e-15 1e-20
4160.09409 1.713831091e-15 1e-20
4161.074551 1.687037109e-15 1e-20
4162.055012 1.658519945e-15 1e-20
4163.035472 1.629471903e-15 1e-20
4164.015933 1.600819214e-15 1e-20
4164.996393 1.573480484e-15 1e-20
4165.976854 1.549190226e-15 1e-20
4166.957314 1.527568969e-15 1e-20
4167.937775 1.508037978e-15 1e-20
4168.918235 1.490336154e-15 1e-20
4169.898696 1.474097685e-15 1e-20
4170.879156 1.458891432e-15 1e-20
4171.859617 1.444262008e-15 1e-20
4172.840078 1.429755722e-15 1e-20
4173.820538 1.414959962e-15 1e-20
4174.800999 1.399136434e-15 1e-20
4175.781459 1.382107683e-15 1e-20
4176.76192 1.364578231e-15 1e-20
4177.74238 1.346855549e-15 1e-20
4178.722841 1.329287238e-15 1e-20
4179.703301 1.311856677e-15 1e-20
4180.683762 1.295510317e-15 1e-20
4181.664222 1.281074123e-15 1e-20
4182.644683 1.269096124e-15 1e-20
4183.625144 1.260679369e-15 1e-20
4184.605604 1.257395529e-15 1e-20
4185.586065 1.255779602e-15 1e-20
4186.566525 1.254183156e-15 1e-20
4187.546986 1.251188259e-15 1e-20
4188.527446 1.243450613e-15 1e-20
4189.507907 1.230857775e-15 1e-20
4190.488367 1.216325019e-15 1e-20
4191.468828 1.200951053e-15 1e-20
4192.449288 1.186049732e-15 1e-20
4193.429749 1.173856481e-15 1e-20
4194.41021 1.164104167e-15 1e-20
4195.39067 1.156759121e-15 1e-20
4196.371131 1.151950515e-15 1e-20
4197.351591 1.150096359e-15 1e-20
4198.332052 1.151573056e-15 1e-20
4199.312512 1.154115213e-15 1e-20
4200.292973 1.156487117e-15 1e-20
4201.273433 1.157555226e-15 1e-20
4202.253894 1.154980881e-15 1e-20
4203.234354 1.148827081e-15 1e-20
4204.214815 1.140519699e-15 1e-20
4205.195276 1.130662565e-15 1e-20
4206.175736 1.119928646e-15 1e-20
4207.156197 1.108531923e-15 1e-20
4208.136657 1.098399821e-15 1e-20
4209.117118 1.091029682e-15 1e-20
4210.097578 1.08756214e-15 1e-20
4211.078039 1.090340197e-15 1e-20
4212.058499 1.101026364e-15 1e-20
4213.03896 1.11484846e-15 1e-20
4214.01942 1.129738875e-15 1e-20
4214.999881 1.143653933e-15 1e-20
4215.980341 1.152010972e-15 1e-20
4216.960802 1.155341823e-15 1e-20
4217.941263 1.155759622e-15 1e-20
4218.921723 1.153913408e-15 1e-20
4219.902184 1.15081782e-15 1e-20
4220.882644 1.148356977e-15 1e-20
4221.863105 1.145670189e-15 1e-20
4222.843565 1.142631458e-15 1e-20
4223.824026 1.139328877e-15 1e-20
4224.804486 1.135726657e-15 1e-20
4225.784947 1.131861858e-15 1e-20
4226.765407 1.12813756e-15 1e-20
4227.745868 1.124780662e-15 1e-20
4228.726329 1.122019335e-15 1e-20
4229.706789 1.119964433e-15 1e-20
4230.68725 1.118971393e-15 1e-20
4231.66771 1.119406873e-15 1e-20
4232.648171 1.121543832e-15 1e-20
4233.628631 1.125635848e-15 1e-20
4234.609092 1.131938197e-15 1e-20
4235.589552 1.140380256e-15 1e-20
4236.570013 1.150890347e-15 1e-20
4237.550473 1.163324049e-15 1e-20
4238.530934 1.177809266e-15 1e-20
4239.511395 1.194025606e-15 1e-20
4240.491855 1.210718931e-15 1e-20
4241.472316 1.227114313e-15 1e-20
4242.452776 1.24243968e-15 1e-20
4243.433237 1.255591454e-15 1e-20
4244.413697 1.266468946e-15 1e-20
4245.394158 1.275095341e-15 1e-20
4246.374618 1.281462382e-15 1e-20
4247.355079 1.285447036e-15 1e-20
4248.335539 1.286688998e-15 1e-20
4249.316 1.28711675e-15 1e-20
4250.296461 1.287932125e-15 1e-20
4251.276921 1.290219326e-15 1e-20
4252.257382 1.295492847e-15 1e-20
4253.237842 1.304444715e-15 1e-20
4254.218303 1.316674706e-15 1e-20
4255.198763 1.332118975e-15 1e-20
4256.179224 1.350627598e-15 1e-20
4257.159684 1.373736669e-15 1e-20
4258.140145 1.398046514e-15 1e-20
4259.120605 1.420596543e-15 1e-20
4260.101066 1.439281984e-15 1e-20
4261.081527 1.450879877e-15 1e-20
4262.061987 1.45166677e-15 1e-20
4263.042448 1.446867058e-15 1e-20
4264.022908 1.438605099e-15 1e-20
4265.003369 1.428935476e-15 1e-20
4265.983829 1.421327532e-15 1e-20
4266.96429 1.417122014e-15 1e-20
4267.94475 1.415962637e-15 1e-20
4268.925211 1.418437562e-15 1e-20
4269.905671 1.42504516e-15 1e-20
4270.886132 1.437333279e-15 1e-20
4271.866593 1.45298973e-15 1e-20
4272.847053 1.470196992e-15 1e-20
4273.827514 1.487546768e-15 1e-20
4274.807974 1.502766786e-15 1e-20
4275.788435 1.513692664e-15 1e-20
4276.768895 1.522892606e-15 1e-20
4277.749356 1.531096544e-15 1e-20
4278.729816 1.539061724e-15 1e-20
4279.710277 1.548066637e-15 1e-20
4280.690737 1.558591021e-15 1e-20
4281.671198 1.570728368e-15 1e-20
4282.651659 1.584790809e-15 1e-20
4283.632119 1.601141616e-15 1e-20
4284.61258 1.620883836e-15 1e-20
4285.59304 1.642201855e-15 1e-20
4286.573501 1.66385837e-15 1e-20
4287.553961 1.68486934e-15 1e-20
4288.534422 1.703719317e-15 1e-20
4289.514882 1.719249878e-15 1e-20
4290.495343 1.732652163e-15 1e-20
4291.475803 1.74419521e-15 1e-20
4292.456264 1.754247797e-15 1e-20
4293.436725 1.762758043e-15 1e-20
4294.417185 1.770757422e-15 1e-20
4295.397646 1.779483662e-15 1e-20
4296.378106 1.789785276e-15 1e-20
4297.358567 1.80276648e-15 1e-20
4298.339027 1.820607111e-15 1e-20
4299.319488 1.840583113e-15 1e-20
4300.299948 1.861170248e-15 1e-20
4301.280409 1.881116392e-15 1e-20
4302.260869 1.898592588e-15 1e-20
4303.24133 1.912331674e-15 1e-20
4304.221791 1.922897986e-15 1e-20
4305.202251 1.930158964e-15 1e-20
4306.182712 1.934128373e-15 1e-20
4307.163172 1.933409877e-15 1e-20
4308.143633 1.930226303e-15 1e-20
4309.124093 1.92707407e-15 1e-20
4310.104554 1.925588163e-15 1e-20
4311.085014 1.928194271e-15 1e-20
4312.065475 1.938942273e-15 1e-20
4313.045935 1.952833613e-15 1e-20
4314.026396 1.96763149e-15 1e-20
4315.006856 1.981570476e-15 1e-20
4315.987317 1.990558131e-15 1e-20
4316.967778 1.993479548e-15 1e-20
4317.948238 1.994673652e-15 1e-20
4318.928699 1.995576589e-15 1e-20
4319.909159 1.997798569e-15 1e-20
4320.88962 2.004058777e-15 1e-20
4321.87008 2.014286277e-15 1e-20
4322.850541 2.028318436e-15 1e-20
4323.831001 2.046191043e-15 1e-20
4324.811462 2.068514173e-15 1e-20
4325.791922 2.096565787e-15 1e-20
4326.772383 2.12507988e-15 1e-20
4327.752844 2.151166801e-15 1e-20
4328.733304 2.172387094e-15 1e-20
4329.713765 2.182551277e-15 1e-20
4330.694225 2.181657658e-15 1e-20
4331.674686 2.176196836e-15 1e-20
4332.655146 2.168750993e-15 1e-20
4333.635607 2.162385964e-15 1e-20
4334.616067 2.163901306e-15 1e-20
4335.596528 2.169772515e-15 1e-20
4336.576988 2.177501691e-15 1e-20
4337.557449 2.18577572e-15 1e-20
4338.53791 2.192707414e-15 1e-20
4339.51837 2.196218366e-15 1e-20
4340.498831 2.19665967e-15 1e-20
4341.479291 2.193556988e-15 1e-20
4342.459752 2.186583578e-15 1e-20
4343.440212 2.173983327e-15 1e-20
4344.420673 2.156956059e-15 1e-20
4345.401133 2.138485447e-15 1e-20
4346.381594 2.120258569e-15 1e-20
4347.362054 2.104252822e-15 1e-20
4348.342515 2.094443757e-15 1e-20
4349.322976 2.088298745e-15 1e-20
4350.303436 2.084335054e-15 1e-20
4351.283897 2.081619255e-15 1e-20
4352.264357 2.078492221e-15 1e-20
4353.244818 2.073386518e-15 1e-20
4354.225278 2.0676286e-15 1e-20
4355.205739 2.061294488e-15 1e-20
4356.186199 2.054468249e-15 1e-20
4357.16666 2.047738996e-15 1e-20
4358.14712 2.040874641e-15 1e-20
4359.127581 2.033395552e-15 1e-20
4360.108042 2.025169803e-15 1e-20
4361.088502 2.015992836e-15 1e-20
4362.068963 2.005225565e-15 1e-20
4363.049423 1.993934404e-15 1e-20
4364.029884 1.982794439e-15 1e-20
4365.010344 1.972334429e-15 1e-20
4365.990805 1.963343809e-15 1e-20
4366.971265 1.956372093e-15 1e-20
4367.951726 1.950871673e-15 1e-20
4368.932186 1.946707447e-15 1e-20
4369.912647 1.943674434e-15 1e-20
4370.893108 1.942028861e-15 1e-20
4371.873568 1.940892142e-15 1e-20
4372.854029 1.939226029e-15 1e-20
4373.834489 1.936338281e-15 1e-20
4374.81495 1.931291024e-15 1e-20
4375.79541 1.922368379e-15 1e-20
4376.775871 1.911668235e-15 1e-20
4377.756331 1.900267172e-15 1e-20
4378.736792 1.889041232e-15 1e-20
4379.717252 1.879752245e-15 1e-20
4380.697713 1.873256773e-15 1e-20
4381.678174 1.868010039e-15 1e-20
4382.658634 1.863703089e-15 1e-20
4383.639095 1.859948615e-15 1e-20
4384.619555 1.855156314e-15 1e-20
4385.600016 1.850434318e-15 1e-20
4386.580476 1.846931836e-15 1e-20
4387.560937 1.845193301e-15 1e-20
4388.541397 1.846163577e-15 1e-20
4389.521858 1.851433393e-15 1e-20
4390.502318 1.85847626e-15 1e-20
4391.482779 1.86610231e-15 1e-20
4392.46324 1.873323689e-15 1e-20
4393.4437 1.877855739e-15 1e-20
4394.424161 1.879215227e-15 1e-20
4395.404621 1.87957818e-15 1e-20
4396.385082 1.87959745e-15 1e-20
4397.365542 1.880085553e-15 1e-20
4398.346003 1.883618951e-15 1e-20
4399.326463 1.888317019e-15 1e-20
4400.306924 1.892626087e-15 1e-20
4401.287384 1.895743804e-15 1e-20
4402.267845 1.896138521e-15 1e-20
4403.248305 1.891778843e-15 1e-20
4404.228766 1.88612278e-15 1e-20
4405.209227 1.880609866e-15 1e-20
4406.189687 1.876476981e-15 1e-20
4407.170148 1.876869581e-15 1e-20
4408.150608 1.881788724e-15 1e-20
4409.131069 1.888560118e-15 1e-20
4410.111529 1.896264517e-15 1e-20
4411.09199 1.90371629e-15 1e-20
4412.07245 1.907887292e-15 1e-20
4413.052911 1.910963504e-15 1e-20
4414.033371 1.914383611e-15 1e-20
4415.013832 1.918938107e-15 1e-20
4415.994293 1.92622979e-15 1e-20
4416.974753 1.937904234e-15 1e-20
4417.955214 1.951102489e-15 1e-20
4418.935674 1.964810659e-15 1e-20
4419.916135 1.978122205e-15 1e-20
4420.896595 1.988499206e-15 1e-20
4421.877056 1.996431669e-15 1e-20
4422.857516 2.0039025e-15 1e-20
4423.837977 2.011701767e-15 1e-20
4424.818437 2.020817324e-15 1e-20
4425.798898 2.033128736e-15 1e-20
4426.779359 2.047535284e-15 1e-20
4427.759819 2.063467551e-15 1e-20
4428.74028 2.080541406e-15 1e-20
4429.72074 2.098260488e-15 1e-20
4430.701201 2.116072955e-15 1e-20
4431.681661 2.133473977e-15 1e-20
4432.662122 2.149918063e-15 1e-20
4433.642582 2.164880688e-15 1e-20
4434.623043 2.178101602e-15 1e-20
4435.603503 2.189017951e-15 1e-20
4436.583964 2.19709928e-15 1e-20
4437.564425 2.202116892e-15 1e-20
4438.544885 2.203572094e-15 1e-20
4439.525346 2.199528994e-15 1e-20
4440.505806 2.194059067e-15 1e-20
4441.486267 2.189649202e-15 1e-20
4442.466727 2.188210093e-15 1e-20
4443.447188 2.193379111e-15 1e-20
4444.427648 2.206983308e-15 1e-20
4445.408109 2.224344307e-15 1e-20
4446.388569 2.243648611e-15 1e-20
4447.36903 2.262897647e-15 1e-20
4448.349491 2.280057052e-15 1e-20
4449.329951 2.293056255e-15 1e-20
4450.310412 2.300052747e-15 1e-20
4451.290872 2.299638971e-15 1e-20
4452.271333 2.289558432e-15 1e-20
4453.251793 2.265111155e-15 1e-20
4454.232254 2.23540211e-15 1e-20
4455.212714 2.205500788e-15 1e-20
4456.193175 2.179655484e-15 1e-20
4457.173635 2.166244411e-15 1e-20
4458.154096 2.16840731e-15 1e-20
4459.134557 2.178525753e-15 1e-20
4460.115017 2.194400633e-15 1e-20
4461.095478 2.213310432e-15 1e-20
4462.075938 2.228828287e-15 1e-20
4463.056399 2.242777014e-15 1e-20
4464.036859 2.256843267e-15 1e-20
4465.01732 2.271203863e-15 1e-20
4465.99778 2.286701602e-15 1e-20
4466.978241 2.304932292e-15 1e-20
4467.958701 2.322672762e-15 1e-20
4468.939162 2.338441339e-15 1e-20
4469.919623 2.351022743e-15 1e-20
4470.900083 2.358302991e-15 1e-20
4471.880544 2.35972283e-15 1e-20
4472.861004 2.35658902e-15 1e-20
4473.841465 2.349333335e-15 1e-20
4474.821925 2.338568605e-15 1e-20
4475.802386 2.324876318e-15 1e-20
4476.782846 2.309430672e-15 1e-20
4477.763307 2.293412432e-15 1e-20
4478.743767 2.277933117e-15 1e-20
4479.724228 2.264147444e-15 1e-20
4480.704689 2.253147027e-15 1e-20
4481.685149 2.245335054e-15 1e-20
4482.66561 2.241133982e-15 1e-20
4483.64607 2.240750064e-15 1e-20
4484.626531 2.24570076e-15 1e-20
4485.606991 2.254811446e-15 1e-20
4486.587452 2.265085956e-15 1e-20
4487.567912 2.274802483e-15 1e-20
4488.548373 2.281963723e-15 1e-20
4489.528833 2.282420909e-15 1e-20
4490.509294 2.278815937e-15 1e-20
4491.489755 2.272769604e-15 1e-20
4492.470215 2.265259598e-15 1e-20
4493.450676 2.258176708e-15 1e-20
4494.431136 2.253352009e-15 1e-20
4495.411597 2.248529003e-15 1e-20
4496.392057 2.243206672e-15 1e-20
4497.372518 2.236937569e-15 1e-20
4498.352978 2.228213553e-15 1e-20
4499.333439 2.217507904e-15 1e-20
4500.313899 2.206068512e-15 1e-20
4501.29436 2.194428373e-15 1e-20
4502.27482 2.183295819e-15 1e-20
4503.255281 2.1741269e-15 1e-20
4504.235742 2.165819624e-15 1e-20
4505.216202 2.157861326e-15 1e-20
4506.196663 2.149972696e-15 1e-20
4507.177123 2.141184729e-15 1e-20
4508.157584 2.130930972e-15 1e-20
4509.138044 2.12130529e-15 1e-20
4510.118505 2.113087376e-15 1e-20
4511.098965 2.106998691e-15 1e-20
4512.079426 2.105688755e-15 1e-20
4513.059886 2.107613002e-15 1e-20
4514.040347 2.110411599e-15 1e-20
4515.020808 2.112879853e-15 1e-20
4516.001268 2.113287488e-15 1e-20
4516.981729 2.108316675e-15 1e-20
4517.962189 2.101479848e-15 1e-20
4518.94265 2.094438252e-15 1e-20
4519.92311 2.088405471e-15 1e-20
4520.903571 2.086037802e-15 1e-20
4521.884031 2.088539938e-15 1e-20
4522.864492 2.09279162e-15 1e-20
4523.844952 2.097805208e-15 1e-20
4524.825413 2.102490782e-15 1e-20
4525.805874 2.104323973e-15 1e-20
4526.786334 2.103981348e-15 1e-20
4527.766795 2.102348692e-15 1e-20
4528.747255 2.099691973e-15 1e-20
4529.727716 2.09646626e-15 1e-20
4530.708176 2.093380519e-15 1e-20
4531.688637 2.08998307e-15 1e-20
4532.669097 2.086193868e-15 1e-20
4533.649558 2.081964421e-15 1e-20
4534.630018 2.077619565e-15 1e-20
4535.610479 2.073006412e-15 1e-20
4536.59094 2.067189625e-15 1e-20
4537.5714 2.059797357e-15 1e-20
4538.551861 2.050441243e-15 1e-20
4539.532321 2.037035464e-15 1e-20
4540.512782 2.022000629e-15 1e-20
4541.493242 2.007548553e-15 1e-20
4542.473703 1.995096957e-15 1e-20
4543.454163 1.98683288e-15 1e-20
4544.434624 1.985585201e-15 1e-20
4545.415084 1.987753817e-15 1e-20
4546.395545 1.991932442e-15 1e-20
4547.376006 1.996857515e-15 1e-20
4548.356466 1.999944527e-15 1e-20
4549.336927 2.000579378e-15 1e-20
4550.317387 2.000089581e-15 1e-20
4551.297848 1.998649413e-15 1e-20
4552.278308 1.996568042e-15 1e-20
4553.258769 1.994365121e-15 1e-20
4554.239229 1.992279514e-15 1e-20
4555.21969 1.990619753e-15 1e-20
4556.20015 1.989733121e-15 1e-20
4557.180611 1.989968173e-15 1e-20
4558.161072 1.991628992e-15 1e-20
4559.141532 1.994772755e-15 1e-20
4560.121993 1.999438213e-15 1e-20
4561.102453 2.005564802e-15 1e-20
4562.082914 2.013953393e-15 1e-20
4563.063374 2.023703589e-15 1e-20
4564.043835 2.03300507e-15 1e-20
4565.024295 2.040833983e-15 1e-20
4566.004756 2.045971662e-15 1e-20
4566.985216 2.045629884e-15 1e-20
4567.965677 2.042326032e-15 1e-20
4568.946138 2.037638128e-15 1e-20
4569.926598 2.032653551e-15 1e-20
4570.907059 2.029312853e-15 1e-20
4571.887519 2.029267325e-15 1e-20
4572.86798 2.030333528e-15 1e-20
4573.84844 2.031940349e-15 1e-20
4574.828901 2.033497619e-15 1e-20
4575.809361 2.033783916e-15 1e-20
4576.789822 2.032706702e-15 1e-20
4577.770282 2.030537027e-15 1e-20
4578.750743 2.027233599e-15 1e-20
4579.731204 2.022772065e-15 1e-20
4580.711664 2.016964383e-15 1e-20
4581.692125 2.01048924e-15 1e-20
4582.672585 2.003848713e-15 1e-20
4583.653046 1.997490037e-15 1e-20
4584.633506 1.991913595e-15 1e-20
4585.613967 1.987528718e-15 1e-20
4586.594427 1.984434506e-15 1e-20
4587.574888 1.982752722e-15 1e-20
4588.555348 1.982523812e-15 1e-20
4589.535809 1.984838329e-15 1e-20
4590.51627 1.988305023e-15 1e-20
4591.49673 1.991212464e-15 1e-20
4592.477191 1.992510965e-15 1e-20
4593.457651 1.990743631e-15 1e-20
4594.438112 1.983363857e-15 1e-20
4595.418572 1.973296235e-15 1e-20
4596.399033 1.961952981e-15 1e-20
4597.379493 1.950479073e-15 1e-20
4598.359954 1.941067055e-15 1e-20
4599.340414 1.934780164e-15 1e-20
4600.320875 1.929970076e-15 1e-20
4601.301335 1.926348798e-15 1e-20
4602.281796 1.923509332e-15 1e-20
4603.262257 1.920276419e-15 1e-20
4604.242717 1.917048377e-15 1e-20
4605.223178 1.914192817e-15 1e-20
4606.203638 1.911724139e-15 1e-20
4607.184099 1.909914453e-15 1e-20
4608.164559 1.909422116e-15 1e-20
4609.14502 1.908502661e-15 1e-20
4610.12548 1.906285341e-15 1e-20
4611.105941 1.902095704e-15 1e-20
4612.086401 1.893964611e-15 1e-20
4613.066862 1.881899686e-15 1e-20
4614.047323 1.868537953e-15 1e-20
4615.027783 1.85496552e-15 1e-20
4616.008244 1.842432397e-15 1e-20
4616.988704 1.834305328e-15 1e-20
4617.969165 1.828321675e-15 1e-20
4618.949625 1.822641896e-15 1e-20
4619.930086 1.816262256e-15 1e-20
4620.910546 1.807496523e-15 1e-20
4621.891007 1.794298056e-15 1e-20
4622.871467 1.779335431e-15 1e-20
4623.851928 1.763603488e-15 1e-20
4624.832389 1.748043598e-15 1e-20
4625.812849 1.733883537e-15 1e-20
4626.79331 1.721950113e-15 1e-20
4627.77377 1.71269109e-15 1e-20
4628.754231 1.706618711e-15 1e-20
4629.734691 1.704227643e-15 1e-20
4630.715152 1.707152236e-15 1e-20
4631.695612 1.713084537e-15 1e-20
4632.676073 1.720203743e-15 1e-20
4633.656533 1.727084615e-15 1e-20
4634.636994 1.731927738e-15 1e-20
4635.617455 1.733015011e-15 1e-20
4636.597915 1.730735751e-15 1e-20
4637.578376 1.724864224e-15 1e-20
4638.558836 1.715392384e-15 1e-20
4639.539297 1.70097366e-15 1e-20
4640.519757 1.683295871e-15 1e-20
4641.500218 1.665395523e-15 1e-20
4642.480678 1.649185536e-15 1e-20
4643.461139 1.636863536e-15 1e-20
4644.441599 1.632268594e-15 1e-20
4645.42206 1.633173014e-15 1e-20
4646.402521 1.638408736e-15 1e-20
4647.382981 1.647115388e-15 1e-20
4648.363442 1.65816218e-15 1e-20
4649.343902 1.670322926e-15 1e-20
4650.324363 1.682585633e-15 1e-20
4651.304823 1.693843019e-15 1e-20
4652.285284 1.703062337e-15 1e-20
4653.265744 1.708251049e-15 1e-20
4654.246205 1.709743733e-15 1e-20
4655.226665 1.708514371e-15 1e-20
4656.207126 1.705034548e-15 1e-20
4657.187587 1.699943456e-15 1e-20
4658.168047 1.69410147e-15 1e-20
4659.148508 1.687853967e-15 1e-20
4660.128968 1.681688731e-15 1e-20
4661.109429 1.676085503e-15 1e-20
4662.089889 1.671836468e-15 1e-20
4663.07035 1.669336662e-15 1e-20
4664.05081 1.667749004e-15 1e-20
4665.031271 1.666774281e-15 1e-20
4666.011731 1.666071032e-15 1e-20
4666.992192 1.665046757e-15 1e-20
4667.972653 1.663630518e-15 1e-20
4668.953113 1.661824538e-15 1e-20
4669.933574 1.659569419e-15 1e-20
4670.914034 1.656635191e-15 1e-20
4671.894495 1.652367204e-15 1e-20
4672.874955 1.648361267e-15 1e-20
4673.855416 1.645452874e-15 1e-20
4674.835876 1.644259828e-15 1e-20
4675.816337 1.646551581e-15 1e-20
4676.796797 1.652479647e-15 1e-20
4677.777258 1.6592179e-15 1e-20
4678.757719 1.665511143e-15 1e-20
4679.738179 1.670010688e-15 1e-20
4680.71864 1.670213341e-15 1e-20
4681.6991 1.66660191e-15 1e-20
4682.679561 1.659707803e-15 1e-20
4683.660021 1.649723402e-15 1e-20
4684.640482 1.636826478e-15 1e-20
4685.620942 1.621122382e-15 1e-20
4686.601403 1.604207451e-15 1e-20
4687.581863 1.587182513e-15 1e-20
4688.562324 1.571048653e-15 1e-20
4689.542785 1.55788322e-15 1e-20
4690.523245 1.547990828e-15 1e-20
4691.503706 1.539749197e-15 1e-20
4692.484166 1.532645132e-15 1e-20
4693.464627 1.526001111e-15 1e-20
4694.445087 1.518132599e-15 1e-20
4695.425548 1.509969636e-15 1e-20
4696.406008 1.502146758e-15 1e-20
4697.386469 1.494948566e-15 1e-20
4698.366929 1.488792754e-15 1e-20
4699.34739 1.484123379e-15 1e-20
4700.32785 1.480555358e-15 1e-20
4701.308311 1.477953061e-15 1e-20
4702.288772 1.476123788e-15 1e-20
4703.269232 1.475306083e-15 1e-20
4704.249693 1.474846144e-15 1e-20
4705.230153 1.473549761e-15 1e-20
4706.210614 1.470646237e-15 1e-20
4707.191074 1.465340741e-15 1e-20
4708.171535 1.456432601e-15 1e-20
4709.151995 1.44431283e-15 1e-20
4710.132456 1.42924062e-15 1e-20
4711.112916 1.411473257e-15 1e-20
4712.093377 1.391025987e-15 1e-20
4713.073838 1.368092994e-15 1e-20
4714.054298 1.344753107e-15 1e-20
4715.034759 1.322277829e-15 1e-20
4716.015219 1.301850147e-15 1e-20
4716.99568 1.285870553e-15 1e-20
4717.97614 1.274106748e-15 1e-20
4718.956601 1.265309463e-15 1e-20
4719.937061 1.258957457e-15 1e-20
4720.917522 1.254397455e-15 1e-20
4721.897982 1.250922185e-15 1e-20
4722.878443 1.247720189e-15 1e-20
4723.858904 1.244045019e-15 1e-20
4724.839364 1.239262883e-15 1e-20
4725.819825 1.231948541e-15 1e-20
4726.800285 1.221370794e-15 1e-20
4727.780746 1.210224476e-15 1e-20
4728.761206 1.19963074e-15 1e-20
4729.741667 1.190708307e-15 1e-20
4730.722127 1.186334758e-15 1e-20
4731.702588 1.185525418e-15 1e-20
4732.683048 1.18658241e-15 1e-20
4733.663509 1.188718097e-15 1e-20
4734.64397 1.190898995e-15 1e-20
4735.62443 1.191617809e-15 1e-20
4736.604891 1.19129043e-15 1e-20
4737.585351 1.189844122e-15 1e-20
4738.565812 1.187177662e-15 1e-20
4739.546272 1.182949591e-15 1e-20
4740.526733 1.17723233e-15 1e-20
4741.507193 1.171078848e-15 1e-20
4742.487654 1.165067137e-15 1e-20
4743.468114 1.159792981e-15 1e-20
4744.448575 1.156538045e-15 1e-20
4745.429036 1.154877437e-15 1e-20
4746.409496 1.154266726e-15 1e-20
4747.389957 1.154428509e-15 1e-20
4748.370417 1.155030221e-15 1e-20
4749.350878 1.155719494e-15 1e-20
4750.331338 1.156047719e-15 1e-20
4751.311799 1.155617426e-15 1e-20
4752.292259 1.15408652e-15 1e-20
4753.27272 1.150574404e-15 1e-20
4754.25318 1.145023267e-15 1e-20
4755.233641 1.138600852e-15 1e-20
4756.214102 1.131778001e-15 1e-20
4757.194562 1.125106029e-15 1e-20
4758.175023 1.120290646e-15 1e-20
4759.155483 1.116076763e-15 1e-20
4760.135944 1.111401459e-15 1e-20
4761.116404 1.105699657e-15 1e-20
4762.096865 1.09800648e-15 1e-20
4763.077325 1.087082508e-15 1e-20
4764.057786 1.074860987e-15 1e-20
4765.038246 1.062185457e-15 1e-20
4766.018707 1.049853822e-15 1e-20
4766.999168 1.038652764e-15 1e-20
4767.979628 1.029351601e-15 1e-20
4768.960089 1.022635053e-15 1e-20
4769.940549 1.018986035e-15 1e-20
4770.92101 1.018965283e-15 1e-20
4771.90147 1.025412686e-15 1e-20
4772.881931 1.034213782e-15 1e-20
4773.862391 1.042238996e-15 1e-20
4774.842852 1.047349992e-15 1e-20
4775.823312 1.045557882e-15 1e-20
4776.803773 1.032822848e-15 1e-20
4777.784234 1.016500629e-15 1e-20
4778.764694 9.994191508e-16 1e-20
4779.745155 9.8417404e-16 1e-20
4780.725615 9.774159877e-16 1e-20
4781.706076 9.783407359e-16 1e-20
4782.686536 9.823173438e-16 1e-20
4783.666997 9.876324756e-16 1e-20
4784.647457 9.921167739e-16 1e-20
4785.627918 9.919093567e-16 1e-20
4786.608378 9.884902023e-16 1e-20
4787.588839 9.824017295e-16 1e-20
4788.5693 9.738836485e-16 1e-20
4789.54976 9.628629028e-16 1e-20
4790.530221 9.496116018e-16 1e-20
4791.510681 9.367163722e-16 1e-20
4792.491142 9.257189199e-16 1e-20
4793.471602 9.180492483e-16 1e-20
4794.452063 9.171706634e-16 1e-20
4795.432523 9.220583612e-16 1e-20
4796.412984 9.303539901e-16 1e-20
4797.393444 9.408805979e-16 1e-20
4798.373905 9.521442303e-16 1e-20
4799.354365 9.619504366e-16 1e-20
4800.334826 9.70487364e-16 1e-20
4801.315287 9.773925884e-16 1e-20
4802.295747 9.82242699e-16 1e-20
4803.276208 9.844715604e-16 1e-20
4804.256668 9.838695317e-16 1e-20
4805.237129 9.812793049e-16 1e-20
4806.217589 9.771841124e-16 1e-20
4807.19805 9.721473369e-16 1e-20
4808.17851 9.66807747e-16 1e-20
4809.158971 9.617636658e-16 1e-20
4810.139431 9.57582923e-16 1e-20
4811.119892 9.547859143e-16 1e-20
4812.100353 9.539751979e-16 1e-20
4813.080813 9.560345467e-16 1e-20
4814.061274 9.600185662e-16 1e-20
4815.041734 9.654289892e-16 1e-20
4816.022195 9.717922183e-16 1e-20
4817.002655 9.785834108e-16 1e-20
4817.983116 9.85271583e-16 1e-20
4818.963576 9.913612205e-16 1e-20
4819.944037 9.964209718e-16 1e-20
4820.924497 1.000050508e-15 1e-20
4821.904958 1.000750792e-15 1e-20
4822.885419 9.999022772e-16 1e-20
4823.865879 9.988931433e-16 1e-20
4824.84634 9.985724355e-16 1e-20
4825.8268 1.000283654e-15 1e-20
4826.807261 1.005975609e-15 1e-20
4827.787721 1.013165648e-15 1e-20
4828.768182 1.020836696e-15 1e-20
4829.748642 1.028126368e-15 1e-20
4830.729103 1.033409312e-15 1e-20
4831.709563 1.036187475e-15 1e-20
4832.690024 1.037386026e-15 1e-20
4833.670485 1.037215031e-15 1e-20
4834.650945 1.035956764e-15 1e-20
4835.631406 1.033300363e-15 1e-20
4836.611866 1.030754817e-15 1e-20
4837.592327 1.02963091e-15 1e-20
4838.572787 1.030889813e-15 1e-20
4839.553248 1.036060843e-15 1e-20
4840.533708 1.046879148e-15 1e-20
4841.514169 1.060500391e-15 1e-20
4842.494629 1.075691821e-15 1e-20
4843.47509 1.091268439e-15 1e-20
4844.455551 1.105462382e-15 1e-20
4845.436011 1.117478285e-15 1e-20
4846.416472 1.127297197e-15 1e-20
4847.396932 1.134607515e-15 1e-20
4848.377393 1.139075402e-15 1e-20
4849.357853 1.138791964e-15 1e-20
4850.338314 1.13709271e-15 1e-20
4851.318774 1.136465905e-15 1e-20
4852.299235 1.138729177e-15 1e-20
4853.279695 1.146947514e-15 1e-20
4854.260156 1.16387155e-15 1e-20
4855.240617 1.185042927e-15 1e-20
4856.221077 1.208795849e-15 1e-20
4857.201538 1.233414544e-15 1e-20
4858.181998 1.256177072e-15 1e-20
4859.162459 1.276069217e-15 1e-20
4860.142919 1.292857833e-15 1e-20
4861.12338 1.305880965e-15 1e-20
4862.10384 1.314459609e-15 1e-20
4863.084301 1.316878523e-15 1e-20
4864.064761 1.315887918e-15 1e-20
4865.045222 1.313400712e-15 1e-20
4866.025683 1.311017585e-15 1e-20
4867.006143 1.31106163e-15 1e-20
4867.986604 1.315386369e-15 1e-20
4868.967064 1.322915115e-15 1e-20
4869.947525 1.333699856e-15 1e-20
4870.927985 1.347611314e-15 1e-20
4871.908446 1.364919056e-15 1e-20
4872.888906 1.384514316e-15 1e-20
4873.869367 1.404940515e-15 1e-20
4874.849827 1.425030866e-15 1e-20
4875.830288 1.443513866e-15 1e-20
4876.810749 1.45884421e-15 1e-20
4877.791209 1.470921523e-15 1e-20
4878.77167 1.479441404e-15 1e-20
4879.75213 1.484219199e-15 1e-20
4880.732591 1.484366583e-15 1e-20
4881.713051 1.479999599e-15 1e-20
4882.693512 1.474023146e-15 1e-20
4883.673972 1.467983272e-15 1e-20
4884.654433 1.463461916e-15 1e-20
4885.634893 1.464054945e-15 1e-20
4886.615354 1.468536278e-15 1e-20
4887.595814 1.475275378e-15 1e-20
4888.576275 1.483538397e-15 1e-20
4889.556736 1.492204179e-15 1e-20
4890.537196 1.499587871e-15 1e-20
4891.517657 1.506659326e-15 1e-20
4892.498117 1.513555444e-15 1e-20
4893.478578 1.520330649e-15 1e-20
4894.459038 1.52678144e-15 1e-20
4895.439499 1.533086012e-15 1e-20
4896.419959 1.540044812e-15 1e-20
4897.40042 1.548006074e-15 1e-20
4898.38088 1.55734673e-15 1e-20
4899.361341 1.570349109e-15 1e-20
4900.341802 1.584352576e-15 1e-20
4901.322262 1.596936838e-15 1e-20
4902.302723 1.606608896e-15 1e-20
4903.283183 1.610987421e-15 1e-20
4904.263644 1.606907369e-15 1e-20
4905.244104 1.599001057e-15 1e-20
4906.224565 1.589270555e-15 1e-20
4907.205025 1.579533276e-15 1e-20
4908.185486 1.5729621e-15 1e-20
4909.165946 1.570666535e-15 1e-20
4910.146407 1.571626964e-15 1e-20
4911.126868 1.575924915e-15 1e-20
4912.107328 1.583506813e-15 1e-20
4913.087789 1.595200209e-15 1e-20
4914.068249 1.608765442e-15 1e-20
4915.04871 1.622290123e-15 1e-20
4916.02917 1.63429872e-15 1e-20
4917.009631 1.642462e-15 1e-20
4917.990091 1.644345061e-15 1e-20
4918.970552 1.643207601e-15 1e-20
4919.951012 1.640203916e-15 1e-20
4920.931473 1.636461513e-15 1e-20
4921.911934 1.63412889e-15 1e-20
4922.892394 1.633686104e-15 1e-20
4923.872855 1.634603546e-15 1e-20
4924.853315 1.636990062e-15 1e-20
4925.833776 1.640927918e-15 1e-20
4926.814236 1.647105435e-15 1e-20
4927.794697 1.653928285e-15 1e-20
4928.775157 1.66021274e-15 1e-20
4929.755618 1.665046969e-15 1e-20
4930.736078 1.666711813e-15 1e-20
4931.716539 1.663812525e-15 1e-20
4932.697 1.659012707e-15 1e-20
4933.67746 1.653257224e-15 1e-20
4934.657921 1.647473047e-15 1e-20
4935.638381 1.644446387e-15 1e-20
4936.618842 1.643384737e-15 1e-20
4937.599302 1.642384391e-15 1e-20
4938.579763 1.640758405e-15 1e-20
4939.560223 1.63741379e-15 1e-20
4940.540684 1.629569524e-15 1e-20
4941.521144 1.620665302e-15 1e-20
4942.501605 1.612589478e-15 1e-20
4943.482066 1.606662047e-15 1e-20
4944.462526 1.605634067e-15 1e-20
4945.442987 1.61104936e-15 1e-20
4946.423447 1.618969753e-15 1e-20
4947.403908 1.627954232e-15 1e-20
4948.384368 1.636485442e-15 1e-20
4949.364829 1.64146536e-15 1e-20
4950.345289 1.64316652e-15 1e-20
4951.32575 1.642427166e-15 1e-20
4952.30621 1.639386318e-15 1e-20
4953.286671 1.634291097e-15 1e-20
4954.267132 1.627385873e-15 1e-20
4955.247592 1.619511325e-15 1e-20
4956.228053 1.611382985e-15 1e-20
4957.208513 1.603663339e-15 1e-20
4958.188974 1.597512397e-15 1e-20
4959.169434 1.593455745e-15 1e-20
4960.149895 1.590520352e-15 1e-20
4961.130355 1.588432522e-15 1e-20
4962.110816 1.58684857e-15 1e-20
4963.091276 1.585195585e-15 1e-20
4964.071737 1.583328513e-15 1e-20
4965.052198 1.581124851e-15 1e-20
4966.032658 1.578414663e-15 1e-20
4967.013119 1.574872477e-15 1e-20
4967.993579 1.569917122e-15 1e-20
4968.97404 1.564715175e-15 1e-20
4969.9545 1.559830125e-15 1e-20
4970.934961 1.555700839e-15 1e-20
4971.915421 1.553816932e-15 1e-20
4972.895882 1.554147804e-15 1e-20
4973.876342 1.554565074e-15 1e-20
4974.856803 1.554225308e-15 1e-20
4975.837264 1.552190523e-15 1e-20
4976.817724 1.545815753e-15 1e-20
4977.798185 1.537118524e-15 1e-20
4978.778645 1.527831761e-15 1e-20
4979.759106 1.519032042e-15 1e-20
4980.739566 1.512184627e-15 1e-20
4981.720027 1.508947162e-15 1e-20
4982.700487 1.508391402e-15 1e-20
4983.680948 1.510396541e-15 1e-20
4984.661408 1.514748808e-15 1e-20
4985.641869 1.521913754e-15 1e-20
4986.622329 1.530941325e-15 1e-20
4987.60279 1.539788372e-15 1e-20
4988.583251 1.547202875e-15 1e-20
4989.563711 1.551799194e-15 1e-20
4990.544172 1.55053595e-15 1e-20
4991.524632 1.545607806e-15 1e-20
4992.505093 1.538556575e-15 1e-20
4993.485553 1.530419658e-15 1e-20
4994.466014 1.522788103e-15 1e-20
4995.446474 1.517285566e-15 1e-20
4996.426935 1.512979991e-15 1e-20
4997.407395 1.509928555e-15 1e-20
4998.387856 1.508142374e-15 1e-20
4999.368317 1.507668142e-15 1e-20
5000.348777 1.508237877e-15 1e-20
5001.329238 1.509422029e-15 1e-20
5002.309698 1.510852668e-15 1e-20
5003.290159 1.512133276e-15 1e-20
5004.270619 1.512777974e-15 1e-20
5005.25108 1.512672836e-15 1e-20
5006.23154 1.511687419e-15 1e-20
5007.212001 1.509739031e-15 1e-20
5008.192461 1.506484413e-15 1e-20
5009.172922 1.501796086e-15 1e-20
5010.153383 1.496967892e-15 1e-20
5011.133843 1.492668247e-15 1e-20
5012.114304 1.489544072e-15 1e-20
5013.094764 1.48892595e-15 1e-20
5014.075225 1.490631345e-15 1e-20
5015.055685 1.494057805e-15 1e-20
5016.036146 1.498952279e-15 1e-20
5017.016606 1.504976165e-15 1e-20
5017.997067 1.5117195e-15 1e-20
5018.977527 1.518783014e-15 1e-20
5019.957988 1.525746366e-15 1e-20
5020.938449 1.532202239e-15 1e-20
5021.918909 1.537725e-15 1e-20
5022.89937 1.541991293e-15 1e-20
5023.87983 1.544920651e-15 1e-20
5024.860291 1.54644044e-15 1e-20
5025.840751 1.546535731e-15 1e-20
5026.821212 1.543991985e-15 1e-20
5027.801672 1.540391777e-15 1e-20
5028.782133 1.537510701e-15 1e-20
5029.762593 1.536366253e-15 1e-20
5030.743054 1.538642866e-15 1e-20
5031.723515 1.547562547e-15 1e-20
5032.703975 1.558066602e-15 1e-20
5033.684436 1.567622722e-15 1e-20
5034.664896 1.574203639e-15 1e-20
5035.645357 1.573559999e-15 1e-20
5036.625817 1.564370645e-15 1e-20
5037.606278 1.550967407e-15 1e-20
5038.586738 1.534832383e-15 1e-20
5039.567199 1.5177112e-15 1e-20
5040.547659 1.502671283e-15 1e-20
5041.52812 1.489847521e-15 1e-20
5042.508581 1.479375971e-15 1e-20
5043.489041 1.471780203e-15 1e-20
5044.469502 1.467625294e-15 1e-20
5045.449962 1.467555944e-15 1e-20
5046.430423 1.470398057e-15 1e-20
5047.410883 1.475467125e-15 1e-20
5048.391344 1.482071971e-15 1e-20
5049.371804 1.488887621e-15 1e-20
5050.352265 1.495409775e-15 1e-20
5051.332725 1.502084818e-15 1e-20
5052.313186 1.508752556e-15 1e-20
5053.293647 1.515334531e-15 1e-20
5054.274107 1.522433514e-15 1e-20
5055.254568 1.528942857e-15 1e-20
5056.235028 1.534008749e-15 1e-20
5057.215489 1.537107619e-15 1e-20
5058.195949 1.537307942e-15 1e-20
5059.17641 1.53357168e-15 1e-20
5060.15687 1.528043308e-15 1e-20
5061.137331 1.521692678e-15 1e-20
5062.117791 1.515424952e-15 1e-20
5063.098252 1.511094708e-15 1e-20
5064.078713 1.508892634e-15 1e-20
5065.059173 1.507898746e-15 1e-20
5066.039634 1.507901711e-15 1e-20
5067.020094 1.508594478e-15 1e-20
5068.000555 1.509570578e-15 1e-20
5068.981015 1.51052169e-15 1e-20
5069.961476 1.511124036e-15 1e-20
5070.941936 1.511076602e-15 1e-20
5071.922397 1.509766772e-15 1e-20
5072.902857 1.506683254e-15 1e-20
5073.883318 1.503086541e-15 1e-20
5074.863779 1.499484851e-15 1e-20
5075.844239 1.496349452e-15 1e-20
5076.8247 1.495148889e-15 1e-20
5077.80516 1.495397387e-15 1e-20
5078.785621 1.495895231e-15 1e-20
5079.766081 1.496121812e-15 1e-20
5080.746542 1.495382564e-15 1e-20
5081.727002 1.492238272e-15 1e-20
5082.707463 1.487940109e-15 1e-20
5083.687923 1.483145479e-15 1e-20
5084.668384 1.478312944e-15 1e-20
5085.648844 1.474242316e-15 1e-20
5086.629305 1.471526093e-15 1e-20
5087.609766 1.469516931e-15 1e-20
5088.590226 1.46811308e-15 1e-20
5089.570687 1.467182826e-15 1e-20
5090.551147 1.466569362e-15 1e-20
5091.531608 1.466093965e-15 1e-20
5092.512068 1.465579922e-15 1e-20
5093.492529 1.464875826e-15 1e-20
5094.472989 1.463697603e-15 1e-20
5095.45345 1.461343592e-15 1e-20
5096.43391 1.458908161e-15 1e-20
5097.414371 1.456935739e-15 1e-20
5098.394832 1.455789385e-15 1e-20
5099.375292 1.456796614e-15 1e-20
5100.355753 1.460226462e-15 1e-20
5101.336213 1.463442328e-15 1e-20
5102.316674 1.465358528e-15 1e-20
5103.297134 1.464878367e-15 1e-20
5104.277595 1.458850774e-15 1e-20
5105.258055 1.449139965e-15 1e-20
5106.238516 1.437905767e-15 1e-20
5107.218976 1.426358379e-15 1e-20
5108.199437 1.416192819e-15 1e-20
5109.179898 1.409819319e-15 1e-20
5110.160358 1.40558786e-15 1e-20
5111.140819 1.403090489e-15 1e-20
5112.121279 1.402019205e-15 1e-20
5113.10174 1.401687379e-15 1e-20
5114.0822 1.401729943e-15 1e-20
5115.062661 1.402349442e-15 1e-20
5116.043121 1.40339341e-15 1e-20
5117.023582 1.404702181e-15 1e-20
5118.004042 1.405899039e-15 1e-20
5118.984503 1.407177953e-15 1e-20
5119.964964 1.40869086e-15 1e-20
5120.945424 1.410476405e-15 1e-20
5121.925885 1.41281591e-15 1e-20
5122.906345 1.416191866e-15 1e-20
5123.886806 1.419249761e-15 1e-20
5124.867266 1.421359084e-15 1e-20
5125.847727 1.422023582e-15 1e-20
5126.828187 1.419741146e-15 1e-20
5127.808648 1.414753921e-15 1e-20
5128.789108 1.408874983e-15 1e-20
5129.769569 1.40292553e-15 1e-20
5130.75003 1.39784185e-15 1e-20
5131.73049 1.395438288e-15 1e-20
5132.710951 1.394934092e-15 1e-20
5133.691411 1.395811724e-15 1e-20
5134.671872 1.397774934e-15 1e-20
5135.652332 1.400559237e-15 1e-20
5136.632793 1.403870077e-15 1e-20
5137.613253 1.406710285e-15 1e-20
5138.593714 1.408410915e-15 1e-20
5139.574174 1.408405939e-15 1e-20
5140.554635 1.404995678e-15 1e-20
5141.535096 1.398745528e-15 1e-20
5142.515556 1.39141774e-15 1e-20
5143.496017 1.383887511e-15 1e-20
5144.476477 1.377224221e-15 1e-20
5145.456938 1.373450795e-15 1e-20
5146.437398 1.371475408e-15 1e-20
5147.417859 1.370763265e-15 1e-20
5148.398319 1.371015575e-15 1e-20
5149.37878 1.371636768e-15 1e-20
5150.35924 1.372067167e-15 1e-20
5151.339701 1.37270403e-15 1e-20
5152.320162 1.3734833e-15 1e-20
5153.300622 1.374325039e-15 1e-20
5154.281083 1.375429887e-15 1e-20
5155.261543 1.376459774e-15 1e-20
5156.242004 1.3769429e-15 1e-20
5157.222464 1.376606204e-15 1e-20
5158.202925 1.375137132e-15 1e-20
5159.183385 1.371984263e-15 1e-20
5160.163846 1.367683559e-15 1e-20
5161.144306 1.362551387e-15 1e-20
5162.124767 1.356863455e-15 1e-20
5163.105228 1.350853968e-15 1e-20
5164.085688 1.344809858e-15 1e-20
5165.066149 1.339217217e-15 1e-20
5166.046609 1.334394635e-15 1e-20
5167.02707 1.330610515e-15 1e-20
5168.00753 1.329038316e-15 1e-20
5168.987991 1.328691351e-15 1e-20
5169.968451 1.328306374e-15 1e-20
5170.948912 1.327136516e-15 1e-20
5171.929372 1.324152101e-15 1e-20
5172.909833 1.317662135e-15 1e-20
5173.890294 1.309296308e-15 1e-20
5174.870754 1.299754376e-15 1e-20
5175.851215 1.289596333e-15 1e-20
5176.831675 1.279887959e-15 1e-20
5177.812136 1.271176543e-15 1e-20
5178.792596 1.262805846e-15 1e-20
5179.773057 1.254736375e-15 1e-20
5180.753517 1.246879932e-15 1e-20
5181.733978 1.239042972e-15 1e-20
5182.714438 1.231181553e-15 1e-20
5183.694899 1.223243901e-15 1e-20
5184.675359 1.215146796e-15 1e-20
5185.65582 1.206808074e-15 1e-20
5186.636281 1.19814928e-15 1e-20
5187.616741 1.189210965e-15 1e-20
5188.597202 1.180031668e-15 1e-20
5189.577662 1.170681801e-15 1e-20
5190.558123 1.161001697e-15 1e-20
5191.538583 1.151211902e-15 1e-20
5192.519044 1.142003489e-15 1e-20
5193.499504 1.133760694e-15 1e-20
5194.479965 1.126870716e-15 1e-20
5195.460425 1.122062745e-15 1e-20
5196.440886 1.118984416e-15 1e-20
5197.421347 1.117307185e-15 1e-20
5198.401807 1.116776307e-15 1e-20
5199.382268 1.1171796e-15 1e-20
5200.362728 1.118321507e-15 1e-20
5201.343189 1.119279607e-15 1e-20
5202.323649 1.119424979e-15 1e-20
5203.30411 1.118202287e-15 1e-20
5204.28457 1.114675877e-15 1e-20
5205.265031 1.108745482e-15 1e-20
5206.245491 1.100959766e-15 1e-20
5207.225952 1.091593382e-15 1e-20
5208.206413 1.080933578e-15 1e-20
5209.186873 1.068597496e-15 1e-20
5210.167334 1.056364329e-15 1e-20
5211.147794 1.045604046e-15 1e-20
5212.128255 1.037308523e-15 1e-20
5213.108715 1.033417042e-15 1e-20
5214.089176 1.035659138e-15 1e-20
5215.069636 1.04004391e-15 1e-20
5216.050097 1.044896138e-15 1e-20
5217.030557 1.048627953e-15 1e-20
5218.011018 1.047593938e-15 1e-20
5218.991479 1.042123905e-15 1e-20
5219.971939 1.034279109e-15 1e-20
5220.9524 1.024793717e-15 1e-20
5221.93286 1.014600099e-15 1e-20
5222.913321 1.004940006e-15 1e-20
5223.893781 9.962749645e-16 1e-20
5224.874242 9.89177146e-16 1e-20
5225.854702 9.841619698e-16 1e-20
5226.835163 9.825197847e-16 1e-20
5227.815623 9.849458988e-16 1e-20
5228.796084 9.884508153e-16 1e-20
5229.776545 9.917274563e-16 1e-20
5230.757005 9.935187193e-16 1e-20
5231.737466 9.903583335e-16 1e-20
5232.717926 9.835686232e-16 1e-20
5233.698387 9.755634207e-16 1e-20
5234.678847 9.675159725e-16 1e-20
5235.659308 9.609129271e-16 1e-20
5236.639768 9.579904517e-16 1e-20
5237.620229 9.579223714e-16 1e-20
5238.600689 9.605905252e-16 1e-20
5239.58115 9.659213271e-16 1e-20
5240.561611 9.741725926e-16 1e-20
5241.542071 9.850425664e-16 1e-20
5242.522532 9.966968928e-16 1e-20
5243.502992 1.008045652e-15 1e-20
5244.483453 1.017997971e-15 1e-20
5245.463913 1.024183535e-15 1e-20
5246.444374 1.027364356e-15 1e-20
5247.424834 1.028616482e-15 1e-20
5248.405295 1.028463699e-15 1e-20
5249.385755 1.027599408e-15 1e-20
5250.366216 1.026900076e-15 1e-20
5251.346677 1.026566239e-15 1e-20
5252.327137 1.026974509e-15 1e-20
5253.307598 1.02845184e-15 1e-20
5254.288058 1.031861783e-15 1e-20
5255.268519 1.037212279e-15 1e-20
5256.248979 1.043056382e-15 1e-20
5257.22944 1.048706304e-15 1e-20
5258.2099 1.053420466e-15 1e-20
5259.190361 1.055816404e-15 1e-20
5260.170821 1.056212498e-15 1e-20
5261.151282 1.054948619e-15 1e-20
5262.131743 1.052189092e-15 1e-20
5263.112203 1.047994796e-15 1e-20
5264.092664 1.042288335e-15 1e-20
5265.073124 1.036572239e-15 1e-20
5266.053585 1.031756116e-15 1e-20
5267.034045 1.028608753e-15 1e-20
5268.014506 1.029080656e-15 1e-20
5268.994966 1.033109251e-15 1e-20
5269.975427 1.038576955e-15 1e-20
5270.955887 1.044591418e-15 1e-20
5271.936348 1.050100944e-15 1e-20
5272.916808 1.052942422e-15 1e-20
5273.897269 1.054045153e-15 1e-20
5274.87773 1.054034459e-15 1e-20
5275.85819 1.053207861e-15 1e-20
5276.838651 1.051970769e-15 1e-20
5277.819111 1.050779205e-15 1e-20
5278.799572 1.04991989e-15 1e-20
5279.780032 1.049724861e-15 1e-20
5280.760493 1.050474273e-15 1e-20
5281.740953 1.053155133e-15 1e-20
5282.721414 1.057394003e-15 1e-20
5283.701874 1.062019544e-15 1e-20
5284.682335 1.066469961e-15 1e-20
5285.662796 1.070036393e-15 1e-20
5286.643256 1.071010693e-15 1e-20
5287.623717 1.070880038e-15 1e-20
5288.604177 1.07055986e-15 1e-20
5289.584638 1.070638846e-15 1e-20
5290.565098 1.072192833e-15 1e-20
5291.545559 1.076140325e-15 1e-20
5292.526019 1.081061163e-15 1e-20
5293.50648 1.086496255e-15 1e-20
5294.48694 1.091970418e-15 1e-20
5295.467401 1.096635981e-15 1e-20
5296.447862 1.100298763e-15 1e-20
5297.428322 1.102997728e-15 1e-20
5298.408783 1.104588667e-15 1e-20
5299.389243 1.104980314e-15 1e-20
5300.369704 1.10412714e-15 1e-20
5301.350164 1.10209712e-15 1e-20
5302.330625 1.099011802e-15 1e-20
5303.311085 1.095057111e-15 1e-20
5304.291546 1.090118804e-15 1e-20
5305.272006 1.08434945e-15 1e-20
5306.252467 1.079150044e-15 1e-20
5307.232928 1.075265763e-15 1e-20
5308.213388 1.073381538e-15 1e-20
5309.193849 1.075422252e-15 1e-20
5310.174309 1.080403653e-15 1e-20
5311.15477 1.086842692e-15 1e-20
5312.13523 1.093921664e-15 1e-20
5313.115691 1.100511368e-15 1e-20
5314.096151 1.104775438e-15 1e-20
5315.076612 1.107931165e-15 1e-20
5316.057072 1.110330492e-15 1e-20
5317.037533 1.112164954e-15 1e-20
5318.017994 1.114212656e-15 1e-20
5318.998454 1.116700921e-15 1e-20
5319.978915 1.118397845e-15 1e-20
5320.959375 1.118904689e-15 1e-20
5321.939836 1.117827581e-15 1e-20
5322.920296 1.113885383e-15 1e-20
5323.900757 1.108025715e-15 1e-20
5324.881217 1.101289156e-15 1e-20
5325.861678 1.094312146e-15 1e-20
5326.842138 1.087947646e-15 1e-20
5327.822599 1.083336928e-15 1e-20
5328.80306 1.079821742e-15 1e-20
5329.78352 1.077289431e-15 1e-20
5330.763981 1.075649893e-15 1e-20
5331.744441 1.074644676e-15 1e-20
5332.724902 1.074118669e-15 1e-20
5333.705362 1.074097175e-15 1e-20
5334.685823 1.074450388e-15 1e-20
5335.666283 1.075044688e-15 1e-20
5336.646744 1.075885474e-15 1e-20
5337.627204 1.076607993e-15 1e-20
5338.607665 1.076889631e-15 1e-20
5339.588126 1.076493114e-15 1e-20
5340.568586 1.075071051e-15 1e-20
5341.549047 1.072210727e-15 1e-20
5342.529507 1.068525287e-15 1e-20
5343.509968 1.064279216e-15 1e-20
5344.490428 1.059722814e-15 1e-20
5345.470889 1.055436404e-15 1e-20
5346.451349 1.051498336e-15 1e-20
5347.43181 1.04756895e-15 1e-20
5348.41227 1.043600813e-15 1e-20
5349.392731 1.039503291e-15 1e-20
5350.373192 1.03484641e-15 1e-20
5351.353652 1.030160094e-15 1e-20
5352.334113 1.025820532e-15 1e-20
5353.314573 1.022067329e-15 1e-20
5354.295034 1.019306849e-15 1e-20
5355.275494 1.017928832e-15 1e-20
5356.255955 1.017268464e-15 1e-20
5357.236415 1.017060412e-15 1e-20
5358.216876 1.017039024e-15 1e-20
5359.197336 1.016757386e-15 1e-20
5360.177797 1.016078065e-15 1e-20
5361.158258 1.015024674e-15 1e-20
5362.138718 1.013523943e-15 1e-20
5363.119179 1.011494664e-15 1e-20
5364.099639 1.008660386e-15 1e-20
5365.0801 1.005470778e-15 1e-20
5366.06056 1.002224736e-15 1e-20
5367.041021 9.991370888e-16 1e-20
5368.021481 9.966963634e-16 1e-20
5369.001942 9.952413725e-16 1e-20
5369.982402 9.938582736e-16 1e-20
5370.962863 9.921899363e-16 1e-20
5371.943323 9.898925712e-16 1e-20
5372.923784 9.861701791e-16 1e-20
5373.904245 9.811902606e-16 1e-20
5374.884705 9.753903084e-16 1e-20
5375.865166 9.689663046e-16 1e-20
5376.845626 9.621565832e-16 1e-20
5377.826087 9.552228774e-16 1e-20
5378.806547 9.484359201e-16 1e-20
5379.787008 9.420556444e-16 1e-20
5380.767468 9.363150903e-16 1e-20
5381.747929 9.315809173e-16 1e-20
5382.728389 9.280385196e-16 1e-20
5383.70885 9.252818509e-16 1e-20
5384.689311 9.231409751e-16 1e-20
5385.669771 9.214144044e-16 1e-20
5386.650232 9.199163207e-16 1e-20
5387.630692 9.183741914e-16 1e-20
5388.611153 9.165195068e-16 1e-20
5389.591613 9.14133415e-16 1e-20
5390.572074 9.109631825e-16 1e-20
5391.552534 9.066458555e-16 1e-20
5392.532995 9.016329028e-16 1e-20
5393.513455 8.961915631e-16 1e-20
5394.493916 8.905979693e-16 1e-20
5395.474377 8.849675825e-16 1e-20
5396.454837 8.79648692e-16 1e-20
5397.435298 8.754282445e-16 1e-20
5398.415758 8.727802078e-16 1e-20
5399.396219 8.721457801e-16 1e-20
5400.376679 8.747111782e-16 1e-20
5401.35714 8.795573184e-16 1e-20
5402.3376 8.857135538e-16 1e-20
5403.318061 8.925004053e-16 1e-20
5404.298521 8.991359555e-16 1e-20
5405.278982 9.047740186e-16 1e-20
5406.259443 9.09005054e-16 1e-20
5407.239903 9.113558881e-16 1e-20
5408.220364 9.114526616e-16 1e-20
5409.200824 9.084559649e-16 1e-20
5410.181285 9.025049232e-16 1e-20
5411.161745 8.948511335e-16 1e-20
5412.142206 8.862122974e-16 1e-20
5413.122666 8.773853671e-16 1e-20
5414.103127 8.692242046e-16 1e-20
5415.083587 8.624786989e-16 1e-20
5416.064048 8.578340996e-16 1e-20
5417.044509 8.558641128e-16 1e-20
5418.024969 8.574705107e-16 1e-20
5419.00543 8.636210817e-16 1e-20
5419.98589 8.722289481e-16 1e-20
5420.966351 8.822755e-16 1e-20
5421.946811 8.927755851e-16 1e-20
5422.927272 9.018500609e-16 1e-20
5423.907732 9.091181329e-16 1e-20
5424.888193 9.152346637e-16 1e-20
5425.868653 9.201939358e-16 1e-20
5426.849114 9.241022517e-16 1e-20
5427.829575 9.27273543e-16 1e-20
5428.810035 9.296841988e-16 1e-20
5429.790496 9.314237927e-16 1e-20
5430.770956 9.326551668e-16 1e-20
5431.751417 9.335295166e-16 1e-20
5432.731877 9.342096841e-16 1e-20
5433.712338 9.35004201e-16 1e-20
5434.692798 9.36142825e-16 1e-20
5435.673259 9.378295852e-16 1e-20
5436.653719 9.40442576e-16 1e-20
5437.63418 9.439427279e-16 1e-20
5438.614641 9.481122476e-16 1e-20
5439.595101 9.528375268e-16 1e-20
5440.575562 9.579778521e-16 1e-20
5441.556022 9.634024628e-16 1e-20
5442.536483 9.688724957e-16 1e-20
5443.516943 9.741769337e-16 1e-20
5444.497404 9.791291118e-16 1e-20
5445.477864 9.834119221e-16 1e-20
5446.458325 9.868225003e-16 1e-20
5447.438785 9.897554578e-16 1e-20
5448.419246 9.923493903e-16 1e-20
5449.399707 9.947582461e-16 1e-20
5450.380167 9.974777513e-16 1e-20
5451.360628 1.000331829e-15 1e-20
5452.341088 1.00303397e-15 1e-20
5453.321549 1.005503812e-15 1e-20
5454.302009 1.007567184e-15 1e-20
5455.28247 1.008738207e-15 1e-20
5456.26293 1.00990256e-15 1e-20
5457.243391 1.011561156e-15 1e-20
5458.223851 1.014109031e-15 1e-20
5459.204312 1.018028041e-15 1e-20
5460.184773 1.023616553e-15 1e-20
5461.165233 1.030726018e-15 1e-20
5462.145694 1.039277663e-15 1e-20
5463.126154 1.049134056e-15 1e-20
5464.106615 1.061693225e-15 1e-20
5465.087075 1.07468184e-15 1e-20
5466.067536 1.08573022e-15 1e-20
5467.047996 1.093406456e-15 1e-20
5468.028457 1.095428535e-15 1e-20
5469.008917 1.087926788e-15 1e-20
5469.989378 1.076931559e-15 1e-20
5470.969838 1.065391688e-15 1e-20
5471.950299 1.055786758e-15 1e-20
5472.93076 1.052877306e-15 1e-20
5473.91122 1.058249083e-15 1e-20
5474.891681 1.068322105e-15 1e-20
5475.872141 1.082107989e-15 1e-20
5476.852602 1.098347305e-15 1e-20
5477.833062 1.115913604e-15 1e-20
5478.813523 1.132847698e-15 1e-20
5479.793983 1.14731015e-15 1e-20
5480.774444 1.157795571e-15 1e-20
5481.754904 1.161873506e-15 1e-20
5482.735365 1.156359109e-15 1e-20
5483.715826 1.146936397e-15 1e-20
5484.696286 1.136243453e-15 1e-20
5485.676747 1.126652499e-15 1e-20
5486.657207 1.12308649e-15 1e-20
5487.637668 1.126368743e-15 1e-20
5488.618128 1.133411504e-15 1e-20
5489.598589 1.143406176e-15 1e-20
5490.579049 1.155247061e-15 1e-20
5491.55951 1.167144909e-15 1e-20
5492.53997 1.178703203e-15 1e-20
5493.520431 1.189330714e-15 1e-20
5494.500892 1.19831678e-15 1e-20
5495.481352 1.204702032e-15 1e-20
5496.461813 1.207571992e-15 1e-20
5497.442273 1.208170632e-15 1e-20
5498.422734 1.207007127e-15 1e-20
5499.403194 1.204624952e-15 1e-20
5500.383655 1.201852296e-15 1e-20
5501.364115 1.199119344e-15 1e-20
5502.344576 1.196610327e-15 1e-20
5503.325036 1.194626787e-15 1e-20
5504.305497 1.19350828e-15 1e-20
5505.285958 1.194213329e-15 1e-20
5506.266418 1.195483032e-15 1e-20
5507.246879 1.196465166e-15 1e-20
5508.227339 1.196537588e-15 1e-20
5509.2078 1.194524826e-15 1e-20
5510.18826 1.189487627e-15 1e-20
5511.168721 1.183117833e-15 1e-20
5512.149181 1.175990792e-15 1e-20
5513.129642 1.168682698e-15 1e-20
5514.110102 1.162537579e-15 1e-20
5515.090563 1.157414301e-15 1e-20
5516.071024 1.152715597e-15 1e-20
5517.051484 1.148280956e-15 1e-20
5518.031945 1.143890573e-15 1e-20
5519.012405 1.139229986e-15 1e-20
5519.992866 1.134255361e-15 1e-20
5520.973326 1.128872361e-15 1e-20
5521.953787 1.123006869e-15 1e-20
5522.934247 1.116339555e-15 1e-20
5523.914708 1.108794398e-15 1e-20
5524.895168 1.101288733e-15 1e-20
5525.875629 1.094262383e-15 1e-20
5526.85609 1.08814797e-15 1e-20
5527.83655 1.08401032e-15 1e-20
5528.817011 1.081460962e-15 1e-20
5529.797471 1.079897551e-15 1e-20
5530.777932 1.079033789e-15 1e-20
5531.758392 1.078438219e-15 1e-20
5532.738853 1.077392451e-15 1e-20
5533.719313 1.07639274e-15 1e-20
5534.699774 1.075565189e-15 1e-20
5535.680234 1.074961043e-15 1e-20
5536.660695 1.074928009e-15 1e-20
5537.641156 1.075497638e-15 1e-20
5538.621616 1.075961071e-15 1e-20
5539.602077 1.076040057e-15 1e-20
5540.582537 1.075455604e-15 1e-20
5541.562998 1.073326799e-15 1e-20
5542.543458 1.070298127e-15 1e-20
5543.523919 1.067045097e-15 1e-20
5544.504379 1.063968567e-15 1e-20
5545.48484 1.061603863e-15 1e-20
5546.4653 1.060648939e-15 1e-20
5547.445761 1.060600023e-15 1e-20
5548.426222 1.061298719e-15 1e-20
5549.406682 1.062571916e-15 1e-20
5550.387143 1.064490128e-15 1e-20
5551.367603 1.066696648e-15 1e-20
5552.348064 1.068309187e-15 1e-20
5553.328524 1.068815925e-15 1e-20
5554.308985 1.067689689e-15 1e-20
5555.289445 1.063483747e-15 1e-20
5556.269906 1.057414544e-15 1e-20
5557.250366 1.050538648e-15 1e-20
5558.230827 1.043567143e-15 1e-20
5559.211288 1.03746893e-15 1e-20
5560.191748 1.033335091e-15 1e-20
5561.172209 1.03064915e-15 1e-20
5562.152669 1.029420105e-15 1e-20
5563.13313 1.029611217e-15 1e-20
5564.11359 1.031549016e-15 1e-20
5565.094051 1.034790506e-15 1e-20
5566.074511 1.038338621e-15 1e-20
5567.054972 1.04161018e-15 1e-20
5568.035432 1.043893039e-15 1e-20
5569.015893 1.043194661e-15 1e-20
5569.996353 1.041409327e-15 1e-20
5570.976814 1.039815846e-15 1e-20
5571.957275 1.039203653e-15 1e-20
5572.937735 1.041225097e-15 1e-20
5573.918196 1.047441684e-15 1e-20
5574.898656 1.05461637e-15 1e-20
5575.879117 1.061490043e-15 1e-20
5576.859577 1.066891466e-15 1e-20
5577.840038 1.068023526e-15 1e-20
5578.820498 1.065214447e-15 1e-20
5579.800959 1.060185083e-15 1e-20
5580.781419 1.053574732e-15 1e-20
5581.76188 1.046262296e-15 1e-20
5582.742341 1.039869527e-15 1e-20
5583.722801 1.033783383e-15 1e-20
5584.703262 1.027900104e-15 1e-20
5585.683722 1.022316569e-15 1e-20
5586.664183 1.016735998e-15 1e-20
5587.644643 1.011009208e-15 1e-20
5588.625104 1.006400926e-15 1e-20
5589.605564 1.003414923e-15 1e-20
5590.586025 1.00246074e-15 1e-20
5591.566485 1.005206715e-15 1e-20
5592.546946 1.010490401e-15 1e-20
5593.527407 1.016487394e-15 1e-20
5594.507867 1.022148115e-15 1e-20
5595.488328 1.026140711e-15 1e-20
5596.468788 1.026254531e-15 1e-20
5597.449249 1.023989671e-15 1e-20
5598.429709 1.019941489e-15 1e-20
5599.41017 1.014536889e-15 1e-20
5600.39063 1.008652869e-15 1e-20
5601.371091 1.002889974e-15 1e-20
5602.351551 9.967469736e-16 1e-20
5603.332012 9.903154524e-16 1e-20
5604.312473 9.836849844e-16 1e-20
5605.292933 9.767164443e-16 1e-20
5606.273394 9.69786656e-16 1e-20
5607.253854 9.633115127e-16 1e-20
5608.234315 9.575862052e-16 1e-20
5609.214775 9.528782902e-16 1e-20
5610.195236 9.494002671e-16 1e-20
5611.175696 9.474647968e-16 1e-20
5612.156157 9.47273685e-16 1e-20
5613.136617 9.489400105e-16 1e-20
5614.117078 9.52860926e-16 1e-20
5615.097539 9.589064119e-16 1e-20
5616.077999 9.660480644e-16 1e-20
5617.05846 9.736725256e-16 1e-20
5618.03892 9.811339329e-16 1e-20
5619.019381 9.879032085e-16 1e-20
5619.999841 9.9322554e-16 1e-20
5620.980302 9.964494533e-16 1e-20
5621.960762 9.971087625e-16 1e-20
5622.941223 9.943647993e-16 1e-20
5623.921683 9.869757074e-16 1e-20
5624.902144 9.778012818e-16 1e-20
5625.882605 9.683049837e-16 1e-20
5626.863065 9.597831969e-16 1e-20
5627.843526 9.549004755e-16 1e-20
5628.823986 9.541115702e-16 1e-20
5629.804447 9.555084334e-16 1e-20
5630.784907 9.585041772e-16 1e-20
5631.765368 9.623393306e-16 1e-20
5632.745828 9.658072953e-16 1e-20
5633.726289 9.686698431e-16 1e-20
5634.706749 9.705904903e-16 1e-20
5635.68721 9.711627669e-16 1e-20
5636.667671 9.698441484e-16 1e-20
5637.648131 9.661101095e-16 1e-20
5638.628592 9.608712107e-16 1e-20
5639.609052 9.545779677e-16 1e-20
5640.589513 9.477110716e-16 1e-20
5641.569973 9.408149529e-16 1e-20
5642.550434 9.343893609e-16 1e-20
5643.530894 9.28877294e-16 1e-20
5644.511355 9.246786576e-16 1e-20
5645.491815 9.222077566e-16 1e-20
5646.472276 9.224527609e-16 1e-20
5647.452737 9.243137981e-16 1e-20
5648.433197 9.269969868e-16 1e-20
5649.413658 9.298818751e-16 1e-20
5650.394118 9.320886077e-16 1e-20
5651.374579 9.328021271e-16 1e-20
5652.355039 9.323717284e-16 1e-20
5653.3355 9.307141908e-16 1e-20
5654.31596 9.278031504e-16 1e-20
5655.296421 9.233733798e-16 1e-20
5656.276881 9.178019147e-16 1e-20
5657.257342 9.116966071e-16 1e-20
5658.237803 9.054679503e-16 1e-20
5659.218263 8.996402578e-16 1e-20
5660.198724 8.952258397e-16 1e-20
5661.179184 8.914451081e-16 1e-20
5662.159645 8.879305567e-16 1e-20
5663.140105 8.844551276e-16 1e-20
5664.120566 8.804413561e-16 1e-20
5665.101026 8.755501114e-16 1e-20
5666.081487 8.707168884e-16 1e-20
5667.061947 8.662728771e-16 1e-20
5668.042408 8.625468851e-16 1e-20
5669.022868 8.601596815e-16 1e-20
5670.003329 8.59053033e-16 1e-20
5670.98379 8.590216928e-16 1e-20
5671.96425 8.599710049e-16 1e-20
5672.944711 8.618380244e-16 1e-20
5673.925171 8.647570587e-16 1e-20
5674.905632 8.678304648e-16 1e-20
5675.886092 8.70466802e-16 1e-20
5676.866553 8.721793438e-16 1e-20
5677.847013 8.720266661e-16 1e-20
5678.827474 8.696527504e-16 1e-20
5679.807934 8.661610688e-16 1e-20
5680.788395 8.619740261e-16 1e-20
5681.768856 8.575744311e-16 1e-20
5682.749316 8.537548948e-16 1e-20
5683.729777 8.506410429e-16 1e-20
5684.710237 8.48311067e-16 1e-20
5685.690698 8.469247917e-16 1e-20
5686.671158 8.466933929e-16 1e-20
5687.651619 8.479495428e-16 1e-20
5688.632079 8.499776044e-16 1e-20
5689.61254 8.523702607e-16 1e-20
5690.593 8.547579936e-16 1e-20
5691.573461 8.56516487e-16 1e-20
5692.553922 8.573892485e-16 1e-20
5693.534382 8.576722105e-16 1e-20
5694.514843 8.57403701e-16 1e-20
5695.495303 8.566605355e-16 1e-20
5696.475764 8.553449345e-16 1e-20
5697.456224 8.539306012e-16 1e-20
5698.436685 8.528602163e-16 1e-20
5699.417145 8.524744987e-16 1e-20
5700.397606 8.532347107e-16 1e-20
5701.378066 8.556708834e-16 1e-20
5702.358527 8.592210102e-16 1e-20
5703.338988 8.636624275e-16 1e-20
5704.319448 8.687553189e-16 1e-20
5705.299909 8.742925851e-16 1e-20
5706.280369 8.799340892e-16 1e-20
5707.26083 8.852464681e-16 1e-20
5708.24129 8.898900615e-16 1e-20
5709.221751 8.935113391e-16 1e-20
5710.202211 8.953401891e-16 1e-20
5711.182672 8.959600055e-16 1e-20
5712.163132 8.958058455e-16 1e-20
5713.143593 8.951833822e-16 1e-20
5714.124054 8.945342373e-16 1e-20
5715.104514 8.943136911e-16 1e-20
5716.084975 8.943311611e-16 1e-20
5717.065435 8.946277286e-16 1e-20
5718.045896 8.952216045e-16 1e-20
5719.026356 8.966025859e-16 1e-20
5720.006817 8.983717201e-16 1e-20
5720.987277 8.997301492e-16 1e-20
5721.967738 9.003139666e-16 1e-20
5722.948198 8.995668836e-16 1e-20
5723.928659 8.955275952e-16 1e-20
5724.90912 8.909727814e-16 1e-20
5725.88958 8.876721587e-16 1e-20
5726.870041 8.868503779e-16 1e-20
5727.850501 8.90952982e-16 1e-20
5728.830962 9.01741323e-16 1e-20
5729.811422 9.151353491e-16 1e-20
5730.791883 9.295424266e-16 1e-20
5731.772343 9.433541459e-16 1e-20
5732.752804 9.532642196e-16 1e-20
5733.733264 9.593789505e-16 1e-20
5734.713725 9.627801054e-16 1e-20
5735.694186 9.636590079e-16 1e-20
5736.674646 9.623882468e-16 1e-20
5737.655107 9.595154286e-16 1e-20
5738.635567 9.554819636e-16 1e-20
5739.616028 9.508279411e-16 1e-20
5740.596488 9.461187555e-16 1e-20
5741.576949 9.420769261e-16 1e-20
5742.557409 9.392450832e-16 1e-20
5743.53787 9.375428646e-16 1e-20
5744.51833 9.371031486e-16 1e-20
5745.498791 9.379868157e-16 1e-20
5746.479252 9.404188591e-16 1e-20
5747.459712 9.440398191e-16 1e-20
5748.440173 9.483850981e-16 1e-20
5749.420633 9.530749077e-16 1e-20
5750.401094 9.577390947e-16 1e-20
5751.381554 9.620747387e-16 1e-20
5752.362015 9.655667379e-16 1e-20
5753.342475 9.678557386e-16 1e-20
5754.322936 9.687067949e-16 1e-20
5755.303396 9.671541835e-16 1e-20
5756.283857 9.632727609e-16 1e-20
5757.264317 9.592163201e-16 1e-20
5758.244778 9.560233236e-16 1e-20
5759.225239 9.54771303e-16 1e-20
5760.205699 9.578008222e-16 1e-20
5761.18616 9.641556869e-16 1e-20
5762.16662 9.727934112e-16 1e-20
5763.147081 9.83128272e-16 1e-20
5764.127541 9.944833839e-16 1e-20
5765.108002 1.006147133e-15 1e-20
5766.088462 1.017212348e-15 1e-20
5767.068923 1.026897429e-15 1e-20
5768.049383 1.034542642e-15 1e-20
5769.029844 1.038504321e-15 1e-20
5770.010305 1.038836782e-15 1e-20
5770.990765 1.037596302e-15 1e-20
5771.971226 1.035712183e-15 1e-20
5772.951686 1.03425391e-15 1e-20
5773.932147 1.035393487e-15 1e-20
5774.912607 1.038319562e-15 1e-20
5775.893068 1.042443872e-15 1e-20
5776.873528 1.047508599e-15 1e-20
5777.853989 1.053116593e-15 1e-20
5778.834449 1.058784937e-15 1e-20
5779.81491 1.064327074e-15 1e-20
5780.795371 1.069422824e-15 1e-20
5781.775831 1.073762703e-15 1e-20
5782.756292 1.076834786e-15 1e-20
5783.736752 1.07855998e-15 1e-20
5784.717213 1.079174079e-15 1e-20
5785.697673 1.078759562e-15 1e-20
5786.678134 1.077455873e-15 1e-20
5787.658594 1.07549478e-15 1e-20
5788.639055 1.072990103e-15 1e-20
5789.619515 1.07011125e-15 1e-20
5790.599976 1.067066802e-15 1e-20
5791.580437 1.063984555e-15 1e-20
5792.560897 1.061002258e-15 1e-20
5793.541358 1.058704893e-15 1e-20
5794.521818 1.057447684e-15 1e-20
5795.502279 1.057531858e-15 1e-20
5796.482739 1.059515821e-15 1e-20
5797.4632 1.063299835e-15 1e-20
5798.44366 1.068480606e-15 1e-20
5799.424121 1.074793542e-15 1e-20
5800.404581 1.081962935e-15 1e-20
5801.385042 1.089943679e-15 1e-20
5802.365503 1.097738077e-15 1e-20
5803.345963 1.104582632e-15 1e-20
5804.326424 1.10985393e-15 1e-20
5805.306884 1.112572271e-15 1e-20
5806.287345 1.11209592e-15 1e-20
5807.267805 1.109544445e-15 1e-20
5808.248266 1.105350891e-15 1e-20
5809.228726 1.100020195e-15 1e-20
5810.209187 1.094014096e-15 1e-20
5811.189647 1.088015727e-15 1e-20
5812.170108 1.08271923e-15 1e-20
5813.150569 1.078681529e-15 1e-20
5814.131029 1.076656697e-15 1e-20
5815.11149 1.078172357e-15 1e-20
5816.09195 1.081165983e-15 1e-20
5817.072411 1.08452881e-15 1e-20
5818.052871 1.087399404e-15 1e-20
5819.033332 1.087893754e-15 1e-20
5820.013792 1.085181448e-15 1e-20
5820.994253 1.081561124e-15 1e-20
5821.974713 1.077786639e-15 1e-20
5822.955174 1.074672205e-15 1e-20
5823.935635 1.073927239e-15 1e-20
5824.916095 1.075174813e-15 1e-20
5825.896556 1.077847837e-15 1e-20
5826.877016 1.081705755e-15 1e-20
5827.857477 1.086608593e-15 1e-20
5828.837937 1.092722477e-15 1e-20
5829.818398 1.098282931e-15 1e-20
5830.798858 1.102212211e-15 1e-20
5831.779319 1.103654602e-15 1e-20
5832.759779 1.100255141e-15 1e-20
5833.74024 1.091850139e-15 1e-20
5834.720701 1.081874844e-15 1e-20
5835.701161 1.07178287e-15 1e-20
5836.681622 1.063191838e-15 1e-20
5837.662082 1.06004384e-15 1e-20
5838.642543 1.060301867e-15 1e-20
5839.623003 1.062127223e-15 1e-20
5840.603464 1.064586583e-15 1e-20
5841.583924 1.066121513e-15 1e-20
5842.564385 1.064654028e-15 1e-20
5843.544845 1.062222197e-15 1e-20
5844.525306 1.059385589e-15 1e-20
5845.505767 1.056585404e-15 1e-20
5846.486227 1.055080544e-15 1e-20
5847.466688 1.054929773e-15 1e-20
5848.447148 1.055021676e-15 1e-20
5849.427609 1.055022946e-15 1e-20
5850.408069 1.05448921e-15 1e-20
5851.38853 1.05199978e-15 1e-20
5852.36899 1.048790054e-15 1e-20
5853.349451 1.045715748e-15 1e-20
5854.329911 1.043217425e-15 1e-20
5855.310372 1.042498929e-15 1e-20
5856.290832 1.044907255e-15 1e-20
5857.271293 1.047029708e-15 1e-20
5858.251754 1.047427708e-15 1e-20
5859.232214 1.044884915e-15 1e-20
5860.212675 1.035639338e-15 1e-20
5861.193135 1.020712606e-15 1e-20
5862.173596 1.003807417e-15 1e-20
5863.154056 9.866021659e-16 1e-20
5864.134517 9.711662609e-16 1e-20
5865.114977 9.617121027e-16 1e-20
5866.095438 9.555656081e-16 1e-20
5867.075898 9.512640572e-16 1e-20
5868.056359 9.479280179e-16 1e-20
5869.03682 9.43981162e-16 1e-20
5870.01728 9.37987451e-16 1e-20
5870.997741 9.312246341e-16 1e-20
5871.978201 9.237952022e-16 1e-20
5872.958662 9.158261045e-16 1e-20
5873.939122 9.077994085e-16 1e-20
5874.919583 8.996684216e-16 1e-20
5875.900043 8.912489141e-16 1e-20
5876.880504 8.825824436e-16 1e-20
5877.860964 8.736336993e-16 1e-20
5878.841425 8.639802766e-16 1e-20
5879.821886 8.546240565e-16 1e-20
5880.802346 8.4617125e-16 1e-20
5881.782807 8.390508264e-16 1e-20
5882.763267 8.342081802e-16 1e-20
5883.743728 8.320765689e-16 1e-20
5884.724188 8.309586442e-16 1e-20
5885.704649 8.301053114e-16 1e-20
5886.685109 8.287320063e-16 1e-20
5887.66557 8.256397008e-16 1e-20
5888.64603 8.205561267e-16 1e-20
5889.626491 8.134097097e-16 1e-20
5890.606952 8.040248494e-16 1e-20
5891.587412 7.921581295e-16 1e-20
5892.567873 7.771851811e-16 1e-20
5893.548333 7.607477126e-16 1e-20
5894.528794 7.438878924e-16 1e-20
5895.509254 7.275225276e-16 1e-20
5896.489715 7.131217499e-16 1e-20
5897.470175 7.014638766e-16 1e-20
5898.450636 6.917160097e-16 1e-20
5899.431096 6.837592999e-16 1e-20
5900.411557 6.773702362e-16 1e-20
5901.392018 6.725081083e-16 1e-20
5902.372478 6.684448383e-16 1e-20
5903.352939 6.644313315e-16 1e-20
5904.333399 6.598667239e-16 1e-20
5905.31386 6.53900965e-16 1e-20
5906.29432 6.453254975e-16 1e-20
5907.274781 6.355417905e-16 1e-20
5908.255241 6.251313321e-16 1e-20
5909.235702 6.145905364e-16 1e-20
5910.216162 6.050047705e-16 1e-20
5911.196623 5.966735661e-16 1e-20
5912.177084 5.888057418e-16 1e-20
5913.157544 5.812278674e-16 1e-20
5914.138005 5.737340611e-16 1e-20
5915.118465 5.66120823e-16 1e-20
5916.098926 5.581837008e-16 1e-20
5917.079386 5.497640345e-16 1e-20
5918.059847 5.407794501e-16 1e-20
5919.040307 5.307955257e-16 1e-20
5920.020768 5.191621105e-16 1e-20
5921.001228 5.081004955e-16 1e-20
5921.981689 4.987015532e-16 1e-20
5922.96215 4.918764794e-16 1e-20
5923.94261 4.899092454e-16 1e-20
5924.923071 4.925553234e-16 1e-20
5925.903531 4.975744171e-16 1e-20
5926.883992 5.039289641e-16 1e-20
5927.864452 5.104245951e-16 1e-20
5928.844913 5.154313539e-16 1e-20
5929.825373 5.185217007e-16 1e-20
5930.805834 5.191866216e-16 1e-20
5931.786294 5.169394961e-16 1e-20
5932.766755 5.10862617e-16 1e-20
5933.747216 5.001884137e-16 1e-20
5934.727676 4.874731786e-16 1e-20
5935.708137 4.739960374e-16 1e-20
5936.688597 4.609905347e-16 1e-20
5937.669058 4.510932724e-16 1e-20
5938.649518 4.442723278e-16 1e-20
5939.629979 4.392578398e-16 1e-20
5940.610439 4.357060983e-16 1e-20
5941.5909 4.330886077e-16 1e-20
5942.57136 4.304231273e-16 1e-20
5943.551821 4.279471177e-16 1e-20
5944.532282 4.256150772e-16 1e-20
5945.512742 4.232785897e-16 1e-20
5946.493203 4.207755809e-16 1e-20
5947.473663 4.179895572e-16 1e-20
5948.454124 4.149946604e-16 1e-20
5949.434584 4.118142105e-16 1e-20
5950.415045 4.08491565e-16 1e-20
5951.395505 4.051062125e-16 1e-20
5952.375966 4.017193248e-16 1e-20
5953.356426 3.983949587e-16 1e-20
5954.336887 3.952145353e-16 1e-20
5955.317347 3.922411055e-16 1e-20
5956.297808 3.894699314e-16 1e-20
5957.278269 3.87126853e-16 1e-20
5958.258729 3.853495396e-16 1e-20
5959.23919 3.842257386e-16 1e-20
5960.21965 3.840737227e-16 1e-20
5961.200111 3.849614926e-16 1e-20
5962.180571 3.861322775e-16 1e-20
5963.161032 3.872433994e-16 1e-20
5964.141492 3.879454309e-16 1e-20
5965.121953 3.871781779e-16 1e-20
5966.102413 3.855051554e-16 1e-20
5967.082874 3.836252717e-16 1e-20
5968.063335 3.818647137e-16 1e-20
5969.043795 3.808094959e-16 1e-20
5970.024256 3.815763255e-16 1e-20
5971.004716 3.825710862e-16 1e-20
5971.985177 3.830618624e-16 1e-20
5972.965637 3.824970503e-16 1e-20
5973.946098 3.794771925e-16 1e-20
5974.926558 3.73718189e-16 1e-20
5975.907019 3.670275287e-16 1e-20
5976.887479 3.600896936e-16 1e-20
5977.86794 3.536786865e-16 1e-20
5978.848401 3.49722725e-16 1e-20
5979.828861 3.473184485e-16 1e-20
5980.809322 3.456219738e-16 1e-20
5981.789782 3.442722533e-16 1e-20
5982.770243 3.425243744e-16 1e-20
5983.750703 3.392323543e-16 1e-20
5984.731164 3.361115673e-16 1e-20
5985.711624 3.33833631e-16 1e-20
5986.692085 3.329158444e-16 1e-20
5987.672545 3.348765933e-16 1e-20
5988.653006 3.396496239e-16 1e-20
5989.633467 3.454414764e-16 1e-20
5990.613927 3.515176408e-16 1e-20
5991.594388 3.570151493e-16 1e-20
5992.574848 3.598875969e-16 1e-20
5993.555309 3.613440965e-16 1e-20
5994.535769 3.622587862e-16 1e-20
5995.51623 3.63080964e-16 1e-20
5996.49669 3.646782829e-16 1e-20
5997.477151 3.68059956e-16 1e-20
5998.457611 3.717579431e-16 1e-20
5999.438072 3.752669094e-16 1e-20
6000.418533 3.781391187e-16 1e-20
6001.398993 3.793894717e-16 1e-20
6002.379454 3.789751667e-16 1e-20
6003.359914 3.77466151e-16 1e-20
6004.340375 3.75034293e-16 1e-20
6005.320835 3.719204146e-16 1e-20
6006.301296 3.685331827e-16 1e-20
6007.281756 3.64911111e-16 1e-20
6008.262217 3.611792162e-16 1e-20
6009.242677 3.575099754e-16 1e-20
6010.223138 3.540317934e-16 1e-20
6011.203599 3.508725458e-16 1e-20
6012.184059 3.483385408e-16 1e-20
6013.16452 3.466249403e-16 1e-20
6014.14498 3.458932891e-16 1e-20
6015.125441 3.465452398e-16 1e-20
6016.105901 3.484336997e-16 1e-20
6017.086362 3.512040268e-16 1e-20
6018.066822 3.546642888e-16 1e-20
6019.047283 3.585419791e-16 1e-20
6020.027743 3.622730269e-16 1e-20
6021.008204 3.662559082e-16 1e-20
6021.988665 3.706437506e-16 1e-20
6022.969125 3.754881438e-16 1e-20
6023.949586 3.811205159e-16 1e-20
6024.930046 3.876667041e-16 1e-20
6025.910507 3.941490737e-16 1e-20
6026.890967 4.001252882e-16 1e-20
6027.871428 4.051695547e-16 1e-20
6028.851888 4.082880653e-16 1e-20
6029.832349 4.097859901e-16 1e-20
6030.812809 4.102194593e-16 1e-20
6031.79327 4.098532234e-16 1e-20
6032.773731 4.090489127e-16 1e-20
6033.754191 4.083498458e-16 1e-20
6034.734652 4.076113125e-16 1e-20
6035.715112 4.068765908e-16 1e-20
6036.695573 4.062116435e-16 1e-20
6037.676033 4.057564162e-16 1e-20
6038.656494 4.055373258e-16 1e-20
6039.636954 4.053025653e-16 1e-20
6040.617415 4.049452233e-16 1e-20
6041.597875 4.043533855e-16 1e-20
6042.578336 4.030700777e-16 1e-20
6043.558797 4.014644208e-16 1e-20
6044.539257 3.999392586e-16 1e-20
6045.519718 3.987274192e-16 1e-20
6046.500178 3.981408488e-16 1e-20
6047.480639 3.986157696e-16 1e-20
6048.461099 3.997606405e-16 1e-20
6049.44156 4.014188663e-16 1e-20
6050.42202 4.034393046e-16 1e-20
6051.402481 4.056949798e-16 1e-20
6052.382941 4.079847746e-16 1e-20
6053.363402 4.100111156e-16 1e-20
6054.343862 4.11554939e-16 1e-20
6055.324323 4.124036131e-16 1e-20
6056.304784 4.12037139e-16 1e-20
6057.285244 4.108342199e-16 1e-20
6058.265705 4.091517478e-16 1e-20
6059.246165 4.072339593e-16 1e-20
6060.226626 4.054101915e-16 1e-20
6061.207086 4.040670619e-16 1e-20
6062.187547 4.031209526e-16 1e-20
6063.168007 4.026461641e-16 1e-20
6064.148468 4.027091357e-16 1e-20
6065.128928 4.034234228e-16 1e-20
6066.109389 4.047704169e-16 1e-20
6067.08985 4.066158105e-16 1e-20
6068.07031 4.088819413e-16 1e-20
6069.050771 4.114593567e-16 1e-20
6070.031231 4.140320604e-16 1e-20
6071.011692 4.168257604e-16 1e-20
6071.992152 4.199730436e-16 1e-20
6072.972613 4.235159178e-16 1e-20
6073.953073 4.276607676e-16 1e-20
6074.933534 4.326218925e-16 1e-20
6075.913994 4.375758177e-16 1e-20
6076.894455 4.421301021e-16 1e-20
6077.874916 4.4593373e-16 1e-20
6078.855376 4.483142631e-16 1e-20
6079.835837 4.492813101e-16 1e-20
6080.816297 4.492225471e-16 1e-20
6081.796758 4.48324851e-16 1e-20
6082.777218 4.467843099e-16 1e-20
6083.757679 4.445212496e-16 1e-20
6084.738139 4.424704769e-16 1e-20
6085.7186 4.413362734e-16 1e-20
6086.69906 4.416639428e-16 1e-20
6087.679521 4.444074295e-16 1e-20
6088.659982 4.50249204e-16 1e-20
6089.640442 4.576753007e-16 1e-20
6090.620903 4.66049439e-16 1e-20
6091.601363 4.746978042e-16 1e-20
6092.581824 4.825718754e-16 1e-20
6093.562284 4.893179105e-16 1e-20
6094.542745 4.948083781e-16 1e-20
6095.523205 4.987774686e-16 1e-20
6096.503666 5.009471435e-16 1e-20
6097.484126 5.007459202e-16 1e-20
6098.464587 4.99095e-16 1e-20
6099.445048 4.966028703e-16 1e-20
6100.425508 4.938027911e-16 1e-20
6101.405969 4.915140552e-16 1e-20
6102.386429 4.903285267e-16 1e-20
6103.36689 4.899009339e-16 1e-20
6104.34735 4.902915219e-16 1e-20
6105.327811 4.915151669e-16 1e-20
6106.308271 4.936486841e-16 1e-20
6107.288732 4.964973088e-16 1e-20
6108.269192 4.998190544e-16 1e-20
6109.249653 5.034235502e-16 1e-20
6110.230114 5.070164522e-16 1e-20
6111.210574 5.100658237e-16 1e-20
6112.191035 5.131525177e-16 1e-20
6113.171495 5.165098386e-16 1e-20
6114.151956 5.202901996e-16 1e-20
6115.132416 5.250917117e-16 1e-20
6116.112877 5.309798613e-16 1e-20
6117.093337 5.368797105e-16 1e-20
6118.073798 5.423600136e-16 1e-20
6119.054258 5.469820077e-16 1e-20
6120.034719 5.496214683e-16 1e-20
6121.01518 5.509463337e-16 1e-20
6121.99564 5.516740409e-16 1e-20
6122.976101 5.522568525e-16 1e-20
6123.956561 5.53115638e-16 1e-20
6124.937022 5.545776169e-16 1e-20
6125.917482 5.574863809e-16 1e-20
6126.897943 5.623835549e-16 1e-20
6127.878403 5.696298688e-16 1e-20
6128.858864 5.810188091e-16 1e-20
6129.839324 5.960131981e-16 1e-20
6130.819785 6.112625969e-16 1e-20
6131.800246 6.251624605e-16 1e-20
6132.780706 6.359330139e-16 1e-20
6133.761167 6.391342161e-16 1e-20
6134.741627 6.377791751e-16 1e-20
6135.722088 6.34306393e-16 1e-20
6136.702548 6.301818719e-16 1e-20
6137.683009 6.277531108e-16 1e-20
6138.663469 6.297729668e-16 1e-20
6139.64393 6.33661695e-16 1e-20
6140.62439 6.388091672e-16 1e-20
6141.604851 6.446701058e-16 1e-20
6142.585312 6.499220806e-16 1e-20
6143.565772 6.54368686e-16 1e-20
6144.546233 6.586316969e-16 1e-20
6145.526693 6.627475888e-16 1e-20
6146.507154 6.66784442e-16 1e-20
6147.487614 6.707868315e-16 1e-20
6148.468075 6.74944175e-16 1e-20
6149.448535 6.794126444e-16 1e-20
6150.428996 6.843073831e-16 1e-20
6151.409456 6.900044208e-16 1e-20
6152.389917 6.968412473e-16 1e-20
6153.370377 7.037092022e-16 1e-20
6154.350838 7.10139241e-16 1e-20
6155.331299 7.157313525e-16 1e-20
6156.311759 7.191009555e-16 1e-20
6157.29222 7.208230264e-16 1e-20
6158.27268 7.222756879e-16 1e-20
6159.253141 7.241302666e-16 1e-20
6160.233601 7.27201661e-16 1e-20
6161.214062 7.329687377e-16 1e-20
6162.194522 7.404829788e-16 1e-20
6163.174983 7.492519403e-16 1e-20
6164.155443 7.589083806e-16 1e-20
6165.135904 7.690572117e-16 1e-20
6166.116365 7.792326714e-16 1e-20
6167.096825 7.88775874e-16 1e-20
6168.077286 7.971468889e-16 1e-20
6169.057746 8.03856978e-16 1e-20
6170.038207 8.078952605e-16 1e-20
6171.018667 8.095597862e-16 1e-20
6171.999128 8.09484559e-16 1e-20
6172.979588 8.080467206e-16 1e-20
6173.960049 8.056609994e-16 1e-20
6174.940509 8.026616557e-16 1e-20
6175.92097 7.998676117e-16 1e-20
6176.901431 7.979237769e-16 1e-20
6177.881891 7.973603941e-16 1e-20
6178.862352 7.992885588e-16 1e-20
6179.842812 8.040986471e-16 1e-20
6180.823273 8.101014637e-16 1e-20
6181.803733 8.16581054e-16 1e-20
6182.784194 8.227659298e-16 1e-20
6183.764654 8.271875476e-16 1e-20
6184.745115 8.299876797e-16 1e-20
6185.725575 8.314719462e-16 1e-20
6186.706036 8.316973628e-16 1e-20
6187.686497 8.306884936e-16 1e-20
6188.666957 8.282966314e-16 1e-20
6189.647418 8.256610354e-16 1e-20
6190.627878 8.23515501e-16 1e-20
6191.608339 8.224852442e-16 1e-20
6192.588799 8.238535201e-16 1e-20
6193.56926 8.279290191e-16 1e-20
6194.54972 8.333667059e-16 1e-20
6195.530181 8.39648514e-16 1e-20
6196.510641 8.461702442e-16 1e-20
6197.491102 8.520115422e-16 1e-20
6198.471563 8.569694378e-16 1e-20
6199.452023 8.608481076e-16 1e-20
6200.432484 8.634051412e-16 1e-20
6201.412944 8.643124194e-16 1e-20
6202.393405 8.631603487e-16 1e-20
6203.373865 8.609089881e-16 1e-20
6204.354326 8.581052561e-16 1e-20
6205.334786 8.552886068e-16 1e-20
6206.315247 8.530415343e-16 1e-20
6207.295707 8.518703524e-16 1e-20
6208.276168 8.521651728e-16 1e-20
6209.256629 8.542476563e-16 1e-20
6210.237089 8.584202994e-16 1e-20
6211.21755 8.658605838e-16 1e-20
6212.19801 8.749430534e-16 1e-20
6213.178471 8.843162671e-16 1e-20
6214.158931 8.929665911e-16 1e-20
6215.139392 8.995606367e-16 1e-20
6216.119852 9.027387043e-16 1e-20
6217.100313 9.031880553e-16 1e-20
6218.080773 9.009505119e-16 1e-20
6219.061234 8.961804458e-16 1e-20
6220.041695 8.88715121e-16 1e-20
6221.022155 8.793250725e-16 1e-20
6222.002616 8.693304014e-16 1e-20
6222.983076 8.597225596e-16 1e-20
6223.963537 8.51532598e-16 1e-20
6224.943997 8.459630388e-16 1e-20
6225.924458 8.434417923e-16 1e-20
6226.904918 8.443762284e-16 1e-20
6227.885379 8.490526973e-16 1e-20
6228.865839 8.582759861e-16 1e-20
6229.8463 8.724915813e-16 1e-20
6230.826761 8.887679546e-16 1e-20
6231.807221 9.055720295e-16 1e-20
6232.787682 9.214072046e-16 1e-20
6233.768142 9.329579811e-16 1e-20
6234.748603 9.406119826e-16 1e-20
6235.729063 9.4599223e-16 1e-20
6236.709524 9.496128723e-16 1e-20
6237.689984 9.523326951e-16 1e-20
6238.670445 9.560394172e-16 1e-20
6239.650905 9.592301903e-16 1e-20
6240.631366 9.612948331e-16 1e-20
6241.611826 9.619441897e-16 1e-20
6242.592287 9.602115838e-16 1e-20
6243.572748 9.556700049e-16 1e-20
6244.553208 9.50435659e-16 1e-20
6245.533669 9.453982481e-16 1e-20
6246.514129 9.414354045e-16 1e-20
6247.49459 9.407103443e-16 1e-20
6248.47505 9.424937722e-16 1e-20
6249.455511 9.4558936e-16 1e-20
6250.435971 9.494614652e-16 1e-20
6251.416432 9.533104888e-16 1e-20
6252.396892 9.557778958e-16 1e-20
6253.377353 9.578650908e-16 1e-20
6254.357814 9.598880173e-16 1e-20
6255.338274 9.6203334e-16 1e-20
6256.318735 9.647326222e-16 1e-20
6257.299195 9.681699878e-16 1e-20
6258.279656 9.718995797e-16 1e-20
6259.260116 9.75778673e-16 1e-20
6260.240577 9.796500371e-16 1e-20
6261.221037 9.835759289e-16 1e-20
6262.201498 9.870738573e-16 1e-20
6263.181958 9.896778484e-16 1e-20
6264.162419 9.910796879e-16 1e-20
6265.14288 9.907369572e-16 1e-20
6266.12334 9.877331666e-16 1e-20
6267.103801 9.836761964e-16 1e-20
6268.084261 9.793258352e-16 1e-20
6269.064722 9.752939584e-16 1e-20
6270.045182 9.733563705e-16 1e-20
6271.025643 9.736256211e-16 1e-20
6272.006103 9.738957187e-16 1e-20
6272.986564 9.733552058e-16 1e-20
6273.967024 9.710869575e-16 1e-20
6274.947485 9.645396046e-16 1e-20
6275.927946 9.555835017e-16 1e-20
6276.908406 9.458195412e-16 1e-20
6277.888867 9.362333517e-16 1e-20
6278.869327 9.282263492e-16 1e-20
6279.849788 9.234323545e-16 1e-20
6280.830248 9.208410689e-16 1e-20
6281.810709 9.203421665e-16 1e-20
6282.791169 9.218041454e-16 1e-20
6283.77163 9.249713075e-16 1e-20
6284.75209 9.295486735e-16 1e-20
6285.732551 9.352175474e-16 1e-20
6286.713012 9.41598776e-16 1e-20
6287.693472 9.482875834e-16 1e-20
6288.673933 9.548271013e-16 1e-20
6289.654393 9.609172682e-16 1e-20
6290.634854 9.662659636e-16 1e-20
6291.615314 9.706062663e-16 1e-20
6292.595775 9.736267858e-16 1e-20
6293.576235 9.750672712e-16 1e-20
6294.556696 9.752512891e-16 1e-20
6295.537156 9.743338465e-16 1e-20
6296.517617 9.725075376e-16 1e-20
6297.498078 9.698415014e-16 1e-20
6298.478538 9.666978445e-16 1e-20
6299.458999 9.635578934e-16 1e-20
6300.439459 9.607528379e-16 1e-20
6301.41992 9.587033358e-16 1e-20
6302.40038 9.584916834e-16 1e-20
6303.380841 9.588734835e-16 1e-20
6304.361301 9.590910651e-16 1e-20
6305.341762 9.586274205e-16 1e-20
6306.322222 9.563464666e-16 1e-20
6307.302683 9.514505103e-16 1e-20
6308.283144 9.458901625e-16 1e-20
6309.263604 9.403953539e-16 1e-20
6310.244065 9.356812979e-16 1e-20
6311.224525 9.334305196e-16 1e-20
6312.204986 9.333050529e-16 1e-20
6313.185446 9.344329831e-16 1e-20
6314.165907 9.364675563e-16 1e-20
6315.146367 9.389613271e-16 1e-20
6316.126828 9.41306232e-16 1e-20
6317.107288 9.433694984e-16 1e-20
6318.087749 9.44912263e-16 1e-20
6319.06821 9.457102739e-16 1e-20
6320.04867 9.452615582e-16 1e-20
6321.029131 9.433932153e-16 1e-20
6322.009591 9.410205701e-16 1e-20
6322.990052 9.385423635e-16 1e-20
6323.970512 9.363773473e-16 1e-20
6324.950973 9.356657337e-16 1e-20
6325.931433 9.359228082e-16 1e-20
6326.911894 9.36504614e-16 1e-20
6327.892354 9.371273949e-16 1e-20
6328.872815 9.373013543e-16 1e-20
6329.853276 9.361272608e-16 1e-20
6330.833736 9.346842343e-16 1e-20
6331.814197 9.3341972e-16 1e-20
6332.794657 9.326477553e-16 1e-20
6333.775118 9.332847241e-16 1e-20
6334.755578 9.354739866e-16 1e-20
6335.736039 9.378561609e-16 1e-20
6336.716499 9.398911576e-16 1e-20
6337.69696 9.410039471e-16 1e-20
6338.67742 9.399907898e-16 1e-20
6339.657881 9.372933075e-16 1e-20
6340.638341 9.333845681e-16 1e-20
6341.618802 9.28532234e-16 1e-20
6342.599263 9.229878739e-16 1e-20
6343.579723 9.169422822e-16 1e-20
6344.560184 9.11289396e-16 1e-20
6345.540644 9.066458555e-16 1e-20
6346.521105 9.03528139e-16 1e-20
6347.501565 9.031739734e-16 1e-20
6348.482026 9.055702296e-16 1e-20
6349.462486 9.092999274e-16 1e-20
6350.442947 9.137324508e-16 1e-20
6351.423407 9.181364927e-16 1e-20
6352.403868 9.211902583e-16 1e-20
6353.384329 9.231637392e-16 1e-20
6354.364789 9.242065426e-16 1e-20
6355.34525 9.24321845e-16 1e-20
6356.32571 9.234837059e-16 1e-20
6357.306171 9.216807962e-16 1e-20
6358.286631 9.195774017e-16 1e-20
6359.267092 9.175946034e-16 1e-20
6360.247552 9.161202367e-16 1e-20
6361.228013 9.158691973e-16 1e-20
6362.208473 9.168977071e-16 1e-20
6363.188934 9.188037429e-16 1e-20
6364.169395 9.214100633e-16 1e-20
6365.149855 9.245306386e-16 1e-20
6366.130316 9.283585922e-16 1e-20
6367.110776 9.318083457e-16 1e-20
6368.091237 9.340506536e-16 1e-20
6369.071697 9.344701467e-16 1e-20
6370.052158 9.319194129e-16 1e-20
6371.032618 9.254474459e-16 1e-20
6372.013079 9.17195545e-16 1e-20
6372.993539 9.080583889e-16 1e-20
6373.974 8.989204915e-16 1e-20
6374.954461 8.917336287e-16 1e-20
6375.934921 8.864299319e-16 1e-20
6376.915382 8.821731149e-16 1e-20
6377.895842 8.787874713e-16 1e-20
6378.876303 8.75962087e-16 1e-20
6379.856763 8.730111301e-16 1e-20
6380.837224 8.703893514e-16 1e-20
6381.817684 8.682686985e-16 1e-20
6382.798145 8.667239751e-16 1e-20
6383.778605 8.657590987e-16 1e-20
6384.759066 8.654044566e-16 1e-20
6385.739527 8.659193468e-16 1e-20
6386.719987 8.673879431e-16 1e-20
6387.700448 8.69846615e-16 1e-20
6388.680908 8.741693947e-16 1e-20
6389.661369 8.793523893e-16 1e-20
6390.641829 8.8406851e-16 1e-20
6391.62229 8.875266278e-16 1e-20
6392.60275 8.887313205e-16 1e-20
6393.583211 8.86027009e-16 1e-20
6394.563671 8.809989684e-16 1e-20
6395.544132 8.744469568e-16 1e-20
6396.524593 8.670701469e-16 1e-20
6397.505053 8.596376975e-16 1e-20
6398.485514 8.529350728e-16 1e-20
6399.465974 8.477142794e-16 1e-20
6400.446435 8.446292795e-16 1e-20
6401.426895 8.442551556e-16 1e-20
6402.407356 8.48509961e-16 1e-20
6403.387816 8.558204376e-16 1e-20
6404.368277 8.643870112e-16 1e-20
6405.348737 8.730735988e-16 1e-20
6406.329198 8.802463797e-16 1e-20
6407.309659 8.834783927e-16 1e-20
6408.290119 8.848864791e-16 1e-20
6409.27058 8.851554121e-16 1e-20
6410.25104 8.847900232e-16 1e-20
6411.231501 8.852814611e-16 1e-20
6412.211961 8.868989764e-16 1e-20
6413.192422 8.879418328e-16 1e-20
6414.172882 8.878713703e-16 1e-20
6415.153343 8.861045654e-16 1e-20
6416.133803 8.813385228e-16 1e-20
6417.114264 8.74237475e-16 1e-20
6418.094725 8.65435638e-16 1e-20
6419.075185 8.55345358e-16 1e-20
6420.055646 8.443572231e-16 1e-20
6421.036106 8.328229108e-16 1e-20
6422.016567 8.218322348e-16 1e-20
6422.997027 8.121576891e-16 1e-20
6423.977488 8.04459642e-16 1e-20
6424.957948 8.002926634e-16 1e-20
6425.938409 7.995805734e-16 1e-20
6426.918869 8.007649901e-16 1e-20
6427.89933 8.031677579e-16 1e-20
6428.879791 8.059557668e-16 1e-20
6429.860251 8.073424127e-16 1e-20
6430.840712 8.081631347e-16 1e-20
6431.821172 8.089164117e-16 1e-20
6432.801633 8.097938319e-16 1e-20
6433.782093 8.112424171e-16 1e-20
6434.762554 8.137575226e-16 1e-20
6435.743014 8.165544784e-16 1e-20
6436.723475 8.193722393e-16 1e-20
6437.703935 8.219736893e-16 1e-20
6438.684396 8.238960305e-16 1e-20
6439.664856 8.250855295e-16 1e-20
6440.645317 8.257127574e-16 1e-20
6441.625778 8.257949725e-16 1e-20
6442.606238 8.253756383e-16 1e-20
6443.586699 8.245274407e-16 1e-20
6444.567159 8.232944254e-16 1e-20
6445.54762 8.217341907e-16 1e-20
6446.52808 8.199070348e-16 1e-20
6447.508541 8.180118515e-16 1e-20
6448.489001 8.162079889e-16 1e-20
6449.469462 8.140746306e-16 1e-20
6450.449922 8.114931918e-16 1e-20
6451.430383 8.083864867e-16 1e-20
6452.410844 8.038652895e-16 1e-20
6453.391304 7.987086059e-16 1e-20
6454.371765 7.941504569e-16 1e-20
6455.352225 7.908522165e-16 1e-20
6456.332686 7.89686858e-16 1e-20
6457.313146 7.924746022e-16 1e-20
6458.293607 7.971990873e-16 1e-20
6459.274067 8.027519177e-16 1e-20
6460.254528 8.08288125e-16 1e-20
6461.234988 8.123304839e-16 1e-20
6462.215449 8.139223764e-16 1e-20
6463.19591 8.142931121e-16 1e-20
6464.17637 8.137029419e-16 1e-20
6465.156831 8.124770206e-16 1e-20
6466.137291 8.107197448e-16 1e-20
6467.117752 8.091230877e-16 1e-20
6468.098212 8.084023686e-16 1e-20
6469.078673 8.09029967e-16 1e-20
6470.059133 8.118426988e-16 1e-20
6471.039594 8.186956188e-16 1e-20
6472.020054 8.262822282e-16 1e-20
6473.000515 8.32845516e-16 1e-20
6473.980976 8.370002655e-16 1e-20
6474.961436 8.356920761e-16 1e-20
6475.941897 8.279717413e-16 1e-20
6476.922357 8.175002436e-16 1e-20
6477.902818 8.056155243e-16 1e-20
6478.883278 7.938230257e-16 1e-20
6479.863739 7.851521083e-16 1e-20
6480.844199 7.790645354e-16 1e-20
6481.82466 7.74933291e-16 1e-20
6482.80512 7.726711837e-16 1e-20
6483.785581 7.721242121e-16 1e-20
6484.766042 7.731284756e-16 1e-20
6485.746502 7.748867042e-16 1e-20
6486.726963 7.767869168e-16 1e-20
6487.707423 7.782738831e-16 1e-20
6488.687884 7.780356021e-16 1e-20
6489.668344 7.759313605e-16 1e-20
6490.648805 7.733073583e-16 1e-20
6491.629265 7.706524924e-16 1e-20
6492.609726 7.685627562e-16 1e-20
6493.590186 7.686241661e-16 1e-20
6494.570647 7.698379114e-16 1e-20
6495.551108 7.714338803e-16 1e-20
6496.531568 7.730255081e-16 1e-20
6497.512029 7.737849261e-16 1e-20
6498.492489 7.726462491e-16 1e-20
6499.47295 7.714247217e-16 1e-20
6500.45341 7.707930999e-16 1e-20
6501.433871 7.712805144e-16 1e-20
6502.414331 7.746725637e-16 1e-20
6503.394792 7.80534667e-16 1e-20
6504.375252 7.867948228e-16 1e-20
6505.355713 7.924994309e-16 1e-20
6506.336174 7.965610597e-16 1e-20
6507.316634 7.969914054e-16 1e-20
6508.297095 7.946237366e-16 1e-20
6509.277555 7.89951344e-16 1e-20
6510.258016 7.832756656e-16 1e-20
6511.238476 7.749404908e-16 1e-20
6512.218937 7.653789182e-16 1e-20
6513.199397 7.554840381e-16 1e-20
6514.179858 7.459883753e-16 1e-20
6515.160318 7.375939082e-16 1e-20
6516.140779 7.316295786e-16 1e-20
6517.12124 7.281401205e-16 1e-20
6518.1017 7.265969324e-16 1e-20
6519.082161 7.268869882e-16 1e-20
6520.062621 7.28687145e-16 1e-20
6521.043082 7.308895365e-16 1e-20
6522.023542 7.346994907e-16 1e-20
6523.004003 7.406820315e-16 1e-20
6523.984463 7.490543169e-16 1e-20
6524.964924 7.609720705e-16 1e-20
6525.945384 7.769319182e-16 1e-20
6526.925845 7.931628165e-16 1e-20
6527.906306 8.078695319e-16 1e-20
6528.886766 8.193353934e-16 1e-20
6529.867227 8.238180506e-16 1e-20
6530.847687 8.221153555e-16 1e-20
6531.828148 8.161420262e-16 1e-20
6532.808608 8.067687067e-16 1e-20
6533.789069 7.951442912e-16 1e-20
6534.769529 7.827957685e-16 1e-20
6535.74999 7.702915505e-16 1e-20
6536.73045 7.584614119e-16 1e-20
6537.710911 7.481302569e-16 1e-20
6538.691371 7.404493621e-16 1e-20
6539.671832 7.36043785e-16 1e-20
6540.652293 7.340768156e-16 1e-20
6541.632753 7.342592454e-16 1e-20
6542.613214 7.361883629e-16 1e-20
6543.593674 7.396079408e-16 1e-20
6544.574135 7.43685028e-16 1e-20
6545.554595 7.475519981e-16 1e-20
6546.535056 7.505070313e-16 1e-20
6547.515516 7.516102918e-16 1e-20
6548.495977 7.494095943e-16 1e-20
6549.476437 7.455880463e-16 1e-20
6550.456898 7.409210536e-16 1e-20
6551.437359 7.360692489e-16 1e-20
6552.417819 7.324051961e-16 1e-20
6553.39828 7.304583968e-16 1e-20
6554.37874 7.292124642e-16 1e-20
6555.359201 7.284973037e-16 1e-20
6556.339661 7.280727285e-16 1e-20
6557.320122 7.270994876e-16 1e-20
6558.300582 7.261307466e-16 1e-20
6559.281043 7.256491554e-16 1e-20
6560.261503 7.258742015e-16 1e-20
6561.241964 7.271566094e-16 1e-20
6562.222425 7.299662706e-16 1e-20
6563.202885 7.335680665e-16 1e-20
6564.183346 7.376101606e-16 1e-20
6565.163806 7.417499812e-16 1e-20
6566.144267 7.456848728e-16 1e-20
6567.124727 7.490309706e-16 1e-20
6568.105188 7.513486645e-16 1e-20
6569.085648 7.523170878e-16 1e-20
6570.066109 7.516245854e-16 1e-20
6571.046569 7.4837542e-16 1e-20
6572.02703 7.435472263e-16 1e-20
6573.007491 7.379586088e-16 1e-20
6573.987951 7.322220252e-16 1e-20
6574.968412 7.271663503e-16 1e-20
6575.948872 7.236690042e-16 1e-20
6576.929333 7.214061027e-16 1e-20
6577.909793 7.204681725e-16 1e-20
6578.890254 7.209072003e-16 1e-20
6579.870714 7.227431972e-16 1e-20
6580.851175 7.258645665e-16 1e-20
6581.831635 7.300626736e-16 1e-20
6582.812096 7.351097194e-16 1e-20
6583.792557 7.407384121e-16 1e-20
6584.773017 7.466851128e-16 1e-20
6585.753478 7.5255431e-16 1e-20
6586.733938 7.57962933e-16 1e-20
6587.714399 7.625400343e-16 1e-20
6588.694859 7.660249926e-16 1e-20
6589.67532 7.681764563e-16 1e-20
6590.65578 7.683919732e-16 1e-20
6591.636241 7.66348665e-16 1e-20
6592.616701 7.61837897e-16 1e-20
6593.597162 7.538537115e-16 1e-20
6594.577623 7.432375828e-16 1e-20
6595.558083 7.314788597e-16 1e-20
6596.538544 7.195263248e-16 1e-20
6597.519004 7.084642334e-16 1e-20
6598.499465 6.998129035e-16 1e-20
6599.479925 6.933872057e-16 1e-20
6600.460386 6.893096421e-16 1e-20
6601.440846 6.877110262e-16 1e-20
6602.421307 6.88863891e-16 1e-20
6603.401767 6.927511369e-16 1e-20
6604.382228 6.983148728e-16 1e-20
6605.362689 7.049085479e-16 1e-20
6606.343149 7.118540592e-16 1e-20
6607.32361 7.178433233e-16 1e-20
6608.30407 7.229201212e-16 1e-20
6609.284531 7.273582562e-16 1e-20
6610.264991 7.311297763e-16 1e-20
6611.245452 7.343238316e-16 1e-20
6612.225912 7.372482129e-16 1e-20
6613.206373 7.394681803e-16 1e-20
6614.186833 7.408100923e-16 1e-20
6615.167294 7.411818339e-16 1e-20
6616.147755 7.40329454e-16 1e-20
6617.128215 7.382283359e-16 1e-20
6618.108676 7.353996693e-16 1e-20
6619.089136 7.321064582e-16 1e-20
6620.069597 7.286310291e-16 1e-20
6621.050057 7.25466514e-16 1e-20
6622.030518 7.226133364e-16 1e-20
6623.010978 7.200444973e-16 1e-20
6623.991439 7.178062127e-16 1e-20
6624.971899 7.158830773e-16 1e-20
6625.95236 7.141777353e-16 1e-20
6626.93282 7.128652048e-16 1e-20
6627.913281 7.11980373e-16 1e-20
6628.893742 7.11503017e-16 1e-20
6629.874202 7.11907687e-16 1e-20
6630.854663 7.129713486e-16 1e-20
6631.835123 7.134856035e-16 1e-20
6632.815584 7.12912374e-16 1e-20
6633.796044 7.106786422e-16 1e-20
6634.776505 7.04727177e-16 1e-20
6635.756965 6.970826517e-16 1e-20
6636.737426 6.89517271e-16 1e-20
6637.717886 6.831737883e-16 1e-20
6638.698347 6.797722628e-16 1e-20
6639.678808 6.813782902e-16 1e-20
6640.659268 6.85770262e-16 1e-20
6641.639729 6.921994538e-16 1e-20
6642.620189 6.999496464e-16 1e-20
6643.60065 7.075318619e-16 1e-20
6644.58111 7.144965903e-16 1e-20
6645.561571 7.212733832e-16 1e-20
6646.542031 7.276538707e-16 1e-20
6647.522492 7.335382615e-16 1e-20
6648.502952 7.395999998e-16 1e-20
6649.483413 7.44479492e-16 1e-20
6650.463874 7.472177377e-16 1e-20
6651.444334 7.472441546e-16 1e-20
6652.424795 7.433472207e-16 1e-20
6653.405255 7.343914884e-16 1e-20
6654.385716 7.235510548e-16 1e-20
6655.366176 7.123143158e-16 1e-20
6656.346637 7.020956573e-16 1e-20
6657.327097 6.957121524e-16 1e-20
6658.307558 6.933060494e-16 1e-20
6659.288018 6.936722853e-16 1e-20
6660.268479 6.965195865e-16 1e-20
6661.24894 7.01333963e-16 1e-20
6662.2294 7.071434443e-16 1e-20
6663.209861 7.139319369e-16 1e-20
6664.190321 7.213783094e-16 1e-20
6665.170782 7.289968944e-16 1e-20
6666.151242 7.368417959e-16 1e-20
6667.131703 7.447619774e-16 1e-20
6668.112163 7.503545654e-16 1e-20
6669.092624 7.524593364e-16 1e-20
6670.073084 7.501342839e-16 1e-20
6671.053545 7.394583336e-16 1e-20
6672.034006 7.230659167e-16 1e-20
6673.014466 7.053004065e-16 1e-20
6673.994927 6.885719822e-16 1e-20
6674.975387 6.760120189e-16 1e-20
6675.955848 6.732887021e-16 1e-20
6676.936308 6.757488563e-16 1e-20
6677.916769 6.812354064e-16 1e-20
6678.897229 6.881823471e-16 1e-20
6679.87769 6.936291395e-16 1e-20
6680.85815 6.956411075e-16 1e-20
6681.838611 6.964183661e-16 1e-20
6682.819072 6.961842673e-16 1e-20
6683.799532 6.952707423e-16 1e-20
6684.779993 6.946383263e-16 1e-20
6685.760453 6.941619232e-16 1e-20
6686.740914 6.936549211e-16 1e-20
6687.721374 6.932336281e-16 1e-20
6688.701835 6.928598218e-16 1e-20
6689.682295 6.921346558e-16 1e-20
6690.662756 6.922889746e-16 1e-20
6691.643216 6.93962447e-16 1e-20
6692.623677 6.975897597e-16 1e-20
6693.604138 7.046135157e-16 1e-20
6694.584598 7.150759079e-16 1e-20
6695.565059 7.262644719e-16 1e-20
6696.545519 7.369254404e-16 1e-20
6697.52598 7.457259539e-16 1e-20
6698.50644 7.498011882e-16 1e-20
6699.486901 7.501866941e-16 1e-20
6700.467361 7.479627032e-16 1e-20
6701.447822 7.436367471e-16 1e-20
6702.428282 7.37975126e-16 1e-20
6703.408743 7.319804091e-16 1e-20
6704.389204 7.255099773e-16 1e-20
6705.369664 7.188274168e-16 1e-20
6706.350125 7.122040956e-16 1e-20
6707.330585 7.063047758e-16 1e-20
6708.311046 7.01137769e-16 1e-20
6709.291506 6.959647799e-16 1e-20
6710.271967 6.905293166e-16 1e-20
6711.252427 6.844795955e-16 1e-20
6712.232888 6.76183596e-16 1e-20
6713.213348 6.674558744e-16 1e-20
6714.193809 6.597152638e-16 1e-20
6715.17427 6.53808956e-16 1e-20
6716.15473 6.513142322e-16 1e-20
6717.135191 6.540626424e-16 1e-20
6718.115651 6.585806632e-16 1e-20
6719.096112 6.633722227e-16 1e-20
6720.076572 6.670705803e-16 1e-20
6721.057033 6.669891063e-16 1e-20
6722.037493 6.627836407e-16 1e-20
6723.017954 6.557557553e-16 1e-20
6723.998414 6.462400813e-16 1e-20
6724.978875 6.347337211e-16 1e-20
6725.959335 6.217262596e-16 1e-20
6726.939796 6.082501772e-16 1e-20
6727.920257 5.953014257e-16 1e-20
6728.900717 5.838216941e-16 1e-20
6729.881178 5.749761819e-16 1e-20
6730.861638 5.698190748e-16 1e-20
6731.842099 5.680173828e-16 1e-20
6732.822559 5.696738086e-16 1e-20
6733.80302 5.74779882e-16 1e-20
6734.78348 5.832358649e-16 1e-20
6735.763941 5.947321666e-16 1e-20
6736.744401 6.088157305e-16 1e-20
6737.724862 6.249571609e-16 1e-20
6738.705323 6.4262468e-16 1e-20
6739.685783 6.616359639e-16 1e-20
6740.666244 6.804146844e-16 1e-20
6741.646704 6.977369317e-16 1e-20
6742.627165 7.125720785e-16 1e-20
6743.607625 7.234760395e-16 1e-20
6744.588086 7.294529157e-16 1e-20
6745.568546 7.316605483e-16 1e-20
6746.549007 7.304691435e-16 1e-20
6747.529467 7.263857565e-16 1e-20
6748.509928 7.198376624e-16 1e-20
6749.490389 7.117505095e-16 1e-20
6750.470849 7.031533897e-16 1e-20
6751.45131 6.949345232e-16 1e-20
6752.43177 6.881122022e-16 1e-20
6753.412231 6.841758812e-16 1e-20
6754.392691 6.822017121e-16 1e-20
6755.373152 6.818110182e-16 1e-20
6756.353612 6.82669592e-16 1e-20
6757.334073 6.843942569e-16 1e-20
6758.314533 6.865189861e-16 1e-20
6759.294994 6.88464462e-16 1e-20
6760.275455 6.897432171e-16 1e-20
6761.255915 6.898926125e-16 1e-20
6762.236376 6.874135588e-16 1e-20
6763.216836 6.833670177e-16 1e-20
6764.197297 6.789699638e-16 1e-20
6765.177757 6.749120407e-16 1e-20
6766.158218 6.722813681e-16 1e-20
6767.138678 6.728500449e-16 1e-20
6768.119139 6.745162646e-16 1e-20
6769.099599 6.764135125e-16 1e-20
6770.08006 6.778681328e-16 1e-20
6771.060521 6.772322757e-16 1e-20
6772.040981 6.741528874e-16 1e-20
6773.021442 6.704037608e-16 1e-20
6774.001902 6.665815776e-16 1e-20
6774.982363 6.633550173e-16 1e-20
6775.962823 6.61997647e-16 1e-20
6776.943284 6.622047466e-16 1e-20
6777.923744 6.636765722e-16 1e-20
6778.904205 6.662647872e-16 1e-20
6779.884665 6.700209548e-16 1e-20
6780.865126 6.751956379e-16 1e-20
6781.845587 6.798853417e-16 1e-20
6782.826047 6.830336044e-16 1e-20
6783.806508 6.837777228e-16 1e-20
6784.786968 6.796936476e-16 1e-20
6785.767429 6.710878458e-16 1e-20
6786.747889 6.608240299e-16 1e-20
6787.72835 6.50201178e-16 1e-20
6788.70881 6.407227734e-16 1e-20
6789.689271 6.352789985e-16 1e-20
6790.669731 6.327801455e-16 1e-20
6791.650192 6.325452526e-16 1e-20
6792.630653 6.342635119e-16 1e-20
6793.611113 6.375763107e-16 1e-20
6794.591574 6.420635207e-16 1e-20
6795.572034 6.468206695e-16 1e-20
6796.552495 6.511644133e-16 1e-20
6797.532955 6.545036818e-16 1e-20
6798.513416 6.547258692e-16 1e-20
6799.493876 6.525937284e-16 1e-20
6800.474337 6.504047835e-16 1e-20
6801.454797 6.491884442e-16 1e-20
6802.435258 6.502750816e-16 1e-20
6803.415719 6.570390632e-16 1e-20
6804.396179 6.66092416e-16 1e-20
6805.37664 6.753026288e-16 1e-20
6806.3571 6.831913643e-16 1e-20
6807.337561 6.873631074e-16 1e-20
6808.318021 6.858132489e-16 1e-20
6809.298482 6.808612296e-16 1e-20
6810.278942 6.731172308e-16 1e-20
6811.259403 6.633111304e-16 1e-20
6812.239863 6.520644916e-16 1e-20
6813.220324 6.405224501e-16 1e-20
6814.200785 6.299541789e-16 1e-20
6815.181245 6.213877111e-16 1e-20
6816.161706 6.160942846e-16 1e-20
6817.142166 6.166682553e-16 1e-20
6818.122627 6.202602044e-16 1e-20
6819.103087 6.252853333e-16 1e-20
6820.083548 6.305517606e-16 1e-20
6821.064008 6.334799006e-16 1e-20
6822.044469 6.32548429e-16 1e-20
6823.024929 6.310133406e-16 1e-20
6824.00539 6.298116656e-16 1e-20
6824.98585 6.299053156e-16 1e-20
6825.966311 6.346154541e-16 1e-20
6826.946772 6.42125407e-16 1e-20
6827.927232 6.499516738e-16 1e-20
6828.907693 6.568884502e-16 1e-20
6829.888153 6.611619961e-16 1e-20
6830.868614 6.59633631e-16 1e-20
6831.849074 6.556668698e-16 1e-20
6832.829535 6.507539729e-16 1e-20
6833.809995 6.460329288e-16 1e-20
6834.790456 6.438890355e-16 1e-20
6835.770916 6.453046923e-16 1e-20
6836.751377 6.480008511e-16 1e-20
6837.731838 6.513452548e-16 1e-20
6838.712298 6.545995024e-16 1e-20
6839.692759 6.565212084e-16 1e-20
6840.673219 6.569704006e-16 1e-20
6841.65368 6.558712165e-16 1e-20
6842.63414 6.530395324e-16 1e-20
6843.614601 6.480988422e-16 1e-20
6844.595061 6.403484907e-16 1e-20
6845.575522 6.317372891e-16 1e-20
6846.555982 6.233403339e-16 1e-20
6847.536443 6.160886201e-16 1e-20
6848.516904 6.118010452e-16 1e-20
6849.497364 6.108821733e-16 1e-20
6850.477825 6.118696019e-16 1e-20
6851.458285 6.14245847e-16 1e-20
6852.438746 6.174052799e-16 1e-20
6853.419206 6.211103608e-16 1e-20
6854.399667 6.240407242e-16 1e-20
6855.380127 6.250603401e-16 1e-20
6856.360588 6.233686036e-16 1e-20
6857.341048 6.173297881e-16 1e-20
6858.321509 6.048739039e-16 1e-20
6859.30197 5.908386209e-16 1e-20
6860.28243 5.77491711e-16 1e-20
6861.262891 5.668275662e-16 1e-20
6862.243351 5.635537838e-16 1e-20
6863.223812 5.676155715e-16 1e-20
6864.204272 5.752851372e-16 1e-20
6865.184733 5.85153971e-16 1e-20
6866.165193 5.954841731e-16 1e-20
6867.145654 6.03215731e-16 1e-20
6868.126114 6.089326211e-16 1e-20
6869.106575 6.12728758e-16 1e-20
6870.087036 6.144195946e-16 1e-20
6871.067496 6.136450359e-16 1e-20
6872.047957 6.101776007e-16 1e-20
6873.028417 6.056277103e-16 1e-20
6874.008878 6.008968195e-16 1e-20
6874.989338 5.968365671e-16 1e-20
6875.969799 5.955347833e-16 1e-20
6876.950259 5.966698074e-16 1e-20
6877.93072 5.988395353e-16 1e-20
6878.91118 6.014897425e-16 1e-20
6879.891641 6.039213624e-16 1e-20
6880.872102 6.049819535e-16 1e-20
6881.852562 6.050061998e-16 1e-20
6882.833023 6.040676873e-16 1e-20
6883.813483 6.021953739e-16 1e-20
6884.793944 5.990544169e-16 1e-20
6885.774404 5.945825065e-16 1e-20
6886.754865 5.90524054e-16 1e-20
6887.735325 5.877426625e-16 1e-20
6888.715786 5.870202493e-16 1e-20
6889.696246 5.907889636e-16 1e-20
6890.676707 5.978234663e-16 1e-20
6891.657168 6.060265569e-16 1e-20
6892.637628 6.142760225e-16 1e-20
6893.618089 6.211745765e-16 1e-20
6894.598549 6.245791195e-16 1e-20
6895.57901 6.254969327e-16 1e-20
6896.55947 6.242232598e-16 1e-20
6897.539931 6.209893939e-16 1e-20
6898.520391 6.1580227e-16 1e-20
6899.500852 6.090846105e-16 1e-20
6900.481312 6.024199965e-16 1e-20
6901.461773 5.968036386e-16 1e-20
6902.442234 5.932041192e-16 1e-20
6903.422694 5.939159975e-16 1e-20
6904.403155 5.979655561e-16 1e-20
6905.383615 6.040328002e-16 1e-20
6906.364076 6.114032044e-16 1e-20
6907.344536 6.190496355e-16 1e-20
6908.324997 6.254590809e-16 1e-20
6909.305457 6.313113374e-16 1e-20
6910.285918 6.365878233e-16 1e-20
6911.266378 6.411725479e-16 1e-20
6912.246839 6.45350432e-16 1e-20
6913.2273 6.490024146e-16 1e-20
6914.20776 6.512296348e-16 1e-20
6915.188221 6.516652744e-16 1e-20
6916.168681 6.499697262e-16 1e-20
6917.149142 6.451324799e-16 1e-20
6918.129602 6.380486904e-16 1e-20
6919.110063 6.296245772e-16 1e-20
6920.090523 6.205056322e-16 1e-20
6921.070984 6.114682671e-16 1e-20
6922.051444 6.033912256e-16 1e-20
6923.031905 5.963783752e-16 1e-20
6924.012365 5.907411062e-16 1e-20
6924.992826 5.867308287e-16 1e-20
6925.973287 5.849652944e-16 1e-20
6926.953747 5.85317766e-16 1e-20
6927.934208 5.868850417e-16 1e-20
6928.914668 5.891936829e-16 1e-20
6929.895129 5.916931183e-16 1e-20
6930.875589 5.932350888e-16 1e-20
6931.85605 5.943196086e-16 1e-20
6932.83651 5.952863379e-16 1e-20
6933.816971 5.962862603e-16 1e-20
6934.797431 5.975036055e-16 1e-20
6935.777892 5.9912885e-16 1e-20
6936.758353 6.012831724e-16 1e-20
6937.738813 6.040629228e-16 1e-20
6938.719274 6.075006589e-16 1e-20
6939.699734 6.123069356e-16 1e-20
6940.680195 6.178915297e-16 1e-20
6941.660655 6.228828302e-16 1e-20
6942.641116 6.265243307e-16 1e-20
6943.621576 6.27992927e-16 1e-20
6944.602037 6.258365399e-16 1e-20
6945.582497 6.208752033e-16 1e-20
6946.562958 6.136560473e-16 1e-20
6947.543419 6.046377934e-16 1e-20
6948.523879 5.940693634e-16 1e-20
6949.50434 5.82332769e-16 1e-20
6950.4848 5.713602512e-16 1e-20
6951.465261 5.623411503e-16 1e-20
6952.445721 5.563210224e-16 1e-20
6953.426182 5.560185258e-16 1e-20
6954.406642 5.605067416e-16 1e-20
6955.387103 5.675326152e-16 1e-20
6956.367563 5.759263941e-16 1e-20
6957.348024 5.842367402e-16 1e-20
6958.328485 5.901959346e-16 1e-20
6959.308945 5.943746129e-16 1e-20
6960.289406 5.96750752e-16 1e-20
6961.269866 5.971968737e-16 1e-20
6962.250327 5.956374331e-16 1e-20
6963.230787 5.921813799e-16 1e-20
6964.211248 5.873698621e-16 1e-20
6965.191708 5.816890239e-16 1e-20
6966.172169 5.756912366e-16 1e-20
6967.152629 5.695231956e-16 1e-20
6968.13309 5.642576682e-16 1e-20
6969.113551 5.610619188e-16 1e-20
6970.094011 5.607491519e-16 1e-20
6971.074472 5.642281809e-16 1e-20
6972.054932 5.7288364e-16 1e-20
6973.035393 5.851320011e-16 1e-20
6974.015853 5.999925059e-16 1e-20
6974.996314 6.164658145e-16 1e-20
6975.976774 6.342355598e-16 1e-20
6976.957235 6.521160548e-16 1e-20
6977.937695 6.667664954e-16 1e-20
6978.918156 6.762558056e-16 1e-20
6979.898617 6.787800167e-16 1e-20
6980.879077 6.685341473e-16 1e-20
6981.859538 6.499507739e-16 1e-20
6982.839998 6.279761452e-16 1e-20
6983.820459 6.056373453e-16 1e-20
6984.800919 5.871853148e-16 1e-20
6985.78138 5.786589224e-16 1e-20
6986.76184 5.751794169e-16 1e-20
6987.742301 5.752237273e-16 1e-20
6988.722761 5.775374507e-16 1e-20
6989.703222 5.797357659e-16 1e-20
6990.683683 5.805785108e-16 1e-20
6991.664143 5.806864545e-16 1e-20
6992.644604 5.796501097e-16 1e-20
6993.625064 5.771372806e-16 1e-20
6994.605525 5.721397333e-16 1e-20
6995.585985 5.65786298e-16 1e-20
6996.566446 5.591396834e-16 1e-20
6997.546906 5.529769363e-16 1e-20
6998.527367 5.483834767e-16 1e-20
6999.507827 5.466377418e-16 1e-20
7000.488288 5.468257831e-16 1e-20
7001.468749 5.487538948e-16 1e-20
7002.449209 5.522076716e-16 1e-20
7003.42967 5.568467122e-16 1e-20
7004.41013 5.623278095e-16 1e-20
7005.390591 5.683150619e-16 1e-20
7006.371051 5.744063405e-16 1e-20
7007.351512 5.802129631e-16 1e-20
7008.331972 5.855302654e-16 1e-20
7009.312433 5.897324488e-16 1e-20
7010.292893 5.923307753e-16 1e-20
7011.273354 5.929974432e-16 1e-20
7012.253815 5.910160743e-16 1e-20
7013.234275 5.857079306e-16 1e-20
7014.214736 5.791621129e-16 1e-20
7015.195196 5.723737261e-16 1e-20
7016.175657 5.662664598e-16 1e-20
7017.156117 5.630590107e-16 1e-20
7018.136578 5.6252268e-16 1e-20
7019.117038 5.631934772e-16 1e-20
7020.097499 5.645399419e-16 1e-20
7021.077959 5.658467549e-16 1e-20
7022.05842 5.656778248e-16 1e-20
7023.03888 5.648388387e-16 1e-20
7024.019341 5.636948148e-16 1e-20
7024.999802 5.624283417e-16 1e-20
7025.980262 5.612796592e-16 1e-20
7026.960723 5.604879481e-16 1e-20
7027.941183 5.601686166e-16 1e-20
7028.921644 5.60452055e-16 1e-20
7029.902104 5.614283135e-16 1e-20
7030.882565 5.639017555e-16 1e-20
7031.863025 5.671547326e-16 1e-20
7032.843486 5.700830314e-16 1e-20
7033.823946 5.720849938e-16 1e-20
7034.804407 5.723498504e-16 1e-20
7035.784868 5.691968761e-16 1e-20
7036.765328 5.645386184e-16 1e-20
7037.745789 5.594154985e-16 1e-20
7038.726249 5.546290741e-16 1e-20
7039.70671 5.515455565e-16 1e-20
7040.68717 5.51038925e-16 1e-20
7041.667631 5.520760639e-16 1e-20
7042.648091 5.544594028e-16 1e-20
7043.628552 5.579080975e-16 1e-20
7044.609012 5.621685144e-16 1e-20
7045.589473 5.667215812e-16 1e-20
7046.569934 5.710138677e-16 1e-20
7047.550394 5.745634651e-16 1e-20
7048.530855 5.768412955e-16 1e-20
7049.511315 5.771839733e-16 1e-20
7050.491776 5.75959746e-16 1e-20
7051.472236 5.733424671e-16 1e-20
7052.452697 5.695615768e-16 1e-20
7053.433157 5.644989667e-16 1e-20
7054.413618 5.585935059e-16 1e-20
7055.394078 5.53370489e-16 1e-20
7056.374539 5.497342825e-16 1e-20
7057.355 5.48570618e-16 1e-20
7058.33546 5.516663646e-16 1e-20
7059.315921 5.582767686e-16 1e-20
7060.296381 5.675375386e-16 1e-20
7061.276842 5.788771922e-16 1e-20
7062.257302 5.91703018e-16 1e-20
7063.237763 6.054866263e-16 1e-20
7064.218223 6.187598973e-16 1e-20
7065.198684 6.304175059e-16 1e-20
7066.179144 6.395026754e-16 1e-20
7067.159605 6.439432456e-16 1e-20
7068.140066 6.435703923e-16 1e-20
7069.120526 6.404857101e-16 1e-20
7070.100987 6.355399376e-16 1e-20
7071.081447 6.297593083e-16 1e-20
7072.061908 6.253516665e-16 1e-20
7073.042368 6.214587031e-16 1e-20
7074.022829 6.174873362e-16 1e-20
7075.003289 6.132316838e-16 1e-20
7075.98375 6.083680207e-16 1e-20
7076.96421 6.025226463e-16 1e-20
7077.944671 5.957499826e-16 1e-20
7078.925132 5.879800435e-16 1e-20
7079.905592 5.791916002e-16 1e-20
7080.886053 5.687658422e-16 1e-20
7081.866513 5.572176597e-16 1e-20
7082.846974 5.458336957e-16 1e-20
7083.827434 5.353259344e-16 1e-20
7084.807895 5.265111802e-16 1e-20
7085.788355 5.211329445e-16 1e-20
7086.768816 5.179948991e-16 1e-20
7087.749276 5.163364616e-16 1e-20
7088.729737 5.156821286e-16 1e-20
7089.710198 5.151016993e-16 1e-20
7090.690658 5.136966304e-16 1e-20
7091.671119 5.126688618e-16 1e-20
7092.651579 5.123143256e-16 1e-20
7093.63204 5.128889316e-16 1e-20
7094.6125 5.152462243e-16 1e-20
7095.592961 5.190792601e-16 1e-20
7096.573421 5.23612951e-16 1e-20
7097.553882 5.284659734e-16 1e-20
7098.534342 5.332186223e-16 1e-20
7099.514803 5.373833245e-16 1e-20
7100.495264 5.407533509e-16 1e-20
7101.475724 5.431196963e-16 1e-20
7102.456185 5.44329524e-16 1e-20
7103.436645 5.438575679e-16 1e-20
7104.417106 5.414920696e-16 1e-20
7105.397566 5.387848993e-16 1e-20
7106.378027 5.364671525e-16 1e-20
7107.358487 5.352412311e-16 1e-20
7108.338948 5.371341909e-16 1e-20
7109.319408 5.412924345e-16 1e-20
7110.299869 5.462723529e-16 1e-20
7111.280329 5.513903378e-16 1e-20
7112.26079 5.556315376e-16 1e-20
7113.241251 5.570477238e-16 1e-20
7114.221711 5.575318031e-16 1e-20
7115.202172 5.579110621e-16 1e-20
7116.182632 5.587422132e-16 1e-20
7117.163093 5.613966556e-16 1e-20
7118.143553 5.664191375e-16 1e-20
7119.124014 5.71863177e-16 1e-20
7120.104474 5.770166843e-16 1e-20
7121.084935 5.811345879e-16 1e-20
7122.065395 5.829024516e-16 1e-20
7123.045856 5.823834321e-16 1e-20
7124.026317 5.798071814e-16 1e-20
7125.006777 5.75244162e-16 1e-20
7125.987238 5.686236995e-16 1e-20
7126.967698 5.594898786e-16 1e-20
7127.948159 5.4991073e-16 1e-20
7128.928619 5.411298042e-16 1e-20
7129.90908 5.341785753e-16 1e-20
7130.88954 5.312875989e-16 1e-20
7131.870001 5.329181374e-16 1e-20
7132.850461 5.365944192e-16 1e-20
7133.830922 5.413523091e-16 1e-20
7134.811383 5.460789118e-16 1e-20
7135.791843 5.487749647e-16 1e-20
7136.772304 5.495762049e-16 1e-20
7137.752764 5.485876646e-16 1e-20
7138.733225 5.456700596e-16 1e-20
7139.713685 5.406777003e-16 1e-20
7140.694146 5.334547327e-16 1e-20
7141.674606 5.249232051e-16 1e-20
7142.655067 5.15708069e-16 1e-20
7143.635527 5.064366581e-16 1e-20
7144.615988 4.978900427e-16 1e-20
7145.596449 4.906061947e-16 1e-20
7146.576909 4.848504999e-16 1e-20
7147.55737 4.809373136e-16 1e-20
7148.53783 4.791475859e-16 1e-20
7149.518291 4.803694309e-16 1e-20
7150.498751 4.834447958e-16 1e-20
7151.479212 4.874048866e-16 1e-20
7152.459672 4.915034143e-16 1e-20
7153.440133 4.947446918e-16 1e-20
7154.420593 4.961092089e-16 1e-20
7155.401054 4.960545223e-16 1e-20
7156.381515 4.945528388e-16 1e-20
7157.361975 4.916498981e-16 1e-20
7158.342436 4.870522032e-16 1e-20
7159.322896 4.812948674e-16 1e-20
7160.303357 4.753732071e-16 1e-20
7161.283817 4.699470081e-16 1e-20
7162.264278 4.657462541e-16 1e-20
7163.244738 4.640247126e-16 1e-20
7164.225199 4.641612437e-16 1e-20
7165.205659 4.657950115e-16 1e-20
7166.18612 4.686497242e-16 1e-20
7167.166581 4.725250588e-16 1e-20
7168.147041 4.771228066e-16 1e-20
7169.127502 4.81403764e-16 1e-20
7170.107962 4.846847991e-16 1e-20
7171.088423 4.863530305e-16 1e-20
7172.068883 4.847600262e-16 1e-20
7173.049344 4.805002446e-16 1e-20
7174.029804 4.748971216e-16 1e-20
7175.010265 4.68610549e-16 1e-20
7175.990725 4.625268407e-16 1e-20
7176.971186 4.582941641e-16 1e-20
7177.951647 4.548170409e-16 1e-20
7178.932107 4.51661155e-16 1e-20
7179.912568 4.485875371e-16 1e-20
7180.893028 4.44960595e-16 1e-20
7181.873489 4.404117369e-16 1e-20
7182.853949 4.358829694e-16 1e-20
7183.83441 4.31675042e-16 1e-20
7184.81487 4.280848929e-16 1e-20
7185.795331 4.257087537e-16 1e-20
7186.775791 4.244477069e-16 1e-20
7187.756252 4.240724713e-16 1e-20
7188.736713 4.244708151e-16 1e-20
7189.717173 4.255469704e-16 1e-20
7190.697634 4.27335454e-16 1e-20
7191.678094 4.291351079e-16 1e-20
7192.658555 4.304708788e-16 1e-20
7193.639015 4.30945932e-16 1e-20
7194.619476 4.298118078e-16 1e-20
7195.599936 4.268017174e-16 1e-20
7196.580397 4.227408561e-16 1e-20
7197.560857 4.179476026e-16 1e-20
7198.541318 4.128016921e-16 1e-20
7199.521779 4.080048651e-16 1e-20
7200.502239 4.035933587e-16 1e-20
7201.4827 3.995965544e-16 1e-20
7202.46316 3.961675532e-16 1e-20
7203.443621 3.933149051e-16 1e-20
7204.424081 3.908406424e-16 1e-20
7205.404542 3.89494813e-16 1e-20
7206.385002 3.896006656e-16 1e-20
7207.365463 3.913272099e-16 1e-20
7208.345923 3.958839295e-16 1e-20
7209.326384 4.028677427e-16 1e-20
7210.306844 4.097262479e-16 1e-20
7211.287305 4.152335237e-16 1e-20
7212.267766 4.180677224e-16 1e-20
7213.248226 4.14879464e-16 1e-20
7214.228687 4.079542549e-16 1e-20
7215.209147 3.992420711e-16 1e-20
7216.189608 3.899389494e-16 1e-20
7217.170068 3.818015833e-16 1e-20
7218.150529 3.768938744e-16 1e-20
7219.130989 3.737866928e-16 1e-20
7220.11145 3.722575866e-16 1e-20
7221.09191 3.720648072e-16 1e-20
7222.072371 3.732617177e-16 1e-20
7223.052832 3.752112434e-16 1e-20
7224.033292 3.767805308e-16 1e-20
7225.013753 3.772599779e-16 1e-20
7225.994213 3.757988196e-16 1e-20
7226.974674 3.697318932e-16 1e-20
7227.955134 3.619478722e-16 1e-20
7228.935595 3.544983497e-16 1e-20
7229.916055 3.48727276e-16 1e-20
7230.896516 3.471286337e-16 1e-20
7231.876976 3.520980966e-16 1e-20
7232.857437 3.594237404e-16 1e-20
7233.837898 3.675268017e-16 1e-20
7234.818358 3.748939502e-16 1e-20
7235.798819 3.783378009e-16 1e-20
7236.779279 3.777564716e-16 1e-20
7237.75974 3.74503865e-16 1e-20
7238.7402 3.688773958e-16 1e-20
7239.720661 3.613283205e-16 1e-20
7240.701121 3.5239072e-16 1e-20
7241.681582 3.427675257e-16 1e-20
7242.662042 3.33151346e-16 1e-20
7243.642503 3.241903462e-16 1e-20
7244.622964 3.169986924e-16 1e-20
7245.603424 3.123824158e-16 1e-20
7246.583885 3.089650084e-16 1e-20
7247.564345 3.063091101e-16 1e-20
7248.544806 3.039625642e-16 1e-20
7249.525266 3.005476185e-16 1e-20
7250.505727 2.965312794e-16 1e-20
7251.486187 2.928153988e-16 1e-20
7252.466648 2.897656302e-16 1e-20
7253.447108 2.87854168e-16 1e-20
7254.427569 2.878740998e-16 1e-20
7255.40803 2.892578075e-16 1e-20
7256.38849 2.91743558e-16 1e-20
7257.368951 2.951041612e-16 1e-20
7258.349411 2.992309322e-16 1e-20
7259.329872 3.038442442e-16 1e-20
7260.310332 3.081378807e-16 1e-20
7261.290793 3.116055277e-16 1e-20
7262.271253 3.137747791e-16 1e-20
7263.251714 3.134157165e-16 1e-20
7264.232174 3.111904022e-16 1e-20
7265.212635 3.079743504e-16 1e-20
7266.193096 3.042785604e-16 1e-20
7267.173556 3.007425419e-16 1e-20
7268.154017 2.98196255e-16 1e-20
7269.134477 2.96480431e-16 1e-20
7270.114938 2.956763585e-16 1e-20
7271.095398 2.958303861e-16 1e-20
7272.075859 2.973833416e-16 1e-20
7273.056319 3.001532982e-16 1e-20
7274.03678 3.028323046e-16 1e-20
7275.01724 3.047376787e-16 1e-20
7275.997701 3.051649539e-16 1e-20
7276.978162 3.024600336e-16 1e-20
7277.958622 2.974927412e-16 1e-20
7278.939083 2.911478821e-16 1e-20
7279.919543 2.839515431e-16 1e-20
7280.900004 2.766007794e-16 1e-20
7281.880464 2.699399241e-16 1e-20
7282.860925 2.639736887e-16 1e-20
7283.841385 2.589739709e-16 1e-20
7284.821846 2.551870719e-16 1e-20
7285.802306 2.530104884e-16 1e-20
7286.782767 2.524595993e-16 1e-20
7287.763228 2.531346846e-16 1e-20
7288.743688 2.548051659e-16 1e-20
7289.724149 2.571998339e-16 1e-20
7290.704609 2.600922661e-16 1e-20
7291.68507 2.630565373e-16 1e-20
7292.66553 2.657079093e-16 1e-20
7293.645991 2.677299093e-16 1e-20
7294.626451 2.6868703e-16 1e-20
7295.606912 2.681429967e-16 1e-20
7296.587372 2.667923497e-16 1e-20
7297.567833 2.649707259e-16 1e-20
7298.548294 2.630440436e-16 1e-20
7299.528754 2.61137743e-16 1e-20
7300.509215 2.598312212e-16 1e-20
7301.489675 2.599460206e-16 1e-20
7302.470136 2.619914993e-16 1e-20
7303.450596 2.665383721e-16 1e-20
7304.431057 2.752139483e-16 1e-20
7305.411517 2.860025805e-16 1e-20
7306.391978 2.974552865e-16 1e-20
7307.372438 3.084670324e-16 1e-20
7308.352899 3.174245911e-16 1e-20
7309.333359 3.228588369e-16 1e-20
7310.31382 3.258014823e-16 1e-20
7311.294281 3.2633731e-16 1e-20
7312.274741 3.246388237e-16 1e-20
7313.255202 3.207992763e-16 1e-20
7314.235662 3.153447282e-16 1e-20
7315.216123 3.089690847e-16 1e-20
7316.196583 3.022436167e-16 1e-20
7317.177044 2.958662527e-16 1e-20
7318.157504 2.911373207e-16 1e-20
7319.137965 2.871068203e-16 1e-20
7320.118425 2.833264593e-16 1e-20
7321.098886 2.795195756e-16 1e-20
7322.079347 2.749550474e-16 1e-20
7323.059807 2.691869118e-16 1e-20
7324.040268 2.634207615e-16 1e-20
7325.020728 2.580776247e-16 1e-20
7326.001189 2.535667243e-16 1e-20
7326.981649 2.507013442e-16 1e-20
7327.96211 2.493620263e-16 1e-20
7328.94257 2.492196983e-16 1e-20
7329.923031 2.501105916e-16 1e-20
7330.903491 2.519268156e-16 1e-20
7331.883952 2.548640611e-16 1e-20
7332.864413 2.576756282e-16 1e-20
7333.844873 2.595684292e-16 1e-20
7334.825334 2.599282858e-16 1e-20
7335.805794 2.573290064e-16 1e-20
7336.786255 2.513549625e-16 1e-20
7337.766715 2.442206157e-16 1e-20
7338.747176 2.368629169e-16 1e-20
7339.727636 2.30287559e-16 1e-20
7340.708097 2.264146861e-16 1e-20
7341.688557 2.250004058e-16 1e-20
7342.669018 2.256351246e-16 1e-20
7343.649479 2.282282895e-16 1e-20
7344.629939 2.326534808e-16 1e-20
7345.6104 2.388305215e-16 1e-20
7346.59086 2.458190198e-16 1e-20
7347.571321 2.529124972e-16 1e-20
7348.551781 2.594475152e-16 1e-20
7349.532242 2.643530271e-16 1e-20
7350.512702 2.671730645e-16 1e-20
7351.493163 2.683959683e-16 1e-20
7352.473623 2.68064699e-16 1e-20
7353.454084 2.663054381e-16 1e-20
7354.434545 2.63357737e-16 1e-20
7355.415005 2.593942051e-16 1e-20
7356.395466 2.546306242e-16 1e-20
7357.375926 2.49325048e-16 1e-20
7358.356387 2.437895553e-16 1e-20
7359.336847 2.383727002e-16 1e-20
7360.317308 2.331224194e-16 1e-20
7361.297768 2.281949641e-16 1e-20
7362.278229 2.237477235e-16 1e-20
7363.258689 2.19897469e-16 1e-20
7364.23915 2.167975932e-16 1e-20
7365.219611 2.146333049e-16 1e-20
7366.200071 2.135493806e-16 1e-20
7367.180532 2.13632734e-16 1e-20
7368.160992 2.145958369e-16 1e-20
7369.141453 2.170402152e-16 1e-20
7370.121913 2.213505408e-16 1e-20
7371.102374 2.276784858e-16 1e-20
7372.082834 2.367218065e-16 1e-20
7373.063295 2.491854464e-16 1e-20
7374.043755 2.621017989e-16 1e-20
7375.024216 2.740095204e-16 1e-20
7376.004677 2.836026185e-16 1e-20
7376.985137 2.877154134e-16 1e-20
7377.965598 2.8678688e-16 1e-20
7378.946058 2.831517323e-16 1e-20
7379.926519 2.777790552e-16 1e-20
7380.906979 2.719330985e-16 1e-20
7381.88744 2.680220827e-16 1e-20
7382.8679 2.649633673e-16 1e-20
7383.848361 2.623587145e-16 1e-20
7384.828821 2.601052628e-16 1e-20
7385.809282 2.578456436e-16 1e-20
7386.789743 2.552650783e-16 1e-20
7387.770203 2.529053769e-16 1e-20
7388.750664 2.509061144e-16 1e-20
7389.731124 2.493978928e-16 1e-20
7390.711585 2.484852413e-16 1e-20
7391.692045 2.483131348e-16 1e-20
7392.672506 2.490222337e-16 1e-20
7393.652966 2.507102645e-16 1e-20
7394.633427 2.535095496e-16 1e-20
7395.613887 2.577639843e-16 1e-20
7396.594348 2.629121182e-16 1e-20
7397.574809 2.68614794e-16 1e-20
7398.555269 2.746059639e-16 1e-20
7399.53573 2.801907698e-16 1e-20
7400.51619 2.850105461e-16 1e-20
7401.496651 2.901243222e-16 1e-20
7402.477111 2.95842721e-16 1e-20
7403.457572 3.024528338e-16 1e-20
7404.438032 3.115635202e-16 1e-20
7405.418493 3.21785355e-16 1e-20
7406.398953 3.31391688e-16 1e-20
7407.379414 3.39398664e-16 1e-20
7408.359874 3.444571712e-16 1e-20
7409.340335 3.443453628e-16 1e-20
7410.320796 3.413693655e-16 1e-20
7411.301256 3.365694416e-16 1e-20
7412.281717 3.308012531e-16 1e-20
7413.262177 3.256184438e-16 1e-20
7414.242638 3.218393798e-16 1e-20
7415.223098 3.18631269e-16 1e-20
7416.203559 3.159910143e-16 1e-20
7417.184019 3.138529973e-16 1e-20
7418.16448 3.123190206e-16 1e-20
7419.14494 3.109438891e-16 1e-20
7420.125401 3.092955895e-16 1e-20
7421.105862 3.070850982e-16 1e-20
7422.086322 3.036922812e-16 1e-20
7423.066783 2.980528417e-16 1e-20
7424.047243 2.922909531e-16 1e-20
7425.027704 2.874167549e-16 1e-20
7426.008164 2.842490634e-16 1e-20
7426.988625 2.848013025e-16 1e-20
7427.969085 2.892095531e-16 1e-20
7428.949546 2.952754737e-16 1e-20
7429.930006 3.021132795e-16 1e-20
7430.910467 3.086800347e-16 1e-20
7431.890928 3.128568866e-16 1e-20
7432.871388 3.152892211e-16 1e-20
7433.851849 3.163928256e-16 1e-20
7434.832309 3.162239749e-16 1e-20
7435.81277 3.150936623e-16 1e-20
7436.79323 3.1345693e-16 1e-20
7437.773691 3.104827326e-16 1e-20
7438.754151 3.058823114e-16 1e-20
7439.734612 2.994389582e-16 1e-20
7440.715072 2.909108717e-16 1e-20
7441.695533 2.802451122e-16 1e-20
7442.675994 2.675653202e-16 1e-20
7443.656454 2.53034417e-16 1e-20
7444.636915 2.368697197e-16 1e-20
7445.617375 2.189490171e-16 1e-20
7446.597836 2.005846414e-16 1e-20
7447.578296 1.829436186e-16 1e-20
7448.558757 1.671018922e-16 1e-20
7449.539217 1.541795311e-16 1e-20
7450.519678 1.452829985e-16 1e-20
7451.500138 1.414249354e-16 1e-20
7452.480599 1.435398179e-16 1e-20
7453.46106 1.52419701e-16 1e-20
7454.44152 1.680559689e-16 1e-20
7455.421981 1.912588881e-16 1e-20
7456.402441 2.229256515e-16 1e-20
7457.382902 2.630930127e-16 1e-20
7458.363362 3.120603844e-16 1e-20
7459.343823 3.731547533e-16 1e-20
7460.324283 4.37934192e-16 1e-20
7461.304744 5.00452635e-16 1e-20
7462.285204 5.558569013e-16 1e-20
7463.265665 5.971249288e-16 1e-20
7464.246126 6.189683204e-16 1e-20
7465.226586 6.260696328e-16 1e-20
7466.207047 6.193056512e-16 1e-20
7467.187507 6.001216255e-16 1e-20
7468.167968 5.697302951e-16 1e-20
7469.148428 5.313422855e-16 1e-20
7470.128889 4.887246698e-16 1e-20
7471.109349 4.452311161e-16 1e-20
7472.08981 4.047099334e-16 1e-20
7473.07027 3.726658036e-16 1e-20
7474.050731 3.469257693e-16 1e-20
7475.031192 3.270668701e-16 1e-20
7476.011652 3.128573895e-16 1e-20
7476.992113 3.03302752e-16 1e-20
7477.972573 2.97600235e-16 1e-20
7478.953034 2.961404266e-16 1e-20
7479.933494 2.984841933e-16 1e-20
7480.913955 3.041187094e-16 1e-20
7481.894415 3.126492841e-16 1e-20
7482.874876 3.232943971e-16 1e-20
7483.855336 3.352559052e-16 1e-20
7484.835797 3.478551497e-16 1e-20
7485.816258 3.602586502e-16 1e-20
7486.796718 3.713033246e-16 1e-20
7487.777179 3.818493612e-16 1e-20
7488.757639 3.921589169e-16 1e-20
7489.7381 4.02416327e-16 1e-20
7490.71856 4.134168498e-16 1e-20
7491.699021 4.252151453e-16 1e-20
7492.679481 4.365603575e-16 1e-20
7493.659942 4.469644102e-16 1e-20
7494.640402 4.559160662e-16 1e-20
7495.620863 4.623620928e-16 1e-20
7496.601324 4.667087483e-16 1e-20
7497.581784 4.693605437e-16 1e-20
7498.562245 4.705446958e-16 1e-20
7499.542705 4.705449075e-16 1e-20
7500.523166 4.696815163e-16 1e-20
7501.503626 4.682892588e-16 1e-20
7502.484087 4.666953545e-16 1e-20
7503.464547 4.651988591e-16 1e-20
7504.445008 4.645933364e-16 1e-20
7505.425468 4.64867881e-16 1e-20
7506.405929 4.652174409e-16 1e-20
7507.386389 4.653766831e-16 1e-20
7508.36685 4.64967725e-16 1e-20
7509.347311 4.623105297e-16 1e-20
7510.327771 4.593282855e-16 1e-20
7511.308232 4.574530075e-16 1e-20
7512.288692 4.575475575e-16 1e-20
7513.269153 4.61264391e-16 1e-20
7514.249613 4.703778303e-16 1e-20
7515.230074 4.812799913e-16 1e-20
7516.210534 4.924107454e-16 1e-20
7517.190995 5.02311343e-16 1e-20
7518.171455 5.08321677e-16 1e-20
7519.151916 5.100056314e-16 1e-20
7520.132377 5.083053187e-16 1e-20
7521.112837 5.033904629e-16 1e-20
7522.093298 4.95517927e-16 1e-20
7523.073758 4.842671589e-16 1e-20
7524.054219 4.718937546e-16 1e-20
7525.034679 4.601811418e-16 1e-20
7526.01514 4.505748352e-16 1e-20
7526.9956 4.45303908e-16 1e-20
7527.976061 4.461908045e-16 1e-20
7528.956521 4.507041137e-16 1e-20
7529.936982 4.579624449e-16 1e-20
7530.917443 4.669650816e-16 1e-20
7531.897903 4.765815525e-16 1e-20
7532.878364 4.856480344e-16 1e-20
7533.858824 4.930446437e-16 1e-20
7534.839285 4.97774211e-16 1e-20
7535.819745 4.986613192e-16 1e-20
7536.800206 4.932967948e-16 1e-20
7537.780666 4.844635647e-16 1e-20
7538.761127 4.738227133e-16 1e-20
7539.741587 4.626928062e-16 1e-20
7540.722048 4.535035046e-16 1e-20
7541.702509 4.479199164e-16 1e-20
7542.682969 4.437543407e-16 1e-20
7543.66343 4.406247127e-16 1e-20
7544.64389 4.380954459e-16 1e-20
7545.624351 4.343017706e-16 1e-20
7546.604811 4.302979518e-16 1e-20
7547.585272 4.275270688e-16 1e-20
7548.565732 4.266361489e-16 1e-20
7549.546193 4.284767515e-16 1e-20
7550.526653 4.34471786e-16 1e-20
7551.507114 4.430547973e-16 1e-20
7552.487575 4.533984196e-16 1e-20
7553.468035 4.647360085e-16 1e-20
7554.448496 4.765429596e-16 1e-20
7555.428956 4.879544521e-16 1e-20
7556.409417 4.973390478e-16 1e-20
7557.389877 5.036588665e-16 1e-20
7558.370338 5.059539023e-16 1e-20
7559.350798 5.008274471e-16 1e-20
7560.331259 4.911637541e-16 1e-20
7561.311719 4.800560287e-16 1e-20
7562.29218 4.69408507e-16 1e-20
7563.272641 4.620213738e-16 1e-20
7564.253101 4.619596463e-16 1e-20
7565.233562 4.650740805e-16 1e-20
7566.214022 4.69821012e-16 1e-20
7567.194483 4.74916074e-16 1e-20
7568.174943 4.776948185e-16 1e-20
7569.155404 4.772581201e-16 1e-20
7570.135864 4.752633575e-16 1e-20
7571.116325 4.719477529e-16 1e-20
7572.096785 4.676901947e-16 1e-20
7573.077246 4.632433247e-16 1e-20
7574.057707 4.586905226e-16 1e-20
7575.038167 4.542091889e-16 1e-20
7576.018628 4.501031438e-16 1e-20
7576.999088 4.466117269e-16 1e-20
7577.979549 4.439135564e-16 1e-20
7578.960009 4.425258517e-16 1e-20
7579.94047 4.42759871e-16 1e-20
7580.92093 4.448323754e-16 1e-20
7581.901391 4.492709339e-16 1e-20
7582.881851 4.558714381e-16 1e-20
7583.862312 4.638214247e-16 1e-20
7584.842773 4.725804336e-16 1e-20
7585.823233 4.816042461e-16 1e-20
7586.803694 4.908573929e-16 1e-20
7587.784154 4.988207731e-16 1e-20
7588.764615 5.043029821e-16 1e-20
7589.745075 5.064626514e-16 1e-20
7590.725536 5.03645261e-16 1e-20
7591.705996 4.943245105e-16 1e-20
7592.686457 4.824256563e-16 1e-20
7593.666917 4.697321794e-16 1e-20
7594.647378 4.579412161e-16 1e-20
7595.627838 4.508378919e-16 1e-20
7596.608299 4.482992812e-16 1e-20
7597.58876 4.483286627e-16 1e-20
7598.56922 4.503507421e-16 1e-20
7599.549681 4.534991636e-16 1e-20
7600.530141 4.5598367e-16 1e-20
7601.510602 4.587206982e-16 1e-20
7602.491062 4.62028203e-16 1e-20
7603.471523 4.659728884e-16 1e-20
7604.451983 4.706343754e-16 1e-20
7605.432444 4.760735445e-16 1e-20
7606.412904 4.822891252e-16 1e-20
7607.393365 4.892267486e-16 1e-20
7608.373826 4.967703711e-16 1e-20
7609.354286 5.061011272e-16 1e-20
7610.334747 5.156964223e-16 1e-20
7611.315207 5.234344918e-16 1e-20
7612.295668 5.281261014e-16 1e-20
7613.276128 5.281794115e-16 1e-20
7614.256589 5.202713531e-16 1e-20
7615.237049 5.0855207e-16 1e-20
7616.21751 4.953450264e-16 1e-20
7617.19797 4.82496066e-16 1e-20
7618.178431 4.731929443e-16 1e-20
7619.158892 4.694157067e-16 1e-20
7620.139352 4.687729146e-16 1e-20
7621.119813 4.708561921e-16 1e-20
7622.100273 4.750826748e-16 1e-20
7623.080734 4.802718633e-16 1e-20
7624.061194 4.861489485e-16 1e-20
7625.041655 4.924756493e-16 1e-20
7626.022115 4.987698453e-16 1e-20
7627.002576 5.045670976e-16 1e-20
7627.983036 5.094304431e-16 1e-20
7628.963497 5.130286391e-16 1e-20
7629.943958 5.150897879e-16 1e-20
7630.924418 5.154316716e-16 1e-20
7631.904879 5.13496466e-16 1e-20
7632.885339 5.093419811e-16 1e-20
7633.8658 5.041672451e-16 1e-20
7634.84626 4.985864097e-16 1e-20
7635.826721 4.932688427e-16 1e-20
7636.807181 4.898251244e-16 1e-20
7637.787642 4.875364414e-16 1e-20
7638.768102 4.857093913e-16 1e-20
7639.748563 4.840494185e-16 1e-20
7640.729024 4.820048927e-16 1e-20
7641.709484 4.787530803e-16 1e-20
7642.689945 4.754563751e-16 1e-20
7643.670405 4.726015035e-16 1e-20
7644.650866 4.706152113e-16 1e-20
7645.631326 4.69807883e-16 1e-20
7646.611787 4.70597953e-16 1e-20
7647.592247 4.734916822e-16 1e-20
7648.572708 4.787434982e-16 1e-20
7649.553168 4.866062404e-16 1e-20
7650.533629 4.988615895e-16 1e-20
7651.51409 5.127403303e-16 1e-20
7652.49455 5.259178865e-16 1e-20
7653.475011 5.367278269e-16 1e-20
7654.455471 5.429415547e-16 1e-20
7655.435932 5.422389409e-16 1e-20
7656.416392 5.365753609e-16 1e-20
7657.396853 5.265801604e-16 1e-20
7658.377313 5.130719437e-16 1e-20
7659.357774 4.956794456e-16 1e-20
7660.338234 4.765293012e-16 1e-20
7661.318695 4.592866221e-16 1e-20
7662.299156 4.462781547e-16 1e-20
7663.279616 4.401117814e-16 1e-20
7664.260077 4.467838864e-16 1e-20
7665.240537 4.609407186e-16 1e-20
7666.220998 4.789383688e-16 1e-20
7667.201458 4.981706753e-16 1e-20
7668.181919 5.144751596e-16 1e-20
7669.162379 5.239495937e-16 1e-20
7670.14284 5.298614072e-16 1e-20
7671.1233 5.325828711e-16 1e-20
7672.103761 5.325804359e-16 1e-20
7673.084222 5.310610176e-16 1e-20
7674.064682 5.283050371e-16 1e-20
7675.045143 5.2428126e-16 1e-20
7676.025603 5.193585163e-16 1e-20
7677.006064 5.139902332e-16 1e-20
7677.986524 5.090474784e-16 1e-20
7678.966985 5.039317699e-16 1e-20
7679.947445 4.98402233e-16 1e-20
7680.927906 4.923757524e-16 1e-20
7681.908366 4.850714167e-16 1e-20
7682.888827 4.761486128e-16 1e-20
7683.869288 4.679305403e-16 1e-20
7684.849748 4.613842991e-16 1e-20
7685.830209 4.5738858e-16 1e-20
7686.810669 4.591586671e-16 1e-20
7687.79113 4.647383379e-16 1e-20
7688.77159 4.712213692e-16 1e-20
7689.752051 4.770898782e-16 1e-20
7690.732511 4.801891717e-16 1e-20
7691.712972 4.765204603e-16 1e-20
7692.693432 4.702271643e-16 1e-20
7693.673893 4.632470305e-16 1e-20
7694.654353 4.570360026e-16 1e-20
7695.634814 4.543696487e-16 1e-20
7696.615275 4.566641022e-16 1e-20
7697.595735 4.614815491e-16 1e-20
7698.576196 4.68187456e-16 1e-20
7699.556656 4.760134581e-16 1e-20
7700.537117 4.845896138e-16 1e-20
7701.517577 4.924069338e-16 1e-20
7702.498038 4.979962924e-16 1e-20
7703.478498 5.0030901e-16 1e-20
7704.458959 4.976096748e-16 1e-20
7705.439419 4.868488095e-16 1e-20
7706.41988 4.734191021e-16 1e-20
7707.400341 4.600463577e-16 1e-20
7708.380801 4.490129594e-16 1e-20
7709.361262 4.451100963e-16 1e-20
7710.341722 4.495857655e-16 1e-20
7711.322183 4.580653064e-16 1e-20
7712.302643 4.691306801e-16 1e-20
7713.283104 4.810737918e-16 1e-20
7714.263564 4.909412491e-16 1e-20
7715.244025 4.986530077e-16 1e-20
7716.224485 5.040556485e-16 1e-20
7717.204946 5.066999265e-16 1e-20
7718.185407 5.057656492e-16 1e-20
7719.165867 5.001155159e-16 1e-20
7720.146328 4.927999571e-16 1e-20
7721.126788 4.853701017e-16 1e-20
7722.107249 4.791603443e-16 1e-20
7723.087709 4.781873682e-16 1e-20
7724.06817 4.821125189e-16 1e-20
7725.04863 4.866287397e-16 1e-20
7726.029091 4.901067629e-16 1e-20
7727.009551 4.905179444e-16 1e-20
7727.990012 4.818748202e-16 1e-20
7728.970473 4.695516555e-16 1e-20
7729.950933 4.574191262e-16 1e-20
7730.931394 4.478502479e-16 1e-20
7731.911854 4.451004613e-16 1e-20
7732.892315 4.535969429e-16 1e-20
7733.872775 4.663683469e-16 1e-20
7734.853236 4.80868651e-16 1e-20
7735.833696 4.947029225e-16 1e-20
7736.814157 5.02828086e-16 1e-20
7737.794617 5.048964346e-16 1e-20
7738.775078 5.03148688e-16 1e-20
7739.755539 4.980473791e-16 1e-20
7740.735999 4.902746342e-16 1e-20
7741.71646 4.804912978e-16 1e-20
7742.69692 4.700623105e-16 1e-20
7743.677381 4.602313814e-16 1e-20
7744.657841 4.520906536e-16 1e-20
7745.638302 4.475953439e-16 1e-20
7746.618762 4.482274423e-16 1e-20
7747.599223 4.510006281e-16 1e-20
7748.579683 4.547944358e-16 1e-20
7749.560144 4.584787644e-16 1e-20
7750.540605 4.592833398e-16 1e-20
7751.521065 4.576527484e-16 1e-20
7752.501526 4.549869769e-16 1e-20
7753.481986 4.51731247e-16 1e-20
7754.462447 4.485623379e-16 1e-20
7755.442907 4.467899744e-16 1e-20
7756.423368 4.455716234e-16 1e-20
7757.403828 4.446276581e-16 1e-20
7758.384289 4.438471702e-16 1e-20
7759.364749 4.427004199e-16 1e-20
7760.34521 4.409548174e-16 1e-20
7761.325671 4.39730246e-16 1e-20
7762.306131 4.394194907e-16 1e-20
7763.286592 4.403827525e-16 1e-20
7764.267052 4.442001712e-16 1e-20
7765.247513 4.496630572e-16 1e-20
7766.227973 4.552177405e-16 1e-20
7767.208434 4.599994532e-16 1e-20
7768.188894 4.626920121e-16 1e-20
7769.169355 4.608873026e-16 1e-20
7770.149815 4.573837096e-16 1e-20
7771.130276 4.534148838e-16 1e-20
7772.110737 4.49865604e-16 1e-20
7773.091197 4.495311848e-16 1e-20
7774.071658 4.530163548e-16 1e-20
7775.052118 4.559970108e-16 1e-20
7776.032579 4.569103241e-16 1e-20
7777.013039 4.541202505e-16 1e-20
7777.9935 4.422822239e-16 1e-20
7778.97396 4.252975722e-16 1e-20
7779.954421 4.071905224e-16 1e-20
7780.934881 3.903021148e-16 1e-20
7781.915342 3.7794401e-16 1e-20
7782.895803 3.746194056e-16 1e-20
7783.876263 3.763951573e-16 1e-20
7784.856724 3.819629431e-16 1e-20
7785.837184 3.901370757e-16 1e-20
7786.817645 3.992740201e-16 1e-20
7787.798105 4.080279997e-16 1e-20
7788.778566 4.155673076e-16 1e-20
7789.759026 4.208684633e-16 1e-20
7790.739487 4.229425823e-16 1e-20
7791.719947 4.191995702e-16 1e-20
7792.700408 4.118801468e-16 1e-20
7793.680868 4.029432609e-16 1e-20
7794.661329 3.937401421e-16 1e-20
7795.64179 3.862413065e-16 1e-20
7796.62225 3.827165377e-16 1e-20
7797.602711 3.815767225e-16 1e-20
7798.583171 3.825873122e-16 1e-20
7799.563632 3.854986439e-16 1e-20
7800.544092 3.897602519e-16 1e-20
7801.524553 3.950303321e-16 1e-20
7802.505013 4.011287046e-16 1e-20
7803.485474 4.076785722e-16 1e-20
7804.465934 4.142747618e-16 1e-20
7805.446395 4.204127332e-16 1e-20
7806.426856 4.258927187e-16 1e-20
7807.407316 4.304856754e-16 1e-20
7808.387777 4.339538254e-16 1e-20
7809.368237 4.362075947e-16 1e-20
7810.348698 4.372069613e-16 1e-20
7811.329158 4.364140061e-16 1e-20
7812.309619 4.336213385e-16 1e-20
7813.290079 4.287305173e-16 1e-20
7814.27054 4.207078977e-16 1e-20
7815.251 4.104830718e-16 1e-20
7816.231461 3.998142683e-16 1e-20
7817.211922 3.897259736e-16 1e-20
7818.192382 3.814309799e-16 1e-20
7819.172843 3.772241643e-16 1e-20
7820.153303 3.754954759e-16 1e-20
7821.133764 3.753930114e-16 1e-20
7822.114224 3.763282946e-16 1e-20
7823.094685 3.772370021e-16 1e-20
7824.075145 3.772335346e-16 1e-20
7825.055606 3.77051396e-16 1e-20
7826.036066 3.766806074e-16 1e-20
7827.016527 3.761324447e-16 1e-20
7827.996988 3.759081133e-16 1e-20
7828.977448 3.756401333e-16 1e-20
7829.957909 3.74824017e-16 1e-20
7830.938369 3.73289458e-16 1e-20
7831.91883 3.706672028e-16 1e-20
7832.89929 3.657974781e-16 1e-20
7833.879751 3.608745755e-16 1e-20
7834.860211 3.571548039e-16 1e-20
7835.840672 3.555815461e-16 1e-20
7836.821132 3.581258213e-16 1e-20
7837.801593 3.656074251e-16 1e-20
7838.782054 3.752932468e-16 1e-20
7839.762514 3.860883111e-16 1e-20
7840.742975 3.968035162e-16 1e-20
7841.723435 4.056893153e-16 1e-20
7842.703896 4.122363241e-16 1e-20
7843.684356 4.161386578e-16 1e-20
7844.664817 4.16999058e-16 1e-20
7845.645277 4.141398983e-16 1e-20
7846.625738 4.061245049e-16 1e-20
7847.606198 3.962625003e-16 1e-20
7848.586659 3.864050221e-16 1e-20
7849.56712 3.780975082e-16 1e-20
7850.54758 3.747381491e-16 1e-20
7851.528041 3.772033061e-16 1e-20
7852.508501 3.818795633e-16 1e-20
7853.488962 3.875188439e-16 1e-20
7854.469422 3.926773275e-16 1e-20
7855.449883 3.942676583e-16 1e-20
7856.430343 3.932171787e-16 1e-20
7857.410804 3.903920856e-16 1e-20
7858.391264 3.860975756e-16 1e-20
7859.371725 3.806655003e-16 1e-20
7860.352186 3.744092885e-16 1e-20
7861.332646 3.683611292e-16 1e-20
7862.313107 3.632551352e-16 1e-20
7863.293567 3.59696485e-16 1e-20
7864.274028 3.5976528e-16 1e-20
7865.254488 3.631103719e-16 1e-20
7866.234949 3.668866566e-16 1e-20
7867.215409 3.698725536e-16 1e-20
7868.19587 3.706118016e-16 1e-20
7869.17633 3.649249018e-16 1e-20
7870.156791 3.56313806e-16 1e-20
7871.137252 3.474039194e-16 1e-20
7872.117712 3.397617499e-16 1e-20
7873.098173 3.363914852e-16 1e-20
7874.078633 3.406701134e-16 1e-20
7875.059094 3.471162988e-16 1e-20
7876.039554 3.537528284e-16 1e-20
7877.020015 3.588760542e-16 1e-20
7878.000475 3.575012139e-16 1e-20
7878.980936 3.505152567e-16 1e-20
7879.961396 3.423330508e-16 1e-20
7880.941857 3.347724082e-16 1e-20
7881.922318 3.299950895e-16 1e-20
7882.902778 3.319531385e-16 1e-20
7883.883239 3.387963177e-16 1e-20
7884.863699 3.495263457e-16 1e-20
7885.84416 3.63472955e-16 1e-20
7886.82462 3.802481249e-16 1e-20
7887.805081 3.991870669e-16 1e-20
7888.785541 4.171427625e-16 1e-20
7889.766002 4.321263518e-16 1e-20
7890.746462 4.423318018e-16 1e-20
7891.726923 4.436451528e-16 1e-20
7892.707383 4.371074349e-16 1e-20
7893.687844 4.256433469e-16 1e-20
7894.668305 4.107778128e-16 1e-20
7895.648765 3.94278061e-16 1e-20
7896.629226 3.780636534e-16 1e-20
7897.609686 3.638265648e-16 1e-20
7898.590147 3.531535261e-16 1e-20
7899.570607 3.473507681e-16 1e-20
7900.551068 3.49379809e-16 1e-20
7901.531528 3.605806286e-16 1e-20
7902.511989 3.750116878e-16 1e-20
7903.492449 3.900421021e-16 1e-20
7904.47291 4.030064973e-16 1e-20
7905.453371 4.074948984e-16 1e-20
7906.433831 4.05349761e-16 1e-20
7907.414292 3.998459791e-16 1e-20
7908.394752 3.923648518e-16 1e-20
7909.375213 3.84840764e-16 1e-20
7910.355673 3.802304695e-16 1e-20
7911.336134 3.774288816e-16 1e-20
7912.316594 3.764435176e-16 1e-20
7913.297055 3.773991295e-16 1e-20
7914.277515 3.805121609e-16 1e-20
7915.257976 3.856164873e-16 1e-20
7916.238437 3.917822784e-16 1e-20
7917.218897 3.98350066e-16 1e-20
7918.199358 4.046141923e-16 1e-20
7919.179818 4.097418915e-16 1e-20
7920.160279 4.131920684e-16 1e-20
7921.140739 4.145001785e-16 1e-20
7922.1212 4.132566812e-16 1e-20
7923.10166 4.088944086e-16 1e-20
7924.082121 4.005362315e-16 1e-20
7925.062581 3.898603606e-16 1e-20
7926.043042 3.777769592e-16 1e-20
7927.023503 3.651220222e-16 1e-20
7928.003963 3.537493079e-16 1e-20
7928.984424 3.441862265e-16 1e-20
7929.964884 3.350151361e-16 1e-20
7930.945345 3.260058025e-16 1e-20
7931.925805 3.167995338e-16 1e-20
7932.906266 3.049641012e-16 1e-20
7933.886726 2.933402416e-16 1e-20
7934.867187 2.843105527e-16 1e-20
7935.847647 2.792670009e-16 1e-20
7936.828108 2.806110305e-16 1e-20
7937.808569 2.913698577e-16 1e-20
7938.789029 3.062007428e-16 1e-20
7939.76949 3.226869157e-16 1e-20
7940.74995 3.386022148e-16 1e-20
7941.730411 3.49987264e-16 1e-20
7942.710871 3.557203271e-16 1e-20
7943.691332 3.571562068e-16 1e-20
7944.671792 3.543037174e-16 1e-20
7945.652253 3.473776084e-16 1e-20
7946.632713 3.360813388e-16 1e-20
7947.613174 3.223691195e-16 1e-20
7948.593635 3.079679183e-16 1e-20
7949.574095 2.943470726e-16 1e-20
7950.554556 2.835906541e-16 1e-20
7951.535016 2.777163218e-16 1e-20
7952.515477 2.749663764e-16 1e-20
7953.495937 2.749344804e-16 1e-20
7954.476398 2.771236635e-16 1e-20
7955.456858 2.808608787e-16 1e-20
7956.437319 2.854663821e-16 1e-20
7957.417779 2.902628386e-16 1e-20
7958.39824 2.9456656e-16 1e-20
7959.378701 2.976343016e-16 1e-20
7960.359161 2.981207632e-16 1e-20
7961.339622 2.969496078e-16 1e-20
7962.320082 2.946707715e-16 1e-20
7963.300543 2.91701974e-16 1e-20
7964.281003 2.885729814e-16 1e-20
7965.261464 2.85809457e-16 1e-20
7966.241924 2.836727899e-16 1e-20
7967.222385 2.824808292e-16 1e-20
7968.202845 2.824822321e-16 1e-20
7969.183306 2.847772944e-16 1e-20
7970.163767 2.885477292e-16 1e-20
7971.144227 2.924694388e-16 1e-20
7972.124688 2.95785414e-16 1e-20
7973.105148 2.975582539e-16 1e-20
7974.085609 2.962126627e-16 1e-20
7975.066069 2.92904549e-16 1e-20
7976.04653 2.881912607e-16 1e-20
7977.02699 2.825349335e-16 1e-20
7978.007451 2.76330073e-16 1e-20
7978.987911 2.701328094e-16 1e-20
7979.968372 2.649844108e-16 1e-20
7980.948833 2.616088786e-16 1e-20
7981.929293 2.606494815e-16 1e-20
7982.909754 2.638339283e-16 1e-20
7983.890214 2.701126924e-16 1e-20
7984.870675 2.780604025e-16 1e-20
7985.851135 2.867593779e-16 1e-20
7986.831596 2.952201518e-16 1e-20
7987.812056 3.024487045e-16 1e-20
7988.792517 3.075537192e-16 1e-20
7989.772977 3.097859157e-16 1e-20
7990.753438 3.086093869e-16 1e-20
7991.733898 3.021346141e-16 1e-20
7992.714359 2.904676088e-16 1e-20
7993.69482 2.776190719e-16 1e-20
7994.67528 2.655417055e-16 1e-20
7995.655741 2.562958115e-16 1e-20
7996.636201 2.543244217e-16 1e-20
7997.616662 2.579443494e-16 1e-20
7998.597122 2.653742577e-16 1e-20
7999.577583 2.757104419e-16 1e-20
8000.558043 2.876569946e-16 1e-20
8001.538504 2.995625721e-16 1e-20
8002.518964 3.113064986e-16 1e-20
8003.499425 3.222100096e-16 1e-20
8004.479886 3.3159352e-16 1e-20
8005.460346 3.386126439e-16 1e-20
8006.440807 3.429031834e-16 1e-20
8007.421267 3.446720793e-16 1e-20
8008.401728 3.439705508e-16 1e-20
8009.382188 3.409381199e-16 1e-20
8010.362649 3.353798632e-16 1e-20
8011.343109 3.283234964e-16 1e-20
8012.32357 3.207128789e-16 1e-20
8013.30403 3.133245017e-16 1e-20
8014.284491 3.071795159e-16 1e-20
8015.264952 3.033559297e-16 1e-20
8016.245412 3.011196569e-16 1e-20
8017.225873 3.003223871e-16 1e-20
8018.206333 3.007630031e-16 1e-20
8019.186794 3.023480399e-16 1e-20
8020.167254 3.04615256e-16 1e-20
8021.147715 3.068707459e-16 1e-20
8022.128175 3.085982167e-16 1e-20
8023.108636 3.09235159e-16 1e-20
8024.089096 3.076363578e-16 1e-20
8025.069557 3.046288085e-16 1e-20
8026.050018 3.007734322e-16 1e-20
8027.030478 2.964813309e-16 1e-20
8028.010939 2.922567541e-16 1e-20
8028.991399 2.886084244e-16 1e-20
8029.97186 2.857811343e-16 1e-20
8030.95232 2.840711071e-16 1e-20
8031.932781 2.837086564e-16 1e-20
8032.913241 2.856742493e-16 1e-20
8033.893702 2.893505576e-16 1e-20
8034.874162 2.935067895e-16 1e-20
8035.854623 2.974810416e-16 1e-20
8036.835084 3.004104256e-16 1e-20
8037.815544 3.004706708e-16 1e-20
8038.796005 2.993102622e-16 1e-20
8039.776465 2.978182666e-16 1e-20
8040.756926 2.966037272e-16 1e-20
8041.737386 2.967942567e-16 1e-20
8042.717847 2.991815396e-16 1e-20
8043.698307 3.025334872e-16 1e-20
8044.678768 3.064882841e-16 1e-20
8045.659228 3.106399631e-16 1e-20
8046.639689 3.146733487e-16 1e-20
8047.62015 3.180096262e-16 1e-20
8048.60061 3.20066434e-16 1e-20
8049.581071 3.204168938e-16 1e-20
8050.561531 3.184498186e-16 1e-20
8051.541992 3.128061969e-16 1e-20
8052.522452 3.056569742e-16 1e-20
8053.502913 2.982371773e-16 1e-20
8054.483373 2.91545617e-16 1e-20
8055.463834 2.875114903e-16 1e-20
8056.444294 2.8707728e-16 1e-20
8057.424755 2.883385915e-16 1e-20
8058.405216 2.907635938e-16 1e-20
8059.385676 2.937297179e-16 1e-20
8060.366137 2.957878756e-16 1e-20
8061.346597 2.972709774e-16 1e-20
8062.327058 2.986163834e-16 1e-20
8063.307518 2.999182995e-16 1e-20
8064.287979 3.013113775e-16 1e-20
8065.268439 3.029488775e-16 1e-20
8066.2489 3.050032235e-16 1e-20
8067.22936 3.076268287e-16 1e-20
8068.209821 3.109364511e-16 1e-20
8069.190282 3.152634395e-16 1e-20
8070.170742 3.205713979e-16 1e-20
8071.151203 3.262459364e-16 1e-20
8072.131663 3.319494062e-16 1e-20
8073.112124 3.373261861e-16 1e-20
8074.092584 3.422564737e-16 1e-20
8075.073045 3.460683602e-16 1e-20
8076.053505 3.481868955e-16 1e-20
8077.033966 3.482399674e-16 1e-20
8078.014426 3.454748813e-16 1e-20
8078.994887 3.388080173e-16 1e-20
8079.975347 3.30803053e-16 1e-20
8080.955808 3.227300085e-16 1e-20
8081.936269 3.156913235e-16 1e-20
8082.916729 3.121734898e-16 1e-20
8083.89719 3.123683868e-16 1e-20
8084.87765 3.14278499e-16 1e-20
8085.858111 3.172046802e-16 1e-20
8086.838571 3.202757305e-16 1e-20
8087.819032 3.218683907e-16 1e-20
8088.799492 3.223230356e-16 1e-20
8089.779953 3.217579852e-16 1e-20
8090.760413 3.201036769e-16 1e-20
8091.740874 3.173441495e-16 1e-20
8092.721335 3.135328718e-16 1e-20
8093.701795 3.089470883e-16 1e-20
8094.682256 3.038544351e-16 1e-20
8095.662716 2.985697701e-16 1e-20
8096.643177 2.929300924e-16 1e-20
8097.623637 2.87613743e-16 1e-20
8098.604098 2.837085505e-16 1e-20
8099.584558 2.818054528e-16 1e-20
8100.565019 2.826475094e-16 1e-20
8101.545479 2.885527849e-16 1e-20
8102.52594 2.964436644e-16 1e-20
8103.506401 3.042498671e-16 1e-20
8104.486861 3.104721712e-16 1e-20
8105.467322 3.12391389e-16 1e-20
8106.447782 3.078002057e-16 1e-20
8107.428243 3.003817059e-16 1e-20
8108.408703 2.913370087e-16 1e-20
8109.389164 2.818816858e-16 1e-20
8110.369624 2.752125189e-16 1e-20
8111.350085 2.707466436e-16 1e-20
8112.330545 2.667647682e-16 1e-20
8113.311006 2.627637286e-16 1e-20
8114.291467 2.579545932e-16 1e-20
8115.271927 2.505400903e-16 1e-20
8116.252388 2.424307557e-16 1e-20
8117.232848 2.346322557e-16 1e-20
8118.213309 2.278689358e-16 1e-20
8119.193769 2.232065488e-16 1e-20
8120.17423 2.214101375e-16 1e-20
8121.15469 2.2199238e-16 1e-20
8122.135151 2.249290962e-16 1e-20
8123.115611 2.300994912e-16 1e-20
8124.096072 2.381280665e-16 1e-20
8125.076533 2.4775809e-16 1e-20
8126.056993 2.574875604e-16 1e-20
8127.037454 2.663089321e-16 1e-20
8128.017914 2.728193597e-16 1e-20
8128.998375 2.745479686e-16 1e-20
8129.978835 2.742496277e-16 1e-20
8130.959296 2.731816515e-16 1e-20
8131.939756 2.722967933e-16 1e-20
8132.920217 2.740497015e-16 1e-20
8133.900677 2.792183495e-16 1e-20
8134.881138 2.846628655e-16 1e-20
8135.861599 2.893552427e-16 1e-20
8136.842059 2.921791182e-16 1e-20
8137.82252 2.89896285e-16 1e-20
8138.80298 2.844361254e-16 1e-20
8139.783441 2.778283684e-16 1e-20
8140.763901 2.711602074e-16 1e-20
8141.744362 2.660130794e-16 1e-20
8142.724822 2.645753998e-16 1e-20
8143.705283 2.650412943e-16 1e-20
8144.685743 2.668681856e-16 1e-20
8145.666204 2.695906024e-16 1e-20
8146.646665 2.725726084e-16 1e-20
8147.627125 2.752846755e-16 1e-20
8148.607586 2.773979433e-16 1e-20
8149.588046 2.785375732e-16 1e-20
8150.568507 2.783105155e-16 1e-20
8151.548967 2.750471093e-16 1e-20
8152.529428 2.70616227e-16 1e-20
8153.509888 2.665826296e-16 1e-20
8154.490349 2.639191874e-16 1e-20
8155.470809 2.645501476e-16 1e-20
8156.45127 2.709337055e-16 1e-20
8157.431731 2.786325997e-16 1e-20
8158.412191 2.858473617e-16 1e-20
8159.392652 2.910795901e-16 1e-20
8160.373112 2.896215817e-16 1e-20
8161.353573 2.822346867e-16 1e-20
8162.334033 2.73843449e-16 1e-20
8163.314494 2.664516307e-16 1e-20
8164.294954 2.625019425e-16 1e-20
8165.275415 2.679785664e-16 1e-20
8166.255875 2.782207829e-16 1e-20
8167.236336 2.901172283e-16 1e-20
8168.216797 3.017198591e-16 1e-20
8169.197257 3.097700867e-16 1e-20
8170.177718 3.110726646e-16 1e-20
8171.158178 3.092411411e-16 1e-20
8172.138639 3.052125466e-16 1e-20
8173.119099 2.999552248e-16 1e-20
8174.09956 2.950383309e-16 1e-20
8175.08002 2.91175596e-16 1e-20
8176.060481 2.886549053e-16 1e-20
8177.040941 2.880054163e-16 1e-20
8178.021402 2.897908294e-16 1e-20
8179.001862 2.953512302e-16 1e-20
8179.982323 3.028376779e-16 1e-20
8180.962784 3.109648796e-16 1e-20
8181.943244 3.18665415e-16 1e-20
8182.923705 3.247293768e-16 1e-20
8183.904165 3.280651514e-16 1e-20
8184.884626 3.28193768e-16 1e-20
8185.865086 3.246148685e-16 1e-20
8186.845547 3.170422087e-16 1e-20
8187.826007 3.029965231e-16 1e-20
8188.806468 2.850627974e-16 1e-20
8189.786928 2.669789616e-16 1e-20
8190.767389 2.510390192e-16 1e-20
8191.74785 2.401232262e-16 1e-20
8192.72831 2.391631408e-16 1e-20
8193.708771 2.441009458e-16 1e-20
8194.689231 2.530274555e-16 1e-20
8195.669692 2.644300277e-16 1e-20
8196.650152 2.759225178e-16 1e-20
8197.630613 2.856809197e-16 1e-20
8198.611073 2.940588696e-16 1e-20
8199.591534 3.004116962e-16 1e-20
8200.571994 3.04222365e-16 1e-20
8201.552455 3.042765751e-16 1e-20
8202.532916 3.014232388e-16 1e-20
8203.513376 2.967798042e-16 1e-20
8204.493837 2.911234505e-16 1e-20
8205.474297 2.854715702e-16 1e-20
8206.454758 2.812153355e-16 1e-20
8207.435218 2.779350416e-16 1e-20
8208.415679 2.757318295e-16 1e-20
8209.396139 2.747278308e-16 1e-20
8210.3766 2.751338772e-16 1e-20
8211.35706 2.76906426e-16 1e-20
8212.337521 2.79590144e-16 1e-20
8213.317982 2.82919857e-16 1e-20
8214.298442 2.865896537e-16 1e-20
8215.278903 2.897113936e-16 1e-20
8216.259363 2.928261455e-16 1e-20
8217.239824 2.964275708e-16 1e-20
8218.220284 3.007456654e-16 1e-20
8219.200745 3.061462945e-16 1e-20
8220.181205 3.131284665e-16 1e-20
8221.161666 3.209116934e-16 1e-20
8222.142126 3.291006227e-16 1e-20
8223.122587 3.372977311e-16 1e-20
8224.103048 3.453380325e-16 1e-20
8225.083508 3.526523473e-16 1e-20
8226.063969 3.58271458e-16 1e-20
8227.044429 3.61584098e-16 1e-20
8228.02489 3.619780212e-16 1e-20
8229.00535 3.578565442e-16 1e-20
8229.985811 3.506873897e-16 1e-20
8230.966271 3.416835353e-16 1e-20
8231.946732 3.317274307e-16 1e-20
8232.927192 3.21956535e-16 1e-20
8233.907653 3.135673619e-16 1e-20
8234.888114 3.063642467e-16 1e-20
8235.868574 3.005734795e-16 1e-20
8236.849035 2.963265886e-16 1e-20
8237.829495 2.947021647e-16 1e-20
8238.809956 2.948894119e-16 1e-20
8239.790416 2.949456602e-16 1e-20
8240.770877 2.938417645e-16 1e-20
8241.751337 2.90322925e-16 1e-20
8242.731798 2.812033977e-16 1e-20
8243.712258 2.695955523e-16 1e-20
8244.692719 2.575576524e-16 1e-20
8245.67318 2.465131633e-16 1e-20
8246.65364 2.388314215e-16 1e-20
8247.634101 2.366174362e-16 1e-20
8248.614561 2.373824658e-16 1e-20
8249.595022 2.404890915e-16 1e-20
8250.575482 2.452458432e-16 1e-20
8251.555943 2.505681747e-16 1e-20
8252.536403 2.559328314e-16 1e-20
8253.516864 2.610538073e-16 1e-20
8254.497324 2.65523812e-16 1e-20
8255.477785 2.687840153e-16 1e-20
8256.458246 2.692458865e-16 1e-20
8257.438706 2.69303723e-16 1e-20
8258.419167 2.704026953e-16 1e-20
8259.399627 2.735909008e-16 1e-20
8260.380088 2.810114918e-16 1e-20
8261.360548 2.938993628e-16 1e-20
8262.341009 3.089745375e-16 1e-20
8263.321469 3.249297001e-16 1e-20
8264.30193 3.403843985e-16 1e-20
8265.28239 3.530050836e-16 1e-20
8266.262851 3.623625213e-16 1e-20
8267.243312 3.684128247e-16 1e-20
8268.223772 3.707524355e-16 1e-20
8269.204233 3.690732192e-16 1e-20
8270.184693 3.630292685e-16 1e-20
8271.165154 3.532961453e-16 1e-20
8272.145614 3.404510495e-16 1e-20
8273.126075 3.251569961e-16 1e-20
8274.106535 3.078934588e-16 1e-20
8275.086996 2.894906357e-16 1e-20
8276.067456 2.715456074e-16 1e-20
8277.047917 2.551923129e-16 1e-20
8278.028377 2.415216246e-16 1e-20
8279.008838 2.323873272e-16 1e-20
8279.989299 2.274155085e-16 1e-20
8280.969759 2.259897932e-16 1e-20
8281.95022 2.27721155e-16 1e-20
8282.93068 2.323142177e-16 1e-20
8283.911141 2.397864512e-16 1e-20
8284.891601 2.4777691e-16 1e-20
8285.872062 2.547700934e-16 1e-20
8286.852522 2.595232982e-16 1e-20
8287.832983 2.588225108e-16 1e-20
8288.813443 2.524393764e-16 1e-20
8289.793904 2.445416412e-16 1e-20
8290.774365 2.368416882e-16 1e-20
8291.754825 2.312738759e-16 1e-20
8292.735286 2.323864802e-16 1e-20
8293.715746 2.378680804e-16 1e-20
8294.696207 2.457313519e-16 1e-20
8295.676667 2.549240681e-16 1e-20
8296.657128 2.639236873e-16 1e-20
8297.637588 2.7090128e-16 1e-20
8298.618049 2.765434988e-16 1e-20
8299.598509 2.806876869e-16 1e-20
8300.57897 2.832089335e-16 1e-20
8301.559431 2.834280768e-16 1e-20
8302.539891 2.818158554e-16 1e-20
8303.520352 2.798077256e-16 1e-20
8304.500812 2.782092156e-16 1e-20
8305.481273 2.779236067e-16 1e-20
8306.461733 2.809143212e-16 1e-20
8307.442194 2.858803166e-16 1e-20
8308.422654 2.918808568e-16 1e-20
8309.403115 2.982777555e-16 1e-20
8310.383575 3.043276883e-16 1e-20
8311.364036 3.092602523e-16 1e-20
8312.344497 3.125615368e-16 1e-20
8313.324957 3.137121251e-16 1e-20
8314.305418 3.123171413e-16 1e-20
8315.285878 3.071581283e-16 1e-20
8316.266339 2.988736167e-16 1e-20
8317.246799 2.890706661e-16 1e-20
8318.22726 2.787333702e-16 1e-20
8319.20772 2.689101967e-16 1e-20
8320.188181 2.606236205e-16 1e-20
8321.168641 2.54850641e-16 1e-20
8322.149102 2.524063421e-16 1e-20
8323.129563 2.53874409e-16 1e-20
8324.110023 2.608302436e-16 1e-20
8325.090484 2.741729713e-16 1e-20
8326.070944 2.894348638e-16 1e-20
8327.051405 3.044749132e-16 1e-20
8328.031865 3.17235941e-16 1e-20
8329.012326 3.228647926e-16 1e-20
8329.992786 3.223712106e-16 1e-20
8330.973247 3.18442513e-16 1e-20
8331.953707 3.121660253e-16 1e-20
8332.934168 3.050609806e-16 1e-20
8333.914629 2.997144822e-16 1e-20
8334.895089 2.950653301e-16 1e-20
8335.87555 2.909771785e-16 1e-20
8336.85601 2.875275309e-16 1e-20
8337.836471 2.846509806e-16 1e-20
8338.816931 2.822680651e-16 1e-20
8339.797392 2.804535882e-16 1e-20
8340.777852 2.791422753e-16 1e-20
8341.758313 2.782415881e-16 1e-20
8342.738773 2.775596737e-16 1e-20
8343.719234 2.770624124e-16 1e-20
8344.699695 2.767219581e-16 1e-20
8345.680155 2.764604102e-16 1e-20
8346.660616 2.763257055e-16 1e-20
8347.641076 2.766611305e-16 1e-20
8348.621537 2.765799477e-16 1e-20
8349.601997 2.756662374e-16 1e-20
8350.582458 2.736889449e-16 1e-20
8351.562918 2.69127646e-16 1e-20
8352.543379 2.620868964e-16 1e-20
8353.523839 2.560273021e-16 1e-20
8354.5043 2.524611875e-16 1e-20
8355.484761 2.529195117e-16 1e-20
8356.465221 2.620087311e-16 1e-20
8357.445682 2.763684807e-16 1e-20
8358.426142 2.925495628e-16 1e-20
8359.406603 3.084269042e-16 1e-20
8360.387063 3.213020962e-16 1e-20
8361.367524 3.279252056e-16 1e-20
8362.347984 3.294961606e-16 1e-20
8363.328445 3.260130288e-16 1e-20
8364.308905 3.176679543e-16 1e-20
8365.289366 3.029791854e-16 1e-20
8366.269827 2.835052362e-16 1e-20
8367.250287 2.643622916e-16 1e-20
8368.230748 2.484200992e-16 1e-20
8369.211208 2.387498417e-16 1e-20
8370.191669 2.427365875e-16 1e-20
8371.172129 2.554151619e-16 1e-20
8372.15259 2.727225862e-16 1e-20
8373.13305 2.921122556e-16 1e-20
8374.113511 3.097772336e-16 1e-20
8375.093971 3.213407156e-16 1e-20
8376.074432 3.296840696e-16 1e-20
8377.054892 3.350797488e-16 1e-20
8378.035353 3.378299854e-16 1e-20
8379.015814 3.380938626e-16 1e-20
8379.996274 3.367471597e-16 1e-20
8380.976735 3.351249857e-16 1e-20
8381.957195 3.34221228e-16 1e-20
8382.937656 3.351968776e-16 1e-20
8383.918116 3.409727953e-16 1e-20
8384.898577 3.488444577e-16 1e-20
8385.879037 3.569656244e-16 1e-20
8386.859498 3.640889862e-16 1e-20
8387.839958 3.681493709e-16 1e-20
8388.820419 3.672250992e-16 1e-20
8389.80088 3.635599876e-16 1e-20
8390.78134 3.577707292e-16 1e-20
8391.761801 3.505270622e-16 1e-20
8392.742261 3.428116773e-16 1e-20
8393.722722 3.352468261e-16 1e-20
8394.703182 3.282823359e-16 1e-20
8395.683643 3.224696252e-16 1e-20
8396.664103 3.183975938e-16 1e-20
8397.644564 3.171556582e-16 1e-20
8398.625024 3.177281201e-16 1e-20
8399.605485 3.194801019e-16 1e-20
8400.585946 3.218894341e-16 1e-20
8401.566406 3.242551972e-16 1e-20
8402.546867 3.259530218e-16 1e-20
8403.527327 3.269231127e-16 1e-20
8404.507788 3.269178717e-16 1e-20
8405.488248 3.257575689e-16 1e-20
8406.468709 3.225024742e-16 1e-20
8407.449169 3.179891915e-16 1e-20
8408.42963 3.134178077e-16 1e-20
8409.41009 3.094942452e-16 1e-20
8410.390551 3.072072033e-16 1e-20
8411.371012 3.084426273e-16 1e-20
8412.351472 3.112071575e-16 1e-20
8413.331933 3.145461349e-16 1e-20
8414.312393 3.177578986e-16 1e-20
8415.292854 3.192136306e-16 1e-20
8416.273314 3.181845914e-16 1e-20
8417.253775 3.167175039e-16 1e-20
8418.234235 3.154500515e-16 1e-20
8419.214696 3.150552812e-16 1e-20
8420.195156 3.173285852e-16 1e-20
8421.175617 3.214371715e-16 1e-20
8422.156078 3.263435304e-16 1e-20
8423.136538 3.315050845e-16 1e-20
8424.116999 3.362610157e-16 1e-20
8425.097459 3.398247215e-16 1e-20
8426.07792 3.4204948e-16 1e-20
8427.05838 3.426486235e-16 1e-20
8428.038841 3.413971323e-16 1e-20
8429.019301 3.375758755e-16 1e-20
8429.999762 3.312775503e-16 1e-20
8430.980222 3.239121753e-16 1e-20
8431.960683 3.161843496e-16 1e-20
8432.941144 3.088832168e-16 1e-20
8433.921604 3.041578317e-16 1e-20
8434.902065 3.007729557e-16 1e-20
8435.882525 2.97657145e-16 1e-20
8436.862986 2.943452197e-16 1e-20
8437.843446 2.895933649e-16 1e-20
8438.823907 2.814357494e-16 1e-20
8439.804367 2.738603102e-16 1e-20
8440.784828 2.685772863e-16 1e-20
8441.765288 2.669163871e-16 1e-20
8442.745749 2.730978218e-16 1e-20
8443.72621 2.865155648e-16 1e-20
8444.70667 3.018681164e-16 1e-20
8445.687131 3.168274594e-16 1e-20
8446.667591 3.286931998e-16 1e-20
8447.648052 3.315908466e-16 1e-20
8448.628512 3.287661505e-16 1e-20
8449.608973 3.224899805e-16 1e-20
8450.589433 3.140287037e-16 1e-20
8451.569894 3.055074993e-16 1e-20
8452.550354 2.992951744e-16 1e-20
8453.530815 2.936817547e-16 1e-20
8454.511276 2.885842045e-16 1e-20
8455.491736 2.839499814e-16 1e-20
8456.472197 2.79217423e-16 1e-20
8457.452657 2.745230606e-16 1e-20
8458.433118 2.703696875e-16 1e-20
8459.413578 2.668739825e-16 1e-20
8460.394039 2.642309485e-16 1e-20
8461.374499 2.633139824e-16 1e-20
8462.35496 2.62829956e-16 1e-20
8463.33542 2.619445154e-16 1e-20
8464.315881 2.601257504e-16 1e-20
8465.296341 2.559704715e-16 1e-20
8466.276802 2.484172934e-16 1e-20
8467.257263 2.407624713e-16 1e-20
8468.237723 2.343627139e-16 1e-20
8469.218184 2.304559333e-16 1e-20
8470.198644 2.325065471e-16 1e-20
8471.179105 2.393504145e-16 1e-20
8472.159565 2.48313373e-16 1e-20
8473.140026 2.581002299e-16 1e-20
8474.120486 2.67159512e-16 1e-20
8475.100947 2.732181798e-16 1e-20
8476.081407 2.766809829e-16 1e-20
8477.061868 2.774572886e-16 1e-20
8478.042329 2.754595878e-16 1e-20
8479.022789 2.698494239e-16 1e-20
8480.00325 2.606136678e-16 1e-20
8480.98371 2.511185873e-16 1e-20
8481.964171 2.4307998e-16 1e-20
8482.944631 2.381629008e-16 1e-20
8483.925092 2.408051406e-16 1e-20
8484.905552 2.490477241e-16 1e-20
8485.886013 2.599192332e-16 1e-20
8486.866473 2.718926792e-16 1e-20
8487.846934 2.828815023e-16 1e-20
8488.827395 2.896687243e-16 1e-20
8489.807855 2.940332998e-16 1e-20
8490.788316 2.963765106e-16 1e-20
8491.768776 2.969273997e-16 1e-20
8492.749237 2.962625317e-16 1e-20
8493.729697 2.94816673e-16 1e-20
8494.710158 2.92507317e-16 1e-20
8495.690618 2.896093791e-16 1e-20
8496.671079 2.864062446e-16 1e-20
8497.651539 2.82978514e-16 1e-20
8498.632 2.798555565e-16 1e-20
8499.612461 2.775267982e-16 1e-20
8500.592921 2.763260231e-16 1e-20
8501.573382 2.767508102e-16 1e-20
8502.553842 2.795662418e-16 1e-20
8503.534303 2.834174624e-16 1e-20
8504.514763 2.876099314e-16 1e-20
8505.495224 2.915194384e-16 1e-20
8506.475684 2.941541609e-16 1e-20
8507.456145 2.950778767e-16 1e-20
8508.436605 2.946316227e-16 1e-20
8509.417066 2.928236838e-16 1e-20
8510.397527 2.897152318e-16 1e-20
8511.377987 2.847468806e-16 1e-20
8512.358448 2.792115997e-16 1e-20
8513.338908 2.742634185e-16 1e-20
8514.319369 2.707329852e-16 1e-20
8515.299829 2.698162838e-16 1e-20
8516.28029 2.728884723e-16 1e-20
8517.26075 2.7819876e-16 1e-20
8518.241211 2.8501674e-16 1e-20
8519.221671 2.925884734e-16 1e-20
8520.202132 3.002574568e-16 1e-20
8521.182593 3.070882745e-16 1e-20
8522.163053 3.119975981e-16 1e-20
8523.143514 3.141776227e-16 1e-20
8524.123974 3.127552955e-16 1e-20
8525.104435 3.051719684e-16 1e-20
8526.084895 2.942993476e-16 1e-20
8527.065356 2.822715327e-16 1e-20
8528.045816 2.705939924e-16 1e-20
8529.026277 2.618973992e-16 1e-20
8530.006737 2.587717418e-16 1e-20
8530.987198 2.577326176e-16 1e-20
8531.967659 2.57758108e-16 1e-20
8532.948119 2.579036653e-16 1e-20
8533.92858 2.550153624e-16 1e-20
8534.90904 2.499088655e-16 1e-20
8535.889501 2.451726807e-16 1e-20
8536.869961 2.417852372e-16 1e-20
8537.850422 2.41061024e-16 1e-20
8538.830882 2.461768383e-16 1e-20
8539.811343 2.539264486e-16 1e-20
8540.791803 2.624229037e-16 1e-20
8541.772264 2.703478234e-16 1e-20
8542.752725 2.75308313e-16 1e-20
8543.733185 2.754781432e-16 1e-20
8544.713646 2.735720014e-16 1e-20
8545.694106 2.703294004e-16 1e-20
8546.674567 2.665302194e-16 1e-20
8547.655027 2.639276578e-16 1e-20
8548.635488 2.623918282e-16 1e-20
8549.615948 2.6131382e-16 1e-20
8550.596409 2.605652546e-16 1e-20
8551.576869 2.60078343e-16 1e-20
8552.55733 2.602160388e-16 1e-20
8553.537791 2.595325626e-16 1e-20
8554.518251 2.57138874e-16 1e-20
8555.498712 2.52405548e-16 1e-20
8556.479172 2.434477246e-16 1e-20
8557.459633 2.297052768e-16 1e-20
8558.440093 2.150457702e-16 1e-20
8559.420554 2.011591547e-16 1e-20
8560.401014 1.897597986e-16 1e-20
8561.381475 1.849990631e-16 1e-20
8562.361935 1.853160917e-16 1e-20
8563.342396 1.885331096e-16 1e-20
8564.322856 1.936077766e-16 1e-20
8565.303317 1.990580366e-16 1e-20
8566.283778 2.027084971e-16 1e-20
8567.264238 2.055439796e-16 1e-20
8568.244699 2.076029976e-16 1e-20
8569.225159 2.088348085e-16 1e-20
8570.20562 2.09195843e-16 1e-20
8571.18608 2.088009536e-16 1e-20
8572.166541 2.079889005e-16 1e-20
8573.147001 2.070169831e-16 1e-20
8574.127462 2.061386497e-16 1e-20
8575.107922 2.05590712e-16 1e-20
8576.088383 2.055188068e-16 1e-20
8577.068844 2.059834573e-16 1e-20
8578.049304 2.069378914e-16 1e-20
8579.029765 2.088589754e-16 1e-20
8580.010225 2.128592605e-16 1e-20
8580.990686 2.152517183e-16 1e-20
8581.971146 2.142080546e-16 1e-20
8582.951607 2.083366869e-16 1e-20
8583.932067 1.930377499e-16 1e-20
8584.912528 1.689910669e-16 1e-20
8585.892988 1.426669637e-16 1e-20
8586.873449 1.169837468e-16 1e-20
8587.85391 9.523165618e-17 1e-20
8588.83437 8.429386017e-17 1e-20
