3374.8087 -6.92382e-17 1e-20
3375.5033 5.83839e-17 1e-20
3376.1979 4.22672e-18 1e-20
3376.8924 -1.78548e-17 1e-20
3377.587 -3.67383e-17 1e-20
3378.2816 2.0256e-16 1e-20
3378.9762 1.69658e-17 1e-20
3379.6708 -4.02453e-17 1e-20
3380.3654 1.02317e-16 1e-20
3381.06 5.83422e-17 1e-20
3381.7546 1.22348e-16 1e-20
3382.4491 1.51633e-16 1e-20
3383.1437 8.24858e-18 1e-20
3383.8383 -5.07659e-17 1e-20
3384.5329 -1.03855e-16 1e-20
3385.2275 -1.01591e-16 1e-20
3385.9221 -1.10791e-16 1e-20
3386.6167 -1.22617e-16 1e-20
3387.3113 -1.27336e-16 1e-20
3388.0058 -1.37725e-16 1e-20
3388.7004 -8.77949e-17 1e-20
3389.395 -6.60104e-17 1e-20
3390.0896 -8.83663e-17 1e-20
3390.7842 2.30534e-17 1e-20
3391.4788 -6.13745e-17 1e-20
3392.1734 4.46173e-17 1e-20
3392.868 -1.69496e-16 1e-20
3393.5625 6.13443e-17 1e-20
3394.2571 2.72402e-16 1e-20
3394.9517 1.09871e-16 1e-20
3395.6463 6.88848e-17 1e-20
3396.3409 1.91958e-16 1e-20
3397.0355 2.10341e-16 1e-20
3397.7301 -1.33608e-16 1e-20
3398.4247 -4.8591e-18 1e-20
3399.1192 2.18182e-16 1e-20
3399.8138 3.15323e-16 1e-20
3400.5084 1.14724e-16 1e-20
3401.203 9.5144e-17 1e-20
3401.8976 3.49179e-16 1e-20
3402.5922 1.38736e-16 1e-20
3403.2868 -7.9809e-17 1e-20
3403.9814 1.11609e-17 1e-20
3404.6759 6.65811e-17 1e-20
3405.3705 -4.18585e-17 1e-20
3406.0651 -1.83614e-17 1e-20
3406.7597 -1.08155e-16 1e-20
3407.4543 1.97783e-16 1e-20
3408.1489 1.75264e-16 1e-20
3408.8435 -5.00323e-17 1e-20
3409.5381 3.46911e-17 1e-20
3410.2327 2.00267e-16 1e-20
3410.9272 1.5076e-16 1e-20
3411.6218 1.86618e-16 1e-20
3412.3164 1.45079e-16 1e-20
3413.011 8.03641e-17 1e-20
3413.7056 9.86378e-17 1e-20
3414.4002 -9.00461e-17 1e-20
3415.0948 -2.64742e-17 1e-20
3415.7893 9.37215e-17 1e-20
3416.4839 2.48739e-17 1e-20
3417.1785 -7.67333e-17 1e-20
3417.8731 8.95221e-17 1e-20
3418.5677 8.40519e-17 1e-20
3419.2623 9.13608e-17 1e-20
3419.9569 1.03489e-16 1e-20
3420.6515 1.1227e-16 1e-20
3421.346 1.19366e-16 1e-20
3422.0406 1.36273e-16 1e-20
3422.7352 2.11753e-16 1e-20
3423.4298 1.9646e-16 1e-20
3424.1244 8.81315e-17 1e-20
3424.819 2.07256e-16 1e-20
3425.5136 1.62397e-16 1e-20
3426.2082 6.60621e-17 1e-20
3426.9027 1.33326e-16 1e-20
3427.5973 2.37986e-16 1e-20
3428.2919 1.1974e-17 1e-20
3428.9865 8.81742e-17 1e-20
3429.6811 1.83697e-16 1e-20
3430.3757 1.10066e-16 1e-20
3431.0703 9.94865e-17 1e-20
3431.7649 2.21049e-16 1e-20
3432.4595 1.30322e-16 1e-20
3433.154 8.92722e-17 1e-20
3433.8486 1.85734e-16 1e-20
3434.5432 1.41349e-16 1e-20
3435.2378 -2.13417e-17 1e-20
3435.9324 1.44071e-17 1e-20
3436.627 1.44708e-16 1e-20
3437.3216 1.82816e-16 1e-20
3438.0162 1.53446e-16 1e-20
3438.7107 1.32878e-16 1e-20
3439.4053 1.589e-17 1e-20
3440.0999 2.62649e-16 1e-20
3440.7945 1.01857e-16 1e-20
3441.4891 7.55102e-17 1e-20
3442.1837 5.83626e-17 1e-20
3442.8783 1.09916e-16 1e-20
3443.5728 1.22884e-16 1e-20
3444.2674 2.35136e-16 1e-20
3444.962 2.99839e-16 1e-20
3445.6566 3.03842e-16 1e-20
3446.3512 2.74466e-16 1e-20
3447.0458 3.08291e-16 1e-20
3447.7404 1.8095e-16 1e-20
3448.435 5.72978e-17 1e-20
3449.1295 1.48596e-16 1e-20
3449.8241 4.84466e-17 1e-20
3450.5187 -4.2766e-17 1e-20
3451.2133 1.45537e-16 1e-20
3451.9079 2.12978e-16 1e-20
3452.6025 6.07521e-17 1e-20
3453.2971 3.64375e-17 1e-20
3453.9917 2.05645e-16 1e-20
3454.6863 1.1775e-16 1e-20
3455.3808 1.18038e-16 1e-20
3456.0754 5.48257e-17 1e-20
3456.77 1.33382e-16 1e-20
3457.4646 3.0955e-16 1e-20
3458.1592 1.33957e-16 1e-20
3458.8538 3.80772e-17 1e-20
3459.5484 6.49515e-18 1e-20
3460.243 2.074e-16 1e-20
3460.9375 2.4098e-16 1e-20
3461.6321 2.06362e-16 1e-20
3462.3267 2.97302e-16 1e-20
3463.0213 1.53886e-16 1e-20
3463.7159 4.48553e-17 1e-20
3464.4105 2.69367e-17 1e-20
3465.1051 9.53762e-17 1e-20
3465.7996 2.57343e-16 1e-20
3466.4942 1.73942e-16 1e-20
3467.1888 6.23169e-17 1e-20
3467.8834 2.52172e-17 1e-20
3468.578 6.02181e-17 1e-20
3469.2726 6.49499e-17 1e-20
3469.9672 1.26693e-16 1e-20
3470.6618 1.21833e-16 1e-20
3471.3564 -7.32337e-17 1e-20
3472.0509 2.52731e-18 1e-20
3472.7455 5.68798e-17 1e-20
3473.4401 2.64354e-17 1e-20
3474.1347 7.33796e-17 1e-20
3474.8293 1.75316e-16 1e-20
3475.5239 2.08698e-16 1e-20
3476.2185 2.72493e-16 1e-20
3476.9131 2.52969e-16 1e-20
3477.6076 1.9727e-16 1e-20
3478.3022 9.58333e-17 1e-20
3478.9968 2.78761e-17 1e-20
3479.6914 8.16281e-17 1e-20
3480.386 1.17008e-16 1e-20
3481.0806 2.71307e-16 1e-20
3481.7752 1.37314e-16 1e-20
3482.4698 1.51991e-16 1e-20
3483.1643 9.28513e-17 1e-20
3483.8589 5.58694e-17 1e-20
3484.5535 8.42173e-17 1e-20
3485.2481 4.54386e-17 1e-20
3485.9427 2.47424e-16 1e-20
3486.6373 1.64075e-16 1e-20
3487.3319 7.33335e-17 1e-20
3488.0264 1.02427e-16 1e-20
3488.721 1.15705e-16 1e-20
3489.4156 1.42815e-17 1e-20
3490.1102 -2.2395e-17 1e-20
3490.8048 1.38666e-16 1e-20
3491.4994 1.69426e-16 1e-20
3492.194 1.41607e-16 1e-20
3492.8886 6.5081e-17 1e-20
3493.5832 1.66039e-16 1e-20
3494.2777 1.13118e-16 1e-20
3494.9723 1.45252e-16 1e-20
3495.6669 2.6439e-16 1e-20
3496.3615 6.24754e-17 1e-20
3497.0561 2.38258e-16 1e-20
3497.7507 1.77491e-16 1e-20
3498.4453 6.17667e-17 1e-20
3499.1399 1.23389e-16 1e-20
3499.8344 1.48993e-16 1e-20
3500.529 1.04763e-16 1e-20
3501.2236 1.85963e-16 1e-20
3501.9182 1.40896e-16 1e-20
3502.6128 1.33176e-16 1e-20
3503.3074 1.93832e-17 1e-20
3504.002 9.23287e-17 1e-20
3504.6966 3.51226e-16 1e-20
3505.3911 2.3083e-16 1e-20
3506.0857 9.06219e-17 1e-20
3506.7803 1.05839e-16 1e-20
3507.4749 2.43991e-16 1e-20
3508.1695 1.8733e-16 1e-20
3508.8641 1.69717e-16 1e-20
3509.5587 9.64512e-17 1e-20
3510.2533 6.87932e-17 1e-20
3510.9478 5.42702e-17 1e-20
3511.6424 1.83809e-16 1e-20
3512.337 1.93997e-16 1e-20
3513.0316 1.837e-16 1e-20
3513.7262 1.64031e-16 1e-20
3514.4208 4.66428e-17 1e-20
3515.1154 4.93733e-19 1e-20
3515.81 1.59651e-17 1e-20
3516.5045 1.27633e-16 1e-20
3517.1991 1.34227e-16 1e-20
3517.8937 5.15015e-17 1e-20
3518.5883 6.36887e-17 1e-20
3519.2829 9.68621e-17 1e-20
3519.9775 1.41236e-16 1e-20
3520.6721 3.39202e-16 1e-20
3521.3667 2.1284e-16 1e-20
3522.0612 6.64096e-17 1e-20
3522.7558 1.64704e-16 1e-20
3523.4504 2.36819e-16 1e-20
3524.145 2.64405e-16 1e-20
3524.8396 1.83659e-16 1e-20
3525.5342 1.61541e-16 1e-20
3526.2288 6.02605e-17 1e-20
3526.9234 1.07593e-16 1e-20
3527.6179 1.62354e-17 1e-20
3528.3125 -4.51683e-17 1e-20
3529.0071 3.78514e-17 1e-20
3529.7017 1.36743e-16 1e-20
3530.3963 2.83323e-17 1e-20
3531.0909 -8.81317e-18 1e-20
3531.7855 8.85069e-17 1e-20
3532.4801 1.68669e-16 1e-20
3533.1746 2.52409e-16 1e-20
3533.8692 1.85223e-16 1e-20
3534.5638 1.56483e-16 1e-20
3535.2584 1.19036e-16 1e-20
3535.953 1.14459e-16 1e-20
3536.6476 1.67763e-16 1e-20
3537.3422 1.83826e-16 1e-20
3538.0368 2.31378e-16 1e-20
3538.7313 2.76825e-16 1e-20
3539.4259 1.50687e-16 1e-20
3540.1205 3.71762e-16 1e-20
3540.8151 3.2493e-16 1e-20
3541.5097 2.41854e-16 1e-20
3542.2043 2.06899e-16 1e-20
3542.8989 1.9498e-16 1e-20
3543.5935 1.9571e-16 1e-20
3544.288 1.56644e-16 1e-20
3544.9826 1.27114e-16 1e-20
3545.6772 6.96829e-17 1e-20
3546.3718 1.1597e-16 1e-20
3547.0664 1.03172e-16 1e-20
3547.761 2.16349e-16 1e-20
3548.4556 1.0255e-16 1e-20
3549.1502 1.98584e-16 1e-20
3549.8447 2.16872e-16 1e-20
3550.5393 1.12055e-16 1e-20
3551.2339 1.85838e-16 1e-20
3551.9285 1.31398e-16 1e-20
3552.6231 1.20177e-16 1e-20
3553.3177 1.69669e-16 1e-20
3554.0123 2.13517e-16 1e-20
3554.7069 1.17579e-16 1e-20
3555.4014 6.9031e-17 1e-20
3556.096 8.6065e-17 1e-20
3556.7906 2.62302e-16 1e-20
3557.4852 9.32836e-17 1e-20
3558.1798 -1.97996e-17 1e-20
3558.8744 2.80538e-17 1e-20
3559.569 6.17746e-17 1e-20
3560.2636 3.32342e-17 1e-20
3560.9581 6.78329e-17 1e-20
3561.6527 1.06423e-16 1e-20
3562.3473 1.26507e-16 1e-20
3563.0419 1.76335e-16 1e-20
3563.7365 1.997e-16 1e-20
3564.4311 2.54553e-16 1e-20
3565.1257 1.52511e-16 1e-20
3565.8203 9.66337e-17 1e-20
3566.5148 7.10275e-17 1e-20
3567.2094 1.31546e-16 1e-20
3567.904 2.28799e-16 1e-20
3568.5986 1.83041e-16 1e-20
3569.2932 1.05131e-16 1e-20
3569.9878 1.38246e-16 1e-20
3570.6824 4.778e-17 1e-20
3571.377 6.11965e-17 1e-20
3572.0715 4.87305e-17 1e-20
3572.7661 1.51769e-16 1e-20
3573.4607 6.94484e-17 1e-20
3574.1553 8.60295e-17 1e-20
3574.8499 1.53888e-16 1e-20
3575.5445 2.24368e-16 1e-20
3576.2391 1.53841e-16 1e-20
3576.9337 1.14811e-16 1e-20
3577.6283 1.31345e-16 1e-20
3578.3228 -4.68304e-18 1e-20
3579.0174 2.52882e-17 1e-20
3579.712 9.85878e-17 1e-20
3580.4066 2.05552e-16 1e-20
3581.1012 1.28707e-16 1e-20
3581.7958 4.85341e-17 1e-20
3582.4904 8.91804e-17 1e-20
3583.1849 1.06459e-16 1e-20
3583.8795 9.2201e-17 1e-20
3584.5741 7.47143e-17 1e-20
3585.2687 1.39311e-16 1e-20
3585.9633 2.05022e-16 1e-20
3586.6579 1.74817e-16 1e-20
3587.3525 1.55346e-16 1e-20
3588.0471 1.60145e-16 1e-20
3588.7416 9.92049e-17 1e-20
3589.4362 1.99388e-16 1e-20
3590.1308 2.1997e-16 1e-20
3590.8254 8.62176e-17 1e-20
3591.52 1.33372e-16 1e-20
3592.2146 1.35637e-16 1e-20
3592.9092 1.3759e-16 1e-20
3593.6038 5.0849e-17 1e-20
3594.2984 1.24002e-17 1e-20
3594.9929 8.79155e-17 1e-20
3595.6875 9.77342e-17 1e-20
3596.3821 9.54153e-17 1e-20
3597.0767 1.59212e-16 1e-20
3597.7713 1.21131e-16 1e-20
3598.4659 1.6064e-16 1e-20
3599.1605 2.5384e-16 1e-20
3599.8551 1.27741e-16 1e-20
3600.5496 8.20724e-17 1e-20
3601.2442 1.61593e-16 1e-20
3601.9388 2.5083e-16 1e-20
3602.6334 1.69021e-16 1e-20
3603.328 1.95809e-16 1e-20
3604.0226 2.19747e-16 1e-20
3604.7172 2.22686e-16 1e-20
3605.4117 1.85774e-16 1e-20
3606.1063 1.79284e-16 1e-20
3606.8009 1.48556e-16 1e-20
3607.4955 1.58309e-16 1e-20
3608.1901 1.77892e-16 1e-20
3608.8847 1.05484e-16 1e-20
3609.5793 8.75047e-17 1e-20
3610.2739 1.79466e-16 1e-20
3610.9684 1.34222e-16 1e-20
3611.663 5.51929e-17 1e-20
3612.3576 7.44195e-17 1e-20
3613.0522 1.25543e-16 1e-20
3613.7468 2.28367e-16 1e-20
3614.4414 2.17974e-16 1e-20
3615.136 8.6583e-17 1e-20
3615.8306 1.07203e-16 1e-20
3616.5252 1.49359e-16 1e-20
3617.2197 2.03585e-16 1e-20
3617.9143 1.67647e-16 1e-20
3618.6089 1.66794e-16 1e-20
3619.3035 2.46695e-16 1e-20
3619.9981 2.41858e-16 1e-20
3620.6927 1.97392e-16 1e-20
3621.3873 1.80265e-16 1e-20
3622.0819 1.54705e-16 1e-20
3622.7764 1.00101e-16 1e-20
3623.471 1.12123e-16 1e-20
3624.1656 2.03503e-16 1e-20
3624.8602 1.91099e-16 1e-20
3625.5548 1.48684e-16 1e-20
3626.2494 1.60455e-16 1e-20
3626.944 1.75913e-16 1e-20
3627.6385 2.09771e-16 1e-20
3628.3331 1.74196e-16 1e-20
3629.0277 1.94146e-16 1e-20
3629.7223 1.72447e-16 1e-20
3630.4169 2.13e-16 1e-20
3631.1115 1.28007e-16 1e-20
3631.8061 1.73267e-16 1e-20
3632.5007 2.15654e-16 1e-20
3633.1952 1.88013e-16 1e-20
3633.8898 1.48064e-16 1e-20
3634.5844 2.4971e-16 1e-20
3635.279 2.29327e-16 1e-20
3635.9736 2.81249e-16 1e-20
3636.6682 2.51015e-16 1e-20
3637.3628 1.91685e-16 1e-20
3638.0574 1.80176e-16 1e-20
3638.752 2.28869e-16 1e-20
3639.4465 2.74259e-16 1e-20
3640.1411 2.18459e-16 1e-20
3640.8357 2.14972e-16 1e-20
3641.5303 1.80194e-16 1e-20
3642.2249 2.31241e-16 1e-20
3642.9195 2.14012e-16 1e-20
3643.6141 2.19181e-16 1e-20
3644.3087 1.8793e-16 1e-20
3645.0032 1.94596e-16 1e-20
3645.6978 2.04281e-16 1e-20
3646.3924 2.59904e-16 1e-20
3647.087 2.67629e-16 1e-20
3647.7816 2.93706e-16 1e-20
3648.4762 2.74109e-16 1e-20
3649.1708 2.84894e-16 1e-20
3649.8654 2.75028e-16 1e-20
3650.5599 2.25891e-16 1e-20
3651.2545 3.30849e-16 1e-20
3651.9491 3.98154e-16 1e-20
3652.6437 3.62387e-16 1e-20
3653.3383 2.69799e-16 1e-20
3654.0329 2.89084e-16 1e-20
3654.7275 3.43094e-16 1e-20
3655.4221 3.27743e-16 1e-20
3656.1166 2.79726e-16 1e-20
3656.8112 3.51255e-16 1e-20
3657.5058 4.03874e-16 1e-20
3658.2004 3.48313e-16 1e-20
3658.895 3.46244e-16 1e-20
3659.5896 3.11901e-16 1e-20
3660.2842 3.24146e-16 1e-20
3660.9788 3.6242e-16 1e-20
3661.6733 3.48987e-16 1e-20
3662.3679 2.94989e-16 1e-20
3663.0625 3.20559e-16 1e-20
3663.7571 3.87005e-16 1e-20
3664.4517 3.76969e-16 1e-20
3665.1463 3.57241e-16 1e-20
3665.8409 3.8917e-16 1e-20
3666.5355 3.86887e-16 1e-20
3667.23 4.15639e-16 1e-20
3667.9246 4.07855e-16 1e-20
3668.6192 3.77224e-16 1e-20
3669.3138 4.18812e-16 1e-20
3670.0084 4.40816e-16 1e-20
3670.703 4.27318e-16 1e-20
3671.3976 3.27751e-16 1e-20
3672.0922 3.19463e-16 1e-20
3672.7867 3.42358e-16 1e-20
3673.4813 3.54098e-16 1e-20
3674.1759 3.65007e-16 1e-20
3674.8705 3.393e-16 1e-20
3675.5651 4.07432e-16 1e-20
3676.2597 4.02383e-16 1e-20
3676.9543 3.96843e-16 1e-20
3677.6489 3.71344e-16 1e-20
3678.3434 3.99988e-16 1e-20
3679.038 3.68247e-16 1e-20
3679.7326 3.88783e-16 1e-20
3680.4272 3.59299e-16 1e-20
3681.1218 4.16007e-16 1e-20
3681.8164 4.04456e-16 1e-20
3682.511 3.57493e-16 1e-20
3683.2056 4.223e-16 1e-20
3683.9001 3.77991e-16 1e-20
3684.5947 3.48906e-16 1e-20
3685.2893 3.71104e-16 1e-20
3685.9839 3.29569e-16 1e-20
3686.6785 3.71524e-16 1e-20
3687.3731 3.79572e-16 1e-20
3688.0677 3.82877e-16 1e-20
3688.7623 3.41723e-16 1e-20
3689.4568 3.16708e-16 1e-20
3690.1514 3.10292e-16 1e-20
3690.846 2.81115e-16 1e-20
3691.5406 3.39435e-16 1e-20
3692.2352 4.18714e-16 1e-20
3692.9298 4.10841e-16 1e-20
3693.6244 3.70785e-16 1e-20
3694.319 3.57519e-16 1e-20
3695.0135 3.18222e-16 1e-20
3695.7081 2.92835e-16 1e-20
3696.4027 3.64475e-16 1e-20
3697.0973 4.06675e-16 1e-20
3697.7919 3.44461e-16 1e-20
3698.4865 3.2149e-16 1e-20
3699.1811 3.25701e-16 1e-20
3699.8757 2.73469e-16 1e-20
3700.5702 2.93996e-16 1e-20
3701.2648 3.655e-16 1e-20
3701.9594 2.92522e-16 1e-20
3702.654 2.59106e-16 1e-20
3703.3486 3.26841e-16 1e-20
3704.0432 3.33177e-16 1e-20
3704.7378 2.98895e-16 1e-20
3705.4324 2.69592e-16 1e-20
3706.1269 3.44389e-16 1e-20
3706.8215 3.63483e-16 1e-20
3707.5161 2.99823e-16 1e-20
3708.2107 2.62935e-16 1e-20
3708.9053 3.02644e-16 1e-20
3709.5999 2.86978e-16 1e-20
3710.2945 2.96343e-16 1e-20
3710.9891 2.43306e-16 1e-20
3711.6836 2.0771e-16 1e-20
3712.3782 2.46311e-16 1e-20
3713.0728 2.48047e-16 1e-20
3713.7674 2.98338e-16 1e-20
3714.462 2.58369e-16 1e-20
3715.1566 2.23986e-16 1e-20
3715.8512 2.1293e-16 1e-20
3716.5458 2.32984e-16 1e-20
3717.2403 2.28974e-16 1e-20
3717.9349 2.45231e-16 1e-20
3718.6295 2.00934e-16 1e-20
3719.3241 1.65418e-16 1e-20
3720.0187 2.10918e-16 1e-20
3720.7133 2.6715e-16 1e-20
3721.4079 1.886e-16 1e-20
3722.1025 2.10377e-16 1e-20
3722.797 2.36752e-16 1e-20
3723.4916 2.21746e-16 1e-20
3724.1862 2.0831e-16 1e-20
3724.8808 2.38089e-16 1e-20
3725.5754 2.50878e-16 1e-20
3726.27 2.23502e-16 1e-20
3726.9646 1.65116e-16 1e-20
3727.6592 1.71435e-16 1e-20
3728.3537 2.20843e-16 1e-20
3729.0483 2.25971e-16 1e-20
3729.7429 2.08736e-16 1e-20
3730.4375 1.47101e-16 1e-20
3731.1321 2.17799e-16 1e-20
3731.8267 1.70822e-16 1e-20
3732.5213 1.82738e-16 1e-20
3733.2159 2.08209e-16 1e-20
3733.9104 2.09994e-16 1e-20
3734.605 1.99009e-16 1e-20
3735.2996 2.01277e-16 1e-20
3735.9942 2.08236e-16 1e-20
3736.6888 2.03251e-16 1e-20
3737.3834 1.87721e-16 1e-20
3738.078 2.05658e-16 1e-20
3738.7726 2.21717e-16 1e-20
3739.4672 1.56283e-16 1e-20
3740.1617 1.26916e-16 1e-20
3740.8563 1.63013e-16 1e-20
3741.5509 1.79106e-16 1e-20
3742.2455 1.55339e-16 1e-20
3742.9401 1.96077e-16 1e-20
3743.6347 2.16103e-16 1e-20
3744.3293 1.87973e-16 1e-20
3745.0238 1.91604e-16 1e-20
3745.7184 1.86898e-16 1e-20
3746.413 1.58005e-16 1e-20
3747.1076 2.09291e-16 1e-20
3747.8022 2.50339e-16 1e-20
3748.4968 2.31803e-16 1e-20
3749.1914 2.09004e-16 1e-20
3749.886 1.64811e-16 1e-20
3750.5805 1.46824e-16 1e-20
3751.2751 1.94275e-16 1e-20
3751.9697 2.22332e-16 1e-20
3752.6643 2.05424e-16 1e-20
3753.3589 1.82265e-16 1e-20
3754.0535 1.58692e-16 1e-20
3754.7481 1.17105e-16 1e-20
3755.4427 1.36121e-16 1e-20
3756.1372 1.35271e-16 1e-20
3756.8318 1.79345e-16 1e-20
3757.5264 2.11658e-16 1e-20
3758.221 1.72794e-16 1e-20
3758.9156 1.34709e-16 1e-20
3759.6102 1.59455e-16 1e-20
3760.3048 1.92868e-16 1e-20
3760.9994 1.72285e-16 1e-20
3761.694 1.85661e-16 1e-20
3762.3885 1.65658e-16 1e-20
3763.0831 1.74352e-16 1e-20
3763.7777 1.87365e-16 1e-20
3764.4723 1.32071e-16 1e-20
3765.1669 1.18152e-16 1e-20
3765.8615 1.68898e-16 1e-20
3766.5561 1.78221e-16 1e-20
3767.2507 1.81431e-16 1e-20
3767.9452 1.28302e-16 1e-20
3768.6398 1.61349e-16 1e-20
3769.3344 1.86242e-16 1e-20
3770.029 1.75887e-16 1e-20
3770.7236 1.38519e-16 1e-20
3771.4182 1.13155e-16 1e-20
3772.1128 1.34013e-16 1e-20
3772.8073 1.78431e-16 1e-20
3773.5019 2.07981e-16 1e-20
3774.1965 1.94106e-16 1e-20
3774.8911 1.36404e-16 1e-20
3775.5857 1.57652e-16 1e-20
3776.2803 1.24986e-16 1e-20
3776.9749 1.12335e-16 1e-20
3777.6695 1.52222e-16 1e-20
3778.3641 1.6962e-16 1e-20
3779.0586 1.81761e-16 1e-20
3779.7532 1.96964e-16 1e-20
3780.4478 1.60511e-16 1e-20
3781.1424 1.23738e-16 1e-20
3781.837 1.055e-16 1e-20
3782.5316 1.18197e-16 1e-20
3783.2262 1.5654e-16 1e-20
3783.9208 1.67979e-16 1e-20
3784.6153 1.64427e-16 1e-20
3785.3099 1.22265e-16 1e-20
3786.0045 1.21262e-16 1e-20
3786.6991 1.65104e-16 1e-20
3787.3937 1.39144e-16 1e-20
3788.0883 1.70665e-16 1e-20
3788.7829 1.7174e-16 1e-20
3789.4775 1.51628e-16 1e-20
3790.172 1.61319e-16 1e-20
3790.8666 1.4642e-16 1e-20
3791.5612 1.31485e-16 1e-20
3792.2558 1.30877e-16 1e-20
3792.9504 1.76625e-16 1e-20
3793.645 1.81926e-16 1e-20
3794.3396 1.74136e-16 1e-20
3795.0341 1.77772e-16 1e-20
3795.7287 1.62813e-16 1e-20
3796.4233 1.48115e-16 1e-20
3797.1179 1.33898e-16 1e-20
3797.8125 1.48671e-16 1e-20
3798.5071 1.5432e-16 1e-20
3799.2017 1.35247e-16 1e-20
3799.8963 1.8595e-16 1e-20
3800.5909 1.80175e-16 1e-20
3801.2854 1.46893e-16 1e-20
3801.98 1.17683e-16 1e-20
3802.6746 1.41327e-16 1e-20
3803.3692 1.73317e-16 1e-20
3804.0638 1.74879e-16 1e-20
3804.7584 1.51908e-16 1e-20
3805.453 1.84288e-16 1e-20
3806.1476 1.85368e-16 1e-20
3806.8421 1.60751e-16 1e-20
3807.5367 2.08231e-16 1e-20
3808.2313 1.54079e-16 1e-20
3808.9259 1.41008e-16 1e-20
3809.6205 1.64367e-16 1e-20
3810.3151 1.63028e-16 1e-20
3811.0097 1.51952e-16 1e-20
3811.7043 1.64993e-16 1e-20
3812.3988 1.91788e-16 1e-20
3813.0934 1.69735e-16 1e-20
3813.788 1.69961e-16 1e-20
3814.4826 1.54254e-16 1e-20
3815.1772 1.60281e-16 1e-20
3815.8718 2.05345e-16 1e-20
3816.5664 2.20164e-16 1e-20
3817.2609 1.62618e-16 1e-20
3817.9555 1.75799e-16 1e-20
3818.6501 1.62482e-16 1e-20
3819.3447 1.52667e-16 1e-20
3820.0393 1.82209e-16 1e-20
3820.7339 1.67747e-16 1e-20
3821.4285 1.44778e-16 1e-20
3822.1231 1.36514e-16 1e-20
3822.8177 1.59117e-16 1e-20
3823.5122 1.78753e-16 1e-20
3824.2068 2.05311e-16 1e-20
3824.9014 1.87974e-16 1e-20
3825.596 1.93397e-16 1e-20
3826.2906 1.88214e-16 1e-20
3826.9852 1.73088e-16 1e-20
3827.6798 1.95638e-16 1e-20
3828.3744 2.20054e-16 1e-20
3829.0689 2.01179e-16 1e-20
3829.7635 1.90052e-16 1e-20
3830.4581 2.17217e-16 1e-20
3831.1527 2.11967e-16 1e-20
3831.8473 2.14375e-16 1e-20
3832.5419 2.19809e-16 1e-20
3833.2365 2.24684e-16 1e-20
3833.9311 2.29518e-16 1e-20
3834.6256 2.35295e-16 1e-20
3835.3202 2.35835e-16 1e-20
3836.0148 2.24772e-16 1e-20
3836.7094 2.59393e-16 1e-20
3837.404 2.15915e-16 1e-20
3838.0986 2.00189e-16 1e-20
3838.7932 1.81631e-16 1e-20
3839.4878 2.03413e-16 1e-20
3840.1823 2.70263e-16 1e-20
3840.8769 2.47384e-16 1e-20
3841.5715 2.73748e-16 1e-20
3842.2661 2.60698e-16 1e-20
3842.9607 2.34816e-16 1e-20
3843.6553 2.59689e-16 1e-20
3844.3499 2.75492e-16 1e-20
3845.0445 2.77929e-16 1e-20
3845.739 2.72932e-16 1e-20
3846.4336 2.70797e-16 1e-20
3847.1282 2.42917e-16 1e-20
3847.8228 2.31115e-16 1e-20
3848.5174 2.74654e-16 1e-20
3849.212 2.68057e-16 1e-20
3849.9066 2.90681e-16 1e-20
3850.6012 3.04525e-16 1e-20
3851.2957 2.64975e-16 1e-20
3851.9903 2.58948e-16 1e-20
3852.6849 3.19372e-16 1e-20
3853.3795 2.87399e-16 1e-20
3854.0741 2.32161e-16 1e-20
3854.7687 2.88611e-16 1e-20
3855.4633 2.8134e-16 1e-20
3856.1579 3.51084e-16 1e-20
3856.8524 3.54027e-16 1e-20
3857.547 3.42781e-16 1e-20
3858.2416 3.65764e-16 1e-20
3858.9362 3.692e-16 1e-20
3859.6308 3.57288e-16 1e-20
3860.3254 3.31465e-16 1e-20
3861.02 3.85612e-16 1e-20
3861.7146 3.87178e-16 1e-20
3862.4091 3.51416e-16 1e-20
3863.1037 3.49735e-16 1e-20
3863.7983 3.87343e-16 1e-20
3864.4929 3.93759e-16 1e-20
3865.1875 3.95244e-16 1e-20
3865.8821 3.5834e-16 1e-20
3866.5767 4.15359e-16 1e-20
3867.2713 4.11327e-16 1e-20
3867.9658 3.76943e-16 1e-20
3868.6604 3.81351e-16 1e-20
3869.355 3.87245e-16 1e-20
3870.0496 4.49162e-16 1e-20
3870.7442 4.36667e-16 1e-20
3871.4388 4.32724e-16 1e-20
3872.1334 4.25045e-16 1e-20
3872.828 4.03896e-16 1e-20
3873.5225 4.20726e-16 1e-20
3874.2171 4.26558e-16 1e-20
3874.9117 4.21527e-16 1e-20
3875.6063 4.29773e-16 1e-20
3876.3009 4.106e-16 1e-20
3876.9955 4.69392e-16 1e-20
3877.6901 4.54902e-16 1e-20
3878.3847 4.52517e-16 1e-20
3879.0792 4.431e-16 1e-20
3879.7738 4.73859e-16 1e-20
3880.4684 4.60058e-16 1e-20
3881.163 4.72647e-16 1e-20
3881.8576 4.62266e-16 1e-20
3882.5522 4.59904e-16 1e-20
3883.2468 4.79965e-16 1e-20
3883.9414 4.95715e-16 1e-20
3884.6359 4.96471e-16 1e-20
3885.3305 4.88305e-16 1e-20
3886.0251 4.97504e-16 1e-20
3886.7197 5.06656e-16 1e-20
3887.4143 4.75846e-16 1e-20
3888.1089 5.13267e-16 1e-20
3888.8035 5.67335e-16 1e-20
3889.4981 5.05762e-16 1e-20
3890.1926 5.34933e-16 1e-20
3890.8872 5.71799e-16 1e-20
3891.5818 5.45023e-16 1e-20
3892.2764 5.70744e-16 1e-20
3892.971 6.06987e-16 1e-20
3893.6656 5.84836e-16 1e-20
3894.3602 5.53642e-16 1e-20
3895.0548 5.5141e-16 1e-20
3895.7493 5.60875e-16 1e-20
3896.4439 5.26966e-16 1e-20
3897.1385 5.27799e-16 1e-20
3897.8331 5.30022e-16 1e-20
3898.5277 5.34304e-16 1e-20
3899.2223 5.20771e-16 1e-20
3899.9169 5.45978e-16 1e-20
3900.6115 5.86408e-16 1e-20
3901.306 5.85808e-16 1e-20
3902.0006 5.7422e-16 1e-20
3902.6952 5.5692e-16 1e-20
3903.3898 5.59952e-16 1e-20
3904.0844 5.6751e-16 1e-20
3904.779 5.54977e-16 1e-20
3905.4736 5.35762e-16 1e-20
3906.1682 5.90027e-16 1e-20
3906.8628 6.22838e-16 1e-20
3907.5573 5.77064e-16 1e-20
3908.2519 5.94756e-16 1e-20
3908.9465 5.97125e-16 1e-20
3909.6411 6.05846e-16 1e-20
3910.3357 6.2267e-16 1e-20
3911.0303 6.17578e-16 1e-20
3911.7249 5.92454e-16 1e-20
3912.4194 5.68783e-16 1e-20
3913.114 6.03428e-16 1e-20
3913.8086 6.13374e-16 1e-20
3914.5032 6.10934e-16 1e-20
3915.1978 6.23207e-16 1e-20
3915.8924 6.12948e-16 1e-20
3916.587 5.80011e-16 1e-20
3917.2816 6.15563e-16 1e-20
3917.9761 5.9378e-16 1e-20
3918.6707 6.31104e-16 1e-20
3919.3653 6.43288e-16 1e-20
3920.0599 5.95551e-16 1e-20
3920.7545 6.30287e-16 1e-20
3921.4491 6.05111e-16 1e-20
3922.1437 5.73729e-16 1e-20
3922.8383 6.50214e-16 1e-20
3923.5329 6.66767e-16 1e-20
3924.2274 5.9003e-16 1e-20
3924.922 5.96858e-16 1e-20
3925.6166 5.75613e-16 1e-20
3926.3112 5.97085e-16 1e-20
3927.0058 5.87979e-16 1e-20
3927.7004 6.08485e-16 1e-20
3928.395 6.23139e-16 1e-20
3929.0896 5.65813e-16 1e-20
3929.7841 5.38668e-16 1e-20
3930.4787 5.62518e-16 1e-20
3931.1733 6.06605e-16 1e-20
3931.8679 5.78253e-16 1e-20
3932.5625 5.7031e-16 1e-20
3933.2571 5.77277e-16 1e-20
3933.9517 5.92378e-16 1e-20
3934.6462 6.17623e-16 1e-20
3935.3408 5.6898e-16 1e-20
3936.0354 5.86125e-16 1e-20
3936.73 6.17548e-16 1e-20
3937.4246 5.83483e-16 1e-20
3938.1192 5.9411e-16 1e-20
3938.8138 5.87707e-16 1e-20
3939.5084 6.09927e-16 1e-20
3940.2029 6.43963e-16 1e-20
3940.8975 6.13246e-16 1e-20
3941.5921 6.03401e-16 1e-20
3942.2867 6.41211e-16 1e-20
3942.9813 6.04966e-16 1e-20
3943.6759 5.81687e-16 1e-20
3944.3705 5.99323e-16 1e-20
3945.0651 5.74883e-16 1e-20
3945.7597 5.86103e-16 1e-20
3946.4542 6.07589e-16 1e-20
3947.1488 6.22273e-16 1e-20
3947.8434 6.02665e-16 1e-20
3948.538 5.67887e-16 1e-20
3949.2326 6.2328e-16 1e-20
3949.9272 6.27282e-16 1e-20
3950.6218 5.85618e-16 1e-20
3951.3164 5.77746e-16 1e-20
3952.0109 5.6854e-16 1e-20
3952.7055 5.63589e-16 1e-20
3953.4001 5.87403e-16 1e-20
3954.0947 5.62569e-16 1e-20
3954.7893 5.31481e-16 1e-20
3955.4839 5.46833e-16 1e-20
3956.1785 5.37031e-16 1e-20
3956.873 5.08569e-16 1e-20
3957.5676 4.96774e-16 1e-20
3958.2622 4.98602e-16 1e-20
3958.9568 5.17657e-16 1e-20
3959.6514 5.54767e-16 1e-20
3960.346 5.51736e-16 1e-20
3961.0406 5.29904e-16 1e-20
3961.7352 5.14198e-16 1e-20
3962.4297 5.51954e-16 1e-20
3963.1243 5.20672e-16 1e-20
3963.8189 4.99016e-16 1e-20
3964.5135 4.83424e-16 1e-20
3965.2081 5.37075e-16 1e-20
3965.9027 5.4413e-16 1e-20
3966.5973 4.8299e-16 1e-20
3967.2919 4.72248e-16 1e-20
3967.9865 4.50315e-16 1e-20
3968.681 4.67268e-16 1e-20
3969.3756 4.73357e-16 1e-20
3970.0702 4.72093e-16 1e-20
3970.7648 4.60149e-16 1e-20
3971.4594 4.45298e-16 1e-20
3972.154 4.73493e-16 1e-20
3972.8486 4.5922e-16 1e-20
3973.5432 4.52044e-16 1e-20
3974.2377 4.40966e-16 1e-20
3974.9323 4.29135e-16 1e-20
3975.6269 4.31778e-16 1e-20
3976.3215 4.40972e-16 1e-20
3977.0161 4.50674e-16 1e-20
3977.7107 4.48986e-16 1e-20
3978.4053 4.48126e-16 1e-20
3979.0999 4.04217e-16 1e-20
3979.7944 4.20846e-16 1e-20
3980.489 4.16573e-16 1e-20
3981.1836 3.91634e-16 1e-20
3981.8782 4.30171e-16 1e-20
3982.5728 4.31036e-16 1e-20
3983.2674 3.90668e-16 1e-20
3983.962 3.91044e-16 1e-20
3984.6566 4.57141e-16 1e-20
3985.3511 4.00253e-16 1e-20
3986.0457 3.75316e-16 1e-20
3986.7403 3.88465e-16 1e-20
3987.4349 3.94208e-16 1e-20
3988.1295 3.99864e-16 1e-20
3988.8241 4.11584e-16 1e-20
3989.5187 4.04342e-16 1e-20
3990.2133 3.83709e-16 1e-20
3990.9078 3.98066e-16 1e-20
3991.6024 4.25058e-16 1e-20
3992.297 3.92501e-16 1e-20
3992.9916 3.97527e-16 1e-20
3993.6862 3.88237e-16 1e-20
3994.3808 3.65851e-16 1e-20
3995.0754 3.49177e-16 1e-20
3995.77 3.45282e-16 1e-20
3996.4645 3.79028e-16 1e-20
3997.1591 3.75001e-16 1e-20
3997.8537 3.71826e-16 1e-20
3998.5483 3.72791e-16 1e-20
3999.2429 3.73585e-16 1e-20
3999.9375 3.74308e-16 1e-20
4000.6321 3.75539e-16 1e-20
4001.3267 3.74006e-16 1e-20
4002.0212 3.6648e-16 1e-20
4002.7158 3.86056e-16 1e-20
4003.4104 3.70996e-16 1e-20
4004.105 3.69561e-16 1e-20
4004.7996 3.95935e-16 1e-20
4005.4942 3.90622e-16 1e-20
4006.1888 3.75132e-16 1e-20
4006.8834 3.72495e-16 1e-20
4007.5779 3.50263e-16 1e-20
4008.2725 3.70565e-16 1e-20
4008.9671 3.69695e-16 1e-20
4009.6617 3.74516e-16 1e-20
4010.3563 3.59525e-16 1e-20
4011.0509 3.42563e-16 1e-20
4011.7455 3.62684e-16 1e-20
4012.4401 3.94025e-16 1e-20
4013.1346 3.9085e-16 1e-20
4013.8292 3.73787e-16 1e-20
4014.5238 3.84805e-16 1e-20
4015.2184 3.68628e-16 1e-20
4015.913 3.90843e-16 1e-20
4016.6076 3.88423e-16 1e-20
4017.3022 3.68929e-16 1e-20
4017.9968 3.69657e-16 1e-20
4018.6913 3.50722e-16 1e-20
4019.3859 3.49885e-16 1e-20
4020.0805 3.89762e-16 1e-20
4020.7751 3.72531e-16 1e-20
4021.4697 3.61244e-16 1e-20
4022.1643 3.86788e-16 1e-20
4022.8589 3.65227e-16 1e-20
4023.5535 3.49541e-16 1e-20
4024.248 3.48164e-16 1e-20
4024.9426 3.47582e-16 1e-20
4025.6372 3.55819e-16 1e-20
4026.3318 3.53825e-16 1e-20
4027.0264 3.74501e-16 1e-20
4027.721 3.84884e-16 1e-20
4028.4156 3.75214e-16 1e-20
4029.1102 3.75098e-16 1e-20
4029.8047 4.01941e-16 1e-20
4030.4993 3.78813e-16 1e-20
4031.1939 3.82788e-16 1e-20
4031.8885 3.88576e-16 1e-20
4032.5831 3.87077e-16 1e-20
4033.2777 3.52597e-16 1e-20
4033.9723 3.75289e-16 1e-20
4034.6669 3.95309e-16 1e-20
4035.3614 3.76541e-16 1e-20
4036.056 3.7812e-16 1e-20
4036.7506 4.02182e-16 1e-20
4037.4452 3.95442e-16 1e-20
4038.1398 4.14112e-16 1e-20
4038.8344 4.17648e-16 1e-20
4039.529 3.95122e-16 1e-20
4040.2236 4.08847e-16 1e-20
4040.9181 4.37845e-16 1e-20
4041.6127 4.72191e-16 1e-20
4042.3073 4.27434e-16 1e-20
4043.0019 4.4705e-16 1e-20
4043.6965 4.56124e-16 1e-20
4044.3911 4.51548e-16 1e-20
4045.0857 4.62182e-16 1e-20
4045.7803 4.55675e-16 1e-20
4046.4748 4.38327e-16 1e-20
4047.1694 4.34807e-16 1e-20
4047.864 4.16721e-16 1e-20
4048.5586 4.24453e-16 1e-20
4049.2532 4.13583e-16 1e-20
4049.9478 4.18775e-16 1e-20
4050.6424 4.30545e-16 1e-20
4051.337 4.27672e-16 1e-20
4052.0315 4.32117e-16 1e-20
4052.7261 4.67272e-16 1e-20
4053.4207 4.45235e-16 1e-20
4054.1153 4.44669e-16 1e-20
4054.8099 4.5139e-16 1e-20
4055.5045 4.41363e-16 1e-20
4056.1991 4.49348e-16 1e-20
4056.8937 4.61779e-16 1e-20
4057.5882 4.46422e-16 1e-20
4058.2828 4.22109e-16 1e-20
4058.9774 4.43553e-16 1e-20
4059.672 4.57531e-16 1e-20
4060.3666 4.5019e-16 1e-20
4061.0612 4.44306e-16 1e-20
4061.7558 4.59646e-16 1e-20
4062.4504 4.50595e-16 1e-20
4063.1449 4.40762e-16 1e-20
4063.8395 4.54805e-16 1e-20
4064.5341 4.69336e-16 1e-20
4065.2287 4.598e-16 1e-20
4065.9233 4.46073e-16 1e-20
4066.6179 4.46363e-16 1e-20
4067.3125 4.53547e-16 1e-20
4068.0071 4.37189e-16 1e-20
4068.7017 4.24549e-16 1e-20
4069.3962 4.10203e-16 1e-20
4070.0908 3.71162e-16 1e-20
4070.7854 3.93527e-16 1e-20
4071.48 4.03678e-16 1e-20
4072.1746 3.98177e-16 1e-20
4072.8692 4.11184e-16 1e-20
4073.5638 4.11295e-16 1e-20
4074.2583 3.95059e-16 1e-20
4074.9529 3.8734e-16 1e-20
4075.6475 4.19962e-16 1e-20
4076.3421 4.03121e-16 1e-20
4077.0367 3.41423e-16 1e-20
4077.7313 3.44428e-16 1e-20
4078.4259 3.80827e-16 1e-20
4079.1205 3.76009e-16 1e-20
4079.815 3.51498e-16 1e-20
4080.5096 3.44788e-16 1e-20
4081.2042 3.44089e-16 1e-20
4081.8988 3.57066e-16 1e-20
4082.5934 3.53793e-16 1e-20
4083.288 3.45442e-16 1e-20
4083.9826 3.38262e-16 1e-20
4084.6772 3.59707e-16 1e-20
4085.3717 3.68808e-16 1e-20
4086.0663 3.42701e-16 1e-20
4086.7609 3.34933e-16 1e-20
4087.4555 3.32581e-16 1e-20
4088.1501 3.39878e-16 1e-20
4088.8447 3.52558e-16 1e-20
4089.5393 3.11854e-16 1e-20
4090.2339 3.21153e-16 1e-20
4090.9285 3.29202e-16 1e-20
4091.623 3.37206e-16 1e-20
4092.3176 3.33032e-16 1e-20
4093.0122 3.31526e-16 1e-20
4093.7068 3.37522e-16 1e-20
4094.4014 3.21288e-16 1e-20
4095.096 3.14707e-16 1e-20
4095.7906 3.01819e-16 1e-20
4096.4851 3.04224e-16 1e-20
4097.1797 3.00854e-16 1e-20
4097.8743 2.8257e-16 1e-20
4098.5689 2.89795e-16 1e-20
4099.2635 3.01745e-16 1e-20
4099.9581 2.77715e-16 1e-20
4100.6527 2.89916e-16 1e-20
4101.3473 3.13653e-16 1e-20
4102.0418 3.2022e-16 1e-20
4102.7364 3.21636e-16 1e-20
4103.431 2.92649e-16 1e-20
4104.1256 2.84802e-16 1e-20
4104.8202 3.10685e-16 1e-20
4105.5148 3.28173e-16 1e-20
4106.2094 2.89583e-16 1e-20
4106.904 2.93157e-16 1e-20
4107.5986 2.81048e-16 1e-20
4108.2931 2.51954e-16 1e-20
4108.9877 2.77106e-16 1e-20
4109.6823 3.0727e-16 1e-20
4110.3769 2.95959e-16 1e-20
4111.0715 2.80137e-16 1e-20
4111.7661 2.82794e-16 1e-20
4112.4607 2.7967e-16 1e-20
4113.1553 2.96809e-16 1e-20
4113.8498 2.93355e-16 1e-20
4114.5444 2.82138e-16 1e-20
4115.239 2.92196e-16 1e-20
4115.9336 2.86476e-16 1e-20
4116.6282 2.94751e-16 1e-20
4117.3228 2.84492e-16 1e-20
4118.0174 2.82601e-16 1e-20
4118.712 2.83468e-16 1e-20
4119.4065 2.96977e-16 1e-20
4120.1011 3.01101e-16 1e-20
4120.7957 2.70879e-16 1e-20
4121.4903 2.71555e-16 1e-20
4122.1849 3.01075e-16 1e-20
4122.8795 3.09863e-16 1e-20
4123.5741 2.82953e-16 1e-20
4124.2686 2.55205e-16 1e-20
4124.9632 2.40394e-16 1e-20
4125.6578 2.58854e-16 1e-20
4126.3524 2.65347e-16 1e-20
4127.047 2.60125e-16 1e-20
4127.7416 2.60893e-16 1e-20
4128.4362 2.68369e-16 1e-20
4129.1308 2.74144e-16 1e-20
4129.8254 2.6562e-16 1e-20
4130.5199 2.50102e-16 1e-20
4131.2145 2.62247e-16 1e-20
4131.9091 2.82378e-16 1e-20
4132.6037 2.78745e-16 1e-20
4133.2983 2.66304e-16 1e-20
4133.9929 2.72994e-16 1e-20
4134.6875 2.96508e-16 1e-20
4135.3821 2.74229e-16 1e-20
4136.0766 2.76124e-16 1e-20
4136.7712 2.71531e-16 1e-20
4137.4658 2.52137e-16 1e-20
4138.1604 2.9422e-16 1e-20
4138.855 2.85562e-16 1e-20
4139.5496 2.94599e-16 1e-20
4140.2442 2.85437e-16 1e-20
4140.9388 2.67874e-16 1e-20
4141.6333 2.7357e-16 1e-20
4142.3279 2.82937e-16 1e-20
4143.0225 2.98718e-16 1e-20
4143.7171 2.88738e-16 1e-20
4144.4117 2.7139e-16 1e-20
4145.1063 2.76933e-16 1e-20
4145.8009 2.94041e-16 1e-20
4146.4954 2.8706e-16 1e-20
4147.19 2.64878e-16 1e-20
4147.8846 2.80064e-16 1e-20
4148.5792 2.76955e-16 1e-20
4149.2738 2.84243e-16 1e-20
4149.9684 3.01268e-16 1e-20
4150.663 2.86041e-16 1e-20
4151.3576 2.69787e-16 1e-20
4152.0522 2.98479e-16 1e-20
4152.7467 2.99028e-16 1e-20
4153.4413 2.98078e-16 1e-20
4154.1359 3.15386e-16 1e-20
4154.8305 3.11238e-16 1e-20
4155.5251 3.01283e-16 1e-20
4156.2197 3.05551e-16 1e-20
4156.9143 3.02997e-16 1e-20
4157.6089 3.09809e-16 1e-20
4158.3034 2.9265e-16 1e-20
4158.998 2.54304e-16 1e-20
4159.6926 3.05391e-16 1e-20
4160.3872 2.83809e-16 1e-20
4161.0818 2.98477e-16 1e-20
4161.7764 2.90829e-16 1e-20
4162.471 3.07617e-16 1e-20
4163.1656 3.20911e-16 1e-20
4163.8601 3.36531e-16 1e-20
4164.5547 3.29999e-16 1e-20
4165.2493 2.96249e-16 1e-20
4165.9439 2.87205e-16 1e-20
4166.6385 2.79579e-16 1e-20
4167.3331 2.9264e-16 1e-20
4168.0277 3.01654e-16 1e-20
4168.7223 3.07797e-16 1e-20
4169.4168 3.21736e-16 1e-20
4170.1114 3.29171e-16 1e-20
4170.806 3.03138e-16 1e-20
4171.5006 2.98009e-16 1e-20
4172.1952 3.21421e-16 1e-20
4172.8898 3.17571e-16 1e-20
4173.5844 2.90127e-16 1e-20
4174.279 2.81206e-16 1e-20
4174.9735 2.92575e-16 1e-20
4175.6681 2.74053e-16 1e-20
4176.3627 2.93715e-16 1e-20
4177.0573 2.93517e-16 1e-20
4177.7519 2.76616e-16 1e-20
4178.4465 2.82746e-16 1e-20
4179.1411 2.67594e-16 1e-20
4179.8357 2.99224e-16 1e-20
4180.5302 3.13124e-16 1e-20
4181.2248 2.87585e-16 1e-20
4181.9194 2.84305e-16 1e-20
4182.614 2.92834e-16 1e-20
4183.3086 2.70442e-16 1e-20
4184.0032 2.85423e-16 1e-20
4184.6978 2.8805e-16 1e-20
4185.3924 2.97208e-16 1e-20
4186.0869 2.9296e-16 1e-20
4186.7815 2.96781e-16 1e-20
4187.4761 2.85165e-16 1e-20
4188.1707 2.70585e-16 1e-20
4188.8653 2.79132e-16 1e-20
4189.5599 3.05138e-16 1e-20
4190.2545 2.78641e-16 1e-20
4190.9491 2.69869e-16 1e-20
4191.6436 2.91879e-16 1e-20
4192.3382 3.12671e-16 1e-20
4193.0328 3.43711e-16 1e-20
4193.7274 3.23042e-16 1e-20
4194.422 2.99534e-16 1e-20
4195.1166 3.08462e-16 1e-20
4195.8112 3.08896e-16 1e-20
4196.5058 3.29461e-16 1e-20
4197.2003 3.34186e-16 1e-20
4197.8949 3.12027e-16 1e-20
4198.5895 3.09923e-16 1e-20
4199.2841 3.03618e-16 1e-20
4199.9787 3.16939e-16 1e-20
4200.6733 3.19937e-16 1e-20
4201.3679 2.92582e-16 1e-20
4202.0625 2.8174e-16 1e-20
4202.757 2.88086e-16 1e-20
4203.4516 2.76802e-16 1e-20
4204.1462 2.90496e-16 1e-20
4204.8408 2.85564e-16 1e-20
4205.5354 3.10098e-16 1e-20
4206.23 3.05104e-16 1e-20
4206.9246 2.81243e-16 1e-20
4207.6192 3.07676e-16 1e-20
4208.3137 3.21262e-16 1e-20
4209.0083 2.53955e-16 1e-20
4209.7029 2.83938e-16 1e-20
4210.3975 2.95473e-16 1e-20
4211.0921 2.83789e-16 1e-20
4211.7867 2.79553e-16 1e-20
4212.4813 2.4998e-16 1e-20
4213.1759 2.93573e-16 1e-20
4213.8704 3.24141e-16 1e-20
4214.565 3.00069e-16 1e-20
4215.2596 3.15374e-16 1e-20
4215.9542 3.2304e-16 1e-20
4216.6488 2.90647e-16 1e-20
4217.3434 2.79266e-16 1e-20
4218.038 3.1116e-16 1e-20
4218.7326 3.06147e-16 1e-20
4219.4271 2.74359e-16 1e-20
4220.1217 2.83498e-16 1e-20
4220.8163 2.92167e-16 1e-20
4221.5109 3.08851e-16 1e-20
4222.2055 2.8283e-16 1e-20
4222.9001 2.7069e-16 1e-20
4223.5947 2.76474e-16 1e-20
4224.2893 2.91773e-16 1e-20
4224.9838 2.86725e-16 1e-20
4225.6784 2.74377e-16 1e-20
4226.373 2.93568e-16 1e-20
4227.0676 2.96644e-16 1e-20
4227.7622 2.55514e-16 1e-20
4228.4568 2.78901e-16 1e-20
4229.1514 2.99695e-16 1e-20
4229.846 2.70833e-16 1e-20
4230.5405 2.87273e-16 1e-20
4231.2351 2.88647e-16 1e-20
4231.9297 2.42943e-16 1e-20
4232.6243 2.45457e-16 1e-20
4233.3189 2.62638e-16 1e-20
4234.0135 2.72083e-16 1e-20
4234.7081 2.60114e-16 1e-20
4235.4027 2.68158e-16 1e-20
4236.0973 2.75794e-16 1e-20
4236.7918 2.80696e-16 1e-20
4237.4864 2.65122e-16 1e-20
4238.181 2.54877e-16 1e-20
4238.8756 2.75323e-16 1e-20
4239.5702 2.87741e-16 1e-20
4240.2648 2.87277e-16 1e-20
4240.9594 2.60647e-16 1e-20
4241.6539 2.63431e-16 1e-20
4242.3485 2.61644e-16 1e-20
4243.0431 2.46854e-16 1e-20
4243.7377 2.62313e-16 1e-20
4244.4323 2.8204e-16 1e-20
4245.1269 2.73752e-16 1e-20
4245.8215 2.91112e-16 1e-20
4246.5161 2.81725e-16 1e-20
4247.2106 2.52285e-16 1e-20
4247.9052 2.95705e-16 1e-20
4248.5998 3.03427e-16 1e-20
4249.2944 2.74854e-16 1e-20
4249.989 2.74216e-16 1e-20
4250.6836 2.76433e-16 1e-20
4251.3782 2.69329e-16 1e-20
4252.0728 2.68575e-16 1e-20
4252.7674 2.81528e-16 1e-20
4253.4619 3.00067e-16 1e-20
4254.1565 2.71179e-16 1e-20
4254.8511 2.52326e-16 1e-20
4255.5457 2.53343e-16 1e-20
4256.2403 2.86218e-16 1e-20
4256.9349 2.86466e-16 1e-20
4257.6295 2.81072e-16 1e-20
4258.3241 2.77565e-16 1e-20
4259.0186 2.76623e-16 1e-20
4259.7132 2.69901e-16 1e-20
4260.4078 2.67709e-16 1e-20
4261.1024 2.78246e-16 1e-20
4261.797 2.90916e-16 1e-20
4262.4916 3.09206e-16 1e-20
4263.1862 2.95985e-16 1e-20
4263.8807 2.94138e-16 1e-20
4264.5753 2.78735e-16 1e-20
4265.2699 2.8183e-16 1e-20
4265.9645 2.83476e-16 1e-20
4266.6591 2.92663e-16 1e-20
4267.3537 2.6707e-16 1e-20
4268.0483 2.4138e-16 1e-20
4268.7429 2.45101e-16 1e-20
4269.4374 2.55536e-16 1e-20
4270.132 2.46652e-16 1e-20
4270.8266 2.65314e-16 1e-20
4271.5212 2.58957e-16 1e-20
4272.2158 2.70645e-16 1e-20
4272.9104 2.84399e-16 1e-20
4273.605 2.89171e-16 1e-20
4274.2996 2.6006e-16 1e-20
4274.9942 2.65507e-16 1e-20
4275.6887 2.76958e-16 1e-20
4276.3833 2.76729e-16 1e-20
4277.0779 2.65619e-16 1e-20
4277.7725 2.71734e-16 1e-20
4278.4671 2.78887e-16 1e-20
4279.1617 2.79096e-16 1e-20
4279.8563 2.78763e-16 1e-20
4280.5509 2.77759e-16 1e-20
4281.2454 2.76721e-16 1e-20
4281.94 2.80926e-16 1e-20
4282.6346 2.60273e-16 1e-20
4283.3292 2.69066e-16 1e-20
4284.0238 2.56189e-16 1e-20
4284.7184 2.63732e-16 1e-20
4285.413 2.64729e-16 1e-20
4286.1075 2.63539e-16 1e-20
4286.8021 2.76527e-16 1e-20
4287.4967 2.99309e-16 1e-20
4288.1913 2.77608e-16 1e-20
4288.8859 2.5621e-16 1e-20
4289.5805 2.7051e-16 1e-20
4290.2751 2.67411e-16 1e-20
4290.9697 2.60663e-16 1e-20
4291.6642 2.47683e-16 1e-20
4292.3588 2.471e-16 1e-20
4293.0534 2.52968e-16 1e-20
4293.748 2.71589e-16 1e-20
4294.4426 2.76667e-16 1e-20
4295.1372 2.66359e-16 1e-20
4295.8318 2.51332e-16 1e-20
4296.5264 2.49e-16 1e-20
4297.221 2.58158e-16 1e-20
4297.9155 2.60582e-16 1e-20
4298.6101 2.53233e-16 1e-20
4299.3047 2.577e-16 1e-20
4299.9993 2.64475e-16 1e-20
4300.6939 2.61179e-16 1e-20
4301.3885 2.65412e-16 1e-20
4302.0831 2.73687e-16 1e-20
4302.7777 2.82705e-16 1e-20
4303.4722 2.44787e-16 1e-20
4304.1668 2.45406e-16 1e-20
4304.8614 2.47112e-16 1e-20
4305.556 2.59012e-16 1e-20
4306.2506 2.50497e-16 1e-20
4306.9452 2.53243e-16 1e-20
4307.6398 2.46239e-16 1e-20
4308.3343 2.37051e-16 1e-20
4309.0289 2.38268e-16 1e-20
4309.7235 2.45049e-16 1e-20
4310.4181 2.31319e-16 1e-20
4311.1127 2.34564e-16 1e-20
4311.8073 2.439e-16 1e-20
4312.5019 2.2786e-16 1e-20
4313.1965 2.30623e-16 1e-20
4313.8911 2.55129e-16 1e-20
4314.5856 2.63829e-16 1e-20
4315.2802 2.40327e-16 1e-20
4315.9748 2.2653e-16 1e-20
4316.6694 2.1918e-16 1e-20
4317.364 2.41464e-16 1e-20
4318.0586 2.33801e-16 1e-20
4318.7532 2.28375e-16 1e-20
4319.4478 2.26341e-16 1e-20
4320.1423 2.31244e-16 1e-20
4320.8369 2.35362e-16 1e-20
4321.5315 2.26446e-16 1e-20
4322.2261 2.28077e-16 1e-20
4322.9207 2.32917e-16 1e-20
4323.6153 2.33297e-16 1e-20
4324.3099 2.22839e-16 1e-20
4325.0045 2.28872e-16 1e-20
4325.699 2.33322e-16 1e-20
4326.3936 2.0959e-16 1e-20
4327.0882 2.2339e-16 1e-20
4327.7828 2.25971e-16 1e-20
4328.4774 2.18566e-16 1e-20
4329.172 2.18429e-16 1e-20
4329.8666 2.03883e-16 1e-20
4330.5612 2.24063e-16 1e-20
4331.2557 2.47937e-16 1e-20
4331.9503 2.47223e-16 1e-20
4332.6449 2.19451e-16 1e-20
4333.3395 2.24453e-16 1e-20
4334.0341 2.28237e-16 1e-20
4334.7287 2.19371e-16 1e-20
4335.4233 2.10951e-16 1e-20
4336.1179 2.16508e-16 1e-20
4336.8124 2.20273e-16 1e-20
4337.507 2.15705e-16 1e-20
4338.2016 2.02292e-16 1e-20
4338.8962 1.90789e-16 1e-20
4339.5908 2.16466e-16 1e-20
4340.2854 2.1861e-16 1e-20
4340.98 2.15687e-16 1e-20
4341.6746 2.09953e-16 1e-20
4342.3691 2.10717e-16 1e-20
4343.0637 2.11129e-16 1e-20
4343.7583 2.2638e-16 1e-20
4344.4529 2.2364e-16 1e-20
4345.1475 2.23463e-16 1e-20
4345.8421 2.24946e-16 1e-20
4346.5367 2.07524e-16 1e-20
4347.2313 2.04702e-16 1e-20
4347.9258 2.04368e-16 1e-20
4348.6204 2.02031e-16 1e-20
4349.315 1.82308e-16 1e-20
4350.0096 1.90629e-16 1e-20
4350.7042 1.87318e-16 1e-20
4351.3988 1.96879e-16 1e-20
4352.0934 2.05999e-16 1e-20
4352.788 2.28615e-16 1e-20
4353.4825 2.06437e-16 1e-20
4354.1771 2.16557e-16 1e-20
4354.8717 2.25153e-16 1e-20
4355.5663 2.32364e-16 1e-20
4356.2609 2.2375e-16 1e-20
4356.9555 1.95984e-16 1e-20
4357.6501 2.16842e-16 1e-20
4358.3447 2.12092e-16 1e-20
4359.0392 2.14907e-16 1e-20
4359.7338 2.21374e-16 1e-20
4360.4284 2.26813e-16 1e-20
4361.123 2.26724e-16 1e-20
4361.8176 2.13052e-16 1e-20
4362.5122 2.0219e-16 1e-20
4363.2068 1.96798e-16 1e-20
4363.9014 2.20197e-16 1e-20
4364.5959 2.16436e-16 1e-20
4365.2905 2.17155e-16 1e-20
4365.9851 1.96225e-16 1e-20
4366.6797 2.15125e-16 1e-20
4367.3743 2.17904e-16 1e-20
4368.0689 2.08049e-16 1e-20
4368.7635 2.23219e-16 1e-20
4369.4581 2.38593e-16 1e-20
4370.1526 2.33526e-16 1e-20
4370.8472 2.11913e-16 1e-20
4371.5418 2.12241e-16 1e-20
4372.2364 2.15275e-16 1e-20
4372.931 2.32861e-16 1e-20
4373.6256 2.44606e-16 1e-20
4374.3202 2.34714e-16 1e-20
4375.0148 2.43956e-16 1e-20
4375.7093 2.47863e-16 1e-20
4376.4039 2.39404e-16 1e-20
4377.0985 2.38647e-16 1e-20
4377.7931 2.57364e-16 1e-20
4378.4877 2.45459e-16 1e-20
4379.1823 2.51755e-16 1e-20
4379.8769 2.36955e-16 1e-20
4380.5715 2.58573e-16 1e-20
4381.266 2.56365e-16 1e-20
4381.9606 2.31967e-16 1e-20
4382.6552 2.40326e-16 1e-20
4383.3498 2.60694e-16 1e-20
4384.0444 2.47965e-16 1e-20
4384.739 2.62928e-16 1e-20
4385.4336 2.53121e-16 1e-20
4386.1282 2.4775e-16 1e-20
4386.8227 2.54166e-16 1e-20
4387.5173 2.5862e-16 1e-20
4388.2119 2.65142e-16 1e-20
4388.9065 2.62588e-16 1e-20
4389.6011 2.71773e-16 1e-20
4390.2957 2.68025e-16 1e-20
4390.9903 2.52608e-16 1e-20
4391.6849 2.62737e-16 1e-20
4392.3794 2.68232e-16 1e-20
4393.074 2.57988e-16 1e-20
4393.7686 2.54017e-16 1e-20
4394.4632 2.75502e-16 1e-20
4395.1578 2.84948e-16 1e-20
4395.8524 2.82696e-16 1e-20
4396.547 2.69928e-16 1e-20
4397.2416 2.69323e-16 1e-20
4397.9362 2.7892e-16 1e-20
4398.6307 2.80368e-16 1e-20
4399.3253 2.87934e-16 1e-20
4400.0199 2.90524e-16 1e-20
4400.7145 2.93154e-16 1e-20
4401.4091 2.7483e-16 1e-20
4402.1037 2.77741e-16 1e-20
4402.7983 2.82958e-16 1e-20
4403.4928 3.02428e-16 1e-20
4404.1874 3.14941e-16 1e-20
4404.882 3.12282e-16 1e-20
4405.5766 3.00723e-16 1e-20
4406.2712 3.12891e-16 1e-20
4406.9658 2.98835e-16 1e-20
4407.6604 3.08437e-16 1e-20
4408.355 2.95037e-16 1e-20
4409.0495 3.04426e-16 1e-20
4409.7441 3.16629e-16 1e-20
4410.4387 2.97312e-16 1e-20
4411.1333 2.99255e-16 1e-20
4411.8279 3.05887e-16 1e-20
4412.5225 3.06364e-16 1e-20
4413.2171 2.98043e-16 1e-20
4413.9117 2.96464e-16 1e-20
4414.6062 3.02315e-16 1e-20
4415.3008 3.03623e-16 1e-20
4415.9954 3.20332e-16 1e-20
4416.69 3.37227e-16 1e-20
4417.3846 3.36393e-16 1e-20
4418.0792 3.25353e-16 1e-20
4418.7738 3.3106e-16 1e-20
4419.4684 3.36012e-16 1e-20
4420.163 3.23393e-16 1e-20
4420.8575 3.07508e-16 1e-20
4421.5521 3.18494e-16 1e-20
4422.2467 3.4063e-16 1e-20
4422.9413 3.30236e-16 1e-20
4423.6359 3.23563e-16 1e-20
4424.3305 3.29862e-16 1e-20
4425.0251 3.36876e-16 1e-20
4425.7196 3.37423e-16 1e-20
4426.4142 3.40932e-16 1e-20
4427.1088 3.45982e-16 1e-20
4427.8034 3.54768e-16 1e-20
4428.498 3.79216e-16 1e-20
4429.1926 3.68302e-16 1e-20
4429.8872 3.56475e-16 1e-20
4430.5818 3.49309e-16 1e-20
4431.2763 3.3451e-16 1e-20
4431.9709 3.46273e-16 1e-20
4432.6655 3.63865e-16 1e-20
4433.3601 3.77412e-16 1e-20
4434.0547 3.59784e-16 1e-20
4434.7493 3.68876e-16 1e-20
4435.4439 3.88544e-16 1e-20
4436.1385 3.95323e-16 1e-20
4436.8331 3.85127e-16 1e-20
4437.5276 3.79906e-16 1e-20
4438.2222 3.76248e-16 1e-20
4438.9168 3.77329e-16 1e-20
4439.6114 3.83914e-16 1e-20
4440.306 3.90987e-16 1e-20
4441.0006 3.97849e-16 1e-20
4441.6952 4.05302e-16 1e-20
4442.3898 4.11655e-16 1e-20
4443.0843 4.07689e-16 1e-20
4443.7789 4.1331e-16 1e-20
4444.4735 4.05732e-16 1e-20
4445.1681 3.83368e-16 1e-20
4445.8627 3.78203e-16 1e-20
4446.5573 3.94506e-16 1e-20
4447.2519 4.087e-16 1e-20
4447.9465 4.13773e-16 1e-20
4448.641 4.07901e-16 1e-20
4449.3356 4.27458e-16 1e-20
4450.0302 4.42089e-16 1e-20
4450.7248 4.2608e-16 1e-20
4451.4194 4.41761e-16 1e-20
4452.114 4.20431e-16 1e-20
4452.8086 4.15841e-16 1e-20
4453.5031 4.53862e-16 1e-20
4454.1977 4.29981e-16 1e-20
4454.8923 4.1511e-16 1e-20
4455.5869 4.08033e-16 1e-20
4456.2815 4.11344e-16 1e-20
4456.9761 4.26481e-16 1e-20
4457.6707 4.14759e-16 1e-20
4458.3653 4.23124e-16 1e-20
4459.0599 4.13155e-16 1e-20
4459.7544 3.9683e-16 1e-20
4460.449 4.10619e-16 1e-20
4461.1436 4.42815e-16 1e-20
4461.8382 4.3713e-16 1e-20
4462.5328 4.08056e-16 1e-20
4463.2274 4.02279e-16 1e-20
4463.922 4.36737e-16 1e-20
4464.6166 4.45626e-16 1e-20
4465.3111 4.32763e-16 1e-20
4466.0057 4.37837e-16 1e-20
4466.7003 4.43148e-16 1e-20
4467.3949 4.50619e-16 1e-20
4468.0895 4.39047e-16 1e-20
4468.7841 4.50834e-16 1e-20
4469.4787 4.26601e-16 1e-20
4470.1733 4.26772e-16 1e-20
4470.8678 4.56583e-16 1e-20
4471.5624 4.51296e-16 1e-20
4472.257 4.59732e-16 1e-20
4472.9516 4.55012e-16 1e-20
4473.6462 4.52291e-16 1e-20
4474.3408 4.42857e-16 1e-20
4475.0354 4.49799e-16 1e-20
4475.7299 4.72673e-16 1e-20
4476.4245 4.69505e-16 1e-20
4477.1191 4.55956e-16 1e-20
4477.8137 4.55977e-16 1e-20
4478.5083 4.79113e-16 1e-20
4479.2029 4.97006e-16 1e-20
4479.8975 4.90433e-16 1e-20
4480.5921 4.86447e-16 1e-20
4481.2867 4.72904e-16 1e-20
4481.9812 4.73712e-16 1e-20
4482.6758 4.96837e-16 1e-20
4483.3704 4.6063e-16 1e-20
4484.065 4.67505e-16 1e-20
4484.7596 4.70257e-16 1e-20
4485.4542 4.66309e-16 1e-20
4486.1488 4.77838e-16 1e-20
4486.8434 4.78475e-16 1e-20
4487.5379 5.00753e-16 1e-20
4488.2325 4.9698e-16 1e-20
4488.9271 4.90895e-16 1e-20
4489.6217 5.09245e-16 1e-20
4490.3163 5.20546e-16 1e-20
4491.0109 5.14408e-16 1e-20
4491.7055 4.82444e-16 1e-20
4492.4001 4.76074e-16 1e-20
4493.0946 4.99283e-16 1e-20
4493.7892 5.03941e-16 1e-20
4494.4838 5.06927e-16 1e-20
4495.1784 4.9936e-16 1e-20
4495.873 4.87245e-16 1e-20
4496.5676 5.06464e-16 1e-20
4497.2622 5.10558e-16 1e-20
4497.9568 5.07407e-16 1e-20
4498.6513 5.01758e-16 1e-20
4499.3459 5.01901e-16 1e-20
4500.0405 5.0507e-16 1e-20
4500.7351 5.05077e-16 1e-20
4501.4297 5.00952e-16 1e-20
4502.1243 5.04594e-16 1e-20
4502.8189 4.9169e-16 1e-20
4503.5135 4.97697e-16 1e-20
4504.208 4.99969e-16 1e-20
4504.9026 5.05488e-16 1e-20
4505.5972 5.15162e-16 1e-20
4506.2918 4.89072e-16 1e-20
4506.9864 5.07191e-16 1e-20
4507.681 5.2282e-16 1e-20
4508.3756 4.90868e-16 1e-20
4509.0702 4.80994e-16 1e-20
4509.7647 4.98859e-16 1e-20
4510.4593 5.247e-16 1e-20
4511.1539 5.23793e-16 1e-20
4511.8485 5.20687e-16 1e-20
4512.5431 5.124e-16 1e-20
4513.2377 5.23236e-16 1e-20
4513.9323 5.15199e-16 1e-20
4514.6269 5.02204e-16 1e-20
4515.3214 5.18525e-16 1e-20
4516.016 5.33974e-16 1e-20
4516.7106 5.29779e-16 1e-20
4517.4052 5.36691e-16 1e-20
4518.0998 5.25054e-16 1e-20
4518.7944 4.98339e-16 1e-20
4519.489 5.03173e-16 1e-20
4520.1836 5.22246e-16 1e-20
4520.8781 5.37988e-16 1e-20
4521.5727 5.19762e-16 1e-20
4522.2673 5.423e-16 1e-20
4522.9619 5.30903e-16 1e-20
4523.6565 5.06962e-16 1e-20
4524.3511 5.06488e-16 1e-20
4525.0457 5.30836e-16 1e-20
4525.7403 5.56808e-16 1e-20
4526.4348 5.33688e-16 1e-20
4527.1294 5.03496e-16 1e-20
4527.824 5.29565e-16 1e-20
4528.5186 5.38521e-16 1e-20
4529.2132 5.41614e-16 1e-20
4529.9078 5.40118e-16 1e-20
4530.6024 5.37516e-16 1e-20
4531.297 5.36032e-16 1e-20
4531.9915 5.36575e-16 1e-20
4532.6861 5.24175e-16 1e-20
4533.3807 5.39666e-16 1e-20
4534.0753 5.35785e-16 1e-20
4534.7699 5.29061e-16 1e-20
4535.4645 5.46007e-16 1e-20
4536.1591 5.43254e-16 1e-20
4536.8537 5.53791e-16 1e-20
4537.5482 5.66616e-16 1e-20
4538.2428 5.36216e-16 1e-20
4538.9374 5.23613e-16 1e-20
4539.632 5.42698e-16 1e-20
4540.3266 5.13791e-16 1e-20
4541.0212 5.10881e-16 1e-20
4541.7158 5.31989e-16 1e-20
4542.4104 5.30569e-16 1e-20
4543.1049 5.10096e-16 1e-20
4543.7995 5.20791e-16 1e-20
4544.4941 5.07721e-16 1e-20
4545.1887 5.03952e-16 1e-20
4545.8833 5.2825e-16 1e-20
4546.5779 5.24338e-16 1e-20
4547.2725 4.94994e-16 1e-20
4547.9671 5.09343e-16 1e-20
4548.6616 5.06753e-16 1e-20
4549.3562 4.90709e-16 1e-20
4550.0508 5.00211e-16 1e-20
4550.7454 5.18086e-16 1e-20
4551.44 5.15247e-16 1e-20
4552.1346 4.90688e-16 1e-20
4552.8292 5.03751e-16 1e-20
4553.5238 5.31593e-16 1e-20
4554.2183 5.05945e-16 1e-20
4554.9129 5.06847e-16 1e-20
4555.6075 5.21346e-16 1e-20
4556.3021 5.17272e-16 1e-20
4556.9967 5.24281e-16 1e-20
4557.6913 5.12032e-16 1e-20
4558.3859 4.99724e-16 1e-20
4559.0805 5.043e-16 1e-20
4559.775 5.00814e-16 1e-20
4560.4696 5.13e-16 1e-20
4561.1642 4.87275e-16 1e-20
4561.8588 4.92844e-16 1e-20
4562.5534 5.16171e-16 1e-20
4563.248 4.86621e-16 1e-20
4563.9426 4.87191e-16 1e-20
4564.6372 5.01437e-16 1e-20
4565.3317 4.86193e-16 1e-20
4566.0263 4.81777e-16 1e-20
4566.7209 4.58687e-16 1e-20
4567.4155 4.81601e-16 1e-20
4568.1101 4.93643e-16 1e-20
4568.8047 4.73176e-16 1e-20
4569.4993 4.58342e-16 1e-20
4570.1939 4.71431e-16 1e-20
4570.8884 4.8119e-16 1e-20
4571.583 4.92681e-16 1e-20
4572.2776 4.66435e-16 1e-20
4572.9722 4.73049e-16 1e-20
4573.6668 4.6548e-16 1e-20
4574.3614 4.56181e-16 1e-20
4575.056 4.40348e-16 1e-20
4575.7506 4.47313e-16 1e-20
4576.4451 4.49235e-16 1e-20
4577.1397 4.56679e-16 1e-20
4577.8343 4.84687e-16 1e-20
4578.5289 4.73695e-16 1e-20
4579.2235 4.6605e-16 1e-20
4579.9181 4.61894e-16 1e-20
4580.6127 4.71087e-16 1e-20
4581.3073 4.52284e-16 1e-20
4582.0019 4.73898e-16 1e-20
4582.6964 4.93328e-16 1e-20
4583.391 4.60172e-16 1e-20
4584.0856 4.66752e-16 1e-20
4584.7802 4.62292e-16 1e-20
4585.4748 4.74597e-16 1e-20
4586.1694 4.80814e-16 1e-20
4586.864 4.69277e-16 1e-20
4587.5586 4.78097e-16 1e-20
4588.2531 4.75426e-16 1e-20
4588.9477 4.75446e-16 1e-20
4589.6423 4.63024e-16 1e-20
4590.3369 4.58339e-16 1e-20
4591.0315 4.66147e-16 1e-20
4591.7261 4.71649e-16 1e-20
4592.4207 4.659e-16 1e-20
4593.1152 4.56832e-16 1e-20
4593.8098 4.74058e-16 1e-20
4594.5044 4.85568e-16 1e-20
4595.199 4.98424e-16 1e-20
4595.8936 4.93403e-16 1e-20
4596.5882 4.89236e-16 1e-20
4597.2828 4.90682e-16 1e-20
4597.9774 4.77159e-16 1e-20
4598.6719 4.79555e-16 1e-20
4599.3665 4.79027e-16 1e-20
4600.0611 4.68807e-16 1e-20
4600.7557 4.78111e-16 1e-20
4601.4503 4.91909e-16 1e-20
4602.1449 4.89179e-16 1e-20
4602.8395 4.82738e-16 1e-20
4603.5341 5.00334e-16 1e-20
4604.2287 4.96222e-16 1e-20
4604.9232 4.84333e-16 1e-20
4605.6178 4.91031e-16 1e-20
4606.3124 4.82991e-16 1e-20
4607.007 4.82533e-16 1e-20
4607.7016 4.89362e-16 1e-20
4608.3962 4.96275e-16 1e-20
4609.0908 4.97297e-16 1e-20
4609.7854 4.96488e-16 1e-20
4610.4799 4.92602e-16 1e-20
4611.1745 4.93221e-16 1e-20
4611.8691 4.81946e-16 1e-20
4612.5637 4.95112e-16 1e-20
4613.2583 5.09559e-16 1e-20
4613.9529 4.93639e-16 1e-20
4614.6475 4.84484e-16 1e-20
4615.342 4.98811e-16 1e-20
4616.0366 5.01576e-16 1e-20
4616.7312 4.87969e-16 1e-20
4617.4258 4.76524e-16 1e-20
4618.1204 4.7829e-16 1e-20
4618.815 4.88298e-16 1e-20
4619.5096 4.95513e-16 1e-20
4620.2042 4.81198e-16 1e-20
4620.8988 4.7237e-16 1e-20
4621.5933 4.97445e-16 1e-20
4622.2879 4.95297e-16 1e-20
4622.9825 4.79815e-16 1e-20
4623.6771 4.91181e-16 1e-20
4624.3717 4.9883e-16 1e-20
4625.0663 4.95151e-16 1e-20
4625.7609 4.81494e-16 1e-20
4626.4555 4.7953e-16 1e-20
4627.15 4.79295e-16 1e-20
4627.8446 4.85456e-16 1e-20
4628.5392 4.76936e-16 1e-20
4629.2338 4.95383e-16 1e-20
4629.9284 5.09944e-16 1e-20
4630.623 5.07911e-16 1e-20
4631.3176 5.08303e-16 1e-20
4632.0122 5.11509e-16 1e-20
4632.7067 4.77969e-16 1e-20
4633.4013 4.81562e-16 1e-20
4634.0959 5.09873e-16 1e-20
4634.7905 5.11135e-16 1e-20
4635.4851 5.01428e-16 1e-20
4636.1797 4.83199e-16 1e-20
4636.8743 5.14755e-16 1e-20
4637.5688 4.99921e-16 1e-20
4638.2634 4.91564e-16 1e-20
4638.958 4.81402e-16 1e-20
4639.6526 5.05643e-16 1e-20
4640.3472 5.09261e-16 1e-20
4641.0418 4.92636e-16 1e-20
4641.7364 4.85938e-16 1e-20
4642.431 4.84859e-16 1e-20
4643.1256 4.49321e-16 1e-20
4643.8201 4.54313e-16 1e-20
4644.5147 4.68689e-16 1e-20
4645.2093 4.78687e-16 1e-20
4645.9039 4.79757e-16 1e-20
4646.5985 4.74418e-16 1e-20
4647.2931 4.66046e-16 1e-20
4647.9877 4.65806e-16 1e-20
4648.6823 4.64989e-16 1e-20
4649.3768 4.6907e-16 1e-20
4650.0714 4.67819e-16 1e-20
4650.766 4.37734e-16 1e-20
4651.4606 4.44578e-16 1e-20
4652.1552 4.61231e-16 1e-20
4652.8498 4.71753e-16 1e-20
4653.5444 4.59644e-16 1e-20
4654.239 4.29597e-16 1e-20
4654.9335 4.28336e-16 1e-20
4655.6281 4.47527e-16 1e-20
4656.3227 4.49459e-16 1e-20
4657.0173 4.56283e-16 1e-20
4657.7119 4.38416e-16 1e-20
4658.4065 4.26052e-16 1e-20
4659.1011 4.43661e-16 1e-20
4659.7957 4.19082e-16 1e-20
4660.4902 4.11284e-16 1e-20
4661.1848 4.326e-16 1e-20
4661.8794 4.18316e-16 1e-20
4662.574 4.15722e-16 1e-20
4663.2686 4.01975e-16 1e-20
4663.9632 4.05928e-16 1e-20
4664.6578 4.12757e-16 1e-20
4665.3524 3.94846e-16 1e-20
4666.0469 3.98222e-16 1e-20
4666.7415 4.04475e-16 1e-20
4667.4361 4.0465e-16 1e-20
4668.1307 3.99375e-16 1e-20
4668.8253 3.80333e-16 1e-20
4669.5199 3.8497e-16 1e-20
4670.2145 3.87105e-16 1e-20
4670.9091 3.94733e-16 1e-20
4671.6036 4.09407e-16 1e-20
4672.2982 3.83141e-16 1e-20
4672.9928 3.75089e-16 1e-20
4673.6874 3.87414e-16 1e-20
4674.382 3.84053e-16 1e-20
4675.0766 3.83659e-16 1e-20
4675.7712 3.90506e-16 1e-20
4676.4658 3.87506e-16 1e-20
4677.1603 4.03458e-16 1e-20
4677.8549 3.9789e-16 1e-20
4678.5495 3.91004e-16 1e-20
4679.2441 3.78549e-16 1e-20
4679.9387 3.84481e-16 1e-20
4680.6333 3.77556e-16 1e-20
4681.3279 3.71525e-16 1e-20
4682.0225 3.72666e-16 1e-20
4682.717 3.78004e-16 1e-20
4683.4116 3.7596e-16 1e-20
4684.1062 3.91394e-16 1e-20
4684.8008 4.05071e-16 1e-20
4685.4954 3.85692e-16 1e-20
4686.19 3.61009e-16 1e-20
4686.8846 3.77997e-16 1e-20
4687.5792 3.83582e-16 1e-20
4688.2737 3.75264e-16 1e-20
4688.9683 3.68718e-16 1e-20
4689.6629 3.68467e-16 1e-20
4690.3575 3.70952e-16 1e-20
4691.0521 3.69217e-16 1e-20
4691.7467 3.74184e-16 1e-20
4692.4413 3.81703e-16 1e-20
4693.1359 3.71325e-16 1e-20
4693.8304 3.73219e-16 1e-20
4694.525 3.86259e-16 1e-20
4695.2196 3.8384e-16 1e-20
4695.9142 3.86751e-16 1e-20
4696.6088 3.77821e-16 1e-20
4697.3034 3.73101e-16 1e-20
4697.998 3.72728e-16 1e-20
4698.6926 3.78634e-16 1e-20
4699.3871 3.78191e-16 1e-20
4700.0817 3.87007e-16 1e-20
4700.7763 3.99967e-16 1e-20
4701.4709 3.825e-16 1e-20
4702.1655 3.67408e-16 1e-20
4702.8601 3.83632e-16 1e-20
4703.5547 3.97077e-16 1e-20
4704.2493 4.03821e-16 1e-20
4704.9439 3.93796e-16 1e-20
4705.6384 3.94168e-16 1e-20
4706.333 3.92074e-16 1e-20
4707.0276 3.93627e-16 1e-20
4707.7222 3.95068e-16 1e-20
4708.4168 4.0278e-16 1e-20
4709.1114 4.04933e-16 1e-20
4709.806 4.06814e-16 1e-20
4710.5005 4.1103e-16 1e-20
4711.1951 4.06861e-16 1e-20
4711.8897 4.09163e-16 1e-20
4712.5843 4.17991e-16 1e-20
4713.2789 4.15513e-16 1e-20
4713.9735 4.12436e-16 1e-20
4714.6681 4.14574e-16 1e-20
4715.3627 4.06796e-16 1e-20
4716.0572 3.94147e-16 1e-20
4716.7518 4.18628e-16 1e-20
4717.4464 4.34356e-16 1e-20
4718.141 4.26987e-16 1e-20
4718.8356 4.33948e-16 1e-20
4719.5302 4.5146e-16 1e-20
4720.2248 4.28186e-16 1e-20
4720.9194 4.19573e-16 1e-20
4721.6139 4.27114e-16 1e-20
4722.3085 4.34069e-16 1e-20
4723.0031 4.17264e-16 1e-20
4723.6977 4.19973e-16 1e-20
4724.3923 4.39802e-16 1e-20
4725.0869 4.49963e-16 1e-20
4725.7815 4.45208e-16 1e-20
4726.4761 4.41813e-16 1e-20
4727.1707 4.36237e-16 1e-20
4727.8652 4.33591e-16 1e-20
4728.5598 4.31453e-16 1e-20
4729.2544 4.33469e-16 1e-20
4729.949 4.34356e-16 1e-20
4730.6436 4.2105e-16 1e-20
4731.3382 4.14009e-16 1e-20
4732.0328 4.30486e-16 1e-20
4732.7273 4.35049e-16 1e-20
4733.4219 4.39876e-16 1e-20
4734.1165 4.24557e-16 1e-20
4734.8111 4.25256e-16 1e-20
4735.5057 4.3287e-16 1e-20
4736.2003 4.31222e-16 1e-20
4736.8949 4.34292e-16 1e-20
4737.5895 4.27817e-16 1e-20
4738.284 4.24653e-16 1e-20
4738.9786 4.08189e-16 1e-20
4739.6732 4.05196e-16 1e-20
4740.3678 4.18482e-16 1e-20
4741.0624 4.1235e-16 1e-20
4741.757 4.05891e-16 1e-20
4742.4516 4.10311e-16 1e-20
4743.1462 4.10582e-16 1e-20
4743.8407 4.00808e-16 1e-20
4744.5353 3.89443e-16 1e-20
4745.2299 3.89686e-16 1e-20
4745.9245 4.08768e-16 1e-20
4746.6191 4.07217e-16 1e-20
4747.3137 3.91506e-16 1e-20
4748.0083 3.95605e-16 1e-20
4748.7029 3.88953e-16 1e-20
4749.3975 3.64735e-16 1e-20
4750.092 3.74328e-16 1e-20
4750.7866 3.84198e-16 1e-20
4751.4812 3.75803e-16 1e-20
4752.1758 3.7347e-16 1e-20
4752.8704 3.54263e-16 1e-20
4753.565 3.55751e-16 1e-20
4754.2596 3.61884e-16 1e-20
4754.9541 3.71473e-16 1e-20
4755.6487 3.70776e-16 1e-20
4756.3433 3.68323e-16 1e-20
4757.0379 3.53341e-16 1e-20
4757.7325 3.53717e-16 1e-20
4758.4271 3.56784e-16 1e-20
4759.1217 3.47101e-16 1e-20
4759.8163 3.51842e-16 1e-20
4760.5108 3.45091e-16 1e-20
4761.2054 3.38521e-16 1e-20
4761.9 3.31927e-16 1e-20
4762.5946 3.35927e-16 1e-20
4763.2892 3.47517e-16 1e-20
4763.9838 3.42735e-16 1e-20
4764.6784 3.41525e-16 1e-20
4765.373 3.58853e-16 1e-20
4766.0676 3.66801e-16 1e-20
4766.7621 3.65024e-16 1e-20
4767.4567 3.60436e-16 1e-20
4768.1513 3.4173e-16 1e-20
4768.8459 3.38098e-16 1e-20
4769.5405 3.50879e-16 1e-20
4770.2351 3.39791e-16 1e-20
4770.9297 3.20122e-16 1e-20
4771.6243 3.37414e-16 1e-20
4772.3188 3.46728e-16 1e-20
4773.0134 3.48677e-16 1e-20
4773.708 3.48257e-16 1e-20
4774.4026 3.48295e-16 1e-20
4775.0972 3.54294e-16 1e-20
4775.7918 3.45584e-16 1e-20
4776.4864 3.36799e-16 1e-20
4777.181 3.46595e-16 1e-20
4777.8755 3.37578e-16 1e-20
4778.5701 3.35901e-16 1e-20
4779.2647 3.46766e-16 1e-20
4779.9593 3.58487e-16 1e-20
4780.6539 3.6345e-16 1e-20
4781.3485 3.56801e-16 1e-20
4782.0431 3.49845e-16 1e-20
4782.7376 3.70558e-16 1e-20
4783.4322 3.57855e-16 1e-20
4784.1268 3.57339e-16 1e-20
4784.8214 3.50436e-16 1e-20
4785.516 3.48781e-16 1e-20
4786.2106 3.49192e-16 1e-20
4786.9052 3.54506e-16 1e-20
4787.5998 3.57764e-16 1e-20
4788.2944 3.56597e-16 1e-20
4788.9889 3.47528e-16 1e-20
4789.6835 3.59126e-16 1e-20
4790.3781 3.67693e-16 1e-20
4791.0727 3.59595e-16 1e-20
4791.7673 3.50129e-16 1e-20
4792.4619 3.49766e-16 1e-20
4793.1565 3.59577e-16 1e-20
4793.8511 3.72731e-16 1e-20
4794.5456 3.51067e-16 1e-20
4795.2402 3.51868e-16 1e-20
4795.9348 3.5267e-16 1e-20
4796.6294 3.53471e-16 1e-20
4797.324 3.54272e-16 1e-20
4798.0186 3.55073e-16 1e-20
4798.7132 3.55875e-16 1e-20
4799.4078 3.56676e-16 1e-20
4800.1023 3.57477e-16 1e-20
4800.7969 3.58278e-16 1e-20
4801.4915 3.59079e-16 1e-20
4802.1861 3.5988e-16 1e-20
4802.8807 3.60682e-16 1e-20
4803.5753 3.61483e-16 1e-20
4804.2699 3.62284e-16 1e-20
4804.9644 3.63086e-16 1e-20
4805.659 3.63887e-16 1e-20
4806.3536 3.64688e-16 1e-20
4807.0482 3.65489e-16 1e-20
4807.7428 3.6629e-16 1e-20
4808.4374 3.67091e-16 1e-20
4809.132 3.67892e-16 1e-20
4809.8266 3.68694e-16 1e-20
4810.5212 3.69495e-16 1e-20
4811.2157 3.70296e-16 1e-20
4811.9103 3.71098e-16 1e-20
4812.6049 3.71899e-16 1e-20
4813.2995 3.727e-16 1e-20
4813.9941 3.73501e-16 1e-20
4814.6887 3.74302e-16 1e-20
4815.3833 3.75103e-16 1e-20
4816.0779 3.75904e-16 1e-20
4816.7724 3.76706e-16 1e-20
4817.467 3.77507e-16 1e-20
4818.1616 3.78308e-16 1e-20
4818.8562 3.7911e-16 1e-20
4819.5508 3.79911e-16 1e-20
4820.2454 3.80712e-16 1e-20
4820.94 3.81514e-16 1e-20
4821.6346 3.82315e-16 1e-20
4822.3291 3.83116e-16 1e-20
4823.0237 3.83917e-16 1e-20
4823.7183 3.84718e-16 1e-20
4824.4129 3.85519e-16 1e-20
4825.1075 3.8632e-16 1e-20
4825.8021 3.87122e-16 1e-20
4826.4967 3.87923e-16 1e-20
4827.1913 3.88724e-16 1e-20
4827.8858 3.89526e-16 1e-20
4828.5804 3.90327e-16 1e-20
4829.275 3.91128e-16 1e-20
4829.9696 3.91929e-16 1e-20
4830.6642 3.9273e-16 1e-20
4831.3588 3.93531e-16 1e-20
4832.0534 3.94332e-16 1e-20
4832.748 3.95134e-16 1e-20
4833.4425 3.95935e-16 1e-20
4834.1371 3.96736e-16 1e-20
4834.8317 3.97538e-16 1e-20
4835.5263 3.98339e-16 1e-20
4836.2209 3.9914e-16 1e-20
4836.9155 3.99941e-16 1e-20
4837.6101 4.00742e-16 1e-20
4838.3047 4.01544e-16 1e-20
4838.9992 4.02345e-16 1e-20
4839.6938 4.03146e-16 1e-20
4840.3884 4.03947e-16 1e-20
4841.083 4.04748e-16 1e-20
4841.7776 4.0555e-16 1e-20
4842.4722 4.06351e-16 1e-20
4843.1668 4.07152e-16 1e-20
4843.8614 4.07953e-16 1e-20
4844.5559 4.08755e-16 1e-20
4845.2505 4.09556e-16 1e-20
4845.9451 4.10357e-16 1e-20
4846.6397 4.11158e-16 1e-20
4847.3343 4.11959e-16 1e-20
4848.0289 4.1276e-16 1e-20
4848.7235 4.13562e-16 1e-20
4849.4181 4.14363e-16 1e-20
4850.1126 4.15164e-16 1e-20
4850.8072 4.11349e-16 1e-20
4851.5018 4.17014e-16 1e-20
4852.1964 4.15233e-16 1e-20
4852.891 4.1057e-16 1e-20
4853.5856 4.06179e-16 1e-20
4854.2802 4.01211e-16 1e-20
4854.9748 3.9996e-16 1e-20
4855.6693 3.98842e-16 1e-20
4856.3639 3.87859e-16 1e-20
4857.0585 3.67668e-16 1e-20
4857.7531 3.66446e-16 1e-20
4858.4477 3.72301e-16 1e-20
4859.1423 3.77138e-16 1e-20
4859.8369 3.70377e-16 1e-20
4860.5315 3.54612e-16 1e-20
4861.226 3.46928e-16 1e-20
4861.9206 3.47004e-16 1e-20
4862.6152 3.43289e-16 1e-20
4863.3098 3.31616e-16 1e-20
4864.0044 3.28868e-16 1e-20
4864.699 3.29358e-16 1e-20
4865.3936 3.14957e-16 1e-20
4866.0882 3.19819e-16 1e-20
4866.7827 3.12653e-16 1e-20
4867.4773 3.08833e-16 1e-20
4868.1719 3.05834e-16 1e-20
4868.8665 3.08473e-16 1e-20
4869.5611 3.11814e-16 1e-20
4870.2557 3.0841e-16 1e-20
4870.9503 3.13087e-16 1e-20
4871.6449 3.02069e-16 1e-20
4872.3394 2.82342e-16 1e-20
4873.034 2.8252e-16 1e-20
4873.7286 2.93522e-16 1e-20
4874.4232 2.89083e-16 1e-20
4875.1178 2.81246e-16 1e-20
4875.8124 2.71125e-16 1e-20
4876.507 2.77246e-16 1e-20
4877.2016 2.85755e-16 1e-20
4877.8961 2.92258e-16 1e-20
4878.5907 2.81579e-16 1e-20
4879.2853 2.74988e-16 1e-20
4879.9799 2.83169e-16 1e-20
4880.6745 2.7667e-16 1e-20
4881.3691 2.67256e-16 1e-20
4882.0637 2.72307e-16 1e-20
4882.7583 2.79041e-16 1e-20
4883.4528 2.77111e-16 1e-20
4884.1474 2.6288e-16 1e-20
4884.842 2.60508e-16 1e-20
4885.5366 2.66379e-16 1e-20
4886.2312 2.61954e-16 1e-20
4886.9258 2.5998e-16 1e-20
4887.6204 2.65167e-16 1e-20
4888.315 2.57885e-16 1e-20
4889.0095 2.5795e-16 1e-20
4889.7041 2.6676e-16 1e-20
4890.3987 2.63518e-16 1e-20
4891.0933 2.66266e-16 1e-20
4891.7879 2.71176e-16 1e-20
4892.4825 2.63045e-16 1e-20
4893.1771 2.64705e-16 1e-20
4893.8717 2.69983e-16 1e-20
4894.5662 2.72316e-16 1e-20
4895.2608 2.68979e-16 1e-20
4895.9554 2.69327e-16 1e-20
4896.65 2.67074e-16 1e-20
4897.3446 2.54748e-16 1e-20
4898.0392 2.68116e-16 1e-20
4898.7338 2.79452e-16 1e-20
4899.4284 2.75257e-16 1e-20
4900.1229 2.7314e-16 1e-20
4900.8175 2.77492e-16 1e-20
4901.5121 2.80244e-16 1e-20
4902.2067 2.80164e-16 1e-20
4902.9013 2.89888e-16 1e-20
4903.5959 2.82119e-16 1e-20
4904.2905 2.74078e-16 1e-20
4904.9851 2.79356e-16 1e-20
4905.6796 2.92704e-16 1e-20
4906.3742 2.99164e-16 1e-20
4907.0688 2.91998e-16 1e-20
4907.7634 2.94925e-16 1e-20
4908.458 2.93706e-16 1e-20
4909.1526 2.82247e-16 1e-20
4909.8472 2.69541e-16 1e-20
4910.5418 2.80733e-16 1e-20
4911.2364 2.99897e-16 1e-20
4911.9309 2.94368e-16 1e-20
4912.6255 2.9362e-16 1e-20
4913.3201 3.04116e-16 1e-20
4914.0147 3.0145e-16 1e-20
4914.7093 2.95785e-16 1e-20
4915.4039 2.97353e-16 1e-20
4916.0985 2.97673e-16 1e-20
4916.7931 3.04672e-16 1e-20
4917.4876 3.21387e-16 1e-20
4918.1822 3.21392e-16 1e-20
4918.8768 3.23857e-16 1e-20
4919.5714 3.04342e-16 1e-20
4920.266 2.90773e-16 1e-20
4920.9606 3.15587e-16 1e-20
4921.6552 3.08367e-16 1e-20
4922.3497 2.95851e-16 1e-20
4923.0443 3.00343e-16 1e-20
4923.7389 3.04195e-16 1e-20
4924.4335 3.03205e-16 1e-20
4925.1281 3.18803e-16 1e-20
4925.8227 3.11563e-16 1e-20
4926.5173 3.1244e-16 1e-20
4927.2119 3.11355e-16 1e-20
4927.9064 2.93015e-16 1e-20
4928.601 3.10492e-16 1e-20
4929.2956 3.14525e-16 1e-20
4929.9902 3.05612e-16 1e-20
4930.6848 3.03613e-16 1e-20
4931.3794 3.01194e-16 1e-20
4932.074 3.10892e-16 1e-20
4932.7686 3.10599e-16 1e-20
4933.4632 3.09776e-16 1e-20
4934.1577 3.0003e-16 1e-20
4934.8523 2.99155e-16 1e-20
4935.5469 3.01041e-16 1e-20
4936.2415 3.11604e-16 1e-20
4936.9361 3.20199e-16 1e-20
4937.6307 3.17939e-16 1e-20
4938.3253 3.07643e-16 1e-20
4939.0199 2.95098e-16 1e-20
4939.7144 3.02362e-16 1e-20
4940.409 3.20008e-16 1e-20
4941.1036 3.28794e-16 1e-20
4941.7982 3.20847e-16 1e-20
4942.4928 3.24348e-16 1e-20
4943.1874 3.25626e-16 1e-20
4943.882 3.21428e-16 1e-20
4944.5765 3.20095e-16 1e-20
4945.2711 3.03947e-16 1e-20
4945.9657 3.05541e-16 1e-20
4946.6603 3.06043e-16 1e-20
4947.3549 3.11545e-16 1e-20
4948.0495 3.06832e-16 1e-20
4948.7441 2.94539e-16 1e-20
4949.4387 3.00095e-16 1e-20
4950.1333 3.06677e-16 1e-20
4950.8278 3.09606e-16 1e-20
4951.5224 3.0614e-16 1e-20
4952.217 2.9728e-16 1e-20
4952.9116 3.01134e-16 1e-20
4953.6062 3.11442e-16 1e-20
4954.3008 3.17742e-16 1e-20
4954.9954 3.18428e-16 1e-20
4955.69 3.16269e-16 1e-20
4956.3845 3.0751e-16 1e-20
4957.0791 3.10265e-16 1e-20
4957.7737 3.1664e-16 1e-20
4958.4683 3.10823e-16 1e-20
4959.1629 3.1267e-16 1e-20
4959.8575 3.21697e-16 1e-20
4960.5521 3.19676e-16 1e-20
4961.2467 3.05594e-16 1e-20
4961.9412 3.02729e-16 1e-20
4962.6358 3.10967e-16 1e-20
4963.3304 3.09871e-16 1e-20
4964.025 3.08229e-16 1e-20
4964.7196 3.19428e-16 1e-20
4965.4142 3.12483e-16 1e-20
4966.1088 3.14911e-16 1e-20
4966.8033 3.24202e-16 1e-20
4967.4979 3.2836e-16 1e-20
4968.1925 3.28161e-16 1e-20
4968.8871 3.25722e-16 1e-20
4969.5817 3.27906e-16 1e-20
4970.2763 3.27762e-16 1e-20
4970.9709 3.29448e-16 1e-20
4971.6655 3.3002e-16 1e-20
4972.3601 3.27883e-16 1e-20
4973.0546 3.24285e-16 1e-20
4973.7492 3.27939e-16 1e-20
4974.4438 3.17249e-16 1e-20
4975.1384 3.10399e-16 1e-20
4975.833 3.1113e-16 1e-20
4976.5276 3.14643e-16 1e-20
4977.2222 3.12123e-16 1e-20
4977.9168 3.0374e-16 1e-20
4978.6113 2.9292e-16 1e-20
4979.3059 2.89134e-16 1e-20
4980.0005 2.82558e-16 1e-20
4980.6951 2.74204e-16 1e-20
4981.3897 2.75597e-16 1e-20
4982.0843 2.80697e-16 1e-20
4982.7789 2.84593e-16 1e-20
4983.4735 2.76361e-16 1e-20
4984.168 2.7612e-16 1e-20
4984.8626 2.88695e-16 1e-20
4985.5572 2.79808e-16 1e-20
4986.2518 2.71779e-16 1e-20
4986.9464 2.82111e-16 1e-20
4987.641 2.72424e-16 1e-20
4988.3356 2.72508e-16 1e-20
4989.0302 2.66473e-16 1e-20
4989.7247 2.63236e-16 1e-20
4990.4193 2.70577e-16 1e-20
4991.1139 2.72985e-16 1e-20
4991.8085 2.66195e-16 1e-20
4992.5031 2.70979e-16 1e-20
4993.1977 2.70586e-16 1e-20
4993.8923 2.73484e-16 1e-20
4994.5869 2.80053e-16 1e-20
4995.2814 2.74436e-16 1e-20
4995.976 2.7011e-16 1e-20
4996.6706 2.80592e-16 1e-20
4997.3652 2.78531e-16 1e-20
4998.0598 2.7303e-16 1e-20
4998.7544 2.67386e-16 1e-20
4999.449 2.7682e-16 1e-20
5000.1436 2.77619e-16 1e-20
5000.8381 2.74116e-16 1e-20
5001.5327 2.80885e-16 1e-20
5002.2273 2.82226e-16 1e-20
5002.9219 2.78231e-16 1e-20
5003.6165 2.8091e-16 1e-20
5004.3111 2.81049e-16 1e-20
5005.0057 2.82875e-16 1e-20
5005.7003 2.91344e-16 1e-20
5006.3948 2.9546e-16 1e-20
5007.0894 2.83122e-16 1e-20
5007.784 2.75818e-16 1e-20
5008.4786 2.85642e-16 1e-20
5009.1732 2.84208e-16 1e-20
5009.8678 2.81183e-16 1e-20
5010.5624 2.8971e-16 1e-20
5011.257 2.86308e-16 1e-20
5011.9515 2.72711e-16 1e-20
5012.6461 2.78069e-16 1e-20
5013.3407 2.85286e-16 1e-20
5014.0353 2.79807e-16 1e-20
5014.7299 2.85268e-16 1e-20
5015.4245 2.83263e-16 1e-20
5016.1191 2.82029e-16 1e-20
5016.8137 2.90346e-16 1e-20
5017.5082 2.90234e-16 1e-20
5018.2028 2.9777e-16 1e-20
5018.8974 3.06859e-16 1e-20
5019.592 2.97676e-16 1e-20
5020.2866 2.95101e-16 1e-20
5020.9812 2.98662e-16 1e-20
5021.6758 2.91693e-16 1e-20
5022.3704 2.95026e-16 1e-20
5023.0649 2.96083e-16 1e-20
5023.7595 3.02731e-16 1e-20
5024.4541 3.03192e-16 1e-20
5025.1487 2.93448e-16 1e-20
5025.8433 2.9745e-16 1e-20
5026.5379 3.10657e-16 1e-20
5027.2325 3.08001e-16 1e-20
5027.9271 3.00417e-16 1e-20
5028.6216 3.08597e-16 1e-20
5029.3162 3.08894e-16 1e-20
5030.0108 3.1917e-16 1e-20
5030.7054 3.172e-16 1e-20
5031.4 3.10102e-16 1e-20
5032.0946 3.1397e-16 1e-20
5032.7892 3.15862e-16 1e-20
5033.4838 3.22275e-16 1e-20
5034.1784 3.19149e-16 1e-20
5034.8729 3.14344e-16 1e-20
5035.5675 3.13689e-16 1e-20
5036.2621 3.24329e-16 1e-20
5036.9567 3.31054e-16 1e-20
5037.6513 3.28219e-16 1e-20
5038.3459 3.13879e-16 1e-20
5039.0405 3.1106e-16 1e-20
5039.735 3.103e-16 1e-20
5040.4296 3.15559e-16 1e-20
5041.1242 3.20927e-16 1e-20
5041.8188 3.13988e-16 1e-20
5042.5134 3.06166e-16 1e-20
5043.208 3.19306e-16 1e-20
5043.9026 3.16532e-16 1e-20
5044.5972 3.105e-16 1e-20
5045.2917 3.06962e-16 1e-20
5045.9863 3.04228e-16 1e-20
5046.6809 3.14242e-16 1e-20
5047.3755 3.18682e-16 1e-20
5048.0701 3.14202e-16 1e-20
5048.7647 3.15527e-16 1e-20
5049.4593 3.15823e-16 1e-20
5050.1539 3.132e-16 1e-20
5050.8484 3.11891e-16 1e-20
5051.543 3.18658e-16 1e-20
5052.2376 3.24971e-16 1e-20
5052.9322 3.20114e-16 1e-20
5053.6268 3.11695e-16 1e-20
5054.3214 3.13632e-16 1e-20
5055.016 3.16721e-16 1e-20
5055.7106 3.15424e-16 1e-20
5056.4052 3.14057e-16 1e-20
5057.0997 3.15997e-16 1e-20
5057.7943 3.11604e-16 1e-20
5058.4889 3.13693e-16 1e-20
5059.1835 3.22265e-16 1e-20
5059.8781 3.25095e-16 1e-20
5060.5727 3.25434e-16 1e-20
5061.2673 3.22932e-16 1e-20
5061.9618 3.19947e-16 1e-20
5062.6564 3.16132e-16 1e-20
5063.351 3.12968e-16 1e-20
5064.0456 3.09179e-16 1e-20
5064.7402 3.08322e-16 1e-20
5065.4348 3.15385e-16 1e-20
5066.1294 3.19304e-16 1e-20
5066.824 3.11746e-16 1e-20
5067.5185 3.1264e-16 1e-20
5068.2131 3.24482e-16 1e-20
5068.9077 3.23763e-16 1e-20
5069.6023 3.23822e-16 1e-20
5070.2969 3.33449e-16 1e-20
5070.9915 3.36458e-16 1e-20
5071.6861 3.41742e-16 1e-20
5072.3807 3.39869e-16 1e-20
5073.0752 3.3083e-16 1e-20
5073.7698 3.2064e-16 1e-20
5074.4644 3.24391e-16 1e-20
5075.159 3.31977e-16 1e-20
5075.8536 3.2775e-16 1e-20
5076.5482 3.23561e-16 1e-20
5077.2428 3.33926e-16 1e-20
5077.9374 3.25914e-16 1e-20
5078.632 3.3261e-16 1e-20
5079.3265 3.36956e-16 1e-20
5080.0211 3.34331e-16 1e-20
5080.7157 3.27005e-16 1e-20
5081.4103 3.35581e-16 1e-20
5082.1049 3.40589e-16 1e-20
5082.7995 3.34024e-16 1e-20
5083.4941 3.23667e-16 1e-20
5084.1886 3.2868e-16 1e-20
5084.8832 3.48297e-16 1e-20
5085.5778 3.55195e-16 1e-20
5086.2724 3.49246e-16 1e-20
5086.967 3.39175e-16 1e-20
5087.6616 3.3311e-16 1e-20
5088.3562 3.35509e-16 1e-20
5089.0508 3.35297e-16 1e-20
5089.7453 3.34052e-16 1e-20
5090.4399 3.37262e-16 1e-20
5091.1345 3.38817e-16 1e-20
5091.8291 3.27809e-16 1e-20
5092.5237 3.30333e-16 1e-20
5093.2183 3.38842e-16 1e-20
5093.9129 3.54315e-16 1e-20
5094.6075 3.53047e-16 1e-20
5095.3021 3.34088e-16 1e-20
5095.9966 3.40718e-16 1e-20
5096.6912 3.52347e-16 1e-20
5097.3858 3.51797e-16 1e-20
5098.0804 3.49038e-16 1e-20
5098.775 3.52987e-16 1e-20
5099.4696 3.51102e-16 1e-20
5100.1642 3.51093e-16 1e-20
5100.8588 3.54245e-16 1e-20
5101.5533 3.56901e-16 1e-20
5102.2479 3.5958e-16 1e-20
5102.9425 3.62649e-16 1e-20
5103.6371 3.602e-16 1e-20
5104.3317 3.50579e-16 1e-20
5105.0263 3.51644e-16 1e-20
5105.7209 3.48983e-16 1e-20
5106.4154 3.4665e-16 1e-20
5107.11 3.56258e-16 1e-20
5107.8046 3.56572e-16 1e-20
5108.4992 3.53212e-16 1e-20
5109.1938 3.61476e-16 1e-20
5109.8884 3.62465e-16 1e-20
5110.583 3.5986e-16 1e-20
5111.2776 3.598e-16 1e-20
5111.9721 3.52332e-16 1e-20
5112.6667 3.53067e-16 1e-20
5113.3613 3.5535e-16 1e-20
5114.0559 3.53827e-16 1e-20
5114.7505 3.57121e-16 1e-20
5115.4451 3.58482e-16 1e-20
5116.1397 3.5013e-16 1e-20
5116.8343 3.43317e-16 1e-20
5117.5289 3.512e-16 1e-20
5118.2234 3.55514e-16 1e-20
5118.918 3.62024e-16 1e-20
5119.6126 3.63148e-16 1e-20
5120.3072 3.58242e-16 1e-20
5121.0018 3.56303e-16 1e-20
5121.6964 3.57737e-16 1e-20
5122.391 3.44511e-16 1e-20
5123.0856 3.35315e-16 1e-20
5123.7801 3.49961e-16 1e-20
5124.4747 3.65823e-16 1e-20
5125.1693 3.57087e-16 1e-20
5125.8639 3.51434e-16 1e-20
5126.5585 3.58539e-16 1e-20
5127.2531 3.59876e-16 1e-20
5127.9477 3.57073e-16 1e-20
5128.6423 3.57172e-16 1e-20
5129.3368 3.49673e-16 1e-20
5130.0314 3.41661e-16 1e-20
5130.726 3.48742e-16 1e-20
5131.4206 3.49166e-16 1e-20
5132.1152 3.46399e-16 1e-20
5132.8098 3.45355e-16 1e-20
5133.5044 3.48243e-16 1e-20
5134.1989 3.45399e-16 1e-20
5134.8935 3.4227e-16 1e-20
5135.5881 3.5216e-16 1e-20
5136.2827 3.53207e-16 1e-20
5136.9773 3.46217e-16 1e-20
5137.6719 3.38832e-16 1e-20
5138.3665 3.38849e-16 1e-20
5139.0611 3.43142e-16 1e-20
5139.7557 3.45839e-16 1e-20
5140.4502 3.37546e-16 1e-20
5141.1448 3.37874e-16 1e-20
5141.8394 3.4435e-16 1e-20
5142.534 3.37376e-16 1e-20
5143.2286 3.38929e-16 1e-20
5143.9232 3.44769e-16 1e-20
5144.6178 3.54205e-16 1e-20
5145.3124 3.56164e-16 1e-20
5146.0069 3.39704e-16 1e-20
5146.7015 3.39673e-16 1e-20
5147.3961 3.4981e-16 1e-20
5148.0907 3.52304e-16 1e-20
5148.7853 3.44533e-16 1e-20
5149.4799 3.50951e-16 1e-20
5150.1745 3.46458e-16 1e-20
5150.8691 3.42687e-16 1e-20
5151.5636 3.37106e-16 1e-20
5152.2582 3.4028e-16 1e-20
5152.9528 3.41975e-16 1e-20
5153.6474 3.41722e-16 1e-20
5154.342 3.44726e-16 1e-20
5155.0366 3.44775e-16 1e-20
5155.7312 3.49624e-16 1e-20
5156.4258 3.55008e-16 1e-20
5157.1203 3.54221e-16 1e-20
5157.8149 3.56497e-16 1e-20
5158.5095 3.58782e-16 1e-20
5159.2041 3.52514e-16 1e-20
5159.8987 3.45695e-16 1e-20
5160.5933 3.45187e-16 1e-20
5161.2879 3.49456e-16 1e-20
5161.9825 3.45579e-16 1e-20
5162.677 3.42481e-16 1e-20
5163.3716 3.4735e-16 1e-20
5164.0662 3.4603e-16 1e-20
5164.7608 3.46811e-16 1e-20
5165.4554 3.49134e-16 1e-20
5166.15 3.51069e-16 1e-20
5166.8446 3.47722e-16 1e-20
5167.5392 3.48278e-16 1e-20
5168.2337 3.58458e-16 1e-20
5168.9283 3.49045e-16 1e-20
5169.6229 3.43463e-16 1e-20
5170.3175 3.48773e-16 1e-20
5171.0121 3.51806e-16 1e-20
5171.7067 3.57875e-16 1e-20
5172.4013 3.64392e-16 1e-20
5173.0959 3.60574e-16 1e-20
5173.7904 3.47601e-16 1e-20
5174.485 3.37537e-16 1e-20
5175.1796 3.44981e-16 1e-20
5175.8742 3.51431e-16 1e-20
5176.5688 3.59697e-16 1e-20
5177.2634 3.56109e-16 1e-20
5177.958 3.49523e-16 1e-20
5178.6526 3.48555e-16 1e-20
5179.3471 3.4904e-16 1e-20
5180.0417 3.49985e-16 1e-20
5180.7363 3.60475e-16 1e-20
5181.4309 3.61022e-16 1e-20
5182.1255 3.59928e-16 1e-20
5182.8201 3.6696e-16 1e-20
5183.5147 3.58646e-16 1e-20
5184.2093 3.65017e-16 1e-20
5184.9038 3.64158e-16 1e-20
5185.5984 3.60066e-16 1e-20
5186.293 3.55515e-16 1e-20
5186.9876 3.47928e-16 1e-20
5187.6822 3.51127e-16 1e-20
5188.3768 3.64306e-16 1e-20
5189.0714 3.70562e-16 1e-20
5189.766 3.69116e-16 1e-20
5190.4605 3.67926e-16 1e-20
5191.1551 3.77159e-16 1e-20
5191.8497 3.79041e-16 1e-20
5192.5443 3.69722e-16 1e-20
5193.2389 3.64354e-16 1e-20
5193.9335 3.66651e-16 1e-20
5194.6281 3.74754e-16 1e-20
5195.3227 3.82052e-16 1e-20
5196.0172 3.72363e-16 1e-20
5196.7118 3.75625e-16 1e-20
5197.4064 3.76888e-16 1e-20
5198.101 3.71452e-16 1e-20
5198.7956 3.79993e-16 1e-20
5199.4902 3.83537e-16 1e-20
5200.1848 3.88304e-16 1e-20
5200.8794 3.86138e-16 1e-20
5201.5739 3.8601e-16 1e-20
5202.2685 3.84372e-16 1e-20
5202.9631 3.79682e-16 1e-20
5203.6577 3.82623e-16 1e-20
5204.3523 3.80259e-16 1e-20
5205.0469 3.80778e-16 1e-20
5205.7415 3.85917e-16 1e-20
5206.4361 3.80242e-16 1e-20
5207.1306 3.80861e-16 1e-20
5207.8252 3.8544e-16 1e-20
5208.5198 3.87498e-16 1e-20
5209.2144 3.83598e-16 1e-20
5209.909 3.87832e-16 1e-20
5210.6036 3.86012e-16 1e-20
5211.2982 3.81094e-16 1e-20
5211.9928 3.92604e-16 1e-20
5212.6873 3.9774e-16 1e-20
5213.3819 3.93238e-16 1e-20
5214.0765 3.93868e-16 1e-20
5214.7711 4.00948e-16 1e-20
5215.4657 4.00932e-16 1e-20
5216.1603 4.03922e-16 1e-20
5216.8549 4.11495e-16 1e-20
5217.5495 4.00773e-16 1e-20
5218.244 3.91464e-16 1e-20
5218.9386 3.92156e-16 1e-20
5219.6332 3.97053e-16 1e-20
5220.3278 3.9694e-16 1e-20
5221.0224 3.9043e-16 1e-20
5221.717 3.91184e-16 1e-20
5222.4116 3.94815e-16 1e-20
5223.1062 4.02193e-16 1e-20
5223.8007 4.02929e-16 1e-20
5224.4953 4.0309e-16 1e-20
5225.1899 3.93082e-16 1e-20
5225.8845 4.04061e-16 1e-20
5226.5791 4.10947e-16 1e-20
5227.2737 4.07637e-16 1e-20
5227.9683 3.96836e-16 1e-20
5228.6629 3.97566e-16 1e-20
5229.3574 3.97398e-16 1e-20
5230.052 4.06108e-16 1e-20
5230.7466 4.12694e-16 1e-20
5231.4412 4.04286e-16 1e-20
5232.1358 3.88022e-16 1e-20
5232.8304 3.88451e-16 1e-20
5233.525 4.05269e-16 1e-20
5234.2196 4.00722e-16 1e-20
5234.9141 3.95247e-16 1e-20
5235.6087 3.9978e-16 1e-20
5236.3033 3.90099e-16 1e-20
5236.9979 3.94752e-16 1e-20
5237.6925 3.91614e-16 1e-20
5238.3871 3.87137e-16 1e-20
5239.0817 3.83771e-16 1e-20
5239.7763 3.79108e-16 1e-20
5240.4709 3.74756e-16 1e-20
5241.1654 3.68397e-16 1e-20
5241.86 3.79147e-16 1e-20
5242.5546 3.69526e-16 1e-20
5243.2492 3.68187e-16 1e-20
5243.9438 3.62939e-16 1e-20
5244.6384 3.69075e-16 1e-20
5245.333 3.69967e-16 1e-20
5246.0276 3.71521e-16 1e-20
5246.7221 3.70866e-16 1e-20
5247.4167 3.65527e-16 1e-20
5248.1113 3.75329e-16 1e-20
5248.8059 3.75307e-16 1e-20
5249.5005 3.6342e-16 1e-20
5250.1951 3.68049e-16 1e-20
5250.8897 3.63605e-16 1e-20
5251.5842 3.57034e-16 1e-20
5252.2788 3.58821e-16 1e-20
5252.9734 3.5386e-16 1e-20
5253.668 3.55395e-16 1e-20
5254.3626 3.57542e-16 1e-20
5255.0572 3.51226e-16 1e-20
5255.7518 3.57448e-16 1e-20
5256.4464 3.56214e-16 1e-20
5257.1409 3.53103e-16 1e-20
5257.8355 3.49436e-16 1e-20
5258.5301 3.44344e-16 1e-20
5259.2247 3.44256e-16 1e-20
5259.9193 3.40385e-16 1e-20
5260.6139 3.38442e-16 1e-20
5261.3085 3.29014e-16 1e-20
5262.0031 3.27243e-16 1e-20
5262.6977 3.2672e-16 1e-20
5263.3922 3.28173e-16 1e-20
5264.0868 3.40386e-16 1e-20
5264.7814 3.45883e-16 1e-20
5265.476 3.41121e-16 1e-20
5266.1706 3.27388e-16 1e-20
5266.8652 3.21772e-16 1e-20
5267.5598 3.30592e-16 1e-20
5268.2544 3.30519e-16 1e-20
5268.9489 3.25633e-16 1e-20
5269.6435 3.22259e-16 1e-20
5270.3381 3.20121e-16 1e-20
5271.0327 3.28142e-16 1e-20
5271.7273 3.30002e-16 1e-20
5272.4219 3.19617e-16 1e-20
5273.1165 3.09915e-16 1e-20
5273.811 3.11408e-16 1e-20
5274.5056 3.20413e-16 1e-20
5275.2002 3.21021e-16 1e-20
5275.8948 3.15635e-16 1e-20
5276.5894 3.20047e-16 1e-20
5277.284 3.13532e-16 1e-20
5277.9786 3.16869e-16 1e-20
5278.6732 3.14783e-16 1e-20
5279.3678 3.15029e-16 1e-20
5280.0623 3.14927e-16 1e-20
5280.7569 3.09154e-16 1e-20
5281.4515 3.10578e-16 1e-20
5282.1461 3.16714e-16 1e-20
5282.8407 3.12654e-16 1e-20
5283.5353 3.05216e-16 1e-20
5284.2299 3.08112e-16 1e-20
5284.9245 3.13204e-16 1e-20
5285.619 3.13438e-16 1e-20
5286.3136 3.11593e-16 1e-20
5287.0082 3.23083e-16 1e-20
5287.7028 3.17197e-16 1e-20
5288.3974 3.09006e-16 1e-20
5289.092 3.06939e-16 1e-20
5289.7866 2.99584e-16 1e-20
5290.4812 3.02463e-16 1e-20
5291.1757 3.08133e-16 1e-20
5291.8703 3.14925e-16 1e-20
5292.5649 3.16892e-16 1e-20
5293.2595 3.10621e-16 1e-20
5293.9541 3.07535e-16 1e-20
5294.6487 3.01973e-16 1e-20
5295.3433 2.9694e-16 1e-20
5296.0378 2.98761e-16 1e-20
5296.7324 3.05257e-16 1e-20
5297.427 2.97939e-16 1e-20
5298.1216 2.9943e-16 1e-20
5298.8162 3.02739e-16 1e-20
5299.5108 2.92761e-16 1e-20
5300.2054 2.98655e-16 1e-20
5300.9 3.15125e-16 1e-20
5301.5946 3.08727e-16 1e-20
5302.2891 3.03207e-16 1e-20
5302.9837 3.06716e-16 1e-20
5303.6783 3.03832e-16 1e-20
5304.3729 3.05279e-16 1e-20
5305.0675 3.0307e-16 1e-20
5305.7621 2.97573e-16 1e-20
5306.4567 3.03745e-16 1e-20
5307.1513 3.11566e-16 1e-20
5307.8458 3.0349e-16 1e-20
5308.5404 2.98633e-16 1e-20
5309.235 3.06889e-16 1e-20
5309.9296 2.99657e-16 1e-20
5310.6242 2.94932e-16 1e-20
5311.3188 3.00739e-16 1e-20
5312.0134 3.03508e-16 1e-20
5312.708 2.96951e-16 1e-20
5313.4025 2.96277e-16 1e-20
5314.0971 3.00844e-16 1e-20
5314.7917 3.03406e-16 1e-20
5315.4863 3.03191e-16 1e-20
5316.1809 3.03218e-16 1e-20
5316.8755 3.02762e-16 1e-20
5317.5701 3.01112e-16 1e-20
5318.2646 2.99505e-16 1e-20
5318.9592 2.97062e-16 1e-20
5319.6538 3.01309e-16 1e-20
5320.3484 3.02488e-16 1e-20
5321.043 3.05142e-16 1e-20
5321.7376 3.07853e-16 1e-20
5322.4322 3.00292e-16 1e-20
5323.1268 3.07562e-16 1e-20
5323.8214 3.09019e-16 1e-20
5324.5159 2.9894e-16 1e-20
5325.2105 3.0585e-16 1e-20
5325.9051 3.05872e-16 1e-20
5326.5997 2.94571e-16 1e-20
5327.2943 2.90643e-16 1e-20
5327.9889 2.97048e-16 1e-20
5328.6835 3.0145e-16 1e-20
5329.3781 3.01902e-16 1e-20
5330.0726 3.01769e-16 1e-20
5330.7672 3.00149e-16 1e-20
5331.4618 3.09161e-16 1e-20
5332.1564 3.1278e-16 1e-20
5332.851 3.11709e-16 1e-20
5333.5456 3.01981e-16 1e-20
5334.2402 2.98503e-16 1e-20
5334.9348 3.03693e-16 1e-20
5335.6293 2.93711e-16 1e-20
5336.3239 3.00742e-16 1e-20
5337.0185 3.00322e-16 1e-20
5337.7131 2.91382e-16 1e-20
5338.4077 2.91743e-16 1e-20
5339.1023 2.95945e-16 1e-20
5339.7969 2.90941e-16 1e-20
5340.4915 2.95586e-16 1e-20
5341.186 3.01936e-16 1e-20
5341.8806 2.9899e-16 1e-20
5342.5752 2.9714e-16 1e-20
5343.2698 2.98906e-16 1e-20
5343.9644 3.02387e-16 1e-20
5344.659 3.0246e-16 1e-20
5345.3536 2.90436e-16 1e-20
5346.0482 2.87074e-16 1e-20
5346.7427 2.8584e-16 1e-20
5347.4373 2.8413e-16 1e-20
5348.1319 2.97601e-16 1e-20
5348.8265 3.01925e-16 1e-20
5349.5211 2.95658e-16 1e-20
5350.2157 2.89331e-16 1e-20
5350.9103 3.04943e-16 1e-20
5351.6049 3.02729e-16 1e-20
5352.2994 2.92957e-16 1e-20
5352.994 3.00177e-16 1e-20
5353.6886 3.03792e-16 1e-20
5354.3832 3.09374e-16 1e-20
5355.0778 3.08099e-16 1e-20
5355.7724 2.97555e-16 1e-20
5356.467 2.98962e-16 1e-20
5357.1616 3.00824e-16 1e-20
5357.8561 2.99769e-16 1e-20
5358.5507 3.0273e-16 1e-20
5359.2453 3.07217e-16 1e-20
5359.9399 3.08934e-16 1e-20
5360.6345 3.0936e-16 1e-20
5361.3291 3.10603e-16 1e-20
5362.0237 3.03724e-16 1e-20
5362.7183 3.0096e-16 1e-20
5363.4128 3.0199e-16 1e-20
5364.1074 2.92684e-16 1e-20
5364.802 2.97875e-16 1e-20
5365.4966 2.87692e-16 1e-20
5366.1912 2.92697e-16 1e-20
5366.8858 3.16883e-16 1e-20
5367.5804 3.22141e-16 1e-20
5368.275 3.235e-16 1e-20
5368.9695 3.24418e-16 1e-20
5369.6641 3.26309e-16 1e-20
5370.3587 3.20504e-16 1e-20
5371.0533 3.13533e-16 1e-20
5371.7479 3.17894e-16 1e-20
5372.4425 3.10426e-16 1e-20
5373.1371 3.02367e-16 1e-20
5373.8317 3.05548e-16 1e-20
5374.5262 2.99322e-16 1e-20
5375.2208 3.01328e-16 1e-20
5375.9154 3.06295e-16 1e-20
5376.61 3.1232e-16 1e-20
5377.3046 3.17512e-16 1e-20
5377.9992 3.0958e-16 1e-20
5378.6938 3.06407e-16 1e-20
5379.3884 3.04282e-16 1e-20
5380.0829 3.06487e-16 1e-20
5380.7775 2.98472e-16 1e-20
5381.4721 2.99083e-16 1e-20
5382.1667 3.01785e-16 1e-20
5382.8613 3.04279e-16 1e-20
5383.5559 3.01666e-16 1e-20
5384.2505 2.95812e-16 1e-20
5384.9451 3.00268e-16 1e-20
5385.6397 3.08342e-16 1e-20
5386.3342 3.07617e-16 1e-20
5387.0288 3.09263e-16 1e-20
5387.7234 2.98509e-16 1e-20
5388.418 2.97453e-16 1e-20
5389.1126 3.00599e-16 1e-20
5389.8072 2.96722e-16 1e-20
5390.5018 2.9661e-16 1e-20
5391.1963 2.89869e-16 1e-20
5391.8909 2.99896e-16 1e-20
5392.5855 2.84189e-16 1e-20
5393.2801 2.81833e-16 1e-20
5393.9747 2.99779e-16 1e-20
5394.6693 2.88204e-16 1e-20
5395.3639 2.92724e-16 1e-20
5396.0585 2.93212e-16 1e-20
5396.753 2.99387e-16 1e-20
5397.4476 2.99925e-16 1e-20
5398.1422 2.9686e-16 1e-20
5398.8368 2.90345e-16 1e-20
5399.5314 2.93771e-16 1e-20
5400.226 2.98911e-16 1e-20
5400.9206 3.01562e-16 1e-20
5401.6152 2.95886e-16 1e-20
5402.3097 2.95752e-16 1e-20
5403.0043 2.95066e-16 1e-20
5403.6989 2.99702e-16 1e-20
5404.3935 3.01547e-16 1e-20
5405.0881 2.9918e-16 1e-20
5405.7827 2.98036e-16 1e-20
5406.4773 3.01732e-16 1e-20
5407.1719 2.91581e-16 1e-20
5407.8665 2.96051e-16 1e-20
5408.561 2.94966e-16 1e-20
5409.2556 2.84418e-16 1e-20
5409.9502 2.83169e-16 1e-20
5410.6448 2.89121e-16 1e-20
5411.3394 2.86794e-16 1e-20
5412.034 2.81438e-16 1e-20
5412.7286 2.90025e-16 1e-20
5413.4231 2.97804e-16 1e-20
5414.1177 2.8802e-16 1e-20
5414.8123 2.89695e-16 1e-20
5415.5069 2.80795e-16 1e-20
5416.2015 2.68044e-16 1e-20
5416.8961 2.75126e-16 1e-20
5417.5907 2.84273e-16 1e-20
5418.2853 2.84191e-16 1e-20
5418.9798 2.85406e-16 1e-20
5419.6744 2.85795e-16 1e-20
5420.369 2.85106e-16 1e-20
5421.0636 2.8331e-16 1e-20
5421.7582 2.75364e-16 1e-20
5422.4528 2.73313e-16 1e-20
5423.1474 2.72057e-16 1e-20
5423.842 2.71672e-16 1e-20
5424.5366 2.75611e-16 1e-20
5425.2311 2.65821e-16 1e-20
5425.9257 2.59469e-16 1e-20
5426.6203 2.68394e-16 1e-20
5427.3149 2.68392e-16 1e-20
5428.0095 2.64203e-16 1e-20
5428.7041 2.64604e-16 1e-20
5429.3987 2.62385e-16 1e-20
5430.0933 2.54739e-16 1e-20
5430.7878 2.61575e-16 1e-20
5431.4824 2.65665e-16 1e-20
5432.177 2.64989e-16 1e-20
5432.8716 2.66023e-16 1e-20
5433.5662 2.64608e-16 1e-20
5434.2608 2.65139e-16 1e-20
5434.9554 2.63462e-16 1e-20
5435.6499 2.56858e-16 1e-20
5436.3445 2.63711e-16 1e-20
5437.0391 2.67358e-16 1e-20
5437.7337 2.62425e-16 1e-20
5438.4283 2.62017e-16 1e-20
5439.1229 2.61896e-16 1e-20
5439.8175 2.59728e-16 1e-20
5440.5121 2.50495e-16 1e-20
5441.2066 2.56184e-16 1e-20
5441.9012 2.7032e-16 1e-20
5442.5958 2.57557e-16 1e-20
5443.2904 2.46771e-16 1e-20
5443.985 2.44203e-16 1e-20
5444.6796 2.44052e-16 1e-20
5445.3742 2.43133e-16 1e-20
5446.0688 2.47859e-16 1e-20
5446.7634 2.5315e-16 1e-20
5447.4579 2.4813e-16 1e-20
5448.1525 2.42763e-16 1e-20
5448.8471 2.46697e-16 1e-20
5449.5417 2.53486e-16 1e-20
5450.2363 2.49979e-16 1e-20
5450.9309 2.5124e-16 1e-20
5451.6255 2.57905e-16 1e-20
5452.3201 2.4826e-16 1e-20
5453.0146 2.42944e-16 1e-20
5453.7092 2.39756e-16 1e-20
5454.4038 2.36882e-16 1e-20
5455.0984 2.37136e-16 1e-20
5455.793 2.41218e-16 1e-20
5456.4876 2.44683e-16 1e-20
5457.1822 2.51962e-16 1e-20
5457.8768 2.40593e-16 1e-20
5458.5713 2.36689e-16 1e-20
5459.2659 2.45485e-16 1e-20
5459.9605 2.4343e-16 1e-20
5460.6551 2.32512e-16 1e-20
5461.3497 2.34189e-16 1e-20
5462.0443 2.31657e-16 1e-20
5462.7389 2.31455e-16 1e-20
5463.4335 2.34945e-16 1e-20
5464.128 2.34538e-16 1e-20
5464.8226 2.36212e-16 1e-20
5465.5172 2.39792e-16 1e-20
5466.2118 2.36662e-16 1e-20
5466.9064 2.29137e-16 1e-20
5467.601 2.32413e-16 1e-20
5468.2956 2.30921e-16 1e-20
5468.9902 2.34639e-16 1e-20
5469.6847 2.36403e-16 1e-20
5470.3793 2.33911e-16 1e-20
5471.0739 2.31622e-16 1e-20
5471.7685 2.31601e-16 1e-20
5472.4631 2.36105e-16 1e-20
5473.1577 2.36619e-16 1e-20
5473.8523 2.37512e-16 1e-20
5474.5469 2.38673e-16 1e-20
5475.2414 2.40291e-16 1e-20
5475.936 2.37569e-16 1e-20
5476.6306 2.26484e-16 1e-20
5477.3252 2.22335e-16 1e-20
5478.0198 2.31112e-16 1e-20
5478.7144 2.28978e-16 1e-20
5479.409 2.28309e-16 1e-20
5480.1036 2.36417e-16 1e-20
5480.7981 2.36674e-16 1e-20
5481.4927 2.30269e-16 1e-20
5482.1873 2.23725e-16 1e-20
5482.8819 2.27422e-16 1e-20
5483.5765 2.29024e-16 1e-20
5484.2711 2.22749e-16 1e-20
5484.9657 2.27621e-16 1e-20
5485.6603 2.3378e-16 1e-20
5486.3548 2.29184e-16 1e-20
5487.0494 2.25923e-16 1e-20
5487.744 2.29576e-16 1e-20
5488.4386 2.27898e-16 1e-20
5489.1332 2.34905e-16 1e-20
5489.8278 2.32394e-16 1e-20
5490.5224 2.26126e-16 1e-20
5491.217 2.28608e-16 1e-20
5491.9115 2.24807e-16 1e-20
5492.6061 2.31341e-16 1e-20
5493.3007 2.37411e-16 1e-20
5493.9953 2.36229e-16 1e-20
5494.6899 2.43309e-16 1e-20
5495.3845 2.37472e-16 1e-20
5496.0791 2.2866e-16 1e-20
5496.7737 2.3094e-16 1e-20
5497.4682 2.42404e-16 1e-20
5498.1628 2.4358e-16 1e-20
5498.8574 2.4433e-16 1e-20
5499.552 2.45306e-16 1e-20
5500.2466 2.42797e-16 1e-20
5500.9412 2.37484e-16 1e-20
5501.6358 2.42126e-16 1e-20
5502.3304 2.50186e-16 1e-20
5503.0249 2.51871e-16 1e-20
5503.7195 2.54662e-16 1e-20
5504.4141 2.48079e-16 1e-20
5505.1087 2.444e-16 1e-20
5505.8033 2.52263e-16 1e-20
5506.4979 2.5731e-16 1e-20
5507.1925 2.58224e-16 1e-20
5507.8871 2.5755e-16 1e-20
5508.5816 2.49346e-16 1e-20
5509.2762 2.48217e-16 1e-20
5509.9708 2.49899e-16 1e-20
5510.6654 2.50292e-16 1e-20
5511.36 2.55057e-16 1e-20
5512.0546 2.57884e-16 1e-20
5512.7492 2.60491e-16 1e-20
5513.4438 2.62766e-16 1e-20
5514.1383 2.64115e-16 1e-20
5514.8329 2.65129e-16 1e-20
5515.5275 2.61317e-16 1e-20
5516.2221 2.63729e-16 1e-20
5516.9167 2.61202e-16 1e-20
5517.6113 2.6082e-16 1e-20
5518.3059 2.65552e-16 1e-20
5519.0005 2.73637e-16 1e-20
5519.695 2.80435e-16 1e-20
5520.3896 2.77478e-16 1e-20
5521.0842 2.75074e-16 1e-20
5521.7788 2.86143e-16 1e-20
5522.4734 2.93776e-16 1e-20
5523.168 2.95299e-16 1e-20
5523.8626 2.97127e-16 1e-20
5524.5572 2.98272e-16 1e-20
5525.2517 2.97175e-16 1e-20
5525.9463 2.83937e-16 1e-20
5526.6409 2.81614e-16 1e-20
5527.3355 2.97439e-16 1e-20
5528.0301 2.98625e-16 1e-20
5528.7247 2.86565e-16 1e-20
5529.4193 2.79123e-16 1e-20
5530.1139 2.79885e-16 1e-20
5530.8084 2.91788e-16 1e-20
5531.503 2.95747e-16 1e-20
5532.1976 2.94722e-16 1e-20
5532.8922 3.02284e-16 1e-20
5533.5868 2.98333e-16 1e-20
5534.2814 2.94785e-16 1e-20
5534.976 2.96032e-16 1e-20
5535.6706 2.98381e-16 1e-20
5536.3651 2.93362e-16 1e-20
5537.0597 2.99268e-16 1e-20
5537.7543 3.10634e-16 1e-20
5538.4489 3.08116e-16 1e-20
5539.1435 3.0716e-16 1e-20
5539.8381 3.17159e-16 1e-20
5540.5327 3.18832e-16 1e-20
5541.2273 3.06519e-16 1e-20
5541.9218 3.0508e-16 1e-20
5542.6164 3.09012e-16 1e-20
5543.311 3.09877e-16 1e-20
5544.0056 2.9726e-16 1e-20
5544.7002 3.07839e-16 1e-20
5545.3948 3.17473e-16 1e-20
5546.0894 3.1831e-16 1e-20
5546.784 3.15894e-16 1e-20
5547.4786 3.13374e-16 1e-20
5548.1731 3.14302e-16 1e-20
5548.8677 3.20399e-16 1e-20
5549.5623 3.28121e-16 1e-20
5550.2569 3.2845e-16 1e-20
5550.9515 3.27796e-16 1e-20
5551.6461 3.22862e-16 1e-20
5552.3407 3.1217e-16 1e-20
5553.0352 3.1635e-16 1e-20
5553.7298 3.17832e-16 1e-20
5554.4244 3.313e-16 1e-20
5555.119 3.25888e-16 1e-20
5555.8136 3.26554e-16 1e-20
5556.5082 3.30997e-16 1e-20
5557.2028 3.30301e-16 1e-20
5557.8974 3.27402e-16 1e-20
5558.5919 3.3219e-16 1e-20
5559.2865 3.37636e-16 1e-20
5559.9811 3.37894e-16 1e-20
5560.6757 3.39722e-16 1e-20
5561.3703 3.45832e-16 1e-20
5562.0649 3.42768e-16 1e-20
5562.7595 3.33878e-16 1e-20
5563.4541 3.2964e-16 1e-20
5564.1486 3.29336e-16 1e-20
5564.8432 3.36801e-16 1e-20
5565.5378 3.40902e-16 1e-20
5566.2324 3.36813e-16 1e-20
5566.927 3.35212e-16 1e-20
5567.6216 3.3436e-16 1e-20
5568.3162 3.36273e-16 1e-20
5569.0108 3.45517e-16 1e-20
5569.7054 3.44416e-16 1e-20
5570.3999 3.37471e-16 1e-20
5571.0945 3.35311e-16 1e-20
5571.7891 3.40785e-16 1e-20
5572.4837 3.43185e-16 1e-20
5573.1783 3.39964e-16 1e-20
5573.8729 3.27552e-16 1e-20
5574.5675 3.2737e-16 1e-20
5575.262 3.37353e-16 1e-20
5575.9566 3.29292e-16 1e-20
5576.6512 3.28411e-16 1e-20
5577.3458 3.45901e-16 1e-20
5578.0404 3.52188e-16 1e-20
5578.735 3.37202e-16 1e-20
5579.4296 3.28814e-16 1e-20
5580.1242 3.35781e-16 1e-20
5580.8187 3.42829e-16 1e-20
5581.5133 3.38907e-16 1e-20
5582.2079 3.30307e-16 1e-20
5582.9025 3.30579e-16 1e-20
5583.5971 3.33291e-16 1e-20
5584.2917 3.34864e-16 1e-20
5584.9863 3.27792e-16 1e-20
5585.6809 3.28254e-16 1e-20
5586.3754 3.38141e-16 1e-20
5587.07 3.3667e-16 1e-20
5587.7646 3.21064e-16 1e-20
5588.4592 3.2363e-16 1e-20
5589.1538 3.31311e-16 1e-20
5589.8484 3.32712e-16 1e-20
5590.543 3.35202e-16 1e-20
5591.2376 3.27898e-16 1e-20
5591.9322 3.32784e-16 1e-20
5592.6267 3.40316e-16 1e-20
5593.3213 3.34793e-16 1e-20
5594.0159 3.20231e-16 1e-20
5594.7105 3.19041e-16 1e-20
5595.4051 3.38859e-16 1e-20
5596.0997 3.41973e-16 1e-20
5596.7943 3.30516e-16 1e-20
5597.4889 3.28051e-16 1e-20
5598.1834 3.34096e-16 1e-20
5598.878 3.43175e-16 1e-20
5599.5726 3.3462e-16 1e-20
5600.2672 3.29685e-16 1e-20
5600.9618 3.35955e-16 1e-20
5601.6564 3.39563e-16 1e-20
5602.351 3.27192e-16 1e-20
5603.0455 3.16533e-16 1e-20
5603.7401 3.16852e-16 1e-20
5604.4347 3.12274e-16 1e-20
5605.1293 3.17747e-16 1e-20
5605.8239 3.13678e-16 1e-20
5606.5185 3.22052e-16 1e-20
5607.2131 3.35316e-16 1e-20
5607.9077 3.29262e-16 1e-20
5608.6023 3.31596e-16 1e-20
5609.2968 3.28925e-16 1e-20
5609.9914 3.25707e-16 1e-20
5610.686 3.26205e-16 1e-20
5611.3806 3.30054e-16 1e-20
5612.0752 3.28898e-16 1e-20
5612.7698 3.28242e-16 1e-20
5613.4644 3.36496e-16 1e-20
5614.159 3.21821e-16 1e-20
5614.8535 3.11701e-16 1e-20
5615.5481 3.20113e-16 1e-20
5616.2427 3.32285e-16 1e-20
5616.9373 3.36478e-16 1e-20
5617.6319 3.30258e-16 1e-20
5618.3265 3.33513e-16 1e-20
5619.0211 3.3508e-16 1e-20
5619.7157 3.27272e-16 1e-20
5620.4102 3.2098e-16 1e-20
5621.1048 3.24415e-16 1e-20
5621.7994 3.22572e-16 1e-20
5622.494 3.21235e-16 1e-20
5623.1886 3.26707e-16 1e-20
5623.8832 3.21971e-16 1e-20
5624.5778 3.20744e-16 1e-20
5625.2723 3.15514e-16 1e-20
5625.9669 3.11838e-16 1e-20
5626.6615 3.28594e-16 1e-20
5627.3561 3.38742e-16 1e-20
5628.0507 3.26437e-16 1e-20
5628.7453 3.22966e-16 1e-20
5629.4399 3.32904e-16 1e-20
5630.1345 3.24203e-16 1e-20
5630.8291 3.19231e-16 1e-20
5631.5236 3.28107e-16 1e-20
5632.2182 3.2142e-16 1e-20
5632.9128 3.12621e-16 1e-20
5633.6074 3.16388e-16 1e-20
5634.302 3.19625e-16 1e-20
5634.9966 3.19437e-16 1e-20
5635.6912 3.1306e-16 1e-20
5636.3858 3.1207e-16 1e-20
5637.0803 3.17219e-16 1e-20
5637.7749 3.13809e-16 1e-20
5638.4695 3.12259e-16 1e-20
5639.1641 3.25094e-16 1e-20
5639.8587 3.24656e-16 1e-20
5640.5533 3.16342e-16 1e-20
5641.2479 3.08693e-16 1e-20
5641.9425 3.09468e-16 1e-20
5642.637 3.0862e-16 1e-20
5643.3316 3.07806e-16 1e-20
5644.0262 3.07021e-16 1e-20
5644.7208 3.06233e-16 1e-20
5645.4154 3.05445e-16 1e-20
5646.11 3.04742e-16 1e-20
5646.8046 3.03335e-16 1e-20
5647.4991 3.05455e-16 1e-20
5648.1937 3.19783e-16 1e-20
5648.8883 3.19461e-16 1e-20
5649.5829 3.08424e-16 1e-20
5650.2775 3.10405e-16 1e-20
5650.9721 3.05658e-16 1e-20
5651.6667 3.09861e-16 1e-20
5652.3613 3.08537e-16 1e-20
5653.0559 3.03245e-16 1e-20
5653.7504 2.93928e-16 1e-20
5654.445 2.89108e-16 1e-20
5655.1396 3.01394e-16 1e-20
5655.8342 3.02326e-16 1e-20
5656.5288 3.04361e-16 1e-20
5657.2234 3.03386e-16 1e-20
5657.918 3.03633e-16 1e-20
5658.6126 3.1088e-16 1e-20
5659.3071 3.04054e-16 1e-20
5660.0017 3.06127e-16 1e-20
5660.6963 3.07655e-16 1e-20
5661.3909 3.05205e-16 1e-20
5662.0855 3.09578e-16 1e-20
5662.7801 3.0927e-16 1e-20
5663.4747 3.15044e-16 1e-20
5664.1693 2.97198e-16 1e-20
5664.8638 2.95993e-16 1e-20
5665.5584 3.11049e-16 1e-20
5666.253 3.09388e-16 1e-20
5666.9476 3.01116e-16 1e-20
5667.6422 2.95099e-16 1e-20
5668.3368 2.94372e-16 1e-20
5669.0314 2.89763e-16 1e-20
5669.726 2.79874e-16 1e-20
5670.4205 2.72842e-16 1e-20
5671.1151 2.77815e-16 1e-20
5671.8097 2.94952e-16 1e-20
5672.5043 2.98946e-16 1e-20
5673.1989 2.96398e-16 1e-20
5673.8935 2.9274e-16 1e-20
5674.5881 2.94484e-16 1e-20
5675.2827 2.95745e-16 1e-20
5675.9772 2.96743e-16 1e-20
5676.6718 3.03633e-16 1e-20
5677.3664 3.08527e-16 1e-20
5678.061 3.1742e-16 1e-20
5678.7556 3.16309e-16 1e-20
5679.4502 3.02865e-16 1e-20
5680.1448 3.00268e-16 1e-20
5680.8394 3.01071e-16 1e-20
5681.5339 3.10381e-16 1e-20
5682.2285 3.19027e-16 1e-20
5682.9231 3.08722e-16 1e-20
5683.6177 3.02207e-16 1e-20
5684.3123 3.01922e-16 1e-20
5685.0069 3.14038e-16 1e-20
5685.7015 3.20497e-16 1e-20
5686.3961 3.12545e-16 1e-20
5687.0906 3.1665e-16 1e-20
5687.7852 3.18391e-16 1e-20
5688.4798 3.09498e-16 1e-20
5689.1744 3.00106e-16 1e-20
5689.869 3.00434e-16 1e-20
5690.5636 3.05862e-16 1e-20
5691.2582 3.03358e-16 1e-20
5691.9528 2.94516e-16 1e-20
5692.6473 3.03359e-16 1e-20
5693.3419 3.16705e-16 1e-20
5694.0365 3.09127e-16 1e-20
5694.7311 3.08443e-16 1e-20
5695.4257 2.95804e-16 1e-20
5696.1203 3.06425e-16 1e-20
5696.8149 3.1586e-16 1e-20
5697.5095 3.00795e-16 1e-20
5698.204 3.10512e-16 1e-20
5698.8986 3.12832e-16 1e-20
5699.5932 3.02421e-16 1e-20
5700.2878 3.01329e-16 1e-20
5700.9824 3.0237e-16 1e-20
5701.677 3.03763e-16 1e-20
5702.3716 3.04055e-16 1e-20
5703.0662 3.00401e-16 1e-20
5703.7607 3.04078e-16 1e-20
5704.4553 3.06426e-16 1e-20
5705.1499 3.00895e-16 1e-20
5705.8445 3.08144e-16 1e-20
5706.5391 3.03578e-16 1e-20
5707.2337 2.98006e-16 1e-20
5707.9283 3.03889e-16 1e-20
5708.6229 2.949e-16 1e-20
5709.3174 2.92093e-16 1e-20
5710.012 2.95731e-16 1e-20
5710.7066 2.97023e-16 1e-20
5711.4012 2.95473e-16 1e-20
5712.0958 2.99901e-16 1e-20
5712.7904 3.11329e-16 1e-20
5713.485 3.08056e-16 1e-20
5714.1796 2.969e-16 1e-20
5714.8742 2.96621e-16 1e-20
5715.5687 3.00475e-16 1e-20
5716.2633 3.0296e-16 1e-20
5716.9579 2.96296e-16 1e-20
5717.6525 2.89256e-16 1e-20
5718.3471 2.91377e-16 1e-20
5719.0417 2.93409e-16 1e-20
5719.7363 2.96957e-16 1e-20
5720.4308 2.90577e-16 1e-20
5721.1254 2.83748e-16 1e-20
5721.82 2.8653e-16 1e-20
5722.5146 2.85894e-16 1e-20
5723.2092 2.87658e-16 1e-20
5723.9038 2.88909e-16 1e-20
5724.5984 2.83782e-16 1e-20
5725.293 2.79119e-16 1e-20
5725.9875 2.77721e-16 1e-20
5726.6821 2.77968e-16 1e-20
5727.3767 2.81112e-16 1e-20
5728.0713 2.78434e-16 1e-20
5728.7659 2.72116e-16 1e-20
5729.4605 2.74012e-16 1e-20
5730.1551 2.72102e-16 1e-20
5730.8497 2.71953e-16 1e-20
5731.5442 2.73793e-16 1e-20
5732.2388 2.66516e-16 1e-20
5732.9334 2.62846e-16 1e-20
5733.628 2.6464e-16 1e-20
5734.3226 2.65265e-16 1e-20
5735.0172 2.63049e-16 1e-20
5735.7118 2.65457e-16 1e-20
5736.4064 2.6412e-16 1e-20
5737.101 2.57717e-16 1e-20
5737.7955 2.58773e-16 1e-20
5738.4901 2.54004e-16 1e-20
5739.1847 2.45901e-16 1e-20
5739.8793 2.41078e-16 1e-20
5740.5739 2.38672e-16 1e-20
5741.2685 2.38908e-16 1e-20
5741.9631 2.31137e-16 1e-20
5742.6576 2.44717e-16 1e-20
5743.3522 2.49879e-16 1e-20
5744.0468 2.3507e-16 1e-20
5744.7414 2.36962e-16 1e-20
5745.436 2.40406e-16 1e-20
5746.1306 2.31441e-16 1e-20
5746.8252 2.22329e-16 1e-20
5747.5198 2.2592e-16 1e-20
5748.2143 2.19345e-16 1e-20
5748.9089 2.19508e-16 1e-20
5749.6035 2.23775e-16 1e-20
5750.2981 2.20036e-16 1e-20
5750.9927 2.16261e-16 1e-20
5751.6873 2.26219e-16 1e-20
5752.3819 2.26797e-16 1e-20
5753.0765 2.10405e-16 1e-20
5753.7711 2.04676e-16 1e-20
5754.4656 2.10174e-16 1e-20
5755.1602 2.19091e-16 1e-20
5755.8548 2.11508e-16 1e-20
5756.5494 2.01057e-16 1e-20
5757.244 2.01937e-16 1e-20
5757.9386 2.1014e-16 1e-20
5758.6332 2.02595e-16 1e-20
5759.3278 2.00318e-16 1e-20
5760.0223 2.16128e-16 1e-20
5760.7169 2.07084e-16 1e-20
5761.4115 1.98568e-16 1e-20
5762.1061 2.03661e-16 1e-20
5762.8007 2.17461e-16 1e-20
5763.4953 2.23697e-16 1e-20
5764.1899 2.16026e-16 1e-20
5764.8844 2.04941e-16 1e-20
5765.579 1.93699e-16 1e-20
5766.2736 1.97961e-16 1e-20
5766.9682 1.89913e-16 1e-20
5767.6628 1.88714e-16 1e-20
5768.3574 1.9979e-16 1e-20
5769.052 1.97988e-16 1e-20
5769.7466 1.88012e-16 1e-20
5770.4411 1.96481e-16 1e-20
5771.1357 2.04288e-16 1e-20
5771.8303 1.98352e-16 1e-20
5772.5249 1.98924e-16 1e-20
5773.2195 2.01076e-16 1e-20
5773.9141 1.97703e-16 1e-20
5774.6087 1.91011e-16 1e-20
5775.3033 1.94651e-16 1e-20
5775.9979 2.02547e-16 1e-20
5776.6924 2.0217e-16 1e-20
5777.387 1.93003e-16 1e-20
5778.0816 1.88578e-16 1e-20
5778.7762 1.95276e-16 1e-20
5779.4708 2.00465e-16 1e-20
5780.1654 1.95328e-16 1e-20
5780.86 1.9103e-16 1e-20
5781.5546 1.96506e-16 1e-20
5782.2491 1.99824e-16 1e-20
5782.9437 2.029e-16 1e-20
5783.6383 2.00395e-16 1e-20
5784.3329 1.93667e-16 1e-20
5785.0275 1.96755e-16 1e-20
5785.7221 1.96701e-16 1e-20
5786.4167 2.01108e-16 1e-20
5787.1112 2.05277e-16 1e-20
5787.8058 2.00305e-16 1e-20
5788.5004 2.07465e-16 1e-20
5789.195 2.1799e-16 1e-20
5789.8896 2.20123e-16 1e-20
5790.5842 2.15492e-16 1e-20
5791.2788 2.0543e-16 1e-20
5791.9734 2.03571e-16 1e-20
5792.668 2.12028e-16 1e-20
5793.3625 2.13919e-16 1e-20
5794.0571 2.06979e-16 1e-20
5794.7517 2.09111e-16 1e-20
5795.4463 2.07106e-16 1e-20
5796.1409 2.05108e-16 1e-20
5796.8355 2.2159e-16 1e-20
5797.5301 2.21715e-16 1e-20
5798.2247 2.12371e-16 1e-20
5798.9192 2.01786e-16 1e-20
5799.6138 2.14591e-16 1e-20
5800.3084 2.18666e-16 1e-20
5801.003 2.10201e-16 1e-20
5801.6976 2.07495e-16 1e-20
5802.3922 2.03624e-16 1e-20
5803.0868 2.12924e-16 1e-20
5803.7814 2.22891e-16 1e-20
5804.4759 2.16452e-16 1e-20
5805.1705 2.27865e-16 1e-20
5805.8651 2.22134e-16 1e-20
5806.5597 2.21274e-16 1e-20
5807.2543 2.24805e-16 1e-20
5807.9489 2.2819e-16 1e-20
5808.6435 2.21226e-16 1e-20
5809.3381 2.2369e-16 1e-20
5810.0326 2.20577e-16 1e-20
5810.7272 2.20863e-16 1e-20
5811.4218 2.26353e-16 1e-20
5812.1164 2.26242e-16 1e-20
5812.811 2.21693e-16 1e-20
5813.5056 2.27275e-16 1e-20
5814.2002 2.32037e-16 1e-20
5814.8948 2.31231e-16 1e-20
5815.5893 2.2624e-16 1e-20
5816.2839 2.31337e-16 1e-20
5816.9785 2.36462e-16 1e-20
5817.6731 2.38107e-16 1e-20
5818.3677 2.38052e-16 1e-20
5819.0623 2.31792e-16 1e-20
5819.7569 2.32571e-16 1e-20
5820.4515 2.33344e-16 1e-20
5821.146 2.38231e-16 1e-20
5821.8406 2.40714e-16 1e-20
5822.5352 2.38485e-16 1e-20
5823.2298 2.32684e-16 1e-20
5823.9244 2.40273e-16 1e-20
5824.619 2.38576e-16 1e-20
5825.3136 2.34359e-16 1e-20
5826.0082 2.41899e-16 1e-20
5826.7027 2.49649e-16 1e-20
5827.3973 2.52221e-16 1e-20
5828.0919 2.48663e-16 1e-20
5828.7865 2.48734e-16 1e-20
5829.4811 2.55029e-16 1e-20
5830.1757 2.53486e-16 1e-20
5830.8703 2.55502e-16 1e-20
5831.5649 2.60249e-16 1e-20
5832.2594 2.58852e-16 1e-20
5832.954 2.52281e-16 1e-20
5833.6486 2.48368e-16 1e-20
5834.3432 2.60143e-16 1e-20
5835.0378 2.66867e-16 1e-20
5835.7324 2.60566e-16 1e-20
5836.427 2.57606e-16 1e-20
5837.1216 2.60029e-16 1e-20
5837.8161 2.63676e-16 1e-20
5838.5107 2.61046e-16 1e-20
5839.2053 2.62294e-16 1e-20
5839.8999 2.728e-16 1e-20
5840.5945 2.72758e-16 1e-20
5841.2891 2.7551e-16 1e-20
5841.9837 2.78753e-16 1e-20
5842.6783 2.69957e-16 1e-20
5843.3728 2.78022e-16 1e-20
5844.0674 2.79107e-16 1e-20
5844.762 2.75868e-16 1e-20
5845.4566 2.72262e-16 1e-20
5846.1512 2.82449e-16 1e-20
5846.8458 2.79454e-16 1e-20
5847.5404 2.70545e-16 1e-20
5848.235 2.71871e-16 1e-20
5848.9295 2.7336e-16 1e-20
5849.6241 2.851e-16 1e-20
5850.3187 2.84726e-16 1e-20
5851.0133 2.80115e-16 1e-20
5851.7079 2.81941e-16 1e-20
5852.4025 2.85148e-16 1e-20
5853.0971 2.8712e-16 1e-20
5853.7917 2.91035e-16 1e-20
5854.4862 2.90914e-16 1e-20
5855.1808 2.96265e-16 1e-20
5855.8754 2.93578e-16 1e-20
5856.57 2.92726e-16 1e-20
5857.2646 2.91e-16 1e-20
5857.9592 2.92536e-16 1e-20
5858.6538 3.00437e-16 1e-20
5859.3484 2.95659e-16 1e-20
5860.0429 2.91688e-16 1e-20
5860.7375 2.93453e-16 1e-20
5861.4321 3.0174e-16 1e-20
5862.1267 2.99258e-16 1e-20
5862.8213 3.03265e-16 1e-20
5863.5159 3.0283e-16 1e-20
5864.2105 3.06238e-16 1e-20
5864.9051 3.06714e-16 1e-20
5865.5996 3.05257e-16 1e-20
5866.2942 2.98767e-16 1e-20
5866.9888 2.93045e-16 1e-20
5867.6834 3.09076e-16 1e-20
5868.378 3.1302e-16 1e-20
5869.0726 3.06699e-16 1e-20
5869.7672 3.01877e-16 1e-20
5870.4618 3.07144e-16 1e-20
5871.1563 3.08587e-16 1e-20
5871.8509 3.05997e-16 1e-20
5872.5455 3.12952e-16 1e-20
5873.2401 3.13511e-16 1e-20
5873.9347 3.10901e-16 1e-20
5874.6293 3.06166e-16 1e-20
5875.3239 3.00166e-16 1e-20
5876.0185 3.1519e-16 1e-20
5876.7131 3.16228e-16 1e-20
5877.4076 3.00488e-16 1e-20
5878.1022 3.049e-16 1e-20
5878.7968 3.15432e-16 1e-20
5879.4914 3.10789e-16 1e-20
5880.186 3.05967e-16 1e-20
5880.8806 3.12415e-16 1e-20
5881.5752 3.09649e-16 1e-20
5882.2697 3.10037e-16 1e-20
5882.9643 3.12716e-16 1e-20
5883.6589 3.12221e-16 1e-20
5884.3535 3.07238e-16 1e-20
5885.0481 3.03366e-16 1e-20
5885.7427 3.05003e-16 1e-20
5886.4373 3.13613e-16 1e-20
5887.1319 3.2376e-16 1e-20
5887.8264 3.23303e-16 1e-20
5888.521 3.23328e-16 1e-20
5889.2156 3.21e-16 1e-20
5889.9102 3.20931e-16 1e-20
5890.6048 3.18062e-16 1e-20
5891.2994 3.23544e-16 1e-20
5891.994 3.30649e-16 1e-20
5892.6886 3.33321e-16 1e-20
5893.3831 3.28854e-16 1e-20
5894.0777 3.21101e-16 1e-20
5894.7723 3.13903e-16 1e-20
5895.4669 3.21504e-16 1e-20
5896.1615 3.24472e-16 1e-20
5896.8561 3.16727e-16 1e-20
5897.5507 3.12146e-16 1e-20
5898.2453 3.18018e-16 1e-20
5898.9399 3.19784e-16 1e-20
5899.6344 3.19839e-16 1e-20
5900.329 3.24789e-16 1e-20
5901.0236 3.21136e-16 1e-20
5901.7182 3.27466e-16 1e-20
5902.4128 3.27365e-16 1e-20
5903.1074 3.25492e-16 1e-20
5903.802 3.29723e-16 1e-20
5904.4965 3.20866e-16 1e-20
5905.1911 3.21484e-16 1e-20
5905.8857 3.22494e-16 1e-20
5906.5803 3.10985e-16 1e-20
5907.2749 3.19809e-16 1e-20
5907.9695 3.23061e-16 1e-20
5908.6641 3.18958e-16 1e-20
5909.3587 3.14203e-16 1e-20
5910.0532 3.21836e-16 1e-20
5910.7478 3.14709e-16 1e-20
5911.4424 3.11657e-16 1e-20
5912.137 3.2351e-16 1e-20
5912.8316 3.29377e-16 1e-20
5913.5262 3.21717e-16 1e-20
5914.2208 3.20405e-16 1e-20
5914.9154 3.20931e-16 1e-20
5915.6099 3.2317e-16 1e-20
5916.3045 3.23908e-16 1e-20
5916.9991 3.2556e-16 1e-20
5917.6937 3.24553e-16 1e-20
5918.3883 3.18417e-16 1e-20
5919.0829 3.11306e-16 1e-20
5919.7775 3.17827e-16 1e-20
5920.4721 3.24105e-16 1e-20
5921.1667 3.25896e-16 1e-20
5921.8612 3.29436e-16 1e-20
5922.5558 3.24221e-16 1e-20
5923.2504 3.20723e-16 1e-20
5923.945 3.1788e-16 1e-20
5924.6396 3.17067e-16 1e-20
5925.3342 3.15851e-16 1e-20
5926.0288 3.14307e-16 1e-20
5926.7234 3.12587e-16 1e-20
5927.4179 3.10888e-16 1e-20
5928.1125 3.13138e-16 1e-20
5928.8071 3.1857e-16 1e-20
5929.5017 3.18474e-16 1e-20
5930.1963 3.15721e-16 1e-20
5930.8909 3.15206e-16 1e-20
5931.5855 3.1582e-16 1e-20
5932.28 3.13406e-16 1e-20
5932.9746 3.14969e-16 1e-20
5933.6692 3.15502e-16 1e-20
5934.3638 3.10071e-16 1e-20
5935.0584 3.07174e-16 1e-20
5935.753 3.0894e-16 1e-20
5936.4476 3.06233e-16 1e-20
5937.1422 3.07774e-16 1e-20
5937.8368 3.07318e-16 1e-20
5938.5313 3.02305e-16 1e-20
5939.2259 3.0906e-16 1e-20
5939.9205 3.11873e-16 1e-20
5940.6151 3.08409e-16 1e-20
5941.3097 3.06164e-16 1e-20
5942.0043 3.06089e-16 1e-20
5942.6989 3.04768e-16 1e-20
5943.3935 3.08832e-16 1e-20
5944.088 3.11708e-16 1e-20
5944.7826 3.10942e-16 1e-20
5945.4772 3.08812e-16 1e-20
5946.1718 3.05983e-16 1e-20
5946.8664 3.04294e-16 1e-20
5947.561 3.0611e-16 1e-20
5948.2556 3.11014e-16 1e-20
5948.9502 3.14652e-16 1e-20
5949.6447 3.10905e-16 1e-20
5950.3393 3.06401e-16 1e-20
5951.0339 3.07594e-16 1e-20
5951.7285 3.15219e-16 1e-20
5952.4231 3.07471e-16 1e-20
5953.1177 3.09147e-16 1e-20
5953.8123 3.17359e-16 1e-20
5954.5068 3.07666e-16 1e-20
5955.2014 3.08482e-16 1e-20
5955.896 3.17432e-16 1e-20
5956.5906 3.09891e-16 1e-20
5957.2852 3.11728e-16 1e-20
5957.9798 3.13445e-16 1e-20
5958.6744 3.12626e-16 1e-20
5959.369 3.12974e-16 1e-20
5960.0636 3.14535e-16 1e-20
5960.7581 3.08e-16 1e-20
5961.4527 3.02554e-16 1e-20
5962.1473 3.06051e-16 1e-20
5962.8419 3.06494e-16 1e-20
5963.5365 3.04008e-16 1e-20
5964.2311 3.09369e-16 1e-20
5964.9257 3.0814e-16 1e-20
5965.6203 3.08983e-16 1e-20
5966.3148 3.02829e-16 1e-20
5967.0094 3.01614e-16 1e-20
5967.704 3.0238e-16 1e-20
5968.3986 3.02796e-16 1e-20
5969.0932 3.03123e-16 1e-20
5969.7878 3.03701e-16 1e-20
5970.4824 3.1379e-16 1e-20
5971.177 3.15718e-16 1e-20
5971.8715 3.14012e-16 1e-20
5972.5661 3.08137e-16 1e-20
5973.2607 3.05151e-16 1e-20
5973.9553 3.0963e-16 1e-20
5974.6499 3.06341e-16 1e-20
5975.3445 3.06941e-16 1e-20
5976.0391 3.12755e-16 1e-20
5976.7336 3.0964e-16 1e-20
5977.4282 3.12923e-16 1e-20
5978.1228 3.15896e-16 1e-20
5978.8174 3.1217e-16 1e-20
5979.512 3.18528e-16 1e-20
5980.2066 3.1933e-16 1e-20
5980.9012 3.18662e-16 1e-20
5981.5958 3.21418e-16 1e-20
5982.2904 3.16551e-16 1e-20
5982.9849 3.1586e-16 1e-20
5983.6795 3.17924e-16 1e-20
5984.3741 3.12427e-16 1e-20
5985.0687 3.11589e-16 1e-20
5985.7633 3.06205e-16 1e-20
5986.4579 3.01985e-16 1e-20
5987.1525 3.16889e-16 1e-20
5987.8471 3.20329e-16 1e-20
5988.5416 3.06818e-16 1e-20
5989.2362 3.05348e-16 1e-20
5989.9308 3.14988e-16 1e-20
5990.6254 3.18365e-16 1e-20
5991.32 3.11058e-16 1e-20
5992.0146 3.17819e-16 1e-20
5992.7092 3.26736e-16 1e-20
5993.4038 3.11172e-16 1e-20
5994.0983 3.07511e-16 1e-20
5994.7929 3.17762e-16 1e-20
5995.4875 3.21214e-16 1e-20
5996.1821 3.18711e-16 1e-20
5996.8767 3.17568e-16 1e-20
5997.5713 3.17067e-16 1e-20
5998.2659 3.083e-16 1e-20
5998.9605 3.07117e-16 1e-20
5999.655 3.13858e-16 1e-20
6000.3496 3.10129e-16 1e-20
6001.0442 3.03184e-16 1e-20
6001.7388 3.01418e-16 1e-20
6002.4334 3.06432e-16 1e-20
6003.128 3.12047e-16 1e-20
6003.8226 3.13685e-16 1e-20
6004.5172 3.12776e-16 1e-20
6005.2117 3.14213e-16 1e-20
6005.9063 3.05625e-16 1e-20
6006.6009 2.98337e-16 1e-20
6007.2955 2.99e-16 1e-20
6007.9901 2.99188e-16 1e-20
6008.6847 2.95394e-16 1e-20
6009.3793 3.00027e-16 1e-20
6010.0739 3.08435e-16 1e-20
6010.7684 3.04306e-16 1e-20
6011.463 3.08355e-16 1e-20
6012.1576 3.03102e-16 1e-20
6012.8522 2.91319e-16 1e-20
6013.5468 2.94092e-16 1e-20
6014.2414 2.93988e-16 1e-20
6014.936 2.95759e-16 1e-20
6015.6306 3.0068e-16 1e-20
6016.3251 2.90686e-16 1e-20
6017.0197 2.9111e-16 1e-20
6017.7143 2.89018e-16 1e-20
6018.4089 2.99864e-16 1e-20
6019.1035 2.8895e-16 1e-20
6019.7981 2.84842e-16 1e-20
6020.4927 2.88231e-16 1e-20
6021.1873 2.86663e-16 1e-20
6021.8818 2.86324e-16 1e-20
6022.5764 2.91521e-16 1e-20
6023.271 2.86199e-16 1e-20
6023.9656 2.85449e-16 1e-20
6024.6602 2.8468e-16 1e-20
6025.3548 2.75183e-16 1e-20
6026.0494 2.78387e-16 1e-20
6026.744 2.69852e-16 1e-20
6027.4385 2.70172e-16 1e-20
6028.1331 2.77441e-16 1e-20
6028.8277 2.75513e-16 1e-20
6029.5223 2.7438e-16 1e-20
6030.2169 2.74996e-16 1e-20
6030.9115 2.74934e-16 1e-20
6031.6061 2.74982e-16 1e-20
6032.3007 2.74623e-16 1e-20
6032.9952 2.78878e-16 1e-20
6033.6898 2.74034e-16 1e-20
6034.3844 2.66258e-16 1e-20
6035.079 2.61814e-16 1e-20
6035.7736 2.62536e-16 1e-20
6036.4682 2.60374e-16 1e-20
6037.1628 2.63325e-16 1e-20
6037.8574 2.68859e-16 1e-20
6038.5519 2.68122e-16 1e-20
6039.2465 2.62956e-16 1e-20
6039.9411 2.54131e-16 1e-20
6040.6357 2.55264e-16 1e-20
6041.3303 2.63015e-16 1e-20
6042.0249 2.70434e-16 1e-20
6042.7195 2.70662e-16 1e-20
6043.4141 2.61622e-16 1e-20
6044.1086 2.55214e-16 1e-20
6044.8032 2.57508e-16 1e-20
6045.4978 2.59264e-16 1e-20
6046.1924 2.47702e-16 1e-20
6046.887 2.42614e-16 1e-20
6047.5816 2.50698e-16 1e-20
6048.2762 2.48468e-16 1e-20
6048.9708 2.50704e-16 1e-20
6049.6653 2.49532e-16 1e-20
6050.3599 2.50649e-16 1e-20
6051.0545 2.60077e-16 1e-20
6051.7491 2.5593e-16 1e-20
6052.4437 2.57895e-16 1e-20
6053.1383 2.57833e-16 1e-20
6053.8329 2.48058e-16 1e-20
6054.5275 2.44421e-16 1e-20
6055.222 2.3994e-16 1e-20
6055.9166 2.33163e-16 1e-20
6056.6112 2.39772e-16 1e-20
6057.3058 2.37437e-16 1e-20
6058.0004 2.29703e-16 1e-20
6058.695 2.26727e-16 1e-20
6059.3896 2.35374e-16 1e-20
6060.0842 2.31803e-16 1e-20
6060.7787 2.30577e-16 1e-20
6061.4733 2.32142e-16 1e-20
6062.1679 2.18005e-16 1e-20
6062.8625 2.22432e-16 1e-20
6063.5571 2.18872e-16 1e-20
6064.2517 2.1355e-16 1e-20
6064.9463 2.18027e-16 1e-20
6065.6409 2.20607e-16 1e-20
6066.3355 2.13563e-16 1e-20
6067.03 2.15072e-16 1e-20
6067.7246 2.18115e-16 1e-20
6068.4192 2.03041e-16 1e-20
6069.1138 2.04522e-16 1e-20
6069.8084 2.09037e-16 1e-20
6070.503 2.04659e-16 1e-20
6071.1976 2.10095e-16 1e-20
6071.8921 1.99084e-16 1e-20
6072.5867 2.04747e-16 1e-20
6073.2813 1.98734e-16 1e-20
6073.9759 1.93178e-16 1e-20
6074.6705 1.94488e-16 1e-20
6075.3651 1.92223e-16 1e-20
6076.0597 1.85768e-16 1e-20
6076.7543 1.84689e-16 1e-20
6077.4488 1.8729e-16 1e-20
6078.1434 1.95202e-16 1e-20
6078.838 1.92019e-16 1e-20
6079.5326 1.79673e-16 1e-20
6080.2272 1.76471e-16 1e-20
6080.9218 1.7795e-16 1e-20
6081.6164 1.71861e-16 1e-20
6082.311 1.69416e-16 1e-20
6083.0056 1.72366e-16 1e-20
6083.7001 1.71172e-16 1e-20
6084.3947 1.6971e-16 1e-20
6085.0893 1.63194e-16 1e-20
6085.7839 1.63038e-16 1e-20
6086.4785 1.66991e-16 1e-20
6087.1731 1.62709e-16 1e-20
6087.8677 1.58225e-16 1e-20
6088.5623 1.59093e-16 1e-20
6089.2568 1.59943e-16 1e-20
6089.9514 1.55299e-16 1e-20
6090.646 1.51253e-16 1e-20
6091.3406 1.51523e-16 1e-20
6092.0352 1.50958e-16 1e-20
6092.7298 1.49802e-16 1e-20
6093.4244 1.46774e-16 1e-20
6094.1189 1.44042e-16 1e-20
6094.8135 1.40745e-16 1e-20
6095.5081 1.3709e-16 1e-20
6096.2027 1.42592e-16 1e-20
6096.8973 1.43737e-16 1e-20
6097.5919 1.36883e-16 1e-20
6098.2865 1.35571e-16 1e-20
6098.9811 1.37691e-16 1e-20
6099.6756 1.3721e-16 1e-20
6100.3702 1.39256e-16 1e-20
6101.0648 1.38875e-16 1e-20
6101.7594 1.38745e-16 1e-20
6102.454 1.39627e-16 1e-20
6103.1486 1.3242e-16 1e-20
6103.8432 1.33198e-16 1e-20
6104.5378 1.29651e-16 1e-20
6105.2324 1.30418e-16 1e-20
6105.9269 1.31046e-16 1e-20
6106.6215 1.24973e-16 1e-20
6107.3161 1.21901e-16 1e-20
6108.0107 1.18289e-16 1e-20
6108.7053 1.2468e-16 1e-20
6109.3999 1.23884e-16 1e-20
6110.0945 1.18765e-16 1e-20
6110.7891 1.16808e-16 1e-20
6111.4836 1.14809e-16 1e-20
6112.1782 1.16823e-16 1e-20
6112.8728 1.13382e-16 1e-20
6113.5674 1.15938e-16 1e-20
6114.262 1.21554e-16 1e-20
6114.9566 1.23272e-16 1e-20
6115.6512 1.19286e-16 1e-20
6116.3457 1.1446e-16 1e-20
6117.0403 1.04004e-16 1e-20
6117.7349 1.07013e-16 1e-20
6118.4295 1.17169e-16 1e-20
6119.1241 1.16939e-16 1e-20
6119.8187 1.11757e-16 1e-20
6120.5133 1.13586e-16 1e-20
6121.2079 1.1618e-16 1e-20
6121.9025 1.11553e-16 1e-20
6122.597 1.14857e-16 1e-20
6123.2916 1.17252e-16 1e-20
6123.9862 1.12493e-16 1e-20
6124.6808 1.08165e-16 1e-20
6125.3754 1.0491e-16 1e-20
6126.07 1.04442e-16 1e-20
6126.7646 1.07978e-16 1e-20
6127.4592 1.0937e-16 1e-20
6128.1537 1.01322e-16 1e-20
6128.8483 9.96698e-17 1e-20
6129.5429 1.0937e-16 1e-20
6130.2375 1.04275e-16 1e-20
6130.9321 1.07128e-16 1e-20
6131.6267 1.04669e-16 1e-20
6132.3213 9.81605e-17 1e-20
6133.0159 1.04787e-16 1e-20
6133.7104 1.09053e-16 1e-20
6134.405 1.09686e-16 1e-20
6135.0996 1.07428e-16 1e-20
6135.7942 1.03767e-16 1e-20
6136.4888 1.02247e-16 1e-20
6137.1834 1.07043e-16 1e-20
6137.878 1.10424e-16 1e-20
6138.5726 1.12419e-16 1e-20
6139.2671 1.04254e-16 1e-20
6139.9617 9.18862e-17 1e-20
6140.6563 9.68108e-17 1e-20
6141.3509 1.08347e-16 1e-20
6142.0455 1.10112e-16 1e-20
6142.7401 1.05818e-16 1e-20
6143.4347 1.0373e-16 1e-20
6144.1293 1.02592e-16 1e-20
6144.8238 1.09413e-16 1e-20
6145.5184 1.15768e-16 1e-20
6146.213 1.08936e-16 1e-20
6146.9076 1.03721e-16 1e-20
6147.6022 1.0035e-16 1e-20
6148.2968 1.05032e-16 1e-20
6148.9914 1.11363e-16 1e-20
6149.686 1.10125e-16 1e-20
6150.3805 1.15639e-16 1e-20
6151.0751 1.12964e-16 1e-20
6151.7697 1.06653e-16 1e-20
6152.4643 1.04739e-16 1e-20
6153.1589 1.09298e-16 1e-20
6153.8535 1.10025e-16 1e-20
6154.5481 1.11921e-16 1e-20
6155.2427 1.12413e-16 1e-20
6155.9372 1.1045e-16 1e-20
6156.6318 1.10313e-16 1e-20
6157.3264 1.15395e-16 1e-20
6158.021 1.1663e-16 1e-20
6158.7156 1.1451e-16 1e-20
6159.4102 1.10438e-16 1e-20
6160.1048 1.07871e-16 1e-20
6160.7994 1.11413e-16 1e-20
6161.4939 1.19131e-16 1e-20
6162.1885 1.1582e-16 1e-20
6162.8831 1.16176e-16 1e-20
6163.5777 1.22412e-16 1e-20
6164.2723 1.21394e-16 1e-20
6164.9669 1.22793e-16 1e-20
6165.6615 1.19125e-16 1e-20
6166.3561 1.23679e-16 1e-20
6167.0506 1.20486e-16 1e-20
6167.7452 1.26613e-16 1e-20
6168.4398 1.2733e-16 1e-20
6169.1344 1.26582e-16 1e-20
6169.829 1.38864e-16 1e-20
6170.5236 1.42084e-16 1e-20
6171.2182 1.35249e-16 1e-20
6171.9128 1.34029e-16 1e-20
6172.6073 1.30304e-16 1e-20
6173.3019 1.30448e-16 1e-20
6173.9965 1.36396e-16 1e-20
6174.6911 1.32478e-16 1e-20
6175.3857 1.28828e-16 1e-20
6176.0803 1.32972e-16 1e-20
6176.7749 1.28485e-16 1e-20
6177.4695 1.3104e-16 1e-20
6178.164 1.29583e-16 1e-20
6178.8586 1.31696e-16 1e-20
6179.5532 1.35621e-16 1e-20
6180.2478 1.38336e-16 1e-20
6180.9424 1.35276e-16 1e-20
6181.637 1.37382e-16 1e-20
6182.3316 1.39015e-16 1e-20
6183.0262 1.4196e-16 1e-20
6183.7207 1.40832e-16 1e-20
6184.4153 1.42698e-16 1e-20
6185.1099 1.50713e-16 1e-20
6185.8045 1.47907e-16 1e-20
6186.4991 1.4874e-16 1e-20
6187.1937 1.53153e-16 1e-20
6187.8883 1.48815e-16 1e-20
6188.5829 1.49292e-16 1e-20
6189.2774 1.47474e-16 1e-20
6189.972 1.47244e-16 1e-20
6190.6666 1.51601e-16 1e-20
6191.3612 1.49862e-16 1e-20
6192.0558 1.50104e-16 1e-20
6192.7504 1.51094e-16 1e-20
6193.445 1.49745e-16 1e-20
6194.1396 1.51885e-16 1e-20
6194.8341 1.55363e-16 1e-20
6195.5287 1.58075e-16 1e-20
6196.2233 1.56327e-16 1e-20
6196.9179 1.556e-16 1e-20
6197.6125 1.62739e-16 1e-20
6198.3071 1.62477e-16 1e-20
6199.0017 1.59617e-16 1e-20
6199.6963 1.64189e-16 1e-20
6200.3908 1.64216e-16 1e-20
6201.0854 1.60643e-16 1e-20
6201.78 1.583e-16 1e-20
6202.4746 1.56245e-16 1e-20
6203.1692 1.53851e-16 1e-20
6203.8638 1.67867e-16 1e-20
6204.5584 1.77175e-16 1e-20
6205.253 1.70056e-16 1e-20
6205.9476 1.66567e-16 1e-20
6206.6421 1.67955e-16 1e-20
6207.3367 1.70583e-16 1e-20
6208.0313 1.64154e-16 1e-20
6208.7259 1.71663e-16 1e-20
6209.4205 1.69148e-16 1e-20
6210.1151 1.73136e-16 1e-20
6210.8097 1.74601e-16 1e-20
6211.5042 1.81609e-16 1e-20
6212.1988 1.75323e-16 1e-20
6212.8934 1.71839e-16 1e-20
6213.588 1.74206e-16 1e-20
6214.2826 1.74713e-16 1e-20
6214.9772 1.75205e-16 1e-20
6215.6718 1.81969e-16 1e-20
6216.3664 1.8362e-16 1e-20
6217.0609 1.77247e-16 1e-20
6217.7555 1.81076e-16 1e-20
6218.4501 1.85774e-16 1e-20
6219.1447 1.92803e-16 1e-20
6219.8393 1.88798e-16 1e-20
6220.5339 1.84702e-16 1e-20
6221.2285 1.85259e-16 1e-20
6221.9231 1.86372e-16 1e-20
6222.6176 1.87338e-16 1e-20
6223.3122 1.8836e-16 1e-20
6224.0068 1.89291e-16 1e-20
6224.7014 1.88534e-16 1e-20
6225.396 1.89097e-16 1e-20
6226.0906 1.97911e-16 1e-20
6226.7852 2.03395e-16 1e-20
6227.4798 1.93112e-16 1e-20
6228.1744 1.86996e-16 1e-20
6228.8689 1.93291e-16 1e-20
6229.5635 2.01963e-16 1e-20
6230.2581 2.02807e-16 1e-20
6230.9527 1.95197e-16 1e-20
6231.6473 1.93699e-16 1e-20
6232.3419 1.92863e-16 1e-20
6233.0365 1.95808e-16 1e-20
6233.731 2.06131e-16 1e-20
6234.4256 2.00554e-16 1e-20
6235.1202 1.93582e-16 1e-20
6235.8148 1.9792e-16 1e-20
6236.5094 2.07386e-16 1e-20
6237.204 2.13701e-16 1e-20
6237.8986 2.13531e-16 1e-20
6238.5932 2.09407e-16 1e-20
6239.2877 2.07877e-16 1e-20
6239.9823 2.11169e-16 1e-20
6240.6769 2.16217e-16 1e-20
6241.3715 2.29029e-16 1e-20
6242.0661 2.23873e-16 1e-20
6242.7607 2.11989e-16 1e-20
6243.4553 2.1398e-16 1e-20
6244.1499 2.22335e-16 1e-20
6244.8444 2.27765e-16 1e-20
6245.539 2.23825e-16 1e-20
6246.2336 2.22188e-16 1e-20
6246.9282 2.26102e-16 1e-20
6247.6228 2.31315e-16 1e-20
6248.3174 2.27924e-16 1e-20
6249.012 2.23052e-16 1e-20
6249.7066 2.26186e-16 1e-20
6250.4012 2.24517e-16 1e-20
6251.0957 2.23355e-16 1e-20
6251.7903 2.30943e-16 1e-20
6252.4849 2.38372e-16 1e-20
6253.1795 2.3637e-16 1e-20
6253.8741 2.34468e-16 1e-20
6254.5687 2.38726e-16 1e-20
6255.2633 2.37956e-16 1e-20
6255.9579 2.42973e-16 1e-20
6256.6524 2.46319e-16 1e-20
6257.347 2.41851e-16 1e-20
6258.0416 2.44135e-16 1e-20
6258.7362 2.4713e-16 1e-20
6259.4308 2.41744e-16 1e-20
6260.1254 2.54456e-16 1e-20
6260.82 2.58005e-16 1e-20
6261.5145 2.54769e-16 1e-20
6262.2091 2.52213e-16 1e-20
6262.9037 2.4582e-16 1e-20
6263.5983 2.50254e-16 1e-20
6264.2929 2.51399e-16 1e-20
6264.9875 2.53474e-16 1e-20
6265.6821 2.5639e-16 1e-20
6266.3767 2.58656e-16 1e-20
6267.0713 2.51667e-16 1e-20
6267.7658 2.49821e-16 1e-20
6268.4604 2.5975e-16 1e-20
6269.155 2.57942e-16 1e-20
6269.8496 2.54678e-16 1e-20
6270.5442 2.59324e-16 1e-20
6271.2388 2.66592e-16 1e-20
6271.9334 2.65488e-16 1e-20
6272.628 2.64773e-16 1e-20
6273.3225 2.63234e-16 1e-20
6274.0171 2.52777e-16 1e-20
6274.7117 2.54857e-16 1e-20
6275.4063 2.61084e-16 1e-20
6276.1009 2.67199e-16 1e-20
6276.7955 2.65762e-16 1e-20
6277.4901 2.63345e-16 1e-20
6278.1847 2.60186e-16 1e-20
6278.8792 2.65885e-16 1e-20
6279.5738 2.65952e-16 1e-20
6280.2684 2.65666e-16 1e-20
6280.963 2.59199e-16 1e-20
6281.6576 2.60737e-16 1e-20
6282.3522 2.68161e-16 1e-20
6283.0468 2.67034e-16 1e-20
6283.7413 2.66792e-16 1e-20
6284.4359 2.71796e-16 1e-20
6285.1305 2.72248e-16 1e-20
6285.8251 2.73422e-16 1e-20
6286.5197 2.66559e-16 1e-20
6287.2143 2.6872e-16 1e-20
6287.9089 2.70222e-16 1e-20
6288.6035 2.68994e-16 1e-20
6289.2981 2.81905e-16 1e-20
6289.9926 2.8709e-16 1e-20
6290.6872 2.87238e-16 1e-20
6291.3818 2.89346e-16 1e-20
6292.0764 2.89733e-16 1e-20
6292.771 2.9012e-16 1e-20
6293.4656 2.90508e-16 1e-20
6294.1602 2.90895e-16 1e-20
6294.8548 2.91283e-16 1e-20
6295.5493 2.9167e-16 1e-20
6296.2439 2.92057e-16 1e-20
6296.9385 2.92445e-16 1e-20
6297.6331 2.92832e-16 1e-20
6298.3277 2.93219e-16 1e-20
6299.0223 2.93607e-16 1e-20
6299.7169 2.93994e-16 1e-20
6300.4115 2.94381e-16 1e-20
6301.106 2.94769e-16 1e-20
6301.8006 2.95156e-16 1e-20
6302.4952 2.95544e-16 1e-20
6303.1898 2.95931e-16 1e-20
6303.8844 2.96319e-16 1e-20
6304.579 2.96706e-16 1e-20
6305.2736 2.97093e-16 1e-20
6305.9682 2.9748e-16 1e-20
6306.6627 2.97868e-16 1e-20
6307.3573 2.98255e-16 1e-20
6308.0519 2.98643e-16 1e-20
6308.7465 2.9903e-16 1e-20
6309.4411 2.99417e-16 1e-20
6310.1357 2.99805e-16 1e-20
6310.8303 3.00192e-16 1e-20
6311.5249 3.00579e-16 1e-20
6312.2194 3.00967e-16 1e-20
6312.914 3.01354e-16 1e-20
6313.6086 3.01742e-16 1e-20
6314.3032 3.02129e-16 1e-20
6314.9978 3.02516e-16 1e-20
6315.6924 3.02904e-16 1e-20
6316.387 3.03291e-16 1e-20
6317.0816 3.03678e-16 1e-20
6317.7761 3.04066e-16 1e-20
6318.4707 3.04453e-16 1e-20
6319.1653 3.0484e-16 1e-20
6319.8599 3.05228e-16 1e-20
6320.5545 3.05615e-16 1e-20
6321.2491 3.06003e-16 1e-20
6321.9437 3.0639e-16 1e-20
6322.6383 3.06777e-16 1e-20
6323.3328 3.07165e-16 1e-20
6324.0274 3.07552e-16 1e-20
6324.722 3.0794e-16 1e-20
6325.4166 3.08327e-16 1e-20
6326.1112 3.08714e-16 1e-20
6326.8058 3.09102e-16 1e-20
6327.5004 3.09489e-16 1e-20
6328.195 3.09876e-16 1e-20
6328.8895 3.10264e-16 1e-20
6329.5841 3.10651e-16 1e-20
6330.2787 3.11038e-16 1e-20
6330.9733 3.11426e-16 1e-20
6331.6679 3.11813e-16 1e-20
6332.3625 3.12201e-16 1e-20
6333.0571 3.15037e-16 1e-20
6333.7517 3.10515e-16 1e-20
6334.4462 3.0124e-16 1e-20
6335.1408 3.0489e-16 1e-20
6335.8354 3.11104e-16 1e-20
6336.53 3.0168e-16 1e-20
6337.2246 3.03384e-16 1e-20
6337.9192 3.06385e-16 1e-20
6338.6138 3.1158e-16 1e-20
6339.3084 3.07643e-16 1e-20
6340.0029 3.06693e-16 1e-20
6340.6975 3.13541e-16 1e-20
6341.3921 3.06899e-16 1e-20
6342.0867 3.06234e-16 1e-20
6342.7813 3.01222e-16 1e-20
6343.4759 3.01159e-16 1e-20
6344.1705 3.06409e-16 1e-20
6344.8651 3.02806e-16 1e-20
6345.5596 3.06579e-16 1e-20
6346.2542 3.1075e-16 1e-20
6346.9488 3.01533e-16 1e-20
6347.6434 2.99044e-16 1e-20
6348.338 3.05257e-16 1e-20
6349.0326 3.07396e-16 1e-20
6349.7272 3.03522e-16 1e-20
6350.4218 2.94057e-16 1e-20
6351.1163 2.97938e-16 1e-20
6351.8109 3.06598e-16 1e-20
6352.5055 3.05617e-16 1e-20
6353.2001 3.08062e-16 1e-20
6353.8947 3.09757e-16 1e-20
6354.5893 3.08362e-16 1e-20
6355.2839 3.06919e-16 1e-20
6355.9785 3.04103e-16 1e-20
6356.673 3.06097e-16 1e-20
6357.3676 3.03379e-16 1e-20
6358.0622 2.9874e-16 1e-20
6358.7568 3.00426e-16 1e-20
6359.4514 3.13783e-16 1e-20
6360.146 3.10779e-16 1e-20
6360.8406 3.00372e-16 1e-20
6361.5352 3.01963e-16 1e-20
6362.2297 3.05774e-16 1e-20
6362.9243 3.00935e-16 1e-20
6363.6189 2.94925e-16 1e-20
6364.3135 2.96877e-16 1e-20
6365.0081 2.96045e-16 1e-20
6365.7027 2.93815e-16 1e-20
6366.3973 3.05228e-16 1e-20
6367.0919 3.12855e-16 1e-20
6367.7864 3.05178e-16 1e-20
6368.481 3.04788e-16 1e-20
6369.1756 3.1607e-16 1e-20
6369.8702 3.16047e-16 1e-20
6370.5648 3.05292e-16 1e-20
6371.2594 2.95502e-16 1e-20
6371.954 3.01324e-16 1e-20
6372.6486 3.00148e-16 1e-20
6373.3431 2.94473e-16 1e-20
6374.0377 2.94762e-16 1e-20
6374.7323 2.96659e-16 1e-20
6375.4269 2.97802e-16 1e-20
6376.1215 3.00903e-16 1e-20
6376.8161 2.94883e-16 1e-20
6377.5107 2.96453e-16 1e-20
6378.2053 3.06415e-16 1e-20
6378.8998 2.99283e-16 1e-20
6379.5944 2.92204e-16 1e-20
6380.289 2.90776e-16 1e-20
6380.9836 2.9357e-16 1e-20
6381.6782 2.99734e-16 1e-20
6382.3728 2.96878e-16 1e-20
6383.0674 2.85901e-16 1e-20
6383.762 2.84616e-16 1e-20
6384.4565 3.00463e-16 1e-20
6385.1511 3.04543e-16 1e-20
6385.8457 2.92833e-16 1e-20
6386.5403 2.8604e-16 1e-20
6387.2349 2.90268e-16 1e-20
6387.9295 3.03923e-16 1e-20
6388.6241 3.06999e-16 1e-20
6389.3187 2.93859e-16 1e-20
6390.0133 2.99383e-16 1e-20
6390.7078 3.02108e-16 1e-20
6391.4024 2.97977e-16 1e-20
6392.097 2.96525e-16 1e-20
6392.7916 2.87487e-16 1e-20
6393.4862 2.88617e-16 1e-20
6394.1808 2.97216e-16 1e-20
6394.8754 2.96468e-16 1e-20
6395.57 2.9057e-16 1e-20
6396.2645 2.9445e-16 1e-20
6396.9591 2.9963e-16 1e-20
6397.6537 3.0368e-16 1e-20
6398.3483 3.00919e-16 1e-20
6399.0429 2.88681e-16 1e-20
6399.7375 2.86528e-16 1e-20
6400.4321 2.9378e-16 1e-20
6401.1266 2.94187e-16 1e-20
6401.8212 2.88731e-16 1e-20
6402.5158 2.86194e-16 1e-20
6403.2104 2.92474e-16 1e-20
6403.905 2.96015e-16 1e-20
6404.5996 2.91205e-16 1e-20
6405.2942 2.88223e-16 1e-20
6405.9888 2.96886e-16 1e-20
6406.6833 3.05892e-16 1e-20
6407.3779 2.94895e-16 1e-20
6408.0725 2.8962e-16 1e-20
6408.7671 2.98067e-16 1e-20
6409.4617 2.94886e-16 1e-20
6410.1563 2.91939e-16 1e-20
6410.8509 2.93942e-16 1e-20
6411.5455 3.01373e-16 1e-20
6412.2401 2.92676e-16 1e-20
6412.9346 2.86518e-16 1e-20
6413.6292 2.80559e-16 1e-20
6414.3238 2.88477e-16 1e-20
6415.0184 2.98288e-16 1e-20
6415.713 2.89077e-16 1e-20
6416.4076 2.87043e-16 1e-20
6417.1022 2.88906e-16 1e-20
6417.7968 2.82998e-16 1e-20
6418.4913 2.83813e-16 1e-20
6419.1859 2.80919e-16 1e-20
6419.8805 2.78737e-16 1e-20
6420.5751 2.89215e-16 1e-20
6421.2697 2.88121e-16 1e-20
6421.9643 2.78172e-16 1e-20
6422.6589 2.77809e-16 1e-20
6423.3534 2.82276e-16 1e-20
6424.048 2.72806e-16 1e-20
6424.7426 2.70226e-16 1e-20
6425.4372 2.80578e-16 1e-20
6426.1318 2.84718e-16 1e-20
6426.8264 2.88309e-16 1e-20
6427.521 2.83533e-16 1e-20
6428.2156 2.93546e-16 1e-20
6428.9101 2.87496e-16 1e-20
6429.6047 2.75528e-16 1e-20
6430.2993 2.8193e-16 1e-20
6430.9939 2.78764e-16 1e-20
6431.6885 2.72347e-16 1e-20
6432.3831 2.74359e-16 1e-20
6433.0777 2.81316e-16 1e-20
6433.7723 2.71331e-16 1e-20
6434.4669 2.66607e-16 1e-20
6435.1614 2.80231e-16 1e-20
6435.856 2.80202e-16 1e-20
6436.5506 2.69402e-16 1e-20
6437.2452 2.68147e-16 1e-20
6437.9398 2.77857e-16 1e-20
6438.6344 2.8465e-16 1e-20
6439.329 2.79743e-16 1e-20
6440.0236 2.76001e-16 1e-20
6440.7181 2.72882e-16 1e-20
6441.4127 2.81772e-16 1e-20
6442.1073 2.7743e-16 1e-20
6442.8019 2.75216e-16 1e-20
6443.4965 2.75179e-16 1e-20
6444.1911 2.74408e-16 1e-20
6444.8857 2.68796e-16 1e-20
6445.5802 2.67868e-16 1e-20
6446.2748 2.66532e-16 1e-20
6446.9694 2.74583e-16 1e-20
6447.664 2.78338e-16 1e-20
6448.3586 2.69481e-16 1e-20
6449.0532 2.65956e-16 1e-20
6449.7478 2.62782e-16 1e-20
6450.4424 2.66995e-16 1e-20
6451.137 2.67477e-16 1e-20
6451.8315 2.68549e-16 1e-20
6452.5261 2.73045e-16 1e-20
6453.2207 2.71533e-16 1e-20
6453.9153 2.7036e-16 1e-20
6454.6099 2.75702e-16 1e-20
6455.3045 2.75467e-16 1e-20
6455.9991 2.65679e-16 1e-20
6456.6937 2.62981e-16 1e-20
6457.3882 2.55583e-16 1e-20
6458.0828 2.5165e-16 1e-20
6458.7774 2.66229e-16 1e-20
6459.472 2.63585e-16 1e-20
6460.1666 2.63042e-16 1e-20
6460.8612 2.61938e-16 1e-20
6461.5558 2.60651e-16 1e-20
6462.2504 2.59411e-16 1e-20
6462.9449 2.58094e-16 1e-20
6463.6395 2.56973e-16 1e-20
6464.3341 2.58901e-16 1e-20
6465.0287 2.59738e-16 1e-20
6465.7233 2.59279e-16 1e-20
6466.4179 2.64982e-16 1e-20
6467.1125 2.70164e-16 1e-20
6467.8071 2.6457e-16 1e-20
6468.5016 2.66375e-16 1e-20
6469.1962 2.68979e-16 1e-20
6469.8908 2.66404e-16 1e-20
6470.5854 2.65414e-16 1e-20
6471.28 2.5861e-16 1e-20
6471.9746 2.54791e-16 1e-20
6472.6692 2.56074e-16 1e-20
6473.3638 2.51544e-16 1e-20
6474.0583 2.53268e-16 1e-20
6474.7529 2.51613e-16 1e-20
6475.4475 2.42932e-16 1e-20
6476.1421 2.50358e-16 1e-20
6476.8367 2.54237e-16 1e-20
6477.5313 2.54938e-16 1e-20
6478.2259 2.51983e-16 1e-20
6478.9205 2.51733e-16 1e-20
6479.615 2.45293e-16 1e-20
6480.3096 2.49438e-16 1e-20
6481.0042 2.5628e-16 1e-20
6481.6988 2.44808e-16 1e-20
6482.3934 2.44628e-16 1e-20
6483.088 2.47236e-16 1e-20
6483.7826 2.43542e-16 1e-20
6484.4772 2.3845e-16 1e-20
6485.1717 2.50473e-16 1e-20
6485.8663 2.61629e-16 1e-20
6486.5609 2.52885e-16 1e-20
6487.2555 2.47517e-16 1e-20
6487.9501 2.51612e-16 1e-20
6488.6447 2.46975e-16 1e-20
6489.3393 2.45691e-16 1e-20
6490.0339 2.45886e-16 1e-20
6490.7284 2.42357e-16 1e-20
6491.423 2.44073e-16 1e-20
6492.1176 2.42484e-16 1e-20
6492.8122 2.45526e-16 1e-20
6493.5068 2.49709e-16 1e-20
6494.2014 2.51106e-16 1e-20
6494.896 2.39801e-16 1e-20
6495.5906 2.44723e-16 1e-20
6496.2851 2.49958e-16 1e-20
6496.9797 2.42426e-16 1e-20
6497.6743 2.46582e-16 1e-20
6498.3689 2.50132e-16 1e-20
6499.0635 2.53505e-16 1e-20
6499.7581 2.45785e-16 1e-20
6500.4527 2.35775e-16 1e-20
6501.1473 2.43961e-16 1e-20
6501.8418 2.43604e-16 1e-20
6502.5364 2.4141e-16 1e-20
6503.231 2.44831e-16 1e-20
6503.9256 2.44529e-16 1e-20
6504.6202 2.47091e-16 1e-20
6505.3148 2.39274e-16 1e-20
6506.0094 2.32508e-16 1e-20
6506.704 2.35696e-16 1e-20
6507.3985 2.43832e-16 1e-20
6508.0931 2.47329e-16 1e-20
6508.7877 2.3819e-16 1e-20
6509.4823 2.32673e-16 1e-20
6510.1769 2.35132e-16 1e-20
6510.8715 2.44531e-16 1e-20
6511.5661 2.45705e-16 1e-20
6512.2607 2.36337e-16 1e-20
6512.9552 2.34429e-16 1e-20
6513.6498 2.30387e-16 1e-20
6514.3444 2.33524e-16 1e-20
6515.039 2.27113e-16 1e-20
6515.7336 2.24751e-16 1e-20
6516.4282 2.29819e-16 1e-20
6517.1228 2.40114e-16 1e-20
6517.8174 2.42579e-16 1e-20
6518.5119 2.31816e-16 1e-20
6519.2065 2.29828e-16 1e-20
6519.9011 2.36778e-16 1e-20
6520.5957 2.39218e-16 1e-20
6521.2903 2.45655e-16 1e-20
6521.9849 2.42927e-16 1e-20
6522.6795 2.38801e-16 1e-20
6523.3741 2.38411e-16 1e-20
6524.0686 2.40654e-16 1e-20
6524.7632 2.40725e-16 1e-20
6525.4578 2.34699e-16 1e-20
6526.1524 2.31776e-16 1e-20
6526.847 2.33962e-16 1e-20
6527.5416 2.36151e-16 1e-20
6528.2362 2.36615e-16 1e-20
6528.9308 2.34957e-16 1e-20
6529.6253 2.2767e-16 1e-20
6530.3199 2.27256e-16 1e-20
6531.0145 2.33793e-16 1e-20
6531.7091 2.27927e-16 1e-20
6532.4037 2.31383e-16 1e-20
6533.0983 2.35566e-16 1e-20
6533.7929 2.40365e-16 1e-20
6534.4875 2.34969e-16 1e-20
6535.1821 2.27389e-16 1e-20
6535.8766 2.26002e-16 1e-20
6536.5712 2.29597e-16 1e-20
6537.2658 2.3462e-16 1e-20
6537.9604 2.34131e-16 1e-20
6538.655 2.25284e-16 1e-20
6539.3496 2.28933e-16 1e-20
6540.0442 2.33476e-16 1e-20
6540.7387 2.30895e-16 1e-20
6541.4333 2.34831e-16 1e-20
6542.1279 2.41093e-16 1e-20
6542.8225 2.39907e-16 1e-20
6543.5171 2.36344e-16 1e-20
6544.2117 2.37764e-16 1e-20
6544.9063 2.37191e-16 1e-20
6545.6009 2.31465e-16 1e-20
6546.2954 2.30324e-16 1e-20
6546.99 2.26372e-16 1e-20
6547.6846 2.20383e-16 1e-20
6548.3792 2.24245e-16 1e-20
6549.0738 2.25225e-16 1e-20
6549.7684 2.2377e-16 1e-20
6550.463 2.21161e-16 1e-20
6551.1576 2.22039e-16 1e-20
6551.8521 2.24094e-16 1e-20
6552.5467 2.22047e-16 1e-20
6553.2413 2.22192e-16 1e-20
6553.9359 2.29633e-16 1e-20
6554.6305 2.27579e-16 1e-20
6555.3251 2.28876e-16 1e-20
6556.0197 2.28339e-16 1e-20
6556.7143 2.21133e-16 1e-20
6557.4089 2.15131e-16 1e-20
6558.1034 2.18986e-16 1e-20
6558.798 2.24083e-16 1e-20
6559.4926 2.21003e-16 1e-20
6560.1872 2.18817e-16 1e-20
6560.8818 2.16555e-16 1e-20
6561.5764 2.14361e-16 1e-20
6562.271 2.17416e-16 1e-20
6562.9655 2.2019e-16 1e-20
6563.6601 2.2047e-16 1e-20
6564.3547 2.15276e-16 1e-20
6565.0493 2.14985e-16 1e-20
6565.7439 2.22671e-16 1e-20
6566.4385 2.20411e-16 1e-20
6567.1331 2.16536e-16 1e-20
6567.8277 2.08187e-16 1e-20
6568.5222 2.12115e-16 1e-20
6569.2168 2.16662e-16 1e-20
6569.9114 2.14698e-16 1e-20
6570.606 2.16881e-16 1e-20
6571.3006 2.18581e-16 1e-20
6571.9952 2.18944e-16 1e-20
6572.6898 2.11801e-16 1e-20
6573.3844 2.0846e-16 1e-20
6574.0789 2.09099e-16 1e-20
6574.7735 2.10256e-16 1e-20
6575.4681 2.13486e-16 1e-20
6576.1627 2.09492e-16 1e-20
6576.8573 2.06702e-16 1e-20
6577.5519 2.12712e-16 1e-20
6578.2465 2.19895e-16 1e-20
6578.9411 2.16503e-16 1e-20
6579.6357 2.09723e-16 1e-20
6580.3302 2.10417e-16 1e-20
6581.0248 2.11583e-16 1e-20
6581.7194 2.13136e-16 1e-20
6582.414 2.1468e-16 1e-20
6583.1086 2.14631e-16 1e-20
6583.8032 2.10965e-16 1e-20
6584.4978 2.05803e-16 1e-20
6585.1923 2.12566e-16 1e-20
6585.8869 2.15705e-16 1e-20
6586.5815 2.17892e-16 1e-20
6587.2761 2.1772e-16 1e-20
6587.9707 2.06512e-16 1e-20
6588.6653 2.05383e-16 1e-20
6589.3599 2.11948e-16 1e-20
6590.0545 2.05641e-16 1e-20
6590.749 2.00814e-16 1e-20
6591.4436 2.05499e-16 1e-20
6592.1382 2.08505e-16 1e-20
6592.8328 2.05181e-16 1e-20
6593.5274 2.03686e-16 1e-20
6594.222 2.05271e-16 1e-20
6594.9166 2.0595e-16 1e-20
6595.6112 2.01789e-16 1e-20
6596.3058 1.95137e-16 1e-20
6597.0003 1.97352e-16 1e-20
6597.6949 2.04801e-16 1e-20
6598.3895 2.04621e-16 1e-20
6599.0841 2.01063e-16 1e-20
6599.7787 2.00855e-16 1e-20
6600.4733 2.03996e-16 1e-20
6601.1679 2.06233e-16 1e-20
6601.8625 2.01744e-16 1e-20
6602.557 1.98505e-16 1e-20
6603.2516 1.97494e-16 1e-20
6603.9462 1.9441e-16 1e-20
6604.6408 1.94644e-16 1e-20
6605.3354 2.05213e-16 1e-20
6606.03 2.02719e-16 1e-20
6606.7246 1.97679e-16 1e-20
6607.4192 1.96736e-16 1e-20
6608.1137 2.0276e-16 1e-20
6608.8083 2.06122e-16 1e-20
6609.5029 2.01928e-16 1e-20
6610.1975 2.01142e-16 1e-20
6610.8921 2.11412e-16 1e-20
6611.5867 2.19047e-16 1e-20
6612.2813 2.13802e-16 1e-20
6612.9758 2.05707e-16 1e-20
6613.6704 2.02022e-16 1e-20
6614.365 1.96529e-16 1e-20
6615.0596 1.93641e-16 1e-20
6615.7542 1.99946e-16 1e-20
6616.4488 2.05672e-16 1e-20
6617.1434 2.04004e-16 1e-20
6617.838 1.98929e-16 1e-20
6618.5326 1.92717e-16 1e-20
6619.2271 1.86679e-16 1e-20
6619.9217 1.88568e-16 1e-20
6620.6163 1.96333e-16 1e-20
6621.3109 1.9979e-16 1e-20
6622.0055 1.97696e-16 1e-20
6622.7001 2.04158e-16 1e-20
6623.3947 1.99536e-16 1e-20
6624.0893 1.95568e-16 1e-20
6624.7838 1.91875e-16 1e-20
6625.4784 1.87958e-16 1e-20
6626.173 1.89294e-16 1e-20
6626.8676 1.93428e-16 1e-20
6627.5622 2.04909e-16 1e-20
6628.2568 2.0901e-16 1e-20
6628.9514 2.00197e-16 1e-20
6629.646 2.00051e-16 1e-20
6630.3405 2.04126e-16 1e-20
6631.0351 1.97613e-16 1e-20
6631.7297 1.89068e-16 1e-20
6632.4243 1.89212e-16 1e-20
6633.1189 1.91582e-16 1e-20
6633.8135 1.84608e-16 1e-20
6634.5081 1.83896e-16 1e-20
6635.2027 1.95156e-16 1e-20
6635.8972 1.96961e-16 1e-20
6636.5918 1.93961e-16 1e-20
6637.2864 1.85911e-16 1e-20
6637.981 1.85012e-16 1e-20
6638.6756 1.91323e-16 1e-20
6639.3702 1.86808e-16 1e-20
6640.0648 1.82764e-16 1e-20
6640.7594 1.8205e-16 1e-20
6641.4539 1.85112e-16 1e-20
6642.1485 1.89488e-16 1e-20
6642.8431 1.85607e-16 1e-20
6643.5377 1.79643e-16 1e-20
6644.2323 1.72136e-16 1e-20
6644.9269 1.75294e-16 1e-20
6645.6215 1.8258e-16 1e-20
6646.3161 1.86515e-16 1e-20
6647.0106 1.89215e-16 1e-20
6647.7052 1.82493e-16 1e-20
6648.3998 1.75512e-16 1e-20
6649.0944 1.83451e-16 1e-20
6649.789 1.83835e-16 1e-20
6650.4836 1.85517e-16 1e-20
6651.1782 1.93466e-16 1e-20
6651.8728 1.89111e-16 1e-20
6652.5673 1.85481e-16 1e-20
6653.2619 1.81862e-16 1e-20
6653.9565 1.79207e-16 1e-20
6654.6511 1.88284e-16 1e-20
6655.3457 1.91296e-16 1e-20
6656.0403 1.82708e-16 1e-20
6656.7349 1.84051e-16 1e-20
6657.4295 1.76816e-16 1e-20
6658.124 1.76005e-16 1e-20
6658.8186 1.82958e-16 1e-20
6659.5132 1.79972e-16 1e-20
6660.2078 1.88939e-16 1e-20
6660.9024 1.82043e-16 1e-20
6661.597 1.76263e-16 1e-20
6662.2916 1.74079e-16 1e-20
6662.9862 1.82701e-16 1e-20
6663.6807 1.81942e-16 1e-20
6664.3753 1.76776e-16 1e-20
6665.0699 1.8639e-16 1e-20
6665.7645 1.92621e-16 1e-20
6666.4591 1.87269e-16 1e-20
6667.1537 1.82365e-16 1e-20
6667.8483 1.80022e-16 1e-20
6668.5429 1.82834e-16 1e-20
6669.2374 1.831e-16 1e-20
6669.932 1.81582e-16 1e-20
6670.6266 1.82633e-16 1e-20
6671.3212 1.75462e-16 1e-20
6672.0158 1.72474e-16 1e-20
6672.7104 1.76414e-16 1e-20
6673.405 1.79418e-16 1e-20
6674.0996 1.7915e-16 1e-20
6674.7941 1.78709e-16 1e-20
6675.4887 1.77491e-16 1e-20
6676.1833 1.75282e-16 1e-20
6676.8779 1.77111e-16 1e-20
6677.5725 1.83842e-16 1e-20
6678.2671 1.81465e-16 1e-20
6678.9617 1.71143e-16 1e-20
6679.6563 1.73991e-16 1e-20
6680.3508 1.80927e-16 1e-20
6681.0454 1.76118e-16 1e-20
6681.74 1.78465e-16 1e-20
6682.4346 1.84443e-16 1e-20
6683.1292 1.80008e-16 1e-20
6683.8238 1.76729e-16 1e-20
6684.5184 1.75343e-16 1e-20
6685.213 1.72505e-16 1e-20
6685.9075 1.72187e-16 1e-20
6686.6021 1.73653e-16 1e-20
6687.2967 1.82041e-16 1e-20
6687.9913 1.92142e-16 1e-20
6688.6859 1.86314e-16 1e-20
6689.3805 1.75499e-16 1e-20
6690.0751 1.71548e-16 1e-20
6690.7697 1.68231e-16 1e-20
6691.4642 1.76277e-16 1e-20
6692.1588 1.85162e-16 1e-20
6692.8534 1.83475e-16 1e-20
6693.548 1.7558e-16 1e-20
6694.2426 1.75406e-16 1e-20
6694.9372 1.79879e-16 1e-20
6695.6318 1.81455e-16 1e-20
6696.3264 1.77231e-16 1e-20
6697.0209 1.76318e-16 1e-20
6697.7155 1.78587e-16 1e-20
6698.4101 1.69587e-16 1e-20
6699.1047 1.67326e-16 1e-20
6699.7993 1.70103e-16 1e-20
6700.4939 1.6966e-16 1e-20
6701.1885 1.69206e-16 1e-20
6701.8831 1.72295e-16 1e-20
6702.5776 1.75917e-16 1e-20
6703.2722 1.75647e-16 1e-20
6703.9668 1.74538e-16 1e-20
6704.6614 1.74393e-16 1e-20
6705.356 1.71904e-16 1e-20
6706.0506 1.69423e-16 1e-20
6706.7452 1.71505e-16 1e-20
6707.4398 1.708e-16 1e-20
6708.1343 1.68278e-16 1e-20
6708.8289 1.73692e-16 1e-20
6709.5235 1.74572e-16 1e-20
6710.2181 1.76372e-16 1e-20
6710.9127 1.71327e-16 1e-20
6711.6073 1.71092e-16 1e-20
6712.3019 1.75514e-16 1e-20
6712.9965 1.78069e-16 1e-20
6713.691 1.8046e-16 1e-20
6714.3856 1.78539e-16 1e-20
6715.0802 1.7213e-16 1e-20
6715.7748 1.72323e-16 1e-20
6716.4694 1.76767e-16 1e-20
6717.164 1.82993e-16 1e-20
6717.8586 1.78479e-16 1e-20
6718.5532 1.7729e-16 1e-20
6719.2478 1.71028e-16 1e-20
6719.9423 1.75775e-16 1e-20
6720.6369 1.76627e-16 1e-20
6721.3315 1.69233e-16 1e-20
6722.0261 1.6683e-16 1e-20
6722.7207 1.6918e-16 1e-20
6723.4153 1.75002e-16 1e-20
6724.1099 1.8064e-16 1e-20
6724.8045 1.81637e-16 1e-20
6725.499 1.75081e-16 1e-20
6726.1936 1.70984e-16 1e-20
6726.8882 1.66415e-16 1e-20
6727.5828 1.66666e-16 1e-20
6728.2774 1.66893e-16 1e-20
6728.972 1.66788e-16 1e-20
6729.6666 1.68017e-16 1e-20
6730.3611 1.73649e-16 1e-20
6731.0557 1.72042e-16 1e-20
6731.7503 1.67992e-16 1e-20
6732.4449 1.74684e-16 1e-20
6733.1395 1.6872e-16 1e-20
6733.8341 1.74259e-16 1e-20
6734.5287 1.70551e-16 1e-20
6735.2233 1.69478e-16 1e-20
6735.9178 1.64912e-16 1e-20
6736.6124 1.73298e-16 1e-20
6737.307 1.75629e-16 1e-20
6738.0016 1.7057e-16 1e-20
6738.6962 1.72699e-16 1e-20
6739.3908 1.69136e-16 1e-20
6740.0854 1.66718e-16 1e-20
6740.78 1.71761e-16 1e-20
6741.4746 1.72571e-16 1e-20
6742.1691 1.71719e-16 1e-20
6742.8637 1.6945e-16 1e-20
6743.5583 1.6576e-16 1e-20
6744.2529 1.68235e-16 1e-20
6744.9475 1.71351e-16 1e-20
6745.6421 1.6927e-16 1e-20
6746.3367 1.65782e-16 1e-20
6747.0313 1.69175e-16 1e-20
6747.7258 1.69204e-16 1e-20
6748.4204 1.66851e-16 1e-20
6749.115 1.68828e-16 1e-20
6749.8096 1.75178e-16 1e-20
6750.5042 1.66975e-16 1e-20
6751.1988 1.591e-16 1e-20
6751.8934 1.60732e-16 1e-20
6752.5879 1.68077e-16 1e-20
6753.2825 1.65083e-16 1e-20
6753.9771 1.62753e-16 1e-20
6754.6717 1.63547e-16 1e-20
6755.3663 1.69579e-16 1e-20
6756.0609 1.6474e-16 1e-20
6756.7555 1.70901e-16 1e-20
6757.4501 1.6998e-16 1e-20
6758.1446 1.57753e-16 1e-20
6758.8392 1.60336e-16 1e-20
6759.5338 1.65205e-16 1e-20
6760.2284 1.69486e-16 1e-20
6760.923 1.69134e-16 1e-20
6761.6176 1.63491e-16 1e-20
6762.3122 1.63826e-16 1e-20
6763.0068 1.66386e-16 1e-20
6763.7014 1.6152e-16 1e-20
6764.3959 1.62936e-16 1e-20
6765.0905 1.71188e-16 1e-20
6765.7851 1.68071e-16 1e-20
6766.4797 1.66943e-16 1e-20
6767.1743 1.60839e-16 1e-20
6767.8689 1.55269e-16 1e-20
6768.5635 1.50991e-16 1e-20
6769.2581 1.51274e-16 1e-20
6769.9526 1.54612e-16 1e-20
6770.6472 1.53836e-16 1e-20
6771.3418 1.5294e-16 1e-20
6772.0364 1.54322e-16 1e-20
6772.731 1.5398e-16 1e-20
6773.4256 1.53295e-16 1e-20
6774.1202 1.51405e-16 1e-20
6774.8147 1.51899e-16 1e-20
6775.5093 1.56245e-16 1e-20
6776.2039 1.52539e-16 1e-20
6776.8985 1.50673e-16 1e-20
6777.5931 1.56536e-16 1e-20
6778.2877 1.54216e-16 1e-20
6778.9823 1.50791e-16 1e-20
6779.6769 1.50319e-16 1e-20
6780.3715 1.50148e-16 1e-20
6781.066 1.51862e-16 1e-20
6781.7606 1.48892e-16 1e-20
6782.4552 1.48421e-16 1e-20
6783.1498 1.49597e-16 1e-20
6783.8444 1.51584e-16 1e-20
6784.539 1.50078e-16 1e-20
6785.2336 1.45721e-16 1e-20
6785.9282 1.44015e-16 1e-20
6786.6227 1.45274e-16 1e-20
6787.3173 1.5062e-16 1e-20
6788.0119 1.44489e-16 1e-20
6788.7065 1.45216e-16 1e-20
6789.4011 1.44256e-16 1e-20
6790.0957 1.39325e-16 1e-20
6790.7903 1.4208e-16 1e-20
6791.4849 1.44615e-16 1e-20
6792.1794 1.47619e-16 1e-20
6792.874 1.47825e-16 1e-20
6793.5686 1.49279e-16 1e-20
6794.2632 1.48613e-16 1e-20
6794.9578 1.41417e-16 1e-20
6795.6524 1.42194e-16 1e-20
6796.347 1.45297e-16 1e-20
6797.0415 1.40886e-16 1e-20
6797.7361 1.39264e-16 1e-20
6798.4307 1.44883e-16 1e-20
6799.1253 1.48824e-16 1e-20
6799.8199 1.50342e-16 1e-20
6800.5145 1.53598e-16 1e-20
6801.2091 1.49966e-16 1e-20
6801.9037 1.45951e-16 1e-20
6802.5983 1.47486e-16 1e-20
6803.2928 1.46689e-16 1e-20
6803.9874 1.49431e-16 1e-20
6804.682 1.44439e-16 1e-20
6805.3766 1.43656e-16 1e-20
6806.0712 1.52508e-16 1e-20
6806.7658 1.52711e-16 1e-20
6807.4604 1.4843e-16 1e-20
6808.155 1.43257e-16 1e-20
6808.8495 1.38319e-16 1e-20
6809.5441 1.37048e-16 1e-20
6810.2387 1.46671e-16 1e-20
6810.9333 1.47357e-16 1e-20
6811.6279 1.43899e-16 1e-20
6812.3225 1.43935e-16 1e-20
6813.0171 1.3943e-16 1e-20
6813.7117 1.42312e-16 1e-20
6814.4062 1.47806e-16 1e-20
6815.1008 1.4832e-16 1e-20
6815.7954 1.47395e-16 1e-20
6816.49 1.41046e-16 1e-20
6817.1846 1.39598e-16 1e-20
6817.8792 1.46687e-16 1e-20
6818.5738 1.4557e-16 1e-20
6819.2684 1.48809e-16 1e-20
6819.9629 1.52273e-16 1e-20
6820.6575 1.49019e-16 1e-20
6821.3521 1.46835e-16 1e-20
6822.0467 1.44839e-16 1e-20
6822.7413 1.35873e-16 1e-20
6823.4359 1.38259e-16 1e-20
6824.1305 1.41732e-16 1e-20
6824.8251 1.46225e-16 1e-20
6825.5196 1.44844e-16 1e-20
6826.2142 1.41846e-16 1e-20
6826.9088 1.49137e-16 1e-20
6827.6034 1.50442e-16 1e-20
6828.298 1.46697e-16 1e-20
6828.9926 1.50332e-16 1e-20
6829.6872 1.50982e-16 1e-20
6830.3818 1.46981e-16 1e-20
6831.0763 1.48207e-16 1e-20
6831.7709 1.48956e-16 1e-20
6832.4655 1.4488e-16 1e-20
6833.1601 1.43034e-16 1e-20
6833.8547 1.42868e-16 1e-20
6834.5493 1.4307e-16 1e-20
6835.2439 1.45416e-16 1e-20
6835.9385 1.45676e-16 1e-20
6836.633 1.47158e-16 1e-20
6837.3276 1.46542e-16 1e-20
6838.0222 1.51736e-16 1e-20
6838.7168 1.54557e-16 1e-20
6839.4114 1.53821e-16 1e-20
6840.106 1.48838e-16 1e-20
6840.8006 1.47176e-16 1e-20
6841.4952 1.52493e-16 1e-20
6842.1897 1.47395e-16 1e-20
6842.8843 1.40989e-16 1e-20
6843.5789 1.48244e-16 1e-20
6844.2735 1.55747e-16 1e-20
6844.9681 1.47712e-16 1e-20
6845.6627 1.4264e-16 1e-20
6846.3573 1.48393e-16 1e-20
6847.0519 1.50046e-16 1e-20
6847.7464 1.44322e-16 1e-20
6848.441 1.38743e-16 1e-20
6849.1356 1.44208e-16 1e-20
6849.8302 1.50429e-16 1e-20
6850.5248 1.45615e-16 1e-20
6851.2194 1.46052e-16 1e-20
6851.914 1.44937e-16 1e-20
6852.6086 1.41008e-16 1e-20
6853.3031 1.47631e-16 1e-20
6853.9977 1.50216e-16 1e-20
6854.6923 1.4401e-16 1e-20
6855.3869 1.449e-16 1e-20
6856.0815 1.48276e-16 1e-20
6856.7761 1.44331e-16 1e-20
6857.4707 1.48307e-16 1e-20
6858.1653 1.41801e-16 1e-20
6858.8598 1.44958e-16 1e-20
6859.5544 1.4366e-16 1e-20
6860.249 1.41734e-16 1e-20
6860.9436 1.54312e-16 1e-20
6861.6382 1.52974e-16 1e-20
6862.3328 1.44098e-16 1e-20
6863.0274 1.46727e-16 1e-20
6863.722 1.51478e-16 1e-20
6864.4166 1.44313e-16 1e-20
6865.1111 1.41993e-16 1e-20
6865.8057 1.44345e-16 1e-20
6866.5003 1.4133e-16 1e-20
6867.1949 1.457e-16 1e-20
6867.8895 1.48179e-16 1e-20
6868.5841 1.45033e-16 1e-20
6869.2787 1.49118e-16 1e-20
6869.9732 1.48817e-16 1e-20
6870.6678 1.47729e-16 1e-20
6871.3624 1.51134e-16 1e-20
6872.057 1.59384e-16 1e-20
6872.7516 1.54775e-16 1e-20
6873.4462 1.48039e-16 1e-20
6874.1408 1.51903e-16 1e-20
6874.8354 1.46431e-16 1e-20
6875.5299 1.53014e-16 1e-20
6876.2245 1.52167e-16 1e-20
6876.9191 1.48174e-16 1e-20
6877.6137 1.4556e-16 1e-20
6878.3083 1.53739e-16 1e-20
6879.0029 1.45661e-16 1e-20
6879.6975 1.42146e-16 1e-20
6880.3921 1.41769e-16 1e-20
6881.0866 1.43224e-16 1e-20
6881.7812 1.49017e-16 1e-20
6882.4758 1.51904e-16 1e-20
6883.1704 1.55594e-16 1e-20
6883.865 1.52161e-16 1e-20
6884.5596 1.3959e-16 1e-20
6885.2542 1.38788e-16 1e-20
6885.9488 1.45239e-16 1e-20
6886.6434 1.44163e-16 1e-20
6887.3379 1.44816e-16 1e-20
6888.0325 1.49325e-16 1e-20
6888.7271 1.48802e-16 1e-20
6889.4217 1.4164e-16 1e-20
6890.1163 1.44722e-16 1e-20
6890.8109 1.45949e-16 1e-20
6891.5055 1.43157e-16 1e-20
6892.2 1.45443e-16 1e-20
6892.8946 1.47017e-16 1e-20
6893.5892 1.45314e-16 1e-20
6894.2838 1.44395e-16 1e-20
6894.9784 1.50326e-16 1e-20
6895.673 1.51971e-16 1e-20
6896.3676 1.50491e-16 1e-20
6897.0622 1.492e-16 1e-20
6897.7567 1.44822e-16 1e-20
6898.4513 1.44981e-16 1e-20
6899.1459 1.47385e-16 1e-20
6899.8405 1.4509e-16 1e-20
6900.5351 1.43152e-16 1e-20
6901.2297 1.427e-16 1e-20
6901.9243 1.4219e-16 1e-20
6902.6189 1.42996e-16 1e-20
6903.3134 1.40883e-16 1e-20
6904.008 1.35785e-16 1e-20
6904.7026 1.34195e-16 1e-20
6905.3972 1.3707e-16 1e-20
6906.0918 1.43986e-16 1e-20
6906.7864 1.45595e-16 1e-20
6907.481 1.37589e-16 1e-20
6908.1756 1.41144e-16 1e-20
6908.8702 1.43001e-16 1e-20
6909.5647 1.47031e-16 1e-20
6910.2593 1.44272e-16 1e-20
6910.9539 1.39342e-16 1e-20
6911.6485 1.38084e-16 1e-20
6912.3431 1.35261e-16 1e-20
6913.0377 1.3986e-16 1e-20
6913.7323 1.44815e-16 1e-20
6914.4268 1.42805e-16 1e-20
6915.1214 1.4281e-16 1e-20
6915.816 1.43587e-16 1e-20
6916.5106 1.42262e-16 1e-20
6917.2052 1.43411e-16 1e-20
6917.8998 1.46309e-16 1e-20
6918.5944 1.47427e-16 1e-20
6919.289 1.3976e-16 1e-20
6919.9835 1.27541e-16 1e-20
6920.6781 1.2354e-16 1e-20
6921.3727 1.31618e-16 1e-20
6922.0673 1.42825e-16 1e-20
6922.7619 1.46125e-16 1e-20
6923.4565 1.49382e-16 1e-20
6924.1511 1.50087e-16 1e-20
6924.8457 1.38058e-16 1e-20
6925.5403 1.33003e-16 1e-20
6926.2348 1.41444e-16 1e-20
6926.9294 1.39992e-16 1e-20
6927.624 1.35344e-16 1e-20
6928.3186 1.32373e-16 1e-20
6929.0132 1.3186e-16 1e-20
6929.7078 1.30249e-16 1e-20
6930.4024 1.2953e-16 1e-20
6931.097 1.40131e-16 1e-20
6931.7915 1.47113e-16 1e-20
6932.4861 1.42981e-16 1e-20
6933.1807 1.37178e-16 1e-20
6933.8753 1.34273e-16 1e-20
6934.5699 1.33977e-16 1e-20
6935.2645 1.36607e-16 1e-20
6935.9591 1.37755e-16 1e-20
6936.6537 1.32269e-16 1e-20
6937.3482 1.29423e-16 1e-20
6938.0428 1.30469e-16 1e-20
6938.7374 1.32171e-16 1e-20
6939.432 1.40291e-16 1e-20
6940.1266 1.41772e-16 1e-20
6940.8212 1.31957e-16 1e-20
6941.5158 1.31456e-16 1e-20
6942.2103 1.37121e-16 1e-20
6942.9049 1.38258e-16 1e-20
6943.5995 1.38005e-16 1e-20
6944.2941 1.38816e-16 1e-20
6944.9887 1.43035e-16 1e-20
6945.6833 1.36967e-16 1e-20
6946.3779 1.38005e-16 1e-20
6947.0725 1.40869e-16 1e-20
6947.7671 1.35503e-16 1e-20
6948.4616 1.33022e-16 1e-20
6949.1562 1.3102e-16 1e-20
6949.8508 1.35089e-16 1e-20
6950.5454 1.39683e-16 1e-20
6951.24 1.42341e-16 1e-20
6951.9346 1.42693e-16 1e-20
6952.6292 1.39428e-16 1e-20
6953.3238 1.38657e-16 1e-20
6954.0183 1.36891e-16 1e-20
6954.7129 1.3367e-16 1e-20
6955.4075 1.35724e-16 1e-20
6956.1021 1.44407e-16 1e-20
6956.7967 1.40989e-16 1e-20
6957.4913 1.3275e-16 1e-20
6958.1859 1.39855e-16 1e-20
6958.8805 1.41982e-16 1e-20
6959.575 1.38636e-16 1e-20
6960.2696 1.32512e-16 1e-20
6960.9642 1.35605e-16 1e-20
6961.6588 1.41537e-16 1e-20
6962.3534 1.51562e-16 1e-20
6963.048 1.46546e-16 1e-20
6963.7426 1.44679e-16 1e-20
6964.4372 1.45208e-16 1e-20
6965.1317 1.42855e-16 1e-20
6965.8263 1.37882e-16 1e-20
6966.5209 1.27706e-16 1e-20
6967.2155 1.38778e-16 1e-20
6967.9101 1.43371e-16 1e-20
6968.6047 1.36252e-16 1e-20
6969.2993 1.36006e-16 1e-20
6969.9939 1.44734e-16 1e-20
6970.6884 1.43513e-16 1e-20
6971.383 1.3879e-16 1e-20
6972.0776 1.3353e-16 1e-20
6972.7722 1.31499e-16 1e-20
6973.4668 1.39168e-16 1e-20
6974.1614 1.42799e-16 1e-20
6974.856 1.40721e-16 1e-20
6975.5506 1.38732e-16 1e-20
6976.2451 1.34138e-16 1e-20
6976.9397 1.3304e-16 1e-20
6977.6343 1.37427e-16 1e-20
6978.3289 1.42163e-16 1e-20
6979.0235 1.36943e-16 1e-20
6979.7181 1.34643e-16 1e-20
6980.4127 1.38156e-16 1e-20
6981.1073 1.41569e-16 1e-20
6981.8018 1.4546e-16 1e-20
6982.4964 1.4862e-16 1e-20
6983.191 1.4275e-16 1e-20
6983.8856 1.34141e-16 1e-20
6984.5802 1.24279e-16 1e-20
6985.2748 1.33218e-16 1e-20
6985.9694 1.41934e-16 1e-20
6986.664 1.37626e-16 1e-20
6987.3585 1.30812e-16 1e-20
6988.0531 1.28752e-16 1e-20
6988.7477 1.32423e-16 1e-20
6989.4423 1.38407e-16 1e-20
6990.1369 1.35698e-16 1e-20
6990.8315 1.33366e-16 1e-20
6991.5261 1.34064e-16 1e-20
6992.2207 1.35771e-16 1e-20
6992.9152 1.44689e-16 1e-20
6993.6098 1.47062e-16 1e-20
6994.3044 1.39067e-16 1e-20
6994.999 1.36888e-16 1e-20
6995.6936 1.42176e-16 1e-20
6996.3882 1.39485e-16 1e-20
6997.0828 1.2889e-16 1e-20
6997.7774 1.32869e-16 1e-20
6998.4719 1.39067e-16 1e-20
6999.1665 1.35672e-16 1e-20
6999.8611 1.33839e-16 1e-20
7000.5557 1.40589e-16 1e-20
7001.2503 1.47097e-16 1e-20
7001.9449 1.36866e-16 1e-20
7002.6395 1.32931e-16 1e-20
7003.3341 1.34421e-16 1e-20
7004.0286 1.37022e-16 1e-20
7004.7232 1.45515e-16 1e-20
7005.4178 1.45828e-16 1e-20
7006.1124 1.38476e-16 1e-20
7006.807 1.33008e-16 1e-20
7007.5016 1.38493e-16 1e-20
7008.1962 1.40996e-16 1e-20
7008.8908 1.33375e-16 1e-20
7009.5853 1.33908e-16 1e-20
7010.2799 1.37204e-16 1e-20
7010.9745 1.32805e-16 1e-20
7011.6691 1.34422e-16 1e-20
7012.3637 1.3772e-16 1e-20
7013.0583 1.33076e-16 1e-20
7013.7529 1.3608e-16 1e-20
7014.4475 1.45017e-16 1e-20
7015.142 1.45038e-16 1e-20
7015.8366 1.45678e-16 1e-20
7016.5312 1.41331e-16 1e-20
7017.2258 1.40662e-16 1e-20
7017.9204 1.41811e-16 1e-20
7018.615 1.37599e-16 1e-20
7019.3096 1.31481e-16 1e-20
7020.0042 1.34486e-16 1e-20
7020.6987 1.30785e-16 1e-20
7021.3933 1.33869e-16 1e-20
7022.0879 1.28934e-16 1e-20
7022.7825 1.31986e-16 1e-20
7023.4771 1.35606e-16 1e-20
7024.1717 1.3494e-16 1e-20
7024.8663 1.34607e-16 1e-20
7025.5609 1.37661e-16 1e-20
7026.2554 1.35842e-16 1e-20
7026.95 1.3534e-16 1e-20
7027.6446 1.37535e-16 1e-20
7028.3392 1.38544e-16 1e-20
7029.0338 1.33561e-16 1e-20
7029.7284 1.2788e-16 1e-20
7030.423 1.36144e-16 1e-20
7031.1176 1.32894e-16 1e-20
7031.8121 1.29117e-16 1e-20
7032.5067 1.31068e-16 1e-20
7033.2013 1.22757e-16 1e-20
7033.8959 1.23423e-16 1e-20
7034.5905 1.28294e-16 1e-20
7035.2851 1.3151e-16 1e-20
7035.9797 1.32827e-16 1e-20
7036.6743 1.30597e-16 1e-20
7037.3688 1.40672e-16 1e-20
7038.0634 1.37188e-16 1e-20
7038.758 1.28083e-16 1e-20
7039.4526 1.3274e-16 1e-20
7040.1472 1.37379e-16 1e-20
7040.8418 1.32924e-16 1e-20
7041.5364 1.33823e-16 1e-20
7042.231 1.31958e-16 1e-20
7042.9255 1.36901e-16 1e-20
7043.6201 1.36846e-16 1e-20
7044.3147 1.32383e-16 1e-20
7045.0093 1.30598e-16 1e-20
7045.7039 1.28896e-16 1e-20
7046.3985 1.3194e-16 1e-20
7047.0931 1.36803e-16 1e-20
7047.7877 1.37101e-16 1e-20
7048.4823 1.3131e-16 1e-20
7049.1768 1.31936e-16 1e-20
7049.8714 1.34347e-16 1e-20
7050.566 1.31807e-16 1e-20
7051.2606 1.31927e-16 1e-20
7051.9552 1.33846e-16 1e-20
7052.6498 1.34171e-16 1e-20
7053.3444 1.30683e-16 1e-20
7054.0389 1.29654e-16 1e-20
7054.7335 1.28963e-16 1e-20
7055.4281 1.26843e-16 1e-20
7056.1227 1.25345e-16 1e-20
7056.8173 1.30342e-16 1e-20
7057.5119 1.30369e-16 1e-20
7058.2065 1.28737e-16 1e-20
7058.9011 1.32318e-16 1e-20
7059.5956 1.34233e-16 1e-20
7060.2902 1.32064e-16 1e-20
7060.9848 1.31001e-16 1e-20
7061.6794 1.24729e-16 1e-20
7062.374 1.22926e-16 1e-20
7063.0686 1.3145e-16 1e-20
7063.7632 1.26602e-16 1e-20
7064.4578 1.20222e-16 1e-20
7065.1523 1.30564e-16 1e-20
7065.8469 1.37695e-16 1e-20
7066.5415 1.35188e-16 1e-20
7067.2361 1.26935e-16 1e-20
7067.9307 1.28693e-16 1e-20
7068.6253 1.34105e-16 1e-20
7069.3199 1.33442e-16 1e-20
7070.0145 1.26643e-16 1e-20
7070.7091 1.29883e-16 1e-20
7071.4036 1.30283e-16 1e-20
7072.0982 1.32249e-16 1e-20
7072.7928 1.35336e-16 1e-20
7073.4874 1.30028e-16 1e-20
7074.182 1.19618e-16 1e-20
7074.8766 1.28212e-16 1e-20
7075.5712 1.32864e-16 1e-20
7076.2658 1.32764e-16 1e-20
7076.9603 1.32352e-16 1e-20
7077.6549 1.35449e-16 1e-20
7078.3495 1.3477e-16 1e-20
7079.0441 1.35189e-16 1e-20
7079.7387 1.36253e-16 1e-20
7080.4333 1.33761e-16 1e-20
7081.1279 1.30144e-16 1e-20
7081.8224 1.36342e-16 1e-20
7082.517 1.42973e-16 1e-20
7083.2116 1.3288e-16 1e-20
7083.9062 1.28612e-16 1e-20
7084.6008 1.31832e-16 1e-20
7085.2954 1.29969e-16 1e-20
7085.99 1.35133e-16 1e-20
7086.6846 1.34373e-16 1e-20
7087.3791 1.3282e-16 1e-20
7088.0737 1.26729e-16 1e-20
7088.7683 1.25865e-16 1e-20
7089.4629 1.37038e-16 1e-20
7090.1575 1.35462e-16 1e-20
7090.8521 1.30268e-16 1e-20
7091.5467 1.32535e-16 1e-20
7092.2413 1.29064e-16 1e-20
7092.9359 1.29062e-16 1e-20
7093.6304 1.2919e-16 1e-20
7094.325 1.34206e-16 1e-20
7095.0196 1.35394e-16 1e-20
7095.7142 1.2979e-16 1e-20
7096.4088 1.34474e-16 1e-20
7097.1034 1.34327e-16 1e-20
7097.798 1.30475e-16 1e-20
7098.4926 1.33506e-16 1e-20
7099.1871 1.32085e-16 1e-20
7099.8817 1.27842e-16 1e-20
7100.5763 1.33368e-16 1e-20
7101.2709 1.34673e-16 1e-20
7101.9655 1.32724e-16 1e-20
7102.6601 1.40718e-16 1e-20
7103.3547 1.32457e-16 1e-20
7104.0492 1.27257e-16 1e-20
7104.7438 1.26401e-16 1e-20
7105.4384 1.26355e-16 1e-20
7106.133 1.24879e-16 1e-20
7106.8276 1.29377e-16 1e-20
7107.5222 1.32589e-16 1e-20
7108.2168 1.31448e-16 1e-20
7108.9114 1.26487e-16 1e-20
7109.606 1.23774e-16 1e-20
7110.3005 1.26702e-16 1e-20
7110.9951 1.28382e-16 1e-20
7111.6897 1.24069e-16 1e-20
7112.3843 1.26932e-16 1e-20
7113.0789 1.28725e-16 1e-20
7113.7735 1.28822e-16 1e-20
7114.4681 1.26856e-16 1e-20
7115.1627 1.33926e-16 1e-20
7115.8572 1.35739e-16 1e-20
7116.5518 1.28309e-16 1e-20
7117.2464 1.24738e-16 1e-20
7117.941 1.27514e-16 1e-20
7118.6356 1.2906e-16 1e-20
7119.3302 1.2862e-16 1e-20
7120.0248 1.32826e-16 1e-20
7120.7194 1.30148e-16 1e-20
7121.4139 1.31855e-16 1e-20
7122.1085 1.31075e-16 1e-20
7122.8031 1.25785e-16 1e-20
7123.4977 1.24357e-16 1e-20
7124.1923 1.21295e-16 1e-20
7124.8869 1.21853e-16 1e-20
7125.5815 1.39585e-16 1e-20
7126.276 1.4046e-16 1e-20
7126.9706 1.27215e-16 1e-20
7127.6652 1.22953e-16 1e-20
7128.3598 1.32039e-16 1e-20
7129.0544 1.34098e-16 1e-20
7129.749 1.33012e-16 1e-20
7130.4436 1.36116e-16 1e-20
7131.1382 1.34729e-16 1e-20
7131.8328 1.38195e-16 1e-20
7132.5273 1.35907e-16 1e-20
7133.2219 1.29787e-16 1e-20
7133.9165 1.30127e-16 1e-20
7134.6111 1.33378e-16 1e-20
7135.3057 1.34358e-16 1e-20
7136.0003 1.3251e-16 1e-20
7136.6949 1.34954e-16 1e-20
7137.3895 1.37953e-16 1e-20
7138.084 1.33278e-16 1e-20
7138.7786 1.2999e-16 1e-20
7139.4732 1.34491e-16 1e-20
7140.1678 1.35566e-16 1e-20
7140.8624 1.25586e-16 1e-20
7141.557 1.30386e-16 1e-20
7142.2516 1.31668e-16 1e-20
7142.9462 1.333e-16 1e-20
7143.6407 1.29379e-16 1e-20
7144.3353 1.33243e-16 1e-20
7145.0299 1.27627e-16 1e-20
7145.7245 1.3379e-16 1e-20
7146.4191 1.35442e-16 1e-20
7147.1137 1.28183e-16 1e-20
7147.8083 1.30156e-16 1e-20
7148.5029 1.35177e-16 1e-20
7149.1974 1.29015e-16 1e-20
7149.892 1.26073e-16 1e-20
7150.5866 1.3321e-16 1e-20
7151.2812 1.29317e-16 1e-20
7151.9758 1.25449e-16 1e-20
7152.6704 1.3876e-16 1e-20
7153.365 1.44431e-16 1e-20
7154.0596 1.38118e-16 1e-20
7154.7541 1.34533e-16 1e-20
7155.4487 1.34474e-16 1e-20
7156.1433 1.32273e-16 1e-20
7156.8379 1.2076e-16 1e-20
7157.5325 1.24431e-16 1e-20
7158.2271 1.3131e-16 1e-20
7158.9217 1.31426e-16 1e-20
7159.6163 1.2253e-16 1e-20
7160.3108 1.15504e-16 1e-20
7161.0054 1.16761e-16 1e-20
7161.7 1.18694e-16 1e-20
7162.3946 1.20402e-16 1e-20
7163.0892 1.22148e-16 1e-20
7163.7838 1.23899e-16 1e-20
7164.4784 1.25629e-16 1e-20
7165.173 1.27169e-16 1e-20
7165.8675 1.29621e-16 1e-20
7166.5621 1.2685e-16 1e-20
7167.2567 1.2757e-16 1e-20
7167.9513 1.3542e-16 1e-20
7168.6459 1.36386e-16 1e-20
7169.3405 1.30132e-16 1e-20
7170.0351 1.23518e-16 1e-20
7170.7297 1.26394e-16 1e-20
7171.4242 1.30778e-16 1e-20
7172.1188 1.25613e-16 1e-20
7172.8134 1.25248e-16 1e-20
7173.508 1.30491e-16 1e-20
7174.2026 1.30759e-16 1e-20
7174.8972 1.26229e-16 1e-20
7175.5918 1.23599e-16 1e-20
7176.2864 1.28154e-16 1e-20
7176.9809 1.28561e-16 1e-20
7177.6755 1.26355e-16 1e-20
7178.3701 1.24212e-16 1e-20
7179.0647 1.30255e-16 1e-20
7179.7593 1.26093e-16 1e-20
7180.4539 1.27854e-16 1e-20
7181.1485 1.27649e-16 1e-20
7181.8431 1.24821e-16 1e-20
7182.5376 1.25778e-16 1e-20
7183.2322 1.25589e-16 1e-20
7183.9268 1.28899e-16 1e-20
7184.6214 1.26724e-16 1e-20
7185.316 1.26203e-16 1e-20
7186.0106 1.24665e-16 1e-20
7186.7052 1.24471e-16 1e-20
7187.3998 1.26149e-16 1e-20
7188.0943 1.23484e-16 1e-20
7188.7889 1.23854e-16 1e-20
7189.4835 1.30443e-16 1e-20
7190.1781 1.34336e-16 1e-20
7190.8727 1.32232e-16 1e-20
7191.5673 1.24617e-16 1e-20
7192.2619 1.17271e-16 1e-20
7192.9565 1.21955e-16 1e-20
7193.6511 1.29565e-16 1e-20
7194.3456 1.27697e-16 1e-20
7195.0402 1.25898e-16 1e-20
7195.7348 1.23649e-16 1e-20
7196.4294 1.26143e-16 1e-20
7197.124 1.21242e-16 1e-20
7197.8186 1.23094e-16 1e-20
7198.5132 1.33791e-16 1e-20
7199.2077 1.34434e-16 1e-20
7199.9023 1.26211e-16 1e-20
7200.5969 1.21923e-16 1e-20
7201.2915 1.2623e-16 1e-20
7201.9861 1.29297e-16 1e-20
7202.6807 1.25768e-16 1e-20
7203.3753 1.24839e-16 1e-20
7204.0699 1.22345e-16 1e-20
7204.7644 1.21661e-16 1e-20
7205.459 1.18815e-16 1e-20
7206.1536 1.17708e-16 1e-20
7206.8482 1.21147e-16 1e-20
7207.5428 1.26028e-16 1e-20
7208.2374 1.28434e-16 1e-20
7208.932 1.25272e-16 1e-20
7209.6266 1.24384e-16 1e-20
7210.3211 1.25339e-16 1e-20
7211.0157 1.31025e-16 1e-20
7211.7103 1.30202e-16 1e-20
7212.4049 1.22667e-16 1e-20
7213.0995 1.18261e-16 1e-20
7213.7941 1.29997e-16 1e-20
7214.4887 1.28503e-16 1e-20
7215.1833 1.25533e-16 1e-20
7215.8779 1.19143e-16 1e-20
7216.5724 1.19243e-16 1e-20
7217.267 1.20918e-16 1e-20
7217.9616 1.16206e-16 1e-20
7218.6562 1.16903e-16 1e-20
7219.3508 1.17384e-16 1e-20
7220.0454 1.20956e-16 1e-20
7220.74 1.24565e-16 1e-20
7221.4345 1.21962e-16 1e-20
7222.1291 1.29724e-16 1e-20
7222.8237 1.39224e-16 1e-20
7223.5183 1.33224e-16 1e-20
7224.2129 1.19e-16 1e-20
7224.9075 1.16956e-16 1e-20
7225.6021 1.24088e-16 1e-20
7226.2967 1.21127e-16 1e-20
7226.9912 1.18055e-16 1e-20
7227.6858 1.24462e-16 1e-20
7228.3804 1.26517e-16 1e-20
7229.075 1.22989e-16 1e-20
7229.7696 1.17837e-16 1e-20
7230.4642 1.12753e-16 1e-20
7231.1588 1.21159e-16 1e-20
7231.8534 1.22123e-16 1e-20
7232.548 1.21382e-16 1e-20
7233.2425 1.27316e-16 1e-20
7233.9371 1.23451e-16 1e-20
7234.6317 1.23403e-16 1e-20
7235.3263 1.23236e-16 1e-20
7236.0209 1.27151e-16 1e-20
7236.7155 1.2695e-16 1e-20
7237.4101 1.24925e-16 1e-20
7238.1047 1.24503e-16 1e-20
7238.7992 1.23852e-16 1e-20
7239.4938 1.21942e-16 1e-20
7240.1884 1.20342e-16 1e-20
7240.883 1.20633e-16 1e-20
7241.5776 1.1183e-16 1e-20
7242.2722 1.11054e-16 1e-20
7242.9668 1.16785e-16 1e-20
7243.6613 1.14795e-16 1e-20
7244.3559 1.17581e-16 1e-20
7245.0505 1.24878e-16 1e-20
7245.7451 1.31901e-16 1e-20
7246.4397 1.29759e-16 1e-20
7247.1343 1.26736e-16 1e-20
7247.8289 1.2506e-16 1e-20
7248.5235 1.19521e-16 1e-20
7249.218 1.22862e-16 1e-20
7249.9126 1.26703e-16 1e-20
7250.6072 1.29089e-16 1e-20
7251.3018 1.28121e-16 1e-20
7251.9964 1.21377e-16 1e-20
7252.691 1.20515e-16 1e-20
7253.3856 1.24008e-16 1e-20
7254.0802 1.22217e-16 1e-20
7254.7748 1.23634e-16 1e-20
7255.4693 1.21656e-16 1e-20
7256.1639 1.25167e-16 1e-20
7256.8585 1.24852e-16 1e-20
7257.5531 1.194e-16 1e-20
7258.2477 1.19063e-16 1e-20
7258.9423 1.23409e-16 1e-20
7259.6369 1.23614e-16 1e-20
7260.3315 1.2017e-16 1e-20
7261.026 1.18753e-16 1e-20
7261.7206 1.21576e-16 1e-20
7262.4152 1.26713e-16 1e-20
7263.1098 1.29432e-16 1e-20
7263.8044 1.28958e-16 1e-20
7264.499 1.25924e-16 1e-20
7265.1936 1.22422e-16 1e-20
7265.8882 1.19225e-16 1e-20
7266.5827 1.21456e-16 1e-20
7267.2773 1.20726e-16 1e-20
7267.9719 1.18319e-16 1e-20
7268.6665 1.22402e-16 1e-20
7269.3611 1.25443e-16 1e-20
7270.0557 1.19617e-16 1e-20
7270.7503 1.22628e-16 1e-20
7271.4448 1.20417e-16 1e-20
7272.1394 1.18608e-16 1e-20
7272.834 1.18092e-16 1e-20
7273.5286 1.20856e-16 1e-20
7274.2232 1.20877e-16 1e-20
7274.9178 1.20131e-16 1e-20
7275.6124 1.16468e-16 1e-20
7276.307 1.19745e-16 1e-20
7277.0016 1.19566e-16 1e-20
7277.6961 1.15994e-16 1e-20
7278.3907 1.18894e-16 1e-20
7279.0853 1.19277e-16 1e-20
7279.7799 1.17052e-16 1e-20
7280.4745 1.25129e-16 1e-20
7281.1691 1.29088e-16 1e-20
7281.8637 1.13952e-16 1e-20
7282.5583 1.12486e-16 1e-20
7283.2528 1.21053e-16 1e-20
7283.9474 1.20633e-16 1e-20
7284.642 1.1896e-16 1e-20
7285.3366 1.08838e-16 1e-20
7286.0312 9.98399e-17 1e-20
7286.7258 1.16603e-16 1e-20
7287.4204 1.27202e-16 1e-20
7288.115 1.274e-16 1e-20
7288.8095 1.21244e-16 1e-20
7289.5041 1.15565e-16 1e-20
7290.1987 1.16239e-16 1e-20
7290.8933 1.15504e-16 1e-20
7291.5879 1.15111e-16 1e-20
7292.2825 1.21434e-16 1e-20
7292.9771 1.21761e-16 1e-20
7293.6717 1.20415e-16 1e-20
7294.3662 1.20232e-16 1e-20
7295.0608 1.1813e-16 1e-20
7295.7554 1.23736e-16 1e-20
7296.45 1.22129e-16 1e-20
7297.1446 1.17164e-16 1e-20
7297.8392 1.26372e-16 1e-20
7298.5338 1.29763e-16 1e-20
7299.2284 1.24556e-16 1e-20
7299.9229 1.1907e-16 1e-20
7300.6175 1.13385e-16 1e-20
7301.3121 1.16173e-16 1e-20
7302.0067 1.23677e-16 1e-20
7302.7013 1.22195e-16 1e-20
7303.3959 1.22782e-16 1e-20
7304.0905 1.25094e-16 1e-20
7304.7851 1.16715e-16 1e-20
7305.4796 1.10882e-16 1e-20
7306.1742 1.10118e-16 1e-20
7306.8688 1.1728e-16 1e-20
7307.5634 1.24934e-16 1e-20
7308.258 1.15879e-16 1e-20
7308.9526 1.19161e-16 1e-20
7309.6472 1.21795e-16 1e-20
7310.3418 1.19392e-16 1e-20
7311.0363 1.17319e-16 1e-20
7311.7309 1.15241e-16 1e-20
7312.4255 1.13155e-16 1e-20
7313.1201 1.11067e-16 1e-20
7313.8147 1.09215e-16 1e-20
7314.5093 1.05087e-16 1e-20
7315.2039 1.18021e-16 1e-20
7315.8985 1.30187e-16 1e-20
7316.593 1.25343e-16 1e-20
7317.2876 1.30922e-16 1e-20
7317.9822 1.25863e-16 1e-20
7318.6768 1.27931e-16 1e-20
7319.3714 1.37216e-16 1e-20
7320.066 1.18737e-16 1e-20
7320.7606 9.71455e-17 1e-20
7321.4552 1.1605e-16 1e-20
7322.1497 1.03541e-16 1e-20
7322.8443 8.98625e-17 1e-20
7323.5389 1.11364e-16 1e-20
7324.2335 1.17918e-16 1e-20
7324.9281 1.04676e-16 1e-20
7325.6227 1.04365e-16 1e-20
7326.3173 1.02073e-16 1e-20
7327.0119 9.44962e-17 1e-20
7327.7064 9.16102e-17 1e-20
7328.401 1.04458e-16 1e-20
7329.0956 1.10861e-16 1e-20
7329.7902 1.09587e-16 1e-20
7330.4848 1.15319e-16 1e-20
7331.1794 1.13317e-16 1e-20
7331.874 1.0157e-16 1e-20
7332.5686 9.91242e-17 1e-20
7333.2631 1.07791e-16 1e-20
7333.9577 1.13649e-16 1e-20
7334.6523 1.15449e-16 1e-20
7335.3469 1.25273e-16 1e-20
7336.0415 1.34735e-16 1e-20
7336.7361 1.32005e-16 1e-20
7337.4307 1.26462e-16 1e-20
7338.1253 1.24055e-16 1e-20
7338.8198 1.25914e-16 1e-20
7339.5144 1.17382e-16 1e-20
7340.209 1.02062e-16 1e-20
7340.9036 9.63379e-17 1e-20
7341.5982 9.82867e-17 1e-20
7342.2928 1.16074e-16 1e-20
7342.9874 1.16561e-16 1e-20
7343.682 1.06368e-16 1e-20
7344.3765 1.00569e-16 1e-20
7345.0711 9.64626e-17 1e-20
7345.7657 1.02365e-16 1e-20
7346.4603 1.10725e-16 1e-20
7347.1549 1.02189e-16 1e-20
7347.8495 9.7038e-17 1e-20
7348.5441 1.00349e-16 1e-20
7349.2387 1.01342e-16 1e-20
7349.9332 1.0223e-16 1e-20
7350.6278 1.14365e-16 1e-20
7351.3224 1.18261e-16 1e-20
7352.017 1.02444e-16 1e-20
7352.7116 9.21506e-17 1e-20
7353.4062 8.97223e-17 1e-20
7354.1008 1.0016e-16 1e-20
7354.7954 1.17036e-16 1e-20
7355.4899 1.22959e-16 1e-20
7356.1845 1.06202e-16 1e-20
7356.8791 9.23658e-17 1e-20
7357.5737 9.38168e-17 1e-20
7358.2683 1.09278e-16 1e-20
7358.9629 1.21245e-16 1e-20
7359.6575 1.24906e-16 1e-20
7360.3521 1.04554e-16 1e-20
7361.0466 9.91504e-17 1e-20
7361.7412 9.62474e-17 1e-20
7362.4358 9.39766e-17 1e-20
7363.1304 1.00881e-16 1e-20
7363.825 1.12905e-16 1e-20
7364.5196 1.14486e-16 1e-20
7365.2142 1.10827e-16 1e-20
7365.9088 9.84507e-17 1e-20
7366.6033 8.57561e-17 1e-20
7367.2979 9.38994e-17 1e-20
7367.9925 1.09386e-16 1e-20
7368.6871 1.12392e-16 1e-20
7369.3817 1.05806e-16 1e-20
7370.0763 1.03192e-16 1e-20
7370.7709 1.04082e-16 1e-20
7371.4655 9.77832e-17 1e-20
7372.16 9.79888e-17 1e-20
7372.8546 1.03674e-16 1e-20
7373.5492 1.07639e-16 1e-20
7374.2438 1.10072e-16 1e-20
7374.9384 1.04724e-16 1e-20
7375.633 1.04996e-16 1e-20
7376.3276 9.7262e-17 1e-20
7377.0222 9.45955e-17 1e-20
7377.7168 1.07243e-16 1e-20
7378.4113 1.13606e-16 1e-20
7379.1059 1.13944e-16 1e-20
7379.8005 1.13252e-16 1e-20
7380.4951 9.77578e-17 1e-20
7381.1897 9.50571e-17 1e-20
7381.8843 1.00303e-16 1e-20
7382.5789 9.7081e-17 1e-20
7383.2734 9.83808e-17 1e-20
7383.968 1.08294e-16 1e-20
7384.6626 1.14844e-16 1e-20
7385.3572 1.16586e-16 1e-20
7386.0518 1.12286e-16 1e-20
7386.7464 1.02703e-16 1e-20
7387.441 9.58826e-17 1e-20
7388.1356 9.52863e-17 1e-20
7388.8301 1.00686e-16 1e-20
7389.5247 1.0108e-16 1e-20
7390.2193 9.68379e-17 1e-20
7390.9139 1.04762e-16 1e-20
7391.6085 1.05881e-16 1e-20
7392.3031 9.7568e-17 1e-20
7392.9977 9.99107e-17 1e-20
7393.6923 9.98741e-17 1e-20
7394.3868 9.7233e-17 1e-20
7395.0814 9.74856e-17 1e-20
7395.776 9.7853e-17 1e-20
7396.4706 1.04178e-16 1e-20
7397.1652 1.04556e-16 1e-20
7397.8598 1.00439e-16 1e-20
7398.5544 1.00414e-16 1e-20
7399.249 9.85001e-17 1e-20
7399.9436 9.89531e-17 1e-20
7400.6381 1.03582e-16 1e-20
7401.3327 1.01579e-16 1e-20
7402.0273 1.03578e-16 1e-20
7402.7219 1.04814e-16 1e-20
7403.4165 9.7173e-17 1e-20
7404.1111 9.72429e-17 1e-20
7404.8057 1.01898e-16 1e-20
7405.5003 9.9968e-17 1e-20
7406.1948 9.8621e-17 1e-20
7406.8894 9.79037e-17 1e-20
7407.584 1.00031e-16 1e-20
7408.2786 1.06467e-16 1e-20
7408.9732 1.04343e-16 1e-20
7409.6678 1.00931e-16 1e-20
7410.3624 1.04396e-16 1e-20
7411.0569 9.80607e-17 1e-20
7411.7515 9.53717e-17 1e-20
7412.4461 1.04666e-16 1e-20
7413.1407 9.8552e-17 1e-20
7413.8353 9.54679e-17 1e-20
7414.5299 9.92775e-17 1e-20
7415.2245 1.01589e-16 1e-20
7415.9191 1.03183e-16 1e-20
7416.6136 1.05436e-16 1e-20
7417.3082 1.04452e-16 1e-20
7418.0028 1.02854e-16 1e-20
7418.6974 1.01522e-16 1e-20
7419.392 9.87365e-17 1e-20
7420.0866 9.52999e-17 1e-20
7420.7812 1.01489e-16 1e-20
7421.4758 1.041e-16 1e-20
7422.1704 9.64788e-17 1e-20
7422.8649 9.70713e-17 1e-20
7423.5595 9.94976e-17 1e-20
7424.2541 9.64551e-17 1e-20
7424.9487 9.83178e-17 1e-20
7425.6433 9.86198e-17 1e-20
7426.3379 9.4932e-17 1e-20
7427.0325 9.65839e-17 1e-20
7427.7271 9.79474e-17 1e-20
7428.4216 9.48229e-17 1e-20
7429.1162 1.03079e-16 1e-20
7429.8108 9.77115e-17 1e-20
7430.5054 9.62561e-17 1e-20
7431.2 9.97456e-17 1e-20
7431.8946 1.07693e-16 1e-20
7432.5892 1.14005e-16 1e-20
7433.2837 1.074e-16 1e-20
7433.9783 1.02135e-16 1e-20
7434.6729 9.75119e-17 1e-20
7435.3675 9.6956e-17 1e-20
7436.0621 9.50256e-17 1e-20
7436.7567 9.14832e-17 1e-20
7437.4513 9.84846e-17 1e-20
7438.1459 1.02279e-16 1e-20
7438.8405 9.62244e-17 1e-20
7439.535 9.22069e-17 1e-20
7440.2296 9.13582e-17 1e-20
7440.9242 9.52501e-17 1e-20
7441.6188 9.52115e-17 1e-20
7442.3134 9.15426e-17 1e-20
7443.008 9.51399e-17 1e-20
7443.7026 9.14621e-17 1e-20
7444.3972 9.43173e-17 1e-20
7445.0917 1.00363e-16 1e-20
7445.7863 9.27984e-17 1e-20
7446.4809 9.40614e-17 1e-20
7447.1755 9.53467e-17 1e-20
7447.8701 9.18041e-17 1e-20
7448.5647 9.91424e-17 1e-20
7449.2593 9.31325e-17 1e-20
7449.9539 8.67506e-17 1e-20
7450.6484 8.7519e-17 1e-20
7451.343 8.62167e-17 1e-20
7452.0376 8.68218e-17 1e-20
7452.7322 8.74458e-17 1e-20
7453.4268 8.49821e-17 1e-20
7454.1214 7.62976e-17 1e-20
7454.816 7.75628e-17 1e-20
7455.5105 7.88481e-17 1e-20
7456.2051 8.06333e-17 1e-20
7456.8997 8.8266e-17 1e-20
7457.5943 8.94357e-17 1e-20
7458.2889 8.1809e-17 1e-20
7458.9835 7.93608e-17 1e-20
7459.6781 8.19938e-17 1e-20
7460.3727 7.77486e-17 1e-20
7461.0673 6.94141e-17 1e-20
7461.7618 6.56788e-17 1e-20
7462.4564 7.62868e-17 1e-20
7463.151 8.32664e-17 1e-20
7463.8456 7.52521e-17 1e-20
7464.5402 7.1758e-17 1e-20
7465.2348 7.61347e-17 1e-20
7465.9294 7.07686e-17 1e-20
7466.624 7.18415e-17 1e-20
7467.3185 7.88587e-17 1e-20
7468.0131 7.59165e-17 1e-20
7468.7077 6.97682e-17 1e-20
7469.4023 6.94835e-17 1e-20
7470.0969 7.56117e-17 1e-20
7470.7915 7.14542e-17 1e-20
7471.4861 6.29686e-17 1e-20
7472.1807 7.09021e-17 1e-20
7472.8752 8.25571e-17 1e-20
7473.5698 8.19107e-17 1e-20
7474.2644 7.56695e-17 1e-20
7474.959 7.05234e-17 1e-20
7475.6536 6.5103e-17 1e-20
7476.3482 6.41135e-17 1e-20
7477.0428 6.21679e-17 1e-20
7477.7374 6.11987e-17 1e-20
7478.4319 7.09739e-17 1e-20
7479.1265 7.45475e-17 1e-20
7479.8211 7.03132e-17 1e-20
7480.5157 6.43794e-17 1e-20
7481.2103 6.23934e-17 1e-20
7481.9049 6.83695e-17 1e-20
7482.5995 6.80117e-17 1e-20
7483.2941 6.4698e-17 1e-20
7483.9886 5.95957e-17 1e-20
7484.6832 6.1538e-17 1e-20
7485.3778 6.49373e-17 1e-20
7486.0724 5.99968e-17 1e-20
7486.767 6.20919e-17 1e-20
7487.4616 6.57807e-17 1e-20
7488.1562 4.98944e-17 1e-20
7488.8508 5.79644e-17 1e-20
7489.5453 6.14414e-17 1e-20
7490.2399 6.10132e-17 1e-20
7490.9345 6.41818e-17 1e-20
7491.6291 6.36741e-17 1e-20
7492.3237 6.25074e-17 1e-20
7493.0183 6.10508e-17 1e-20
7493.7129 5.62671e-17 1e-20
7494.4075 5.93526e-17 1e-20
7495.102 6.439e-17 1e-20
7495.7966 6.32801e-17 1e-20
7496.4912 6.26577e-17 1e-20
7497.1858 5.72045e-17 1e-20
7497.8804 5.98212e-17 1e-20
7498.575 6.17649e-17 1e-20
7499.2696 6.41166e-17 1e-20
7499.9642 6.6734e-17 1e-20
7500.6587 6.17553e-17 1e-20
7501.3533 6.27224e-17 1e-20
7502.0479 5.80364e-17 1e-20
7502.7425 5.69404e-17 1e-20
7503.4371 6.06649e-17 1e-20
7504.1317 6.82703e-17 1e-20
7504.8263 6.88118e-17 1e-20
7505.5209 5.90582e-17 1e-20
7506.2154 6.07449e-17 1e-20
7506.91 6.21909e-17 1e-20
7507.6046 6.03763e-17 1e-20
7508.2992 6.29569e-17 1e-20
7508.9938 7.11733e-17 1e-20
7509.6884 6.20329e-17 1e-20
7510.383 5.79587e-17 1e-20
7511.0776 6.75277e-17 1e-20
7511.7721 6.64253e-17 1e-20
7512.4667 6.54883e-17 1e-20
7513.1613 6.57731e-17 1e-20
7513.8559 6.02907e-17 1e-20
7514.5505 6.312e-17 1e-20
7515.2451 6.45075e-17 1e-20
7515.9397 5.95429e-17 1e-20
7516.6343 6.36502e-17 1e-20
7517.3288 6.44119e-17 1e-20
7518.0234 5.97885e-17 1e-20
7518.718 6.94757e-17 1e-20
7519.4126 6.97144e-17 1e-20
7520.1072 6.679e-17 1e-20
7520.8018 6.63403e-17 1e-20
7521.4964 6.1609e-17 1e-20
7522.191 5.96796e-17 1e-20
7522.8855 6.02481e-17 1e-20
7523.5801 6.26705e-17 1e-20
7524.2747 6.21749e-17 1e-20
7524.9693 6.19839e-17 1e-20
7525.6639 6.70495e-17 1e-20
7526.3585 7.38335e-17 1e-20
7527.0531 7.77121e-17 1e-20
7527.7477 7.37749e-17 1e-20
7528.4422 6.58105e-17 1e-20
7529.1368 6.15163e-17 1e-20
7529.8314 6.54928e-17 1e-20
7530.526 6.90729e-17 1e-20
7531.2206 7.02883e-17 1e-20
7531.9152 7.36531e-17 1e-20
7532.6098 6.99658e-17 1e-20
7533.3044 6.29601e-17 1e-20
7533.9989 6.27068e-17 1e-20
7534.6935 6.93387e-17 1e-20
7535.3881 6.58945e-17 1e-20
7536.0827 6.85185e-17 1e-20
7536.7773 7.07037e-17 1e-20
7537.4719 7.39165e-17 1e-20
7538.1665 7.78505e-17 1e-20
7538.8611 7.79764e-17 1e-20
7539.5556 7.25119e-17 1e-20
7540.2502 7.18571e-17 1e-20
7540.9448 7.75532e-17 1e-20
7541.6394 7.68974e-17 1e-20
7542.334 7.99692e-17 1e-20
7543.0286 7.34405e-17 1e-20
7543.7232 7.05805e-17 1e-20
7544.4178 7.65626e-17 1e-20
7545.1124 7.67285e-17 1e-20
7545.8069 7.89142e-17 1e-20
7546.5015 7.45809e-17 1e-20
7547.1961 6.79972e-17 1e-20
7547.8907 7.26554e-17 1e-20
7548.5853 7.49851e-17 1e-20
7549.2799 7.94195e-17 1e-20
7549.9745 8.44648e-17 1e-20
7550.669 7.75529e-17 1e-20
7551.3636 7.84337e-17 1e-20
7552.0582 8.21046e-17 1e-20
7552.7528 8.02276e-17 1e-20
7553.4474 7.9883e-17 1e-20
7554.142 7.97058e-17 1e-20
7554.8366 8.57456e-17 1e-20
7555.5312 7.84385e-17 1e-20
7556.2257 7.93533e-17 1e-20
7556.9203 8.35018e-17 1e-20
7557.6149 8.9583e-17 1e-20
7558.3095 8.07711e-17 1e-20
7559.0041 7.86e-17 1e-20
7559.6987 7.37171e-17 1e-20
7560.3933 7.34833e-17 1e-20
7561.0879 8.24138e-17 1e-20
7561.7825 7.44222e-17 1e-20
7562.477 7.33073e-17 1e-20
7563.1716 7.9446e-17 1e-20
7563.8662 7.46439e-17 1e-20
7564.5608 7.66774e-17 1e-20
7565.2554 7.25322e-17 1e-20
7565.95 6.83673e-17 1e-20
7566.6446 7.9289e-17 1e-20
7567.3392 7.59978e-17 1e-20
7568.0337 7.04371e-17 1e-20
7568.7283 7.55558e-17 1e-20
7569.4229 7.65473e-17 1e-20
7570.1175 8.57561e-17 1e-20
7570.8121 8.64188e-17 1e-20
7571.5067 7.29528e-17 1e-20
7572.2013 7.41337e-17 1e-20
7572.8958 7.84552e-17 1e-20
7573.5904 7.83537e-17 1e-20
7574.285 7.89601e-17 1e-20
7574.9796 7.86063e-17 1e-20
7575.6742 7.16379e-17 1e-20
7576.3688 7.22258e-17 1e-20
7577.0634 7.83836e-17 1e-20
7577.758 7.6782e-17 1e-20
7578.4525 8.12867e-17 1e-20
7579.1471 7.91586e-17 1e-20
7579.8417 7.51845e-17 1e-20
7580.5363 7.43075e-17 1e-20
7581.2309 8.05031e-17 1e-20
7581.9255 8.1197e-17 1e-20
7582.6201 7.37833e-17 1e-20
7583.3147 7.25526e-17 1e-20
7584.0093 6.97803e-17 1e-20
7584.7038 6.74114e-17 1e-20
7585.3984 7.42632e-17 1e-20
7586.093 7.5785e-17 1e-20
7586.7876 7.41768e-17 1e-20
7587.4822 7.71669e-17 1e-20
7588.1768 8.07006e-17 1e-20
7588.8714 8.45814e-17 1e-20
7589.566 7.82244e-17 1e-20
7590.2605 7.3719e-17 1e-20
7590.9551 7.65365e-17 1e-20
7591.6497 8.36382e-17 1e-20
7592.3443 7.95782e-17 1e-20
7593.0389 8.06837e-17 1e-20
7593.7335 8.1575e-17 1e-20
7594.4281 7.68479e-17 1e-20
7595.1226 7.24828e-17 1e-20
7595.8172 7.60235e-17 1e-20
7596.5118 8.07649e-17 1e-20
7597.2064 8.45206e-17 1e-20
7597.901 8.0582e-17 1e-20
7598.5956 7.18384e-17 1e-20
7599.2902 7.24472e-17 1e-20
7599.9848 8.07391e-17 1e-20
7600.6793 8.02956e-17 1e-20
7601.3739 7.54717e-17 1e-20
7602.0685 7.88642e-17 1e-20
7602.7631 7.9103e-17 1e-20
7603.4577 7.30338e-17 1e-20
7604.1523 7.36369e-17 1e-20
7604.8469 8.30148e-17 1e-20
7605.5415 9.22067e-17 1e-20
7606.2361 8.59628e-17 1e-20
7606.9306 8.19208e-17 1e-20
7607.6252 8.64755e-17 1e-20
7608.3198 8.75087e-17 1e-20
7609.0144 8.11783e-17 1e-20
7609.709 8.46417e-17 1e-20
7610.4036 8.51049e-17 1e-20
7611.0982 8.32202e-17 1e-20
7611.7928 8.37135e-17 1e-20
7612.4873 8.85154e-17 1e-20
7613.1819 8.66252e-17 1e-20
7613.8765 8.71983e-17 1e-20
7614.5711 8.60753e-17 1e-20
7615.2657 7.79314e-17 1e-20
7615.9603 7.91549e-17 1e-20
7616.6549 9.12239e-17 1e-20
7617.3495 9.44165e-17 1e-20
7618.044 8.91799e-17 1e-20
7618.7386 8.60273e-17 1e-20
7619.4332 8.51122e-17 1e-20
7620.1278 8.35272e-17 1e-20
7620.8224 8.73755e-17 1e-20
7621.517 9.39204e-17 1e-20
7622.2116 9.67878e-17 1e-20
7622.9062 9.4671e-17 1e-20
7623.6007 8.53396e-17 1e-20
7624.2953 9.08292e-17 1e-20
7624.9899 8.8393e-17 1e-20
7625.6845 8.86242e-17 1e-20
7626.3791 9.03935e-17 1e-20
7627.0737 9.81028e-17 1e-20
7627.7683 9.56234e-17 1e-20
7628.4629 8.82225e-17 1e-20
7629.1574 8.4226e-17 1e-20
7629.852 9.02817e-17 1e-20
7630.5466 9.5165e-17 1e-20
7631.2412 9.58674e-17 1e-20
7631.9358 8.505e-17 1e-20
7632.6304 9.31285e-17 1e-20
7633.325 8.56287e-17 1e-20
7634.0196 8.0321e-17 1e-20
7634.7141 9.62246e-17 1e-20
7635.4087 1.02811e-16 1e-20
7636.1033 9.89732e-17 1e-20
7636.7979 9.56195e-17 1e-20
7637.4925 9.6899e-17 1e-20
7638.1871 1.03644e-16 1e-20
7638.8817 1.04392e-16 1e-20
7639.5763 1.00838e-16 1e-20
7640.2708 1.0202e-16 1e-20
7640.9654 1.04155e-16 1e-20
7641.66 1.05847e-16 1e-20
7642.3546 1.05237e-16 1e-20
7643.0492 9.89906e-17 1e-20
7643.7438 9.94655e-17 1e-20
7644.4384 1.08611e-16 1e-20
7645.133 1.08001e-16 1e-20
7645.8275 1.04242e-16 1e-20
7646.5221 9.39479e-17 1e-20
7647.2167 9.49162e-17 1e-20
7647.9113 1.03979e-16 1e-20
7648.6059 1.1741e-16 1e-20
7649.3005 1.09424e-16 1e-20
7649.9951 9.64358e-17 1e-20
7650.6897 9.95444e-17 1e-20
7651.3842 1.03791e-16 1e-20
7652.0788 1.06008e-16 1e-20
7652.7734 1.06492e-16 1e-20
7653.468 1.04377e-16 1e-20
7654.1626 1.07378e-16 1e-20
7654.8572 1.06946e-16 1e-20
7655.5518 1.00433e-16 1e-20
7656.2464 1.03569e-16 1e-20
7656.9409 1.12307e-16 1e-20
7657.6355 1.1347e-16 1e-20
7658.3301 1.06593e-16 1e-20
7659.0247 1.046e-16 1e-20
7659.7193 1.09836e-16 1e-20
7660.4139 1.01031e-16 1e-20
7661.1085 1.00963e-16 1e-20
7661.8031 1.06317e-16 1e-20
7662.4976 1.15961e-16 1e-20
7663.1922 1.07716e-16 1e-20
7663.8868 1.13358e-16 1e-20
7664.5814 1.08278e-16 1e-20
7665.276 1.09857e-16 1e-20
7665.9706 1.19237e-16 1e-20
7666.6652 1.14874e-16 1e-20
7667.3598 1.05236e-16 1e-20
7668.0543 1.14366e-16 1e-20
7668.7489 1.12378e-16 1e-20
7669.4435 1.14602e-16 1e-20
7670.1381 1.10402e-16 1e-20
7670.8327 1.182e-16 1e-20
7671.5273 1.17008e-16 1e-20
7672.2219 1.06062e-16 1e-20
7672.9165 1.05458e-16 1e-20
7673.611 1.10326e-16 1e-20
7674.3056 1.15158e-16 1e-20
7675.0002 1.15536e-16 1e-20
7675.6948 1.13188e-16 1e-20
7676.3894 1.06255e-16 1e-20
7677.084 1.08329e-16 1e-20
7677.7786 1.14579e-16 1e-20
7678.4732 1.18781e-16 1e-20
7679.1677 1.16761e-16 1e-20
7679.8623 1.15858e-16 1e-20
7680.5569 1.19429e-16 1e-20
7681.2515 1.22046e-16 1e-20
7681.9461 1.18661e-16 1e-20
7682.6407 1.13492e-16 1e-20
7683.3353 1.1505e-16 1e-20
7684.0299 1.1564e-16 1e-20
7684.7244 1.17962e-16 1e-20
7685.419 1.19516e-16 1e-20
7686.1136 1.13049e-16 1e-20
7686.8082 1.17777e-16 1e-20
7687.5028 1.12769e-16 1e-20
7688.1974 1.11396e-16 1e-20
7688.892 1.14924e-16 1e-20
7689.5866 1.1815e-16 1e-20
7690.2811 1.20263e-16 1e-20
7690.9757 1.17041e-16 1e-20
7691.6703 1.12813e-16 1e-20
7692.3649 1.13852e-16 1e-20
7693.0595 1.16016e-16 1e-20
7693.7541 1.13072e-16 1e-20
7694.4487 1.15306e-16 1e-20
7695.1433 1.21789e-16 1e-20
7695.8378 1.19461e-16 1e-20
7696.5324 1.1489e-16 1e-20
7697.227 1.29767e-16 1e-20
7697.9216 1.29561e-16 1e-20
7698.6162 1.12066e-16 1e-20
7699.3108 1.12137e-16 1e-20
7700.0054 1.21501e-16 1e-20
7700.7 1.3034e-16 1e-20
7701.3945 1.27267e-16 1e-20
7702.0891 1.23859e-16 1e-20
7702.7837 1.2154e-16 1e-20
7703.4783 1.17451e-16 1e-20
7704.1729 1.21542e-16 1e-20
7704.8675 1.2899e-16 1e-20
7705.5621 1.29971e-16 1e-20
7706.2567 1.20821e-16 1e-20
7706.9513 1.18099e-16 1e-20
7707.6458 1.21486e-16 1e-20
7708.3404 1.20441e-16 1e-20
7709.035 1.1715e-16 1e-20
7709.7296 1.15058e-16 1e-20
7710.4242 1.19474e-16 1e-20
7711.1188 1.22646e-16 1e-20
7711.8134 1.21421e-16 1e-20
7712.5079 1.28809e-16 1e-20
7713.2025 1.27531e-16 1e-20
7713.8971 1.16643e-16 1e-20
7714.5917 1.19038e-16 1e-20
7715.2863 1.20403e-16 1e-20
7715.9809 1.12141e-16 1e-20
7716.6755 1.24924e-16 1e-20
7717.3701 1.29316e-16 1e-20
7718.0646 1.17438e-16 1e-20
7718.7592 1.21467e-16 1e-20
7719.4538 1.21664e-16 1e-20
7720.1484 1.16611e-16 1e-20
7720.843 1.2708e-16 1e-20
7721.5376 1.28504e-16 1e-20
7722.2322 1.19268e-16 1e-20
7722.9268 1.2049e-16 1e-20
7723.6213 1.14898e-16 1e-20
7724.3159 1.14036e-16 1e-20
7725.0105 1.18471e-16 1e-20
7725.7051 1.194e-16 1e-20
7726.3997 1.1538e-16 1e-20
7727.0943 1.13382e-16 1e-20
7727.7889 1.21832e-16 1e-20
7728.4835 1.21262e-16 1e-20
7729.1781 1.15149e-16 1e-20
7729.8726 1.23566e-16 1e-20
7730.5672 1.24932e-16 1e-20
7731.2618 1.19538e-16 1e-20
7731.9564 1.22477e-16 1e-20
7732.651 1.22895e-16 1e-20
7733.3456 1.17889e-16 1e-20
7734.0402 1.19624e-16 1e-20
7734.7348 1.15437e-16 1e-20
7735.4293 1.11534e-16 1e-20
7736.1239 1.24299e-16 1e-20
7736.8185 1.26034e-16 1e-20
7737.5131 1.25164e-16 1e-20
7738.2077 1.26602e-16 1e-20
7738.9023 1.27828e-16 1e-20
7739.5969 1.31292e-16 1e-20
7740.2914 1.2377e-16 1e-20
7740.986 1.20733e-16 1e-20
7741.6806 1.2834e-16 1e-20
7742.3752 1.35711e-16 1e-20
7743.0698 1.31719e-16 1e-20
7743.7644 1.24092e-16 1e-20
7744.459 1.24095e-16 1e-20
7745.1536 1.24763e-16 1e-20
7745.8481 1.26977e-16 1e-20
7746.5427 1.30902e-16 1e-20
7747.2373 1.2591e-16 1e-20
7747.9319 1.20293e-16 1e-20
7748.6265 1.2137e-16 1e-20
7749.3211 1.24082e-16 1e-20
7750.0157 1.284e-16 1e-20
7750.7103 1.30034e-16 1e-20
7751.4049 1.29181e-16 1e-20
7752.0994 1.30684e-16 1e-20
7752.794 1.1876e-16 1e-20
7753.4886 1.17716e-16 1e-20
7754.1832 1.33715e-16 1e-20
7754.8778 1.34237e-16 1e-20
7755.5724 1.27112e-16 1e-20
7756.267 1.33968e-16 1e-20
7756.9616 1.3524e-16 1e-20
7757.6561 1.25508e-16 1e-20
7758.3507 1.246e-16 1e-20
7759.0453 1.2873e-16 1e-20
7759.7399 1.31433e-16 1e-20
7760.4345 1.33768e-16 1e-20
7761.1291 1.3596e-16 1e-20
7761.8237 1.29943e-16 1e-20
7762.5182 1.2789e-16 1e-20
7763.2128 1.29386e-16 1e-20
7763.9074 1.32334e-16 1e-20
7764.602 1.38161e-16 1e-20
7765.2966 1.3198e-16 1e-20
7765.9912 1.28612e-16 1e-20
7766.6858 1.27588e-16 1e-20
7767.3804 1.2633e-16 1e-20
7768.075 1.38008e-16 1e-20
7768.7695 1.36441e-16 1e-20
7769.4641 1.32107e-16 1e-20
7770.1587 1.37427e-16 1e-20
7770.8533 1.31035e-16 1e-20
7771.5479 1.2969e-16 1e-20
7772.2425 1.31988e-16 1e-20
7772.9371 1.22871e-16 1e-20
7773.6317 1.26363e-16 1e-20
7774.3262 1.36013e-16 1e-20
7775.0208 1.36072e-16 1e-20
7775.7154 1.37256e-16 1e-20
7776.41 1.32506e-16 1e-20
7777.1046 1.39792e-16 1e-20
7777.7992 1.47034e-16 1e-20
7778.4938 1.45156e-16 1e-20
7779.1884 1.38489e-16 1e-20
7779.8829 1.31227e-16 1e-20
7780.5775 1.28989e-16 1e-20
7781.2721 1.2789e-16 1e-20
7781.9667 1.30604e-16 1e-20
7782.6613 1.3632e-16 1e-20
7783.3559 1.30686e-16 1e-20
7784.0505 1.21955e-16 1e-20
7784.745 1.28505e-16 1e-20
7785.4396 1.39301e-16 1e-20
7786.1342 1.36423e-16 1e-20
7786.8288 1.33178e-16 1e-20
7787.5234 1.35034e-16 1e-20
7788.218 1.42918e-16 1e-20
7788.9126 1.48095e-16 1e-20
7789.6072 1.47811e-16 1e-20
7790.3018 1.43231e-16 1e-20
7790.9963 1.30557e-16 1e-20
7791.6909 1.30789e-16 1e-20
7792.3855 1.31203e-16 1e-20
7793.0801 1.31613e-16 1e-20
7793.7747 1.28779e-16 1e-20
7794.4693 1.28915e-16 1e-20
7795.1639 1.35282e-16 1e-20
7795.8585 1.33067e-16 1e-20
7796.553 1.37553e-16 1e-20
7797.2476 1.28792e-16 1e-20
7797.9422 1.27653e-16 1e-20
7798.6368 1.35048e-16 1e-20
7799.3314 1.39858e-16 1e-20
7800.026 1.44544e-16 1e-20
7800.7206 1.33102e-16 1e-20
7801.4152 1.27228e-16 1e-20
7802.1097 1.32404e-16 1e-20
7802.8043 1.44724e-16 1e-20
7803.4989 1.46104e-16 1e-20
7804.1935 1.44359e-16 1e-20
7804.8881 1.35824e-16 1e-20
7805.5827 1.37306e-16 1e-20
7806.2773 1.39833e-16 1e-20
7806.9719 1.31633e-16 1e-20
7807.6664 1.2927e-16 1e-20
7808.361 1.35049e-16 1e-20
7809.0556 1.45138e-16 1e-20
7809.7502 1.45036e-16 1e-20
7810.4448 1.44933e-16 1e-20
7811.1394 1.44831e-16 1e-20
7811.834 1.44728e-16 1e-20
7812.5286 1.44626e-16 1e-20
7813.2231 1.44523e-16 1e-20
7813.9177 1.4442e-16 1e-20
7814.6123 1.44318e-16 1e-20
7815.3069 1.44215e-16 1e-20
7816.0015 1.44113e-16 1e-20
7816.6961 1.4401e-16 1e-20
7817.3907 1.43908e-16 1e-20
7818.0853 1.43805e-16 1e-20
7818.7798 1.43703e-16 1e-20
7819.4744 1.436e-16 1e-20
7820.169 1.43498e-16 1e-20
7820.8636 1.43395e-16 1e-20
7821.5582 1.43293e-16 1e-20
7822.2528 1.4319e-16 1e-20
7822.9474 1.43087e-16 1e-20
7823.642 1.42985e-16 1e-20
7824.3365 1.42882e-16 1e-20
7825.0311 1.4278e-16 1e-20
7825.7257 1.42677e-16 1e-20
7826.4203 1.42575e-16 1e-20
7827.1149 1.42472e-16 1e-20
7827.8095 1.4237e-16 1e-20
7828.5041 1.42267e-16 1e-20
7829.1987 1.42165e-16 1e-20
7829.8932 1.42062e-16 1e-20
7830.5878 1.41959e-16 1e-20
7831.2824 1.41857e-16 1e-20
7831.977 1.41754e-16 1e-20
7832.6716 1.41652e-16 1e-20
7833.3662 1.41549e-16 1e-20
7834.0608 1.41447e-16 1e-20
7834.7554 1.41344e-16 1e-20
7835.4499 1.41242e-16 1e-20
7836.1445 1.41139e-16 1e-20
7836.8391 1.41037e-16 1e-20
7837.5337 1.40934e-16 1e-20
7838.2283 1.40831e-16 1e-20
7838.9229 1.40729e-16 1e-20
7839.6175 1.40626e-16 1e-20
7840.3121 1.40524e-16 1e-20
7841.0066 1.40421e-16 1e-20
7841.7012 1.40319e-16 1e-20
7842.3958 1.40216e-16 1e-20
7843.0904 1.40114e-16 1e-20
7843.785 1.40011e-16 1e-20
7844.4796 1.39908e-16 1e-20
7845.1742 1.39806e-16 1e-20
7845.8688 1.39703e-16 1e-20
7846.5633 1.39601e-16 1e-20
7847.2579 1.39498e-16 1e-20
7847.9525 1.39396e-16 1e-20
7848.6471 1.39293e-16 1e-20
7849.3417 1.39191e-16 1e-20
7850.0363 1.46989e-16 1e-20
7850.7309 1.46182e-16 1e-20
7851.4255 1.34921e-16 1e-20
7852.12 1.26113e-16 1e-20
7852.8146 1.3288e-16 1e-20
7853.5092 1.39447e-16 1e-20
7854.2038 1.2393e-16 1e-20
7854.8984 1.288e-16 1e-20
7855.593 1.34051e-16 1e-20
7856.2876 1.2464e-16 1e-20
7856.9822 1.2282e-16 1e-20
7857.6767 1.30967e-16 1e-20
7858.3713 1.29526e-16 1e-20
7859.0659 1.3035e-16 1e-20
7859.7605 1.16547e-16 1e-20
7860.4551 1.25947e-16 1e-20
7861.1497 1.27795e-16 1e-20
7861.8443 1.20667e-16 1e-20
7862.5389 1.33506e-16 1e-20
7863.2334 1.37407e-16 1e-20
7863.928 1.26252e-16 1e-20
7864.6226 1.294e-16 1e-20
7865.3172 1.37395e-16 1e-20
7866.0118 1.36196e-16 1e-20
7866.7064 1.29757e-16 1e-20
7867.401 1.19033e-16 1e-20
7868.0956 1.17546e-16 1e-20
7868.7901 1.27083e-16 1e-20
7869.4847 1.3726e-16 1e-20
7870.1793 1.33084e-16 1e-20
7870.8739 1.26817e-16 1e-20
7871.5685 1.45798e-16 1e-20
7872.2631 1.56497e-16 1e-20
7872.9577 1.36016e-16 1e-20
7873.6523 1.31343e-16 1e-20
7874.3469 1.28922e-16 1e-20
7875.0414 1.27577e-16 1e-20
7875.736 1.37698e-16 1e-20
7876.4306 1.29166e-16 1e-20
7877.1252 1.24874e-16 1e-20
7877.8198 1.22417e-16 1e-20
7878.5144 1.2121e-16 1e-20
7879.209 1.2507e-16 1e-20
7879.9035 1.27113e-16 1e-20
7880.5981 1.34427e-16 1e-20
7881.2927 1.3846e-16 1e-20
7881.9873 1.30854e-16 1e-20
7882.6819 1.28726e-16 1e-20
7883.3765 1.33795e-16 1e-20
7884.0711 1.34037e-16 1e-20
7884.7657 1.27832e-16 1e-20
7885.4602 1.193e-16 1e-20
7886.1548 1.26769e-16 1e-20
7886.8494 1.38239e-16 1e-20
7887.544 1.33263e-16 1e-20
7888.2386 1.24923e-16 1e-20
7888.9332 1.2615e-16 1e-20
7889.6278 1.25558e-16 1e-20
7890.3224 1.20227e-16 1e-20
7891.017 1.30898e-16 1e-20
7891.7115 1.23166e-16 1e-20
7892.4061 1.16322e-16 1e-20
7893.1007 1.23129e-16 1e-20
7893.7953 1.24993e-16 1e-20
7894.4899 1.24875e-16 1e-20
7895.1845 1.22177e-16 1e-20
7895.8791 1.16638e-16 1e-20
7896.5737 1.18549e-16 1e-20
7897.2682 1.21799e-16 1e-20
7897.9628 1.2047e-16 1e-20
7898.6574 1.21953e-16 1e-20
7899.352 1.2447e-16 1e-20
7900.0466 1.23337e-16 1e-20
7900.7412 1.24057e-16 1e-20
7901.4358 1.28073e-16 1e-20
7902.1303 1.26316e-16 1e-20
7902.8249 1.29602e-16 1e-20
7903.5195 1.26287e-16 1e-20
7904.2141 1.21059e-16 1e-20
7904.9087 1.19303e-16 1e-20
7905.6033 1.17587e-16 1e-20
7906.2979 1.27957e-16 1e-20
7906.9925 1.24107e-16 1e-20
7907.687 1.18473e-16 1e-20
7908.3816 1.16995e-16 1e-20
7909.0762 1.25893e-16 1e-20
7909.7708 1.36221e-16 1e-20
7910.4654 1.20823e-16 1e-20
7911.16 1.13176e-16 1e-20
7911.8546 1.29816e-16 1e-20
7912.5492 1.32603e-16 1e-20
7913.2438 1.21042e-16 1e-20
7913.9383 1.09773e-16 1e-20
7914.6329 1.11559e-16 1e-20
7915.3275 1.1229e-16 1e-20
7916.0221 1.13941e-16 1e-20
7916.7167 1.18608e-16 1e-20
7917.4113 1.23375e-16 1e-20
7918.1059 1.12347e-16 1e-20
7918.8005 1.07321e-16 1e-20
7919.495 1.21937e-16 1e-20
7920.1896 1.22701e-16 1e-20
7920.8842 1.17193e-16 1e-20
7921.5788 1.21239e-16 1e-20
7922.2734 1.13561e-16 1e-20
7922.968 1.03752e-16 1e-20
7923.6626 1.1837e-16 1e-20
7924.3571 1.27239e-16 1e-20
7925.0517 1.13507e-16 1e-20
7925.7463 1.05385e-16 1e-20
7926.4409 9.81177e-17 1e-20
7927.1355 1.02989e-16 1e-20
7927.8301 1.16743e-16 1e-20
7928.5247 1.03325e-16 1e-20
7929.2193 1.03874e-16 1e-20
7929.9138 1.12954e-16 1e-20
7930.6084 1.19172e-16 1e-20
7931.303 1.18314e-16 1e-20
7931.9976 1.13043e-16 1e-20
7932.6922 1.08525e-16 1e-20
7933.3868 1.10224e-16 1e-20
7934.0814 1.19409e-16 1e-20
7934.776 1.19761e-16 1e-20
7935.4706 1.1613e-16 1e-20
7936.1651 1.15826e-16 1e-20
7936.8597 1.15627e-16 1e-20
7937.5543 1.10748e-16 1e-20
7938.2489 1.01978e-16 1e-20
7938.9435 1.07648e-16 1e-20
7939.6381 1.06704e-16 1e-20
7940.3327 1.03607e-16 1e-20
7941.0273 1.13271e-16 1e-20
7941.7218 1.11896e-16 1e-20
7942.4164 1.06627e-16 1e-20
7943.111 1.10213e-16 1e-20
7943.8056 1.07465e-16 1e-20
7944.5002 1.09967e-16 1e-20
7945.1948 1.20673e-16 1e-20
7945.8894 1.23662e-16 1e-20
7946.584 1.24436e-16 1e-20
7947.2785 1.23298e-16 1e-20
7947.9731 1.18056e-16 1e-20
7948.6677 1.19302e-16 1e-20
7949.3623 1.13126e-16 1e-20
7950.0569 1.04228e-16 1e-20
7950.7515 1.12157e-16 1e-20
7951.4461 1.21931e-16 1e-20
7952.1407 1.16312e-16 1e-20
7952.8352 1.1423e-16 1e-20
7953.5298 1.13087e-16 1e-20
7954.2244 1.11814e-16 1e-20
7954.919 1.13851e-16 1e-20
7955.6136 1.18982e-16 1e-20
7956.3082 1.28434e-16 1e-20
7957.0028 1.20438e-16 1e-20
7957.6974 1.05686e-16 1e-20
7958.3919 1.03244e-16 1e-20
7959.0865 9.81844e-17 1e-20
7959.7811 1.13056e-16 1e-20
7960.4757 1.24581e-16 1e-20
7961.1703 1.16251e-16 1e-20
7961.8649 1.15357e-16 1e-20
7962.5595 1.15607e-16 1e-20
7963.2541 1.16732e-16 1e-20
7963.9486 1.08921e-16 1e-20
7964.6432 1.05941e-16 1e-20
7965.3378 1.14728e-16 1e-20
7966.0324 1.18732e-16 1e-20
7966.727 1.10134e-16 1e-20
7967.4216 1.04991e-16 1e-20
7968.1162 1.04873e-16 1e-20
7968.8108 1.09152e-16 1e-20
7969.5053 1.07209e-16 1e-20
7970.1999 1.1075e-16 1e-20
7970.8945 1.15982e-16 1e-20
7971.5891 1.18178e-16 1e-20
7972.2837 1.21231e-16 1e-20
7972.9783 1.23077e-16 1e-20
7973.6729 1.16317e-16 1e-20
7974.3675 1.02092e-16 1e-20
7975.062 1.06069e-16 1e-20
7975.7566 1.09357e-16 1e-20
7976.4512 1.08614e-16 1e-20
7977.1458 1.01661e-16 1e-20
7977.8404 1.09402e-16 1e-20
7978.535 1.1984e-16 1e-20
7979.2296 1.32622e-16 1e-20
7979.9242 1.27694e-16 1e-20
7980.6187 1.17689e-16 1e-20
7981.3133 1.09515e-16 1e-20
7982.0079 1.0678e-16 1e-20
7982.7025 9.96953e-17 1e-20
7983.3971 9.69743e-17 1e-20
7984.0917 1.10904e-16 1e-20
7984.7863 1.23917e-16 1e-20
7985.4809 1.24124e-16 1e-20
7986.1754 1.19589e-16 1e-20
7986.87 1.08905e-16 1e-20
7987.5646 1.02723e-16 1e-20
7988.2592 1.11352e-16 1e-20
7988.9538 1.15658e-16 1e-20
7989.6484 1.09499e-16 1e-20
7990.343 1.08894e-16 1e-20
7991.0376 1.1751e-16 1e-20
7991.7321 1.1625e-16 1e-20
7992.4267 1.14308e-16 1e-20
7993.1213 1.19852e-16 1e-20
7993.8159 1.22123e-16 1e-20
7994.5105 1.15589e-16 1e-20
7995.2051 1.15289e-16 1e-20
7995.8997 1.15181e-16 1e-20
7996.5943 1.09355e-16 1e-20
7997.2888 1.04135e-16 1e-20
7997.9834 1.07197e-16 1e-20
7998.678 9.90412e-17 1e-20
7999.3726 1.02921e-16 1e-20
8000.0672 1.19257e-16 1e-20
8000.7618 1.23381e-16 1e-20
8001.4564 1.07553e-16 1e-20
8002.151 1.01612e-16 1e-20
8002.8455 1.07328e-16 1e-20
8003.5401 1.03869e-16 1e-20
8004.2347 1.02211e-16 1e-20
8004.9293 1.08421e-16 1e-20
8005.6239 1.17705e-16 1e-20
8006.3185 1.10834e-16 1e-20
8007.0131 1.1173e-16 1e-20
8007.7077 1.14429e-16 1e-20
8008.4022 1.10799e-16 1e-20
8009.0968 1.15258e-16 1e-20
8009.7914 1.13503e-16 1e-20
8010.486 1.1952e-16 1e-20
8011.1806 1.05909e-16 1e-20
8011.8752 9.39052e-17 1e-20
8012.5698 9.85532e-17 1e-20
8013.2644 9.86488e-17 1e-20
8013.9589 9.99513e-17 1e-20
8014.6535 1.03891e-16 1e-20
8015.3481 1.10949e-16 1e-20
8016.0427 1.10716e-16 1e-20
8016.7373 1.05693e-16 1e-20
8017.4319 1.13583e-16 1e-20
8018.1265 1.18011e-16 1e-20
8018.8211 1.07783e-16 1e-20
8019.5156 1.01132e-16 1e-20
8020.2102 1.04706e-16 1e-20
8020.9048 1.13191e-16 1e-20
8021.5994 1.14221e-16 1e-20
8022.294 1.22965e-16 1e-20
8022.9886 1.22398e-16 1e-20
8023.6832 9.30699e-17 1e-20
8024.3778 9.72258e-17 1e-20
8025.0723 9.79756e-17 1e-20
8025.7669 1.06959e-16 1e-20
8026.4615 1.14111e-16 1e-20
8027.1561 9.97103e-17 1e-20
8027.8507 9.6803e-17 1e-20
8028.5453 9.84818e-17 1e-20
8029.2399 9.59884e-17 1e-20
8029.9345 1.0385e-16 1e-20
8030.629 1.03615e-16 1e-20
8031.3236 1.05551e-16 1e-20
8032.0182 1.08024e-16 1e-20
8032.7128 9.90382e-17 1e-20
8033.4074 9.96053e-17 1e-20
8034.102 1.07364e-16 1e-20
8034.7966 1.05671e-16 1e-20
8035.4912 1.0803e-16 1e-20
8036.1858 1.09541e-16 1e-20
8036.8803 9.44972e-17 1e-20
8037.5749 9.44826e-17 1e-20
8038.2695 9.83379e-17 1e-20
8038.9641 1.09129e-16 1e-20
8039.6587 1.00285e-16 1e-20
8040.3533 1.03994e-16 1e-20
8041.0479 1.03018e-16 1e-20
8041.7424 9.98709e-17 1e-20
8042.437 1.0052e-16 1e-20
8043.1316 1.03378e-16 1e-20
8043.8262 1.05734e-16 1e-20
8044.5208 1.06166e-16 1e-20
8045.2154 1.08473e-16 1e-20
8045.91 9.89966e-17 1e-20
8046.6046 7.99002e-17 1e-20
8047.2991 8.12224e-17 1e-20
8047.9937 9.30197e-17 1e-20
8048.6883 8.67832e-17 1e-20
8049.3829 7.83386e-17 1e-20
8050.0775 8.64869e-17 1e-20
8050.7721 9.48112e-17 1e-20
8051.4667 9.5216e-17 1e-20
8052.1613 9.41043e-17 1e-20
8052.8558 8.61092e-17 1e-20
8053.5504 9.25751e-17 1e-20
8054.245 8.16244e-17 1e-20
8054.9396 7.06038e-17 1e-20
8055.6342 7.8049e-17 1e-20
8056.3288 8.34128e-17 1e-20
8057.0234 8.86311e-17 1e-20
8057.718 8.49874e-17 1e-20
8058.4126 7.72411e-17 1e-20
8059.1071 7.42758e-17 1e-20
8059.8017 8.10138e-17 1e-20
8060.4963 8.54466e-17 1e-20
8061.1909 8.16299e-17 1e-20
8061.8855 7.30097e-17 1e-20
8062.5801 7.12809e-17 1e-20
8063.2747 8.17332e-17 1e-20
8063.9692 8.5855e-17 1e-20
8064.6638 7.90044e-17 1e-20
8065.3584 7.5631e-17 1e-20
8066.053 6.62739e-17 1e-20
8066.7476 5.90184e-17 1e-20
8067.4422 7.74695e-17 1e-20
8068.1368 8.422e-17 1e-20
8068.8314 7.30516e-17 1e-20
8069.5259 6.51227e-17 1e-20
8070.2205 6.4547e-17 1e-20
8070.9151 6.98782e-17 1e-20
8071.6097 7.03739e-17 1e-20
8072.3043 7.5771e-17 1e-20
8072.9989 7.68261e-17 1e-20
8073.6935 6.78795e-17 1e-20
8074.3881 7.28592e-17 1e-20
8075.0827 7.45272e-17 1e-20
8075.7772 6.54257e-17 1e-20
8076.4718 5.90586e-17 1e-20
8077.1664 6.07429e-17 1e-20
8077.861 6.58761e-17 1e-20
8078.5556 6.89491e-17 1e-20
8079.2502 7.8925e-17 1e-20
8079.9448 7.79749e-17 1e-20
8080.6394 5.78181e-17 1e-20
8081.3339 6.18068e-17 1e-20
8082.0285 7.20323e-17 1e-20
8082.7231 6.16858e-17 1e-20
8083.4177 6.00661e-17 1e-20
8084.1123 6.27865e-17 1e-20
8084.8069 5.40159e-17 1e-20
8085.5015 6.01256e-17 1e-20
8086.1961 7.40536e-17 1e-20
8086.8906 7.92813e-17 1e-20
8087.5852 6.35467e-17 1e-20
8088.2798 7.10734e-17 1e-20
8088.9744 8.04759e-17 1e-20
8089.669 6.33963e-17 1e-20
8090.3636 6.3232e-17 1e-20
8091.0582 5.92733e-17 1e-20
8091.7527 4.45052e-17 1e-20
8092.4473 4.91997e-17 1e-20
8093.1419 6.58291e-17 1e-20
8093.8365 7.37514e-17 1e-20
8094.5311 7.15907e-17 1e-20
8095.2257 6.64191e-17 1e-20
8095.9203 6.65956e-17 1e-20
8096.6149 6.30128e-17 1e-20
8097.3095 5.08579e-17 1e-20
8098.004 5.47212e-17 1e-20
8098.6986 5.80011e-17 1e-20
8099.3932 5.52904e-17 1e-20
8100.0878 5.61317e-17 1e-20
8100.7824 5.62098e-17 1e-20
8101.477 4.56323e-17 1e-20
8102.1716 4.94227e-17 1e-20
8102.8662 5.70172e-17 1e-20
8103.5607 5.61081e-17 1e-20
8104.2553 5.38025e-17 1e-20
8104.9499 5.75581e-17 1e-20
8105.6445 5.89751e-17 1e-20
8106.3391 5.37208e-17 1e-20
8107.0337 5.30488e-17 1e-20
8107.7283 5.51601e-17 1e-20
8108.4229 4.8623e-17 1e-20
8109.1174 4.65224e-17 1e-20
8109.812 5.24411e-17 1e-20
8110.5066 5.85009e-17 1e-20
8111.2012 6.42394e-17 1e-20
8111.8958 5.74096e-17 1e-20
8112.5904 4.96012e-17 1e-20
8113.285 5.5712e-17 1e-20
8113.9795 6.41909e-17 1e-20
8114.6741 6.36444e-17 1e-20
8115.3687 5.03349e-17 1e-20
8116.0633 4.62732e-17 1e-20
8116.7579 5.87379e-17 1e-20
8117.4525 5.73075e-17 1e-20
8118.1471 6.12244e-17 1e-20
8118.8417 5.90881e-17 1e-20
8119.5363 5.5909e-17 1e-20
8120.2308 5.3876e-17 1e-20
8120.9254 4.64014e-17 1e-20
8121.62 5.06747e-17 1e-20
8122.3146 5.5797e-17 1e-20
8123.0092 5.14509e-17 1e-20
8123.7038 5.55992e-17 1e-20
8124.3984 6.44257e-17 1e-20
8125.093 5.92137e-17 1e-20
8125.7875 5.14317e-17 1e-20
8126.4821 4.53388e-17 1e-20
8127.1767 3.84973e-17 1e-20
8127.8713 4.93591e-17 1e-20
8128.5659 5.71579e-17 1e-20
8129.2605 5.41556e-17 1e-20
8129.9551 4.32524e-17 1e-20
8130.6497 4.50542e-17 1e-20
8131.3442 4.69395e-17 1e-20
8132.0388 6.04067e-17 1e-20
8132.7334 5.60381e-17 1e-20
8133.428 4.54865e-17 1e-20
8134.1226 4.22221e-17 1e-20
8134.8172 4.74784e-17 1e-20
8135.5118 4.47143e-17 1e-20
8136.2064 3.92968e-17 1e-20
8136.9009 3.68302e-17 1e-20
8137.5955 4.34242e-17 1e-20
8138.2901 5.10157e-17 1e-20
8138.9847 5.09516e-17 1e-20
8139.6793 4.36505e-17 1e-20
8140.3739 3.96324e-17 1e-20
8141.0685 3.87784e-17 1e-20
8141.7631 3.92966e-17 1e-20
8142.4576 4.42896e-17 1e-20
8143.1522 4.30906e-17 1e-20
8143.8468 5.17597e-17 1e-20
8144.5414 4.88199e-17 1e-20
8145.236 4.92616e-17 1e-20
8145.9306 4.84011e-17 1e-20
8146.6252 5.28454e-17 1e-20
8147.3198 4.71656e-17 1e-20
8148.0143 3.74553e-17 1e-20
8148.7089 4.18845e-17 1e-20
8149.4035 5.42216e-17 1e-20
8150.0981 6.02035e-17 1e-20
8150.7927 5.61512e-17 1e-20
8151.4873 5.356e-17 1e-20
8152.1819 4.45829e-17 1e-20
8152.8765 4.34579e-17 1e-20
8153.571 4.77576e-17 1e-20
8154.2656 4.37012e-17 1e-20
8154.9602 4.47984e-17 1e-20
8155.6548 5.06897e-17 1e-20
8156.3494 4.26183e-17 1e-20
8157.044 3.06588e-17 1e-20
8157.7386 3.31037e-17 1e-20
8158.4332 3.67693e-17 1e-20
8159.1277 3.72872e-17 1e-20
8159.8223 4.45154e-17 1e-20
8160.5169 4.63151e-17 1e-20
8161.2115 4.53801e-17 1e-20
8161.9061 4.62743e-17 1e-20
8162.6007 4.32511e-17 1e-20
8163.2953 3.24685e-17 1e-20
8163.9899 3.86665e-17 1e-20
8164.6844 4.03926e-17 1e-20
8165.379 3.88144e-17 1e-20
8166.0736 3.17099e-17 1e-20
8166.7682 4.48626e-17 1e-20
8167.4628 4.68043e-17 1e-20
8168.1574 3.58786e-17 1e-20
8168.852 3.79002e-17 1e-20
8169.5466 3.88932e-17 1e-20
8170.2411 2.93199e-17 1e-20
8170.9357 2.60378e-17 1e-20
8171.6303 2.84651e-17 1e-20
8172.3249 2.80712e-17 1e-20
8173.0195 3.83617e-17 1e-20
8173.7141 5.12144e-17 1e-20
8174.4087 5.02001e-17 1e-20
8175.1033 4.55805e-17 1e-20
8175.7978 4.01797e-17 1e-20
8176.4924 4.83082e-17 1e-20
8177.187 3.53866e-17 1e-20
8177.8816 4.65152e-17 1e-20
8178.5762 4.67291e-17 1e-20
8179.2708 3.71014e-17 1e-20
8179.9654 4.06205e-17 1e-20
8180.66 3.16095e-17 1e-20
8181.3545 2.505e-17 1e-20
8182.0491 4.09452e-17 1e-20
8182.7437 4.08386e-17 1e-20
8183.4383 2.98556e-17 1e-20
8184.1329 3.19876e-17 1e-20
8184.8275 3.9224e-17 1e-20
8185.5221 4.25891e-17 1e-20
8186.2167 4.37876e-17 1e-20
8186.9112 3.646e-17 1e-20
8187.6058 2.53526e-17 1e-20
8188.3004 3.29591e-17 1e-20
8188.995 4.2561e-17 1e-20
8189.6896 3.64869e-17 1e-20
8190.3842 3.63866e-17 1e-20
8191.0788 4.15056e-17 1e-20
8191.7734 4.48908e-17 1e-20
8192.4679 4.42078e-17 1e-20
8193.1625 3.16274e-17 1e-20
8193.8571 2.56056e-17 1e-20
8194.5517 2.42301e-17 1e-20
8195.2463 3.29721e-17 1e-20
8195.9409 3.25476e-17 1e-20
8196.6355 3.07432e-17 1e-20
8197.3301 2.78196e-17 1e-20
8198.0246 2.18817e-17 1e-20
8198.7192 3.29613e-17 1e-20
8199.4138 3.46462e-17 1e-20
8200.1084 2.02409e-17 1e-20
8200.803 3.03251e-17 1e-20
8201.4976 4.10672e-17 1e-20
8202.1922 2.62549e-17 1e-20
8202.8868 2.42116e-17 1e-20
8203.5814 3.71111e-17 1e-20
8204.2759 3.94279e-17 1e-20
8204.9705 3.39621e-17 1e-20
8205.6651 3.97882e-17 1e-20
8206.3597 4.62501e-17 1e-20
8207.0543 4.13514e-17 1e-20
8207.7489 3.16317e-17 1e-20
8208.4435 2.0241e-17 1e-20
8209.138 2.87927e-17 1e-20
8209.8326 3.13637e-17 1e-20
8210.5272 3.66302e-17 1e-20
8211.2218 3.95505e-17 1e-20
8211.9164 3.8053e-17 1e-20
8212.611 3.80654e-17 1e-20
8213.3056 2.26479e-17 1e-20
8214.0002 2.64363e-17 1e-20
8214.6947 3.86069e-17 1e-20
8215.3893 2.96456e-17 1e-20
8216.0839 2.7421e-17 1e-20
8216.7785 3.5259e-17 1e-20
8217.4731 2.3713e-17 1e-20
8218.1677 1.49229e-17 1e-20
8218.8623 3.06562e-17 1e-20
8219.5569 3.51697e-17 1e-20
8220.2515 3.31577e-17 1e-20
8220.946 3.00985e-17 1e-20
8221.6406 2.71554e-17 1e-20
8222.3352 2.83111e-17 1e-20
8223.0298 3.75517e-17 1e-20
8223.7244 3.26881e-17 1e-20
8224.419 3.66495e-17 1e-20
8225.1136 3.55476e-17 1e-20
8225.8082 2.65225e-17 1e-20
8226.5027 2.44248e-17 1e-20
8227.1973 3.55068e-17 1e-20
8227.8919 3.17705e-17 1e-20
8228.5865 2.53951e-17 1e-20
8229.2811 3.39439e-17 1e-20
8229.9757 2.57343e-17 1e-20
8230.6703 1.8752e-17 1e-20
8231.3648 2.40999e-17 1e-20
8232.0594 2.32857e-17 1e-20
8232.754 2.69459e-17 1e-20
8233.4486 2.96129e-17 1e-20
8234.1432 3.41683e-17 1e-20
8234.8378 4.42895e-17 1e-20
8235.5324 4.06955e-17 1e-20
8236.227 3.54803e-17 1e-20
8236.9215 3.42667e-17 1e-20
8237.6161 3.27796e-17 1e-20
8238.3107 3.23191e-17 1e-20
8239.0053 2.90735e-17 1e-20
8239.6999 2.4839e-17 1e-20
8240.3945 3.41786e-17 1e-20
8241.0891 2.80694e-17 1e-20
8241.7837 2.77063e-17 1e-20
8242.4783 3.16831e-17 1e-20
8243.1728 3.16746e-17 1e-20
8243.8674 4.33019e-17 1e-20
8244.562 3.86136e-17 1e-20
8245.2566 3.1948e-17 1e-20
8245.9512 3.27823e-17 1e-20
8246.6458 2.42463e-17 1e-20
8247.3404 2.19556e-17 1e-20
8248.035 2.66369e-17 1e-20
8248.7295 3.53893e-17 1e-20
8249.4241 4.43753e-17 1e-20
8250.1187 3.08257e-17 1e-20
8250.8133 2.60973e-17 1e-20
8251.5079 3.9993e-17 1e-20
8252.2025 3.96301e-17 1e-20
8252.8971 3.96246e-17 1e-20
8253.5916 4.59632e-17 1e-20
8254.2862 4.43933e-17 1e-20
8254.9808 4.16009e-17 1e-20
8255.6754 3.31323e-17 1e-20
8256.37 3.29872e-17 1e-20
8257.0646 3.24517e-17 1e-20
8257.7592 4.05858e-17 1e-20
8258.4538 4.22259e-17 1e-20
8259.1483 4.07801e-17 1e-20
8259.8429 2.52813e-17 1e-20
8260.5375 2.07711e-17 1e-20
8261.2321 3.58252e-17 1e-20
8261.9267 3.87925e-17 1e-20
8262.6213 3.35502e-17 1e-20
8263.3159 3.48563e-17 1e-20
8264.0105 3.88291e-17 1e-20
8264.7051 3.74032e-17 1e-20
8265.3996 3.72297e-17 1e-20
8266.0942 4.25359e-17 1e-20
8266.7888 2.94013e-17 1e-20
8267.4834 2.13316e-17 1e-20
8268.178 1.18252e-17 1e-20
8268.8726 2.58624e-17 1e-20
8269.5672 3.57761e-17 1e-20
8270.2618 3.96017e-17 1e-20
8270.9563 3.91885e-17 1e-20
8271.6509 2.16334e-17 1e-20
8272.3455 2.37819e-17 1e-20
8273.0401 3.41818e-17 1e-20
8273.7347 4.05711e-17 1e-20
8274.4293 4.35179e-17 1e-20
8275.1239 2.6131e-17 1e-20
8275.8184 2.29645e-17 1e-20
8276.513 2.71187e-17 1e-20
8277.2076 2.47411e-17 1e-20
8277.9022 3.66231e-17 1e-20
8278.5968 4.72276e-17 1e-20
8279.2914 4.52064e-17 1e-20
8279.986 3.83003e-17 1e-20
8280.6806 3.73616e-17 1e-20
8281.3752 3.69128e-17 1e-20
8282.0697 2.865e-17 1e-20
8282.7643 2.59648e-17 1e-20
8283.4589 3.79516e-17 1e-20
8284.1535 3.40679e-17 1e-20
8284.8481 3.56334e-17 1e-20
8285.5427 3.8861e-17 1e-20
8286.2373 3.56554e-17 1e-20
8286.9319 2.88513e-17 1e-20
8287.6264 3.22349e-17 1e-20
8288.321 4.20884e-17 1e-20
8289.0156 3.86408e-17 1e-20
8289.7102 3.15317e-17 1e-20
8290.4048 3.33355e-17 1e-20
8291.0994 3.16446e-17 1e-20
8291.794 3.21962e-17 1e-20
8292.4886 4.06525e-17 1e-20
8293.1831 4.03758e-17 1e-20
8293.8777 4.17619e-17 1e-20
8294.5723 4.98768e-17 1e-20
8295.2669 4.31245e-17 1e-20
8295.9615 3.41139e-17 1e-20
8296.6561 3.48446e-17 1e-20
8297.3507 4.39441e-17 1e-20
8298.0453 4.30964e-17 1e-20
8298.7398 4.81244e-17 1e-20
8299.4344 4.12711e-17 1e-20
8300.129 4.10259e-17 1e-20
8300.8236 4.18105e-17 1e-20
8301.5182 5.50133e-17 1e-20
8302.2128 6.28018e-17 1e-20
8302.9074 3.72121e-17 1e-20
8303.602 3.06578e-17 1e-20
8304.2965 4.61173e-17 1e-20
8304.9911 3.35111e-17 1e-20
8305.6857 2.97489e-17 1e-20
8306.3803 4.76404e-17 1e-20
8307.0749 4.79315e-17 1e-20
8307.7695 3.53783e-17 1e-20
8308.4641 3.1094e-17 1e-20
8309.1587 4.25423e-17 1e-20
8309.8532 5.55257e-17 1e-20
8310.5478 4.85357e-17 1e-20
8311.2424 4.2994e-17 1e-20
8311.937 4.63471e-17 1e-20
8312.6316 4.1175e-17 1e-20
8313.3262 3.83828e-17 1e-20
8314.0208 5.58325e-17 1e-20
8314.7154 5.2539e-17 1e-20
8315.4099 3.58062e-17 1e-20
8316.1045 3.0691e-17 1e-20
8316.7991 4.84376e-17 1e-20
8317.4937 5.28831e-17 1e-20
8318.1883 3.74881e-17 1e-20
8318.8829 3.31143e-17 1e-20
8319.5775 2.57338e-17 1e-20
8320.2721 2.81444e-17 1e-20
8320.9666 3.35969e-17 1e-20
8321.6612 4.0271e-17 1e-20
8322.3558 4.84401e-17 1e-20
8323.0504 5.59743e-17 1e-20
8323.745 4.97722e-17 1e-20
8324.4396 3.95091e-17 1e-20
8325.1342 4.98072e-17 1e-20
8325.8288 4.76812e-17 1e-20
8326.5233 3.32027e-17 1e-20
8327.2179 2.90004e-17 1e-20
8327.9125 5.11295e-17 1e-20
8328.6071 6.10268e-17 1e-20
8329.3017 5.20378e-17 1e-20
8329.9963 3.27117e-17 1e-20
8330.6909 4.23115e-17 1e-20
8331.3855 4.13856e-17 1e-20
8332.08 4.53062e-17 1e-20
8332.7746 5.28858e-17 1e-20
8333.4692 4.85864e-17 1e-20
8334.1638 3.22592e-17 1e-20
8334.8584 3.60665e-17 1e-20
8335.553 4.6561e-17 1e-20
8336.2476 6.40673e-17 1e-20
8336.9422 7.53214e-17 1e-20
8337.6367 6.24544e-17 1e-20
8338.3313 4.48004e-17 1e-20
8339.0259 5.66167e-17 1e-20
8339.7205 6.30843e-17 1e-20
8340.4151 4.67748e-17 1e-20
8341.1097 5.29778e-17 1e-20
8341.8043 4.20443e-17 1e-20
8342.4989 4.45663e-17 1e-20
8343.1934 6.05277e-17 1e-20
8343.888 6.24564e-17 1e-20
8344.5826 5.12155e-17 1e-20
8345.2772 3.81513e-17 1e-20
8345.9718 3.66955e-17 1e-20
8346.6664 3.61851e-17 1e-20
8347.361 5.38501e-17 1e-20
8348.0556 6.38636e-17 1e-20
8348.7501 4.73323e-17 1e-20
8349.4447 5.01819e-17 1e-20
8350.1393 6.3768e-17 1e-20
8350.8339 6.07278e-17 1e-20
8351.5285 4.90689e-17 1e-20
8352.2231 5.0872e-17 1e-20
8352.9177 5.99025e-17 1e-20
8353.6123 5.55448e-17 1e-20
8354.3068 4.36578e-17 1e-20
8355.0014 4.89523e-17 1e-20
8355.696 5.70672e-17 1e-20
8356.3906 5.34773e-17 1e-20
8357.0852 6.50907e-17 1e-20
8357.7798 6.68407e-17 1e-20
8358.4744 6.47177e-17 1e-20
8359.169 5.87697e-17 1e-20
8359.8635 5.90602e-17 1e-20
8360.5581 5.40345e-17 1e-20
8361.2527 4.55038e-17 1e-20
8361.9473 5.16802e-17 1e-20
8362.6419 6.4816e-17 1e-20
8363.3365 4.28109e-17 1e-20
8364.0311 3.81421e-17 1e-20
8364.7257 5.21284e-17 1e-20
8365.4203 5.3179e-17 1e-20
8366.1148 5.28983e-17 1e-20
8366.8094 5.77523e-17 1e-20
8367.504 5.60148e-17 1e-20
8368.1986 5.23046e-17 1e-20
8368.8932 4.71179e-17 1e-20
8369.5878 3.99859e-17 1e-20
8370.2824 4.53868e-17 1e-20
8370.9769 5.40807e-17 1e-20
8371.6715 5.20398e-17 1e-20
8372.3661 5.21802e-17 1e-20
8373.0607 4.9777e-17 1e-20
8373.7553 5.03961e-17 1e-20
8374.4499 6.64326e-17 1e-20
8375.1445 6.06377e-17 1e-20
8375.8391 5.74394e-17 1e-20
8376.5336 6.5018e-17 1e-20
8377.2282 6.3229e-17 1e-20
8377.9228 6.51948e-17 1e-20
8378.6174 5.64697e-17 1e-20
8379.312 6.12484e-17 1e-20
8380.0066 6.44e-17 1e-20
8380.7012 5.60852e-17 1e-20
8381.3958 4.85548e-17 1e-20
8382.0903 5.24781e-17 1e-20
8382.7849 5.71241e-17 1e-20
8383.4795 6.6791e-17 1e-20
8384.1741 7.39257e-17 1e-20
8384.8687 7.1401e-17 1e-20
8385.5633 7.19971e-17 1e-20
8386.2579 7.2216e-17 1e-20
8386.9525 7.14812e-17 1e-20
8387.6471 6.28605e-17 1e-20
8388.3416 5.26553e-17 1e-20
8389.0362 5.50465e-17 1e-20
8389.7308 6.63116e-17 1e-20
8390.4254 5.90887e-17 1e-20
8391.12 6.49075e-17 1e-20
8391.8146 6.79595e-17 1e-20
8392.5092 5.39688e-17 1e-20
8393.2037 5.78817e-17 1e-20
8393.8983 6.02175e-17 1e-20
8394.5929 4.79954e-17 1e-20
8395.2875 4.43309e-17 1e-20
8395.9821 6.14533e-17 1e-20
8396.6767 6.44707e-17 1e-20
8397.3713 5.49917e-17 1e-20
8398.0659 6.41016e-17 1e-20
8398.7604 6.72957e-17 1e-20
8399.455 6.35058e-17 1e-20
8400.1496 6.8162e-17 1e-20
8400.8442 6.07594e-17 1e-20
8401.5388 5.71947e-17 1e-20
8402.2334 6.80793e-17 1e-20
8402.928 6.89939e-17 1e-20
8403.6226 6.6651e-17 1e-20
8404.3172 6.84588e-17 1e-20
8405.0117 6.5661e-17 1e-20
8405.7063 7.27896e-17 1e-20
8406.4009 7.53435e-17 1e-20
8407.0955 6.38897e-17 1e-20
8407.7901 5.62087e-17 1e-20
8408.4847 6.86736e-17 1e-20
8409.1793 8.25821e-17 1e-20
8409.8739 7.6019e-17 1e-20
8410.5684 6.96097e-17 1e-20
8411.263 7.11636e-17 1e-20
8411.9576 6.67347e-17 1e-20
8412.6522 6.56357e-17 1e-20
8413.3468 6.32844e-17 1e-20
8414.0414 6.72275e-17 1e-20
8414.736 7.4889e-17 1e-20
8415.4306 6.32953e-17 1e-20
8416.1251 5.72593e-17 1e-20
8416.8197 7.90377e-17 1e-20
8417.5143 9.12086e-17 1e-20
8418.2089 7.67442e-17 1e-20
8418.9035 7.42778e-17 1e-20
8419.5981 8.6959e-17 1e-20
8420.2927 8.71907e-17 1e-20
8420.9872 7.52289e-17 1e-20
8421.6818 9.16776e-17 1e-20
8422.3764 8.59714e-17 1e-20
8423.071 7.61847e-17 1e-20
8423.7656 7.60879e-17 1e-20
8424.4602 8.35448e-17 1e-20
8425.1548 7.22066e-17 1e-20
8425.8494 8.00383e-17 1e-20
8426.544 9.27667e-17 1e-20
8427.2385 8.97338e-17 1e-20
8427.9331 7.79575e-17 1e-20
8428.6277 7.56678e-17 1e-20
8429.3223 7.32052e-17 1e-20
8430.0169 7.22703e-17 1e-20
8430.7115 8.12849e-17 1e-20
8431.4061 7.93727e-17 1e-20
8432.1007 8.06238e-17 1e-20
8432.7952 9.69545e-17 1e-20
8433.4898 9.39451e-17 1e-20
8434.1844 8.05315e-17 1e-20
8434.879 8.76159e-17 1e-20
8435.5736 9.2487e-17 1e-20
8436.2682 8.02175e-17 1e-20
8436.9628 7.12092e-17 1e-20
8437.6574 8.16821e-17 1e-20
8438.3519 9.59144e-17 1e-20
8439.0465 9.739e-17 1e-20
8439.7411 9.19071e-17 1e-20
8440.4357 8.65846e-17 1e-20
8441.1303 9.41818e-17 1e-20
8441.8249 9.76381e-17 1e-20
8442.5195 9.55835e-17 1e-20
8443.214 9.44257e-17 1e-20
8443.9086 9.32588e-17 1e-20
8444.6032 9.1463e-17 1e-20
8445.2978 8.81328e-17 1e-20
8445.9924 9.25325e-17 1e-20
8446.687 9.54002e-17 1e-20
8447.3816 8.94787e-17 1e-20
8448.0762 9.20786e-17 1e-20
8448.7708 8.80819e-17 1e-20
8449.4653 8.10417e-17 1e-20
8450.1599 8.06367e-17 1e-20
8450.8545 9.36337e-17 1e-20
8451.5491 1.00488e-16 1e-20
8452.2437 9.36106e-17 1e-20
8452.9383 9.43382e-17 1e-20
8453.6329 9.89256e-17 1e-20
8454.3275 9.15614e-17 1e-20
8455.022 1.05364e-16 1e-20
8455.7166 9.07234e-17 1e-20
8456.4112 8.73572e-17 1e-20
8457.1058 1.02228e-16 1e-20
8457.8004 9.52017e-17 1e-20
8458.495 9.27809e-17 1e-20
8459.1896 9.05816e-17 1e-20
8459.8842 8.54968e-17 1e-20
8460.5787 9.45572e-17 1e-20
8461.2733 9.70379e-17 1e-20
8461.9679 9.11836e-17 1e-20
8462.6625 9.35167e-17 1e-20
8463.3571 1.01676e-16 1e-20
8464.0517 1.08628e-16 1e-20
8464.7463 1.01727e-16 1e-20
8465.4409 9.32465e-17 1e-20
8466.1354 8.88307e-17 1e-20
8466.83 8.67871e-17 1e-20
8467.5246 9.2523e-17 1e-20
8468.2192 9.34478e-17 1e-20
8468.9138 9.41879e-17 1e-20
8469.6084 9.46405e-17 1e-20
8470.303 1.0438e-16 1e-20
8470.9976 1.17339e-16 1e-20
8471.6921 1.11762e-16 1e-20
8472.3867 8.43049e-17 1e-20
8473.0813 8.10324e-17 1e-20
8473.7759 1.03652e-16 1e-20
8474.4705 1.15817e-16 1e-20
8475.1651 1.1182e-16 1e-20
8475.8597 1.03976e-16 1e-20
8476.5543 9.8458e-17 1e-20
8477.2488 9.39122e-17 1e-20
8477.9434 9.19575e-17 1e-20
8478.638 9.71962e-17 1e-20
8479.3326 1.02618e-16 1e-20
8480.0272 1.03945e-16 1e-20
8480.7218 1.06582e-16 1e-20
8481.4164 1.11613e-16 1e-20
8482.111 9.63717e-17 1e-20
8482.8055 9.06373e-17 1e-20
8483.5001 9.58985e-17 1e-20
8484.1947 1.01886e-16 1e-20
8484.8893 1.09148e-16 1e-20
8485.5839 1.05679e-16 1e-20
8486.2785 1.08317e-16 1e-20
8486.9731 1.18893e-16 1e-20
8487.6677 1.09723e-16 1e-20
8488.3622 9.28139e-17 1e-20
8489.0568 9.32484e-17 1e-20
8489.7514 9.8872e-17 1e-20
8490.446 1.03806e-16 1e-20
8491.1406 1.18044e-16 1e-20
8491.8352 1.21164e-16 1e-20
8492.5298 1.09456e-16 1e-20
8493.2244 1.05979e-16 1e-20
8493.9189 9.71256e-17 1e-20
8494.6135 8.92812e-17 1e-20
8495.3081 1.00237e-16 1e-20
8496.0027 1.05865e-16 1e-20
8496.6973 1.03419e-16 1e-20
8497.3919 1.02499e-16 1e-20
8498.0865 1.04567e-16 1e-20
8498.7811 1.07718e-16 1e-20
8499.4756 1.14662e-16 1e-20
8500.1702 1.14935e-16 1e-20
8500.8648 1.09357e-16 1e-20
8501.5594 1.08862e-16 1e-20
8502.254 1.08947e-16 1e-20
8502.9486 1.17372e-16 1e-20
8503.6432 1.21069e-16 1e-20
8504.3378 9.59896e-17 1e-20
8505.0323 9.03936e-17 1e-20
8505.7269 9.95554e-17 1e-20
8506.4215 9.23445e-17 1e-20
8507.1161 9.56296e-17 1e-20
8507.8107 1.16794e-16 1e-20
8508.5053 1.31962e-16 1e-20
8509.1999 1.27046e-16 1e-20
8509.8945 1.16648e-16 1e-20
8510.589 9.95065e-17 1e-20
8511.2836 9.62731e-17 1e-20
8511.9782 1.10731e-16 1e-20
8512.6728 1.11164e-16 1e-20
8513.3674 1.09783e-16 1e-20
8514.062 1.12481e-16 1e-20
8514.7566 1.16401e-16 1e-20
8515.4512 1.17027e-16 1e-20
8516.1457 1.01837e-16 1e-20
8516.8403 1.08477e-16 1e-20
8517.5349 1.06433e-16 1e-20
8518.2295 9.72758e-17 1e-20
8518.9241 1.08927e-16 1e-20
8519.6187 1.19653e-16 1e-20
8520.3133 1.1871e-16 1e-20
8521.0079 1.20966e-16 1e-20
8521.7024 1.21189e-16 1e-20
8522.397 1.18966e-16 1e-20
8523.0916 1.21379e-16 1e-20
8523.7862 1.18216e-16 1e-20
8524.4808 1.12833e-16 1e-20
8525.1754 1.08694e-16 1e-20
8525.87 9.77892e-17 1e-20
8526.5646 1.00923e-16 1e-20
8527.2591 1.133e-16 1e-20
8527.9537 1.14502e-16 1e-20
8528.6483 1.19628e-16 1e-20
8529.3429 1.07488e-16 1e-20
8530.0375 1.0213e-16 1e-20
8530.7321 1.10453e-16 1e-20
8531.4267 1.03575e-16 1e-20
8532.1213 1.00305e-16 1e-20
8532.8158 1.12244e-16 1e-20
8533.5104 1.16339e-16 1e-20
8534.205 1.07603e-16 1e-20
8534.8996 1.17539e-16 1e-20
8535.5942 1.20235e-16 1e-20
8536.2888 1.0061e-16 1e-20
8536.9834 9.15215e-17 1e-20
8537.678 1.17e-16 1e-20
8538.3725 1.35614e-16 1e-20
8539.0671 1.14286e-16 1e-20
8539.7617 9.91368e-17 1e-20
8540.4563 1.00763e-16 1e-20
8541.1509 1.36442e-16 1e-20
8541.8455 1.43604e-16 1e-20
8542.5401 1.31532e-16 1e-20
8543.2347 1.25081e-16 1e-20
8543.9292 1.2506e-16 1e-20
8544.6238 1.24962e-16 1e-20
8545.3184 1.41487e-16 1e-20
8546.013 1.22917e-16 1e-20
8546.7076 1.01827e-16 1e-20
8547.4022 1.07496e-16 1e-20
8548.0968 1.19741e-16 1e-20
8548.7914 1.1224e-16 1e-20
8549.486 1.03718e-16 1e-20
8550.1805 1.16246e-16 1e-20
8550.8751 1.15483e-16 1e-20
8551.5697 1.06724e-16 1e-20
8552.2643 1.0512e-16 1e-20
8552.9589 1.01643e-16 1e-20
8553.6535 1.07546e-16 1e-20
8554.3481 1.1936e-16 1e-20
8555.0427 1.28402e-16 1e-20
8555.7372 1.2582e-16 1e-20
8556.4318 1.2568e-16 1e-20
8557.1264 1.37402e-16 1e-20
8557.821 1.18673e-16 1e-20
8558.5156 1.04533e-16 1e-20
8559.2102 1.11703e-16 1e-20
8559.9048 1.1605e-16 1e-20
8560.5993 1.18531e-16 1e-20
8561.2939 1.26304e-16 1e-20
8561.9885 1.18568e-16 1e-20
8562.6831 1.14611e-16 1e-20
8563.3777 1.09767e-16 1e-20
8564.0723 1.01415e-16 1e-20
8564.7669 1.04953e-16 1e-20
8565.4615 1.11139e-16 1e-20
8566.156 1.2498e-16 1e-20
8566.8506 1.2429e-16 1e-20
8567.5452 1.05442e-16 1e-20
8568.2398 1.07174e-16 1e-20
8568.9344 1.09455e-16 1e-20
8569.629 9.74971e-17 1e-20
8570.3236 1.10194e-16 1e-20
8571.0182 1.27912e-16 1e-20
8571.7128 1.18527e-16 1e-20
8572.4073 1.21192e-16 1e-20
8573.1019 1.24043e-16 1e-20
8573.7965 1.26355e-16 1e-20
8574.4911 1.1637e-16 1e-20
8575.1857 1.16671e-16 1e-20
8575.8803 1.25796e-16 1e-20
8576.5749 1.18079e-16 1e-20
8577.2695 1.18958e-16 1e-20
8577.964 1.03986e-16 1e-20
8578.6586 9.83429e-17 1e-20
8579.3532 1.14903e-16 1e-20
8580.0478 1.22901e-16 1e-20
8580.7424 1.15813e-16 1e-20
8581.437 1.16553e-16 1e-20
8582.1316 1.21379e-16 1e-20
8582.8261 1.2223e-16 1e-20
8583.5207 1.09302e-16 1e-20
8584.2153 1.03234e-16 1e-20
8584.9099 1.25586e-16 1e-20
8585.6045 1.23872e-16 1e-20
8586.2991 1.10557e-16 1e-20
8586.9937 1.14239e-16 1e-20
8587.6883 1.21363e-16 1e-20
8588.3828 1.32465e-16 1e-20
8589.0774 1.28993e-16 1e-20
8589.772 1.3457e-16 1e-20
8590.4666 1.21277e-16 1e-20
8591.1612 1.10661e-16 1e-20
8591.8558 1.14756e-16 1e-20
8592.5504 1.07022e-16 1e-20
8593.245 1.19823e-16 1e-20
8593.9396 1.28681e-16 1e-20
8594.6341 1.19202e-16 1e-20
8595.3287 1.08851e-16 1e-20
8596.0233 1.02475e-16 1e-20
8596.7179 1.17953e-16 1e-20
8597.4125 1.3324e-16 1e-20
8598.1071 1.17328e-16 1e-20
8598.8017 1.01409e-16 1e-20
8599.4963 1.07988e-16 1e-20
8600.1908 1.1411e-16 1e-20
8600.8854 1.06916e-16 1e-20
8601.58 1.09246e-16 1e-20
8602.2746 1.19478e-16 1e-20
8602.9692 1.09468e-16 1e-20
8603.6638 1.18881e-16 1e-20
8604.3584 1.06402e-16 1e-20
8605.0529 1.12173e-16 1e-20
8605.7475 1.21677e-16 1e-20
8606.4421 1.22054e-16 1e-20
8607.1367 1.14621e-16 1e-20
8607.8313 1.25883e-16 1e-20
8608.5259 1.16525e-16 1e-20
8609.2205 1.13416e-16 1e-20
8609.9151 1.1134e-16 1e-20
8610.6097 1.11891e-16 1e-20
8611.3042 1.16542e-16 1e-20
8611.9988 1.29437e-16 1e-20
8612.6934 1.25569e-16 1e-20
8613.388 1.17822e-16 1e-20
8614.0826 1.22223e-16 1e-20
8614.7772 1.0291e-16 1e-20
8615.4718 8.27877e-17 1e-20
8616.1664 9.80292e-17 1e-20
8616.8609 1.23684e-16 1e-20
8617.5555 1.15764e-16 1e-20
8618.2501 1.19094e-16 1e-20
8618.9447 1.18322e-16 1e-20
8619.6393 1.09127e-16 1e-20
8620.3339 1.12835e-16 1e-20
8621.0285 1.13983e-16 1e-20
8621.7231 1.17256e-16 1e-20
8622.4176 1.25697e-16 1e-20
8623.1122 1.27007e-16 1e-20
8623.8068 1.10128e-16 1e-20
8624.5014 1.12815e-16 1e-20
8625.196 1.2986e-16 1e-20
8625.8906 1.14268e-16 1e-20
8626.5852 1.09332e-16 1e-20
8627.2798 1.19251e-16 1e-20
8627.9743 1.11457e-16 1e-20
8628.6689 1.0269e-16 1e-20
8629.3635 1.0759e-16 1e-20
8630.0581 1.12571e-16 1e-20
8630.7527 1.14919e-16 1e-20
8631.4473 1.1306e-16 1e-20
8632.1419 9.32563e-17 1e-20
8632.8365 9.36609e-17 1e-20
8633.531 9.55642e-17 1e-20
8634.2256 1.07241e-16 1e-20
8634.9202 1.14566e-16 1e-20
8635.6148 1.27577e-16 1e-20
8636.3094 1.19403e-16 1e-20
8637.004 1.10062e-16 1e-20
8637.6986 9.34863e-17 1e-20
8638.3932 9.84634e-17 1e-20
8639.0877 8.5406e-17 1e-20
8639.7823 9.25365e-17 1e-20
8640.4769 1.00552e-16 1e-20
8641.1715 8.28268e-17 1e-20
8641.8661 8.72145e-17 1e-20
8642.5607 1.07598e-16 1e-20
8643.2553 1.0435e-16 1e-20
8643.9499 9.98477e-17 1e-20
8644.6444 1.10529e-16 1e-20
8645.339 1.20977e-16 1e-20
8646.0336 1.18998e-16 1e-20
8646.7282 1.04792e-16 1e-20
8647.4228 1.06144e-16 1e-20
8648.1174 1.14079e-16 1e-20
8648.812 1.18009e-16 1e-20
8649.5066 1.01864e-16 1e-20
8650.2011 9.70649e-17 1e-20
8650.8957 1.04088e-16 1e-20
8651.5903 1.07037e-16 1e-20
8652.2849 1.27584e-16 1e-20
8652.9795 1.05932e-16 1e-20
8653.6741 1.0617e-16 1e-20
8654.3687 1.12733e-16 1e-20
8655.0633 1.07197e-16 1e-20
8655.7578 1.15884e-16 1e-20
8656.4524 1.19066e-16 1e-20
8657.147 1.2255e-16 1e-20
8657.8416 1.14482e-16 1e-20
8658.5362 9.84435e-17 1e-20
8659.2308 8.82538e-17 1e-20
8659.9254 8.14178e-17 1e-20
8660.62 9.45423e-17 1e-20
8661.3145 1.05646e-16 1e-20
8662.0091 9.25156e-17 1e-20
8662.7037 9.27603e-17 1e-20
8663.3983 1.09702e-16 1e-20
8664.0929 9.75229e-17 1e-20
8664.7875 9.94852e-17 1e-20
8665.4821 1.1107e-16 1e-20
8666.1767 1.01931e-16 1e-20
8666.8712 1.16235e-16 1e-20
8667.5658 1.26353e-16 1e-20
8668.2604 1.10101e-16 1e-20
8668.955 8.96385e-17 1e-20
8669.6496 1.01142e-16 1e-20
8670.3442 9.38106e-17 1e-20
8671.0388 1.03564e-16 1e-20
8671.7334 1.03768e-16 1e-20
8672.4279 9.86582e-17 1e-20
8673.1225 1.04215e-16 1e-20
8673.8171 1.03112e-16 1e-20
8674.5117 1.04834e-16 1e-20
8675.2063 1.15027e-16 1e-20
8675.9009 1.15987e-16 1e-20
8676.5955 1.05369e-16 1e-20
8677.2901 1.04025e-16 1e-20
8677.9846 1.00478e-16 1e-20
8678.6792 9.63194e-17 1e-20
8679.3738 1.15389e-16 1e-20
8680.0684 1.19827e-16 1e-20
8680.763 1.04424e-16 1e-20
8681.4576 1.04716e-16 1e-20
8682.1522 9.5508e-17 1e-20
8682.8468 9.76241e-17 1e-20
8683.5413 1.00508e-16 1e-20
8684.2359 1.04463e-16 1e-20
8684.9305 9.99198e-17 1e-20
8685.6251 1.04171e-16 1e-20
8686.3197 1.18918e-16 1e-20
8687.0143 1.16252e-16 1e-20
8687.7089 9.66581e-17 1e-20
8688.4035 8.7813e-17 1e-20
8689.098 9.62279e-17 1e-20
8689.7926 1.0497e-16 1e-20
8690.4872 1.01572e-16 1e-20
8691.1818 9.91143e-17 1e-20
8691.8764 1.12736e-16 1e-20
8692.571 1.17714e-16 1e-20
8693.2656 1.05854e-16 1e-20
8693.9602 1.0552e-16 1e-20
8694.6548 1.02586e-16 1e-20
8695.3493 1.03601e-16 1e-20
8696.0439 1.07749e-16 1e-20
8696.7385 1.10312e-16 1e-20
8697.4331 9.10066e-17 1e-20
8698.1277 1.0089e-16 1e-20
8698.8223 1.01304e-16 1e-20
8699.5169 8.84432e-17 1e-20
8700.2114 9.6121e-17 1e-20
8700.906 1.06667e-16 1e-20
8701.6006 1.15274e-16 1e-20
8702.2952 9.92955e-17 1e-20
8702.9898 8.89671e-17 1e-20
8703.6844 1.04612e-16 1e-20
8704.379 1.03534e-16 1e-20
8705.0736 8.69794e-17 1e-20
8705.7681 8.45589e-17 1e-20
8706.4627 9.10229e-17 1e-20
8707.1573 9.99919e-17 1e-20
8707.8519 9.70707e-17 1e-20
8708.5465 7.954e-17 1e-20
8709.2411 9.42024e-17 1e-20
8709.9357 1.17071e-16 1e-20
8710.6303 9.76729e-17 1e-20
8711.3248 9.54214e-17 1e-20
8712.0194 1.00913e-16 1e-20
8712.714 9.0047e-17 1e-20
8713.4086 9.80874e-17 1e-20
8714.1032 1.08129e-16 1e-20
8714.7978 1.17284e-16 1e-20
8715.4924 1.20785e-16 1e-20
8716.187 1.11873e-16 1e-20
8716.8816 9.82387e-17 1e-20
8717.5761 8.81829e-17 1e-20
8718.2707 8.75612e-17 1e-20
8718.9653 9.5451e-17 1e-20
8719.6599 1.1334e-16 1e-20
8720.3545 1.18768e-16 1e-20
8721.0491 1.03947e-16 1e-20
8721.7437 1.02666e-16 1e-20
8722.4382 1.00122e-16 1e-20
8723.1328 9.4238e-17 1e-20
8723.8274 1.11993e-16 1e-20
8724.522 1.0436e-16 1e-20
8725.2166 9.80848e-17 1e-20
8725.9112 8.39903e-17 1e-20
8726.6058 9.24442e-17 1e-20
8727.3004 1.08797e-16 1e-20
8727.9949 1.05117e-16 1e-20
8728.6895 1.00503e-16 1e-20
8729.3841 1.01061e-16 1e-20
8730.0787 9.15735e-17 1e-20
8730.7733 8.90935e-17 1e-20
8731.4679 1.09697e-16 1e-20
8732.1625 1.07803e-16 1e-20
8732.8571 1.01325e-16 1e-20
8733.5517 9.37237e-17 1e-20
8734.2462 1.00591e-16 1e-20
8734.9408 1.04143e-16 1e-20
8735.6354 8.84445e-17 1e-20
8736.33 9.28624e-17 1e-20
8737.0246 9.5436e-17 1e-20
8737.7192 7.91888e-17 1e-20
8738.4138 8.20054e-17 1e-20
8739.1084 9.73718e-17 1e-20
8739.8029 1.03437e-16 1e-20
8740.4975 1.0249e-16 1e-20
8741.1921 1.09204e-16 1e-20
8741.8867 1.13596e-16 1e-20
8742.5813 1.23562e-16 1e-20
8743.2759 9.69428e-17 1e-20
8743.9705 8.16777e-17 1e-20
8744.6651 9.35431e-17 1e-20
8745.3596 9.04613e-17 1e-20
8746.0542 8.57726e-17 1e-20
8746.7488 8.77185e-17 1e-20
8747.4434 1.07436e-16 1e-20
8748.138 1.20198e-16 1e-20
8748.8326 1.057e-16 1e-20
8749.5272 9.08149e-17 1e-20
8750.2217 9.36591e-17 1e-20
8750.9163 9.50826e-17 1e-20
8751.6109 9.28397e-17 1e-20
8752.3055 9.28012e-17 1e-20
8753.0001 9.64169e-17 1e-20
8753.6947 1.04092e-16 1e-20
8754.3893 8.7278e-17 1e-20
8755.0839 8.12758e-17 1e-20
8755.7785 9.26356e-17 1e-20
8756.473 9.50737e-17 1e-20
8757.1676 1.00167e-16 1e-20
8757.8622 9.36323e-17 1e-20
8758.5568 9.62114e-17 1e-20
8759.2514 1.01218e-16 1e-20
8759.946 9.2823e-17 1e-20
8760.6406 1.03044e-16 1e-20
8761.3352 1.03505e-16 1e-20
8762.0297 9.4767e-17 1e-20
8762.7243 9.21524e-17 1e-20
8763.4189 9.06677e-17 1e-20
8764.1135 9.16292e-17 1e-20
8764.8081 9.07004e-17 1e-20
8765.5027 8.54849e-17 1e-20
8766.1973 9.83229e-17 1e-20
8766.8919 9.45166e-17 1e-20
8767.5864 8.08188e-17 1e-20
8768.281 9.67308e-17 1e-20
8768.9756 8.25405e-17 1e-20
8769.6702 8.18302e-17 1e-20
8770.3648 8.51375e-17 1e-20
8771.0594 6.86181e-17 1e-20
8771.754 8.77142e-17 1e-20
8772.4485 9.46499e-17 1e-20
8773.1431 1.00802e-16 1e-20
8773.8377 9.14547e-17 1e-20
8774.5323 8.13242e-17 1e-20
8775.2269 7.77692e-17 1e-20
8775.9215 9.93026e-17 1e-20
8776.6161 1.09027e-16 1e-20
8777.3107 1.07955e-16 1e-20
8778.0053 8.86838e-17 1e-20
8778.6998 9.1089e-17 1e-20
8779.3944 8.14289e-17 1e-20
8780.089 7.05935e-17 1e-20
8780.7836 9.08662e-17 1e-20
8781.4782 9.59327e-17 1e-20
8782.1728 8.48145e-17 1e-20
8782.8674 7.89884e-17 1e-20
8783.562 7.53573e-17 1e-20
8784.2565 9.09806e-17 1e-20
8784.9511 1.06369e-16 1e-20
8785.6457 9.83158e-17 1e-20
8786.3403 9.05536e-17 1e-20
8787.0349 8.44644e-17 1e-20
8787.7295 9.17849e-17 1e-20
8788.4241 1.1003e-16 1e-20
8789.1187 9.96994e-17 1e-20
8789.8132 8.76622e-17 1e-20
8790.5078 9.8413e-17 1e-20
8791.2024 7.85487e-17 1e-20
8791.897 7.76589e-17 1e-20
8792.5916 6.68925e-17 1e-20
8793.2862 8.62403e-17 1e-20
8793.9808 1.05352e-16 1e-20
8794.6754 9.13084e-17 1e-20
8795.3699 6.62501e-17 1e-20
8796.0645 7.62916e-17 1e-20
8796.7591 1.06958e-16 1e-20
8797.4537 9.97135e-17 1e-20
8798.1483 7.64498e-17 1e-20
8798.8429 6.65375e-17 1e-20
8799.5375 6.79353e-17 1e-20
8800.2321 8.30338e-17 1e-20
8800.9266 9.58096e-17 1e-20
8801.6212 1.02412e-16 1e-20
8802.3158 1.00321e-16 1e-20
8803.0104 9.0427e-17 1e-20
8803.705 8.95652e-17 1e-20
8804.3996 9.70117e-17 1e-20
8805.0942 7.38079e-17 1e-20
8805.7888 8.06477e-17 1e-20
8806.4833 8.80248e-17 1e-20
8807.1779 8.61735e-17 1e-20
8807.8725 7.67909e-17 1e-20
8808.5671 8.81251e-17 1e-20
8809.2617 1.02598e-16 1e-20
8809.9563 1.05789e-16 1e-20
8810.6509 9.12429e-17 1e-20
8811.3455 7.91764e-17 1e-20
8812.04 8.83343e-17 1e-20
8812.7346 9.64888e-17 1e-20
8813.4292 8.70248e-17 1e-20
8814.1238 8.42225e-17 1e-20
8814.8184 9.18819e-17 1e-20
8815.513 7.24768e-17 1e-20
8816.2076 8.08281e-17 1e-20
8816.9022 8.98437e-17 1e-20
8817.5967 8.75541e-17 1e-20
8818.2913 8.79041e-17 1e-20
8818.9859 8.73858e-17 1e-20
8819.6805 8.22524e-17 1e-20
8820.3751 8.1804e-17 1e-20
8821.0697 8.3769e-17 1e-20
8821.7643 8.44515e-17 1e-20
8822.4589 8.28441e-17 1e-20
8823.1534 8.23672e-17 1e-20
8823.848 8.47498e-17 1e-20
8824.5426 8.29863e-17 1e-20
8825.2372 8.37417e-17 1e-20
8825.9318 9.12763e-17 1e-20
8826.6264 9.10577e-17 1e-20
8827.321 9.1313e-17 1e-20
8828.0156 8.83499e-17 1e-20
8828.7101 8.97512e-17 1e-20
8829.4047 1.00214e-16 1e-20
8830.0993 8.04984e-17 1e-20
8830.7939 7.4742e-17 1e-20
8831.4885 7.83715e-17 1e-20
8832.1831 8.52416e-17 1e-20
8832.8777 9.87979e-17 1e-20
8833.5723 7.53321e-17 1e-20
8834.2668 5.62978e-17 1e-20
8834.9614 6.27944e-17 1e-20
8835.656 6.8739e-17 1e-20
8836.3506 5.90349e-17 1e-20
8837.0452 4.87164e-17 1e-20
8837.7398 6.3601e-17 1e-20
8838.4344 6.89802e-17 1e-20
8839.129 6.46023e-17 1e-20
8839.8235 6.44451e-17 1e-20
8840.5181 6.83443e-17 1e-20
8841.2127 7.68803e-17 1e-20
8841.9073 7.64796e-17 1e-20
8842.6019 6.80873e-17 1e-20
8843.2965 6.03259e-17 1e-20
8843.9911 5.52906e-17 1e-20
8844.6857 6.22165e-17 1e-20
8845.3802 6.45937e-17 1e-20
8846.0748 5.89289e-17 1e-20
8846.7694 6.10069e-17 1e-20
8847.464 5.9502e-17 1e-20
8848.1586 6.69123e-17 1e-20
8848.8532 6.94718e-17 1e-20
8849.5478 7.06931e-17 1e-20
8850.2424 7.30928e-17 1e-20
8850.9369 7.49181e-17 1e-20
8851.6315 7.22604e-17 1e-20
8852.3261 7.68346e-17 1e-20
8853.0207 6.76955e-17 1e-20
8853.7153 4.74335e-17 1e-20
8854.4099 5.43189e-17 1e-20
8855.1045 7.24109e-17 1e-20
8855.7991 7.33066e-17 1e-20
8856.4936 6.10351e-17 1e-20
8857.1882 5.97679e-17 1e-20
8857.8828 7.01595e-17 1e-20
8858.5774 6.75118e-17 1e-20
8859.272 6.21604e-17 1e-20
8859.9666 6.34213e-17 1e-20
8860.6612 6.04644e-17 1e-20
8861.3558 6.73668e-17 1e-20
8862.0503 7.00798e-17 1e-20
8862.7449 6.91097e-17 1e-20
8863.4395 6.02576e-17 1e-20
8864.1341 7.19725e-17 1e-20
8864.8287 5.35207e-17 1e-20
8865.5233 5.65682e-17 1e-20
8866.2179 4.68835e-17 1e-20
8866.9125 5.16241e-17 1e-20
8867.607 6.04227e-17 1e-20
8868.3016 5.12842e-17 1e-20
8868.9962 6.3477e-17 1e-20
8869.6908 6.26146e-17 1e-20
8870.3854 4.87824e-17 1e-20
8871.08 4.87945e-17 1e-20
8871.7746 4.86814e-17 1e-20
8872.4692 4.45129e-17 1e-20
8873.1637 5.7318e-17 1e-20
8873.8583 6.47461e-17 1e-20
8874.5529 5.08978e-17 1e-20
8875.2475 5.07538e-17 1e-20
8875.9421 5.88789e-17 1e-20
8876.6367 5.45093e-17 1e-20
8877.3313 4.17339e-17 1e-20
8878.0259 5.1429e-17 1e-20
8878.7205 4.02888e-17 1e-20
8879.415 5.28531e-17 1e-20
8880.1096 4.73997e-17 1e-20
8880.8042 5.21022e-17 1e-20
8881.4988 6.0272e-17 1e-20
8882.1934 5.42785e-17 1e-20
8882.888 4.93858e-17 1e-20
8883.5826 6.15431e-17 1e-20
8884.2772 5.82345e-17 1e-20
8884.9717 4.93653e-17 1e-20
8885.6663 5.22202e-17 1e-20
8886.3609 6.16232e-17 1e-20
8887.0555 6.16823e-17 1e-20
8887.7501 5.22979e-17 1e-20
8888.4447 4.73843e-17 1e-20
8889.1393 4.25196e-17 1e-20
8889.8338 3.99024e-17 1e-20
8890.5284 4.42647e-17 1e-20
8891.223 4.35084e-17 1e-20
8891.9176 4.54213e-17 1e-20
8892.6122 4.78206e-17 1e-20
8893.3068 5.32042e-17 1e-20
8894.0014 5.45966e-17 1e-20
8894.696 5.70684e-17 1e-20
8895.3905 6.12805e-17 1e-20
8896.0851 5.30569e-17 1e-20
8896.7797 3.44775e-17 1e-20
8897.4743 4.61222e-17 1e-20
8898.1689 4.98264e-17 1e-20
8898.8635 5.74798e-17 1e-20
8899.5581 6.65043e-17 1e-20
8900.2527 6.02751e-17 1e-20
8900.9473 3.76114e-17 1e-20
8901.6418 3.29338e-17 1e-20
8902.3364 5.05797e-17 1e-20
8903.031 4.81011e-17 1e-20
8903.7256 3.21668e-17 1e-20
8904.4202 3.81397e-17 1e-20
8905.1148 5.86162e-17 1e-20
8905.8094 8.63647e-17 1e-20
8906.504 9.11626e-17 1e-20
8907.1985 5.29121e-17 1e-20
8907.8931 5.58585e-17 1e-20
8908.5877 5.90012e-17 1e-20
8909.2823 2.89292e-17 1e-20
8909.9769 3.2507e-17 1e-20
8910.6715 4.64338e-17 1e-20
8911.3661 4.8799e-17 1e-20
8912.0606 5.30212e-17 1e-20
8912.7552 4.49017e-17 1e-20
8913.4498 3.08382e-17 1e-20
8914.1444 3.05052e-17 1e-20
8914.839 4.21223e-17 1e-20
8915.5336 5.57006e-17 1e-20
8916.2282 5.9412e-17 1e-20
8916.9228 5.64531e-17 1e-20
8917.6173 4.23302e-17 1e-20
8918.3119 3.68309e-17 1e-20
8919.0065 4.60941e-17 1e-20
8919.7011 4.83336e-17 1e-20
8920.3957 3.72477e-17 1e-20
8921.0903 2.14301e-17 1e-20
8921.7849 2.40672e-17 1e-20
8922.4795 2.89337e-17 1e-20
8923.1741 3.93143e-17 1e-20
8923.8686 5.49858e-17 1e-20
8924.5632 4.49667e-17 1e-20
8925.2578 4.6551e-17 1e-20
8925.9524 5.61265e-17 1e-20
8926.647 3.8776e-17 1e-20
8927.3416 2.10417e-17 1e-20
8928.0362 3.3706e-17 1e-20
8928.7308 4.95794e-17 1e-20
8929.4253 5.7581e-17 1e-20
8930.1199 4.53426e-17 1e-20
8930.8145 4.22169e-17 1e-20
8931.5091 6.06228e-17 1e-20
8932.2037 5.65794e-17 1e-20
8932.8983 5.25005e-17 1e-20
8933.5929 7.19196e-17 1e-20
8934.2874 5.87981e-17 1e-20
8934.982 3.5222e-17 1e-20
8935.6766 4.20487e-17 1e-20
8936.3712 4.03234e-17 1e-20
8937.0658 4.06676e-17 1e-20
8937.7604 4.70992e-17 1e-20
8938.455 5.19616e-17 1e-20
8939.1496 4.07931e-17 1e-20
8939.8442 4.60258e-17 1e-20
8940.5387 3.88745e-17 1e-20
8941.2333 3.91575e-17 1e-20
8941.9279 5.198e-17 1e-20
8942.6225 5.35295e-17 1e-20
8943.3171 4.50259e-17 1e-20
8944.0117 3.32413e-17 1e-20
8944.7063 4.17247e-17 1e-20
8945.4009 4.40451e-17 1e-20
8946.0954 4.38084e-17 1e-20
8946.79 6.07365e-17 1e-20
8947.4846 5.52849e-17 1e-20
8948.1792 4.60804e-17 1e-20
8948.8738 5.43432e-17 1e-20
8949.5684 5.01362e-17 1e-20
8950.263 4.51569e-17 1e-20
8950.9576 4.51017e-17 1e-20
8951.6521 3.58769e-17 1e-20
8952.3467 3.49345e-17 1e-20
8953.0413 4.87163e-17 1e-20
8953.7359 6.39403e-17 1e-20
8954.4305 4.71938e-17 1e-20
8955.1251 3.69882e-17 1e-20
8955.8197 3.45146e-17 1e-20
8956.5143 4.69014e-17 1e-20
8957.2088 4.00688e-17 1e-20
8957.9034 3.76976e-17 1e-20
8958.598 3.02314e-17 1e-20
8959.2926 2.87486e-17 1e-20
8959.9872 5.04977e-17 1e-20
8960.6818 6.09693e-17 1e-20
8961.3764 3.25562e-17 1e-20
8962.071 6.47848e-18 1e-20
8962.7655 3.96407e-17 1e-20
8963.4601 6.89672e-17 1e-20
8964.1547 6.31968e-17 1e-20
8964.8493 6.73644e-17 1e-20
8965.5439 5.54866e-17 1e-20
8966.2385 3.28391e-17 1e-20
8966.9331 3.96347e-17 1e-20
8967.6277 4.37264e-17 1e-20
8968.3222 4.59073e-17 1e-20
8969.0168 4.80832e-17 1e-20
8969.7114 5.09275e-17 1e-20
8970.406 5.1203e-17 1e-20
8971.1006 3.60747e-17 1e-20
8971.7952 2.05188e-17 1e-20
8972.4898 3.53007e-17 1e-20
8973.1844 6.80641e-17 1e-20
8973.8789 7.3832e-17 1e-20
8974.5735 5.4341e-17 1e-20
8975.2681 6.27056e-17 1e-20
8975.9627 5.29646e-17 1e-20
8976.6573 5.16714e-17 1e-20
8977.3519 3.07656e-17 1e-20
8978.0465 2.32689e-17 1e-20
8978.7411 4.86196e-17 1e-20
8979.4356 5.47423e-17 1e-20
8980.1302 4.55385e-17 1e-20
8980.8248 4.36477e-17 1e-20
8981.5194 4.69325e-17 1e-20
8982.214 5.11493e-17 1e-20
8982.9086 6.04389e-17 1e-20
8983.6032 6.42267e-17 1e-20
8984.2978 4.85437e-17 1e-20
8984.9923 5.08708e-17 1e-20
8985.6869 7.60565e-17 1e-20
8986.3815 7.73448e-17 1e-20
8987.0761 6.442e-17 1e-20
8987.7707 6.35671e-17 1e-20
8988.4653 6.26948e-17 1e-20
8989.1599 4.59825e-17 1e-20
8989.8545 6.05948e-17 1e-20
8990.549 6.41929e-17 1e-20
8991.2436 5.01702e-17 1e-20
8991.9382 6.38715e-17 1e-20
8992.6328 8.24665e-17 1e-20
8993.3274 6.81668e-17 1e-20
8994.022 5.7015e-17 1e-20
8994.7166 6.56742e-17 1e-20
8995.4112 5.91402e-17 1e-20
8996.1057 4.69456e-17 1e-20
8996.8003 4.90223e-17 1e-20
8997.4949 4.98107e-17 1e-20
8998.1895 5.06722e-17 1e-20
8998.8841 5.15465e-17 1e-20
8999.5787 5.24205e-17 1e-20
9000.2733 5.34163e-17 1e-20
9000.9679 5.32813e-17 1e-20
9001.6625 5.8526e-17 1e-20
9002.357 7.56756e-17 1e-20
9003.0516 3.99947e-17 1e-20
9003.7462 5.37471e-17 1e-20
9004.4408 5.70635e-17 1e-20
9005.1354 5.72457e-17 1e-20
9005.83 7.23989e-17 1e-20
9006.5246 8.4011e-17 1e-20
9007.2191 5.54783e-17 1e-20
9007.9137 5.58722e-17 1e-20
9008.6083 6.4887e-17 1e-20
9009.3029 4.98561e-17 1e-20
9009.9975 5.19536e-17 1e-20
9010.6921 4.47891e-17 1e-20
9011.3867 3.80227e-17 1e-20
9012.0813 4.4273e-17 1e-20
9012.7758 4.83143e-17 1e-20
9013.4704 7.83079e-17 1e-20
9014.165 6.41386e-17 1e-20
9014.8596 5.74465e-17 1e-20
9015.5542 3.30743e-17 1e-20
9016.2488 3.1964e-17 1e-20
9016.9434 5.65409e-17 1e-20
9017.638 5.73454e-17 1e-20
9018.3325 4.85096e-17 1e-20
9019.0271 4.26068e-17 1e-20
9019.7217 2.09741e-17 1e-20
9020.4163 3.95454e-17 1e-20
9021.1109 7.49178e-17 1e-20
9021.8055 9.85907e-17 1e-20
9022.5001 9.31213e-17 1e-20
9023.1947 4.51584e-17 1e-20
9023.8893 2.51231e-17 1e-20
9024.5838 5.19835e-17 1e-20
9025.2784 5.64704e-17 1e-20
9025.973 4.45292e-17 1e-20
9026.6676 4.2601e-17 1e-20
9027.3622 4.59705e-17 1e-20
9028.0568 4.25939e-17 1e-20
9028.7514 9.46141e-18 1e-20
9029.4459 1.60864e-17 1e-20
9030.1405 7.25338e-17 1e-20
9030.8351 1.19057e-16 1e-20
9031.5297 9.10478e-17 1e-20
9032.2243 5.2953e-17 1e-20
9032.9189 5.8935e-17 1e-20
9033.6135 5.38257e-17 1e-20
9034.3081 4.26739e-17 1e-20
9035.0026 5.10418e-17 1e-20
9035.6972 5.42805e-17 1e-20
9036.3918 4.34222e-17 1e-20
9037.0864 6.55613e-17 1e-20
9037.781 6.39612e-17 1e-20
9038.4756 4.55839e-17 1e-20
9039.1702 4.94908e-17 1e-20
9039.8648 5.75763e-17 1e-20
9040.5593 5.74137e-17 1e-20
9041.2539 6.31464e-17 1e-20
9041.9485 6.87506e-17 1e-20
9042.6431 6.99544e-17 1e-20
9043.3377 6.9793e-17 1e-20
9044.0323 5.59551e-17 1e-20
9044.7269 5.7757e-17 1e-20
9045.4215 6.38687e-17 1e-20
9046.1161 7.06275e-17 1e-20
9046.8106 6.62814e-17 1e-20
9047.5052 6.63702e-17 1e-20
9048.1998 5.64098e-17 1e-20
9048.8944 4.80699e-17 1e-20
9049.589 5.02294e-17 1e-20
9050.2836 4.51299e-17 1e-20
9050.9782 5.09109e-17 1e-20
9051.6727 7.54979e-17 1e-20
9052.3673 6.76679e-17 1e-20
9053.0619 4.90478e-17 1e-20
9053.7565 6.29373e-17 1e-20
9054.4511 8.1093e-17 1e-20
9055.1457 6.53192e-17 1e-20
9055.8403 4.8861e-17 1e-20
9056.5349 5.27013e-17 1e-20
9057.2294 5.85123e-17 1e-20
9057.924 6.29089e-17 1e-20
9058.6186 6.95396e-17 1e-20
9059.3132 7.54072e-17 1e-20
9060.0078 6.28032e-17 1e-20
9060.7024 5.41089e-17 1e-20
9061.397 3.56384e-17 1e-20
9062.0916 5.06835e-17 1e-20
9062.7862 5.33432e-17 1e-20
9063.4807 4.1918e-17 1e-20
9064.1753 5.13295e-17 1e-20
9064.8699 6.67251e-17 1e-20
9065.5645 6.38946e-17 1e-20
9066.2591 5.23749e-17 1e-20
9066.9537 7.81382e-17 1e-20
9067.6483 9.21481e-17 1e-20
9068.3429 5.29579e-17 1e-20
9069.0374 2.42456e-17 1e-20
9069.732 5.46904e-17 1e-20
9070.4266 8.65553e-17 1e-20
9071.1212 6.31032e-17 1e-20
9071.8158 2.72274e-17 1e-20
9072.5104 3.21183e-17 1e-20
9073.205 4.88898e-17 1e-20
9073.8995 5.63689e-17 1e-20
9074.5941 6.56491e-17 1e-20
9075.2887 5.86493e-17 1e-20
9075.9833 6.96239e-17 1e-20
9076.6779 8.93707e-17 1e-20
9077.3725 8.09384e-17 1e-20
9078.0671 4.06226e-17 1e-20
9078.7617 2.80987e-17 1e-20
9079.4562 4.49637e-17 1e-20
9080.1508 5.41531e-17 1e-20
9080.8454 7.5873e-17 1e-20
9081.54 5.107e-17 1e-20
9082.2346 3.95994e-17 1e-20
9082.9292 4.62264e-17 1e-20
9083.6238 6.68549e-17 1e-20
9084.3184 7.64201e-17 1e-20
9085.013 6.51115e-17 1e-20
9085.7075 3.23384e-17 1e-20
9086.4021 4.41882e-18 1e-20
9087.0967 5.58878e-17 1e-20
9087.7913 9.04208e-17 1e-20
9088.4859 4.22306e-17 1e-20
9089.1805 2.55673e-17 1e-20
9089.8751 1.03792e-17 1e-20
9090.5697 1.61411e-17 1e-20
9091.2642 2.93977e-17 1e-20
9091.9588 2.95673e-17 1e-20
9092.6534 3.28082e-17 1e-20
9093.348 5.67472e-17 1e-20
9094.0426 4.73246e-17 1e-20
9094.7372 3.41424e-17 1e-20
9095.4318 2.83812e-17 1e-20
9096.1264 3.04829e-17 1e-20
9096.8209 5.63902e-17 1e-20
9097.5155 7.20758e-17 1e-20
9098.2101 5.85767e-17 1e-20
9098.9047 4.84834e-17 1e-20
9099.5993 5.3083e-17 1e-20
9100.2939 5.41371e-17 1e-20
9100.9885 5.51889e-17 1e-20
9101.683 6.33374e-17 1e-20
9102.3776 6.40274e-17 1e-20
9103.0722 6.27799e-17 1e-20
9103.7668 6.20072e-17 1e-20
9104.4614 5.10007e-17 1e-20
9105.156 3.37821e-17 1e-20
9105.8506 2.65584e-17 1e-20
9106.5452 6.49422e-17 1e-20
9107.2398 5.22657e-17 1e-20
9107.9343 4.68625e-17 1e-20
9108.6289 6.1376e-17 1e-20
9109.3235 6.58996e-17 1e-20
9110.0181 4.31711e-17 1e-20
9110.7127 3.83686e-17 1e-20
9111.4073 3.16987e-17 1e-20
9112.1019 2.8419e-17 1e-20
9112.7965 5.75278e-17 1e-20
9113.491 5.66359e-17 1e-20
9114.1856 3.94751e-17 1e-20
9114.8802 5.54976e-17 1e-20
9115.5748 8.12375e-17 1e-20
9116.2694 5.85175e-17 1e-20
9116.964 3.31922e-17 1e-20
9117.6586 4.39068e-17 1e-20
9118.3532 4.41945e-17 1e-20
9119.0477 3.38811e-17 1e-20
9119.7423 2.89239e-17 1e-20
9120.4369 3.49354e-17 1e-20
9121.1315 5.45423e-17 1e-20
9121.8261 6.62746e-17 1e-20
9122.5207 6.59428e-17 1e-20
9123.2153 5.25413e-17 1e-20
9123.9099 2.23756e-17 1e-20
9124.6044 8.55495e-18 1e-20
9125.299 3.79812e-17 1e-20
9125.9936 6.54731e-17 1e-20
9126.6882 6.24922e-17 1e-20
9127.3828 8.40049e-17 1e-20
9128.0774 9.58054e-17 1e-20
9128.772 5.16316e-17 1e-20
9129.4666 1.74246e-17 1e-20
9130.1611 4.15698e-17 1e-20
9130.8557 4.82253e-17 1e-20
9131.5503 4.00611e-17 1e-20
9132.2449 5.02884e-17 1e-20
9132.9395 5.7242e-17 1e-20
9133.6341 5.68993e-17 1e-20
9134.3287 5.50549e-17 1e-20
9135.0233 5.50809e-17 1e-20
9135.7178 5.03689e-17 1e-20
9136.4124 4.75816e-17 1e-20
9137.107 4.8258e-17 1e-20
9137.8016 6.98e-17 1e-20
9138.4962 6.79439e-17 1e-20
9139.1908 7.31976e-17 1e-20
9139.8854 5.12512e-17 1e-20
9140.58 2.89516e-17 1e-20
9141.2745 6.89074e-17 1e-20
9141.9691 7.04439e-17 1e-20
9142.6637 2.23022e-17 1e-20
9143.3583 2.12815e-17 1e-20
9144.0529 2.22516e-17 1e-20
9144.7475 3.60179e-17 1e-20
9145.4421 6.85283e-17 1e-20
9146.1367 4.75177e-17 1e-20
9146.8312 4.55534e-17 1e-20
9147.5258 5.55231e-17 1e-20
9148.2204 1.61984e-17 1e-20
9148.915 1.51331e-17 1e-20
9149.6096 4.02936e-17 1e-20
9150.3042 4.49497e-17 1e-20
9150.9988 6.20852e-17 1e-20
9151.6934 5.94829e-17 1e-20
9152.3879 6.12786e-17 1e-20
9153.0825 5.71077e-17 1e-20
9153.7771 7.06166e-17 1e-20
9154.4717 8.40883e-17 1e-20
9155.1663 6.91796e-17 1e-20
9155.8609 6.67258e-17 1e-20
9156.5555 6.1291e-17 1e-20
9157.2501 6.28542e-17 1e-20
9157.9446 4.97458e-17 1e-20
9158.6392 4.64619e-17 1e-20
9159.3338 6.17051e-17 1e-20
9160.0284 6.48286e-17 1e-20
9160.723 6.08686e-17 1e-20
9161.4176 7.07601e-17 1e-20
9162.1122 7.15736e-17 1e-20
9162.8068 4.19879e-17 1e-20
9163.5013 3.29048e-17 1e-20
9164.1959 6.25208e-17 1e-20
9164.8905 6.17485e-17 1e-20
9165.5851 3.95264e-17 1e-20
9166.2797 4.14643e-17 1e-20
9166.9743 4.61715e-17 1e-20
9167.6689 7.97821e-17 1e-20
9168.3635 9.51868e-17 1e-20
9169.058 7.72795e-17 1e-20
9169.7526 7.43813e-17 1e-20
9170.4472 5.61127e-17 1e-20
9171.1418 8.23692e-17 1e-20
9171.8364 7.44748e-17 1e-20
9172.531 5.61195e-17 1e-20
9173.2256 6.39461e-17 1e-20
9173.9202 6.88914e-17 1e-20
9174.6147 5.95348e-17 1e-20
9175.3093 5.19551e-17 1e-20
9176.0039 5.72653e-17 1e-20
9176.6985 6.58704e-17 1e-20
9177.3931 5.04389e-17 1e-20
9178.0877 4.60545e-17 1e-20
9178.7823 5.0844e-17 1e-20
9179.4769 4.98117e-17 1e-20
9180.1714 6.25215e-17 1e-20
9180.866 6.10364e-17 1e-20
9181.5606 6.77178e-17 1e-20
9182.2552 6.99847e-17 1e-20
9182.9498 5.84685e-17 1e-20
9183.6444 4.60804e-17 1e-20
9184.339 5.417e-17 1e-20
9185.0336 4.485e-17 1e-20
9185.7281 4.8132e-17 1e-20
9186.4227 7.53124e-17 1e-20
9187.1173 6.04675e-17 1e-20
9187.8119 6.90917e-17 1e-20
9188.5065 7.14275e-17 1e-20
9189.2011 4.74207e-17 1e-20
9189.8957 4.67297e-17 1e-20
9190.5903 5.85962e-17 1e-20
9191.2848 6.77439e-17 1e-20
9191.9794 6.23866e-17 1e-20
9192.674 6.71284e-17 1e-20
9193.3686 6.82271e-17 1e-20
9194.0632 6.2259e-17 1e-20
9194.7578 7.24344e-17 1e-20
9195.4524 5.81219e-17 1e-20
9196.147 3.61726e-17 1e-20
9196.8415 4.03637e-17 1e-20
9197.5361 5.11414e-17 1e-20
9198.2307 7.66036e-17 1e-20
9198.9253 8.41647e-17 1e-20
9199.6199 4.14579e-17 1e-20
9200.3145 3.44022e-17 1e-20
9201.0091 6.31631e-17 1e-20
9201.7037 3.15836e-17 1e-20
9202.3982 4.9348e-17 1e-20
9203.0928 5.70675e-17 1e-20
9203.7874 6.45852e-17 1e-20
9204.482 3.96723e-17 1e-20
9205.1766 3.51365e-17 1e-20
9205.8712 6.10512e-17 1e-20
9206.5658 9.64283e-17 1e-20
9207.2604 7.69023e-17 1e-20
9207.955 5.9661e-17 1e-20
9208.6495 6.29672e-17 1e-20
9209.3441 5.0388e-17 1e-20
9210.0387 4.83412e-17 1e-20
9210.7333 5.55011e-17 1e-20
9211.4279 7.0907e-17 1e-20
9212.1225 5.40565e-17 1e-20
9212.8171 3.16121e-17 1e-20
9213.5117 3.78194e-17 1e-20
9214.2062 6.27352e-17 1e-20
9214.9008 6.82307e-17 1e-20
9215.5954 4.29772e-17 1e-20
9216.29 7.5709e-17 1e-20
9216.9846 6.95645e-17 1e-20
9217.6792 4.32995e-17 1e-20
9218.3738 5.05815e-17 1e-20
9219.0683 6.75673e-17 1e-20
9219.7629 5.28724e-17 1e-20
9220.4575 4.76283e-17 1e-20
9221.1521 5.463e-17 1e-20
9221.8467 5.72764e-17 1e-20
9222.5413 4.89912e-17 1e-20
9223.2359 3.37284e-17 1e-20
9223.9305 4.06493e-17 1e-20
9224.625 5.68751e-17 1e-20
9225.3196 4.86905e-17 1e-20
9226.0142 4.99655e-17 1e-20
9226.7088 6.68937e-17 1e-20
9227.4034 6.59639e-17 1e-20
9228.098 7.09374e-17 1e-20
9228.7926 6.46151e-17 1e-20
9229.4872 6.78184e-17 1e-20
9230.1818 8.45528e-17 1e-20
9230.8763 8.06496e-17 1e-20
9231.5709 5.65277e-17 1e-20
9232.2655 5.48957e-17 1e-20
9232.9601 7.10358e-17 1e-20
9233.6547 8.04947e-17 1e-20
9234.3493 6.26187e-17 1e-20
9235.0439 4.44497e-17 1e-20
9235.7385 5.36169e-17 1e-20
9236.433 5.95015e-17 1e-20
9237.1276 6.13672e-17 1e-20
9237.8222 5.95982e-17 1e-20
9238.5168 5.40268e-17 1e-20
9239.2114 7.11317e-17 1e-20
9239.906 6.11734e-17 1e-20
9240.6006 4.67851e-17 1e-20
9241.2951 8.35967e-17 1e-20
9241.9897 6.99804e-17 1e-20
9242.6843 3.59857e-17 1e-20
9243.3789 5.07369e-17 1e-20
9244.0735 6.48531e-17 1e-20
9244.7681 5.55789e-17 1e-20
9245.4627 4.58513e-17 1e-20
9246.1573 8.47991e-17 1e-20
9246.8519 8.54482e-17 1e-20
9247.5464 8.02252e-17 1e-20
9248.241 5.59434e-17 1e-20
9248.9356 4.09988e-17 1e-20
9249.6302 8.97938e-17 1e-20
9250.3248 8.1489e-17 1e-20
9251.0194 5.59288e-17 1e-20
9251.714 4.93404e-17 1e-20
9252.4086 5.68314e-17 1e-20
9253.1031 6.57978e-17 1e-20
9253.7977 6.22126e-17 1e-20
9254.4923 5.85077e-17 1e-20
9255.1869 7.22265e-17 1e-20
9255.8815 7.92329e-17 1e-20
9256.5761 6.57088e-17 1e-20
9257.2707 7.68337e-17 1e-20
9257.9653 9.98353e-17 1e-20
9258.6598 8.90979e-17 1e-20
9259.3544 6.98491e-17 1e-20
9260.049 7.88508e-17 1e-20
9260.7436 7.9645e-17 1e-20
9261.4382 8.50112e-17 1e-20
9262.1328 5.51069e-17 1e-20
9262.8274 4.70417e-17 1e-20
9263.5219 8.30444e-17 1e-20
9264.2165 6.13517e-17 1e-20
9264.9111 4.94785e-17 1e-20
9265.6057 6.99052e-17 1e-20
9266.3003 7.42372e-17 1e-20
9266.9949 8.76017e-17 1e-20
9267.6895 7.18779e-17 1e-20
9268.3841 6.25694e-17 1e-20
9269.0787 7.05672e-17 1e-20
9269.7732 6.79013e-17 1e-20
9270.4678 6.10701e-17 1e-20
9271.1624 5.36758e-17 1e-20
9271.857 5.1686e-17 1e-20
9272.5516 5.1938e-17 1e-20
9273.2462 6.48996e-17 1e-20
9273.9408 6.87173e-17 1e-20
9274.6354 8.03574e-17 1e-20
9275.3299 7.58664e-17 1e-20
9276.0245 7.8615e-17 1e-20
9276.7191 8.5692e-17 1e-20
9277.4137 7.94881e-17 1e-20
9278.1083 8.88285e-17 1e-20
9278.8029 7.67259e-17 1e-20
9279.4975 7.71033e-17 1e-20
9280.1921 5.25952e-17 1e-20
9280.8866 2.00835e-17 1e-20
9281.5812 4.28846e-17 1e-20
9282.2758 7.91867e-17 1e-20
9282.9704 8.81244e-17 1e-20
9283.665 7.96868e-17 1e-20
9284.3596 6.82787e-17 1e-20
9285.0542 6.45168e-17 1e-20
9285.7487 8.92431e-17 1e-20
9286.4433 1.08355e-16 1e-20
9287.1379 9.19499e-17 1e-20
9287.8325 9.62686e-17 1e-20
9288.5271 1.0029e-16 1e-20
9289.2217 7.13049e-17 1e-20
9289.9163 5.83096e-17 1e-20
9290.6109 6.88802e-17 1e-20
9291.3055 8.50381e-17 1e-20
9292.0 9.04576e-17 1e-20
9292.6946 8.53889e-17 1e-20
9293.3892 6.05913e-17 1e-20
9294.0838 4.32273e-17 1e-20
9294.7784 8.34469e-17 1e-20
9295.473 7.32433e-17 1e-20
9296.1676 4.90338e-17 1e-20
9296.8622 5.2765e-17 1e-20
9297.5567 6.86644e-17 1e-20
9298.2513 7.96913e-17 1e-20
9298.9459 9.60915e-17 1e-20
9299.6405 9.09188e-17 1e-20
9300.3351 8.17665e-17 1e-20
9301.0297 9.9911e-17 1e-20
9301.7243 1.13871e-16 1e-20
9302.4189 8.47893e-17 1e-20
9303.1134 6.82977e-17 1e-20
9303.808 1.11965e-16 1e-20
9304.5026 9.21901e-17 1e-20
9305.1972 9.83801e-17 1e-20
9305.8918 8.16502e-17 1e-20
9306.5864 6.23985e-17 1e-20
9307.281 7.01148e-17 1e-20
9307.9756 7.78736e-17 1e-20
9308.6701 6.65687e-17 1e-20
9309.3647 9.25323e-17 1e-20
9310.0593 1.149e-16 1e-20
9310.7539 1.23288e-16 1e-20
9311.4485 9.87733e-17 1e-20
9312.1431 5.73395e-17 1e-20
9312.8377 2.9034e-17 1e-20
9313.5323 6.06172e-17 1e-20
9314.2268 7.29539e-17 1e-20
9314.9214 7.45019e-17 1e-20
9315.616 9.6305e-17 1e-20
9316.3106 9.58161e-17 1e-20
9317.0052 8.93163e-17 1e-20
9317.6998 9.23899e-17 1e-20
9318.3944 1.00452e-16 1e-20
9319.089 8.49343e-17 1e-20
9319.7835 5.77292e-17 1e-20
9320.4781 6.2038e-17 1e-20
9321.1727 8.08215e-17 1e-20
9321.8673 7.43004e-17 1e-20
9322.5619 6.37707e-17 1e-20
9323.2565 6.09978e-17 1e-20
9323.9511 1.03697e-16 1e-20
9324.6457 1.10676e-16 1e-20
9325.3402 7.67042e-17 1e-20
9326.0348 5.67956e-17 1e-20
9326.7294 8.46401e-17 1e-20
9327.424 7.92803e-17 1e-20
9328.1186 8.22028e-17 1e-20
9328.8132 8.55197e-17 1e-20
9329.5078 8.23515e-17 1e-20
9330.2024 7.21799e-17 1e-20
9330.8969 9.59138e-17 1e-20
9331.5915 1.21713e-16 1e-20
9332.2861 8.06052e-17 1e-20
9332.9807 4.71455e-17 1e-20
9333.6753 6.27471e-17 1e-20
9334.3699 9.72827e-17 1e-20
9335.0645 7.48932e-17 1e-20
9335.7591 5.08993e-17 1e-20
9336.4536 6.1933e-17 1e-20
9337.1482 9.59974e-17 1e-20
9337.8428 1.18066e-16 1e-20
