# wavelength flux error
5.400000e+03 8.296659e-16 1.000000e-20
5.401252e+03 6.984401e-16 1.000000e-20
5.402504e+03 6.880994e-16 1.000000e-20
5.403757e+03 6.883359e-16 1.000000e-20
5.405009e+03 7.576358e-16 1.000000e-20
5.406262e+03 7.523615e-16 1.000000e-20
5.407514e+03 7.883635e-16 1.000000e-20
5.408766e+03 7.345536e-16 1.000000e-20
5.410019e+03 6.789835e-16 1.000000e-20
5.411271e+03 6.936370e-16 1.000000e-20
5.412523e+03 7.165056e-16 1.000000e-20
5.413775e+03 7.255154e-16 1.000000e-20
5.415028e+03 6.832448e-16 1.000000e-20
5.416280e+03 7.149699e-16 1.000000e-20
5.417532e+03 7.411925e-16 1.000000e-20
5.418785e+03 7.062013e-16 1.000000e-20
5.420037e+03 6.717679e-16 1.000000e-20
5.421289e+03 7.077316e-16 1.000000e-20
5.422542e+03 7.138959e-16 1.000000e-20
5.423794e+03 6.926330e-16 1.000000e-20
5.425046e+03 6.490182e-16 1.000000e-20
5.426298e+03 6.619586e-16 1.000000e-20
5.427551e+03 6.424760e-16 1.000000e-20
5.428803e+03 6.594964e-16 1.000000e-20
5.430055e+03 6.249159e-16 1.000000e-20
5.431308e+03 6.464306e-16 1.000000e-20
5.432560e+03 5.877845e-16 1.000000e-20
5.433812e+03 6.703017e-16 1.000000e-20
5.435064e+03 7.432439e-16 1.000000e-20
5.436317e+03 5.384421e-16 1.000000e-20
5.437569e+03 5.731805e-16 1.000000e-20
5.438821e+03 6.244189e-16 1.000000e-20
5.440074e+03 6.362310e-16 1.000000e-20
5.441326e+03 6.218674e-16 1.000000e-20
5.442578e+03 6.615571e-16 1.000000e-20
5.443831e+03 5.723194e-16 1.000000e-20
5.445083e+03 5.860565e-16 1.000000e-20
5.446335e+03 5.723038e-16 1.000000e-20
5.447587e+03 5.248503e-16 1.000000e-20
5.448840e+03 6.180217e-16 1.000000e-20
5.450092e+03 6.372893e-16 1.000000e-20
5.451344e+03 6.379509e-16 1.000000e-20
5.452597e+03 6.165371e-16 1.000000e-20
5.453849e+03 6.486046e-16 1.000000e-20
5.455101e+03 6.567001e-16 1.000000e-20
5.456354e+03 5.630259e-16 1.000000e-20
5.457606e+03 5.868179e-16 1.000000e-20
5.458858e+03 6.462516e-16 1.000000e-20
5.460110e+03 7.023856e-16 1.000000e-20
5.461363e+03 6.777311e-16 1.000000e-20
5.462615e+03 5.909163e-16 1.000000e-20
5.463867e+03 5.363225e-16 1.000000e-20
5.465120e+03 5.440245e-16 1.000000e-20
5.466372e+03 6.254506e-16 1.000000e-20
5.467625e+03 5.817954e-16 1.000000e-20
5.468876e+03 5.760633e-16 1.000000e-20
5.470129e+03 6.304062e-16 1.000000e-20
5.471381e+03 6.018959e-16 1.000000e-20
5.472633e+03 5.206910e-16 1.000000e-20
5.473886e+03 5.131462e-16 1.000000e-20
5.475138e+03 5.257373e-16 1.000000e-20
5.476391e+03 6.140157e-16 1.000000e-20
5.477643e+03 5.829730e-16 1.000000e-20
5.478895e+03 6.163124e-16 1.000000e-20
5.480147e+03 5.757967e-16 1.000000e-20
5.481399e+03 6.084885e-16 1.000000e-20
5.482652e+03 6.231502e-16 1.000000e-20
5.483904e+03 6.505487e-16 1.000000e-20
5.485157e+03 5.823723e-16 1.000000e-20
5.486409e+03 6.074364e-16 1.000000e-20
5.487661e+03 6.121020e-16 1.000000e-20
5.488914e+03 6.132163e-16 1.000000e-20
5.490166e+03 5.675936e-16 1.000000e-20
5.491418e+03 5.802350e-16 1.000000e-20
5.492670e+03 5.901128e-16 1.000000e-20
5.493923e+03 6.180444e-16 1.000000e-20
5.495175e+03 6.161090e-16 1.000000e-20
5.496427e+03 6.128166e-16 1.000000e-20
5.497680e+03 5.811770e-16 1.000000e-20
5.498932e+03 5.110310e-16 1.000000e-20
5.500184e+03 5.367800e-16 1.000000e-20
5.501437e+03 5.806494e-16 1.000000e-20
5.502689e+03 5.925177e-16 1.000000e-20
5.503941e+03 5.944575e-16 1.000000e-20
5.505193e+03 6.229247e-16 1.000000e-20
5.506446e+03 6.641421e-16 1.000000e-20
5.507698e+03 6.032766e-16 1.000000e-20
5.508950e+03 5.936026e-16 1.000000e-20
5.510203e+03 5.975685e-16 1.000000e-20
5.511455e+03 6.765620e-16 1.000000e-20
5.512707e+03 6.284298e-16 1.000000e-20
5.513959e+03 6.181537e-16 1.000000e-20
5.515212e+03 6.544089e-16 1.000000e-20
5.516464e+03 6.548109e-16 1.000000e-20
5.517716e+03 5.685250e-16 1.000000e-20
5.518969e+03 6.115854e-16 1.000000e-20
5.520221e+03 6.045676e-16 1.000000e-20
5.521473e+03 6.259494e-16 1.000000e-20
5.522726e+03 6.579391e-16 1.000000e-20
5.523978e+03 6.029611e-16 1.000000e-20
5.525230e+03 6.090549e-16 1.000000e-20
5.526482e+03 5.694996e-16 1.000000e-20
5.527735e+03 6.112908e-16 1.000000e-20
5.528987e+03 6.084054e-16 1.000000e-20
5.530239e+03 6.429290e-16 1.000000e-20
5.531492e+03 6.567304e-16 1.000000e-20
5.532744e+03 6.761925e-16 1.000000e-20
5.533996e+03 6.230325e-16 1.000000e-20
5.535249e+03 5.916735e-16 1.000000e-20
5.536501e+03 6.423229e-16 1.000000e-20
5.537753e+03 6.306772e-16 1.000000e-20
5.539005e+03 6.410655e-16 1.000000e-20
5.540258e+03 6.587587e-16 1.000000e-20
5.541510e+03 6.422762e-16 1.000000e-20
5.542763e+03 6.337525e-16 1.000000e-20
5.544015e+03 6.567993e-16 1.000000e-20
5.545267e+03 6.562607e-16 1.000000e-20
5.546520e+03 6.630967e-16 1.000000e-20
5.547771e+03 6.457268e-16 1.000000e-20
5.549024e+03 6.556791e-16 1.000000e-20
5.550276e+03 6.082809e-16 1.000000e-20
5.551528e+03 5.843645e-16 1.000000e-20
5.552781e+03 5.742492e-16 1.000000e-20
5.554033e+03 6.362454e-16 1.000000e-20
5.555286e+03 6.398797e-16 1.000000e-20
5.556538e+03 6.856420e-16 1.000000e-20
5.557790e+03 6.802846e-16 1.000000e-20
5.559042e+03 6.472012e-16 1.000000e-20
5.560295e+03 5.643919e-16 1.000000e-20
5.561547e+03 5.885057e-16 1.000000e-20
5.562799e+03 6.485433e-16 1.000000e-20
5.564052e+03 6.425731e-16 1.000000e-20
5.565304e+03 6.810391e-16 1.000000e-20
5.566556e+03 6.887554e-16 1.000000e-20
5.567809e+03 6.840483e-16 1.000000e-20
5.569061e+03 5.819789e-16 1.000000e-20
5.570313e+03 6.045117e-16 1.000000e-20
5.571565e+03 6.243296e-16 1.000000e-20
5.572818e+03 6.369170e-16 1.000000e-20
5.574070e+03 6.474725e-16 1.000000e-20
5.575322e+03 6.021025e-16 1.000000e-20
5.576575e+03 5.730125e-16 1.000000e-20
5.577827e+03 6.740896e-16 1.000000e-20
5.579079e+03 6.027677e-16 1.000000e-20
5.580332e+03 7.012874e-16 1.000000e-20
5.581584e+03 6.200078e-16 1.000000e-20
5.582836e+03 6.039861e-16 1.000000e-20
5.584088e+03 6.209125e-16 1.000000e-20
5.585341e+03 6.055397e-16 1.000000e-20
5.586593e+03 5.865983e-16 1.000000e-20
5.587845e+03 5.790560e-16 1.000000e-20
5.589098e+03 5.627439e-16 1.000000e-20
5.590350e+03 5.829605e-16 1.000000e-20
5.591602e+03 6.168682e-16 1.000000e-20
5.592854e+03 5.686517e-16 1.000000e-20
5.594107e+03 6.005553e-16 1.000000e-20
5.595359e+03 6.104723e-16 1.000000e-20
5.596611e+03 6.048347e-16 1.000000e-20
5.597864e+03 6.064951e-16 1.000000e-20
5.599116e+03 5.604455e-16 1.000000e-20
5.600368e+03 6.056981e-16 1.000000e-20
5.601621e+03 5.935502e-16 1.000000e-20
5.602873e+03 5.674928e-16 1.000000e-20
5.604125e+03 5.953670e-16 1.000000e-20
5.605377e+03 5.807644e-16 1.000000e-20
5.606630e+03 5.896254e-16 1.000000e-20
5.607882e+03 5.899966e-16 1.000000e-20
5.609134e+03 5.537289e-16 1.000000e-20
5.610387e+03 5.687332e-16 1.000000e-20
5.611639e+03 5.441780e-16 1.000000e-20
5.612892e+03 5.582434e-16 1.000000e-20
5.614144e+03 5.637983e-16 1.000000e-20
5.615396e+03 5.404053e-16 1.000000e-20
5.616648e+03 5.306424e-16 1.000000e-20
5.617900e+03 5.203526e-16 1.000000e-20
5.619153e+03 5.681059e-16 1.000000e-20
5.620405e+03 5.551672e-16 1.000000e-20
5.621658e+03 5.233547e-16 1.000000e-20
5.622910e+03 5.487069e-16 1.000000e-20
5.624162e+03 5.389010e-16 1.000000e-20
5.625415e+03 5.721621e-16 1.000000e-20
5.626667e+03 5.520673e-16 1.000000e-20
5.627919e+03 5.524647e-16 1.000000e-20
5.629171e+03 5.470205e-16 1.000000e-20
5.630424e+03 5.313172e-16 1.000000e-20
5.631676e+03 5.213163e-16 1.000000e-20
5.632928e+03 5.300606e-16 1.000000e-20
5.634181e+03 5.385435e-16 1.000000e-20
5.635433e+03 5.331722e-16 1.000000e-20
5.636685e+03 5.484814e-16 1.000000e-20
5.637938e+03 5.110033e-16 1.000000e-20
5.639190e+03 5.048746e-16 1.000000e-20
5.640442e+03 5.544535e-16 1.000000e-20
5.641694e+03 5.657223e-16 1.000000e-20
5.642947e+03 5.363534e-16 1.000000e-20
5.644199e+03 5.379387e-16 1.000000e-20
5.645451e+03 5.329516e-16 1.000000e-20
5.646704e+03 5.032124e-16 1.000000e-20
5.647956e+03 5.301185e-16 1.000000e-20
5.649208e+03 4.821618e-16 1.000000e-20
5.650460e+03 5.111575e-16 1.000000e-20
5.651713e+03 5.397441e-16 1.000000e-20
5.652965e+03 5.467516e-16 1.000000e-20
5.654217e+03 5.088024e-16 1.000000e-20
5.655470e+03 4.914487e-16 1.000000e-20
5.656722e+03 4.926053e-16 1.000000e-20
5.657974e+03 5.045069e-16 1.000000e-20
5.659227e+03 5.171488e-16 1.000000e-20
5.660479e+03 5.098014e-16 1.000000e-20
5.661731e+03 4.905691e-16 1.000000e-20
5.662983e+03 5.080906e-16 1.000000e-20
5.664236e+03 5.041074e-16 1.000000e-20
5.665488e+03 5.088121e-16 1.000000e-20
5.666740e+03 5.191335e-16 1.000000e-20
5.667993e+03 5.085951e-16 1.000000e-20
5.669245e+03 5.201385e-16 1.000000e-20
5.670497e+03 5.252793e-16 1.000000e-20
5.671750e+03 5.362670e-16 1.000000e-20
5.673002e+03 5.381826e-16 1.000000e-20
5.674254e+03 5.661237e-16 1.000000e-20
5.675506e+03 5.867630e-16 1.000000e-20
5.676759e+03 5.425762e-16 1.000000e-20
5.678011e+03 5.432899e-16 1.000000e-20
5.679263e+03 5.538063e-16 1.000000e-20
5.680516e+03 5.585356e-16 1.000000e-20
5.681768e+03 5.431210e-16 1.000000e-20
5.683021e+03 5.356793e-16 1.000000e-20
5.684272e+03 5.617573e-16 1.000000e-20
5.685525e+03 5.803270e-16 1.000000e-20
5.686777e+03 5.751715e-16 1.000000e-20
5.688029e+03 5.742311e-16 1.000000e-20
5.689282e+03 5.609651e-16 1.000000e-20
5.690534e+03 5.842195e-16 1.000000e-20
5.691787e+03 5.386415e-16 1.000000e-20
5.693039e+03 5.611474e-16 1.000000e-20
5.694291e+03 5.772883e-16 1.000000e-20
5.695543e+03 5.843661e-16 1.000000e-20
5.696795e+03 5.981772e-16 1.000000e-20
5.698048e+03 5.891853e-16 1.000000e-20
5.699300e+03 6.028627e-16 1.000000e-20
5.700553e+03 5.957173e-16 1.000000e-20
5.701805e+03 5.973822e-16 1.000000e-20
5.703057e+03 6.255561e-16 1.000000e-20
5.704310e+03 6.168017e-16 1.000000e-20
5.705562e+03 6.278324e-16 1.000000e-20
5.706814e+03 6.510464e-16 1.000000e-20
5.708066e+03 6.143923e-16 1.000000e-20
5.709319e+03 6.280749e-16 1.000000e-20
5.710571e+03 6.244354e-16 1.000000e-20
5.711823e+03 6.180304e-16 1.000000e-20
5.713076e+03 6.326167e-16 1.000000e-20
5.714328e+03 6.464688e-16 1.000000e-20
5.715580e+03 6.602221e-16 1.000000e-20
5.716833e+03 6.721066e-16 1.000000e-20
5.718085e+03 6.594886e-16 1.000000e-20
5.719337e+03 6.436996e-16 1.000000e-20
5.720589e+03 6.732732e-16 1.000000e-20
5.721842e+03 6.667768e-16 1.000000e-20
5.723094e+03 6.508168e-16 1.000000e-20
5.724346e+03 6.472673e-16 1.000000e-20
5.725599e+03 6.582336e-16 1.000000e-20
5.726851e+03 6.694229e-16 1.000000e-20
5.728103e+03 6.649271e-16 1.000000e-20
5.729355e+03 6.951431e-16 1.000000e-20
5.730608e+03 6.696480e-16 1.000000e-20
5.731860e+03 6.996445e-16 1.000000e-20
5.733112e+03 6.751644e-16 1.000000e-20
5.734365e+03 6.502159e-16 1.000000e-20
5.735617e+03 7.117320e-16 1.000000e-20
5.736869e+03 7.167433e-16 1.000000e-20
5.738122e+03 6.931822e-16 1.000000e-20
5.739374e+03 6.974774e-16 1.000000e-20
5.740626e+03 6.859273e-16 1.000000e-20
5.741878e+03 7.104071e-16 1.000000e-20
5.743131e+03 7.337121e-16 1.000000e-20
5.744383e+03 7.089249e-16 1.000000e-20
5.745635e+03 6.997312e-16 1.000000e-20
5.746888e+03 7.283922e-16 1.000000e-20
5.748140e+03 7.144678e-16 1.000000e-20
5.749392e+03 7.170705e-16 1.000000e-20
5.750645e+03 6.976909e-16 1.000000e-20
5.751897e+03 6.929586e-16 1.000000e-20
5.753149e+03 7.103237e-16 1.000000e-20
5.754401e+03 7.134637e-16 1.000000e-20
5.755654e+03 7.170825e-16 1.000000e-20
5.756906e+03 6.910849e-16 1.000000e-20
5.758158e+03 7.085957e-16 1.000000e-20
5.759411e+03 7.045861e-16 1.000000e-20
5.760663e+03 7.172473e-16 1.000000e-20
5.761916e+03 7.125402e-16 1.000000e-20
5.763167e+03 7.131102e-16 1.000000e-20
5.764420e+03 7.063353e-16 1.000000e-20
5.765672e+03 7.288858e-16 1.000000e-20
5.766924e+03 7.497115e-16 1.000000e-20
5.768177e+03 7.340684e-16 1.000000e-20
5.769429e+03 7.174760e-16 1.000000e-20
5.770682e+03 7.136622e-16 1.000000e-20
5.771934e+03 7.251335e-16 1.000000e-20
5.773186e+03 7.320537e-16 1.000000e-20
5.774438e+03 7.280293e-16 1.000000e-20
5.775690e+03 7.205742e-16 1.000000e-20
5.776943e+03 7.204586e-16 1.000000e-20
5.778195e+03 7.093396e-16 1.000000e-20
5.779448e+03 7.211112e-16 1.000000e-20
5.780700e+03 7.439318e-16 1.000000e-20
5.781952e+03 7.222530e-16 1.000000e-20
5.783205e+03 7.494272e-16 1.000000e-20
5.784457e+03 7.254880e-16 1.000000e-20
5.785709e+03 6.946168e-16 1.000000e-20
5.786961e+03 6.827024e-16 1.000000e-20
5.788214e+03 6.906188e-16 1.000000e-20
5.789466e+03 7.074213e-16 1.000000e-20
5.790718e+03 7.016351e-16 1.000000e-20
5.791971e+03 6.933527e-16 1.000000e-20
5.793223e+03 7.242214e-16 1.000000e-20
5.794475e+03 7.121065e-16 1.000000e-20
5.795728e+03 6.963666e-16 1.000000e-20
5.796980e+03 7.169036e-16 1.000000e-20
5.798232e+03 7.022358e-16 1.000000e-20
5.799484e+03 7.025850e-16 1.000000e-20
5.800737e+03 7.132920e-16 1.000000e-20
5.801989e+03 7.067947e-16 1.000000e-20
5.803241e+03 7.139741e-16 1.000000e-20
5.804494e+03 6.865448e-16 1.000000e-20
5.805746e+03 7.060096e-16 1.000000e-20
5.806998e+03 7.292984e-16 1.000000e-20
5.808250e+03 6.976697e-16 1.000000e-20
5.809503e+03 6.958754e-16 1.000000e-20
5.810755e+03 7.113308e-16 1.000000e-20
5.812007e+03 7.195501e-16 1.000000e-20
5.813260e+03 7.081100e-16 1.000000e-20
5.814512e+03 7.103256e-16 1.000000e-20
5.815764e+03 7.115671e-16 1.000000e-20
5.817017e+03 7.202610e-16 1.000000e-20
5.818269e+03 7.220219e-16 1.000000e-20
5.819521e+03 7.372892e-16 1.000000e-20
5.820773e+03 7.118443e-16 1.000000e-20
5.822026e+03 7.221656e-16 1.000000e-20
5.823278e+03 7.121023e-16 1.000000e-20
5.824530e+03 7.178800e-16 1.000000e-20
5.825783e+03 7.230233e-16 1.000000e-20
5.827035e+03 7.073009e-16 1.000000e-20
5.828287e+03 7.249804e-16 1.000000e-20
5.829540e+03 7.096501e-16 1.000000e-20
5.830792e+03 7.187891e-16 1.000000e-20
5.832044e+03 7.259890e-16 1.000000e-20
5.833296e+03 7.064811e-16 1.000000e-20
5.834549e+03 7.131323e-16 1.000000e-20
5.835801e+03 7.103777e-16 1.000000e-20
5.837054e+03 6.940484e-16 1.000000e-20
5.838306e+03 6.862180e-16 1.000000e-20
5.839558e+03 6.959620e-16 1.000000e-20
5.840811e+03 6.959942e-16 1.000000e-20
5.842062e+03 7.184167e-16 1.000000e-20
5.843315e+03 7.196946e-16 1.000000e-20
5.844567e+03 7.110663e-16 1.000000e-20
5.845819e+03 6.913468e-16 1.000000e-20
5.847072e+03 7.101130e-16 1.000000e-20
5.848324e+03 6.918363e-16 1.000000e-20
5.849577e+03 6.741326e-16 1.000000e-20
5.850829e+03 6.815547e-16 1.000000e-20
5.852081e+03 6.880047e-16 1.000000e-20
5.853333e+03 6.829932e-16 1.000000e-20
5.854586e+03 6.960779e-16 1.000000e-20
5.855838e+03 6.819429e-16 1.000000e-20
5.857090e+03 6.921495e-16 1.000000e-20
5.858343e+03 6.606031e-16 1.000000e-20
5.859595e+03 6.762274e-16 1.000000e-20
5.860847e+03 6.934810e-16 1.000000e-20
5.862100e+03 7.032183e-16 1.000000e-20
5.863352e+03 6.837124e-16 1.000000e-20
5.864604e+03 6.838895e-16 1.000000e-20
5.865856e+03 6.745998e-16 1.000000e-20
5.867109e+03 6.924729e-16 1.000000e-20
5.868361e+03 6.678681e-16 1.000000e-20
5.869613e+03 6.817716e-16 1.000000e-20
5.870866e+03 6.670148e-16 1.000000e-20
5.872118e+03 6.633461e-16 1.000000e-20
5.873370e+03 6.432950e-16 1.000000e-20
5.874623e+03 6.477465e-16 1.000000e-20
5.875875e+03 6.335330e-16 1.000000e-20
5.877127e+03 6.507769e-16 1.000000e-20
5.878379e+03 6.636720e-16 1.000000e-20
5.879632e+03 6.365252e-16 1.000000e-20
5.880884e+03 6.270020e-16 1.000000e-20
5.882136e+03 6.371568e-16 1.000000e-20
5.883389e+03 6.339199e-16 1.000000e-20
5.884641e+03 6.336835e-16 1.000000e-20
5.885893e+03 6.307198e-16 1.000000e-20
5.887146e+03 6.290656e-16 1.000000e-20
5.888398e+03 6.215024e-16 1.000000e-20
5.889650e+03 5.928496e-16 1.000000e-20
5.890902e+03 5.950793e-16 1.000000e-20
5.892155e+03 6.478927e-16 1.000000e-20
5.893407e+03 5.835430e-16 1.000000e-20
5.894659e+03 6.075087e-16 1.000000e-20
5.895912e+03 6.204930e-16 1.000000e-20
5.897164e+03 6.094021e-16 1.000000e-20
5.898416e+03 5.626934e-16 1.000000e-20
5.899668e+03 5.789151e-16 1.000000e-20
5.900921e+03 5.868241e-16 1.000000e-20
5.902173e+03 5.988091e-16 1.000000e-20
5.903425e+03 5.912640e-16 1.000000e-20
5.904678e+03 5.851944e-16 1.000000e-20
5.905930e+03 6.063559e-16 1.000000e-20
5.907183e+03 5.974815e-16 1.000000e-20
5.908435e+03 5.997121e-16 1.000000e-20
5.909687e+03 6.149747e-16 1.000000e-20
5.910939e+03 6.052173e-16 1.000000e-20
5.912191e+03 6.152315e-16 1.000000e-20
5.913444e+03 5.997402e-16 1.000000e-20
5.914696e+03 5.775540e-16 1.000000e-20
5.915948e+03 5.923856e-16 1.000000e-20
5.917201e+03 5.916531e-16 1.000000e-20
5.918453e+03 5.780953e-16 1.000000e-20
5.919706e+03 5.881288e-16 1.000000e-20
5.920958e+03 5.889756e-16 1.000000e-20
5.922210e+03 5.892128e-16 1.000000e-20
5.923462e+03 5.637873e-16 1.000000e-20
5.924715e+03 5.680560e-16 1.000000e-20
5.925967e+03 6.008967e-16 1.000000e-20
5.927219e+03 5.951565e-16 1.000000e-20
5.928472e+03 5.943834e-16 1.000000e-20
5.929724e+03 5.902497e-16 1.000000e-20
5.930976e+03 5.899732e-16 1.000000e-20
5.932229e+03 5.834065e-16 1.000000e-20
5.933480e+03 5.754599e-16 1.000000e-20
5.934733e+03 5.969545e-16 1.000000e-20
5.935985e+03 5.702034e-16 1.000000e-20
5.937238e+03 5.921777e-16 1.000000e-20
5.938490e+03 5.859301e-16 1.000000e-20
5.939742e+03 5.849946e-16 1.000000e-20
5.940995e+03 5.795435e-16 1.000000e-20
5.942247e+03 5.753944e-16 1.000000e-20
5.943499e+03 5.837754e-16 1.000000e-20
5.944751e+03 5.731970e-16 1.000000e-20
5.946004e+03 5.883632e-16 1.000000e-20
5.947256e+03 5.488743e-16 1.000000e-20
5.948508e+03 5.743681e-16 1.000000e-20
5.949761e+03 5.774637e-16 1.000000e-20
5.951013e+03 5.915888e-16 1.000000e-20
5.952265e+03 5.851950e-16 1.000000e-20
5.953518e+03 5.909990e-16 1.000000e-20
5.954770e+03 5.755361e-16 1.000000e-20
5.956022e+03 5.775485e-16 1.000000e-20
5.957274e+03 5.784267e-16 1.000000e-20
5.958527e+03 5.737800e-16 1.000000e-20
5.959779e+03 5.666830e-16 1.000000e-20
5.961031e+03 5.906457e-16 1.000000e-20
5.962284e+03 6.055822e-16 1.000000e-20
5.963536e+03 7.205383e-16 1.000000e-20
5.964788e+03 7.374711e-16 1.000000e-20
5.966041e+03 5.772665e-16 1.000000e-20
5.967293e+03 5.922224e-16 1.000000e-20
5.968545e+03 5.819129e-16 1.000000e-20
5.969797e+03 5.915476e-16 1.000000e-20
5.971050e+03 5.877788e-16 1.000000e-20
5.972302e+03 5.565831e-16 1.000000e-20
5.973554e+03 5.742117e-16 1.000000e-20
5.974807e+03 5.848416e-16 1.000000e-20
5.976059e+03 5.703306e-16 1.000000e-20
5.977312e+03 5.519341e-16 1.000000e-20
5.978563e+03 5.788281e-16 1.000000e-20
5.979816e+03 5.800899e-16 1.000000e-20
5.981068e+03 5.960026e-16 1.000000e-20
5.982320e+03 5.931311e-16 1.000000e-20
5.983573e+03 5.858549e-16 1.000000e-20
5.984825e+03 5.802684e-16 1.000000e-20
5.986077e+03 6.077778e-16 1.000000e-20
5.987330e+03 5.967278e-16 1.000000e-20
5.988582e+03 6.199937e-16 1.000000e-20
5.989834e+03 6.041533e-16 1.000000e-20
5.991086e+03 6.085233e-16 1.000000e-20
5.992339e+03 6.082694e-16 1.000000e-20
5.993591e+03 6.232766e-16 1.000000e-20
5.994844e+03 6.297786e-16 1.000000e-20
5.996096e+03 6.259787e-16 1.000000e-20
5.997348e+03 6.196357e-16 1.000000e-20
5.998601e+03 6.186540e-16 1.000000e-20
5.999853e+03 6.191558e-16 1.000000e-20
6.001105e+03 6.147766e-16 1.000000e-20
6.002357e+03 6.143403e-16 1.000000e-20
6.003609e+03 6.142647e-16 1.000000e-20
6.004862e+03 6.205736e-16 1.000000e-20
6.006114e+03 6.118686e-16 1.000000e-20
6.007367e+03 6.139216e-16 1.000000e-20
6.008619e+03 6.048277e-16 1.000000e-20
6.009871e+03 6.178840e-16 1.000000e-20
6.011124e+03 6.212431e-16 1.000000e-20
6.012376e+03 6.301203e-16 1.000000e-20
6.013628e+03 6.522960e-16 1.000000e-20
6.014880e+03 6.514288e-16 1.000000e-20
6.016133e+03 6.351303e-16 1.000000e-20
6.017385e+03 6.220019e-16 1.000000e-20
6.018637e+03 6.347322e-16 1.000000e-20
6.019890e+03 6.355843e-16 1.000000e-20
6.021142e+03 6.635704e-16 1.000000e-20
6.022394e+03 6.529568e-16 1.000000e-20
6.023646e+03 6.526193e-16 1.000000e-20
6.024899e+03 6.436141e-16 1.000000e-20
6.026151e+03 6.354373e-16 1.000000e-20
6.027403e+03 6.595740e-16 1.000000e-20
6.028656e+03 6.629683e-16 1.000000e-20
6.029908e+03 6.713712e-16 1.000000e-20
6.031160e+03 6.691767e-16 1.000000e-20
6.032413e+03 6.429670e-16 1.000000e-20
6.033665e+03 6.273723e-16 1.000000e-20
6.034917e+03 6.403020e-16 1.000000e-20
6.036169e+03 6.550423e-16 1.000000e-20
6.037422e+03 6.497246e-16 1.000000e-20
6.038674e+03 6.584873e-16 1.000000e-20
6.039926e+03 6.528370e-16 1.000000e-20
6.041179e+03 6.604847e-16 1.000000e-20
6.042431e+03 6.756442e-16 1.000000e-20
6.043683e+03 6.512557e-16 1.000000e-20
6.044936e+03 6.653131e-16 1.000000e-20
6.046188e+03 6.659448e-16 1.000000e-20
6.047440e+03 6.527204e-16 1.000000e-20
6.048692e+03 6.441817e-16 1.000000e-20
6.049945e+03 6.290870e-16 1.000000e-20
6.051197e+03 6.416324e-16 1.000000e-20
6.052449e+03 6.645535e-16 1.000000e-20
6.053702e+03 6.656589e-16 1.000000e-20
6.054954e+03 6.560117e-16 1.000000e-20
6.056207e+03 6.675021e-16 1.000000e-20
6.057458e+03 6.577486e-16 1.000000e-20
6.058711e+03 6.717395e-16 1.000000e-20
6.059963e+03 6.802787e-16 1.000000e-20
6.061216e+03 6.728184e-16 1.000000e-20
6.062468e+03 6.851263e-16 1.000000e-20
6.063720e+03 6.829906e-16 1.000000e-20
6.064973e+03 6.604794e-16 1.000000e-20
6.066225e+03 6.643968e-16 1.000000e-20
6.067477e+03 6.823800e-16 1.000000e-20
6.068729e+03 6.680092e-16 1.000000e-20
6.069981e+03 6.678467e-16 1.000000e-20
6.071234e+03 7.043767e-16 1.000000e-20
6.072486e+03 6.854245e-16 1.000000e-20
6.073739e+03 6.762821e-16 1.000000e-20
6.074991e+03 6.792166e-16 1.000000e-20
6.076243e+03 6.564980e-16 1.000000e-20
6.077496e+03 6.690369e-16 1.000000e-20
6.078748e+03 6.680583e-16 1.000000e-20
6.080000e+03 6.580057e-16 1.000000e-20
6.081252e+03 6.801187e-16 1.000000e-20
6.082505e+03 6.679374e-16 1.000000e-20
6.083757e+03 6.662154e-16 1.000000e-20
6.085009e+03 6.203192e-16 1.000000e-20
6.086262e+03 6.099906e-16 1.000000e-20
6.087514e+03 6.207952e-16 1.000000e-20
6.088766e+03 6.515674e-16 1.000000e-20
6.090019e+03 6.552513e-16 1.000000e-20
6.091271e+03 6.346420e-16 1.000000e-20
6.092523e+03 6.107162e-16 1.000000e-20
6.093775e+03 6.301160e-16 1.000000e-20
6.095028e+03 6.377635e-16 1.000000e-20
6.096280e+03 6.712120e-16 1.000000e-20
6.097532e+03 6.709737e-16 1.000000e-20
6.098785e+03 6.672668e-16 1.000000e-20
6.100037e+03 6.777398e-16 1.000000e-20
6.101289e+03 6.764704e-16 1.000000e-20
6.102542e+03 6.718492e-16 1.000000e-20
6.103794e+03 6.727888e-16 1.000000e-20
6.105046e+03 6.688666e-16 1.000000e-20
6.106298e+03 6.517384e-16 1.000000e-20
6.107551e+03 6.679369e-16 1.000000e-20
6.108803e+03 6.655660e-16 1.000000e-20
6.110055e+03 6.605972e-16 1.000000e-20
6.111308e+03 6.564646e-16 1.000000e-20
6.112560e+03 6.694364e-16 1.000000e-20
6.113812e+03 6.697552e-16 1.000000e-20
6.115064e+03 6.782699e-16 1.000000e-20
6.116317e+03 6.681346e-16 1.000000e-20
6.117569e+03 6.988315e-16 1.000000e-20
6.118821e+03 6.938531e-16 1.000000e-20
6.120074e+03 6.686220e-16 1.000000e-20
6.121326e+03 6.808658e-16 1.000000e-20
6.122578e+03 6.644334e-16 1.000000e-20
6.123831e+03 6.772572e-16 1.000000e-20
6.125083e+03 6.951023e-16 1.000000e-20
6.126335e+03 6.974655e-16 1.000000e-20
6.127587e+03 6.752635e-16 1.000000e-20
6.128840e+03 6.761029e-16 1.000000e-20
6.130092e+03 6.743733e-16 1.000000e-20
6.131345e+03 6.847191e-16 1.000000e-20
6.132597e+03 6.669961e-16 1.000000e-20
6.133849e+03 6.743101e-16 1.000000e-20
6.135102e+03 6.808459e-16 1.000000e-20
6.136354e+03 6.704690e-16 1.000000e-20
6.137606e+03 6.871580e-16 1.000000e-20
6.138858e+03 6.610356e-16 1.000000e-20
6.140110e+03 6.597675e-16 1.000000e-20
6.141363e+03 6.925924e-16 1.000000e-20
6.142615e+03 6.751221e-16 1.000000e-20
6.143868e+03 6.563488e-16 1.000000e-20
6.145120e+03 6.731065e-16 1.000000e-20
6.146372e+03 6.931312e-16 1.000000e-20
6.147625e+03 6.891422e-16 1.000000e-20
6.148877e+03 6.739116e-16 1.000000e-20
6.150129e+03 6.746562e-16 1.000000e-20
6.151381e+03 6.634793e-16 1.000000e-20
6.152634e+03 6.570781e-16 1.000000e-20
6.153886e+03 6.787107e-16 1.000000e-20
6.155138e+03 6.688377e-16 1.000000e-20
6.156391e+03 6.538194e-16 1.000000e-20
6.157643e+03 6.440667e-16 1.000000e-20
6.158895e+03 6.761978e-16 1.000000e-20
6.160147e+03 6.555835e-16 1.000000e-20
6.161400e+03 6.483228e-16 1.000000e-20
6.162652e+03 6.690262e-16 1.000000e-20
6.163904e+03 6.597010e-16 1.000000e-20
6.165157e+03 6.457565e-16 1.000000e-20
6.166409e+03 6.476308e-16 1.000000e-20
6.167661e+03 6.538878e-16 1.000000e-20
6.168914e+03 6.422646e-16 1.000000e-20
6.170166e+03 6.320173e-16 1.000000e-20
6.171418e+03 6.549481e-16 1.000000e-20
6.172670e+03 6.467337e-16 1.000000e-20
6.173923e+03 6.330624e-16 1.000000e-20
6.175175e+03 6.477862e-16 1.000000e-20
6.176427e+03 6.159938e-16 1.000000e-20
6.177680e+03 6.153730e-16 1.000000e-20
6.178932e+03 6.311630e-16 1.000000e-20
6.180184e+03 6.237695e-16 1.000000e-20
6.181437e+03 6.211924e-16 1.000000e-20
6.182689e+03 6.188568e-16 1.000000e-20
6.183941e+03 6.006893e-16 1.000000e-20
6.185193e+03 5.935624e-16 1.000000e-20
6.186446e+03 5.963450e-16 1.000000e-20
6.187698e+03 5.817590e-16 1.000000e-20
6.188950e+03 5.770508e-16 1.000000e-20
6.190203e+03 5.947334e-16 1.000000e-20
6.191455e+03 5.953089e-16 1.000000e-20
6.192707e+03 5.825040e-16 1.000000e-20
6.193959e+03 5.691952e-16 1.000000e-20
6.195212e+03 5.669783e-16 1.000000e-20
6.196464e+03 5.545266e-16 1.000000e-20
6.197716e+03 5.632755e-16 1.000000e-20
6.198969e+03 5.449124e-16 1.000000e-20
6.200221e+03 5.513814e-16 1.000000e-20
6.201474e+03 5.220817e-16 1.000000e-20
6.202726e+03 5.237924e-16 1.000000e-20
6.203978e+03 5.254551e-16 1.000000e-20
6.205230e+03 5.272912e-16 1.000000e-20
6.206482e+03 5.147421e-16 1.000000e-20
6.207735e+03 5.075943e-16 1.000000e-20
6.208987e+03 4.983257e-16 1.000000e-20
6.210239e+03 4.894244e-16 1.000000e-20
6.211492e+03 4.947875e-16 1.000000e-20
6.212744e+03 4.948485e-16 1.000000e-20
6.213997e+03 4.868231e-16 1.000000e-20
6.215249e+03 4.948896e-16 1.000000e-20
6.216501e+03 4.690659e-16 1.000000e-20
6.217753e+03 4.636129e-16 1.000000e-20
6.219006e+03 4.676332e-16 1.000000e-20
6.220258e+03 4.526379e-16 1.000000e-20
6.221510e+03 4.443239e-16 1.000000e-20
6.222763e+03 4.510359e-16 1.000000e-20
6.224015e+03 4.405790e-16 1.000000e-20
6.225267e+03 4.521600e-16 1.000000e-20
6.226520e+03 4.517332e-16 1.000000e-20
6.227771e+03 4.465851e-16 1.000000e-20
6.229024e+03 4.359029e-16 1.000000e-20
6.230276e+03 4.414615e-16 1.000000e-20
6.231529e+03 4.364802e-16 1.000000e-20
6.232781e+03 4.201510e-16 1.000000e-20
6.234033e+03 4.099618e-16 1.000000e-20
6.235286e+03 4.224235e-16 1.000000e-20
6.236538e+03 4.121101e-16 1.000000e-20
6.237790e+03 4.154415e-16 1.000000e-20
6.239042e+03 4.162694e-16 1.000000e-20
6.240295e+03 4.085203e-16 1.000000e-20
6.241547e+03 4.049576e-16 1.000000e-20
6.242799e+03 3.785662e-16 1.000000e-20
6.244052e+03 3.949996e-16 1.000000e-20
6.245304e+03 3.865424e-16 1.000000e-20
6.246556e+03 4.137767e-16 1.000000e-20
6.247809e+03 4.180771e-16 1.000000e-20
6.249061e+03 4.053143e-16 1.000000e-20
6.250313e+03 3.883933e-16 1.000000e-20
6.251565e+03 3.633332e-16 1.000000e-20
6.252818e+03 3.901894e-16 1.000000e-20
6.254070e+03 3.764928e-16 1.000000e-20
6.255322e+03 3.791528e-16 1.000000e-20
6.256575e+03 3.779118e-16 1.000000e-20
6.257827e+03 3.830205e-16 1.000000e-20
6.259079e+03 3.728034e-16 1.000000e-20
6.260332e+03 3.675702e-16 1.000000e-20
6.261584e+03 3.599939e-16 1.000000e-20
6.262836e+03 3.522245e-16 1.000000e-20
6.264088e+03 3.706882e-16 1.000000e-20
6.265341e+03 3.686982e-16 1.000000e-20
6.266593e+03 3.500843e-16 1.000000e-20
6.267845e+03 3.430251e-16 1.000000e-20
6.269098e+03 3.526520e-16 1.000000e-20
6.270350e+03 3.656479e-16 1.000000e-20
6.271603e+03 3.598879e-16 1.000000e-20
6.272854e+03 3.567678e-16 1.000000e-20
6.274107e+03 3.701548e-16 1.000000e-20
6.275359e+03 3.596223e-16 1.000000e-20
6.276611e+03 3.387340e-16 1.000000e-20
6.277864e+03 3.429537e-16 1.000000e-20
6.279116e+03 3.492131e-16 1.000000e-20
6.280368e+03 3.628597e-16 1.000000e-20
6.281621e+03 3.538205e-16 1.000000e-20
6.282873e+03 3.271883e-16 1.000000e-20
6.284125e+03 3.249348e-16 1.000000e-20
6.285377e+03 3.392232e-16 1.000000e-20
6.286630e+03 3.328019e-16 1.000000e-20
6.287882e+03 3.550136e-16 1.000000e-20
6.289135e+03 3.175493e-16 1.000000e-20
6.290387e+03 3.332875e-16 1.000000e-20
6.291639e+03 3.233986e-16 1.000000e-20
6.292892e+03 3.128368e-16 1.000000e-20
6.294144e+03 3.204125e-16 1.000000e-20
6.295396e+03 3.160132e-16 1.000000e-20
6.296648e+03 3.165953e-16 1.000000e-20
6.297900e+03 3.199076e-16 1.000000e-20
6.299153e+03 3.778399e-16 1.000000e-20
6.300405e+03 2.915958e-16 1.000000e-20
6.301658e+03 2.150504e-16 1.000000e-20
6.302910e+03 4.116472e-16 1.000000e-20
6.304162e+03 3.260888e-16 1.000000e-20
6.305415e+03 3.349628e-16 1.000000e-20
6.306667e+03 3.215063e-16 1.000000e-20
6.307919e+03 3.073972e-16 1.000000e-20
6.309171e+03 3.207461e-16 1.000000e-20
6.310424e+03 3.334571e-16 1.000000e-20
6.311676e+03 3.234111e-16 1.000000e-20
6.312928e+03 3.138694e-16 1.000000e-20
6.314181e+03 3.225466e-16 1.000000e-20
6.315433e+03 3.239278e-16 1.000000e-20
6.316685e+03 3.251442e-16 1.000000e-20
6.317938e+03 3.169646e-16 1.000000e-20
6.319190e+03 3.387173e-16 1.000000e-20
6.320442e+03 3.243942e-16 1.000000e-20
6.321694e+03 3.197703e-16 1.000000e-20
6.322947e+03 3.323312e-16 1.000000e-20
6.324199e+03 3.295409e-16 1.000000e-20
6.325451e+03 3.239353e-16 1.000000e-20
6.326704e+03 3.224470e-16 1.000000e-20
6.327956e+03 3.191254e-16 1.000000e-20
6.329208e+03 3.212940e-16 1.000000e-20
6.330460e+03 3.061895e-16 1.000000e-20
6.331713e+03 3.269124e-16 1.000000e-20
6.332965e+03 3.323391e-16 1.000000e-20
6.334217e+03 3.294233e-16 1.000000e-20
6.335470e+03 3.419428e-16 1.000000e-20
6.336722e+03 3.269926e-16 1.000000e-20
6.337974e+03 3.331845e-16 1.000000e-20
6.339227e+03 3.415749e-16 1.000000e-20
6.340479e+03 3.293638e-16 1.000000e-20
6.341731e+03 3.115736e-16 1.000000e-20
6.342983e+03 3.191927e-16 1.000000e-20
6.344236e+03 3.208876e-16 1.000000e-20
6.345488e+03 3.239216e-16 1.000000e-20
6.346740e+03 3.474178e-16 1.000000e-20
6.347993e+03 3.339914e-16 1.000000e-20
6.349245e+03 3.597982e-16 1.000000e-20
6.350498e+03 3.447776e-16 1.000000e-20
6.351750e+03 3.499445e-16 1.000000e-20
6.353002e+03 3.469096e-16 1.000000e-20
6.354254e+03 3.551520e-16 1.000000e-20
6.355506e+03 3.517014e-16 1.000000e-20
6.356759e+03 3.531917e-16 1.000000e-20
6.358011e+03 3.426249e-16 1.000000e-20
6.359264e+03 3.520778e-16 1.000000e-20
6.360516e+03 3.611178e-16 1.000000e-20
6.361768e+03 3.509445e-16 1.000000e-20
6.363021e+03 3.875891e-16 1.000000e-20
6.364272e+03 3.501217e-16 1.000000e-20
6.365525e+03 3.351395e-16 1.000000e-20
6.366777e+03 3.745658e-16 1.000000e-20
6.368030e+03 3.325124e-16 1.000000e-20
6.369282e+03 3.277224e-16 1.000000e-20
6.370534e+03 3.514501e-16 1.000000e-20
6.371787e+03 3.562981e-16 1.000000e-20
6.373039e+03 3.679390e-16 1.000000e-20
6.374291e+03 3.619132e-16 1.000000e-20
6.375543e+03 3.532666e-16 1.000000e-20
6.376796e+03 3.619220e-16 1.000000e-20
6.378048e+03 3.631612e-16 1.000000e-20
6.379300e+03 3.671190e-16 1.000000e-20
6.380553e+03 3.734049e-16 1.000000e-20
6.381805e+03 3.804153e-16 1.000000e-20
6.383057e+03 3.898883e-16 1.000000e-20
6.384310e+03 3.709663e-16 1.000000e-20
6.385562e+03 3.507796e-16 1.000000e-20
6.386814e+03 3.442826e-16 1.000000e-20
6.388066e+03 3.659807e-16 1.000000e-20
6.389319e+03 3.985400e-16 1.000000e-20
6.390571e+03 3.892863e-16 1.000000e-20
6.391823e+03 3.834172e-16 1.000000e-20
6.393076e+03 4.143240e-16 1.000000e-20
6.394328e+03 4.034613e-16 1.000000e-20
6.395580e+03 3.940195e-16 1.000000e-20
6.396833e+03 3.950403e-16 1.000000e-20
6.398085e+03 4.000290e-16 1.000000e-20
6.399337e+03 3.919371e-16 1.000000e-20
6.400589e+03 4.019317e-16 1.000000e-20
6.401842e+03 4.287256e-16 1.000000e-20
6.403094e+03 4.142436e-16 1.000000e-20
6.404346e+03 4.055796e-16 1.000000e-20
6.405599e+03 4.302186e-16 1.000000e-20
6.406851e+03 4.287704e-16 1.000000e-20
6.408104e+03 4.332465e-16 1.000000e-20
6.409355e+03 4.303073e-16 1.000000e-20
6.410608e+03 4.381233e-16 1.000000e-20
6.411860e+03 4.497793e-16 1.000000e-20
6.413112e+03 4.624779e-16 1.000000e-20
6.414365e+03 4.567791e-16 1.000000e-20
6.415617e+03 4.432673e-16 1.000000e-20
6.416869e+03 4.456682e-16 1.000000e-20
6.418122e+03 4.508528e-16 1.000000e-20
6.419374e+03 4.543449e-16 1.000000e-20
6.420626e+03 4.591907e-16 1.000000e-20
6.421878e+03 4.704912e-16 1.000000e-20
6.423131e+03 4.510129e-16 1.000000e-20
6.424383e+03 4.448745e-16 1.000000e-20
6.425636e+03 4.450370e-16 1.000000e-20
6.426888e+03 4.584336e-16 1.000000e-20
6.428140e+03 4.597436e-16 1.000000e-20
6.429393e+03 4.979348e-16 1.000000e-20
6.430645e+03 4.667081e-16 1.000000e-20
6.431897e+03 4.771097e-16 1.000000e-20
6.433149e+03 4.769537e-16 1.000000e-20
6.434401e+03 4.924086e-16 1.000000e-20
6.435654e+03 4.859921e-16 1.000000e-20
6.436906e+03 4.715666e-16 1.000000e-20
6.438158e+03 4.832650e-16 1.000000e-20
6.439411e+03 4.767145e-16 1.000000e-20
6.440663e+03 4.968666e-16 1.000000e-20
6.441916e+03 4.946743e-16 1.000000e-20
6.443168e+03 5.031266e-16 1.000000e-20
6.444420e+03 5.314482e-16 1.000000e-20
6.445672e+03 5.375275e-16 1.000000e-20
6.446925e+03 5.215041e-16 1.000000e-20
6.448177e+03 5.117108e-16 1.000000e-20
6.449429e+03 5.017387e-16 1.000000e-20
6.450682e+03 5.110967e-16 1.000000e-20
6.451934e+03 5.231124e-16 1.000000e-20
6.453186e+03 5.323715e-16 1.000000e-20
6.454438e+03 5.158132e-16 1.000000e-20
6.455690e+03 5.175289e-16 1.000000e-20
6.456943e+03 5.252116e-16 1.000000e-20
6.458195e+03 5.207818e-16 1.000000e-20
6.459448e+03 5.282514e-16 1.000000e-20
6.460700e+03 5.385302e-16 1.000000e-20
6.461952e+03 5.495845e-16 1.000000e-20
6.463205e+03 5.465715e-16 1.000000e-20
6.464457e+03 5.396083e-16 1.000000e-20
6.465709e+03 5.386286e-16 1.000000e-20
6.466961e+03 5.474617e-16 1.000000e-20
6.468214e+03 5.416681e-16 1.000000e-20
6.469466e+03 5.500522e-16 1.000000e-20
6.470718e+03 5.279095e-16 1.000000e-20
6.471971e+03 5.529034e-16 1.000000e-20
6.473223e+03 5.550918e-16 1.000000e-20
6.474475e+03 5.533983e-16 1.000000e-20
6.475728e+03 5.488223e-16 1.000000e-20
6.476980e+03 5.576755e-16 1.000000e-20
6.478232e+03 5.748798e-16 1.000000e-20
6.479484e+03 5.839592e-16 1.000000e-20
6.480737e+03 5.577682e-16 1.000000e-20
6.481989e+03 5.488293e-16 1.000000e-20
6.483241e+03 5.570107e-16 1.000000e-20
6.484494e+03 5.727819e-16 1.000000e-20
6.485746e+03 5.870283e-16 1.000000e-20
6.486998e+03 5.875351e-16 1.000000e-20
6.488250e+03 5.725209e-16 1.000000e-20
6.489503e+03 5.732807e-16 1.000000e-20
6.490755e+03 5.747058e-16 1.000000e-20
6.492007e+03 5.861991e-16 1.000000e-20
6.493260e+03 5.867325e-16 1.000000e-20
6.494512e+03 5.836271e-16 1.000000e-20
6.495765e+03 6.065317e-16 1.000000e-20
6.497017e+03 5.960787e-16 1.000000e-20
6.498269e+03 5.958855e-16 1.000000e-20
6.499521e+03 5.957716e-16 1.000000e-20
6.500773e+03 5.980243e-16 1.000000e-20
6.502026e+03 6.069486e-16 1.000000e-20
6.503278e+03 6.188885e-16 1.000000e-20
6.504530e+03 5.931871e-16 1.000000e-20
6.505783e+03 6.077855e-16 1.000000e-20
6.507035e+03 6.184645e-16 1.000000e-20
6.508288e+03 5.825676e-16 1.000000e-20
6.509540e+03 5.815748e-16 1.000000e-20
6.510792e+03 5.934413e-16 1.000000e-20
6.512044e+03 5.833776e-16 1.000000e-20
6.513297e+03 5.844387e-16 1.000000e-20
6.514549e+03 6.107052e-16 1.000000e-20
6.515801e+03 5.938458e-16 1.000000e-20
6.517054e+03 5.954715e-16 1.000000e-20
6.518306e+03 6.136685e-16 1.000000e-20
6.519558e+03 6.112202e-16 1.000000e-20
6.520811e+03 6.191735e-16 1.000000e-20
6.522062e+03 6.090890e-16 1.000000e-20
6.523315e+03 6.062843e-16 1.000000e-20
6.524567e+03 6.157703e-16 1.000000e-20
6.525820e+03 6.106712e-16 1.000000e-20
6.527072e+03 6.031286e-16 1.000000e-20
6.528324e+03 6.059758e-16 1.000000e-20
6.529577e+03 6.093811e-16 1.000000e-20
6.530829e+03 6.112359e-16 1.000000e-20
6.532081e+03 6.064765e-16 1.000000e-20
6.533333e+03 6.188562e-16 1.000000e-20
6.534586e+03 6.094173e-16 1.000000e-20
6.535838e+03 6.111538e-16 1.000000e-20
6.537090e+03 6.128265e-16 1.000000e-20
6.538343e+03 6.187535e-16 1.000000e-20
6.539595e+03 6.131460e-16 1.000000e-20
6.540847e+03 6.144448e-16 1.000000e-20
6.542100e+03 6.210922e-16 1.000000e-20
6.543352e+03 6.148141e-16 1.000000e-20
6.544604e+03 6.131611e-16 1.000000e-20
6.545856e+03 6.229189e-16 1.000000e-20
6.547109e+03 6.169725e-16 1.000000e-20
6.548361e+03 5.985852e-16 1.000000e-20
6.549613e+03 6.153280e-16 1.000000e-20
6.550866e+03 6.012671e-16 1.000000e-20
6.552118e+03 6.187653e-16 1.000000e-20
6.553370e+03 6.109840e-16 1.000000e-20
6.554623e+03 6.276351e-16 1.000000e-20
6.555875e+03 6.163172e-16 1.000000e-20
6.557127e+03 6.005647e-16 1.000000e-20
6.558379e+03 6.157091e-16 1.000000e-20
6.559632e+03 6.209413e-16 1.000000e-20
6.560884e+03 6.246653e-16 1.000000e-20
6.562137e+03 6.246435e-16 1.000000e-20
6.563389e+03 6.022396e-16 1.000000e-20
6.564641e+03 6.177591e-16 1.000000e-20
6.565894e+03 6.182712e-16 1.000000e-20
6.567146e+03 6.285649e-16 1.000000e-20
6.568398e+03 6.065719e-16 1.000000e-20
6.569650e+03 6.127820e-16 1.000000e-20
6.570902e+03 5.797611e-16 1.000000e-20
6.572155e+03 6.102112e-16 1.000000e-20
6.573407e+03 6.000150e-16 1.000000e-20
6.574659e+03 6.089699e-16 1.000000e-20
6.575912e+03 6.060162e-16 1.000000e-20
6.577164e+03 6.118283e-16 1.000000e-20
6.578417e+03 6.105793e-16 1.000000e-20
6.579669e+03 5.937105e-16 1.000000e-20
6.580921e+03 6.085701e-16 1.000000e-20
6.582173e+03 6.141905e-16 1.000000e-20
6.583426e+03 6.096469e-16 1.000000e-20
6.584678e+03 6.049686e-16 1.000000e-20
6.585930e+03 5.992162e-16 1.000000e-20
6.587183e+03 5.990240e-16 1.000000e-20
6.588435e+03 6.212846e-16 1.000000e-20
6.589687e+03 6.223285e-16 1.000000e-20
6.590939e+03 6.088466e-16 1.000000e-20
6.592191e+03 6.014412e-16 1.000000e-20
6.593444e+03 6.231655e-16 1.000000e-20
6.594696e+03 6.174129e-16 1.000000e-20
6.595949e+03 6.017059e-16 1.000000e-20
6.597201e+03 6.076076e-16 1.000000e-20
6.598453e+03 5.922548e-16 1.000000e-20
6.599706e+03 6.044638e-16 1.000000e-20
6.600958e+03 6.199991e-16 1.000000e-20
6.602210e+03 6.098661e-16 1.000000e-20
6.603462e+03 5.982630e-16 1.000000e-20
6.604715e+03 5.991402e-16 1.000000e-20
6.605967e+03 5.822356e-16 1.000000e-20
6.607219e+03 5.816164e-16 1.000000e-20
6.608472e+03 5.941230e-16 1.000000e-20
6.609724e+03 5.907253e-16 1.000000e-20
6.610976e+03 5.809815e-16 1.000000e-20
6.612229e+03 5.904584e-16 1.000000e-20
6.613481e+03 5.858825e-16 1.000000e-20
6.614733e+03 5.717772e-16 1.000000e-20
6.615985e+03 5.885091e-16 1.000000e-20
6.617238e+03 5.881217e-16 1.000000e-20
6.618490e+03 5.914769e-16 1.000000e-20
6.619742e+03 6.102387e-16 1.000000e-20
6.620995e+03 5.971463e-16 1.000000e-20
6.622247e+03 5.826090e-16 1.000000e-20
6.623499e+03 5.784787e-16 1.000000e-20
6.624751e+03 5.809164e-16 1.000000e-20
6.626004e+03 5.886118e-16 1.000000e-20
6.627256e+03 5.937200e-16 1.000000e-20
6.628508e+03 5.829916e-16 1.000000e-20
6.629761e+03 5.770826e-16 1.000000e-20
6.631013e+03 5.910313e-16 1.000000e-20
6.632266e+03 5.891257e-16 1.000000e-20
6.633518e+03 5.791446e-16 1.000000e-20
6.634770e+03 5.659894e-16 1.000000e-20
6.636022e+03 5.706983e-16 1.000000e-20
6.637274e+03 5.761366e-16 1.000000e-20
6.638527e+03 5.686737e-16 1.000000e-20
6.639779e+03 5.855218e-16 1.000000e-20
6.641031e+03 5.689882e-16 1.000000e-20
6.642284e+03 5.622662e-16 1.000000e-20
6.643536e+03 5.775090e-16 1.000000e-20
6.644788e+03 5.712378e-16 1.000000e-20
6.646041e+03 5.781985e-16 1.000000e-20
6.647293e+03 5.715657e-16 1.000000e-20
6.648545e+03 5.722731e-16 1.000000e-20
6.649798e+03 5.837476e-16 1.000000e-20
6.651050e+03 5.831956e-16 1.000000e-20
6.652302e+03 5.651166e-16 1.000000e-20
6.653555e+03 5.595557e-16 1.000000e-20
6.654807e+03 5.707233e-16 1.000000e-20
6.656059e+03 5.629456e-16 1.000000e-20
6.657312e+03 5.623711e-16 1.000000e-20
6.658563e+03 5.910872e-16 1.000000e-20
6.659816e+03 5.780815e-16 1.000000e-20
6.661068e+03 5.768408e-16 1.000000e-20
6.662320e+03 5.786595e-16 1.000000e-20
6.663573e+03 5.791749e-16 1.000000e-20
6.664825e+03 5.687179e-16 1.000000e-20
6.666078e+03 5.583295e-16 1.000000e-20
6.667330e+03 5.606548e-16 1.000000e-20
6.668582e+03 5.608954e-16 1.000000e-20
6.669834e+03 5.538370e-16 1.000000e-20
6.671087e+03 5.498749e-16 1.000000e-20
6.672339e+03 5.526691e-16 1.000000e-20
6.673591e+03 5.594643e-16 1.000000e-20
6.674844e+03 5.577612e-16 1.000000e-20
6.676096e+03 5.704528e-16 1.000000e-20
6.677348e+03 5.712888e-16 1.000000e-20
6.678601e+03 5.484011e-16 1.000000e-20
6.679853e+03 5.386373e-16 1.000000e-20
6.681105e+03 5.323756e-16 1.000000e-20
6.682357e+03 5.779369e-16 1.000000e-20
6.683610e+03 5.571317e-16 1.000000e-20
6.684862e+03 5.370579e-16 1.000000e-20
6.686114e+03 5.257649e-16 1.000000e-20
6.687367e+03 5.343444e-16 1.000000e-20
6.688619e+03 5.381070e-16 1.000000e-20
6.689871e+03 5.475109e-16 1.000000e-20
6.691124e+03 5.630492e-16 1.000000e-20
6.692376e+03 5.445492e-16 1.000000e-20
6.693628e+03 5.451063e-16 1.000000e-20
6.694880e+03 5.479138e-16 1.000000e-20
6.696133e+03 5.467714e-16 1.000000e-20
6.697385e+03 5.571622e-16 1.000000e-20
6.698637e+03 5.349056e-16 1.000000e-20
6.699890e+03 5.303168e-16 1.000000e-20
6.701142e+03 5.354204e-16 1.000000e-20
6.702395e+03 5.240273e-16 1.000000e-20
6.703646e+03 5.218937e-16 1.000000e-20
6.704899e+03 5.337395e-16 1.000000e-20
6.706151e+03 5.222539e-16 1.000000e-20
6.707403e+03 5.193748e-16 1.000000e-20
6.708656e+03 5.246338e-16 1.000000e-20
6.709908e+03 5.098731e-16 1.000000e-20
6.711160e+03 5.105032e-16 1.000000e-20
6.712413e+03 5.021334e-16 1.000000e-20
6.713665e+03 4.935875e-16 1.000000e-20
6.714917e+03 5.093033e-16 1.000000e-20
6.716169e+03 5.176578e-16 1.000000e-20
6.717422e+03 5.108342e-16 1.000000e-20
6.718674e+03 5.152802e-16 1.000000e-20
6.719927e+03 5.263044e-16 1.000000e-20
6.721179e+03 5.233435e-16 1.000000e-20
6.722431e+03 5.264042e-16 1.000000e-20
6.723684e+03 5.171619e-16 1.000000e-20
6.724936e+03 5.156661e-16 1.000000e-20
6.726188e+03 5.192488e-16 1.000000e-20
6.727440e+03 5.214778e-16 1.000000e-20
6.728692e+03 5.180772e-16 1.000000e-20
6.729945e+03 5.141604e-16 1.000000e-20
6.731197e+03 5.244725e-16 1.000000e-20
6.732449e+03 5.216532e-16 1.000000e-20
6.733702e+03 5.127131e-16 1.000000e-20
6.734954e+03 5.023462e-16 1.000000e-20
6.736207e+03 5.102159e-16 1.000000e-20
6.737459e+03 5.178809e-16 1.000000e-20
6.738711e+03 5.097593e-16 1.000000e-20
6.739963e+03 5.089380e-16 1.000000e-20
6.741216e+03 5.196420e-16 1.000000e-20
6.742468e+03 5.192487e-16 1.000000e-20
6.743720e+03 5.023620e-16 1.000000e-20
6.744973e+03 4.998315e-16 1.000000e-20
6.746225e+03 4.928981e-16 1.000000e-20
6.747477e+03 5.204899e-16 1.000000e-20
6.748729e+03 4.925888e-16 1.000000e-20
6.749981e+03 5.019235e-16 1.000000e-20
6.751234e+03 5.006129e-16 1.000000e-20
6.752486e+03 5.092468e-16 1.000000e-20
6.753739e+03 5.135093e-16 1.000000e-20
6.754991e+03 5.056578e-16 1.000000e-20
6.756243e+03 5.134190e-16 1.000000e-20
6.757496e+03 5.022227e-16 1.000000e-20
6.758748e+03 5.150893e-16 1.000000e-20
6.760000e+03 5.003750e-16 1.000000e-20
6.761252e+03 5.565955e-16 1.000000e-20
6.762505e+03 5.093965e-16 1.000000e-20
6.763757e+03 4.703824e-16 1.000000e-20
6.765009e+03 4.969603e-16 1.000000e-20
6.766262e+03 5.013439e-16 1.000000e-20
6.767514e+03 5.282752e-16 1.000000e-20
6.768766e+03 5.048158e-16 1.000000e-20
6.770019e+03 4.812098e-16 1.000000e-20
6.771271e+03 4.884738e-16 1.000000e-20
6.772523e+03 4.884621e-16 1.000000e-20
6.773775e+03 4.872006e-16 1.000000e-20
6.775028e+03 4.679814e-16 1.000000e-20
6.776280e+03 4.857288e-16 1.000000e-20
6.777532e+03 4.658427e-16 1.000000e-20
6.778785e+03 4.107165e-16 1.000000e-20
6.780037e+03 3.796477e-16 1.000000e-20
6.781289e+03 5.450526e-16 1.000000e-20
6.782542e+03 7.358362e-16 1.000000e-20
6.783794e+03 6.459002e-16 1.000000e-20
6.785046e+03 4.385073e-16 1.000000e-20
6.786298e+03 3.873762e-16 1.000000e-20
6.787551e+03 4.598639e-16 1.000000e-20
6.788803e+03 4.742738e-16 1.000000e-20
6.790056e+03 4.770601e-16 1.000000e-20
6.791308e+03 4.762503e-16 1.000000e-20
6.792560e+03 4.727111e-16 1.000000e-20
6.793812e+03 4.674910e-16 1.000000e-20
6.795064e+03 4.724605e-16 1.000000e-20
6.796317e+03 4.691843e-16 1.000000e-20
6.797569e+03 4.880363e-16 1.000000e-20
6.798821e+03 4.880374e-16 1.000000e-20
6.800074e+03 4.478027e-16 1.000000e-20
6.801326e+03 4.552176e-16 1.000000e-20
6.802578e+03 5.062957e-16 1.000000e-20
6.803831e+03 5.892068e-16 1.000000e-20
6.805083e+03 5.648067e-16 1.000000e-20
6.806335e+03 4.830940e-16 1.000000e-20
6.807588e+03 4.568198e-16 1.000000e-20
6.808840e+03 4.657709e-16 1.000000e-20
6.810092e+03 4.704214e-16 1.000000e-20
6.811345e+03 4.764421e-16 1.000000e-20
6.812597e+03 4.724028e-16 1.000000e-20
6.813849e+03 4.497235e-16 1.000000e-20
6.815102e+03 4.605473e-16 1.000000e-20
6.816354e+03 4.603950e-16 1.000000e-20
6.817606e+03 4.672199e-16 1.000000e-20
6.818858e+03 4.582284e-16 1.000000e-20
6.820111e+03 4.577610e-16 1.000000e-20
6.821363e+03 4.757388e-16 1.000000e-20
6.822615e+03 4.531312e-16 1.000000e-20
6.823868e+03 4.637947e-16 1.000000e-20
6.825120e+03 4.550343e-16 1.000000e-20
6.826372e+03 4.462207e-16 1.000000e-20
6.827625e+03 4.495701e-16 1.000000e-20
6.828877e+03 4.545949e-16 1.000000e-20
6.830129e+03 4.466746e-16 1.000000e-20
6.831381e+03 4.588730e-16 1.000000e-20
6.832634e+03 4.679295e-16 1.000000e-20
6.833886e+03 4.557670e-16 1.000000e-20
6.835138e+03 4.544540e-16 1.000000e-20
6.836391e+03 4.842952e-16 1.000000e-20
6.837643e+03 4.677584e-16 1.000000e-20
6.838895e+03 4.760886e-16 1.000000e-20
6.840147e+03 4.623711e-16 1.000000e-20
6.841400e+03 4.514623e-16 1.000000e-20
6.842652e+03 4.414621e-16 1.000000e-20
6.843904e+03 4.633215e-16 1.000000e-20
6.845157e+03 4.540029e-16 1.000000e-20
6.846409e+03 4.575353e-16 1.000000e-20
6.847661e+03 4.461949e-16 1.000000e-20
6.848914e+03 4.565879e-16 1.000000e-20
6.850166e+03 4.548651e-16 1.000000e-20
6.851418e+03 4.655772e-16 1.000000e-20
6.852670e+03 4.560428e-16 1.000000e-20
6.853923e+03 4.590305e-16 1.000000e-20
6.855175e+03 4.441419e-16 1.000000e-20
6.856427e+03 4.379148e-16 1.000000e-20
6.857680e+03 4.570834e-16 1.000000e-20
6.858932e+03 4.526186e-16 1.000000e-20
6.860185e+03 4.464774e-16 1.000000e-20
6.861437e+03 4.428775e-16 1.000000e-20
6.862689e+03 4.522580e-16 1.000000e-20
6.863941e+03 4.484642e-16 1.000000e-20
6.865193e+03 4.729648e-16 1.000000e-20
6.866446e+03 4.286070e-16 1.000000e-20
6.867698e+03 4.193123e-16 1.000000e-20
6.868950e+03 4.351080e-16 1.000000e-20
6.870203e+03 4.437051e-16 1.000000e-20
6.871455e+03 4.370621e-16 1.000000e-20
6.872708e+03 4.304258e-16 1.000000e-20
6.873959e+03 4.461308e-16 1.000000e-20
6.875212e+03 4.348777e-16 1.000000e-20
6.876464e+03 4.417114e-16 1.000000e-20
6.877717e+03 4.390639e-16 1.000000e-20
6.878969e+03 4.534137e-16 1.000000e-20
6.880221e+03 4.368675e-16 1.000000e-20
6.881474e+03 4.400627e-16 1.000000e-20
6.882726e+03 4.614372e-16 1.000000e-20
6.883978e+03 4.331776e-16 1.000000e-20
6.885230e+03 4.257562e-16 1.000000e-20
6.886482e+03 4.106802e-16 1.000000e-20
6.887735e+03 4.388086e-16 1.000000e-20
6.888987e+03 4.353298e-16 1.000000e-20
6.890240e+03 4.411277e-16 1.000000e-20
6.891492e+03 4.482381e-16 1.000000e-20
6.892744e+03 4.238910e-16 1.000000e-20
6.893997e+03 4.222089e-16 1.000000e-20
6.895249e+03 4.358819e-16 1.000000e-20
6.896501e+03 4.182852e-16 1.000000e-20
6.897753e+03 4.158465e-16 1.000000e-20
6.899006e+03 4.403520e-16 1.000000e-20
6.900258e+03 4.260210e-16 1.000000e-20
6.901510e+03 4.238536e-16 1.000000e-20
6.902763e+03 4.259638e-16 1.000000e-20
6.904015e+03 4.040658e-16 1.000000e-20
6.905267e+03 4.151748e-16 1.000000e-20
6.906520e+03 4.436184e-16 1.000000e-20
6.907772e+03 4.205074e-16 1.000000e-20
6.909024e+03 4.034402e-16 1.000000e-20
6.910276e+03 4.379269e-16 1.000000e-20
6.911529e+03 4.193757e-16 1.000000e-20
6.912781e+03 4.237437e-16 1.000000e-20
6.914033e+03 4.161680e-16 1.000000e-20
6.915286e+03 4.336521e-16 1.000000e-20
6.916538e+03 4.282283e-16 1.000000e-20
6.917790e+03 4.206687e-16 1.000000e-20
6.919042e+03 3.944016e-16 1.000000e-20
6.920295e+03 4.205342e-16 1.000000e-20
6.921547e+03 3.958040e-16 1.000000e-20
6.922799e+03 4.176786e-16 1.000000e-20
6.924052e+03 4.000855e-16 1.000000e-20
6.925304e+03 4.145342e-16 1.000000e-20
6.926557e+03 4.216425e-16 1.000000e-20
6.927809e+03 4.069742e-16 1.000000e-20
6.929061e+03 4.013692e-16 1.000000e-20
6.930313e+03 3.974409e-16 1.000000e-20
6.931565e+03 4.177975e-16 1.000000e-20
6.932818e+03 4.197020e-16 1.000000e-20
6.934070e+03 4.265141e-16 1.000000e-20
6.935322e+03 4.262052e-16 1.000000e-20
6.936575e+03 4.130640e-16 1.000000e-20
6.937827e+03 3.976951e-16 1.000000e-20
6.939079e+03 4.046848e-16 1.000000e-20
6.940332e+03 4.192664e-16 1.000000e-20
6.941584e+03 4.356074e-16 1.000000e-20
6.942836e+03 4.152656e-16 1.000000e-20
6.944089e+03 4.057538e-16 1.000000e-20
6.945341e+03 3.922233e-16 1.000000e-20
6.946593e+03 4.046392e-16 1.000000e-20
6.947846e+03 3.855125e-16 1.000000e-20
6.949098e+03 4.103213e-16 1.000000e-20
6.950350e+03 4.009153e-16 1.000000e-20
6.951603e+03 4.020969e-16 1.000000e-20
6.952854e+03 3.919423e-16 1.000000e-20
6.954107e+03 4.046130e-16 1.000000e-20
6.955359e+03 4.368280e-16 1.000000e-20
6.956611e+03 4.362817e-16 1.000000e-20
6.957864e+03 3.994990e-16 1.000000e-20
6.959116e+03 3.891099e-16 1.000000e-20
6.960369e+03 3.982975e-16 1.000000e-20
6.961621e+03 3.966599e-16 1.000000e-20
6.962873e+03 4.021906e-16 1.000000e-20
6.964125e+03 4.125804e-16 1.000000e-20
6.965378e+03 4.054298e-16 1.000000e-20
6.966630e+03 4.208327e-16 1.000000e-20
6.967882e+03 3.996710e-16 1.000000e-20
6.969135e+03 4.162088e-16 1.000000e-20
6.970387e+03 4.042035e-16 1.000000e-20
6.971639e+03 3.958214e-16 1.000000e-20
6.972892e+03 3.964419e-16 1.000000e-20
6.974144e+03 3.946494e-16 1.000000e-20
6.975396e+03 4.042290e-16 1.000000e-20
6.976648e+03 3.921149e-16 1.000000e-20
6.977901e+03 4.019538e-16 1.000000e-20
6.979153e+03 3.836804e-16 1.000000e-20
6.980405e+03 3.835341e-16 1.000000e-20
6.981658e+03 4.138078e-16 1.000000e-20
6.982910e+03 3.997307e-16 1.000000e-20
6.984162e+03 3.890028e-16 1.000000e-20
6.985415e+03 4.004970e-16 1.000000e-20
6.986667e+03 3.993146e-16 1.000000e-20
6.987919e+03 3.944395e-16 1.000000e-20
6.989171e+03 3.893448e-16 1.000000e-20
6.990424e+03 3.876514e-16 1.000000e-20
6.991676e+03 3.980689e-16 1.000000e-20
6.992928e+03 3.974129e-16 1.000000e-20
6.994181e+03 3.884671e-16 1.000000e-20
6.995433e+03 3.825661e-16 1.000000e-20
6.996686e+03 3.850387e-16 1.000000e-20
6.997938e+03 3.891953e-16 1.000000e-20
6.999190e+03 3.961728e-16 1.000000e-20
7.000442e+03 4.036573e-16 1.000000e-20
7.001694e+03 3.966908e-16 1.000000e-20
7.002947e+03 4.004388e-16 1.000000e-20
7.004199e+03 4.066016e-16 1.000000e-20
7.005451e+03 3.987157e-16 1.000000e-20
7.006704e+03 3.992702e-16 1.000000e-20
7.007956e+03 4.074227e-16 1.000000e-20
7.009208e+03 3.873391e-16 1.000000e-20
7.010460e+03 3.992753e-16 1.000000e-20
7.011713e+03 3.768987e-16 1.000000e-20
7.012965e+03 3.735146e-16 1.000000e-20
7.014218e+03 3.923778e-16 1.000000e-20
7.015470e+03 3.834311e-16 1.000000e-20
7.016722e+03 3.747097e-16 1.000000e-20
7.017975e+03 3.817883e-16 1.000000e-20
7.019227e+03 4.003983e-16 1.000000e-20
7.020479e+03 3.939340e-16 1.000000e-20
7.021731e+03 3.844828e-16 1.000000e-20
7.022983e+03 3.909864e-16 1.000000e-20
7.024236e+03 3.754019e-16 1.000000e-20
7.025488e+03 3.883394e-16 1.000000e-20
7.026740e+03 3.816661e-16 1.000000e-20
7.027993e+03 3.755297e-16 1.000000e-20
7.029245e+03 3.797924e-16 1.000000e-20
7.030498e+03 3.983488e-16 1.000000e-20
7.031750e+03 3.985525e-16 1.000000e-20
7.033002e+03 3.864380e-16 1.000000e-20
7.034254e+03 3.933471e-16 1.000000e-20
7.035507e+03 3.770847e-16 1.000000e-20
7.036759e+03 3.920087e-16 1.000000e-20
7.038011e+03 3.923432e-16 1.000000e-20
7.039264e+03 3.763868e-16 1.000000e-20
7.040516e+03 3.855300e-16 1.000000e-20
7.041768e+03 3.924084e-16 1.000000e-20
7.043021e+03 3.893082e-16 1.000000e-20
7.044272e+03 3.927283e-16 1.000000e-20
7.045525e+03 3.866634e-16 1.000000e-20
7.046777e+03 3.899723e-16 1.000000e-20
7.048030e+03 3.905304e-16 1.000000e-20
7.049282e+03 4.011722e-16 1.000000e-20
7.050534e+03 3.907839e-16 1.000000e-20
7.051787e+03 3.801943e-16 1.000000e-20
7.053039e+03 3.917621e-16 1.000000e-20
7.054291e+03 3.571733e-16 1.000000e-20
7.055543e+03 3.809321e-16 1.000000e-20
7.056796e+03 3.768458e-16 1.000000e-20
7.058048e+03 3.780212e-16 1.000000e-20
7.059300e+03 3.807783e-16 1.000000e-20
7.060553e+03 3.807363e-16 1.000000e-20
7.061805e+03 3.831645e-16 1.000000e-20
7.063057e+03 3.906135e-16 1.000000e-20
7.064310e+03 3.820471e-16 1.000000e-20
7.065562e+03 3.699246e-16 1.000000e-20
7.066814e+03 3.662496e-16 1.000000e-20
7.068066e+03 3.784118e-16 1.000000e-20
7.069319e+03 3.876205e-16 1.000000e-20
7.070571e+03 3.806076e-16 1.000000e-20
7.071823e+03 3.753865e-16 1.000000e-20
7.073076e+03 3.826252e-16 1.000000e-20
7.074328e+03 3.709565e-16 1.000000e-20
7.075580e+03 3.763205e-16 1.000000e-20
7.076833e+03 3.859982e-16 1.000000e-20
7.078085e+03 3.961074e-16 1.000000e-20
7.079337e+03 3.815468e-16 1.000000e-20
7.080589e+03 3.855409e-16 1.000000e-20
7.081842e+03 3.835166e-16 1.000000e-20
7.083094e+03 3.854058e-16 1.000000e-20
7.084347e+03 3.683724e-16 1.000000e-20
7.085599e+03 3.842578e-16 1.000000e-20
7.086851e+03 3.762934e-16 1.000000e-20
7.088104e+03 3.872195e-16 1.000000e-20
7.089355e+03 3.664382e-16 1.000000e-20
7.090608e+03 3.596779e-16 1.000000e-20
7.091860e+03 3.792186e-16 1.000000e-20
7.093112e+03 3.788558e-16 1.000000e-20
7.094365e+03 3.826055e-16 1.000000e-20
7.095617e+03 3.678852e-16 1.000000e-20
7.096869e+03 3.635223e-16 1.000000e-20
7.098122e+03 3.681535e-16 1.000000e-20
7.099374e+03 3.864078e-16 1.000000e-20
7.100626e+03 3.804964e-16 1.000000e-20
7.101879e+03 3.802062e-16 1.000000e-20
7.103131e+03 3.697355e-16 1.000000e-20
7.104383e+03 3.964817e-16 1.000000e-20
7.105636e+03 3.681227e-16 1.000000e-20
7.106888e+03 3.654822e-16 1.000000e-20
7.108140e+03 3.674612e-16 1.000000e-20
7.109393e+03 3.797900e-16 1.000000e-20
7.110645e+03 3.833349e-16 1.000000e-20
7.111897e+03 3.760033e-16 1.000000e-20
7.113149e+03 3.618993e-16 1.000000e-20
7.114401e+03 3.811250e-16 1.000000e-20
7.115654e+03 3.704023e-16 1.000000e-20
7.116906e+03 3.685797e-16 1.000000e-20
7.118159e+03 3.755235e-16 1.000000e-20
7.119411e+03 3.753044e-16 1.000000e-20
7.120663e+03 3.699629e-16 1.000000e-20
7.121916e+03 3.695050e-16 1.000000e-20
7.123168e+03 3.789038e-16 1.000000e-20
7.124420e+03 3.850210e-16 1.000000e-20
7.125672e+03 3.729212e-16 1.000000e-20
7.126925e+03 3.788017e-16 1.000000e-20
7.128177e+03 3.655193e-16 1.000000e-20
7.129429e+03 3.608574e-16 1.000000e-20
7.130682e+03 3.622574e-16 1.000000e-20
7.131934e+03 3.705360e-16 1.000000e-20
7.133186e+03 3.719676e-16 1.000000e-20
7.134438e+03 3.854834e-16 1.000000e-20
7.135691e+03 3.860188e-16 1.000000e-20
7.136943e+03 3.611366e-16 1.000000e-20
7.138195e+03 3.785317e-16 1.000000e-20
7.139448e+03 3.702466e-16 1.000000e-20
7.140700e+03 3.768910e-16 1.000000e-20
7.141952e+03 3.561439e-16 1.000000e-20
7.143205e+03 3.528831e-16 1.000000e-20
7.144457e+03 3.689283e-16 1.000000e-20
7.145709e+03 3.731433e-16 1.000000e-20
7.146961e+03 3.765066e-16 1.000000e-20
7.148214e+03 3.572968e-16 1.000000e-20
7.149466e+03 3.644915e-16 1.000000e-20
7.150718e+03 3.692975e-16 1.000000e-20
7.151971e+03 3.635356e-16 1.000000e-20
7.153223e+03 3.502493e-16 1.000000e-20
7.154476e+03 3.476166e-16 1.000000e-20
7.155728e+03 3.643659e-16 1.000000e-20
7.156980e+03 3.764204e-16 1.000000e-20
7.158232e+03 3.658803e-16 1.000000e-20
7.159484e+03 3.586924e-16 1.000000e-20
7.160737e+03 3.457732e-16 1.000000e-20
7.161989e+03 3.547170e-16 1.000000e-20
7.163241e+03 3.652202e-16 1.000000e-20
7.164494e+03 3.589456e-16 1.000000e-20
7.165746e+03 3.765263e-16 1.000000e-20
7.166999e+03 3.594737e-16 1.000000e-20
7.168250e+03 3.640803e-16 1.000000e-20
7.169503e+03 3.469422e-16 1.000000e-20
7.170755e+03 3.546439e-16 1.000000e-20
7.172008e+03 3.740253e-16 1.000000e-20
7.173260e+03 3.603223e-16 1.000000e-20
7.174512e+03 3.594739e-16 1.000000e-20
7.175765e+03 3.695342e-16 1.000000e-20
7.177017e+03 3.605074e-16 1.000000e-20
7.178269e+03 3.549834e-16 1.000000e-20
7.179521e+03 3.492869e-16 1.000000e-20
7.180773e+03 3.512637e-16 1.000000e-20
7.182026e+03 3.597732e-16 1.000000e-20
7.183278e+03 3.435168e-16 1.000000e-20
7.184531e+03 3.447022e-16 1.000000e-20
7.185783e+03 3.581707e-16 1.000000e-20
7.187035e+03 3.576978e-16 1.000000e-20
7.188288e+03 3.697097e-16 1.000000e-20
7.189540e+03 3.710684e-16 1.000000e-20
7.190792e+03 3.644813e-16 1.000000e-20
7.192044e+03 3.555824e-16 1.000000e-20
7.193297e+03 3.626235e-16 1.000000e-20
7.194549e+03 3.741669e-16 1.000000e-20
7.195801e+03 3.663812e-16 1.000000e-20
7.197054e+03 3.705436e-16 1.000000e-20
7.198306e+03 3.641447e-16 1.000000e-20
7.199558e+03 3.365591e-16 1.000000e-20
7.200811e+03 3.327686e-16 1.000000e-20
7.202063e+03 3.586288e-16 1.000000e-20
7.203315e+03 3.727879e-16 1.000000e-20
7.204567e+03 3.516284e-16 1.000000e-20
7.205820e+03 3.582353e-16 1.000000e-20
7.207072e+03 3.724071e-16 1.000000e-20
7.208324e+03 3.782831e-16 1.000000e-20
7.209577e+03 3.598086e-16 1.000000e-20
7.210829e+03 3.468236e-16 1.000000e-20
7.212081e+03 3.422227e-16 1.000000e-20
7.213333e+03 3.501986e-16 1.000000e-20
7.214586e+03 3.475472e-16 1.000000e-20
7.215838e+03 3.492180e-16 1.000000e-20
7.217090e+03 3.494985e-16 1.000000e-20
7.218343e+03 3.561147e-16 1.000000e-20
7.219595e+03 3.445975e-16 1.000000e-20
7.220848e+03 3.476064e-16 1.000000e-20
7.222100e+03 3.464392e-16 1.000000e-20
7.223352e+03 3.394523e-16 1.000000e-20
7.224604e+03 3.437019e-16 1.000000e-20
7.225856e+03 3.526254e-16 1.000000e-20
7.227109e+03 3.617592e-16 1.000000e-20
7.228361e+03 3.597202e-16 1.000000e-20
7.229613e+03 3.451367e-16 1.000000e-20
7.230866e+03 3.584475e-16 1.000000e-20
7.232118e+03 3.464959e-16 1.000000e-20
7.233370e+03 3.532423e-16 1.000000e-20
7.234623e+03 3.412038e-16 1.000000e-20
7.235875e+03 3.504354e-16 1.000000e-20
7.237127e+03 3.712053e-16 1.000000e-20
7.238380e+03 3.659828e-16 1.000000e-20
7.239632e+03 3.489197e-16 1.000000e-20
7.240884e+03 3.191566e-16 1.000000e-20
7.242137e+03 3.400904e-16 1.000000e-20
7.243389e+03 3.749547e-16 1.000000e-20
7.244641e+03 3.721689e-16 1.000000e-20
7.245894e+03 3.108547e-16 1.000000e-20
7.247146e+03 3.480607e-16 1.000000e-20
7.248398e+03 3.612515e-16 1.000000e-20
7.249650e+03 3.437309e-16 1.000000e-20
7.250902e+03 3.264840e-16 1.000000e-20
7.252155e+03 3.387997e-16 1.000000e-20
7.253407e+03 3.432827e-16 1.000000e-20
7.254660e+03 3.559279e-16 1.000000e-20
7.255912e+03 3.551728e-16 1.000000e-20
7.257164e+03 3.376854e-16 1.000000e-20
7.258417e+03 3.294196e-16 1.000000e-20
7.259669e+03 3.388811e-16 1.000000e-20
7.260921e+03 3.309416e-16 1.000000e-20
7.262173e+03 3.367565e-16 1.000000e-20
7.263426e+03 3.489583e-16 1.000000e-20
7.264678e+03 3.346286e-16 1.000000e-20
7.265930e+03 3.639181e-16 1.000000e-20
7.267183e+03 3.367527e-16 1.000000e-20
7.268435e+03 3.472508e-16 1.000000e-20
7.269687e+03 3.431913e-16 1.000000e-20
7.270939e+03 3.435844e-16 1.000000e-20
7.272192e+03 3.281408e-16 1.000000e-20
7.273444e+03 3.206429e-16 1.000000e-20
7.274696e+03 3.190635e-16 1.000000e-20
7.275949e+03 3.698182e-16 1.000000e-20
7.277201e+03 3.817110e-16 1.000000e-20
7.278453e+03 3.096715e-16 1.000000e-20
7.279706e+03 3.542018e-16 1.000000e-20
7.280958e+03 3.296647e-16 1.000000e-20
7.282210e+03 3.623295e-16 1.000000e-20
7.283462e+03 3.228143e-16 1.000000e-20
7.284715e+03 3.790909e-16 1.000000e-20
7.285967e+03 3.819435e-16 1.000000e-20
7.287219e+03 3.194277e-16 1.000000e-20
7.288472e+03 3.376985e-16 1.000000e-20
7.289724e+03 3.539905e-16 1.000000e-20
7.290977e+03 3.486180e-16 1.000000e-20
7.292229e+03 3.458660e-16 1.000000e-20
7.293481e+03 3.565123e-16 1.000000e-20
7.294733e+03 3.386858e-16 1.000000e-20
7.295985e+03 3.277509e-16 1.000000e-20
7.297238e+03 3.379081e-16 1.000000e-20
7.298490e+03 3.301056e-16 1.000000e-20
7.299742e+03 3.257011e-16 1.000000e-20
7.300995e+03 3.151300e-16 1.000000e-20
7.302247e+03 3.306714e-16 1.000000e-20
7.303499e+03 3.292566e-16 1.000000e-20
7.304751e+03 3.280719e-16 1.000000e-20
7.306004e+03 3.294562e-16 1.000000e-20
7.307256e+03 3.284632e-16 1.000000e-20
7.308509e+03 3.346343e-16 1.000000e-20
7.309761e+03 3.354856e-16 1.000000e-20
7.311013e+03 3.363359e-16 1.000000e-20
7.312266e+03 3.319768e-16 1.000000e-20
7.313518e+03 3.387065e-16 1.000000e-20
7.314770e+03 3.689962e-16 1.000000e-20
7.316022e+03 2.731666e-16 1.000000e-20
7.317274e+03 2.751992e-16 1.000000e-20
7.318527e+03 3.842445e-16 1.000000e-20
7.319779e+03 3.313683e-16 1.000000e-20
7.321031e+03 3.391847e-16 1.000000e-20
7.322284e+03 3.355734e-16 1.000000e-20
7.323536e+03 3.246936e-16 1.000000e-20
7.324789e+03 3.214649e-16 1.000000e-20
7.326041e+03 3.319205e-16 1.000000e-20
7.327293e+03 3.290479e-16 1.000000e-20
7.328545e+03 3.350213e-16 1.000000e-20
7.329798e+03 3.018686e-16 1.000000e-20
7.331050e+03 3.268434e-16 1.000000e-20
7.332302e+03 3.331178e-16 1.000000e-20
7.333555e+03 3.099807e-16 1.000000e-20
7.334807e+03 3.258898e-16 1.000000e-20
7.336059e+03 3.348174e-16 1.000000e-20
7.337312e+03 3.294219e-16 1.000000e-20
7.338563e+03 3.317458e-16 1.000000e-20
7.339816e+03 3.749532e-16 1.000000e-20
7.341068e+03 2.962068e-16 1.000000e-20
7.342321e+03 2.753689e-16 1.000000e-20
7.343573e+03 3.704128e-16 1.000000e-20
7.344825e+03 3.336282e-16 1.000000e-20
7.346078e+03 3.331557e-16 1.000000e-20
7.347330e+03 3.292213e-16 1.000000e-20
7.348582e+03 3.226226e-16 1.000000e-20
7.349834e+03 3.189753e-16 1.000000e-20
7.351087e+03 3.251443e-16 1.000000e-20
7.352339e+03 3.136416e-16 1.000000e-20
7.353591e+03 3.189963e-16 1.000000e-20
7.354844e+03 3.352827e-16 1.000000e-20
7.356096e+03 3.393919e-16 1.000000e-20
7.357348e+03 3.121469e-16 1.000000e-20
7.358601e+03 3.530199e-16 1.000000e-20
7.359853e+03 3.461042e-16 1.000000e-20
7.361105e+03 2.986558e-16 1.000000e-20
7.362357e+03 3.269878e-16 1.000000e-20
7.363610e+03 3.075605e-16 1.000000e-20
7.364862e+03 3.166374e-16 1.000000e-20
7.366114e+03 3.230045e-16 1.000000e-20
7.367367e+03 3.232804e-16 1.000000e-20
7.368619e+03 2.741529e-16 1.000000e-20
7.369871e+03 3.527398e-16 1.000000e-20
7.371124e+03 3.431561e-16 1.000000e-20
7.372376e+03 2.890965e-16 1.000000e-20
7.373628e+03 3.118585e-16 1.000000e-20
7.374880e+03 3.231699e-16 1.000000e-20
7.376133e+03 3.384142e-16 1.000000e-20
7.377385e+03 3.102943e-16 1.000000e-20
7.378638e+03 3.201771e-16 1.000000e-20
7.379890e+03 3.180402e-16 1.000000e-20
7.381142e+03 3.252287e-16 1.000000e-20
7.382395e+03 3.281951e-16 1.000000e-20
7.383646e+03 3.332001e-16 1.000000e-20
7.384899e+03 3.309096e-16 1.000000e-20
7.386151e+03 3.309661e-16 1.000000e-20
7.387403e+03 3.247902e-16 1.000000e-20
7.388656e+03 3.113775e-16 1.000000e-20
7.389908e+03 3.182164e-16 1.000000e-20
7.391160e+03 3.338629e-16 1.000000e-20
7.392413e+03 3.168364e-16 1.000000e-20
7.393665e+03 3.321386e-16 1.000000e-20
7.394917e+03 3.521958e-16 1.000000e-20
7.396170e+03 3.147096e-16 1.000000e-20
7.397422e+03 3.218695e-16 1.000000e-20
7.398674e+03 3.332431e-16 1.000000e-20
7.399927e+03 3.314787e-16 1.000000e-20
7.401179e+03 3.366278e-16 1.000000e-20
7.402431e+03 3.011846e-16 1.000000e-20
7.403684e+03 3.029207e-16 1.000000e-20
7.404936e+03 3.310168e-16 1.000000e-20
7.406188e+03 3.179839e-16 1.000000e-20
7.407440e+03 3.278063e-16 1.000000e-20
7.408692e+03 3.260583e-16 1.000000e-20
7.409945e+03 3.417475e-16 1.000000e-20
7.411197e+03 3.256222e-16 1.000000e-20
7.412450e+03 3.042147e-16 1.000000e-20
7.413702e+03 3.247727e-16 1.000000e-20
7.414954e+03 3.199307e-16 1.000000e-20
7.416207e+03 3.242848e-16 1.000000e-20
7.417459e+03 3.280039e-16 1.000000e-20
7.418711e+03 3.181644e-16 1.000000e-20
7.419963e+03 3.093734e-16 1.000000e-20
7.421216e+03 3.138966e-16 1.000000e-20
7.422468e+03 3.341074e-16 1.000000e-20
7.423720e+03 3.196025e-16 1.000000e-20
7.424973e+03 3.302678e-16 1.000000e-20
7.426225e+03 3.264532e-16 1.000000e-20
7.427477e+03 3.138851e-16 1.000000e-20
7.428729e+03 3.103997e-16 1.000000e-20
7.429982e+03 3.180020e-16 1.000000e-20
7.431234e+03 3.370190e-16 1.000000e-20
7.432486e+03 3.255293e-16 1.000000e-20
7.433739e+03 3.244797e-16 1.000000e-20
7.434991e+03 3.143089e-16 1.000000e-20
7.436243e+03 3.163211e-16 1.000000e-20
7.437496e+03 3.075650e-16 1.000000e-20
7.438748e+03 3.257641e-16 1.000000e-20
7.440000e+03 3.339941e-16 1.000000e-20
7.441252e+03 3.312677e-16 1.000000e-20
7.442505e+03 3.319897e-16 1.000000e-20
7.443757e+03 3.123110e-16 1.000000e-20
7.445009e+03 3.139872e-16 1.000000e-20
7.446262e+03 3.211101e-16 1.000000e-20
7.447514e+03 3.176930e-16 1.000000e-20
7.448767e+03 3.131269e-16 1.000000e-20
7.450019e+03 2.977544e-16 1.000000e-20
7.451271e+03 3.117007e-16 1.000000e-20
7.452523e+03 3.310368e-16 1.000000e-20
7.453775e+03 3.063323e-16 1.000000e-20
7.455028e+03 3.084793e-16 1.000000e-20
7.456280e+03 3.122890e-16 1.000000e-20
7.457532e+03 3.220401e-16 1.000000e-20
7.458785e+03 3.235462e-16 1.000000e-20
7.460037e+03 2.963934e-16 1.000000e-20
7.461289e+03 3.235395e-16 1.000000e-20
7.462542e+03 3.210229e-16 1.000000e-20
7.463794e+03 3.230209e-16 1.000000e-20
7.465046e+03 3.163344e-16 1.000000e-20
7.466299e+03 3.045893e-16 1.000000e-20
7.467551e+03 3.062118e-16 1.000000e-20
7.468803e+03 3.298019e-16 1.000000e-20
7.470056e+03 3.328859e-16 1.000000e-20
7.471308e+03 3.277344e-16 1.000000e-20
7.472560e+03 3.245010e-16 1.000000e-20
7.473812e+03 3.162333e-16 1.000000e-20
7.475064e+03 3.179028e-16 1.000000e-20
7.476317e+03 3.304961e-16 1.000000e-20
7.477569e+03 3.162221e-16 1.000000e-20
7.478821e+03 3.300633e-16 1.000000e-20
7.480074e+03 3.371625e-16 1.000000e-20
7.481326e+03 3.154274e-16 1.000000e-20
7.482579e+03 3.025052e-16 1.000000e-20
7.483831e+03 3.392498e-16 1.000000e-20
7.485083e+03 3.241468e-16 1.000000e-20
7.486335e+03 3.204834e-16 1.000000e-20
7.487588e+03 3.192961e-16 1.000000e-20
7.488840e+03 3.191741e-16 1.000000e-20
7.490092e+03 3.085343e-16 1.000000e-20
7.491345e+03 3.098799e-16 1.000000e-20
7.492597e+03 3.143346e-16 1.000000e-20
7.493849e+03 3.204712e-16 1.000000e-20
7.495102e+03 3.075830e-16 1.000000e-20
7.496354e+03 3.044924e-16 1.000000e-20
7.497606e+03 3.087966e-16 1.000000e-20
7.498858e+03 3.163113e-16 1.000000e-20
7.500111e+03 3.108314e-16 1.000000e-20
7.501363e+03 3.213174e-16 1.000000e-20
7.502615e+03 3.011317e-16 1.000000e-20
7.503868e+03 3.222914e-16 1.000000e-20
7.505120e+03 3.151809e-16 1.000000e-20
7.506372e+03 3.061648e-16 1.000000e-20
7.507625e+03 2.787913e-16 1.000000e-20
7.508877e+03 3.274608e-16 1.000000e-20
7.510129e+03 3.186257e-16 1.000000e-20
7.511381e+03 3.183222e-16 1.000000e-20
7.512634e+03 3.212776e-16 1.000000e-20
7.513886e+03 2.983810e-16 1.000000e-20
7.515139e+03 3.012090e-16 1.000000e-20
7.516391e+03 3.208455e-16 1.000000e-20
7.517643e+03 3.077175e-16 1.000000e-20
7.518896e+03 3.123836e-16 1.000000e-20
7.520147e+03 3.222912e-16 1.000000e-20
7.521400e+03 2.967394e-16 1.000000e-20
7.522652e+03 3.063350e-16 1.000000e-20
7.523904e+03 2.967704e-16 1.000000e-20
7.525157e+03 2.709773e-16 1.000000e-20
7.526409e+03 2.548448e-16 1.000000e-20
7.527661e+03 3.001773e-16 1.000000e-20
7.528914e+03 2.446823e-16 1.000000e-20
7.530166e+03 3.020155e-16 1.000000e-20
7.531418e+03 3.119629e-16 1.000000e-20
7.532671e+03 3.079708e-16 1.000000e-20
7.533923e+03 3.040052e-16 1.000000e-20
7.535175e+03 2.422616e-16 1.000000e-20
7.536428e+03 2.899222e-16 1.000000e-20
7.537680e+03 3.170324e-16 1.000000e-20
7.538932e+03 3.357017e-16 1.000000e-20
7.540185e+03 3.228815e-16 1.000000e-20
7.541437e+03 3.281665e-16 1.000000e-20
7.542689e+03 3.227676e-16 1.000000e-20
7.543941e+03 3.217517e-16 1.000000e-20
7.545193e+03 3.106776e-16 1.000000e-20
7.546446e+03 3.250082e-16 1.000000e-20
7.547698e+03 3.144623e-16 1.000000e-20
7.548950e+03 3.149659e-16 1.000000e-20
7.550203e+03 3.103620e-16 1.000000e-20
7.551455e+03 2.948569e-16 1.000000e-20
7.552708e+03 3.103639e-16 1.000000e-20
7.553960e+03 2.974301e-16 1.000000e-20
7.555212e+03 3.133293e-16 1.000000e-20
7.556464e+03 3.023834e-16 1.000000e-20
7.557717e+03 3.059246e-16 1.000000e-20
7.558969e+03 2.908111e-16 1.000000e-20
7.560221e+03 2.949085e-16 1.000000e-20
7.561474e+03 3.006783e-16 1.000000e-20
7.562726e+03 3.003500e-16 1.000000e-20
7.563978e+03 2.946019e-16 1.000000e-20
7.565230e+03 3.052843e-16 1.000000e-20
7.566482e+03 3.170183e-16 1.000000e-20
7.567735e+03 2.984613e-16 1.000000e-20
7.568987e+03 3.105737e-16 1.000000e-20
7.570240e+03 3.230041e-16 1.000000e-20
7.571492e+03 2.999109e-16 1.000000e-20
7.572744e+03 2.753763e-16 1.000000e-20
7.573997e+03 3.124106e-16 1.000000e-20
7.575249e+03 2.987211e-16 1.000000e-20
7.576501e+03 2.945300e-16 1.000000e-20
7.577753e+03 2.956492e-16 1.000000e-20
7.579006e+03 2.931419e-16 1.000000e-20
7.580258e+03 3.008379e-16 1.000000e-20
7.581511e+03 3.079055e-16 1.000000e-20
7.582763e+03 2.793795e-16 1.000000e-20
7.584015e+03 2.799706e-16 1.000000e-20
7.585268e+03 3.004892e-16 1.000000e-20
7.586520e+03 3.245788e-16 1.000000e-20
7.587772e+03 2.811220e-16 1.000000e-20
7.589024e+03 2.909423e-16 1.000000e-20
7.590276e+03 2.797811e-16 1.000000e-20
7.591529e+03 2.499851e-16 1.000000e-20
7.592781e+03 2.640865e-16 1.000000e-20
7.594033e+03 2.758724e-16 1.000000e-20
7.595286e+03 2.691129e-16 1.000000e-20
7.596538e+03 3.030816e-16 1.000000e-20
7.597790e+03 3.163508e-16 1.000000e-20
7.599043e+03 2.855505e-16 1.000000e-20
7.600295e+03 3.109287e-16 1.000000e-20
7.601547e+03 2.789016e-16 1.000000e-20
7.602800e+03 2.930915e-16 1.000000e-20
7.604052e+03 3.141819e-16 1.000000e-20
7.605304e+03 3.160244e-16 1.000000e-20
7.606557e+03 3.230836e-16 1.000000e-20
7.607809e+03 3.467550e-16 1.000000e-20
7.609061e+03 3.094930e-16 1.000000e-20
7.610313e+03 3.156613e-16 1.000000e-20
7.611565e+03 3.515928e-16 1.000000e-20
7.612818e+03 2.817459e-16 1.000000e-20
7.614070e+03 3.066331e-16 1.000000e-20
7.615322e+03 3.104301e-16 1.000000e-20
7.616575e+03 3.356024e-16 1.000000e-20
7.617827e+03 3.104273e-16 1.000000e-20
7.619079e+03 2.767112e-16 1.000000e-20
7.620332e+03 2.680672e-16 1.000000e-20
7.621584e+03 2.673289e-16 1.000000e-20
7.622836e+03 2.752347e-16 1.000000e-20
7.624089e+03 2.309248e-16 1.000000e-20
7.625341e+03 3.341078e-16 1.000000e-20
7.626593e+03 2.203074e-16 1.000000e-20
7.627846e+03 2.958231e-16 1.000000e-20
7.629098e+03 3.003204e-16 1.000000e-20
7.630350e+03 2.853652e-16 1.000000e-20
7.631603e+03 2.288203e-16 1.000000e-20
7.632854e+03 2.885295e-16 1.000000e-20
7.634107e+03 2.787307e-16 1.000000e-20
7.635359e+03 2.566102e-16 1.000000e-20
7.636611e+03 2.134109e-16 1.000000e-20
7.637864e+03 2.624644e-16 1.000000e-20
7.639116e+03 2.997146e-16 1.000000e-20
7.640369e+03 2.780308e-16 1.000000e-20
7.641621e+03 2.794293e-16 1.000000e-20
7.642873e+03 2.965415e-16 1.000000e-20
7.644125e+03 2.839727e-16 1.000000e-20
7.645378e+03 2.503746e-16 1.000000e-20
7.646630e+03 3.031373e-16 1.000000e-20
7.647882e+03 2.565826e-16 1.000000e-20
7.649135e+03 2.624084e-16 1.000000e-20
7.650387e+03 2.789773e-16 1.000000e-20
7.651640e+03 2.979015e-16 1.000000e-20
7.652892e+03 2.668099e-16 1.000000e-20
7.654144e+03 2.718040e-16 1.000000e-20
7.655396e+03 2.828503e-16 1.000000e-20
7.656648e+03 2.648896e-16 1.000000e-20
7.657901e+03 2.403584e-16 1.000000e-20
7.659153e+03 2.289802e-16 1.000000e-20
7.660405e+03 2.643590e-16 1.000000e-20
7.661658e+03 2.916517e-16 1.000000e-20
7.662910e+03 2.478072e-16 1.000000e-20
7.664162e+03 2.373117e-16 1.000000e-20
7.665415e+03 2.526932e-16 1.000000e-20
7.666667e+03 2.637814e-16 1.000000e-20
7.667919e+03 2.716489e-16 1.000000e-20
7.669172e+03 2.370910e-16 1.000000e-20
7.670424e+03 2.481384e-16 1.000000e-20
7.671676e+03 2.658920e-16 1.000000e-20
7.672929e+03 2.699280e-16 1.000000e-20
7.674181e+03 2.670374e-16 1.000000e-20
7.675433e+03 2.540941e-16 1.000000e-20
7.676686e+03 2.529260e-16 1.000000e-20
7.677938e+03 2.421841e-16 1.000000e-20
7.679190e+03 2.556282e-16 1.000000e-20
7.680442e+03 2.629966e-16 1.000000e-20
7.681694e+03 2.528483e-16 1.000000e-20
7.682947e+03 2.641225e-16 1.000000e-20
7.684199e+03 2.595391e-16 1.000000e-20
7.685451e+03 2.466951e-16 1.000000e-20
7.686704e+03 2.507887e-16 1.000000e-20
7.687956e+03 2.458706e-16 1.000000e-20
7.689208e+03 2.516329e-16 1.000000e-20
7.690461e+03 2.610418e-16 1.000000e-20
7.691713e+03 2.622507e-16 1.000000e-20
7.692965e+03 2.456407e-16 1.000000e-20
7.694218e+03 2.639885e-16 1.000000e-20
7.695470e+03 2.442583e-16 1.000000e-20
7.696722e+03 2.435649e-16 1.000000e-20
7.697975e+03 2.435391e-16 1.000000e-20
7.699227e+03 2.637476e-16 1.000000e-20
7.700479e+03 2.642054e-16 1.000000e-20
7.701731e+03 2.584056e-16 1.000000e-20
7.702983e+03 2.547682e-16 1.000000e-20
7.704236e+03 2.688692e-16 1.000000e-20
7.705488e+03 2.825043e-16 1.000000e-20
7.706740e+03 2.633804e-16 1.000000e-20
7.707993e+03 2.596163e-16 1.000000e-20
7.709245e+03 2.631499e-16 1.000000e-20
7.710498e+03 2.481753e-16 1.000000e-20
7.711750e+03 2.164911e-16 1.000000e-20
7.713002e+03 3.219698e-16 1.000000e-20
7.714254e+03 2.807864e-16 1.000000e-20
7.715507e+03 2.611948e-16 1.000000e-20
7.716759e+03 2.635491e-16 1.000000e-20
7.718011e+03 2.486507e-16 1.000000e-20
7.719264e+03 2.731200e-16 1.000000e-20
7.720516e+03 2.626984e-16 1.000000e-20
7.721769e+03 2.624319e-16 1.000000e-20
7.723021e+03 2.476696e-16 1.000000e-20
7.724273e+03 2.623282e-16 1.000000e-20
7.725525e+03 2.670054e-16 1.000000e-20
7.726777e+03 2.550790e-16 1.000000e-20
7.728030e+03 2.778444e-16 1.000000e-20
7.729282e+03 2.625311e-16 1.000000e-20
7.730534e+03 2.473975e-16 1.000000e-20
7.731787e+03 2.533039e-16 1.000000e-20
7.733039e+03 2.705535e-16 1.000000e-20
7.734291e+03 2.618671e-16 1.000000e-20
7.735543e+03 2.624401e-16 1.000000e-20
7.736796e+03 2.642004e-16 1.000000e-20
7.738048e+03 2.699569e-16 1.000000e-20
7.739301e+03 2.709576e-16 1.000000e-20
7.740553e+03 2.685807e-16 1.000000e-20
7.741805e+03 2.683589e-16 1.000000e-20
7.743058e+03 2.592420e-16 1.000000e-20
7.744310e+03 2.591477e-16 1.000000e-20
7.745562e+03 2.522955e-16 1.000000e-20
7.746814e+03 2.668451e-16 1.000000e-20
7.748066e+03 2.644716e-16 1.000000e-20
7.749319e+03 2.125160e-16 1.000000e-20
7.750571e+03 3.182675e-16 1.000000e-20
7.751823e+03 3.025644e-16 1.000000e-20
7.753076e+03 2.448621e-16 1.000000e-20
7.754328e+03 2.637721e-16 1.000000e-20
7.755580e+03 2.633344e-16 1.000000e-20
7.756833e+03 2.667623e-16 1.000000e-20
7.758085e+03 2.700413e-16 1.000000e-20
7.759337e+03 2.788693e-16 1.000000e-20
7.760590e+03 2.638931e-16 1.000000e-20
7.761842e+03 2.717712e-16 1.000000e-20
7.763094e+03 2.744509e-16 1.000000e-20
7.764347e+03 2.759690e-16 1.000000e-20
7.765599e+03 2.757431e-16 1.000000e-20
7.766851e+03 2.821090e-16 1.000000e-20
7.768104e+03 2.702149e-16 1.000000e-20
7.769355e+03 2.804161e-16 1.000000e-20
7.770608e+03 2.896062e-16 1.000000e-20
7.771860e+03 2.746961e-16 1.000000e-20
7.773112e+03 2.790953e-16 1.000000e-20
7.774365e+03 2.687687e-16 1.000000e-20
7.775617e+03 2.747122e-16 1.000000e-20
7.776870e+03 2.830741e-16 1.000000e-20
7.778122e+03 2.663949e-16 1.000000e-20
7.779374e+03 2.686606e-16 1.000000e-20
7.780626e+03 3.139511e-16 1.000000e-20
7.781879e+03 2.884170e-16 1.000000e-20
7.783131e+03 2.673197e-16 1.000000e-20
7.784383e+03 2.730509e-16 1.000000e-20
7.785636e+03 2.925964e-16 1.000000e-20
7.786888e+03 2.789954e-16 1.000000e-20
7.788140e+03 2.841648e-16 1.000000e-20
7.789393e+03 2.752601e-16 1.000000e-20
7.790645e+03 2.696447e-16 1.000000e-20
7.791897e+03 2.801554e-16 1.000000e-20
7.793149e+03 2.988213e-16 1.000000e-20
7.794402e+03 2.564329e-16 1.000000e-20
7.795654e+03 2.587352e-16 1.000000e-20
7.796906e+03 3.362448e-16 1.000000e-20
7.798159e+03 2.982532e-16 1.000000e-20
7.799411e+03 2.863665e-16 1.000000e-20
7.800663e+03 2.897906e-16 1.000000e-20
7.801916e+03 3.009310e-16 1.000000e-20
7.803168e+03 2.762363e-16 1.000000e-20
7.804420e+03 2.763893e-16 1.000000e-20
7.805672e+03 2.865253e-16 1.000000e-20
7.806925e+03 2.704321e-16 1.000000e-20
7.808177e+03 2.861265e-16 1.000000e-20
7.809430e+03 2.804673e-16 1.000000e-20
7.810682e+03 2.812006e-16 1.000000e-20
7.811934e+03 3.000797e-16 1.000000e-20
7.813187e+03 2.917608e-16 1.000000e-20
7.814438e+03 2.865046e-16 1.000000e-20
7.815691e+03 2.761268e-16 1.000000e-20
7.816943e+03 2.762634e-16 1.000000e-20
7.818195e+03 2.727493e-16 1.000000e-20
7.819448e+03 2.993085e-16 1.000000e-20
7.820700e+03 2.332934e-16 1.000000e-20
7.821952e+03 2.512141e-16 1.000000e-20
7.823205e+03 3.063361e-16 1.000000e-20
7.824457e+03 2.595069e-16 1.000000e-20
7.825709e+03 2.887247e-16 1.000000e-20
7.826962e+03 2.885002e-16 1.000000e-20
7.828214e+03 2.831861e-16 1.000000e-20
7.829466e+03 2.897213e-16 1.000000e-20
7.830719e+03 2.884157e-16 1.000000e-20
7.831971e+03 2.896115e-16 1.000000e-20
7.833223e+03 2.826078e-16 1.000000e-20
7.834476e+03 2.826201e-16 1.000000e-20
7.835728e+03 2.957763e-16 1.000000e-20
7.836980e+03 2.835913e-16 1.000000e-20
7.838232e+03 2.807007e-16 1.000000e-20
7.839484e+03 2.712190e-16 1.000000e-20
7.840737e+03 3.002330e-16 1.000000e-20
7.841989e+03 2.925137e-16 1.000000e-20
7.843241e+03 2.686482e-16 1.000000e-20
7.844494e+03 2.748207e-16 1.000000e-20
7.845746e+03 2.806715e-16 1.000000e-20
7.846999e+03 2.986318e-16 1.000000e-20
7.848251e+03 2.885959e-16 1.000000e-20
7.849503e+03 2.991855e-16 1.000000e-20
7.850755e+03 2.844234e-16 1.000000e-20
7.852008e+03 2.881741e-16 1.000000e-20
7.853260e+03 2.824916e-16 1.000000e-20
7.854512e+03 2.718182e-16 1.000000e-20
7.855765e+03 3.025253e-16 1.000000e-20
7.857017e+03 2.866946e-16 1.000000e-20
7.858269e+03 2.879989e-16 1.000000e-20
7.859521e+03 3.026105e-16 1.000000e-20
7.860773e+03 2.526226e-16 1.000000e-20
7.862026e+03 2.694869e-16 1.000000e-20
7.863278e+03 3.161782e-16 1.000000e-20
7.864531e+03 2.892595e-16 1.000000e-20
7.865783e+03 2.886975e-16 1.000000e-20
7.867035e+03 3.193882e-16 1.000000e-20
7.868288e+03 2.854854e-16 1.000000e-20
7.869540e+03 2.807772e-16 1.000000e-20
7.870792e+03 2.961093e-16 1.000000e-20
7.872044e+03 2.959836e-16 1.000000e-20
7.873297e+03 2.614031e-16 1.000000e-20
7.874549e+03 2.865840e-16 1.000000e-20
7.875801e+03 2.859591e-16 1.000000e-20
7.877054e+03 2.849844e-16 1.000000e-20
7.878306e+03 2.743849e-16 1.000000e-20
7.879559e+03 2.959044e-16 1.000000e-20
7.880811e+03 2.875626e-16 1.000000e-20
7.882063e+03 2.817852e-16 1.000000e-20
7.883315e+03 2.845531e-16 1.000000e-20
7.884567e+03 2.841952e-16 1.000000e-20
7.885820e+03 2.809269e-16 1.000000e-20
7.887072e+03 2.870247e-16 1.000000e-20
7.888324e+03 2.910408e-16 1.000000e-20
7.889577e+03 2.913023e-16 1.000000e-20
7.890829e+03 2.784523e-16 1.000000e-20
7.892081e+03 3.177322e-16 1.000000e-20
7.893334e+03 2.845832e-16 1.000000e-20
7.894586e+03 2.923353e-16 1.000000e-20
7.895838e+03 2.938449e-16 1.000000e-20
7.897091e+03 2.851397e-16 1.000000e-20
7.898343e+03 3.049233e-16 1.000000e-20
7.899595e+03 2.917637e-16 1.000000e-20
7.900848e+03 3.009355e-16 1.000000e-20
7.902100e+03 2.857789e-16 1.000000e-20
7.903352e+03 3.118041e-16 1.000000e-20
7.904604e+03 2.891667e-16 1.000000e-20
7.905856e+03 3.064786e-16 1.000000e-20
7.907109e+03 2.826310e-16 1.000000e-20
7.908361e+03 2.843334e-16 1.000000e-20
7.909613e+03 2.854146e-16 1.000000e-20
7.910866e+03 2.792632e-16 1.000000e-20
7.912118e+03 2.868624e-16 1.000000e-20
7.913370e+03 2.316555e-16 1.000000e-20
7.914623e+03 2.351990e-16 1.000000e-20
7.915875e+03 3.306605e-16 1.000000e-20
7.917127e+03 2.749644e-16 1.000000e-20
7.918380e+03 2.943507e-16 1.000000e-20
7.919632e+03 2.830032e-16 1.000000e-20
7.920884e+03 2.636251e-16 1.000000e-20
7.922137e+03 2.458157e-16 1.000000e-20
7.923389e+03 2.933857e-16 1.000000e-20
7.924641e+03 2.831416e-16 1.000000e-20
7.925894e+03 3.017180e-16 1.000000e-20
7.927146e+03 2.922749e-16 1.000000e-20
7.928398e+03 2.889019e-16 1.000000e-20
7.929650e+03 2.728000e-16 1.000000e-20
7.930902e+03 2.766773e-16 1.000000e-20
7.932155e+03 3.218522e-16 1.000000e-20
7.933407e+03 2.669919e-16 1.000000e-20
7.934660e+03 2.745136e-16 1.000000e-20
7.935912e+03 2.853896e-16 1.000000e-20
7.937164e+03 2.972034e-16 1.000000e-20
7.938417e+03 2.879968e-16 1.000000e-20
7.939669e+03 2.831596e-16 1.000000e-20
7.940921e+03 2.768050e-16 1.000000e-20
7.942173e+03 3.013816e-16 1.000000e-20
7.943426e+03 3.124837e-16 1.000000e-20
7.944678e+03 2.846580e-16 1.000000e-20
7.945931e+03 2.888892e-16 1.000000e-20
7.947183e+03 2.874449e-16 1.000000e-20
7.948435e+03 2.960227e-16 1.000000e-20
7.949688e+03 2.774786e-16 1.000000e-20
7.950939e+03 2.789932e-16 1.000000e-20
7.952192e+03 2.886680e-16 1.000000e-20
7.953444e+03 2.995745e-16 1.000000e-20
7.954696e+03 2.816217e-16 1.000000e-20
7.955949e+03 2.905379e-16 1.000000e-20
7.957201e+03 2.793868e-16 1.000000e-20
7.958453e+03 2.986406e-16 1.000000e-20
7.959706e+03 2.924929e-16 1.000000e-20
7.960958e+03 2.918899e-16 1.000000e-20
7.962210e+03 2.748985e-16 1.000000e-20
7.963463e+03 2.526486e-16 1.000000e-20
7.964715e+03 3.478440e-16 1.000000e-20
7.965967e+03 3.207532e-16 1.000000e-20
7.967220e+03 2.681466e-16 1.000000e-20
7.968472e+03 3.056112e-16 1.000000e-20
7.969724e+03 2.876401e-16 1.000000e-20
7.970977e+03 2.873135e-16 1.000000e-20
7.972229e+03 2.838466e-16 1.000000e-20
7.973481e+03 2.908969e-16 1.000000e-20
7.974733e+03 3.035136e-16 1.000000e-20
7.975985e+03 2.910490e-16 1.000000e-20
7.977238e+03 2.844769e-16 1.000000e-20
7.978490e+03 3.029986e-16 1.000000e-20
7.979742e+03 2.972965e-16 1.000000e-20
7.980995e+03 2.868669e-16 1.000000e-20
7.982247e+03 3.056790e-16 1.000000e-20
7.983499e+03 2.938792e-16 1.000000e-20
7.984752e+03 2.730112e-16 1.000000e-20
7.986004e+03 2.796445e-16 1.000000e-20
7.987256e+03 2.948110e-16 1.000000e-20
7.988509e+03 2.861831e-16 1.000000e-20
7.989761e+03 2.965750e-16 1.000000e-20
7.991013e+03 2.987262e-16 1.000000e-20
7.992266e+03 2.461296e-16 1.000000e-20
7.993518e+03 3.300049e-16 1.000000e-20
7.994770e+03 3.095550e-16 1.000000e-20
7.996022e+03 2.821903e-16 1.000000e-20
7.997274e+03 2.837005e-16 1.000000e-20
7.998527e+03 2.864234e-16 1.000000e-20
7.999779e+03 3.001261e-16 1.000000e-20
8.001031e+03 2.856458e-16 1.000000e-20
8.002284e+03 2.939980e-16 1.000000e-20
8.003536e+03 2.876282e-16 1.000000e-20
8.004789e+03 2.966169e-16 1.000000e-20
8.006041e+03 2.971024e-16 1.000000e-20
8.007293e+03 2.926233e-16 1.000000e-20
8.008545e+03 2.817417e-16 1.000000e-20
8.009798e+03 2.965389e-16 1.000000e-20
8.011050e+03 3.036549e-16 1.000000e-20
8.012302e+03 2.983412e-16 1.000000e-20
8.013555e+03 3.125764e-16 1.000000e-20
8.014807e+03 2.972268e-16 1.000000e-20
8.016060e+03 2.939399e-16 1.000000e-20
8.017312e+03 2.895407e-16 1.000000e-20
8.018563e+03 2.887965e-16 1.000000e-20
8.019816e+03 3.072893e-16 1.000000e-20
8.021068e+03 3.150026e-16 1.000000e-20
8.022321e+03 3.111166e-16 1.000000e-20
8.023573e+03 3.211780e-16 1.000000e-20
8.024825e+03 3.204285e-16 1.000000e-20
8.026078e+03 2.676802e-16 1.000000e-20
8.027330e+03 2.956312e-16 1.000000e-20
8.028582e+03 3.264396e-16 1.000000e-20
8.029834e+03 2.848805e-16 1.000000e-20
8.031087e+03 3.023586e-16 1.000000e-20
8.032339e+03 3.038508e-16 1.000000e-20
8.033592e+03 3.031800e-16 1.000000e-20
8.034844e+03 2.909162e-16 1.000000e-20
8.036096e+03 2.764505e-16 1.000000e-20
8.037349e+03 2.974631e-16 1.000000e-20
8.038601e+03 3.111920e-16 1.000000e-20
8.039853e+03 2.891666e-16 1.000000e-20
8.041105e+03 2.776907e-16 1.000000e-20
8.042357e+03 3.013631e-16 1.000000e-20
8.043610e+03 3.176987e-16 1.000000e-20
8.044862e+03 2.894944e-16 1.000000e-20
8.046114e+03 2.992414e-16 1.000000e-20
8.047367e+03 3.066826e-16 1.000000e-20
8.048619e+03 3.019473e-16 1.000000e-20
8.049871e+03 3.038946e-16 1.000000e-20
8.051124e+03 3.276609e-16 1.000000e-20
8.052376e+03 3.040278e-16 1.000000e-20
8.053628e+03 2.835817e-16 1.000000e-20
8.054881e+03 2.976537e-16 1.000000e-20
8.056133e+03 3.020997e-16 1.000000e-20
8.057385e+03 3.080315e-16 1.000000e-20
8.058638e+03 3.129652e-16 1.000000e-20
8.059890e+03 3.027062e-16 1.000000e-20
8.061142e+03 2.868292e-16 1.000000e-20
8.062395e+03 2.735167e-16 1.000000e-20
8.063646e+03 3.062629e-16 1.000000e-20
8.064899e+03 3.184141e-16 1.000000e-20
8.066151e+03 3.094020e-16 1.000000e-20
8.067403e+03 2.824639e-16 1.000000e-20
8.068656e+03 3.038369e-16 1.000000e-20
8.069908e+03 3.027153e-16 1.000000e-20
8.071161e+03 3.008025e-16 1.000000e-20
8.072413e+03 3.049197e-16 1.000000e-20
8.073665e+03 2.955457e-16 1.000000e-20
8.074917e+03 3.007984e-16 1.000000e-20
8.076170e+03 3.050530e-16 1.000000e-20
8.077422e+03 3.166028e-16 1.000000e-20
8.078674e+03 3.243580e-16 1.000000e-20
8.079927e+03 3.169868e-16 1.000000e-20
8.081179e+03 3.243254e-16 1.000000e-20
8.082431e+03 3.206369e-16 1.000000e-20
8.083684e+03 3.138639e-16 1.000000e-20
8.084936e+03 3.085213e-16 1.000000e-20
8.086188e+03 3.142835e-16 1.000000e-20
8.087440e+03 3.064357e-16 1.000000e-20
8.088693e+03 3.071820e-16 1.000000e-20
8.089945e+03 2.940765e-16 1.000000e-20
8.091197e+03 3.021685e-16 1.000000e-20
8.092450e+03 3.049897e-16 1.000000e-20
8.093702e+03 2.994036e-16 1.000000e-20
8.094954e+03 2.986733e-16 1.000000e-20
8.096207e+03 3.026313e-16 1.000000e-20
8.097459e+03 2.963384e-16 1.000000e-20
8.098711e+03 3.116042e-16 1.000000e-20
8.099963e+03 3.089429e-16 1.000000e-20
8.101216e+03 3.186789e-16 1.000000e-20
8.102468e+03 3.316088e-16 1.000000e-20
8.103721e+03 3.118990e-16 1.000000e-20
8.104973e+03 3.012193e-16 1.000000e-20
8.106225e+03 2.868675e-16 1.000000e-20
8.107478e+03 3.046707e-16 1.000000e-20
8.108729e+03 3.113940e-16 1.000000e-20
8.109982e+03 3.179436e-16 1.000000e-20
8.111234e+03 3.008416e-16 1.000000e-20
8.112486e+03 3.106000e-16 1.000000e-20
8.113739e+03 2.949457e-16 1.000000e-20
8.114991e+03 2.965067e-16 1.000000e-20
8.116243e+03 3.110510e-16 1.000000e-20
8.117496e+03 3.062805e-16 1.000000e-20
8.118748e+03 3.167812e-16 1.000000e-20
8.120000e+03 3.029531e-16 1.000000e-20
8.121253e+03 3.129478e-16 1.000000e-20
8.122505e+03 3.103119e-16 1.000000e-20
8.123757e+03 3.011105e-16 1.000000e-20
8.125010e+03 3.061288e-16 1.000000e-20
8.126262e+03 3.049687e-16 1.000000e-20
8.127514e+03 2.937247e-16 1.000000e-20
8.128767e+03 3.070337e-16 1.000000e-20
8.130019e+03 3.064288e-16 1.000000e-20
8.131271e+03 3.024812e-16 1.000000e-20
8.132523e+03 2.981464e-16 1.000000e-20
8.133775e+03 2.992494e-16 1.000000e-20
8.135028e+03 3.017027e-16 1.000000e-20
8.136280e+03 3.030367e-16 1.000000e-20
8.137532e+03 3.063455e-16 1.000000e-20
8.138785e+03 3.205177e-16 1.000000e-20
8.140037e+03 3.069004e-16 1.000000e-20
8.141290e+03 3.098579e-16 1.000000e-20
8.142542e+03 3.082068e-16 1.000000e-20
8.143794e+03 3.148568e-16 1.000000e-20
8.145046e+03 3.109616e-16 1.000000e-20
8.146299e+03 2.948792e-16 1.000000e-20
8.147551e+03 3.119540e-16 1.000000e-20
8.148803e+03 3.180619e-16 1.000000e-20
8.150056e+03 3.039460e-16 1.000000e-20
8.151308e+03 3.095105e-16 1.000000e-20
8.152560e+03 3.136144e-16 1.000000e-20
8.153812e+03 3.086334e-16 1.000000e-20
8.155064e+03 3.024042e-16 1.000000e-20
8.156317e+03 3.071065e-16 1.000000e-20
8.157569e+03 2.852734e-16 1.000000e-20
8.158822e+03 2.904913e-16 1.000000e-20
8.160074e+03 3.095260e-16 1.000000e-20
8.161326e+03 2.843355e-16 1.000000e-20
8.162579e+03 2.904228e-16 1.000000e-20
8.163831e+03 3.138232e-16 1.000000e-20
8.165083e+03 3.059845e-16 1.000000e-20
8.166335e+03 2.984814e-16 1.000000e-20
8.167588e+03 2.923644e-16 1.000000e-20
8.168840e+03 2.857510e-16 1.000000e-20
8.170092e+03 3.008665e-16 1.000000e-20
8.171345e+03 3.152713e-16 1.000000e-20
8.172597e+03 3.153808e-16 1.000000e-20
8.173850e+03 2.908897e-16 1.000000e-20
8.175102e+03 2.902821e-16 1.000000e-20
8.176354e+03 3.140352e-16 1.000000e-20
8.177606e+03 3.015554e-16 1.000000e-20
8.178858e+03 3.030737e-16 1.000000e-20
8.180111e+03 3.144579e-16 1.000000e-20
8.181363e+03 3.017752e-16 1.000000e-20
8.182615e+03 3.197370e-16 1.000000e-20
8.183868e+03 3.120085e-16 1.000000e-20
8.185120e+03 3.022219e-16 1.000000e-20
8.186372e+03 3.052247e-16 1.000000e-20
8.187625e+03 3.174692e-16 1.000000e-20
8.188877e+03 2.913153e-16 1.000000e-20
8.190129e+03 2.930772e-16 1.000000e-20
8.191382e+03 3.096933e-16 1.000000e-20
8.192634e+03 2.990592e-16 1.000000e-20
8.193887e+03 2.919674e-16 1.000000e-20
8.195139e+03 2.913120e-16 1.000000e-20
8.196391e+03 3.096567e-16 1.000000e-20
8.197643e+03 3.030309e-16 1.000000e-20
8.198896e+03 2.874088e-16 1.000000e-20
8.200147e+03 2.870693e-16 1.000000e-20
8.201400e+03 3.061017e-16 1.000000e-20
8.202652e+03 3.185698e-16 1.000000e-20
8.203904e+03 2.737728e-16 1.000000e-20
8.205156e+03 2.765944e-16 1.000000e-20
8.206409e+03 3.019442e-16 1.000000e-20
8.207661e+03 2.939691e-16 1.000000e-20
8.208914e+03 3.090049e-16 1.000000e-20
8.210166e+03 2.853945e-16 1.000000e-20
8.211418e+03 2.880207e-16 1.000000e-20
8.212671e+03 2.892442e-16 1.000000e-20
8.213923e+03 2.994552e-16 1.000000e-20
8.215176e+03 3.073363e-16 1.000000e-20
8.216428e+03 3.025757e-16 1.000000e-20
8.217680e+03 3.096556e-16 1.000000e-20
8.218932e+03 3.141941e-16 1.000000e-20
8.220185e+03 3.202544e-16 1.000000e-20
8.221437e+03 2.982744e-16 1.000000e-20
8.222689e+03 3.052072e-16 1.000000e-20
8.223941e+03 3.067976e-16 1.000000e-20
8.225193e+03 2.953645e-16 1.000000e-20
8.226446e+03 2.932015e-16 1.000000e-20
8.227698e+03 3.064932e-16 1.000000e-20
8.228951e+03 3.088865e-16 1.000000e-20
8.230203e+03 3.068638e-16 1.000000e-20
8.231455e+03 3.078651e-16 1.000000e-20
8.232707e+03 3.071042e-16 1.000000e-20
8.233960e+03 3.103464e-16 1.000000e-20
8.235212e+03 3.173646e-16 1.000000e-20
8.236465e+03 3.070736e-16 1.000000e-20
8.237717e+03 2.954068e-16 1.000000e-20
8.238969e+03 3.021225e-16 1.000000e-20
8.240222e+03 3.095041e-16 1.000000e-20
8.241474e+03 3.072154e-16 1.000000e-20
8.242726e+03 3.048318e-16 1.000000e-20
8.243979e+03 2.936181e-16 1.000000e-20
8.245230e+03 2.906037e-16 1.000000e-20
8.246482e+03 2.992684e-16 1.000000e-20
8.247735e+03 2.990596e-16 1.000000e-20
8.248987e+03 2.992948e-16 1.000000e-20
8.250240e+03 3.108370e-16 1.000000e-20
8.251492e+03 3.046918e-16 1.000000e-20
8.252744e+03 2.836667e-16 1.000000e-20
8.253996e+03 2.884700e-16 1.000000e-20
8.255249e+03 2.990825e-16 1.000000e-20
8.256501e+03 3.013420e-16 1.000000e-20
8.257754e+03 3.108003e-16 1.000000e-20
8.259006e+03 3.062944e-16 1.000000e-20
8.260258e+03 2.959896e-16 1.000000e-20
8.261511e+03 2.927730e-16 1.000000e-20
8.262763e+03 2.857536e-16 1.000000e-20
8.264016e+03 2.873991e-16 1.000000e-20
8.265268e+03 2.849075e-16 1.000000e-20
8.266520e+03 2.816317e-16 1.000000e-20
8.267771e+03 2.924252e-16 1.000000e-20
8.269024e+03 2.863221e-16 1.000000e-20
8.270276e+03 2.966761e-16 1.000000e-20
8.271529e+03 3.029189e-16 1.000000e-20
8.272781e+03 2.831359e-16 1.000000e-20
8.274033e+03 2.912720e-16 1.000000e-20
8.275286e+03 2.724156e-16 1.000000e-20
8.276538e+03 3.009006e-16 1.000000e-20
8.277790e+03 3.017615e-16 1.000000e-20
8.279043e+03 2.875020e-16 1.000000e-20
8.280295e+03 2.914189e-16 1.000000e-20
8.281547e+03 2.748735e-16 1.000000e-20
8.282800e+03 2.964504e-16 1.000000e-20
8.284052e+03 2.982569e-16 1.000000e-20
8.285305e+03 2.961334e-16 1.000000e-20
8.286557e+03 2.917205e-16 1.000000e-20
8.287809e+03 2.981768e-16 1.000000e-20
8.289061e+03 2.616741e-16 1.000000e-20
8.290313e+03 2.995662e-16 1.000000e-20
8.291565e+03 2.708222e-16 1.000000e-20
8.292818e+03 2.597583e-16 1.000000e-20
8.294070e+03 2.530445e-16 1.000000e-20
8.295322e+03 2.624850e-16 1.000000e-20
8.296575e+03 2.670271e-16 1.000000e-20
8.297827e+03 2.623551e-16 1.000000e-20
8.299080e+03 2.355967e-16 1.000000e-20
8.300332e+03 2.824645e-16 1.000000e-20
8.301584e+03 3.001771e-16 1.000000e-20
8.302836e+03 2.877688e-16 1.000000e-20
8.304089e+03 2.822927e-16 1.000000e-20
8.305341e+03 3.080646e-16 1.000000e-20
8.306594e+03 3.031750e-16 1.000000e-20
8.307846e+03 2.832369e-16 1.000000e-20
8.309098e+03 2.756864e-16 1.000000e-20
8.310351e+03 2.732356e-16 1.000000e-20
8.311603e+03 2.779619e-16 1.000000e-20
8.312854e+03 2.830343e-16 1.000000e-20
8.314107e+03 2.558750e-16 1.000000e-20
8.315359e+03 2.658731e-16 1.000000e-20
8.316611e+03 2.533919e-16 1.000000e-20
8.317864e+03 2.526368e-16 1.000000e-20
8.319116e+03 2.723678e-16 1.000000e-20
8.320369e+03 2.686515e-16 1.000000e-20
8.321621e+03 2.518256e-16 1.000000e-20
8.322873e+03 2.570927e-16 1.000000e-20
8.324125e+03 2.617402e-16 1.000000e-20
8.325378e+03 2.599303e-16 1.000000e-20
8.326630e+03 2.676757e-16 1.000000e-20
8.327883e+03 2.660819e-16 1.000000e-20
8.329135e+03 2.751313e-16 1.000000e-20
8.330387e+03 2.900373e-16 1.000000e-20
8.331640e+03 2.635267e-16 1.000000e-20
8.332892e+03 2.753391e-16 1.000000e-20
8.334145e+03 2.762074e-16 1.000000e-20
8.335396e+03 2.722939e-16 1.000000e-20
8.336648e+03 2.758392e-16 1.000000e-20
8.337900e+03 2.660604e-16 1.000000e-20
8.339153e+03 2.524184e-16 1.000000e-20
8.340405e+03 2.624291e-16 1.000000e-20
8.341658e+03 2.655690e-16 1.000000e-20
8.342910e+03 2.284311e-16 1.000000e-20
8.344162e+03 2.323947e-16 1.000000e-20
8.345415e+03 2.697461e-16 1.000000e-20
8.346667e+03 2.584128e-16 1.000000e-20
8.347919e+03 2.543098e-16 1.000000e-20
8.349172e+03 2.578721e-16 1.000000e-20
8.350424e+03 2.513494e-16 1.000000e-20
8.351676e+03 2.089645e-16 1.000000e-20
8.352929e+03 2.785376e-16 1.000000e-20
8.354181e+03 2.581078e-16 1.000000e-20
8.355434e+03 2.357702e-16 1.000000e-20
8.356686e+03 2.673152e-16 1.000000e-20
8.357938e+03 2.567580e-16 1.000000e-20
8.359189e+03 2.527812e-16 1.000000e-20
8.360442e+03 2.439629e-16 1.000000e-20
8.361694e+03 2.526230e-16 1.000000e-20
8.362947e+03 2.409977e-16 1.000000e-20
8.364199e+03 2.393628e-16 1.000000e-20
8.365451e+03 2.531600e-16 1.000000e-20
8.366704e+03 2.504951e-16 1.000000e-20
8.367956e+03 2.400886e-16 1.000000e-20
8.369209e+03 2.660650e-16 1.000000e-20
8.370461e+03 2.643708e-16 1.000000e-20
8.371713e+03 2.660915e-16 1.000000e-20
8.372965e+03 2.488448e-16 1.000000e-20
8.374218e+03 2.379582e-16 1.000000e-20
8.375470e+03 2.405167e-16 1.000000e-20
8.376723e+03 2.444233e-16 1.000000e-20
8.377975e+03 2.284269e-16 1.000000e-20
8.379227e+03 2.478371e-16 1.000000e-20
8.380479e+03 2.398412e-16 1.000000e-20
8.381731e+03 2.355400e-16 1.000000e-20
8.382984e+03 2.441089e-16 1.000000e-20
8.384236e+03 2.486295e-16 1.000000e-20
8.385488e+03 2.281687e-16 1.000000e-20
8.386740e+03 2.327051e-16 1.000000e-20
8.387993e+03 2.302041e-16 1.000000e-20
8.389245e+03 2.434552e-16 1.000000e-20
8.390498e+03 2.313029e-16 1.000000e-20
8.391750e+03 2.305086e-16 1.000000e-20
8.393002e+03 2.709267e-16 1.000000e-20
8.394254e+03 2.403549e-16 1.000000e-20
8.395507e+03 2.338972e-16 1.000000e-20
8.396759e+03 2.347951e-16 1.000000e-20
8.398012e+03 2.728491e-16 1.000000e-20
8.399264e+03 1.472209e-16 1.000000e-20
8.400516e+03 1.964627e-16 1.000000e-20
8.401769e+03 2.830244e-16 1.000000e-20
8.403021e+03 2.389155e-16 1.000000e-20
8.404273e+03 2.391925e-16 1.000000e-20
8.405525e+03 2.444757e-16 1.000000e-20
8.406777e+03 2.513902e-16 1.000000e-20
8.408029e+03 2.480825e-16 1.000000e-20
8.409282e+03 2.577651e-16 1.000000e-20
8.410534e+03 2.449427e-16 1.000000e-20
8.411787e+03 2.324939e-16 1.000000e-20
8.413039e+03 2.424646e-16 1.000000e-20
8.414291e+03 2.368568e-16 1.000000e-20
8.415544e+03 2.022024e-16 1.000000e-20
8.416796e+03 2.278046e-16 1.000000e-20
8.418049e+03 2.161226e-16 1.000000e-20
8.419301e+03 2.264843e-16 1.000000e-20
8.420553e+03 2.269601e-16 1.000000e-20
8.421805e+03 2.190966e-16 1.000000e-20
8.423058e+03 2.165032e-16 1.000000e-20
8.424310e+03 2.307145e-16 1.000000e-20
8.425562e+03 2.395554e-16 1.000000e-20
8.426814e+03 2.266856e-16 1.000000e-20
8.428066e+03 2.230732e-16 1.000000e-20
8.429318e+03 1.718046e-16 1.000000e-20
8.430571e+03 2.421568e-16 1.000000e-20
8.431823e+03 3.144188e-16 1.000000e-20
8.433076e+03 2.443253e-16 1.000000e-20
8.434328e+03 2.359630e-16 1.000000e-20
8.435580e+03 2.489714e-16 1.000000e-20
8.436833e+03 2.287473e-16 1.000000e-20
8.438085e+03 2.222730e-16 1.000000e-20
8.439338e+03 2.280872e-16 1.000000e-20
8.440590e+03 2.356598e-16 1.000000e-20
8.441842e+03 2.101638e-16 1.000000e-20
8.443094e+03 2.185384e-16 1.000000e-20
8.444347e+03 2.208322e-16 1.000000e-20
8.445599e+03 2.181974e-16 1.000000e-20
8.446852e+03 2.230645e-16 1.000000e-20
8.448104e+03 2.267923e-16 1.000000e-20
8.449355e+03 2.382445e-16 1.000000e-20
8.450608e+03 2.365750e-16 1.000000e-20
8.451860e+03 2.046449e-16 1.000000e-20
8.453113e+03 2.137350e-16 1.000000e-20
8.454365e+03 2.583211e-16 1.000000e-20
8.455617e+03 2.314912e-16 1.000000e-20
8.456869e+03 2.214540e-16 1.000000e-20
8.458122e+03 2.235633e-16 1.000000e-20
8.459374e+03 2.343971e-16 1.000000e-20
8.460627e+03 2.345744e-16 1.000000e-20
8.461879e+03 2.116290e-16 1.000000e-20
8.463131e+03 2.136941e-16 1.000000e-20
8.464383e+03 2.031141e-16 1.000000e-20
8.465636e+03 2.465097e-16 1.000000e-20
8.466888e+03 2.438703e-16 1.000000e-20
8.468141e+03 2.004445e-16 1.000000e-20
8.469393e+03 2.000713e-16 1.000000e-20
8.470645e+03 2.074138e-16 1.000000e-20
8.471897e+03 2.202689e-16 1.000000e-20
8.473149e+03 2.094073e-16 1.000000e-20
8.474402e+03 2.116745e-16 1.000000e-20
8.475654e+03 2.241069e-16 1.000000e-20
8.476906e+03 2.243040e-16 1.000000e-20
8.478158e+03 2.345406e-16 1.000000e-20
8.479411e+03 2.158927e-16 1.000000e-20
8.480663e+03 2.256971e-16 1.000000e-20
8.481916e+03 2.163878e-16 1.000000e-20
8.483168e+03 2.316041e-16 1.000000e-20
8.484420e+03 2.210212e-16 1.000000e-20
8.485673e+03 2.300270e-16 1.000000e-20
8.486925e+03 2.358902e-16 1.000000e-20
8.488178e+03 2.306392e-16 1.000000e-20
8.489430e+03 2.231144e-16 1.000000e-20
8.490682e+03 2.229491e-16 1.000000e-20
8.491934e+03 2.200364e-16 1.000000e-20
8.493187e+03 2.216014e-16 1.000000e-20
8.494438e+03 2.114200e-16 1.000000e-20
8.495691e+03 2.222992e-16 1.000000e-20
8.496943e+03 2.363374e-16 1.000000e-20
8.498195e+03 2.256394e-16 1.000000e-20
8.499447e+03 2.267530e-16 1.000000e-20
8.500700e+03 2.196019e-16 1.000000e-20
8.501952e+03 2.343552e-16 1.000000e-20
8.503205e+03 2.275355e-16 1.000000e-20
8.504457e+03 2.120645e-16 1.000000e-20
8.505709e+03 2.076753e-16 1.000000e-20
8.506962e+03 2.480957e-16 1.000000e-20
8.508214e+03 2.228267e-16 1.000000e-20
8.509467e+03 2.356076e-16 1.000000e-20
8.510719e+03 2.355187e-16 1.000000e-20
8.511971e+03 2.282650e-16 1.000000e-20
8.513223e+03 2.176615e-16 1.000000e-20
8.514476e+03 2.257474e-16 1.000000e-20
8.515728e+03 2.439301e-16 1.000000e-20
8.516980e+03 2.495978e-16 1.000000e-20
8.518232e+03 2.339353e-16 1.000000e-20
8.519484e+03 2.195246e-16 1.000000e-20
8.520737e+03 2.234328e-16 1.000000e-20
8.521989e+03 2.196411e-16 1.000000e-20
8.523242e+03 2.158768e-16 1.000000e-20
8.524494e+03 2.256426e-16 1.000000e-20
8.525746e+03 2.274510e-16 1.000000e-20
8.526998e+03 2.275811e-16 1.000000e-20
8.528251e+03 2.261783e-16 1.000000e-20
8.529503e+03 2.294189e-16 1.000000e-20
8.530756e+03 2.210436e-16 1.000000e-20
8.532008e+03 2.229560e-16 1.000000e-20
8.533260e+03 2.413537e-16 1.000000e-20
8.534513e+03 2.268775e-16 1.000000e-20
8.535765e+03 2.359125e-16 1.000000e-20
8.537017e+03 2.317814e-16 1.000000e-20
8.538270e+03 2.182452e-16 1.000000e-20
8.539521e+03 2.361973e-16 1.000000e-20
8.540773e+03 2.472178e-16 1.000000e-20
8.542026e+03 2.128849e-16 1.000000e-20
8.543278e+03 2.334670e-16 1.000000e-20
8.544531e+03 2.166475e-16 1.000000e-20
8.545783e+03 2.183436e-16 1.000000e-20
8.547035e+03 2.258183e-16 1.000000e-20
8.548287e+03 2.103139e-16 1.000000e-20
8.549540e+03 2.003371e-16 1.000000e-20
8.550792e+03 2.310671e-16 1.000000e-20
8.552045e+03 2.286723e-16 1.000000e-20
8.553297e+03 2.376004e-16 1.000000e-20
8.554549e+03 2.196530e-16 1.000000e-20
8.555802e+03 2.343360e-16 1.000000e-20
8.557054e+03 2.167042e-16 1.000000e-20
8.558307e+03 2.298085e-16 1.000000e-20
8.559559e+03 2.256760e-16 1.000000e-20
8.560811e+03 2.462069e-16 1.000000e-20
8.562062e+03 2.329122e-16 1.000000e-20
8.563315e+03 2.324546e-16 1.000000e-20
8.564567e+03 2.279261e-16 1.000000e-20
8.565820e+03 2.228143e-16 1.000000e-20
8.567072e+03 2.105287e-16 1.000000e-20
8.568324e+03 2.304627e-16 1.000000e-20
8.569577e+03 2.293616e-16 1.000000e-20
8.570829e+03 2.094021e-16 1.000000e-20
8.572081e+03 2.152369e-16 1.000000e-20
8.573334e+03 2.200978e-16 1.000000e-20
8.574586e+03 2.350394e-16 1.000000e-20
8.575838e+03 2.221996e-16 1.000000e-20
8.577091e+03 2.219181e-16 1.000000e-20
8.578343e+03 2.290852e-16 1.000000e-20
8.579596e+03 2.199766e-16 1.000000e-20
8.580848e+03 2.204420e-16 1.000000e-20
8.582100e+03 2.227795e-16 1.000000e-20
8.583352e+03 2.047352e-16 1.000000e-20
8.584604e+03 2.321637e-16 1.000000e-20
8.585856e+03 2.266925e-16 1.000000e-20
8.587109e+03 2.199739e-16 1.000000e-20
8.588361e+03 2.263914e-16 1.000000e-20
8.589613e+03 2.331782e-16 1.000000e-20
8.590866e+03 2.283281e-16 1.000000e-20
8.592118e+03 2.359427e-16 1.000000e-20
8.593371e+03 2.268304e-16 1.000000e-20
8.594623e+03 2.376281e-16 1.000000e-20
8.595875e+03 2.351048e-16 1.000000e-20
8.597127e+03 2.152287e-16 1.000000e-20
8.598380e+03 2.105501e-16 1.000000e-20
8.599632e+03 2.269166e-16 1.000000e-20
8.600885e+03 2.233718e-16 1.000000e-20
8.602137e+03 2.216581e-16 1.000000e-20
8.603389e+03 2.296694e-16 1.000000e-20
8.604642e+03 2.181721e-16 1.000000e-20
8.605894e+03 2.152890e-16 1.000000e-20
8.607146e+03 2.118033e-16 1.000000e-20
8.608398e+03 2.251575e-16 1.000000e-20
8.609650e+03 2.334956e-16 1.000000e-20
8.610902e+03 2.268943e-16 1.000000e-20
8.612155e+03 2.334447e-16 1.000000e-20
8.613407e+03 2.253668e-16 1.000000e-20
8.614660e+03 2.449891e-16 1.000000e-20
8.615912e+03 2.324299e-16 1.000000e-20
8.617164e+03 2.338059e-16 1.000000e-20
8.618416e+03 2.327794e-16 1.000000e-20
8.619669e+03 2.407060e-16 1.000000e-20
8.620921e+03 2.284116e-16 1.000000e-20
8.622174e+03 2.255477e-16 1.000000e-20
8.623426e+03 2.470589e-16 1.000000e-20
8.624678e+03 2.365112e-16 1.000000e-20
8.625931e+03 2.281214e-16 1.000000e-20
8.627183e+03 2.279346e-16 1.000000e-20
8.628436e+03 2.307864e-16 1.000000e-20
8.629688e+03 2.360043e-16 1.000000e-20
8.630939e+03 2.172223e-16 1.000000e-20
8.632191e+03 2.205261e-16 1.000000e-20
8.633444e+03 2.182356e-16 1.000000e-20
8.634696e+03 2.265345e-16 1.000000e-20
8.635949e+03 2.338312e-16 1.000000e-20
8.637201e+03 2.305633e-16 1.000000e-20
8.638453e+03 2.417753e-16 1.000000e-20
8.639706e+03 2.189935e-16 1.000000e-20
8.640958e+03 2.378797e-16 1.000000e-20
8.642210e+03 2.395533e-16 1.000000e-20
8.643463e+03 2.463440e-16 1.000000e-20
8.644715e+03 2.515682e-16 1.000000e-20
8.645967e+03 2.506268e-16 1.000000e-20
8.647220e+03 2.252214e-16 1.000000e-20
8.648472e+03 2.552913e-16 1.000000e-20
8.649725e+03 2.449874e-16 1.000000e-20
8.650977e+03 2.255571e-16 1.000000e-20
8.652229e+03 2.472020e-16 1.000000e-20
8.653480e+03 2.400087e-16 1.000000e-20
8.654733e+03 2.361256e-16 1.000000e-20
8.655985e+03 2.260415e-16 1.000000e-20
8.657238e+03 2.385303e-16 1.000000e-20
8.658490e+03 2.240834e-16 1.000000e-20
8.659742e+03 2.444388e-16 1.000000e-20
8.660995e+03 2.462555e-16 1.000000e-20
8.662247e+03 2.514649e-16 1.000000e-20
8.663500e+03 2.484286e-16 1.000000e-20
8.664752e+03 2.482725e-16 1.000000e-20
8.666004e+03 2.305752e-16 1.000000e-20
8.667256e+03 2.459769e-16 1.000000e-20
8.668509e+03 2.404010e-16 1.000000e-20
8.669761e+03 2.304781e-16 1.000000e-20
8.671014e+03 2.648103e-16 1.000000e-20
8.672266e+03 2.675060e-16 1.000000e-20
8.673518e+03 2.538224e-16 1.000000e-20
8.674771e+03 2.653298e-16 1.000000e-20
8.676022e+03 2.522556e-16 1.000000e-20
8.677274e+03 2.501102e-16 1.000000e-20
8.678527e+03 2.482370e-16 1.000000e-20
8.679779e+03 2.517462e-16 1.000000e-20
8.681031e+03 2.601743e-16 1.000000e-20
8.682284e+03 2.610298e-16 1.000000e-20
8.683536e+03 2.601768e-16 1.000000e-20
8.684789e+03 2.413296e-16 1.000000e-20
8.686041e+03 2.411874e-16 1.000000e-20
8.687293e+03 2.714703e-16 1.000000e-20
8.688545e+03 2.639670e-16 1.000000e-20
8.689798e+03 2.556032e-16 1.000000e-20
8.691050e+03 2.495359e-16 1.000000e-20
8.692303e+03 2.604482e-16 1.000000e-20
8.693555e+03 2.745333e-16 1.000000e-20
8.694807e+03 2.558971e-16 1.000000e-20
8.696060e+03 2.842744e-16 1.000000e-20
8.697312e+03 2.755984e-16 1.000000e-20
8.698564e+03 2.649051e-16 1.000000e-20
8.699816e+03 2.708250e-16 1.000000e-20
8.701068e+03 2.632366e-16 1.000000e-20
8.702320e+03 2.707470e-16 1.000000e-20
8.703573e+03 2.565404e-16 1.000000e-20
8.704825e+03 2.736192e-16 1.000000e-20
8.706078e+03 2.713245e-16 1.000000e-20
8.707330e+03 2.743544e-16 1.000000e-20
8.708582e+03 2.612008e-16 1.000000e-20
8.709835e+03 2.596607e-16 1.000000e-20
8.711087e+03 2.478460e-16 1.000000e-20
8.712340e+03 2.595224e-16 1.000000e-20
8.713592e+03 2.671777e-16 1.000000e-20
8.714844e+03 2.731682e-16 1.000000e-20
8.716096e+03 2.679693e-16 1.000000e-20
8.717349e+03 2.757243e-16 1.000000e-20
8.718601e+03 2.901612e-16 1.000000e-20
8.719854e+03 2.838387e-16 1.000000e-20
8.721105e+03 2.896693e-16 1.000000e-20
8.722357e+03 2.849383e-16 1.000000e-20
8.723609e+03 2.687777e-16 1.000000e-20
8.724862e+03 2.768963e-16 1.000000e-20
8.726114e+03 2.656752e-16 1.000000e-20
8.727367e+03 2.301441e-16 1.000000e-20
8.728619e+03 2.907580e-16 1.000000e-20
8.729871e+03 2.904151e-16 1.000000e-20
8.731124e+03 2.683568e-16 1.000000e-20
8.732376e+03 2.749658e-16 1.000000e-20
8.733629e+03 2.813749e-16 1.000000e-20
8.734881e+03 2.757341e-16 1.000000e-20
8.736133e+03 2.974775e-16 1.000000e-20
8.737385e+03 2.723300e-16 1.000000e-20
8.738638e+03 2.857685e-16 1.000000e-20
8.739890e+03 2.857527e-16 1.000000e-20
8.741143e+03 2.870969e-16 1.000000e-20
8.742395e+03 2.699662e-16 1.000000e-20
8.743646e+03 2.780395e-16 1.000000e-20
8.744899e+03 2.929637e-16 1.000000e-20
8.746151e+03 2.927539e-16 1.000000e-20
8.747404e+03 2.872576e-16 1.000000e-20
8.748656e+03 2.630615e-16 1.000000e-20
8.749908e+03 2.723321e-16 1.000000e-20
8.751160e+03 2.525625e-16 1.000000e-20
8.752413e+03 2.703096e-16 1.000000e-20
8.753665e+03 2.776376e-16 1.000000e-20
8.754918e+03 2.984956e-16 1.000000e-20
8.756170e+03 2.835312e-16 1.000000e-20
8.757422e+03 3.067409e-16 1.000000e-20
8.758674e+03 3.197565e-16 1.000000e-20
8.759927e+03 2.862158e-16 1.000000e-20
8.761179e+03 2.523987e-16 1.000000e-20
8.762432e+03 2.981518e-16 1.000000e-20
8.763684e+03 3.046955e-16 1.000000e-20
8.764936e+03 2.959424e-16 1.000000e-20
8.766188e+03 2.860699e-16 1.000000e-20
8.767440e+03 3.227507e-16 1.000000e-20
8.768693e+03 3.196681e-16 1.000000e-20
8.769945e+03 3.290481e-16 1.000000e-20
8.771197e+03 3.123997e-16 1.000000e-20
8.772449e+03 3.042642e-16 1.000000e-20
8.773702e+03 3.068978e-16 1.000000e-20
8.774954e+03 2.717851e-16 1.000000e-20
8.776207e+03 2.717913e-16 1.000000e-20
8.777459e+03 2.520728e-16 1.000000e-20
8.778711e+03 2.330346e-16 1.000000e-20
8.779964e+03 2.691504e-16 1.000000e-20
8.781216e+03 2.634910e-16 1.000000e-20
8.782469e+03 2.631872e-16 1.000000e-20
8.783721e+03 2.685653e-16 1.000000e-20
8.784973e+03 2.579395e-16 1.000000e-20
8.786225e+03 2.722284e-16 1.000000e-20
8.787478e+03 2.912339e-16 1.000000e-20
8.788729e+03 3.069327e-16 1.000000e-20
8.789982e+03 2.976546e-16 1.000000e-20
8.791234e+03 2.972751e-16 1.000000e-20
8.792486e+03 3.252413e-16 1.000000e-20
8.793738e+03 3.234502e-16 1.000000e-20
8.794991e+03 2.944698e-16 1.000000e-20
8.796243e+03 3.124779e-16 1.000000e-20
8.797496e+03 3.076073e-16 1.000000e-20
8.798748e+03 2.851508e-16 1.000000e-20
8.800000e+03 2.727260e-16 1.000000e-20
8.801253e+03 3.012276e-16 1.000000e-20
8.802505e+03 3.009460e-16 1.000000e-20
8.803758e+03 2.930119e-16 1.000000e-20
8.805010e+03 2.904822e-16 1.000000e-20
8.806262e+03 3.088011e-16 1.000000e-20
8.807514e+03 3.015940e-16 1.000000e-20
8.808767e+03 2.855577e-16 1.000000e-20
8.810019e+03 2.803578e-16 1.000000e-20
8.811271e+03 3.163846e-16 1.000000e-20
8.812523e+03 3.102000e-16 1.000000e-20
8.813775e+03 2.990925e-16 1.000000e-20
8.815028e+03 2.870421e-16 1.000000e-20
8.816280e+03 2.928322e-16 1.000000e-20
8.817533e+03 3.136832e-16 1.000000e-20
8.818785e+03 3.105828e-16 1.000000e-20
8.820037e+03 3.117752e-16 1.000000e-20
8.821289e+03 2.891060e-16 1.000000e-20
8.822542e+03 2.949233e-16 1.000000e-20
8.823794e+03 2.886740e-16 1.000000e-20
8.825047e+03 2.569116e-16 1.000000e-20
8.826299e+03 2.365412e-16 1.000000e-20
8.827551e+03 1.199674e-16 1.000000e-20
8.828803e+03 2.367298e-16 1.000000e-20
8.830056e+03 2.801482e-16 1.000000e-20
8.831308e+03 2.448495e-16 1.000000e-20
8.832561e+03 2.800562e-16 1.000000e-20
8.833812e+03 2.807069e-16 1.000000e-20
8.835064e+03 3.038003e-16 1.000000e-20
8.836317e+03 2.649115e-16 1.000000e-20
8.837569e+03 2.801237e-16 1.000000e-20
8.838822e+03 3.018878e-16 1.000000e-20
8.840074e+03 2.946290e-16 1.000000e-20
8.841326e+03 3.015295e-16 1.000000e-20
8.842578e+03 3.204391e-16 1.000000e-20
8.843831e+03 3.194016e-16 1.000000e-20
8.845083e+03 2.986846e-16 1.000000e-20
8.846336e+03 3.055487e-16 1.000000e-20
8.847588e+03 3.199325e-16 1.000000e-20
8.848840e+03 3.138013e-16 1.000000e-20
8.850093e+03 3.122752e-16 1.000000e-20
8.851345e+03 3.216540e-16 1.000000e-20
8.852598e+03 2.982873e-16 1.000000e-20
8.853850e+03 3.106558e-16 1.000000e-20
8.855102e+03 3.111516e-16 1.000000e-20
8.856354e+03 2.967800e-16 1.000000e-20
8.857606e+03 2.822859e-16 1.000000e-20
8.858858e+03 3.309434e-16 1.000000e-20
8.860111e+03 2.875523e-16 1.000000e-20
8.861363e+03 3.112808e-16 1.000000e-20
8.862615e+03 3.004980e-16 1.000000e-20
8.863868e+03 2.918500e-16 1.000000e-20
8.865120e+03 3.116899e-16 1.000000e-20
8.866372e+03 3.242298e-16 1.000000e-20
8.867625e+03 3.186388e-16 1.000000e-20
8.868877e+03 2.916519e-16 1.000000e-20
8.870129e+03 3.327754e-16 1.000000e-20
8.871382e+03 3.043534e-16 1.000000e-20
8.872634e+03 3.098168e-16 1.000000e-20
8.873887e+03 3.238447e-16 1.000000e-20
8.875139e+03 3.225847e-16 1.000000e-20
8.876391e+03 3.081775e-16 1.000000e-20
8.877643e+03 3.308616e-16 1.000000e-20
8.878896e+03 3.131732e-16 1.000000e-20
8.880147e+03 3.176140e-16 1.000000e-20
8.881400e+03 2.857549e-16 1.000000e-20
8.882652e+03 3.005055e-16 1.000000e-20
8.883904e+03 2.871120e-16 1.000000e-20
8.885157e+03 2.850829e-16 1.000000e-20
8.886409e+03 2.714766e-16 1.000000e-20
8.887662e+03 3.265253e-16 1.000000e-20
8.888914e+03 2.988695e-16 1.000000e-20
8.890166e+03 2.973600e-16 1.000000e-20
8.891418e+03 3.164527e-16 1.000000e-20
8.892671e+03 2.933576e-16 1.000000e-20
8.893923e+03 3.375197e-16 1.000000e-20
8.895176e+03 3.270146e-16 1.000000e-20
8.896428e+03 2.991498e-16 1.000000e-20
8.897680e+03 2.946332e-16 1.000000e-20
8.898933e+03 2.857583e-16 1.000000e-20
8.900185e+03 3.137657e-16 1.000000e-20
8.901437e+03 2.975333e-16 1.000000e-20
8.902689e+03 3.301870e-16 1.000000e-20
8.903941e+03 3.114890e-16 1.000000e-20
8.905193e+03 3.269159e-16 1.000000e-20
8.906446e+03 3.062813e-16 1.000000e-20
8.907698e+03 3.145958e-16 1.000000e-20
8.908951e+03 3.083476e-16 1.000000e-20
8.910203e+03 3.211820e-16 1.000000e-20
8.911455e+03 3.030119e-16 1.000000e-20
8.912707e+03 3.049918e-16 1.000000e-20
8.913960e+03 3.003629e-16 1.000000e-20
8.915212e+03 3.060692e-16 1.000000e-20
8.916465e+03 3.259061e-16 1.000000e-20
8.917717e+03 2.958253e-16 1.000000e-20
8.918969e+03 1.982559e-16 1.000000e-20
8.920222e+03 2.659218e-16 1.000000e-20
8.921474e+03 3.716385e-16 1.000000e-20
8.922727e+03 3.284686e-16 1.000000e-20
8.923979e+03 3.242220e-16 1.000000e-20
8.925230e+03 3.275637e-16 1.000000e-20
8.926482e+03 3.217067e-16 1.000000e-20
8.927735e+03 3.200484e-16 1.000000e-20
8.928987e+03 3.203299e-16 1.000000e-20
8.930240e+03 3.197587e-16 1.000000e-20
8.931492e+03 2.976832e-16 1.000000e-20
8.932744e+03 2.899743e-16 1.000000e-20
8.933997e+03 2.945515e-16 1.000000e-20
8.935249e+03 3.010887e-16 1.000000e-20
8.936501e+03 2.947265e-16 1.000000e-20
8.937754e+03 2.969864e-16 1.000000e-20
8.939006e+03 3.089842e-16 1.000000e-20
8.940258e+03 3.104662e-16 1.000000e-20
8.941511e+03 3.126454e-16 1.000000e-20
8.942763e+03 2.953485e-16 1.000000e-20
8.944016e+03 3.399049e-16 1.000000e-20
8.945268e+03 3.419451e-16 1.000000e-20
8.946520e+03 2.917962e-16 1.000000e-20
8.947771e+03 2.985630e-16 1.000000e-20
8.949024e+03 2.634048e-16 1.000000e-20
8.950276e+03 2.344698e-16 1.000000e-20
8.951529e+03 2.579715e-16 1.000000e-20
8.952781e+03 2.469907e-16 1.000000e-20
8.954033e+03 2.420648e-16 1.000000e-20
8.955286e+03 2.489353e-16 1.000000e-20
8.956538e+03 2.482079e-16 1.000000e-20
8.957791e+03 2.661646e-16 1.000000e-20
8.959043e+03 3.084983e-16 1.000000e-20
8.960295e+03 3.039465e-16 1.000000e-20
8.961547e+03 2.767066e-16 1.000000e-20
8.962800e+03 2.884230e-16 1.000000e-20
8.964052e+03 2.841353e-16 1.000000e-20
8.965305e+03 3.051452e-16 1.000000e-20
8.966557e+03 2.952870e-16 1.000000e-20
8.967809e+03 2.999016e-16 1.000000e-20
8.969062e+03 2.638705e-16 1.000000e-20
8.970313e+03 2.462481e-16 1.000000e-20
8.971565e+03 2.664735e-16 1.000000e-20
8.972818e+03 2.773564e-16 1.000000e-20
8.974070e+03 2.817534e-16 1.000000e-20
8.975322e+03 3.043372e-16 1.000000e-20
8.976575e+03 2.892891e-16 1.000000e-20
8.977827e+03 3.059463e-16 1.000000e-20
8.979080e+03 2.986470e-16 1.000000e-20
8.980332e+03 2.815328e-16 1.000000e-20
8.981584e+03 3.029559e-16 1.000000e-20
8.982836e+03 3.200153e-16 1.000000e-20
8.984089e+03 2.970344e-16 1.000000e-20
8.985341e+03 3.102289e-16 1.000000e-20
8.986594e+03 3.073483e-16 1.000000e-20
8.987846e+03 3.040508e-16 1.000000e-20
8.989098e+03 3.099750e-16 1.000000e-20
8.990351e+03 3.144124e-16 1.000000e-20
8.991603e+03 2.753800e-16 1.000000e-20
8.992855e+03 2.870915e-16 1.000000e-20
8.994107e+03 3.068850e-16 1.000000e-20
8.995359e+03 2.818294e-16 1.000000e-20
8.996611e+03 3.081870e-16 1.000000e-20
8.997864e+03 2.936842e-16 1.000000e-20
8.999116e+03 2.732238e-16 1.000000e-20
9.000369e+03 2.679773e-16 1.000000e-20
9.001621e+03 2.764618e-16 1.000000e-20
9.002873e+03 3.313940e-16 1.000000e-20
9.004126e+03 3.485606e-16 1.000000e-20
9.005378e+03 3.102365e-16 1.000000e-20
9.006631e+03 3.107158e-16 1.000000e-20
9.007883e+03 3.154562e-16 1.000000e-20
9.009135e+03 3.037048e-16 1.000000e-20
9.010387e+03 3.008853e-16 1.000000e-20
9.011640e+03 3.169662e-16 1.000000e-20
9.012892e+03 3.268522e-16 1.000000e-20
9.014145e+03 3.218261e-16 1.000000e-20
9.015396e+03 2.909307e-16 1.000000e-20
9.016648e+03 2.827720e-16 1.000000e-20
9.017900e+03 2.847500e-16 1.000000e-20
9.019153e+03 3.009068e-16 1.000000e-20
9.020405e+03 2.601108e-16 1.000000e-20
9.021658e+03 2.800375e-16 1.000000e-20
9.022910e+03 2.808635e-16 1.000000e-20
9.024162e+03 2.523734e-16 1.000000e-20
9.025415e+03 2.824802e-16 1.000000e-20
9.026667e+03 2.671352e-16 1.000000e-20
9.027920e+03 2.659410e-16 1.000000e-20
9.029172e+03 2.657364e-16 1.000000e-20
9.030424e+03 2.693874e-16 1.000000e-20
9.031676e+03 2.635100e-16 1.000000e-20
9.032929e+03 2.875728e-16 1.000000e-20
9.034181e+03 2.717355e-16 1.000000e-20
9.035434e+03 2.576799e-16 1.000000e-20
9.036686e+03 2.709315e-16 1.000000e-20
9.037938e+03 2.590435e-16 1.000000e-20
9.039190e+03 2.746285e-16 1.000000e-20
9.040442e+03 2.863609e-16 1.000000e-20
9.041695e+03 2.761350e-16 1.000000e-20
9.042947e+03 2.591856e-16 1.000000e-20
9.044199e+03 2.533779e-16 1.000000e-20
9.045451e+03 2.480719e-16 1.000000e-20
9.046704e+03 2.871753e-16 1.000000e-20
9.047956e+03 2.790023e-16 1.000000e-20
9.049209e+03 2.750513e-16 1.000000e-20
9.050461e+03 2.859846e-16 1.000000e-20
9.051713e+03 2.748440e-16 1.000000e-20
9.052965e+03 2.748651e-16 1.000000e-20
9.054218e+03 2.833108e-16 1.000000e-20
9.055470e+03 2.495530e-16 1.000000e-20
9.056723e+03 2.399124e-16 1.000000e-20
9.057975e+03 2.515222e-16 1.000000e-20
9.059227e+03 2.574502e-16 1.000000e-20
9.060479e+03 2.344537e-16 1.000000e-20
9.061731e+03 2.548437e-16 1.000000e-20
9.062984e+03 2.593438e-16 1.000000e-20
9.064236e+03 2.466924e-16 1.000000e-20
9.065488e+03 2.677412e-16 1.000000e-20
9.066740e+03 2.684692e-16 1.000000e-20
9.067993e+03 2.454493e-16 1.000000e-20
9.069245e+03 2.598701e-16 1.000000e-20
9.070498e+03 2.978783e-16 1.000000e-20
9.071750e+03 2.683983e-16 1.000000e-20
9.073002e+03 2.694986e-16 1.000000e-20
9.074255e+03 2.786330e-16 1.000000e-20
9.075507e+03 2.763827e-16 1.000000e-20
9.076760e+03 2.840951e-16 1.000000e-20
9.078012e+03 2.415528e-16 1.000000e-20
9.079264e+03 2.454978e-16 1.000000e-20
9.080516e+03 2.389183e-16 1.000000e-20
9.081769e+03 2.451016e-16 1.000000e-20
9.083021e+03 2.292089e-16 1.000000e-20
9.084273e+03 2.472584e-16 1.000000e-20
9.085525e+03 2.331019e-16 1.000000e-20
9.086777e+03 2.340971e-16 1.000000e-20
9.088029e+03 2.423069e-16 1.000000e-20
9.089282e+03 2.465600e-16 1.000000e-20
9.090534e+03 2.704546e-16 1.000000e-20
9.091787e+03 2.629975e-16 1.000000e-20
9.093039e+03 2.253005e-16 1.000000e-20
9.094291e+03 2.520506e-16 1.000000e-20
9.095544e+03 2.520656e-16 1.000000e-20
9.096796e+03 2.714192e-16 1.000000e-20
9.098049e+03 2.703127e-16 1.000000e-20
9.099301e+03 2.268715e-16 1.000000e-20
9.100553e+03 2.281615e-16 1.000000e-20
9.101805e+03 2.059915e-16 1.000000e-20
9.103058e+03 2.094210e-16 1.000000e-20
9.104310e+03 2.324465e-16 1.000000e-20
9.105562e+03 2.252749e-16 1.000000e-20
9.106814e+03 2.497616e-16 1.000000e-20
9.108066e+03 2.396030e-16 1.000000e-20
9.109319e+03 2.391617e-16 1.000000e-20
9.110571e+03 2.508639e-16 1.000000e-20
9.111824e+03 2.418538e-16 1.000000e-20
9.113076e+03 2.481605e-16 1.000000e-20
9.114328e+03 2.474573e-16 1.000000e-20
9.115580e+03 2.513556e-16 1.000000e-20
9.116833e+03 2.335822e-16 1.000000e-20
9.118085e+03 2.283097e-16 1.000000e-20
9.119338e+03 2.647695e-16 1.000000e-20
9.120590e+03 2.460607e-16 1.000000e-20
9.121842e+03 2.648138e-16 1.000000e-20
9.123094e+03 2.648980e-16 1.000000e-20
9.124347e+03 2.494730e-16 1.000000e-20
9.125599e+03 2.623067e-16 1.000000e-20
9.126852e+03 2.565512e-16 1.000000e-20
9.128104e+03 2.380604e-16 1.000000e-20
9.129355e+03 2.359129e-16 1.000000e-20
9.130608e+03 2.364409e-16 1.000000e-20
9.131860e+03 2.361345e-16 1.000000e-20
9.133113e+03 2.487201e-16 1.000000e-20
9.134365e+03 2.448203e-16 1.000000e-20
9.135617e+03 2.101626e-16 1.000000e-20
9.136869e+03 2.195137e-16 1.000000e-20
9.138122e+03 2.398949e-16 1.000000e-20
9.139374e+03 2.404656e-16 1.000000e-20
9.140627e+03 2.506907e-16 1.000000e-20
9.141879e+03 2.475234e-16 1.000000e-20
9.143131e+03 2.585563e-16 1.000000e-20
9.144384e+03 2.385003e-16 1.000000e-20
9.145636e+03 2.358378e-16 1.000000e-20
9.146889e+03 2.591840e-16 1.000000e-20
9.148141e+03 2.400207e-16 1.000000e-20
9.149393e+03 2.656917e-16 1.000000e-20
9.150645e+03 2.629538e-16 1.000000e-20
9.151897e+03 2.576885e-16 1.000000e-20
9.153149e+03 2.360708e-16 1.000000e-20
9.154402e+03 1.976296e-16 1.000000e-20
9.155654e+03 2.080777e-16 1.000000e-20
9.156906e+03 2.418687e-16 1.000000e-20
9.158158e+03 2.174975e-16 1.000000e-20
9.159411e+03 1.995509e-16 1.000000e-20
9.160663e+03 2.354423e-16 1.000000e-20
9.161916e+03 2.291999e-16 1.000000e-20
9.163168e+03 2.373805e-16 1.000000e-20
9.164420e+03 2.300436e-16 1.000000e-20
9.165673e+03 2.489745e-16 1.000000e-20
9.166925e+03 2.442883e-16 1.000000e-20
9.168178e+03 2.443054e-16 1.000000e-20
9.169430e+03 2.445812e-16 1.000000e-20
9.170682e+03 2.477409e-16 1.000000e-20
9.171934e+03 2.454672e-16 1.000000e-20
9.173187e+03 2.119889e-16 1.000000e-20
9.174438e+03 2.191190e-16 1.000000e-20
9.175691e+03 2.558037e-16 1.000000e-20
9.176943e+03 2.392497e-16 1.000000e-20
9.178195e+03 2.303067e-16 1.000000e-20
9.179448e+03 2.356367e-16 1.000000e-20
9.180700e+03 2.459362e-16 1.000000e-20
9.181953e+03 2.332493e-16 1.000000e-20
9.183205e+03 2.230634e-16 1.000000e-20
9.184457e+03 2.341933e-16 1.000000e-20
9.185709e+03 2.563991e-16 1.000000e-20
9.186962e+03 2.532804e-16 1.000000e-20
9.188214e+03 2.346755e-16 1.000000e-20
9.189467e+03 2.220269e-16 1.000000e-20
9.190719e+03 2.391788e-16 1.000000e-20
9.191971e+03 2.443841e-16 1.000000e-20
9.193224e+03 2.237357e-16 1.000000e-20
9.194476e+03 2.261998e-16 1.000000e-20
9.195728e+03 2.178633e-16 1.000000e-20
9.196980e+03 2.297365e-16 1.000000e-20
9.198232e+03 2.689334e-16 1.000000e-20
9.199484e+03 2.651386e-16 1.000000e-20
9.200737e+03 2.519257e-16 1.000000e-20
9.201989e+03 2.602996e-16 1.000000e-20
9.203242e+03 2.621601e-16 1.000000e-20
9.204494e+03 2.504634e-16 1.000000e-20
9.205746e+03 2.347801e-16 1.000000e-20
9.206998e+03 2.505171e-16 1.000000e-20
9.208251e+03 2.473674e-16 1.000000e-20
9.209503e+03 2.563933e-16 1.000000e-20
9.210756e+03 2.425739e-16 1.000000e-20
9.212008e+03 2.504290e-16 1.000000e-20
9.213260e+03 2.557196e-16 1.000000e-20
9.214513e+03 2.347718e-16 1.000000e-20
9.215765e+03 2.228596e-16 1.000000e-20
9.217018e+03 2.192897e-16 1.000000e-20
9.218270e+03 2.150051e-16 1.000000e-20
9.219521e+03 2.284346e-16 1.000000e-20
9.220773e+03 2.290325e-16 1.000000e-20
9.222026e+03 2.500335e-16 1.000000e-20
9.223278e+03 2.482938e-16 1.000000e-20
9.224531e+03 2.370469e-16 1.000000e-20
9.225783e+03 2.224014e-16 1.000000e-20
9.227035e+03 2.352390e-16 1.000000e-20
9.228288e+03 2.610898e-16 1.000000e-20
9.229540e+03 2.285728e-16 1.000000e-20
9.230792e+03 2.419167e-16 1.000000e-20
9.232045e+03 2.421334e-16 1.000000e-20
9.233297e+03 2.369858e-16 1.000000e-20
9.234549e+03 2.275204e-16 1.000000e-20
9.235802e+03 2.323126e-16 1.000000e-20
9.237054e+03 2.415898e-16 1.000000e-20
9.238307e+03 2.145905e-16 1.000000e-20
9.239559e+03 1.983766e-16 1.000000e-20
9.240811e+03 2.318827e-16 1.000000e-20
9.242062e+03 2.582429e-16 1.000000e-20
9.243315e+03 2.267509e-16 1.000000e-20
9.244567e+03 2.002182e-16 1.000000e-20
9.245820e+03 2.021474e-16 1.000000e-20
9.247072e+03 2.313503e-16 1.000000e-20
9.248324e+03 2.443381e-16 1.000000e-20
9.249577e+03 2.377849e-16 1.000000e-20
9.250829e+03 2.328709e-16 1.000000e-20
9.252082e+03 2.345609e-16 1.000000e-20
9.253334e+03 2.463197e-16 1.000000e-20
9.254586e+03 2.361241e-16 1.000000e-20
9.255838e+03 2.674040e-16 1.000000e-20
9.257091e+03 2.464960e-16 1.000000e-20
9.258343e+03 2.500288e-16 1.000000e-20
9.259596e+03 2.523034e-16 1.000000e-20
9.260848e+03 2.356827e-16 1.000000e-20
9.262100e+03 2.440068e-16 1.000000e-20
9.263353e+03 2.824459e-16 1.000000e-20
9.264604e+03 2.401675e-16 1.000000e-20
9.265856e+03 2.527232e-16 1.000000e-20
9.267109e+03 2.606144e-16 1.000000e-20
9.268361e+03 2.441562e-16 1.000000e-20
9.269613e+03 2.430990e-16 1.000000e-20
9.270866e+03 2.413714e-16 1.000000e-20
9.272118e+03 2.417383e-16 1.000000e-20
9.273371e+03 2.413644e-16 1.000000e-20
9.274623e+03 2.262485e-16 1.000000e-20
9.275875e+03 2.558875e-16 1.000000e-20
9.277127e+03 2.474981e-16 1.000000e-20
9.278380e+03 2.495016e-16 1.000000e-20
9.279632e+03 2.275677e-16 1.000000e-20
9.280885e+03 2.304958e-16 1.000000e-20
9.282137e+03 2.547136e-16 1.000000e-20
9.283389e+03 2.532655e-16 1.000000e-20
9.284642e+03 2.603242e-16 1.000000e-20
9.285894e+03 2.403056e-16 1.000000e-20
9.287146e+03 2.424595e-16 1.000000e-20
9.288398e+03 2.486522e-16 1.000000e-20
9.289650e+03 2.624334e-16 1.000000e-20
9.290902e+03 2.528460e-16 1.000000e-20
9.292155e+03 2.382014e-16 1.000000e-20
9.293407e+03 2.134602e-16 1.000000e-20
9.294660e+03 2.243818e-16 1.000000e-20
9.295912e+03 2.202666e-16 1.000000e-20
9.297164e+03 2.289433e-16 1.000000e-20
9.298417e+03 2.637859e-16 1.000000e-20
9.299669e+03 2.493477e-16 1.000000e-20
9.300921e+03 2.276515e-16 1.000000e-20
9.302174e+03 2.033023e-16 1.000000e-20
9.303426e+03 2.686498e-16 1.000000e-20
9.304678e+03 2.587344e-16 1.000000e-20
9.305931e+03 2.192269e-16 1.000000e-20
9.307183e+03 2.392724e-16 1.000000e-20
9.308436e+03 2.230445e-16 1.000000e-20
9.309688e+03 2.304592e-16 1.000000e-20
9.310939e+03 1.730569e-16 1.000000e-20
9.312191e+03 1.336669e-16 1.000000e-20
9.313444e+03 2.490794e-16 1.000000e-20
9.314696e+03 2.241632e-16 1.000000e-20
9.315949e+03 2.899291e-16 1.000000e-20
9.317201e+03 2.114858e-16 1.000000e-20
9.318453e+03 2.454424e-16 1.000000e-20
9.319706e+03 2.168031e-16 1.000000e-20
9.320958e+03 2.355845e-16 1.000000e-20
9.322211e+03 1.601035e-16 1.000000e-20
9.323463e+03 1.804354e-16 1.000000e-20
9.324715e+03 1.635892e-16 1.000000e-20
9.325967e+03 3.000553e-16 1.000000e-20
9.327220e+03 2.779267e-16 1.000000e-20
9.328472e+03 2.261938e-16 1.000000e-20
9.329725e+03 2.218741e-16 1.000000e-20
9.330977e+03 2.130247e-16 1.000000e-20
9.332229e+03 2.121260e-16 1.000000e-20
9.333481e+03 2.290411e-16 1.000000e-20
9.334733e+03 2.359910e-16 1.000000e-20
9.335986e+03 2.339603e-16 1.000000e-20
9.337238e+03 2.155020e-16 1.000000e-20
9.338490e+03 1.727890e-16 1.000000e-20
9.339742e+03 2.170083e-16 1.000000e-20
9.340995e+03 1.901145e-16 1.000000e-20
9.342247e+03 2.270822e-16 1.000000e-20
9.343500e+03 1.976542e-16 1.000000e-20
9.344752e+03 1.291206e-16 1.000000e-20
9.346004e+03 2.704280e-16 1.000000e-20
9.347256e+03 2.909967e-16 1.000000e-20
9.348509e+03 2.187740e-16 1.000000e-20
9.349761e+03 2.550743e-16 1.000000e-20
9.351014e+03 2.137850e-16 1.000000e-20
9.352266e+03 2.021979e-16 1.000000e-20
9.353518e+03 1.683132e-16 1.000000e-20
9.354771e+03 1.974568e-16 1.000000e-20
9.356022e+03 2.709691e-16 1.000000e-20
9.357275e+03 2.279856e-16 1.000000e-20
9.358527e+03 1.916178e-16 1.000000e-20
9.359779e+03 2.539714e-16 1.000000e-20
9.361031e+03 2.385187e-16 1.000000e-20
9.362284e+03 2.198294e-16 1.000000e-20
9.363536e+03 2.136049e-16 1.000000e-20
9.364789e+03 1.887492e-16 1.000000e-20
9.366041e+03 1.897752e-16 1.000000e-20
9.367293e+03 2.588202e-16 1.000000e-20
9.368546e+03 2.307801e-16 1.000000e-20
9.369798e+03 1.986456e-16 1.000000e-20
9.371051e+03 1.820529e-16 1.000000e-20
9.372303e+03 2.768269e-16 1.000000e-20
9.373555e+03 2.252839e-16 1.000000e-20
9.374807e+03 1.717092e-16 1.000000e-20
9.376060e+03 2.092718e-16 1.000000e-20
9.377312e+03 3.647519e-16 1.000000e-20
9.378564e+03 1.871149e-16 1.000000e-20
9.379816e+03 2.479466e-16 1.000000e-20
9.381068e+03 2.066884e-16 1.000000e-20
9.382320e+03 2.777867e-16 1.000000e-20
9.383573e+03 2.414655e-16 1.000000e-20
9.384825e+03 2.298968e-16 1.000000e-20
9.386078e+03 2.337543e-16 1.000000e-20
9.387330e+03 2.101343e-16 1.000000e-20
9.388582e+03 2.259770e-16 1.000000e-20
9.389835e+03 2.335823e-16 1.000000e-20
9.391087e+03 1.978546e-16 1.000000e-20
9.392340e+03 1.919254e-16 1.000000e-20
9.393592e+03 2.321803e-16 1.000000e-20
9.394844e+03 2.144703e-16 1.000000e-20
9.396096e+03 2.107988e-16 1.000000e-20
9.397349e+03 2.154700e-16 1.000000e-20
9.398601e+03 2.417109e-16 1.000000e-20
9.399854e+03 2.460281e-16 1.000000e-20
9.401105e+03 1.721384e-16 1.000000e-20
9.402357e+03 1.719440e-16 1.000000e-20
9.403610e+03 2.290693e-16 1.000000e-20
9.404862e+03 2.355009e-16 1.000000e-20
9.406115e+03 2.346510e-16 1.000000e-20
9.407367e+03 2.383359e-16 1.000000e-20
9.408619e+03 2.606939e-16 1.000000e-20
9.409871e+03 2.109214e-16 1.000000e-20
9.411124e+03 2.227735e-16 1.000000e-20
9.412376e+03 2.269240e-16 1.000000e-20
9.413629e+03 2.227966e-16 1.000000e-20
9.414881e+03 2.589458e-16 1.000000e-20
9.416133e+03 2.414399e-16 1.000000e-20
9.417385e+03 2.196505e-16 1.000000e-20
9.418638e+03 2.262743e-16 1.000000e-20
9.419890e+03 2.216869e-16 1.000000e-20
9.421143e+03 2.514798e-16 1.000000e-20
9.422395e+03 1.743246e-16 1.000000e-20
9.423646e+03 2.225865e-16 1.000000e-20
9.424899e+03 1.894349e-16 1.000000e-20
9.426151e+03 1.863695e-16 1.000000e-20
9.427404e+03 2.174083e-16 1.000000e-20
9.428656e+03 2.220701e-16 1.000000e-20
9.429908e+03 2.074346e-16 1.000000e-20
9.431160e+03 2.557446e-16 1.000000e-20
9.432413e+03 2.290973e-16 1.000000e-20
9.433665e+03 2.488963e-16 1.000000e-20
9.434918e+03 2.642055e-16 1.000000e-20
9.436170e+03 2.583653e-16 1.000000e-20
9.437422e+03 2.197606e-16 1.000000e-20
9.438675e+03 2.281155e-16 1.000000e-20
9.439927e+03 1.695955e-16 1.000000e-20
9.441180e+03 2.707579e-16 1.000000e-20
9.442432e+03 4.373972e-17 1.000000e-20
9.443684e+03 2.168415e-16 1.000000e-20
9.444936e+03 2.063329e-16 1.000000e-20
9.446188e+03 2.482705e-16 1.000000e-20
9.447440e+03 1.899812e-16 1.000000e-20
9.448693e+03 1.937018e-16 1.000000e-20
9.449945e+03 1.826262e-16 1.000000e-20
9.451197e+03 1.811114e-16 1.000000e-20
9.452449e+03 1.855683e-16 1.000000e-20
9.453702e+03 1.840710e-16 1.000000e-20
9.454954e+03 2.147448e-16 1.000000e-20
9.456207e+03 2.630618e-16 1.000000e-20
9.457459e+03 2.448927e-16 1.000000e-20
9.458711e+03 1.521887e-16 1.000000e-20
9.459964e+03 1.984331e-16 1.000000e-20
9.461216e+03 2.311555e-16 1.000000e-20
9.462469e+03 2.932773e-16 1.000000e-20
9.463721e+03 2.227728e-16 1.000000e-20
9.464973e+03 2.881167e-16 1.000000e-20
9.466225e+03 2.085479e-16 1.000000e-20
9.467478e+03 2.362366e-16 1.000000e-20
9.468729e+03 2.211215e-16 1.000000e-20
9.469982e+03 2.220075e-16 1.000000e-20
9.471234e+03 2.416363e-16 1.000000e-20
9.472486e+03 2.100505e-16 1.000000e-20
9.473739e+03 2.172106e-16 1.000000e-20
9.474991e+03 1.680277e-16 1.000000e-20
9.476244e+03 1.576337e-16 1.000000e-20
9.477496e+03 1.901771e-16 1.000000e-20
9.478748e+03 2.792189e-16 1.000000e-20
9.480000e+03 2.473785e-16 1.000000e-20
9.481253e+03 1.862174e-16 1.000000e-20
9.482505e+03 2.089559e-16 1.000000e-20
9.483758e+03 2.362132e-16 1.000000e-20
9.485010e+03 2.416929e-16 1.000000e-20
9.486262e+03 2.265914e-16 1.000000e-20
9.487514e+03 2.196483e-16 1.000000e-20
9.488767e+03 2.126213e-16 1.000000e-20
9.490019e+03 2.322140e-16 1.000000e-20
9.491271e+03 2.222155e-16 1.000000e-20
9.492523e+03 2.351359e-16 1.000000e-20
9.493775e+03 1.763079e-16 1.000000e-20
9.495028e+03 2.010367e-16 1.000000e-20
9.496280e+03 2.535018e-16 1.000000e-20
9.497533e+03 2.276893e-16 1.000000e-20
9.498785e+03 2.296864e-16 1.000000e-20
9.500037e+03 1.891467e-16 1.000000e-20
9.501289e+03 1.863371e-16 1.000000e-20
9.502542e+03 2.129892e-16 1.000000e-20
9.503795e+03 2.062208e-16 1.000000e-20
9.505047e+03 2.155628e-16 1.000000e-20
9.506299e+03 2.514509e-16 1.000000e-20
9.507551e+03 2.655752e-16 1.000000e-20
9.508803e+03 2.312557e-16 1.000000e-20
9.510056e+03 2.456553e-16 1.000000e-20
9.511309e+03 2.651709e-16 1.000000e-20
9.512561e+03 2.129985e-16 1.000000e-20
9.513812e+03 2.146923e-16 1.000000e-20
9.515064e+03 2.016656e-16 1.000000e-20
9.516317e+03 1.933827e-16 1.000000e-20
9.517569e+03 2.029299e-16 1.000000e-20
9.518822e+03 1.128519e-16 1.000000e-20
9.520074e+03 1.405062e-16 1.000000e-20
9.521326e+03 2.043007e-16 1.000000e-20
9.522578e+03 2.291453e-16 1.000000e-20
9.523831e+03 2.127488e-16 1.000000e-20
9.525084e+03 1.985397e-16 1.000000e-20
9.526336e+03 1.973155e-16 1.000000e-20
9.527588e+03 2.081754e-16 1.000000e-20
9.528840e+03 2.235015e-16 1.000000e-20
9.530093e+03 2.639187e-16 1.000000e-20
9.531345e+03 2.290899e-16 1.000000e-20
9.532598e+03 2.206563e-16 1.000000e-20
9.533850e+03 2.396771e-16 1.000000e-20
9.535102e+03 2.286264e-16 1.000000e-20
9.536354e+03 2.196573e-16 1.000000e-20
9.537606e+03 2.179305e-16 1.000000e-20
9.538859e+03 1.621813e-16 1.000000e-20
9.540111e+03 1.963261e-16 1.000000e-20
9.541363e+03 1.914627e-16 1.000000e-20
9.542615e+03 2.287783e-16 1.000000e-20
9.543867e+03 2.081038e-16 1.000000e-20
9.545120e+03 2.249205e-16 1.000000e-20
9.546373e+03 2.373764e-16 1.000000e-20
9.547625e+03 2.364021e-16 1.000000e-20
9.548877e+03 2.222883e-16 1.000000e-20
9.550129e+03 2.416298e-16 1.000000e-20
9.551382e+03 2.195296e-16 1.000000e-20
9.552634e+03 1.594031e-16 1.000000e-20
9.553887e+03 1.565571e-16 1.000000e-20
9.555139e+03 2.191372e-16 1.000000e-20
9.556391e+03 2.047148e-16 1.000000e-20
9.557643e+03 2.191743e-16 1.000000e-20
9.558896e+03 2.257299e-16 1.000000e-20
9.560148e+03 2.418521e-16 1.000000e-20
9.561400e+03 2.109390e-16 1.000000e-20
9.562652e+03 2.270307e-16 1.000000e-20
9.563904e+03 2.134368e-16 1.000000e-20
9.565157e+03 1.535068e-16 1.000000e-20
9.566409e+03 1.532850e-16 1.000000e-20
