{
    "supernova_name": "ASASSN-15fr",
    "analysis_results": {
        "pEW_SiII_6150A": 103.6916774143624,
        "pEW_SiII_6150A_err": 7.984241140617038,
        "v_SiII_6150A": 11.170044597336002,
        "v_SiII_6150A_err": 0.5652584982551994
    },
    "paper_results": {
        "supernova_name": "ASASSN-15fr",
        "v_SiII": 11.7,
        "v_SiII_err": 0.2,
        "pEW_SiII_5972": 20.7,
        "pEW_SiII_5972_err": 3.7,
        "pEW_SiII_6355": 107.4,
        "pEW_SiII_6355_err": 6.1
    }
}