{
    "supernova_name": "ASASSN-15hf",
    "analysis_results": {
        "pEW_SiII_6150A": 78.09701398633568,
        "pEW_SiII_6150A_err": 7.751605622892592,
        "v_SiII_6150A": 11.983640061974972,
        "v_SiII_6150A_err": 0.4826641173214049
    },
    "paper_results": {
        "supernova_name": "ASASSN-15hf",
        "v_SiII": 11.1,
        "v_SiII_err": 0.3,
        "pEW_SiII_5972": 21.3,
        "pEW_SiII_5972_err": 2.9,
        "pEW_SiII_6355": 83.6,
        "pEW_SiII_6355_err": 2.9
    }
}