{
    "supernova_name": "LSQ12fxd",
    "analysis_results": {
        "pEW_SiII_6150A": 71.8534936577777,
        "pEW_SiII_6150A_err": 4.034336460120061,
        "v_SiII_6150A": 12.55507139714697,
        "v_SiII_6150A_err": 0.959174036132364
    },
    "paper_results": {}
}