{
    "supernova_name": "LSQ15aja",
    "metadata": {
        "type": "Ia",
        "redshift": 0.068
    },
    "analysis_results": {
        "pEW_SiII_6150A": 42.568908662177435,
        "pEW_SiII_6150A_err": 25.086157504699,
        "v_SiII_6150A": 9.263001049388016,
        "v_SiII_6150A_err": 4.442549905919313
    },
    "paper_results": {
        "pEW_SiII_6355": 78.1,
        "pEW_SiII_6355_err": 8.1,
        "v_SiII": 10.2,
        "v_SiII_err": 0.3
    }
}