{
    "supernova_name": "LSQ12gdj",
    "metadata": {
        "type": "Ia",
        "redshift": 0.03
    },
    "analysis_results": {
        "pEW_SiII_6150A": 15.2467329010039,
        "pEW_SiII_6150A_err": 2.919987317454676,
        "v_SiII_6150A": 8.000803975076451,
        "v_SiII_6150A_err": 1.1702777524181989
    },
    "paper_results": {
        "pEW_SiII_6355": 36.0,
        "pEW_SiII_6355_err": 2.2,
        "v_SiII": 10.7,
        "v_SiII_err": 0.5
    }
}