{
    "supernova_name": "LSQ15aja",
    "analysis_results": {
        "pEW_SiII_6150A": 42.568908662177435,
        "pEW_SiII_6150A_err": 25.086157504699,
        "v_SiII_6150A": 9.263001049388016,
        "v_SiII_6150A_err": 4.144121924734441
    },
    "paper_results": {
        "supernova_name": "LSQ15aja",
        "v_SiII": 10.2,
        "v_SiII_err": 0.3,
        "pEW_SiII_5972": 1.7,
        "pEW_SiII_5972_err": 3.2,
        "pEW_SiII_6355": 78.1,
        "pEW_SiII_6355_err": 8.1
    }
}