{
    "supernova_name": "LSQ12gdj",
    "analysis_results": {
        "pEW_SiII_6150A": 15.2467329010039,
        "pEW_SiII_6150A_err": 2.919987317454676,
        "v_SiII_6150A": 8.000803975076451,
        "v_SiII_6150A_err": 1.0828320607818764
    },
    "paper_results": {
        "supernova_name": "LSQ12gdj",
        "v_SiII": 10.7,
        "v_SiII_err": 0.5,
        "pEW_SiII_5972": 8.7,
        "pEW_SiII_5972_err": 1.8,
        "pEW_SiII_6355": 36.0,
        "pEW_SiII_6355_err": 2.2
    }
}