{
    "supernova_name": "SN1999cp",
    "metadata": {
        "type": "Ia",
        "redshift": 0.00948
    },
    "analysis_results": {
        "pEW_SiII_6150A": 112.02813802940408,
        "pEW_SiII_6150A_err": 17.109060725804248,
        "v_SiII_6150A": 14.485813999030043,
        "v_SiII_6150A_err": 1.3222013276632343
    },
    "paper_results": {
        "pEW_SiII_6355": null,
        "pEW_SiII_6355_err": null,
        "v_SiII": null,
        "v_SiII_err": null
    }
}