{
    "supernova_name": "SN1998dm",
    "analysis_results": {
        "pEW_SiII_6150A": 75.28442758083928,
        "pEW_SiII_6150A_err": 5.579996041582878,
        "v_SiII_6150A": 11.491445079873726,
        "v_SiII_6150A_err": 0.2616584729924091
    },
    "paper_results": {
        "supernova_name": "SN1998dm",
        "v_SiII": 11.0,
        "v_SiII_err": 0.2,
        "pEW_SiII_5972": 11.2,
        "pEW_SiII_5972_err": 1.9,
        "pEW_SiII_6355": 73.2,
        "pEW_SiII_6355_err": 2.2
    }
}