{
    "supernova_name": "SN1998dh",
    "analysis_results": {
        "pEW_SiII_6150A": 110.16109639345203,
        "pEW_SiII_6150A_err": 1.862991385777863,
        "v_SiII_6150A": 13.601477111933239,
        "v_SiII_6150A_err": 0.4685348570434877
    },
    "paper_results": {
        "supernova_name": "SN1998dh",
        "v_SiII": 12.4,
        "v_SiII_err": 0.2,
        "pEW_SiII_5972": 26.1,
        "pEW_SiII_5972_err": 2.2,
        "pEW_SiII_6355": 124.6,
        "pEW_SiII_6355_err": 2.0
    }
}