{
    "supernova_name": "SN1999cp",
    "analysis_results": {
        "pEW_SiII_6150A": 112.02813802940408,
        "pEW_SiII_6150A_err": 17.109060725804248,
        "v_SiII_6150A": 14.485813999030043,
        "v_SiII_6150A_err": 1.2571802359362585
    },
    "paper_results": {}
}