{
    "supernova_name": "SN2012ij",
    "analysis_results": {
        "pEW_SiII_6150A": 115.46058507803102,
        "pEW_SiII_6150A_err": 5.23179620757433,
        "v_SiII_6150A": 10.102984988196829,
        "v_SiII_6150A_err": 0.43186341398328015
    },
    "paper_results": {
        "supernova_name": "SN2012ij",
        "v_SiII": 10.8,
        "v_SiII_err": 0.3,
        "pEW_SiII_5972": 53.3,
        "pEW_SiII_5972_err": 4.0,
        "pEW_SiII_6355": 121.5,
        "pEW_SiII_6355_err": 4.7
    }
}