{
    "supernova_name": "SN2002bo",
    "analysis_results": {
        "pEW_SiII_6150A": 127.24200739203434,
        "pEW_SiII_6150A_err": 10.006075035274769,
        "v_SiII_6150A": 17.184123459958133,
        "v_SiII_6150A_err": 0.9530091060486192
    },
    "paper_results": {
        "supernova_name": "SN2002bo",
        "v_SiII": 13.4,
        "v_SiII_err": 0.2,
        "pEW_SiII_5972": 10.5,
        "pEW_SiII_5972_err": 5.1,
        "pEW_SiII_6355": 150.4,
        "pEW_SiII_6355_err": 9.3
    }
}