{
    "supernova_name": "SN2009ab",
    "analysis_results": {
        "pEW_SiII_6150A": 75.88644392946973,
        "pEW_SiII_6150A_err": 3.984231666220742,
        "v_SiII_6150A": 14.74889404476687,
        "v_SiII_6150A_err": 0.3487108408079601
    },
    "paper_results": {
        "supernova_name": "SN2009ab",
        "v_SiII": 10.7,
        "v_SiII_err": 0.2,
        "pEW_SiII_5972": 28.3,
        "pEW_SiII_5972_err": 4.1,
        "pEW_SiII_6355": 105.2,
        "pEW_SiII_6355_err": 5.4
    }
}