{
    "supernova_name": "SN2000fa",
    "metadata": {
        "type": "Ia",
        "redshift": 0.02127
    },
    "analysis_results": {
        "pEW_SiII_6150A": 108.06194871495104,
        "pEW_SiII_6150A_err": 5.2990411238501665,
        "v_SiII_6150A": 15.352199997061112,
        "v_SiII_6150A_err": 1.1602897890137467
    },
    "paper_results": {
        "pEW_SiII_6355": 83.4,
        "pEW_SiII_6355_err": 4.8,
        "v_SiII": 11.9,
        "v_SiII_err": 0.3
    }
}