{
    "supernova_name": "SN2009D",
    "analysis_results": {
        "pEW_SiII_6150A": 58.28338916865442,
        "pEW_SiII_6150A_err": 1.7884084099989412,
        "v_SiII_6150A": 17.830297456468866,
        "v_SiII_6150A_err": 0.3701280971957
    },
    "paper_results": {
        "supernova_name": "SN2009D",
        "v_SiII": 9.7,
        "v_SiII_err": 0.3,
        "pEW_SiII_5972": 4.3,
        "pEW_SiII_5972_err": 5.3,
        "pEW_SiII_6355": 77.5,
        "pEW_SiII_6355_err": 6.5
    }
}