{
    "supernova_name": "SN2008R",
    "analysis_results": {
        "pEW_SiII_6150A": 126.07444329067945,
        "pEW_SiII_6150A_err": 2.977239160504543,
        "v_SiII_6150A": 10.63752173653323,
        "v_SiII_6150A_err": 0.32211896250000266
    },
    "paper_results": {
        "supernova_name": "SN2008R",
        "v_SiII": 10.7,
        "v_SiII_err": 0.2,
        "pEW_SiII_5972": 49.4,
        "pEW_SiII_5972_err": 1.3,
        "pEW_SiII_6355": 126.7,
        "pEW_SiII_6355_err": 1.9
    }
}