{
    "supernova_name": "SN2007ci",
    "analysis_results": {
        "pEW_SiII_6150A": 122.74661242736421,
        "pEW_SiII_6150A_err": 8.450666852563685,
        "v_SiII_6150A": 12.667246766866883,
        "v_SiII_6150A_err": 0.723401724980026
    },
    "paper_results": {
        "supernova_name": "SN2007ci",
        "v_SiII": 12.3,
        "v_SiII_err": 0.4,
        "pEW_SiII_5972": 50.0,
        "pEW_SiII_5972_err": 2.6,
        "pEW_SiII_6355": 126.4,
        "pEW_SiII_6355_err": 2.8
    }
}