{
    "supernova_name": "SN2008bf",
    "analysis_results": {
        "pEW_SiII_6150A": 1.6361804824478698,
        "pEW_SiII_6150A_err": 0.5218975726848389,
        "v_SiII_6150A": 9.622688403779744,
        "v_SiII_6150A_err": 0.8693272181988934
    },
    "paper_results": {
        "supernova_name": "SN2008bf",
        "v_SiII": 11.3,
        "v_SiII_err": 0.2,
        "pEW_SiII_5972": 10.7,
        "pEW_SiII_5972_err": 2.4,
        "pEW_SiII_6355": 79.0,
        "pEW_SiII_6355_err": 4.8
    }
}