{
    "supernova_name": "SN2008bq",
    "analysis_results": {
        "pEW_SiII_6150A": -3.347338055852997,
        "pEW_SiII_6150A_err": 0.7972304385668152,
        "v_SiII_6150A": 7.406364557047698,
        "v_SiII_6150A_err": 0.15592133002326775
    },
    "paper_results": {
        "supernova_name": "SN2008bq",
        "v_SiII": 10.6,
        "v_SiII_err": 0.2,
        "pEW_SiII_5972": 12.4,
        "pEW_SiII_5972_err": 3.4,
        "pEW_SiII_6355": 92.0,
        "pEW_SiII_6355_err": 4.6
    }
}