{
    "supernova_name": "SN2007ca",
    "analysis_results": {
        "pEW_SiII_6150A": 63.317684174566566,
        "pEW_SiII_6150A_err": 8.46083952581562,
        "v_SiII_6150A": 12.265740155018499,
        "v_SiII_6150A_err": 0.6884876074082744
    },
    "paper_results": {
        "supernova_name": "SN2007ca",
        "v_SiII": 11.0,
        "v_SiII_err": 0.3,
        "pEW_SiII_5972": 10.5,
        "pEW_SiII_5972_err": 2.0,
        "pEW_SiII_6355": 89.9,
        "pEW_SiII_6355_err": 2.4
    }
}