{
    "supernova_name": "SN2007bc",
    "metadata": {
        "type": "Ia",
        "redshift": 0.02077
    },
    "analysis_results": {
        "pEW_SiII_6150A": 99.5271783244382,
        "pEW_SiII_6150A_err": 3.7969236670914603,
        "v_SiII_6150A": 10.459032347189119,
        "v_SiII_6150A_err": 0.48545251445928667
    },
    "paper_results": {
        "pEW_SiII_6355": 100.0,
        "pEW_SiII_6355_err": 2.4,
        "v_SiII": 10.6,
        "v_SiII_err": 0.3
    }
}