{
    "supernova_name": "SN2008bf",
    "metadata": {
        "type": "Ia",
        "redshift": 0.024027
    },
    "analysis_results": {
        "pEW_SiII_6150A": 1.6361804824478698,
        "pEW_SiII_6150A_err": 0.5218975726848389,
        "v_SiII_6150A": 9.622688403779744,
        "v_SiII_6150A_err": 0.9232938903552825
    },
    "paper_results": {
        "pEW_SiII_6355": 79.0,
        "pEW_SiII_6355_err": 4.8,
        "v_SiII": 11.3,
        "v_SiII_err": 0.2
    }
}