{
    "supernova_name": "SN2006ex",
    "analysis_results": {
        "pEW_SiII_6150A": 98.36121070358188,
        "pEW_SiII_6150A_err": 15.377085947530247,
        "v_SiII_6150A": 13.003501311919047,
        "v_SiII_6150A_err": 0.47448923511253893
    },
    "paper_results": {}
}