{
    "supernova_name": "SN2008gl",
    "analysis_results": {
        "pEW_SiII_6150A": -1.642095954749569,
        "pEW_SiII_6150A_err": 0.6970329231318549,
        "v_SiII_6150A": 7.564759463780476,
        "v_SiII_6150A_err": 0.38132423150832895
    },
    "paper_results": {
        "supernova_name": "SN2008gl",
        "v_SiII": 11.9,
        "v_SiII_err": 0.4,
        "pEW_SiII_5972": 20.6,
        "pEW_SiII_5972_err": 2.4,
        "pEW_SiII_6355": 115.0,
        "pEW_SiII_6355_err": 3.3
    }
}