{
    "supernova_name": "SN2007bd",
    "analysis_results": {
        "pEW_SiII_6150A": 102.20543369784504,
        "pEW_SiII_6150A_err": 12.76264390688732,
        "v_SiII_6150A": 15.405232211849023,
        "v_SiII_6150A_err": 0.9905828331720026
    },
    "paper_results": {
        "supernova_name": "SN2007bd",
        "v_SiII": 12.7,
        "v_SiII_err": 0.3,
        "pEW_SiII_5972": 12.3,
        "pEW_SiII_5972_err": 2.0,
        "pEW_SiII_6355": 116.4,
        "pEW_SiII_6355_err": 4.4
    }
}