{
    "supernova_name": "SN2002dj",
    "analysis_results": {
        "pEW_SiII_6150A": 153.79999458411157,
        "pEW_SiII_6150A_err": 5.212293740606001,
        "v_SiII_6150A": 17.181990251105727,
        "v_SiII_6150A_err": 0.7332201135341834
    },
    "paper_results": {
        "supernova_name": "SN2002dj",
        "v_SiII": 14.0,
        "v_SiII_err": 0.3,
        "pEW_SiII_5972": 6.3,
        "pEW_SiII_5972_err": 1.3,
        "pEW_SiII_6355": 151.0,
        "pEW_SiII_6355_err": 2.3
    }
}