{
    "supernova_name": "SN2003cg",
    "analysis_results": {
        "pEW_SiII_6150A": 96.69667757976788,
        "pEW_SiII_6150A_err": 6.498119401961266,
        "v_SiII_6150A": 12.949733104835389,
        "v_SiII_6150A_err": 0.45248965941770747
    },
    "paper_results": {
        "supernova_name": "SN2003cg",
        "v_SiII": 13.2,
        "v_SiII_err": 0.9,
        "pEW_SiII_5972": 40.8,
        "pEW_SiII_5972_err": 9.3,
        "pEW_SiII_6355": 146.8,
        "pEW_SiII_6355_err": 10.3
    }
}