{
    "supernova_name": "SN2006hb",
    "analysis_results": {
        "pEW_SiII_6150A": 116.452736422524,
        "pEW_SiII_6150A_err": 3.41562957746441,
        "v_SiII_6150A": 15.217480027857288,
        "v_SiII_6150A_err": 0.2336746860131013
    },
    "paper_results": {}
}