{
    "supernova_name": "SN2006le",
    "analysis_results": {
        "pEW_SiII_6150A": 99.7156388963838,
        "pEW_SiII_6150A_err": 12.016662903751822,
        "v_SiII_6150A": 19.395448009398116,
        "v_SiII_6150A_err": 0.9512556740502931
    },
    "paper_results": {
        "supernova_name": "SN2006le",
        "v_SiII": 11.4,
        "v_SiII_err": 0.2,
        "pEW_SiII_5972": 13.0,
        "pEW_SiII_5972_err": 2.4,
        "pEW_SiII_6355": 93.3,
        "pEW_SiII_6355_err": 5.2
    }
}