{
    "supernova_name": "SN2004at",
    "analysis_results": {
        "pEW_SiII_6150A": 78.90016510580324,
        "pEW_SiII_6150A_err": 5.515148882678239,
        "v_SiII_6150A": 12.11224265616449,
        "v_SiII_6150A_err": 0.5462483745323821
    },
    "paper_results": {
        "supernova_name": "SN2004at",
        "v_SiII": 10.7,
        "v_SiII_err": 0.2,
        "pEW_SiII_5972": 10.5,
        "pEW_SiII_5972_err": 1.9,
        "pEW_SiII_6355": 92.6,
        "pEW_SiII_6355_err": 2.3
    }
}