{
    "supernova_name": "SN2013E",
    "analysis_results": {
        "pEW_SiII_6150A": 62.19797113811152,
        "pEW_SiII_6150A_err": 4.709765847802327,
        "v_SiII_6150A": 11.7614071531931,
        "v_SiII_6150A_err": 0.7969961637566615
    },
    "paper_results": {
        "supernova_name": "SN2013E",
        "v_SiII": 12.6,
        "v_SiII_err": 0.3,
        "pEW_SiII_5972": 3.8,
        "pEW_SiII_5972_err": 1.5,
        "pEW_SiII_6355": 65.2,
        "pEW_SiII_6355_err": 3.0
    }
}