{
    "supernova_name": "SN2012ij",
    "metadata": {
        "type": "Ia",
        "redshift": 0.010998
    },
    "analysis_results": {
        "pEW_SiII_6150A": 115.46058507803102,
        "pEW_SiII_6150A_err": 5.23179620757433,
        "v_SiII_6150A": 10.102984988196829,
        "v_SiII_6150A_err": 0.43537889603440044
    },
    "paper_results": {
        "pEW_SiII_6355": 121.5,
        "pEW_SiII_6355_err": 4.7,
        "v_SiII": 10.8,
        "v_SiII_err": 0.3
    }
}