{
    "supernova_name": "SN2008cf",
    "analysis_results": {
        "pEW_SiII_6150A": 34.32608988582069,
        "pEW_SiII_6150A_err": 14.05567540897788,
        "v_SiII_6150A": 9.509280526758843,
        "v_SiII_6150A_err": 3.155878849094633
    },
    "paper_results": {
        "supernova_name": "SN2008cf",
        "v_SiII": 10.2,
        "v_SiII_err": 0.3,
        "pEW_SiII_5972": 7.9,
        "pEW_SiII_5972_err": 2.5,
        "pEW_SiII_6355": 55.6,
        "pEW_SiII_6355_err": 5.0
    }
}