{
    "supernova_name": "SN2012ht",
    "analysis_results": {
        "pEW_SiII_6150A": 102.29370842998257,
        "pEW_SiII_6150A_err": 3.1893719622642758,
        "v_SiII_6150A": 13.338413296281136,
        "v_SiII_6150A_err": 7.884110314711052
    },
    "paper_results": {
        "supernova_name": "SN2012ht",
        "v_SiII": 10.9,
        "v_SiII_err": 0.2,
        "pEW_SiII_5972": 27.5,
        "pEW_SiII_5972_err": 1.9,
        "pEW_SiII_6355": 115.2,
        "pEW_SiII_6355_err": 2.7
    }
}