{
    "supernova_name": "SN2002er",
    "analysis_results": {
        "pEW_SiII_6150A": 90.18843244012938,
        "pEW_SiII_6150A_err": 5.352349894377684,
        "v_SiII_6150A": 13.892460478036122,
        "v_SiII_6150A_err": 0.383900929437692
    },
    "paper_results": {
        "supernova_name": "SN2002er",
        "v_SiII": 12.0,
        "v_SiII_err": 0.0,
        "pEW_SiII_5972": 24.2,
        "pEW_SiII_5972_err": 0.9,
        "pEW_SiII_6355": 115.2,
        "pEW_SiII_6355_err": 1.2
    }
}