{
    "supernova_name": "SN2000dr",
    "analysis_results": {
        "pEW_SiII_6150A": 134.29039245952072,
        "pEW_SiII_6150A_err": 4.307666139709113,
        "v_SiII_6150A": 10.194567290733248,
        "v_SiII_6150A_err": 0.46606172383540884
    },
    "paper_results": {
        "supernova_name": "SN2000dr",
        "v_SiII": 10.3,
        "v_SiII_err": 0.3,
        "pEW_SiII_5972": 84.6,
        "pEW_SiII_5972_err": 3.2,
        "pEW_SiII_6355": 131.4,
        "pEW_SiII_6355_err": 3.2
    }
}