{
    "supernova_name": "SN2008R",
    "metadata": {
        "type": "Ia",
        "redshift": 0.012887
    },
    "analysis_results": {
        "pEW_SiII_6150A": 126.07444329067945,
        "pEW_SiII_6150A_err": 2.977239160504543,
        "v_SiII_6150A": 10.63752173653323,
        "v_SiII_6150A_err": 0.3471856404071522
    },
    "paper_results": {
        "pEW_SiII_6355": 126.7,
        "pEW_SiII_6355_err": 1.9,
        "v_SiII": 10.7,
        "v_SiII_err": 0.2
    }
}