{
    "supernova_name": "SN2005de",
    "analysis_results": {
        "pEW_SiII_6150A": 104.30487427040572,
        "pEW_SiII_6150A_err": 7.306389730109717,
        "v_SiII_6150A": 12.258609709901393,
        "v_SiII_6150A_err": 0.3349415431826919
    },
    "paper_results": {
        "supernova_name": "SN2005de",
        "v_SiII": 10.7,
        "v_SiII_err": 0.3,
        "pEW_SiII_5972": 30.2,
        "pEW_SiII_5972_err": 3.2,
        "pEW_SiII_6355": 102.9,
        "pEW_SiII_6355_err": 3.5
    }
}