{
    "supernova_name": "SN2002cr",
    "analysis_results": {
        "pEW_SiII_6150A": 120.64493938173895,
        "pEW_SiII_6150A_err": 2.494275575854824,
        "v_SiII_6150A": 12.218332973650748,
        "v_SiII_6150A_err": 0.39682372208934036
    },
    "paper_results": {
        "supernova_name": "SN2002cr",
        "v_SiII": 10.1,
        "v_SiII_err": 0.1,
        "pEW_SiII_5972": 19.3,
        "pEW_SiII_5972_err": 1.8,
        "pEW_SiII_6355": 104.6,
        "pEW_SiII_6355_err": 2.0
    }
}