{
    "supernova_name": "SN2005hc",
    "analysis_results": {
        "pEW_SiII_6150A": 0.07140784009994411,
        "pEW_SiII_6150A_err": 5.010174056078126,
        "v_SiII_6150A": 7.419437632476318,
        "v_SiII_6150A_err": 0.4805868896110751
    },
    "paper_results": {
        "supernova_name": "SN2005hc",
        "v_SiII": 10.3,
        "v_SiII_err": 0.6,
        "pEW_SiII_5972": 12.6,
        "pEW_SiII_5972_err": 13.5,
        "pEW_SiII_6355": 101.5,
        "pEW_SiII_6355_err": 16.5
    }
}