{
    "supernova_name": "SN2002eb",
    "analysis_results": {
        "pEW_SiII_6150A": 64.664193569545,
        "pEW_SiII_6150A_err": 4.674413019095448,
        "v_SiII_6150A": 10.369482504495858,
        "v_SiII_6150A_err": 0.4627075428498523
    },
    "paper_results": {
        "supernova_name": "SN2002eb",
        "v_SiII": 10.1,
        "v_SiII_err": 0.2,
        "pEW_SiII_5972": 9.9,
        "pEW_SiII_5972_err": 2.1,
        "pEW_SiII_6355": 65.0,
        "pEW_SiII_6355_err": 4.1
    }
}