{
    "supernova_name": "SN2008hj",
    "analysis_results": {
        "pEW_SiII_6150A": 98.90958048603297,
        "pEW_SiII_6150A_err": 3.777665679951647,
        "v_SiII_6150A": 12.707129377211507,
        "v_SiII_6150A_err": 0.6500026155505779
    },
    "paper_results": {
        "supernova_name": "SN2008hj",
        "v_SiII": 13.0,
        "v_SiII_err": 0.5,
        "pEW_SiII_5972": 16.0,
        "pEW_SiII_5972_err": 2.1,
        "pEW_SiII_6355": 103.3,
        "pEW_SiII_6355_err": 3.5
    }
}