{
    "supernova_name": "SN2001V",
    "analysis_results": {
        "pEW_SiII_6150A": 40.42414385181975,
        "pEW_SiII_6150A_err": 4.899514444685093,
        "v_SiII_6150A": 13.49189591896045,
        "v_SiII_6150A_err": 0.6563136517416545
    },
    "paper_results": {
        "supernova_name": "SN2001V",
        "v_SiII": 11.4,
        "v_SiII_err": 0.1,
        "pEW_SiII_5972": 13.2,
        "pEW_SiII_5972_err": 2.1,
        "pEW_SiII_6355": 57.0,
        "pEW_SiII_6355_err": 1.9
    }
}