{
    "supernova_name": "SN2009ag",
    "metadata": {
        "type": "Ia",
        "redshift": 0.00864
    },
    "analysis_results": {
        "pEW_SiII_6150A": 104.58205856850569,
        "pEW_SiII_6150A_err": 3.02534437700085,
        "v_SiII_6150A": 13.161562870604728,
        "v_SiII_6150A_err": 0.3185136017043117
    },
    "paper_results": {
        "pEW_SiII_6355": 107.8,
        "pEW_SiII_6355_err": 5.4,
        "v_SiII": 10.3,
        "v_SiII_err": 0.2
    }
}