{
    "supernova_name": "SN2012aq",
    "metadata": {
        "type": "Ia",
        "redshift": 0.05
    },
    "analysis_results": {
        "pEW_SiII_6150A": 101.35606460016024,
        "pEW_SiII_6150A_err": 7.68099528742245,
        "v_SiII_6150A": 10.829960853310206,
        "v_SiII_6150A_err": 0.8967848224269257
    },
    "paper_results": {
        "pEW_SiII_6355": 105.5,
        "pEW_SiII_6355_err": 3.5,
        "v_SiII": 11.2,
        "v_SiII_err": 0.4
    }
}