{
    "supernova_name": "SN2013fy",
    "analysis_results": {
        "pEW_SiII_6150A": 69.38651652397712,
        "pEW_SiII_6150A_err": 4.63508156678493,
        "v_SiII_6150A": 13.093982708857997,
        "v_SiII_6150A_err": 0.7422660859632685
    },
    "paper_results": {
        "supernova_name": "SN2013fy",
        "v_SiII": 10.8,
        "v_SiII_err": 0.3,
        "pEW_SiII_5972": 14.4,
        "pEW_SiII_5972_err": 1.4,
        "pEW_SiII_6355": 93.4,
        "pEW_SiII_6355_err": 3.1
    }
}