{
    "supernova_name": "SN2012hr",
    "analysis_results": {
        "pEW_SiII_6150A": 133.6565327930679,
        "pEW_SiII_6150A_err": 7.5837314178275514,
        "v_SiII_6150A": 12.950485710980928,
        "v_SiII_6150A_err": 0.2509303750635127
    },
    "paper_results": {
        "supernova_name": "SN2012hr",
        "v_SiII": 12.6,
        "v_SiII_err": 0.3,
        "pEW_SiII_5972": 15.3,
        "pEW_SiII_5972_err": 1.3,
        "pEW_SiII_6355": 134.7,
        "pEW_SiII_6355_err": 2.1
    }
}