{
    "supernova_name": "SN2006gr",
    "analysis_results": {
        "pEW_SiII_6150A": 58.8868421129864,
        "pEW_SiII_6150A_err": 18.616336345163543,
        "v_SiII_6150A": 19.695249141487032,
        "v_SiII_6150A_err": 1.1669267037346704
    },
    "paper_results": {
        "supernova_name": "SN2006gr",
        "v_SiII": 11.3,
        "v_SiII_err": 0.4,
        "pEW_SiII_5972": 3.3,
        "pEW_SiII_5972_err": 2.5,
        "pEW_SiII_6355": 65.0,
        "pEW_SiII_6355_err": 4.2
    }
}