{
    "supernova_name": "SN2007on",
    "analysis_results": {
        "pEW_SiII_6150A": 112.08160155598317,
        "pEW_SiII_6150A_err": 2.552024376466174,
        "v_SiII_6150A": 13.805391386968791,
        "v_SiII_6150A_err": 0.3244902290192495
    },
    "paper_results": {
        "supernova_name": "SN2007on",
        "v_SiII": 11.2,
        "v_SiII_err": 0.1,
        "pEW_SiII_5972": 41.3,
        "pEW_SiII_5972_err": 3.9,
        "pEW_SiII_6355": 117.4,
        "pEW_SiII_6355_err": 4.2
    }
}