{
    "supernova_name": "SN2003Y",
    "analysis_results": {
        "pEW_SiII_6150A": 94.79418974687556,
        "pEW_SiII_6150A_err": 20.258940155467517,
        "v_SiII_6150A": 11.01531540003215,
        "v_SiII_6150A_err": 1.0857251698266133
    },
    "paper_results": {
        "supernova_name": "SN2003Y",
        "v_SiII": 11.3,
        "v_SiII_err": 0.4,
        "pEW_SiII_5972": 71.8,
        "pEW_SiII_5972_err": 8.2,
        "pEW_SiII_6355": 104.1,
        "pEW_SiII_6355_err": 5.9
    }
}