{
    "supernova_name": "SN2011iv",
    "analysis_results": {
        "pEW_SiII_6150A": 94.52438126399123,
        "pEW_SiII_6150A_err": 2.0680463354751497,
        "v_SiII_6150A": 10.312499636988646,
        "v_SiII_6150A_err": 0.24260439509944784
    },
    "paper_results": {
        "supernova_name": "SN2011iv",
        "v_SiII": 10.9,
        "v_SiII_err": 0.2,
        "pEW_SiII_5972": 40.8,
        "pEW_SiII_5972_err": 2.2,
        "pEW_SiII_6355": 88.6,
        "pEW_SiII_6355_err": 2.0
    }
}