{
    "supernova_name": "SN2001en",
    "analysis_results": {
        "pEW_SiII_6150A": 136.1205188193733,
        "pEW_SiII_6150A_err": 3.2098643984254793,
        "v_SiII_6150A": 12.870523701366773,
        "v_SiII_6150A_err": 0.358741923301982
    },
    "paper_results": {
        "supernova_name": "SN2001en",
        "v_SiII": 12.6,
        "v_SiII_err": 0.3,
        "pEW_SiII_5972": 9.4,
        "pEW_SiII_5972_err": 1.5,
        "pEW_SiII_6355": 135.0,
        "pEW_SiII_6355_err": 3.1
    }
}