{
    "supernova_name": "SN2000fa",
    "analysis_results": {
        "pEW_SiII_6150A": 108.06194871495104,
        "pEW_SiII_6150A_err": 5.2990411238501665,
        "v_SiII_6150A": 15.352199997061112,
        "v_SiII_6150A_err": 1.054399609077879
    },
    "paper_results": {
        "supernova_name": "SN2000fa",
        "v_SiII": 11.9,
        "v_SiII_err": 0.3,
        "pEW_SiII_5972": 10.7,
        "pEW_SiII_5972_err": 2.3,
        "pEW_SiII_6355": 83.4,
        "pEW_SiII_6355_err": 4.8
    }
}