{
    "supernova_name": "SN2003gt",
    "analysis_results": {
        "pEW_SiII_6150A": 73.24270734461679,
        "pEW_SiII_6150A_err": 4.1174177288458225,
        "v_SiII_6150A": 11.286861461108538,
        "v_SiII_6150A_err": 0.3559197012542155
    },
    "paper_results": {
        "supernova_name": "SN2003gt",
        "v_SiII": 11.3,
        "v_SiII_err": 0.4,
        "pEW_SiII_5972": 33.6,
        "pEW_SiII_5972_err": 3.6,
        "pEW_SiII_6355": 76.8,
        "pEW_SiII_6355_err": 4.1
    }
}