{
    "supernova_name": "SN2000dn",
    "analysis_results": {
        "pEW_SiII_6150A": 103.26638465248898,
        "pEW_SiII_6150A_err": 5.813972466733283,
        "v_SiII_6150A": 11.21197891960819,
        "v_SiII_6150A_err": 0.43140645398039124
    },
    "paper_results": {
        "supernova_name": "SN2000dn",
        "v_SiII": 9.7,
        "v_SiII_err": 0.3,
        "pEW_SiII_5972": 13.3,
        "pEW_SiII_5972_err": 3.2,
        "pEW_SiII_6355": 102.4,
        "pEW_SiII_6355_err": 3.6
    }
}