{
    "supernova_name": "SN2007bm",
    "metadata": {
        "type": "Ia",
        "redshift": 0.006211
    },
    "analysis_results": {
        "pEW_SiII_6150A": 111.16477046620906,
        "pEW_SiII_6150A_err": 8.094066008683486,
        "v_SiII_6150A": 12.740661579913146,
        "v_SiII_6150A_err": 0.40844513351247674
    },
    "paper_results": {
        "pEW_SiII_6355": 101.8,
        "pEW_SiII_6355_err": 2.7,
        "v_SiII": 10.6,
        "v_SiII_err": 0.2
    }
}