{
    "supernova_name": "SN2007ux",
    "analysis_results": {
        "pEW_SiII_6150A": 72.96418319385533,
        "pEW_SiII_6150A_err": 14.46269811925018,
        "v_SiII_6150A": 10.499314547269043,
        "v_SiII_6150A_err": 0.9149654993179076
    },
    "paper_results": {
        "supernova_name": "SN2007ux",
        "v_SiII": 11.1,
        "v_SiII_err": 0.2,
        "pEW_SiII_5972": 54.3,
        "pEW_SiII_5972_err": 7.1,
        "pEW_SiII_6355": 124.1,
        "pEW_SiII_6355_err": 9.6
    }
}