{
    "supernova_name": "SN2002er",
    "metadata": {
        "type": "Ia",
        "redshift": 0.008569
    },
    "analysis_results": {
        "pEW_SiII_6150A": 90.18843244012938,
        "pEW_SiII_6150A_err": 5.352349894377684,
        "v_SiII_6150A": 13.892460478036122,
        "v_SiII_6150A_err": 0.42638992756349786
    },
    "paper_results": {
        "pEW_SiII_6355": 115.2,
        "pEW_SiII_6355_err": 1.2,
        "v_SiII": 12.0,
        "v_SiII_err": 0.0
    }
}