{
    "supernova_name": "SN2012hl",
    "analysis_results": {
        "pEW_SiII_6150A": 116.7741044130117,
        "pEW_SiII_6150A_err": 14.182630253142765,
        "v_SiII_6150A": 13.307892974308904,
        "v_SiII_6150A_err": 0.8974322304036073
    },
    "paper_results": {
        "supernova_name": "SN2012hl",
        "v_SiII": 12.9,
        "v_SiII_err": 0.2,
        "pEW_SiII_5972": 13.3,
        "pEW_SiII_5972_err": 3.4,
        "pEW_SiII_6355": 142.0,
        "pEW_SiII_6355_err": 7.3
    }
}